system:index,date,gpp_mean_kg_C_m2,.geo
1_2001_01_01,2001-01-01,0.01674550539542516,"{""type"":""MultiPoint"",""coordinates"":[]}"
1_2001_01_09,2001-01-09,0.015954878755705445,"{""type"":""MultiPoint"",""coordinates"":[]}"
1_2001_01_17,2001-01-17,0.014990628564133808,"{""type"":""MultiPoint"",""coordinates"":[]}"
1_2001_01_25,2001-01-25,0.012201626054001142,"{""type"":""MultiPoint"",""coordinates"":[]}"
1_2001_02_02,2001-02-02,0.010389314219318924,"{""type"":""MultiPoint"",""coordinates"":[]}"
1_2001_02_10,2001-02-10,0.009584050155785758,"{""type"":""MultiPoint"",""coordinates"":[]}"
1_2001_02_18,2001-02-18,0.006792429089908738,"{""type"":""MultiPoint"",""coordinates"":[]}"
1_2001_02_26,2001-02-26,0.006947464716155971,"{""type"":""MultiPoint"",""coordinates"":[]}"
1_2001_03_06,2001-03-06,0.006471411109116161,"{""type"":""MultiPoint"",""coordinates"":[]}"
1_2001_03_14,2001-03-14,0.004981992270197926,"{""type"":""MultiPoint"",""coordinates"":[]}"
1_2001_03_22,2001-03-22,0.003218194720510397,"{""type"":""MultiPoint"",""coordinates"":[]}"
1_2001_03_30,2001-03-30,0.004558158424813031,"{""type"":""MultiPoint"",""coordinates"":[]}"
1_2001_04_07,2001-04-07,0.004949414757725188,"{""type"":""MultiPoint"",""coordinates"":[]}"
1_2001_04_15,2001-04-15,0.009812438713008327,"{""type"":""MultiPoint"",""coordinates"":[]}"
1_2001_04_23,2001-04-23,0.006313860835306908,"{""type"":""MultiPoint"",""coordinates"":[]}"
1_2001_05_01,2001-05-01,0.006901217561066011,"{""type"":""MultiPoint"",""coordinates"":[]}"
1_2001_05_09,2001-05-09,0.004764638513974767,"{""type"":""MultiPoint"",""coordinates"":[]}"
1_2001_05_17,2001-05-17,0.008048331107290096,"{""type"":""MultiPoint"",""coordinates"":[]}"
1_2001_05_25,2001-05-25,0.008412985165011374,"{""type"":""MultiPoint"",""coordinates"":[]}"
1_2001_06_02,2001-06-02,0.0058751166164849,"{""type"":""MultiPoint"",""coordinates"":[]}"
1_2001_06_10,2001-06-10,0.002180050105423123,"{""type"":""MultiPoint"",""coordinates"":[]}"
1_2001_06_18,2001-06-18,0.0023240374392915087,"{""type"":""MultiPoint"",""coordinates"":[]}"
1_2001_07_04,2001-07-04,0.005052338425390331,"{""type"":""MultiPoint"",""coordinates"":[]}"
1_2001_07_12,2001-07-12,0.00802122621172079,"{""type"":""MultiPoint"",""coordinates"":[]}"
1_2001_07_20,2001-07-20,0.006646431622562545,"{""type"":""MultiPoint"",""coordinates"":[]}"
1_2001_07_28,2001-07-28,0.004965612728654237,"{""type"":""MultiPoint"",""coordinates"":[]}"
1_2001_08_05,2001-08-05,0.0074505630449656505,"{""type"":""MultiPoint"",""coordinates"":[]}"
1_2001_08_13,2001-08-13,0.008845821664861083,"{""type"":""MultiPoint"",""coordinates"":[]}"
1_2001_08_21,2001-08-21,0.010022945180168663,"{""type"":""MultiPoint"",""coordinates"":[]}"
1_2001_08_29,2001-08-29,0.015351360146919275,"{""type"":""MultiPoint"",""coordinates"":[]}"
1_2001_09_06,2001-09-06,0.012051045080242986,"{""type"":""MultiPoint"",""coordinates"":[]}"
1_2001_09_14,2001-09-14,0.010516863516590263,"{""type"":""MultiPoint"",""coordinates"":[]}"
1_2001_09_22,2001-09-22,0.01296974338845709,"{""type"":""MultiPoint"",""coordinates"":[]}"
1_2001_09_30,2001-09-30,0.01862549000931698,"{""type"":""MultiPoint"",""coordinates"":[]}"
1_2001_10_08,2001-10-08,0.01740588830080466,"{""type"":""MultiPoint"",""coordinates"":[]}"
1_2001_10_16,2001-10-16,0.02598295742067715,"{""type"":""MultiPoint"",""coordinates"":[]}"
1_2001_10_24,2001-10-24,0.03332137740626161,"{""type"":""MultiPoint"",""coordinates"":[]}"
1_2001_11_01,2001-11-01,0.025445106821416888,"{""type"":""MultiPoint"",""coordinates"":[]}"
1_2001_11_09,2001-11-09,0.02868649111769897,"{""type"":""MultiPoint"",""coordinates"":[]}"
1_2001_11_17,2001-11-17,0.028224201695286083,"{""type"":""MultiPoint"",""coordinates"":[]}"
1_2001_11_25,2001-11-25,0.02627100383429472,"{""type"":""MultiPoint"",""coordinates"":[]}"
1_2001_12_03,2001-12-03,0.026776677352971193,"{""type"":""MultiPoint"",""coordinates"":[]}"
1_2001_12_11,2001-12-11,0.023812907430923316,"{""type"":""MultiPoint"",""coordinates"":[]}"
1_2001_12_19,2001-12-19,0.010134170549446387,"{""type"":""MultiPoint"",""coordinates"":[]}"
1_2001_12_27,2001-12-27,0.00983916074209539,"{""type"":""MultiPoint"",""coordinates"":[]}"
1_2002_01_01,2002-01-01,0.017889555738534454,"{""type"":""MultiPoint"",""coordinates"":[]}"
1_2002_01_09,2002-01-09,0.019168106847416957,"{""type"":""MultiPoint"",""coordinates"":[]}"
1_2002_01_17,2002-01-17,0.018377345048244415,"{""type"":""MultiPoint"",""coordinates"":[]}"
1_2002_01_25,2002-01-25,0.01538241086119369,"{""type"":""MultiPoint"",""coordinates"":[]}"
1_2002_02_02,2002-02-02,0.016816789882121014,"{""type"":""MultiPoint"",""coordinates"":[]}"
1_2002_02_10,2002-02-10,0.01787532463245243,"{""type"":""MultiPoint"",""coordinates"":[]}"
1_2002_02_18,2002-02-18,0.015540694030076237,"{""type"":""MultiPoint"",""coordinates"":[]}"
1_2002_02_26,2002-02-26,0.012295949003818196,"{""type"":""MultiPoint"",""coordinates"":[]}"
1_2002_03_06,2002-03-06,0.011005362500437528,"{""type"":""MultiPoint"",""coordinates"":[]}"
1_2002_03_14,2002-03-14,0.009793778401756546,"{""type"":""MultiPoint"",""coordinates"":[]}"
1_2002_03_22,2002-03-22,0.007820917332859298,"{""type"":""MultiPoint"",""coordinates"":[]}"
1_2002_03_30,2002-03-30,0.006965545696567573,"{""type"":""MultiPoint"",""coordinates"":[]}"
1_2002_04_07,2002-04-07,0.00550935519605398,"{""type"":""MultiPoint"",""coordinates"":[]}"
1_2002_04_15,2002-04-15,0.003118157634574481,"{""type"":""MultiPoint"",""coordinates"":[]}"
1_2002_04_23,2002-04-23,0.0015879483759267574,"{""type"":""MultiPoint"",""coordinates"":[]}"
1_2002_05_01,2002-05-01,0.0038331930847575356,"{""type"":""MultiPoint"",""coordinates"":[]}"
1_2002_05_09,2002-05-09,0.006277227843175027,"{""type"":""MultiPoint"",""coordinates"":[]}"
1_2002_05_17,2002-05-17,0.00832889504178528,"{""type"":""MultiPoint"",""coordinates"":[]}"
1_2002_05_25,2002-05-25,0.009136208197967257,"{""type"":""MultiPoint"",""coordinates"":[]}"
1_2002_06_02,2002-06-02,0.011439570540152813,"{""type"":""MultiPoint"",""coordinates"":[]}"
1_2002_06_10,2002-06-10,0.0074156810044465815,"{""type"":""MultiPoint"",""coordinates"":[]}"
1_2002_06_18,2002-06-18,0.005357992991648383,"{""type"":""MultiPoint"",""coordinates"":[]}"
1_2002_06_26,2002-06-26,0.01509298183720649,"{""type"":""MultiPoint"",""coordinates"":[]}"
1_2002_07_04,2002-07-04,0.013942296049359652,"{""type"":""MultiPoint"",""coordinates"":[]}"
1_2002_07_12,2002-07-12,0.010401242430037164,"{""type"":""MultiPoint"",""coordinates"":[]}"
1_2002_07_20,2002-07-20,0.010240423741878278,"{""type"":""MultiPoint"",""coordinates"":[]}"
1_2002_07_28,2002-07-28,0.009160334707993725,"{""type"":""MultiPoint"",""coordinates"":[]}"
1_2002_08_05,2002-08-05,0.004090917768923118,"{""type"":""MultiPoint"",""coordinates"":[]}"
1_2002_08_13,2002-08-13,0.010421642658222985,"{""type"":""MultiPoint"",""coordinates"":[]}"
1_2002_08_21,2002-08-21,0.015056148680312246,"{""type"":""MultiPoint"",""coordinates"":[]}"
1_2002_08_29,2002-08-29,0.011203254073362133,"{""type"":""MultiPoint"",""coordinates"":[]}"
1_2002_09_06,2002-09-06,0.014696625881008844,"{""type"":""MultiPoint"",""coordinates"":[]}"
1_2002_09_14,2002-09-14,0.016872464383477885,"{""type"":""MultiPoint"",""coordinates"":[]}"
1_2002_09_22,2002-09-22,0.01725606864306852,"{""type"":""MultiPoint"",""coordinates"":[]}"
1_2002_09_30,2002-09-30,0.020344460325417785,"{""type"":""MultiPoint"",""coordinates"":[]}"
1_2002_10_08,2002-10-08,0.008631136458228368,"{""type"":""MultiPoint"",""coordinates"":[]}"
1_2002_10_16,2002-10-16,0.019957209887767814,"{""type"":""MultiPoint"",""coordinates"":[]}"
1_2002_10_24,2002-10-24,0.009890140643012305,"{""type"":""MultiPoint"",""coordinates"":[]}"
1_2002_11_01,2002-11-01,0.027576592545634798,"{""type"":""MultiPoint"",""coordinates"":[]}"
1_2002_11_09,2002-11-09,0.02590610691129006,"{""type"":""MultiPoint"",""coordinates"":[]}"
1_2002_11_17,2002-11-17,0.02679649665857992,"{""type"":""MultiPoint"",""coordinates"":[]}"
1_2002_11_25,2002-11-25,0.024403121892657153,"{""type"":""MultiPoint"",""coordinates"":[]}"
1_2002_12_03,2002-12-03,0.019737500708860756,"{""type"":""MultiPoint"",""coordinates"":[]}"
1_2002_12_11,2002-12-11,0.02071398313291115,"{""type"":""MultiPoint"",""coordinates"":[]}"
1_2002_12_19,2002-12-19,0.017887366102165136,"{""type"":""MultiPoint"",""coordinates"":[]}"
1_2002_12_27,2002-12-27,0.009248627702651741,"{""type"":""MultiPoint"",""coordinates"":[]}"
1_2003_01_01,2003-01-01,0.016534476265308302,"{""type"":""MultiPoint"",""coordinates"":[]}"
1_2003_01_09,2003-01-09,0.010998599486427372,"{""type"":""MultiPoint"",""coordinates"":[]}"
1_2003_01_17,2003-01-17,0.013241798250257503,"{""type"":""MultiPoint"",""coordinates"":[]}"
1_2003_01_25,2003-01-25,0.011698389929904383,"{""type"":""MultiPoint"",""coordinates"":[]}"
1_2003_02_02,2003-02-02,0.01235780029935012,"{""type"":""MultiPoint"",""coordinates"":[]}"
1_2003_02_10,2003-02-10,0.009165432447809381,"{""type"":""MultiPoint"",""coordinates"":[]}"
1_2003_02_18,2003-02-18,0.007922049764146885,"{""type"":""MultiPoint"",""coordinates"":[]}"
1_2003_02_26,2003-02-26,0.005392252258679758,"{""type"":""MultiPoint"",""coordinates"":[]}"
1_2003_03_06,2003-03-06,0.0055062749598176995,"{""type"":""MultiPoint"",""coordinates"":[]}"
1_2003_03_14,2003-03-14,0.007460034442936728,"{""type"":""MultiPoint"",""coordinates"":[]}"
1_2003_03_22,2003-03-22,0.004313703565551843,"{""type"":""MultiPoint"",""coordinates"":[]}"
1_2003_03_30,2003-03-30,0.003026868735030757,"{""type"":""MultiPoint"",""coordinates"":[]}"
1_2003_04_07,2003-04-07,0.004292312539960058,"{""type"":""MultiPoint"",""coordinates"":[]}"
1_2003_04_15,2003-04-15,0.002741457321693237,"{""type"":""MultiPoint"",""coordinates"":[]}"
1_2003_04_23,2003-04-23,0.002392512822439344,"{""type"":""MultiPoint"",""coordinates"":[]}"
1_2003_05_01,2003-05-01,0.0020283792422349425,"{""type"":""MultiPoint"",""coordinates"":[]}"
1_2003_05_09,2003-05-09,0.0014925316059592856,"{""type"":""MultiPoint"",""coordinates"":[]}"
1_2003_05_17,2003-05-17,0.002475407044505918,"{""type"":""MultiPoint"",""coordinates"":[]}"
1_2003_05_25,2003-05-25,0.002283318852450874,"{""type"":""MultiPoint"",""coordinates"":[]}"
1_2003_06_02,2003-06-02,0.004252962028014271,"{""type"":""MultiPoint"",""coordinates"":[]}"
1_2003_06_10,2003-06-10,0.006016149701889096,"{""type"":""MultiPoint"",""coordinates"":[]}"
1_2003_06_18,2003-06-18,0.006077665816512056,"{""type"":""MultiPoint"",""coordinates"":[]}"
1_2003_06_26,2003-06-26,0.006043030904673757,"{""type"":""MultiPoint"",""coordinates"":[]}"
1_2003_07_04,2003-07-04,0.0037524183449170155,"{""type"":""MultiPoint"",""coordinates"":[]}"
1_2003_07_12,2003-07-12,0.006756069431259458,"{""type"":""MultiPoint"",""coordinates"":[]}"
1_2003_07_20,2003-07-20,0.005942165419447272,"{""type"":""MultiPoint"",""coordinates"":[]}"
1_2003_07_28,2003-07-28,0.007655195439709443,"{""type"":""MultiPoint"",""coordinates"":[]}"
1_2003_08_05,2003-08-05,0.009061824758051309,"{""type"":""MultiPoint"",""coordinates"":[]}"
1_2003_08_13,2003-08-13,0.007830537888355414,"{""type"":""MultiPoint"",""coordinates"":[]}"
1_2003_08_21,2003-08-21,0.009065481320787818,"{""type"":""MultiPoint"",""coordinates"":[]}"
1_2003_08_29,2003-08-29,0.011329594515498757,"{""type"":""MultiPoint"",""coordinates"":[]}"
1_2003_09_06,2003-09-06,0.015385847513440975,"{""type"":""MultiPoint"",""coordinates"":[]}"
1_2003_09_14,2003-09-14,0.013450637211718644,"{""type"":""MultiPoint"",""coordinates"":[]}"
1_2003_09_22,2003-09-22,0.011174638066650807,"{""type"":""MultiPoint"",""coordinates"":[]}"
1_2003_09_30,2003-09-30,0.015222395544692678,"{""type"":""MultiPoint"",""coordinates"":[]}"
1_2003_10_08,2003-10-08,0.02229366590024498,"{""type"":""MultiPoint"",""coordinates"":[]}"
1_2003_10_16,2003-10-16,0.012268110460812977,"{""type"":""MultiPoint"",""coordinates"":[]}"
1_2003_10_24,2003-10-24,0.030632324820390012,"{""type"":""MultiPoint"",""coordinates"":[]}"
1_2003_11_01,2003-11-01,0.031487238758087205,"{""type"":""MultiPoint"",""coordinates"":[]}"
1_2003_11_09,2003-11-09,0.029560572690584368,"{""type"":""MultiPoint"",""coordinates"":[]}"
1_2003_11_17,2003-11-17,0.02607633852283901,"{""type"":""MultiPoint"",""coordinates"":[]}"
1_2003_11_25,2003-11-25,0.024147952417199657,"{""type"":""MultiPoint"",""coordinates"":[]}"
1_2003_12_03,2003-12-03,0.023288688953304285,"{""type"":""MultiPoint"",""coordinates"":[]}"
1_2003_12_11,2003-12-11,0.01536513715756893,"{""type"":""MultiPoint"",""coordinates"":[]}"
1_2003_12_19,2003-12-19,0.006221581491506639,"{""type"":""MultiPoint"",""coordinates"":[]}"
1_2003_12_27,2003-12-27,0.010614312786244518,"{""type"":""MultiPoint"",""coordinates"":[]}"
1_2004_01_01,2004-01-01,0.015276703537299546,"{""type"":""MultiPoint"",""coordinates"":[]}"
1_2004_01_09,2004-01-09,0.016831907089238346,"{""type"":""MultiPoint"",""coordinates"":[]}"
1_2004_01_17,2004-01-17,0.014355643608352443,"{""type"":""MultiPoint"",""coordinates"":[]}"
1_2004_01_25,2004-01-25,0.012942497488536433,"{""type"":""MultiPoint"",""coordinates"":[]}"
1_2004_02_02,2004-02-02,0.01371580593276685,"{""type"":""MultiPoint"",""coordinates"":[]}"
1_2004_02_10,2004-02-10,0.014014065002444362,"{""type"":""MultiPoint"",""coordinates"":[]}"
1_2004_02_18,2004-02-18,0.008909539458801095,"{""type"":""MultiPoint"",""coordinates"":[]}"
1_2004_02_26,2004-02-26,0.006161393474103453,"{""type"":""MultiPoint"",""coordinates"":[]}"
1_2004_03_05,2004-03-05,0.0061394617288084655,"{""type"":""MultiPoint"",""coordinates"":[]}"
1_2004_03_13,2004-03-13,0.0030068331016188956,"{""type"":""MultiPoint"",""coordinates"":[]}"
1_2004_03_21,2004-03-21,0.004450186243462133,"{""type"":""MultiPoint"",""coordinates"":[]}"
1_2004_03_29,2004-03-29,0.006307459667637412,"{""type"":""MultiPoint"",""coordinates"":[]}"
1_2004_04_06,2004-04-06,0.005536265295773304,"{""type"":""MultiPoint"",""coordinates"":[]}"
1_2004_04_14,2004-04-14,0.002237756584417077,"{""type"":""MultiPoint"",""coordinates"":[]}"
1_2004_04_22,2004-04-22,0.004138039186824086,"{""type"":""MultiPoint"",""coordinates"":[]}"
1_2004_04_30,2004-04-30,0.005405598645621158,"{""type"":""MultiPoint"",""coordinates"":[]}"
1_2004_05_08,2004-05-08,0.009805425217944867,"{""type"":""MultiPoint"",""coordinates"":[]}"
1_2004_05_16,2004-05-16,0.011776990602712317,"{""type"":""MultiPoint"",""coordinates"":[]}"
1_2004_05_24,2004-05-24,0.010583645368372745,"{""type"":""MultiPoint"",""coordinates"":[]}"
1_2004_06_01,2004-06-01,0.012236748078296996,"{""type"":""MultiPoint"",""coordinates"":[]}"
1_2004_06_09,2004-06-09,0.007315907665744102,"{""type"":""MultiPoint"",""coordinates"":[]}"
1_2004_06_17,2004-06-17,0.01349723919108178,"{""type"":""MultiPoint"",""coordinates"":[]}"
1_2004_06_25,2004-06-25,0.00945652888024988,"{""type"":""MultiPoint"",""coordinates"":[]}"
1_2004_07_03,2004-07-03,0.006962330787100413,"{""type"":""MultiPoint"",""coordinates"":[]}"
1_2004_07_11,2004-07-11,0.011006653921170065,"{""type"":""MultiPoint"",""coordinates"":[]}"
1_2004_07_19,2004-07-19,0.010730725109379478,"{""type"":""MultiPoint"",""coordinates"":[]}"
1_2004_07_27,2004-07-27,0.009346156615453361,"{""type"":""MultiPoint"",""coordinates"":[]}"
1_2004_08_04,2004-08-04,0.015117472665628157,"{""type"":""MultiPoint"",""coordinates"":[]}"
1_2004_08_12,2004-08-12,0.015994689796566396,"{""type"":""MultiPoint"",""coordinates"":[]}"
1_2004_08_20,2004-08-20,0.01942143177098811,"{""type"":""MultiPoint"",""coordinates"":[]}"
1_2004_08_28,2004-08-28,0.01597911675897398,"{""type"":""MultiPoint"",""coordinates"":[]}"
1_2004_09_05,2004-09-05,0.013634308805365824,"{""type"":""MultiPoint"",""coordinates"":[]}"
1_2004_09_13,2004-09-13,0.01863405807864348,"{""type"":""MultiPoint"",""coordinates"":[]}"
1_2004_09_21,2004-09-21,0.01888181471731222,"{""type"":""MultiPoint"",""coordinates"":[]}"
1_2004_09_29,2004-09-29,0.0220318244161605,"{""type"":""MultiPoint"",""coordinates"":[]}"
1_2004_10_07,2004-10-07,0.03131897011137753,"{""type"":""MultiPoint"",""coordinates"":[]}"
1_2004_10_15,2004-10-15,0.027958357105319267,"{""type"":""MultiPoint"",""coordinates"":[]}"
1_2004_10_23,2004-10-23,0.025347490869776088,"{""type"":""MultiPoint"",""coordinates"":[]}"
1_2004_10_31,2004-10-31,0.0164884684184029,"{""type"":""MultiPoint"",""coordinates"":[]}"
1_2004_11_08,2004-11-08,0.023050391644066408,"{""type"":""MultiPoint"",""coordinates"":[]}"
1_2004_11_16,2004-11-16,0.024833935376706147,"{""type"":""MultiPoint"",""coordinates"":[]}"
1_2004_11_24,2004-11-24,0.022508895752180347,"{""type"":""MultiPoint"",""coordinates"":[]}"
1_2004_12_02,2004-12-02,0.02083786592804648,"{""type"":""MultiPoint"",""coordinates"":[]}"
1_2004_12_10,2004-12-10,0.02000091269993211,"{""type"":""MultiPoint"",""coordinates"":[]}"
1_2004_12_18,2004-12-18,0.01684378510138324,"{""type"":""MultiPoint"",""coordinates"":[]}"
1_2004_12_26,2004-12-26,0.01254482142963181,"{""type"":""MultiPoint"",""coordinates"":[]}"
1_2005_01_01,2005-01-01,0.013846961425303974,"{""type"":""MultiPoint"",""coordinates"":[]}"
1_2005_01_09,2005-01-09,0.014096024040652315,"{""type"":""MultiPoint"",""coordinates"":[]}"
1_2005_01_17,2005-01-17,0.013071348058929802,"{""type"":""MultiPoint"",""coordinates"":[]}"
1_2005_01_25,2005-01-25,0.010130833792771061,"{""type"":""MultiPoint"",""coordinates"":[]}"
1_2005_02_02,2005-02-02,0.013785388540433857,"{""type"":""MultiPoint"",""coordinates"":[]}"
1_2005_02_10,2005-02-10,0.01060806569461814,"{""type"":""MultiPoint"",""coordinates"":[]}"
1_2005_02_18,2005-02-18,0.009647853596434877,"{""type"":""MultiPoint"",""coordinates"":[]}"
1_2005_02_26,2005-02-26,0.008155664587548113,"{""type"":""MultiPoint"",""coordinates"":[]}"
1_2005_03_06,2005-03-06,0.007995525714384047,"{""type"":""MultiPoint"",""coordinates"":[]}"
1_2005_03_14,2005-03-14,0.006721978852520644,"{""type"":""MultiPoint"",""coordinates"":[]}"
1_2005_03_22,2005-03-22,0.003720965694025229,"{""type"":""MultiPoint"",""coordinates"":[]}"
1_2005_03_30,2005-03-30,0.005987864372136676,"{""type"":""MultiPoint"",""coordinates"":[]}"
1_2005_04_07,2005-04-07,0.006878979178647179,"{""type"":""MultiPoint"",""coordinates"":[]}"
1_2005_04_15,2005-04-15,0.005831681303140232,"{""type"":""MultiPoint"",""coordinates"":[]}"
1_2005_04_23,2005-04-23,0.006145709096813191,"{""type"":""MultiPoint"",""coordinates"":[]}"
1_2005_05_01,2005-05-01,0.006845172717280591,"{""type"":""MultiPoint"",""coordinates"":[]}"
1_2005_05_09,2005-05-09,0.0036595443977922608,"{""type"":""MultiPoint"",""coordinates"":[]}"
1_2005_05_17,2005-05-17,0.003331804839330636,"{""type"":""MultiPoint"",""coordinates"":[]}"
1_2005_05_25,2005-05-25,0.006833648935705968,"{""type"":""MultiPoint"",""coordinates"":[]}"
1_2005_06_02,2005-06-02,0.0074347330314185394,"{""type"":""MultiPoint"",""coordinates"":[]}"
1_2005_06_10,2005-06-10,0.010123652520441298,"{""type"":""MultiPoint"",""coordinates"":[]}"
1_2005_06_18,2005-06-18,0.0074829050673735084,"{""type"":""MultiPoint"",""coordinates"":[]}"
1_2005_06_26,2005-06-26,0.006625818362645863,"{""type"":""MultiPoint"",""coordinates"":[]}"
1_2005_07_04,2005-07-04,0.007388134409545448,"{""type"":""MultiPoint"",""coordinates"":[]}"
1_2005_07_12,2005-07-12,0.0067544757442825655,"{""type"":""MultiPoint"",""coordinates"":[]}"
1_2005_07_20,2005-07-20,0.00543193631373393,"{""type"":""MultiPoint"",""coordinates"":[]}"
1_2005_07_28,2005-07-28,0.0084825595478517,"{""type"":""MultiPoint"",""coordinates"":[]}"
1_2005_08_05,2005-08-05,0.012471715504500634,"{""type"":""MultiPoint"",""coordinates"":[]}"
1_2005_08_13,2005-08-13,0.013418579859440576,"{""type"":""MultiPoint"",""coordinates"":[]}"
1_2005_08_21,2005-08-21,0.018221409496906486,"{""type"":""MultiPoint"",""coordinates"":[]}"
1_2005_08_29,2005-08-29,0.018825001903942096,"{""type"":""MultiPoint"",""coordinates"":[]}"
1_2005_09_06,2005-09-06,0.014314067597332225,"{""type"":""MultiPoint"",""coordinates"":[]}"
1_2005_09_14,2005-09-14,0.02019440007996585,"{""type"":""MultiPoint"",""coordinates"":[]}"
1_2005_09_22,2005-09-22,0.02361330217145618,"{""type"":""MultiPoint"",""coordinates"":[]}"
1_2005_09_30,2005-09-30,0.028930913922139548,"{""type"":""MultiPoint"",""coordinates"":[]}"
1_2005_10_08,2005-10-08,0.022410832619695748,"{""type"":""MultiPoint"",""coordinates"":[]}"
1_2005_10_16,2005-10-16,0.02554225576971302,"{""type"":""MultiPoint"",""coordinates"":[]}"
1_2005_10_24,2005-10-24,0.007763742836927626,"{""type"":""MultiPoint"",""coordinates"":[]}"
1_2005_11_01,2005-11-01,0.023520729364588776,"{""type"":""MultiPoint"",""coordinates"":[]}"
1_2005_11_09,2005-11-09,0.03344576634304359,"{""type"":""MultiPoint"",""coordinates"":[]}"
1_2005_11_17,2005-11-17,0.02508305816073841,"{""type"":""MultiPoint"",""coordinates"":[]}"
1_2005_11_25,2005-11-25,0.028265022557625315,"{""type"":""MultiPoint"",""coordinates"":[]}"
1_2005_12_03,2005-12-03,0.023771930716551412,"{""type"":""MultiPoint"",""coordinates"":[]}"
1_2005_12_11,2005-12-11,0.022242770801545922,"{""type"":""MultiPoint"",""coordinates"":[]}"
1_2005_12_19,2005-12-19,0.0224518499054483,"{""type"":""MultiPoint"",""coordinates"":[]}"
1_2005_12_27,2005-12-27,0.01576976616923289,"{""type"":""MultiPoint"",""coordinates"":[]}"
1_2006_01_01,2006-01-01,0.022409544208421825,"{""type"":""MultiPoint"",""coordinates"":[]}"
1_2006_01_09,2006-01-09,0.021538485686958257,"{""type"":""MultiPoint"",""coordinates"":[]}"
1_2006_01_17,2006-01-17,0.01800012736966692,"{""type"":""MultiPoint"",""coordinates"":[]}"
1_2006_01_25,2006-01-25,0.020283791470377694,"{""type"":""MultiPoint"",""coordinates"":[]}"
1_2006_02_02,2006-02-02,0.018139648816761014,"{""type"":""MultiPoint"",""coordinates"":[]}"
1_2006_02_10,2006-02-10,0.01533333589580742,"{""type"":""MultiPoint"",""coordinates"":[]}"
1_2006_02_18,2006-02-18,0.011943220106411528,"{""type"":""MultiPoint"",""coordinates"":[]}"
1_2006_02_26,2006-02-26,0.012461686916700042,"{""type"":""MultiPoint"",""coordinates"":[]}"
1_2006_03_06,2006-03-06,0.01273489429842942,"{""type"":""MultiPoint"",""coordinates"":[]}"
1_2006_03_14,2006-03-14,0.014069624811729449,"{""type"":""MultiPoint"",""coordinates"":[]}"
1_2006_03_22,2006-03-22,0.007136326626269213,"{""type"":""MultiPoint"",""coordinates"":[]}"
1_2006_03_30,2006-03-30,0.00606946882662458,"{""type"":""MultiPoint"",""coordinates"":[]}"
1_2006_04_07,2006-04-07,0.004284132332405467,"{""type"":""MultiPoint"",""coordinates"":[]}"
1_2006_04_15,2006-04-15,0.008628016172661445,"{""type"":""MultiPoint"",""coordinates"":[]}"
1_2006_04_23,2006-04-23,0.0028489264322716507,"{""type"":""MultiPoint"",""coordinates"":[]}"
1_2006_05_01,2006-05-01,0.0047145400054168,"{""type"":""MultiPoint"",""coordinates"":[]}"
1_2006_05_09,2006-05-09,0.005455969904195071,"{""type"":""MultiPoint"",""coordinates"":[]}"
1_2006_05_17,2006-05-17,0.008153645814673866,"{""type"":""MultiPoint"",""coordinates"":[]}"
1_2006_05_25,2006-05-25,0.006265929463840173,"{""type"":""MultiPoint"",""coordinates"":[]}"
1_2006_06_02,2006-06-02,0.01193489830080322,"{""type"":""MultiPoint"",""coordinates"":[]}"
1_2006_06_10,2006-06-10,0.010948972469809052,"{""type"":""MultiPoint"",""coordinates"":[]}"
1_2006_06_18,2006-06-18,0.00911227673969695,"{""type"":""MultiPoint"",""coordinates"":[]}"
1_2006_06_26,2006-06-26,0.009512674228662659,"{""type"":""MultiPoint"",""coordinates"":[]}"
1_2006_07_04,2006-07-04,0.012288891687366108,"{""type"":""MultiPoint"",""coordinates"":[]}"
1_2006_07_12,2006-07-12,0.008543462029958595,"{""type"":""MultiPoint"",""coordinates"":[]}"
1_2006_07_20,2006-07-20,0.008856737469447358,"{""type"":""MultiPoint"",""coordinates"":[]}"
1_2006_07_28,2006-07-28,0.00712293879274882,"{""type"":""MultiPoint"",""coordinates"":[]}"
1_2006_08_05,2006-08-05,0.008354340129316785,"{""type"":""MultiPoint"",""coordinates"":[]}"
1_2006_08_13,2006-08-13,0.011348882871906696,"{""type"":""MultiPoint"",""coordinates"":[]}"
1_2006_08_21,2006-08-21,0.01170556604828144,"{""type"":""MultiPoint"",""coordinates"":[]}"
1_2006_08_29,2006-08-29,0.012504222545506257,"{""type"":""MultiPoint"",""coordinates"":[]}"
1_2006_09_06,2006-09-06,0.012491367647019747,"{""type"":""MultiPoint"",""coordinates"":[]}"
1_2006_09_14,2006-09-14,0.00833871743567179,"{""type"":""MultiPoint"",""coordinates"":[]}"
1_2006_09_22,2006-09-22,0.017306023373249855,"{""type"":""MultiPoint"",""coordinates"":[]}"
1_2006_09_30,2006-09-30,0.02028843698799574,"{""type"":""MultiPoint"",""coordinates"":[]}"
1_2006_10_08,2006-10-08,0.02759183799249844,"{""type"":""MultiPoint"",""coordinates"":[]}"
1_2006_10_16,2006-10-16,0.027211608286940983,"{""type"":""MultiPoint"",""coordinates"":[]}"
1_2006_10_24,2006-10-24,0.014910502823055201,"{""type"":""MultiPoint"",""coordinates"":[]}"
1_2006_11_01,2006-11-01,0.01791786031243888,"{""type"":""MultiPoint"",""coordinates"":[]}"
1_2006_11_09,2006-11-09,0.022694051392324655,"{""type"":""MultiPoint"",""coordinates"":[]}"
1_2006_11_17,2006-11-17,0.026157699789604014,"{""type"":""MultiPoint"",""coordinates"":[]}"
1_2006_11_25,2006-11-25,0.02771224652740282,"{""type"":""MultiPoint"",""coordinates"":[]}"
1_2006_12_03,2006-12-03,0.02517622448077194,"{""type"":""MultiPoint"",""coordinates"":[]}"
1_2006_12_11,2006-12-11,0.022150859369067213,"{""type"":""MultiPoint"",""coordinates"":[]}"
1_2006_12_19,2006-12-19,0.01726992217481008,"{""type"":""MultiPoint"",""coordinates"":[]}"
1_2006_12_27,2006-12-27,0.011976437445965092,"{""type"":""MultiPoint"",""coordinates"":[]}"
1_2007_01_01,2007-01-01,0.01803586402963106,"{""type"":""MultiPoint"",""coordinates"":[]}"
1_2007_01_09,2007-01-09,0.016493486863103913,"{""type"":""MultiPoint"",""coordinates"":[]}"
1_2007_01_17,2007-01-17,0.014578697093170377,"{""type"":""MultiPoint"",""coordinates"":[]}"
1_2007_01_25,2007-01-25,0.013860780803794773,"{""type"":""MultiPoint"",""coordinates"":[]}"
1_2007_02_02,2007-02-02,0.012091929780958854,"{""type"":""MultiPoint"",""coordinates"":[]}"
1_2007_02_10,2007-02-10,0.01084299260574176,"{""type"":""MultiPoint"",""coordinates"":[]}"
1_2007_02_18,2007-02-18,0.011153905764258376,"{""type"":""MultiPoint"",""coordinates"":[]}"
1_2007_02_26,2007-02-26,0.008358439225639487,"{""type"":""MultiPoint"",""coordinates"":[]}"
1_2007_03_06,2007-03-06,0.0070529620280144895,"{""type"":""MultiPoint"",""coordinates"":[]}"
1_2007_03_14,2007-03-14,0.005354300100458506,"{""type"":""MultiPoint"",""coordinates"":[]}"
1_2007_03_22,2007-03-22,0.003451611037421608,"{""type"":""MultiPoint"",""coordinates"":[]}"
1_2007_03_30,2007-03-30,0.003103046139285391,"{""type"":""MultiPoint"",""coordinates"":[]}"
1_2007_04_07,2007-04-07,0.00425528728958623,"{""type"":""MultiPoint"",""coordinates"":[]}"
1_2007_04_15,2007-04-15,0.005337835659453284,"{""type"":""MultiPoint"",""coordinates"":[]}"
1_2007_04_23,2007-04-23,0.00266434257885146,"{""type"":""MultiPoint"",""coordinates"":[]}"
1_2007_05_01,2007-05-01,0.005669416452848353,"{""type"":""MultiPoint"",""coordinates"":[]}"
1_2007_05_09,2007-05-09,0.006699894213468292,"{""type"":""MultiPoint"",""coordinates"":[]}"
1_2007_05_17,2007-05-17,0.006486235318913196,"{""type"":""MultiPoint"",""coordinates"":[]}"
1_2007_05_25,2007-05-25,0.010396129990965243,"{""type"":""MultiPoint"",""coordinates"":[]}"
1_2007_06_02,2007-06-02,0.008377405611020954,"{""type"":""MultiPoint"",""coordinates"":[]}"
1_2007_06_10,2007-06-10,0.00941635583950488,"{""type"":""MultiPoint"",""coordinates"":[]}"
1_2007_06_18,2007-06-18,0.005055860995605899,"{""type"":""MultiPoint"",""coordinates"":[]}"
1_2007_06_26,2007-06-26,0.009986272773354588,"{""type"":""MultiPoint"",""coordinates"":[]}"
1_2007_07_04,2007-07-04,0.009924790341114927,"{""type"":""MultiPoint"",""coordinates"":[]}"
1_2007_07_12,2007-07-12,0.010777418406334584,"{""type"":""MultiPoint"",""coordinates"":[]}"
1_2007_07_20,2007-07-20,0.011964258636478266,"{""type"":""MultiPoint"",""coordinates"":[]}"
1_2007_07_28,2007-07-28,0.005425700052061158,"{""type"":""MultiPoint"",""coordinates"":[]}"
1_2007_08_05,2007-08-05,0.014321649818480515,"{""type"":""MultiPoint"",""coordinates"":[]}"
1_2007_08_13,2007-08-13,0.017910426593697397,"{""type"":""MultiPoint"",""coordinates"":[]}"
1_2007_08_21,2007-08-21,0.013632372946122162,"{""type"":""MultiPoint"",""coordinates"":[]}"
1_2007_08_29,2007-08-29,0.013569690446569012,"{""type"":""MultiPoint"",""coordinates"":[]}"
1_2007_09_06,2007-09-06,0.023498775017652362,"{""type"":""MultiPoint"",""coordinates"":[]}"
1_2007_09_14,2007-09-14,0.013009145941500341,"{""type"":""MultiPoint"",""coordinates"":[]}"
1_2007_09_22,2007-09-22,0.027826206905129387,"{""type"":""MultiPoint"",""coordinates"":[]}"
1_2007_09_30,2007-09-30,0.028906914582173912,"{""type"":""MultiPoint"",""coordinates"":[]}"
1_2007_10_08,2007-10-08,0.03284071814156319,"{""type"":""MultiPoint"",""coordinates"":[]}"
1_2007_10_16,2007-10-16,0.02706719713647112,"{""type"":""MultiPoint"",""coordinates"":[]}"
1_2007_10_24,2007-10-24,0.00621251950261673,"{""type"":""MultiPoint"",""coordinates"":[]}"
1_2007_11_01,2007-11-01,0.02479019712664355,"{""type"":""MultiPoint"",""coordinates"":[]}"
1_2007_11_09,2007-11-09,0.031211367827177247,"{""type"":""MultiPoint"",""coordinates"":[]}"
1_2007_11_17,2007-11-17,0.02969348780995603,"{""type"":""MultiPoint"",""coordinates"":[]}"
1_2007_11_25,2007-11-25,0.027912150455072136,"{""type"":""MultiPoint"",""coordinates"":[]}"
1_2007_12_03,2007-12-03,0.022534243559505465,"{""type"":""MultiPoint"",""coordinates"":[]}"
1_2007_12_11,2007-12-11,0.02075251806647124,"{""type"":""MultiPoint"",""coordinates"":[]}"
1_2007_12_19,2007-12-19,0.0176806243027836,"{""type"":""MultiPoint"",""coordinates"":[]}"
1_2007_12_27,2007-12-27,0.012364495083631214,"{""type"":""MultiPoint"",""coordinates"":[]}"
1_2008_01_01,2008-01-01,0.021187212466278957,"{""type"":""MultiPoint"",""coordinates"":[]}"
1_2008_01_09,2008-01-09,0.01939187867647802,"{""type"":""MultiPoint"",""coordinates"":[]}"
1_2008_01_17,2008-01-17,0.018365872550285496,"{""type"":""MultiPoint"",""coordinates"":[]}"
1_2008_01_25,2008-01-25,0.015107095113807398,"{""type"":""MultiPoint"",""coordinates"":[]}"
1_2008_02_02,2008-02-02,0.013112507945889943,"{""type"":""MultiPoint"",""coordinates"":[]}"
1_2008_02_10,2008-02-10,0.01266994355322018,"{""type"":""MultiPoint"",""coordinates"":[]}"
1_2008_02_18,2008-02-18,0.016033793430620086,"{""type"":""MultiPoint"",""coordinates"":[]}"
1_2008_02_26,2008-02-26,0.013320049897627001,"{""type"":""MultiPoint"",""coordinates"":[]}"
1_2008_03_05,2008-03-05,0.011417569633630444,"{""type"":""MultiPoint"",""coordinates"":[]}"
1_2008_03_13,2008-03-13,0.012307612796827927,"{""type"":""MultiPoint"",""coordinates"":[]}"
1_2008_03_21,2008-03-21,0.01014379781992432,"{""type"":""MultiPoint"",""coordinates"":[]}"
1_2008_03_29,2008-03-29,0.01767219596851369,"{""type"":""MultiPoint"",""coordinates"":[]}"
1_2008_04_06,2008-04-06,0.014213948841471575,"{""type"":""MultiPoint"",""coordinates"":[]}"
1_2008_04_14,2008-04-14,0.008436659242996507,"{""type"":""MultiPoint"",""coordinates"":[]}"
1_2008_04_22,2008-04-22,0.005996115941711537,"{""type"":""MultiPoint"",""coordinates"":[]}"
1_2008_04_30,2008-04-30,0.004719871167573392,"{""type"":""MultiPoint"",""coordinates"":[]}"
1_2008_05_08,2008-05-08,0.004030107039449035,"{""type"":""MultiPoint"",""coordinates"":[]}"
1_2008_05_16,2008-05-16,0.00669288400935968,"{""type"":""MultiPoint"",""coordinates"":[]}"
1_2008_05_24,2008-05-24,0.008099043504269675,"{""type"":""MultiPoint"",""coordinates"":[]}"
1_2008_06_01,2008-06-01,0.012371692902859345,"{""type"":""MultiPoint"",""coordinates"":[]}"
1_2008_06_09,2008-06-09,0.007161232268510679,"{""type"":""MultiPoint"",""coordinates"":[]}"
1_2008_06_17,2008-06-17,0.009858963971673435,"{""type"":""MultiPoint"",""coordinates"":[]}"
1_2008_06_25,2008-06-25,0.00590659164893897,"{""type"":""MultiPoint"",""coordinates"":[]}"
1_2008_07_03,2008-07-03,0.00946411114746122,"{""type"":""MultiPoint"",""coordinates"":[]}"
1_2008_07_11,2008-07-11,0.00889786591064408,"{""type"":""MultiPoint"",""coordinates"":[]}"
1_2008_07_19,2008-07-19,0.008443828001509857,"{""type"":""MultiPoint"",""coordinates"":[]}"
1_2008_07_27,2008-07-27,0.00912491151273186,"{""type"":""MultiPoint"",""coordinates"":[]}"
1_2008_08_04,2008-08-04,0.006784545902520923,"{""type"":""MultiPoint"",""coordinates"":[]}"
1_2008_08_12,2008-08-12,0.00955725241938905,"{""type"":""MultiPoint"",""coordinates"":[]}"
1_2008_08_20,2008-08-20,0.017694554365853498,"{""type"":""MultiPoint"",""coordinates"":[]}"
1_2008_08_28,2008-08-28,0.020443577269668542,"{""type"":""MultiPoint"",""coordinates"":[]}"
1_2008_09_05,2008-09-05,0.017218444357072253,"{""type"":""MultiPoint"",""coordinates"":[]}"
1_2008_09_13,2008-09-13,0.028352978646566905,"{""type"":""MultiPoint"",""coordinates"":[]}"
1_2008_09_21,2008-09-21,0.02757592183066696,"{""type"":""MultiPoint"",""coordinates"":[]}"
1_2008_09_29,2008-09-29,0.03024050401455454,"{""type"":""MultiPoint"",""coordinates"":[]}"
1_2008_10_07,2008-10-07,0.029663193754209765,"{""type"":""MultiPoint"",""coordinates"":[]}"
1_2008_10_15,2008-10-15,0.01740587991731535,"{""type"":""MultiPoint"",""coordinates"":[]}"
1_2008_10_23,2008-10-23,0.030293493670209386,"{""type"":""MultiPoint"",""coordinates"":[]}"
1_2008_10_31,2008-10-31,0.030380262656047905,"{""type"":""MultiPoint"",""coordinates"":[]}"
1_2008_11_08,2008-11-08,0.025881125827882556,"{""type"":""MultiPoint"",""coordinates"":[]}"
1_2008_11_16,2008-11-16,0.022554533466500017,"{""type"":""MultiPoint"",""coordinates"":[]}"
1_2008_11_24,2008-11-24,0.013802845739089168,"{""type"":""MultiPoint"",""coordinates"":[]}"
1_2008_12_02,2008-12-02,0.026963910266160206,"{""type"":""MultiPoint"",""coordinates"":[]}"
1_2008_12_10,2008-12-10,0.02530332037355787,"{""type"":""MultiPoint"",""coordinates"":[]}"
1_2008_12_18,2008-12-18,0.02087986008990354,"{""type"":""MultiPoint"",""coordinates"":[]}"
1_2008_12_26,2008-12-26,0.015773352869558718,"{""type"":""MultiPoint"",""coordinates"":[]}"
1_2009_01_01,2009-01-01,0.020482184174304675,"{""type"":""MultiPoint"",""coordinates"":[]}"
1_2009_01_09,2009-01-09,0.019891536944368772,"{""type"":""MultiPoint"",""coordinates"":[]}"
1_2009_01_17,2009-01-17,0.017741426019238362,"{""type"":""MultiPoint"",""coordinates"":[]}"
1_2009_01_25,2009-01-25,0.013452994302911955,"{""type"":""MultiPoint"",""coordinates"":[]}"
1_2009_02_02,2009-02-02,0.013419104011771071,"{""type"":""MultiPoint"",""coordinates"":[]}"
1_2009_02_10,2009-02-10,0.01147534837031788,"{""type"":""MultiPoint"",""coordinates"":[]}"
1_2009_02_18,2009-02-18,0.009506763075428146,"{""type"":""MultiPoint"",""coordinates"":[]}"
1_2009_02_26,2009-02-26,0.004300728329703996,"{""type"":""MultiPoint"",""coordinates"":[]}"
1_2009_03_06,2009-03-06,0.005789403034147723,"{""type"":""MultiPoint"",""coordinates"":[]}"
1_2009_03_14,2009-03-14,0.006099826234527166,"{""type"":""MultiPoint"",""coordinates"":[]}"
1_2009_03_22,2009-03-22,0.005820348028426497,"{""type"":""MultiPoint"",""coordinates"":[]}"
1_2009_03_30,2009-03-30,0.00259335889973413,"{""type"":""MultiPoint"",""coordinates"":[]}"
1_2009_04_07,2009-04-07,0.003716992350040561,"{""type"":""MultiPoint"",""coordinates"":[]}"
1_2009_04_15,2009-04-15,0.0036092172881674444,"{""type"":""MultiPoint"",""coordinates"":[]}"
1_2009_04_23,2009-04-23,0.0026143577796835767,"{""type"":""MultiPoint"",""coordinates"":[]}"
1_2009_05_01,2009-05-01,0.002871929790171264,"{""type"":""MultiPoint"",""coordinates"":[]}"
1_2009_05_09,2009-05-09,0.0034668553071170844,"{""type"":""MultiPoint"",""coordinates"":[]}"
1_2009_05_17,2009-05-17,0.006515117360660607,"{""type"":""MultiPoint"",""coordinates"":[]}"
1_2009_05_25,2009-05-25,0.0093810143039315,"{""type"":""MultiPoint"",""coordinates"":[]}"
1_2009_06_02,2009-06-02,0.010756302520922106,"{""type"":""MultiPoint"",""coordinates"":[]}"
1_2009_06_10,2009-06-10,0.010197555475871721,"{""type"":""MultiPoint"",""coordinates"":[]}"
1_2009_06_18,2009-06-18,0.012803462094447262,"{""type"":""MultiPoint"",""coordinates"":[]}"
1_2009_06_26,2009-06-26,0.012822370230445064,"{""type"":""MultiPoint"",""coordinates"":[]}"
1_2009_07_04,2009-07-04,0.0075562307187425045,"{""type"":""MultiPoint"",""coordinates"":[]}"
1_2009_07_12,2009-07-12,0.004963493707060506,"{""type"":""MultiPoint"",""coordinates"":[]}"
1_2009_07_20,2009-07-20,0.010719984416332169,"{""type"":""MultiPoint"",""coordinates"":[]}"
1_2009_07_28,2009-07-28,0.009065113829154566,"{""type"":""MultiPoint"",""coordinates"":[]}"
1_2009_08_05,2009-08-05,0.010743630011949655,"{""type"":""MultiPoint"",""coordinates"":[]}"
1_2009_08_13,2009-08-13,0.005037474596184238,"{""type"":""MultiPoint"",""coordinates"":[]}"
1_2009_08_21,2009-08-21,0.008527532878325089,"{""type"":""MultiPoint"",""coordinates"":[]}"
1_2009_08_29,2009-08-29,0.012702197328911806,"{""type"":""MultiPoint"",""coordinates"":[]}"
1_2009_09_06,2009-09-06,0.02246287193672548,"{""type"":""MultiPoint"",""coordinates"":[]}"
1_2009_09_14,2009-09-14,0.019956268321609103,"{""type"":""MultiPoint"",""coordinates"":[]}"
1_2009_09_22,2009-09-22,0.01941554673554698,"{""type"":""MultiPoint"",""coordinates"":[]}"
1_2009_09_30,2009-09-30,0.021950670382289074,"{""type"":""MultiPoint"",""coordinates"":[]}"
1_2009_10_08,2009-10-08,0.030109766283878653,"{""type"":""MultiPoint"",""coordinates"":[]}"
1_2009_10_16,2009-10-16,0.027741202254800125,"{""type"":""MultiPoint"",""coordinates"":[]}"
1_2009_10_24,2009-10-24,0.025024870388594873,"{""type"":""MultiPoint"",""coordinates"":[]}"
1_2009_11_01,2009-11-01,0.019750780723952175,"{""type"":""MultiPoint"",""coordinates"":[]}"
1_2009_11_09,2009-11-09,0.019605441345157567,"{""type"":""MultiPoint"",""coordinates"":[]}"
1_2009_11_17,2009-11-17,0.017684271483996195,"{""type"":""MultiPoint"",""coordinates"":[]}"
1_2009_11_25,2009-11-25,0.028854110182182518,"{""type"":""MultiPoint"",""coordinates"":[]}"
1_2009_12_03,2009-12-03,0.026728361538638383,"{""type"":""MultiPoint"",""coordinates"":[]}"
1_2009_12_11,2009-12-11,0.020257705757339237,"{""type"":""MultiPoint"",""coordinates"":[]}"
1_2009_12_19,2009-12-19,0.02054671758757798,"{""type"":""MultiPoint"",""coordinates"":[]}"
1_2009_12_27,2009-12-27,0.010392008948120797,"{""type"":""MultiPoint"",""coordinates"":[]}"
1_2010_01_01,2010-01-01,0.021514109919111603,"{""type"":""MultiPoint"",""coordinates"":[]}"
1_2010_01_09,2010-01-09,0.01670498794067275,"{""type"":""MultiPoint"",""coordinates"":[]}"
1_2010_01_17,2010-01-17,0.01899406149550396,"{""type"":""MultiPoint"",""coordinates"":[]}"
1_2010_01_25,2010-01-25,0.017839105584059486,"{""type"":""MultiPoint"",""coordinates"":[]}"
1_2010_02_02,2010-02-02,0.01661431613861673,"{""type"":""MultiPoint"",""coordinates"":[]}"
1_2010_02_10,2010-02-10,0.013539386625437197,"{""type"":""MultiPoint"",""coordinates"":[]}"
1_2010_02_18,2010-02-18,0.010390605895957377,"{""type"":""MultiPoint"",""coordinates"":[]}"
1_2010_02_26,2010-02-26,0.008295694489683243,"{""type"":""MultiPoint"",""coordinates"":[]}"
1_2010_03_06,2010-03-06,0.007081184491834649,"{""type"":""MultiPoint"",""coordinates"":[]}"
1_2010_03_14,2010-03-14,0.005551521024951869,"{""type"":""MultiPoint"",""coordinates"":[]}"
1_2010_03_22,2010-03-22,0.004523681345722892,"{""type"":""MultiPoint"",""coordinates"":[]}"
1_2010_03_30,2010-03-30,0.0036380545514362117,"{""type"":""MultiPoint"",""coordinates"":[]}"
1_2010_04_07,2010-04-07,0.0026866296755865054,"{""type"":""MultiPoint"",""coordinates"":[]}"
1_2010_04_15,2010-04-15,0.004215524737844534,"{""type"":""MultiPoint"",""coordinates"":[]}"
1_2010_04_23,2010-04-23,0.0029548002538999554,"{""type"":""MultiPoint"",""coordinates"":[]}"
1_2010_05_01,2010-05-01,0.00346543329741777,"{""type"":""MultiPoint"",""coordinates"":[]}"
1_2010_05_09,2010-05-09,0.003922080974474574,"{""type"":""MultiPoint"",""coordinates"":[]}"
1_2010_05_17,2010-05-17,0.007948235127086553,"{""type"":""MultiPoint"",""coordinates"":[]}"
1_2010_05_25,2010-05-25,0.010597249048591505,"{""type"":""MultiPoint"",""coordinates"":[]}"
1_2010_06_02,2010-06-02,0.009608063283981406,"{""type"":""MultiPoint"",""coordinates"":[]}"
1_2010_06_10,2010-06-10,0.008104436554797282,"{""type"":""MultiPoint"",""coordinates"":[]}"
1_2010_06_18,2010-06-18,0.011054496104185388,"{""type"":""MultiPoint"",""coordinates"":[]}"
1_2010_06_26,2010-06-26,0.011783358553748569,"{""type"":""MultiPoint"",""coordinates"":[]}"
1_2010_07_04,2010-07-04,0.010066080080031,"{""type"":""MultiPoint"",""coordinates"":[]}"
1_2010_07_12,2010-07-12,0.009892223627886894,"{""type"":""MultiPoint"",""coordinates"":[]}"
1_2010_07_20,2010-07-20,0.010997543755365052,"{""type"":""MultiPoint"",""coordinates"":[]}"
1_2010_07_28,2010-07-28,0.011132585921551984,"{""type"":""MultiPoint"",""coordinates"":[]}"
1_2010_08_05,2010-08-05,0.018727175740659553,"{""type"":""MultiPoint"",""coordinates"":[]}"
1_2010_08_13,2010-08-13,0.013896078860893566,"{""type"":""MultiPoint"",""coordinates"":[]}"
1_2010_08_21,2010-08-21,0.012729235873104117,"{""type"":""MultiPoint"",""coordinates"":[]}"
1_2010_08_29,2010-08-29,0.020758412585797786,"{""type"":""MultiPoint"",""coordinates"":[]}"
1_2010_09_06,2010-09-06,0.019689842112999324,"{""type"":""MultiPoint"",""coordinates"":[]}"
1_2010_09_14,2010-09-14,0.023723971732798596,"{""type"":""MultiPoint"",""coordinates"":[]}"
1_2010_09_22,2010-09-22,0.028787231300980213,"{""type"":""MultiPoint"",""coordinates"":[]}"
1_2010_09_30,2010-09-30,0.02492550651015292,"{""type"":""MultiPoint"",""coordinates"":[]}"
1_2010_10_08,2010-10-08,0.024324446295613835,"{""type"":""MultiPoint"",""coordinates"":[]}"
1_2010_10_16,2010-10-16,0.020246440942668163,"{""type"":""MultiPoint"",""coordinates"":[]}"
1_2010_10_24,2010-10-24,0.014916142393206643,"{""type"":""MultiPoint"",""coordinates"":[]}"
1_2010_11_01,2010-11-01,0.010206706740222626,"{""type"":""MultiPoint"",""coordinates"":[]}"
1_2010_11_09,2010-11-09,0.02773353946412418,"{""type"":""MultiPoint"",""coordinates"":[]}"
1_2010_11_17,2010-11-17,0.02819987969846413,"{""type"":""MultiPoint"",""coordinates"":[]}"
1_2010_11_25,2010-11-25,0.024762175288217194,"{""type"":""MultiPoint"",""coordinates"":[]}"
1_2010_12_03,2010-12-03,0.017280358462237244,"{""type"":""MultiPoint"",""coordinates"":[]}"
1_2010_12_11,2010-12-11,0.024428334729899515,"{""type"":""MultiPoint"",""coordinates"":[]}"
1_2010_12_19,2010-12-19,0.02688337294591767,"{""type"":""MultiPoint"",""coordinates"":[]}"
1_2010_12_27,2010-12-27,0.01601952867286394,"{""type"":""MultiPoint"",""coordinates"":[]}"
1_2011_01_01,2011-01-01,0.023068954644402825,"{""type"":""MultiPoint"",""coordinates"":[]}"
1_2011_01_09,2011-01-09,0.023331589258776073,"{""type"":""MultiPoint"",""coordinates"":[]}"
1_2011_01_17,2011-01-17,0.020902902401854544,"{""type"":""MultiPoint"",""coordinates"":[]}"
1_2011_01_25,2011-01-25,0.02129661630499536,"{""type"":""MultiPoint"",""coordinates"":[]}"
1_2011_02_02,2011-02-02,0.018579361686860283,"{""type"":""MultiPoint"",""coordinates"":[]}"
1_2011_02_10,2011-02-10,0.01643953057782993,"{""type"":""MultiPoint"",""coordinates"":[]}"
1_2011_02_18,2011-02-18,0.014961734812117313,"{""type"":""MultiPoint"",""coordinates"":[]}"
1_2011_02_26,2011-02-26,0.013616535429403415,"{""type"":""MultiPoint"",""coordinates"":[]}"
1_2011_03_06,2011-03-06,0.008927393394056106,"{""type"":""MultiPoint"",""coordinates"":[]}"
1_2011_03_14,2011-03-14,0.009952743484063237,"{""type"":""MultiPoint"",""coordinates"":[]}"
1_2011_03_22,2011-03-22,0.007186640884281423,"{""type"":""MultiPoint"",""coordinates"":[]}"
1_2011_03_30,2011-03-30,0.005557700680157946,"{""type"":""MultiPoint"",""coordinates"":[]}"
1_2011_04_07,2011-04-07,0.006170927732889736,"{""type"":""MultiPoint"",""coordinates"":[]}"
1_2011_04_15,2011-04-15,0.005283076488744748,"{""type"":""MultiPoint"",""coordinates"":[]}"
1_2011_04_23,2011-04-23,0.007602162924873283,"{""type"":""MultiPoint"",""coordinates"":[]}"
1_2011_05_01,2011-05-01,0.0057545927497455645,"{""type"":""MultiPoint"",""coordinates"":[]}"
1_2011_05_09,2011-05-09,0.005831264964119021,"{""type"":""MultiPoint"",""coordinates"":[]}"
1_2011_05_17,2011-05-17,0.005394935676424837,"{""type"":""MultiPoint"",""coordinates"":[]}"
1_2011_05_25,2011-05-25,0.00945377109614394,"{""type"":""MultiPoint"",""coordinates"":[]}"
1_2011_06_02,2011-06-02,0.01143711333331026,"{""type"":""MultiPoint"",""coordinates"":[]}"
1_2011_06_10,2011-06-10,0.010436992059330531,"{""type"":""MultiPoint"",""coordinates"":[]}"
1_2011_06_18,2011-06-18,0.008077131770845397,"{""type"":""MultiPoint"",""coordinates"":[]}"
1_2011_06_26,2011-06-26,0.00961436778561821,"{""type"":""MultiPoint"",""coordinates"":[]}"
1_2011_07_04,2011-07-04,0.011426734952352998,"{""type"":""MultiPoint"",""coordinates"":[]}"
1_2011_07_12,2011-07-12,0.00791420862727572,"{""type"":""MultiPoint"",""coordinates"":[]}"
1_2011_07_20,2011-07-20,0.009328674742318294,"{""type"":""MultiPoint"",""coordinates"":[]}"
1_2011_07_28,2011-07-28,0.008172029619205066,"{""type"":""MultiPoint"",""coordinates"":[]}"
1_2011_08_05,2011-08-05,0.013225110658986971,"{""type"":""MultiPoint"",""coordinates"":[]}"
1_2011_08_13,2011-08-13,0.015359142568655962,"{""type"":""MultiPoint"",""coordinates"":[]}"
1_2011_08_21,2011-08-21,0.00925181117147575,"{""type"":""MultiPoint"",""coordinates"":[]}"
1_2011_08_29,2011-08-29,0.013911694742313765,"{""type"":""MultiPoint"",""coordinates"":[]}"
1_2011_09_06,2011-09-06,0.016437230277355257,"{""type"":""MultiPoint"",""coordinates"":[]}"
1_2011_09_14,2011-09-14,0.018856250843210715,"{""type"":""MultiPoint"",""coordinates"":[]}"
1_2011_09_22,2011-09-22,0.030805654627675202,"{""type"":""MultiPoint"",""coordinates"":[]}"
1_2011_09_30,2011-09-30,0.02264342551213505,"{""type"":""MultiPoint"",""coordinates"":[]}"
1_2011_10_08,2011-10-08,0.023466427703102116,"{""type"":""MultiPoint"",""coordinates"":[]}"
1_2011_10_16,2011-10-16,0.025079689246880227,"{""type"":""MultiPoint"",""coordinates"":[]}"
1_2011_10_24,2011-10-24,0.014312363205305432,"{""type"":""MultiPoint"",""coordinates"":[]}"
1_2011_11_01,2011-11-01,0.026139904042315826,"{""type"":""MultiPoint"",""coordinates"":[]}"
1_2011_11_09,2011-11-09,0.029162631082866486,"{""type"":""MultiPoint"",""coordinates"":[]}"
1_2011_11_17,2011-11-17,0.02691106838102,"{""type"":""MultiPoint"",""coordinates"":[]}"
1_2011_11_25,2011-11-25,0.019700465288771955,"{""type"":""MultiPoint"",""coordinates"":[]}"
1_2011_12_03,2011-12-03,0.02282368721621292,"{""type"":""MultiPoint"",""coordinates"":[]}"
1_2011_12_11,2011-12-11,0.02143427127415384,"{""type"":""MultiPoint"",""coordinates"":[]}"
1_2011_12_19,2011-12-19,0.018321241683813796,"{""type"":""MultiPoint"",""coordinates"":[]}"
1_2011_12_27,2011-12-27,0.007666064991797776,"{""type"":""MultiPoint"",""coordinates"":[]}"
1_2012_01_01,2012-01-01,0.015544817181587945,"{""type"":""MultiPoint"",""coordinates"":[]}"
1_2012_01_09,2012-01-09,0.015040212342830778,"{""type"":""MultiPoint"",""coordinates"":[]}"
1_2012_01_17,2012-01-17,0.01437048584418774,"{""type"":""MultiPoint"",""coordinates"":[]}"
1_2012_01_25,2012-01-25,0.014084961786030147,"{""type"":""MultiPoint"",""coordinates"":[]}"
1_2012_02_02,2012-02-02,0.011882318120764157,"{""type"":""MultiPoint"",""coordinates"":[]}"
1_2012_02_10,2012-02-10,0.010078191381444359,"{""type"":""MultiPoint"",""coordinates"":[]}"
1_2012_02_18,2012-02-18,0.006667350736528842,"{""type"":""MultiPoint"",""coordinates"":[]}"
1_2012_02_26,2012-02-26,0.0044897203476805805,"{""type"":""MultiPoint"",""coordinates"":[]}"
1_2012_03_05,2012-03-05,0.006009987146339959,"{""type"":""MultiPoint"",""coordinates"":[]}"
1_2012_03_13,2012-03-13,0.004948456736794012,"{""type"":""MultiPoint"",""coordinates"":[]}"
1_2012_03_21,2012-03-21,0.004117479738877365,"{""type"":""MultiPoint"",""coordinates"":[]}"
1_2012_03_29,2012-03-29,0.004188426454893615,"{""type"":""MultiPoint"",""coordinates"":[]}"
1_2012_04_06,2012-04-06,0.0035960099043913975,"{""type"":""MultiPoint"",""coordinates"":[]}"
1_2012_04_14,2012-04-14,0.0032715622627107403,"{""type"":""MultiPoint"",""coordinates"":[]}"
1_2012_04_22,2012-04-22,0.005660809623959504,"{""type"":""MultiPoint"",""coordinates"":[]}"
1_2012_04_30,2012-04-30,0.006355105555192753,"{""type"":""MultiPoint"",""coordinates"":[]}"
1_2012_05_08,2012-05-08,0.007695217009536997,"{""type"":""MultiPoint"",""coordinates"":[]}"
1_2012_05_16,2012-05-16,0.005931029525236742,"{""type"":""MultiPoint"",""coordinates"":[]}"
1_2012_05_24,2012-05-24,0.006215970429314286,"{""type"":""MultiPoint"",""coordinates"":[]}"
1_2012_06_01,2012-06-01,0.008698206875034293,"{""type"":""MultiPoint"",""coordinates"":[]}"
1_2012_06_09,2012-06-09,0.006858952998412399,"{""type"":""MultiPoint"",""coordinates"":[]}"
1_2012_06_17,2012-06-17,0.007648484026638002,"{""type"":""MultiPoint"",""coordinates"":[]}"
1_2012_06_25,2012-06-25,0.008663175932895527,"{""type"":""MultiPoint"",""coordinates"":[]}"
1_2012_07_03,2012-07-03,0.0072989356039516624,"{""type"":""MultiPoint"",""coordinates"":[]}"
1_2012_07_11,2012-07-11,0.009036575500229838,"{""type"":""MultiPoint"",""coordinates"":[]}"
1_2012_07_19,2012-07-19,0.008767928659883795,"{""type"":""MultiPoint"",""coordinates"":[]}"
1_2012_07_27,2012-07-27,0.01340429746974257,"{""type"":""MultiPoint"",""coordinates"":[]}"
1_2012_08_04,2012-08-04,0.00671886283547014,"{""type"":""MultiPoint"",""coordinates"":[]}"
1_2012_08_12,2012-08-12,0.013167377596450484,"{""type"":""MultiPoint"",""coordinates"":[]}"
1_2012_08_20,2012-08-20,0.012535006718051413,"{""type"":""MultiPoint"",""coordinates"":[]}"
1_2012_08_28,2012-08-28,0.013317982415554612,"{""type"":""MultiPoint"",""coordinates"":[]}"
1_2012_09_05,2012-09-05,0.01685398780268829,"{""type"":""MultiPoint"",""coordinates"":[]}"
1_2012_09_13,2012-09-13,0.025153520354067177,"{""type"":""MultiPoint"",""coordinates"":[]}"
1_2012_09_21,2012-09-21,0.02196087046311475,"{""type"":""MultiPoint"",""coordinates"":[]}"
1_2012_09_29,2012-09-29,0.023181706975656864,"{""type"":""MultiPoint"",""coordinates"":[]}"
1_2012_10_07,2012-10-07,0.026949681673077413,"{""type"":""MultiPoint"",""coordinates"":[]}"
1_2012_10_15,2012-10-15,0.025790588376614514,"{""type"":""MultiPoint"",""coordinates"":[]}"
1_2012_10_23,2012-10-23,0.030132645926452466,"{""type"":""MultiPoint"",""coordinates"":[]}"
1_2012_10_31,2012-10-31,0.022705881519288578,"{""type"":""MultiPoint"",""coordinates"":[]}"
1_2012_11_08,2012-11-08,0.02993255563248668,"{""type"":""MultiPoint"",""coordinates"":[]}"
1_2012_11_16,2012-11-16,0.029024145549451662,"{""type"":""MultiPoint"",""coordinates"":[]}"
1_2012_11_24,2012-11-24,0.026387068907982283,"{""type"":""MultiPoint"",""coordinates"":[]}"
1_2012_12_02,2012-12-02,0.023362649282920107,"{""type"":""MultiPoint"",""coordinates"":[]}"
1_2012_12_10,2012-12-10,0.021018982353932254,"{""type"":""MultiPoint"",""coordinates"":[]}"
1_2012_12_18,2012-12-18,0.01957799840253096,"{""type"":""MultiPoint"",""coordinates"":[]}"
1_2012_12_26,2012-12-26,0.012363145362333837,"{""type"":""MultiPoint"",""coordinates"":[]}"
1_2013_01_01,2013-01-01,0.015473580779678588,"{""type"":""MultiPoint"",""coordinates"":[]}"
1_2013_01_09,2013-01-09,0.013980277887588878,"{""type"":""MultiPoint"",""coordinates"":[]}"
1_2013_01_17,2013-01-17,0.015106301292573105,"{""type"":""MultiPoint"",""coordinates"":[]}"
1_2013_01_25,2013-01-25,0.013109060100302735,"{""type"":""MultiPoint"",""coordinates"":[]}"
1_2013_02_02,2013-02-02,0.011754560398075752,"{""type"":""MultiPoint"",""coordinates"":[]}"
1_2013_02_10,2013-02-10,0.01088214001000271,"{""type"":""MultiPoint"",""coordinates"":[]}"
1_2013_02_18,2013-02-18,0.010944249571254039,"{""type"":""MultiPoint"",""coordinates"":[]}"
1_2013_02_26,2013-02-26,0.0071660649713253,"{""type"":""MultiPoint"",""coordinates"":[]}"
1_2013_03_06,2013-03-06,0.007793867073277949,"{""type"":""MultiPoint"",""coordinates"":[]}"
1_2013_03_14,2013-03-14,0.004975006699626157,"{""type"":""MultiPoint"",""coordinates"":[]}"
1_2013_03_22,2013-03-22,0.00454425095826654,"{""type"":""MultiPoint"",""coordinates"":[]}"
1_2013_03_30,2013-03-30,0.004124648231247588,"{""type"":""MultiPoint"",""coordinates"":[]}"
1_2013_04_07,2013-04-07,0.0031121773303490825,"{""type"":""MultiPoint"",""coordinates"":[]}"
1_2013_04_15,2013-04-15,0.004142814315847134,"{""type"":""MultiPoint"",""coordinates"":[]}"
1_2013_04_23,2013-04-23,0.003982164223853701,"{""type"":""MultiPoint"",""coordinates"":[]}"
1_2013_05_01,2013-05-01,0.0029399906461142376,"{""type"":""MultiPoint"",""coordinates"":[]}"
1_2013_05_09,2013-05-09,0.005733620079716147,"{""type"":""MultiPoint"",""coordinates"":[]}"
1_2013_05_17,2013-05-17,0.005927355591583071,"{""type"":""MultiPoint"",""coordinates"":[]}"
1_2013_05_25,2013-05-25,0.005090726642769678,"{""type"":""MultiPoint"",""coordinates"":[]}"
1_2013_06_02,2013-06-02,0.004989056705961881,"{""type"":""MultiPoint"",""coordinates"":[]}"
1_2013_06_10,2013-06-10,0.005917458114797304,"{""type"":""MultiPoint"",""coordinates"":[]}"
1_2013_06_18,2013-06-18,0.005824312835377992,"{""type"":""MultiPoint"",""coordinates"":[]}"
1_2013_06_26,2013-06-26,0.0066158135894829355,"{""type"":""MultiPoint"",""coordinates"":[]}"
1_2013_07_04,2013-07-04,0.004579228323869373,"{""type"":""MultiPoint"",""coordinates"":[]}"
1_2013_07_12,2013-07-12,0.005700676232306275,"{""type"":""MultiPoint"",""coordinates"":[]}"
1_2013_07_20,2013-07-20,0.003245833323950155,"{""type"":""MultiPoint"",""coordinates"":[]}"
1_2013_07_28,2013-07-28,0.009832703152213016,"{""type"":""MultiPoint"",""coordinates"":[]}"
1_2013_08_05,2013-08-05,0.010972850172408942,"{""type"":""MultiPoint"",""coordinates"":[]}"
1_2013_08_13,2013-08-13,0.005295742748486644,"{""type"":""MultiPoint"",""coordinates"":[]}"
1_2013_08_21,2013-08-21,0.017701176616063654,"{""type"":""MultiPoint"",""coordinates"":[]}"
1_2013_08_29,2013-08-29,0.014738272588692584,"{""type"":""MultiPoint"",""coordinates"":[]}"
1_2013_09_06,2013-09-06,0.01154354885895541,"{""type"":""MultiPoint"",""coordinates"":[]}"
1_2013_09_14,2013-09-14,0.016016591375630867,"{""type"":""MultiPoint"",""coordinates"":[]}"
1_2013_09_22,2013-09-22,0.03316947019828156,"{""type"":""MultiPoint"",""coordinates"":[]}"
1_2013_09_30,2013-09-30,0.024698113812161297,"{""type"":""MultiPoint"",""coordinates"":[]}"
1_2013_10_08,2013-10-08,0.01733053198715691,"{""type"":""MultiPoint"",""coordinates"":[]}"
1_2013_10_16,2013-10-16,0.023404566944158333,"{""type"":""MultiPoint"",""coordinates"":[]}"
1_2013_10_24,2013-10-24,0.02843175214311263,"{""type"":""MultiPoint"",""coordinates"":[]}"
1_2013_11_01,2013-11-01,0.032550813172866885,"{""type"":""MultiPoint"",""coordinates"":[]}"
1_2013_11_09,2013-11-09,0.031572598079147286,"{""type"":""MultiPoint"",""coordinates"":[]}"
1_2013_11_17,2013-11-17,0.028261526504416507,"{""type"":""MultiPoint"",""coordinates"":[]}"
1_2013_11_25,2013-11-25,0.026354253791661272,"{""type"":""MultiPoint"",""coordinates"":[]}"
1_2013_12_03,2013-12-03,0.02730524571505392,"{""type"":""MultiPoint"",""coordinates"":[]}"
1_2013_12_11,2013-12-11,0.023456658890868218,"{""type"":""MultiPoint"",""coordinates"":[]}"
1_2013_12_19,2013-12-19,0.0237126057890903,"{""type"":""MultiPoint"",""coordinates"":[]}"
1_2013_12_27,2013-12-27,0.013102668933451087,"{""type"":""MultiPoint"",""coordinates"":[]}"
1_2014_01_01,2014-01-01,0.02056661758555255,"{""type"":""MultiPoint"",""coordinates"":[]}"
1_2014_01_09,2014-01-09,0.018082928912719662,"{""type"":""MultiPoint"",""coordinates"":[]}"
1_2014_01_17,2014-01-17,0.018098961701273637,"{""type"":""MultiPoint"",""coordinates"":[]}"
1_2014_01_25,2014-01-25,0.016848976513128167,"{""type"":""MultiPoint"",""coordinates"":[]}"
1_2014_02_02,2014-02-02,0.01315118619207542,"{""type"":""MultiPoint"",""coordinates"":[]}"
1_2014_02_10,2014-02-10,0.012911145301325689,"{""type"":""MultiPoint"",""coordinates"":[]}"
1_2014_02_18,2014-02-18,0.014291290875139015,"{""type"":""MultiPoint"",""coordinates"":[]}"
1_2014_02_26,2014-02-26,0.012442705765527057,"{""type"":""MultiPoint"",""coordinates"":[]}"
1_2014_03_06,2014-03-06,0.010856787621957324,"{""type"":""MultiPoint"",""coordinates"":[]}"
1_2014_03_14,2014-03-14,0.0069620794717930486,"{""type"":""MultiPoint"",""coordinates"":[]}"
1_2014_03_22,2014-03-22,0.004365667175271951,"{""type"":""MultiPoint"",""coordinates"":[]}"
1_2014_03_30,2014-03-30,0.002726820578589643,"{""type"":""MultiPoint"",""coordinates"":[]}"
1_2014_04_07,2014-04-07,0.003923930869686247,"{""type"":""MultiPoint"",""coordinates"":[]}"
1_2014_04_15,2014-04-15,0.0034654181119400116,"{""type"":""MultiPoint"",""coordinates"":[]}"
1_2014_04_23,2014-04-23,0.0026135716816992967,"{""type"":""MultiPoint"",""coordinates"":[]}"
1_2014_05_01,2014-05-01,0.005788134337891884,"{""type"":""MultiPoint"",""coordinates"":[]}"
1_2014_05_09,2014-05-09,0.008479443003634282,"{""type"":""MultiPoint"",""coordinates"":[]}"
1_2014_05_17,2014-05-17,0.006623027024111237,"{""type"":""MultiPoint"",""coordinates"":[]}"
1_2014_05_25,2014-05-25,0.006616022194034158,"{""type"":""MultiPoint"",""coordinates"":[]}"
1_2014_06_02,2014-06-02,0.00875998235065651,"{""type"":""MultiPoint"",""coordinates"":[]}"
1_2014_06_10,2014-06-10,0.011168042640534448,"{""type"":""MultiPoint"",""coordinates"":[]}"
1_2014_06_18,2014-06-18,0.008383361235646666,"{""type"":""MultiPoint"",""coordinates"":[]}"
1_2014_06_26,2014-06-26,0.008604168318968536,"{""type"":""MultiPoint"",""coordinates"":[]}"
1_2014_07_04,2014-07-04,0.004722924630896177,"{""type"":""MultiPoint"",""coordinates"":[]}"
1_2014_07_12,2014-07-12,0.00674437588658713,"{""type"":""MultiPoint"",""coordinates"":[]}"
1_2014_07_20,2014-07-20,0.006570678536486518,"{""type"":""MultiPoint"",""coordinates"":[]}"
1_2014_07_28,2014-07-28,0.004511183692383628,"{""type"":""MultiPoint"",""coordinates"":[]}"
1_2014_08_05,2014-08-05,0.00684873979983183,"{""type"":""MultiPoint"",""coordinates"":[]}"
1_2014_08_13,2014-08-13,0.01182678903558369,"{""type"":""MultiPoint"",""coordinates"":[]}"
1_2014_08_21,2014-08-21,0.011843854155129792,"{""type"":""MultiPoint"",""coordinates"":[]}"
1_2014_08_29,2014-08-29,0.009826163032558838,"{""type"":""MultiPoint"",""coordinates"":[]}"
1_2014_09_06,2014-09-06,0.019529738938758603,"{""type"":""MultiPoint"",""coordinates"":[]}"
1_2014_09_14,2014-09-14,0.01142302816545304,"{""type"":""MultiPoint"",""coordinates"":[]}"
1_2014_09_22,2014-09-22,0.021528780559558196,"{""type"":""MultiPoint"",""coordinates"":[]}"
1_2014_09_30,2014-09-30,0.02380854216137605,"{""type"":""MultiPoint"",""coordinates"":[]}"
1_2014_10_08,2014-10-08,0.02122013858962093,"{""type"":""MultiPoint"",""coordinates"":[]}"
1_2014_10_16,2014-10-16,0.02437185189742164,"{""type"":""MultiPoint"",""coordinates"":[]}"
1_2014_10_24,2014-10-24,0.021386482263341777,"{""type"":""MultiPoint"",""coordinates"":[]}"
1_2014_11_01,2014-11-01,0.022632968470709836,"{""type"":""MultiPoint"",""coordinates"":[]}"
1_2014_11_09,2014-11-09,0.02334869014889843,"{""type"":""MultiPoint"",""coordinates"":[]}"
1_2014_11_17,2014-11-17,0.02673969341098637,"{""type"":""MultiPoint"",""coordinates"":[]}"
1_2014_11_25,2014-11-25,0.02135932871487317,"{""type"":""MultiPoint"",""coordinates"":[]}"
1_2014_12_03,2014-12-03,0.02042949508567819,"{""type"":""MultiPoint"",""coordinates"":[]}"
1_2014_12_11,2014-12-11,0.015609972815588955,"{""type"":""MultiPoint"",""coordinates"":[]}"
1_2014_12_19,2014-12-19,0.017074529715937918,"{""type"":""MultiPoint"",""coordinates"":[]}"
1_2014_12_27,2014-12-27,0.010381320091446551,"{""type"":""MultiPoint"",""coordinates"":[]}"
1_2015_01_01,2015-01-01,0.01581030077482168,"{""type"":""MultiPoint"",""coordinates"":[]}"
1_2015_01_09,2015-01-09,0.01520179345252585,"{""type"":""MultiPoint"",""coordinates"":[]}"
1_2015_01_17,2015-01-17,0.01368126523537952,"{""type"":""MultiPoint"",""coordinates"":[]}"
1_2015_01_25,2015-01-25,0.013643503384411278,"{""type"":""MultiPoint"",""coordinates"":[]}"
1_2015_02_02,2015-02-02,0.011329256586157696,"{""type"":""MultiPoint"",""coordinates"":[]}"
1_2015_02_10,2015-02-10,0.009287447337050175,"{""type"":""MultiPoint"",""coordinates"":[]}"
1_2015_02_18,2015-02-18,0.007223577969827546,"{""type"":""MultiPoint"",""coordinates"":[]}"
1_2015_02_26,2015-02-26,0.009363553425346272,"{""type"":""MultiPoint"",""coordinates"":[]}"
1_2015_03_06,2015-03-06,0.009540635519666494,"{""type"":""MultiPoint"",""coordinates"":[]}"
1_2015_03_14,2015-03-14,0.006199200584653847,"{""type"":""MultiPoint"",""coordinates"":[]}"
1_2015_03_22,2015-03-22,0.005123840555247228,"{""type"":""MultiPoint"",""coordinates"":[]}"
1_2015_03_30,2015-03-30,0.004450717858019358,"{""type"":""MultiPoint"",""coordinates"":[]}"
1_2015_04_07,2015-04-07,0.005226216593740235,"{""type"":""MultiPoint"",""coordinates"":[]}"
1_2015_04_15,2015-04-15,0.005984664791453723,"{""type"":""MultiPoint"",""coordinates"":[]}"
1_2015_04_23,2015-04-23,0.005226479261049094,"{""type"":""MultiPoint"",""coordinates"":[]}"
1_2015_05_01,2015-05-01,0.0047783740115108445,"{""type"":""MultiPoint"",""coordinates"":[]}"
1_2015_05_09,2015-05-09,0.004150064406488799,"{""type"":""MultiPoint"",""coordinates"":[]}"
1_2015_05_17,2015-05-17,0.007454387666464617,"{""type"":""MultiPoint"",""coordinates"":[]}"
1_2015_05_25,2015-05-25,0.006836726182957542,"{""type"":""MultiPoint"",""coordinates"":[]}"
1_2015_06_02,2015-06-02,0.010638104437803804,"{""type"":""MultiPoint"",""coordinates"":[]}"
1_2015_06_10,2015-06-10,0.011375431330010007,"{""type"":""MultiPoint"",""coordinates"":[]}"
1_2015_06_18,2015-06-18,0.0077771346881759,"{""type"":""MultiPoint"",""coordinates"":[]}"
1_2015_06_26,2015-06-26,0.013322587883841512,"{""type"":""MultiPoint"",""coordinates"":[]}"
1_2015_07_04,2015-07-04,0.01169651596414947,"{""type"":""MultiPoint"",""coordinates"":[]}"
1_2015_07_12,2015-07-12,0.010567341662092748,"{""type"":""MultiPoint"",""coordinates"":[]}"
1_2015_07_20,2015-07-20,0.010065505150778583,"{""type"":""MultiPoint"",""coordinates"":[]}"
1_2015_07_28,2015-07-28,0.011719315206093562,"{""type"":""MultiPoint"",""coordinates"":[]}"
1_2015_08_05,2015-08-05,0.009566885693426905,"{""type"":""MultiPoint"",""coordinates"":[]}"
1_2015_08_13,2015-08-13,0.011572626320961793,"{""type"":""MultiPoint"",""coordinates"":[]}"
1_2015_08_21,2015-08-21,0.013079717846964045,"{""type"":""MultiPoint"",""coordinates"":[]}"
1_2015_08_29,2015-08-29,0.016609762383867008,"{""type"":""MultiPoint"",""coordinates"":[]}"
1_2015_09_06,2015-09-06,0.017735395224706987,"{""type"":""MultiPoint"",""coordinates"":[]}"
1_2015_09_14,2015-09-14,0.017396272489810433,"{""type"":""MultiPoint"",""coordinates"":[]}"
1_2015_09_22,2015-09-22,0.022780334043660772,"{""type"":""MultiPoint"",""coordinates"":[]}"
1_2015_09_30,2015-09-30,0.02233377877230935,"{""type"":""MultiPoint"",""coordinates"":[]}"
1_2015_10_08,2015-10-08,0.027719938143360892,"{""type"":""MultiPoint"",""coordinates"":[]}"
1_2015_10_16,2015-10-16,0.03162332436160101,"{""type"":""MultiPoint"",""coordinates"":[]}"
1_2015_10_24,2015-10-24,0.02758866277409366,"{""type"":""MultiPoint"",""coordinates"":[]}"
1_2015_11_01,2015-11-01,0.024740261625258293,"{""type"":""MultiPoint"",""coordinates"":[]}"
1_2015_11_09,2015-11-09,0.01453277836306402,"{""type"":""MultiPoint"",""coordinates"":[]}"
1_2015_11_17,2015-11-17,0.012975902299900926,"{""type"":""MultiPoint"",""coordinates"":[]}"
1_2015_11_25,2015-11-25,0.027517172687185325,"{""type"":""MultiPoint"",""coordinates"":[]}"
1_2015_12_03,2015-12-03,0.031104616088396656,"{""type"":""MultiPoint"",""coordinates"":[]}"
1_2015_12_11,2015-12-11,0.027356006457845358,"{""type"":""MultiPoint"",""coordinates"":[]}"
1_2015_12_19,2015-12-19,0.02526900725872956,"{""type"":""MultiPoint"",""coordinates"":[]}"
1_2015_12_27,2015-12-27,0.015171921161011622,"{""type"":""MultiPoint"",""coordinates"":[]}"
1_2016_01_01,2016-01-01,0.031357323638102876,"{""type"":""MultiPoint"",""coordinates"":[]}"
1_2016_01_09,2016-01-09,0.018512191420548253,"{""type"":""MultiPoint"",""coordinates"":[]}"
1_2016_01_17,2016-01-17,0.017321029537519746,"{""type"":""MultiPoint"",""coordinates"":[]}"
1_2016_01_25,2016-01-25,0.016216109222636922,"{""type"":""MultiPoint"",""coordinates"":[]}"
1_2016_02_02,2016-02-02,0.013971336374250373,"{""type"":""MultiPoint"",""coordinates"":[]}"
1_2016_02_10,2016-02-10,0.013188889066886016,"{""type"":""MultiPoint"",""coordinates"":[]}"
1_2016_02_18,2016-02-18,0.009598569422558564,"{""type"":""MultiPoint"",""coordinates"":[]}"
1_2016_02_26,2016-02-26,0.0071410748493073595,"{""type"":""MultiPoint"",""coordinates"":[]}"
1_2016_03_05,2016-03-05,0.0067757452041631375,"{""type"":""MultiPoint"",""coordinates"":[]}"
1_2016_03_13,2016-03-13,0.004290928174071784,"{""type"":""MultiPoint"",""coordinates"":[]}"
1_2016_03_21,2016-03-21,0.0027209186430990867,"{""type"":""MultiPoint"",""coordinates"":[]}"
1_2016_03_29,2016-03-29,0.002840483593235173,"{""type"":""MultiPoint"",""coordinates"":[]}"
1_2016_04_06,2016-04-06,0.003106603896613174,"{""type"":""MultiPoint"",""coordinates"":[]}"
1_2016_04_14,2016-04-14,0.0014215441138385044,"{""type"":""MultiPoint"",""coordinates"":[]}"
1_2016_04_22,2016-04-22,0.0015263791761087582,"{""type"":""MultiPoint"",""coordinates"":[]}"
1_2016_04_30,2016-04-30,0.002115647997656295,"{""type"":""MultiPoint"",""coordinates"":[]}"
1_2016_05_08,2016-05-08,0.003091997442575217,"{""type"":""MultiPoint"",""coordinates"":[]}"
1_2016_05_16,2016-05-16,0.004985670758982923,"{""type"":""MultiPoint"",""coordinates"":[]}"
1_2016_05_24,2016-05-24,0.007064667247130731,"{""type"":""MultiPoint"",""coordinates"":[]}"
1_2016_06_01,2016-06-01,0.008363436102559648,"{""type"":""MultiPoint"",""coordinates"":[]}"
1_2016_06_09,2016-06-09,0.013344614575479525,"{""type"":""MultiPoint"",""coordinates"":[]}"
1_2016_06_17,2016-06-17,0.007377341721462963,"{""type"":""MultiPoint"",""coordinates"":[]}"
1_2016_06_25,2016-06-25,0.00938519879105795,"{""type"":""MultiPoint"",""coordinates"":[]}"
1_2016_07_03,2016-07-03,0.01066391392562019,"{""type"":""MultiPoint"",""coordinates"":[]}"
1_2016_07_11,2016-07-11,0.012729007804322479,"{""type"":""MultiPoint"",""coordinates"":[]}"
1_2016_07_19,2016-07-19,0.008248000287024625,"{""type"":""MultiPoint"",""coordinates"":[]}"
1_2016_07_27,2016-07-27,0.008592261553195372,"{""type"":""MultiPoint"",""coordinates"":[]}"
1_2016_08_04,2016-08-04,0.01855065922477586,"{""type"":""MultiPoint"",""coordinates"":[]}"
1_2016_08_12,2016-08-12,0.021225625501448225,"{""type"":""MultiPoint"",""coordinates"":[]}"
1_2016_08_20,2016-08-20,0.01683560960762202,"{""type"":""MultiPoint"",""coordinates"":[]}"
1_2016_08_28,2016-08-28,0.010736824952539723,"{""type"":""MultiPoint"",""coordinates"":[]}"
1_2016_09_05,2016-09-05,0.020891046198041552,"{""type"":""MultiPoint"",""coordinates"":[]}"
1_2016_09_13,2016-09-13,0.015868696163719186,"{""type"":""MultiPoint"",""coordinates"":[]}"
1_2016_09_21,2016-09-21,0.006180845062881611,"{""type"":""MultiPoint"",""coordinates"":[]}"
1_2016_09_29,2016-09-29,0.028693697658211663,"{""type"":""MultiPoint"",""coordinates"":[]}"
1_2016_10_07,2016-10-07,0.02323061185550264,"{""type"":""MultiPoint"",""coordinates"":[]}"
1_2016_10_15,2016-10-15,0.023052473088385636,"{""type"":""MultiPoint"",""coordinates"":[]}"
1_2016_10_23,2016-10-23,0.018652610469104932,"{""type"":""MultiPoint"",""coordinates"":[]}"
1_2016_10_31,2016-10-31,0.019536566123824952,"{""type"":""MultiPoint"",""coordinates"":[]}"
1_2016_11_08,2016-11-08,0.017742064740804666,"{""type"":""MultiPoint"",""coordinates"":[]}"
1_2016_11_16,2016-11-16,0.016440783223645544,"{""type"":""MultiPoint"",""coordinates"":[]}"
1_2016_11_24,2016-11-24,0.014544419390652154,"{""type"":""MultiPoint"",""coordinates"":[]}"
1_2016_12_02,2016-12-02,0.014612364484836441,"{""type"":""MultiPoint"",""coordinates"":[]}"
1_2016_12_10,2016-12-10,0.013242220413703047,"{""type"":""MultiPoint"",""coordinates"":[]}"
1_2016_12_18,2016-12-18,0.01428266972061859,"{""type"":""MultiPoint"",""coordinates"":[]}"
1_2016_12_26,2016-12-26,0.011697617082745224,"{""type"":""MultiPoint"",""coordinates"":[]}"
1_2017_01_01,2017-01-01,0.013717259500827328,"{""type"":""MultiPoint"",""coordinates"":[]}"
1_2017_01_09,2017-01-09,0.013610426619288444,"{""type"":""MultiPoint"",""coordinates"":[]}"
1_2017_01_17,2017-01-17,0.012836811072183495,"{""type"":""MultiPoint"",""coordinates"":[]}"
1_2017_01_25,2017-01-25,0.011011923660704543,"{""type"":""MultiPoint"",""coordinates"":[]}"
1_2017_02_02,2017-02-02,0.010049118730475525,"{""type"":""MultiPoint"",""coordinates"":[]}"
1_2017_02_10,2017-02-10,0.011535641462833104,"{""type"":""MultiPoint"",""coordinates"":[]}"
1_2017_02_18,2017-02-18,0.0053994280904417396,"{""type"":""MultiPoint"",""coordinates"":[]}"
1_2017_02_26,2017-02-26,0.005834376492572878,"{""type"":""MultiPoint"",""coordinates"":[]}"
1_2017_03_06,2017-03-06,0.00578209938232411,"{""type"":""MultiPoint"",""coordinates"":[]}"
1_2017_03_14,2017-03-14,0.006597773139505322,"{""type"":""MultiPoint"",""coordinates"":[]}"
1_2017_03_22,2017-03-22,0.00289389231075405,"{""type"":""MultiPoint"",""coordinates"":[]}"
1_2017_03_30,2017-03-30,0.002108021320472326,"{""type"":""MultiPoint"",""coordinates"":[]}"
1_2017_04_07,2017-04-07,0.0014338380606726865,"{""type"":""MultiPoint"",""coordinates"":[]}"
1_2017_04_15,2017-04-15,0.002573167700903348,"{""type"":""MultiPoint"",""coordinates"":[]}"
1_2017_04_23,2017-04-23,0.0018709694097839662,"{""type"":""MultiPoint"",""coordinates"":[]}"
1_2017_05_01,2017-05-01,0.002479358539213372,"{""type"":""MultiPoint"",""coordinates"":[]}"
1_2017_05_09,2017-05-09,0.004211327803437818,"{""type"":""MultiPoint"",""coordinates"":[]}"
1_2017_05_17,2017-05-17,0.004158702420115764,"{""type"":""MultiPoint"",""coordinates"":[]}"
1_2017_05_25,2017-05-25,0.006655326673560154,"{""type"":""MultiPoint"",""coordinates"":[]}"
1_2017_06_02,2017-06-02,0.007078738867309726,"{""type"":""MultiPoint"",""coordinates"":[]}"
1_2017_06_10,2017-06-10,0.005349376934779452,"{""type"":""MultiPoint"",""coordinates"":[]}"
1_2017_06_18,2017-06-18,0.00766228489798863,"{""type"":""MultiPoint"",""coordinates"":[]}"
1_2017_06_26,2017-06-26,0.006688864827444778,"{""type"":""MultiPoint"",""coordinates"":[]}"
1_2017_07_04,2017-07-04,0.008985973357905479,"{""type"":""MultiPoint"",""coordinates"":[]}"
1_2017_07_12,2017-07-12,0.0059118490179645685,"{""type"":""MultiPoint"",""coordinates"":[]}"
1_2017_07_20,2017-07-20,0.011740328253014501,"{""type"":""MultiPoint"",""coordinates"":[]}"
1_2017_07_28,2017-07-28,0.01210162330045004,"{""type"":""MultiPoint"",""coordinates"":[]}"
1_2017_08_05,2017-08-05,0.00888995915940707,"{""type"":""MultiPoint"",""coordinates"":[]}"
1_2017_08_13,2017-08-13,0.008946501264894026,"{""type"":""MultiPoint"",""coordinates"":[]}"
1_2017_08_21,2017-08-21,0.016238541080427996,"{""type"":""MultiPoint"",""coordinates"":[]}"
1_2017_08_29,2017-08-29,0.019619950442216122,"{""type"":""MultiPoint"",""coordinates"":[]}"
1_2017_09_06,2017-09-06,0.01959125939866928,"{""type"":""MultiPoint"",""coordinates"":[]}"
1_2017_09_14,2017-09-14,0.0238371443235587,"{""type"":""MultiPoint"",""coordinates"":[]}"
1_2017_09_22,2017-09-22,0.025687090946629954,"{""type"":""MultiPoint"",""coordinates"":[]}"
1_2017_09_30,2017-09-30,0.016953558478983274,"{""type"":""MultiPoint"",""coordinates"":[]}"
1_2017_10_08,2017-10-08,0.02380129207585215,"{""type"":""MultiPoint"",""coordinates"":[]}"
1_2017_10_16,2017-10-16,0.03230494476416868,"{""type"":""MultiPoint"",""coordinates"":[]}"
1_2017_10_24,2017-10-24,0.03425087667856653,"{""type"":""MultiPoint"",""coordinates"":[]}"
1_2017_11_01,2017-11-01,0.025602509381011513,"{""type"":""MultiPoint"",""coordinates"":[]}"
1_2017_11_09,2017-11-09,0.029738463801853934,"{""type"":""MultiPoint"",""coordinates"":[]}"
1_2017_11_17,2017-11-17,0.027115237022430436,"{""type"":""MultiPoint"",""coordinates"":[]}"
1_2017_11_25,2017-11-25,0.02399896769459863,"{""type"":""MultiPoint"",""coordinates"":[]}"
1_2017_12_03,2017-12-03,0.02217484695781727,"{""type"":""MultiPoint"",""coordinates"":[]}"
1_2017_12_11,2017-12-11,0.0226387240380544,"{""type"":""MultiPoint"",""coordinates"":[]}"
1_2017_12_19,2017-12-19,0.022250952518946474,"{""type"":""MultiPoint"",""coordinates"":[]}"
1_2017_12_27,2017-12-27,0.012845717731090136,"{""type"":""MultiPoint"",""coordinates"":[]}"
1_2018_01_01,2018-01-01,0.017489056173677273,"{""type"":""MultiPoint"",""coordinates"":[]}"
1_2018_01_09,2018-01-09,0.015635151315327674,"{""type"":""MultiPoint"",""coordinates"":[]}"
1_2018_01_17,2018-01-17,0.015868174258245254,"{""type"":""MultiPoint"",""coordinates"":[]}"
1_2018_01_25,2018-01-25,0.013684106127603879,"{""type"":""MultiPoint"",""coordinates"":[]}"
1_2018_02_02,2018-02-02,0.011749938219109952,"{""type"":""MultiPoint"",""coordinates"":[]}"
1_2018_02_10,2018-02-10,0.010596338058113853,"{""type"":""MultiPoint"",""coordinates"":[]}"
1_2018_02_18,2018-02-18,0.010774765257182937,"{""type"":""MultiPoint"",""coordinates"":[]}"
1_2018_02_26,2018-02-26,0.005024189329896287,"{""type"":""MultiPoint"",""coordinates"":[]}"
1_2018_03_06,2018-03-06,0.005686674924932684,"{""type"":""MultiPoint"",""coordinates"":[]}"
1_2018_03_14,2018-03-14,0.00889369177748599,"{""type"":""MultiPoint"",""coordinates"":[]}"
1_2018_03_22,2018-03-22,0.004973116709020877,"{""type"":""MultiPoint"",""coordinates"":[]}"
1_2018_03_30,2018-03-30,0.004860372530939646,"{""type"":""MultiPoint"",""coordinates"":[]}"
1_2018_04_07,2018-04-07,0.0065291420988123705,"{""type"":""MultiPoint"",""coordinates"":[]}"
1_2018_04_15,2018-04-15,0.0028622797645089628,"{""type"":""MultiPoint"",""coordinates"":[]}"
1_2018_04_23,2018-04-23,0.0025164170522832836,"{""type"":""MultiPoint"",""coordinates"":[]}"
1_2018_05_01,2018-05-01,0.0036650523809415823,"{""type"":""MultiPoint"",""coordinates"":[]}"
1_2018_05_09,2018-05-09,0.006260738425717779,"{""type"":""MultiPoint"",""coordinates"":[]}"
1_2018_05_17,2018-05-17,0.006799544230941264,"{""type"":""MultiPoint"",""coordinates"":[]}"
1_2018_05_25,2018-05-25,0.006603390056833647,"{""type"":""MultiPoint"",""coordinates"":[]}"
1_2018_06_02,2018-06-02,0.00939287510382111,"{""type"":""MultiPoint"",""coordinates"":[]}"
1_2018_06_10,2018-06-10,0.012528927367864762,"{""type"":""MultiPoint"",""coordinates"":[]}"
1_2018_06_18,2018-06-18,0.012417555712329187,"{""type"":""MultiPoint"",""coordinates"":[]}"
1_2018_06_26,2018-06-26,0.008860936123544359,"{""type"":""MultiPoint"",""coordinates"":[]}"
1_2018_07_04,2018-07-04,0.007853076597248506,"{""type"":""MultiPoint"",""coordinates"":[]}"
1_2018_07_12,2018-07-12,0.007325003475207169,"{""type"":""MultiPoint"",""coordinates"":[]}"
1_2018_07_20,2018-07-20,0.00672100033861514,"{""type"":""MultiPoint"",""coordinates"":[]}"
1_2018_07_28,2018-07-28,0.008369358177873843,"{""type"":""MultiPoint"",""coordinates"":[]}"
1_2018_08_05,2018-08-05,0.006948265805129397,"{""type"":""MultiPoint"",""coordinates"":[]}"
1_2018_08_13,2018-08-13,0.0067911915016191145,"{""type"":""MultiPoint"",""coordinates"":[]}"
1_2018_08_21,2018-08-21,0.01357970333196108,"{""type"":""MultiPoint"",""coordinates"":[]}"
1_2018_08_29,2018-08-29,0.017619796381526484,"{""type"":""MultiPoint"",""coordinates"":[]}"
1_2018_09_06,2018-09-06,0.016838732068391458,"{""type"":""MultiPoint"",""coordinates"":[]}"
1_2018_09_14,2018-09-14,0.016078316990476325,"{""type"":""MultiPoint"",""coordinates"":[]}"
1_2018_09_22,2018-09-22,0.021827367926264676,"{""type"":""MultiPoint"",""coordinates"":[]}"
1_2018_09_30,2018-09-30,0.0262505101030777,"{""type"":""MultiPoint"",""coordinates"":[]}"
1_2018_10_08,2018-10-08,0.020484338828289254,"{""type"":""MultiPoint"",""coordinates"":[]}"
1_2018_10_16,2018-10-16,0.021332460747561666,"{""type"":""MultiPoint"",""coordinates"":[]}"
1_2018_10_24,2018-10-24,0.021788127126453158,"{""type"":""MultiPoint"",""coordinates"":[]}"
1_2018_11_01,2018-11-01,0.019907235278786923,"{""type"":""MultiPoint"",""coordinates"":[]}"
1_2018_11_09,2018-11-09,0.01754341057744394,"{""type"":""MultiPoint"",""coordinates"":[]}"
1_2018_11_17,2018-11-17,0.01642507889590092,"{""type"":""MultiPoint"",""coordinates"":[]}"
1_2018_11_25,2018-11-25,0.01764207861092456,"{""type"":""MultiPoint"",""coordinates"":[]}"
1_2018_12_03,2018-12-03,0.016075002845677522,"{""type"":""MultiPoint"",""coordinates"":[]}"
1_2018_12_11,2018-12-11,0.014768948001074976,"{""type"":""MultiPoint"",""coordinates"":[]}"
1_2018_12_19,2018-12-19,0.01504393421796337,"{""type"":""MultiPoint"",""coordinates"":[]}"
1_2018_12_27,2018-12-27,0.0085218866187837,"{""type"":""MultiPoint"",""coordinates"":[]}"
1_2019_01_01,2019-01-01,0.013609578162065348,"{""type"":""MultiPoint"",""coordinates"":[]}"
1_2019_01_09,2019-01-09,0.012332206438152134,"{""type"":""MultiPoint"",""coordinates"":[]}"
1_2019_01_17,2019-01-17,0.011578206966137376,"{""type"":""MultiPoint"",""coordinates"":[]}"
1_2019_01_25,2019-01-25,0.012493257908886014,"{""type"":""MultiPoint"",""coordinates"":[]}"
1_2019_02_02,2019-02-02,0.011252272237793416,"{""type"":""MultiPoint"",""coordinates"":[]}"
1_2019_02_10,2019-02-10,0.01025894006490922,"{""type"":""MultiPoint"",""coordinates"":[]}"
1_2019_02_18,2019-02-18,0.005396371121203289,"{""type"":""MultiPoint"",""coordinates"":[]}"
1_2019_02_26,2019-02-26,0.005425319166294268,"{""type"":""MultiPoint"",""coordinates"":[]}"
1_2019_03_06,2019-03-06,0.0038309582860503546,"{""type"":""MultiPoint"",""coordinates"":[]}"
1_2019_03_14,2019-03-14,0.004156375223891982,"{""type"":""MultiPoint"",""coordinates"":[]}"
1_2019_03_22,2019-03-22,0.002324452381064444,"{""type"":""MultiPoint"",""coordinates"":[]}"
1_2019_03_30,2019-03-30,0.0013541079506799996,"{""type"":""MultiPoint"",""coordinates"":[]}"
1_2019_04_07,2019-04-07,0.0012854895415204634,"{""type"":""MultiPoint"",""coordinates"":[]}"
1_2019_04_15,2019-04-15,0.0028228735980688575,"{""type"":""MultiPoint"",""coordinates"":[]}"
1_2019_04_23,2019-04-23,0.0012867603413258416,"{""type"":""MultiPoint"",""coordinates"":[]}"
1_2019_05_01,2019-05-01,0.0029306042294957512,"{""type"":""MultiPoint"",""coordinates"":[]}"
1_2019_05_09,2019-05-09,0.0027275774981417593,"{""type"":""MultiPoint"",""coordinates"":[]}"
1_2019_05_17,2019-05-17,0.0023606543758642002,"{""type"":""MultiPoint"",""coordinates"":[]}"
1_2019_05_25,2019-05-25,0.002756833940991608,"{""type"":""MultiPoint"",""coordinates"":[]}"
1_2019_06_02,2019-06-02,0.006517539283147502,"{""type"":""MultiPoint"",""coordinates"":[]}"
1_2019_06_10,2019-06-10,0.008343241095843782,"{""type"":""MultiPoint"",""coordinates"":[]}"
1_2019_06_18,2019-06-18,0.007935884425360343,"{""type"":""MultiPoint"",""coordinates"":[]}"
1_2019_06_26,2019-06-26,0.006769543991412774,"{""type"":""MultiPoint"",""coordinates"":[]}"
1_2019_07_04,2019-07-04,0.006752664670051569,"{""type"":""MultiPoint"",""coordinates"":[]}"
1_2019_07_12,2019-07-12,0.00836629849091034,"{""type"":""MultiPoint"",""coordinates"":[]}"
1_2019_07_20,2019-07-20,0.007474799476968483,"{""type"":""MultiPoint"",""coordinates"":[]}"
1_2019_07_28,2019-07-28,0.007738768059049082,"{""type"":""MultiPoint"",""coordinates"":[]}"
1_2019_08_05,2019-08-05,0.004869899829075307,"{""type"":""MultiPoint"",""coordinates"":[]}"
1_2019_08_13,2019-08-13,0.00967379039761899,"{""type"":""MultiPoint"",""coordinates"":[]}"
1_2019_08_21,2019-08-21,0.011895594711830292,"{""type"":""MultiPoint"",""coordinates"":[]}"
1_2019_08_29,2019-08-29,0.007435682121220658,"{""type"":""MultiPoint"",""coordinates"":[]}"
1_2019_09_06,2019-09-06,0.012102794557835608,"{""type"":""MultiPoint"",""coordinates"":[]}"
1_2019_09_14,2019-09-14,0.01136360884440731,"{""type"":""MultiPoint"",""coordinates"":[]}"
1_2019_09_22,2019-09-22,0.02111046507176311,"{""type"":""MultiPoint"",""coordinates"":[]}"
1_2019_09_30,2019-09-30,0.023912237232887146,"{""type"":""MultiPoint"",""coordinates"":[]}"
1_2019_10_08,2019-10-08,0.025576865003917617,"{""type"":""MultiPoint"",""coordinates"":[]}"
1_2019_10_16,2019-10-16,0.01708782009011578,"{""type"":""MultiPoint"",""coordinates"":[]}"
1_2019_10_24,2019-10-24,0.02746821589931221,"{""type"":""MultiPoint"",""coordinates"":[]}"
1_2019_11_01,2019-11-01,0.0342515173961996,"{""type"":""MultiPoint"",""coordinates"":[]}"
1_2019_11_09,2019-11-09,0.03582510163573243,"{""type"":""MultiPoint"",""coordinates"":[]}"
1_2019_11_17,2019-11-17,0.03260520805588781,"{""type"":""MultiPoint"",""coordinates"":[]}"
1_2019_11_25,2019-11-25,0.029137819235388482,"{""type"":""MultiPoint"",""coordinates"":[]}"
1_2019_12_03,2019-12-03,0.02540794753757833,"{""type"":""MultiPoint"",""coordinates"":[]}"
1_2019_12_11,2019-12-11,0.030469374386976177,"{""type"":""MultiPoint"",""coordinates"":[]}"
1_2019_12_19,2019-12-19,0.023482923461916046,"{""type"":""MultiPoint"",""coordinates"":[]}"
1_2019_12_27,2019-12-27,0.015740176572251127,"{""type"":""MultiPoint"",""coordinates"":[]}"
1_2020_01_01,2020-01-01,0.02091580369614618,"{""type"":""MultiPoint"",""coordinates"":[]}"
1_2020_01_09,2020-01-09,0.02146698381300761,"{""type"":""MultiPoint"",""coordinates"":[]}"
1_2020_01_17,2020-01-17,0.020712997663472874,"{""type"":""MultiPoint"",""coordinates"":[]}"
1_2020_01_25,2020-01-25,0.016511765300788794,"{""type"":""MultiPoint"",""coordinates"":[]}"
1_2020_02_02,2020-02-02,0.016676543212024986,"{""type"":""MultiPoint"",""coordinates"":[]}"
1_2020_02_10,2020-02-10,0.014949832120371416,"{""type"":""MultiPoint"",""coordinates"":[]}"
1_2020_02_18,2020-02-18,0.013066985962619774,"{""type"":""MultiPoint"",""coordinates"":[]}"
1_2020_02_26,2020-02-26,0.01176537694685785,"{""type"":""MultiPoint"",""coordinates"":[]}"
1_2020_03_05,2020-03-05,0.01143932406659209,"{""type"":""MultiPoint"",""coordinates"":[]}"
1_2020_03_13,2020-03-13,0.007916055569329117,"{""type"":""MultiPoint"",""coordinates"":[]}"
1_2020_03_21,2020-03-21,0.006095681116021545,"{""type"":""MultiPoint"",""coordinates"":[]}"
1_2020_03_29,2020-03-29,0.0036426701177845176,"{""type"":""MultiPoint"",""coordinates"":[]}"
1_2020_04_06,2020-04-06,0.004615141840653937,"{""type"":""MultiPoint"",""coordinates"":[]}"
1_2020_04_14,2020-04-14,0.002631694543730426,"{""type"":""MultiPoint"",""coordinates"":[]}"
1_2020_04_22,2020-04-22,0.004154364532538049,"{""type"":""MultiPoint"",""coordinates"":[]}"
1_2020_04_30,2020-04-30,0.004076705456597105,"{""type"":""MultiPoint"",""coordinates"":[]}"
1_2020_05_08,2020-05-08,0.0037284507629180637,"{""type"":""MultiPoint"",""coordinates"":[]}"
1_2020_05_16,2020-05-16,0.004130168093565972,"{""type"":""MultiPoint"",""coordinates"":[]}"
1_2020_05_24,2020-05-24,0.0054302867265922684,"{""type"":""MultiPoint"",""coordinates"":[]}"
1_2020_06_01,2020-06-01,0.009672378204483413,"{""type"":""MultiPoint"",""coordinates"":[]}"
1_2020_06_09,2020-06-09,0.0069443417333368476,"{""type"":""MultiPoint"",""coordinates"":[]}"
1_2020_06_17,2020-06-17,0.011582856450301809,"{""type"":""MultiPoint"",""coordinates"":[]}"
1_2020_06_25,2020-06-25,0.010935562264962763,"{""type"":""MultiPoint"",""coordinates"":[]}"
1_2020_07_03,2020-07-03,0.011252001186995911,"{""type"":""MultiPoint"",""coordinates"":[]}"
1_2020_07_11,2020-07-11,0.012821962438692935,"{""type"":""MultiPoint"",""coordinates"":[]}"
1_2020_07_19,2020-07-19,0.016067404282356246,"{""type"":""MultiPoint"",""coordinates"":[]}"
1_2020_07_27,2020-07-27,0.020786836135643565,"{""type"":""MultiPoint"",""coordinates"":[]}"
1_2020_08_04,2020-08-04,0.012159324871161682,"{""type"":""MultiPoint"",""coordinates"":[]}"
1_2020_08_12,2020-08-12,0.009260527922341912,"{""type"":""MultiPoint"",""coordinates"":[]}"
1_2020_08_20,2020-08-20,0.02012762809592846,"{""type"":""MultiPoint"",""coordinates"":[]}"
1_2020_08_28,2020-08-28,0.023648026537889343,"{""type"":""MultiPoint"",""coordinates"":[]}"
1_2020_09_05,2020-09-05,0.02190891672114077,"{""type"":""MultiPoint"",""coordinates"":[]}"
1_2020_09_13,2020-09-13,0.01851287937336173,"{""type"":""MultiPoint"",""coordinates"":[]}"
1_2020_09_21,2020-09-21,0.027852358411669338,"{""type"":""MultiPoint"",""coordinates"":[]}"
1_2020_09_29,2020-09-29,0.02821829342355675,"{""type"":""MultiPoint"",""coordinates"":[]}"
1_2020_10_07,2020-10-07,0.023200478964402624,"{""type"":""MultiPoint"",""coordinates"":[]}"
1_2020_10_15,2020-10-15,0.02745754639427045,"{""type"":""MultiPoint"",""coordinates"":[]}"
1_2020_10_23,2020-10-23,0.03610643213744593,"{""type"":""MultiPoint"",""coordinates"":[]}"
1_2020_10_31,2020-10-31,0.03686182646238654,"{""type"":""MultiPoint"",""coordinates"":[]}"
1_2020_11_08,2020-11-08,0.03421984090409895,"{""type"":""MultiPoint"",""coordinates"":[]}"
1_2020_11_16,2020-11-16,0.03220108240673066,"{""type"":""MultiPoint"",""coordinates"":[]}"
1_2020_11_24,2020-11-24,0.024224614236659593,"{""type"":""MultiPoint"",""coordinates"":[]}"
1_2020_12_02,2020-12-02,0.019739767634040502,"{""type"":""MultiPoint"",""coordinates"":[]}"
1_2020_12_10,2020-12-10,0.03288906780717714,"{""type"":""MultiPoint"",""coordinates"":[]}"
1_2020_12_18,2020-12-18,0.03112114503313597,"{""type"":""MultiPoint"",""coordinates"":[]}"
1_2020_12_26,2020-12-26,0.02169570534522655,"{""type"":""MultiPoint"",""coordinates"":[]}"
2_2021_01_01,2021-01-01,0.01979244079232658,"{""type"":""MultiPoint"",""coordinates"":[]}"
2_2021_01_09,2021-01-09,0.023924404176987064,"{""type"":""MultiPoint"",""coordinates"":[]}"
2_2021_01_17,2021-01-17,0.023340104006051132,"{""type"":""MultiPoint"",""coordinates"":[]}"
2_2021_01_25,2021-01-25,0.02353203805619734,"{""type"":""MultiPoint"",""coordinates"":[]}"
2_2021_02_02,2021-02-02,0.022385190416598352,"{""type"":""MultiPoint"",""coordinates"":[]}"
2_2021_02_10,2021-02-10,0.01949563275997406,"{""type"":""MultiPoint"",""coordinates"":[]}"
2_2021_02_18,2021-02-18,0.017021555506785125,"{""type"":""MultiPoint"",""coordinates"":[]}"
2_2021_02_26,2021-02-26,0.011234340809003648,"{""type"":""MultiPoint"",""coordinates"":[]}"
2_2021_03_06,2021-03-06,0.010839813390080319,"{""type"":""MultiPoint"",""coordinates"":[]}"
2_2021_03_14,2021-03-14,0.008845441628702346,"{""type"":""MultiPoint"",""coordinates"":[]}"
2_2021_03_22,2021-03-22,0.00631630598384612,"{""type"":""MultiPoint"",""coordinates"":[]}"
2_2021_03_30,2021-03-30,0.005201613299632923,"{""type"":""MultiPoint"",""coordinates"":[]}"
2_2021_04_07,2021-04-07,0.005292275541032022,"{""type"":""MultiPoint"",""coordinates"":[]}"
2_2021_04_15,2021-04-15,0.006086256502834208,"{""type"":""MultiPoint"",""coordinates"":[]}"
2_2021_04_23,2021-04-23,0.0054496273083515945,"{""type"":""MultiPoint"",""coordinates"":[]}"
2_2021_05_01,2021-05-01,0.005572130548636326,"{""type"":""MultiPoint"",""coordinates"":[]}"
2_2021_05_09,2021-05-09,0.006465013094212201,"{""type"":""MultiPoint"",""coordinates"":[]}"
2_2021_05_17,2021-05-17,0.010970270488827883,"{""type"":""MultiPoint"",""coordinates"":[]}"
2_2021_05_25,2021-05-25,0.0165624465437402,"{""type"":""MultiPoint"",""coordinates"":[]}"
2_2021_06_02,2021-06-02,0.017616404461695198,"{""type"":""MultiPoint"",""coordinates"":[]}"
2_2021_06_10,2021-06-10,0.013449806591162527,"{""type"":""MultiPoint"",""coordinates"":[]}"
2_2021_06_18,2021-06-18,0.014270247119467812,"{""type"":""MultiPoint"",""coordinates"":[]}"
2_2021_06_26,2021-06-26,0.013969495364104273,"{""type"":""MultiPoint"",""coordinates"":[]}"
2_2021_07_04,2021-07-04,0.012639961554689808,"{""type"":""MultiPoint"",""coordinates"":[]}"
2_2021_07_12,2021-07-12,0.014375508675119952,"{""type"":""MultiPoint"",""coordinates"":[]}"
2_2021_07_20,2021-07-20,0.01684700064038005,"{""type"":""MultiPoint"",""coordinates"":[]}"
2_2021_07_28,2021-07-28,0.01994700908016808,"{""type"":""MultiPoint"",""coordinates"":[]}"
2_2021_08_05,2021-08-05,0.019960776187246617,"{""type"":""MultiPoint"",""coordinates"":[]}"
2_2021_08_13,2021-08-13,0.018828053488913223,"{""type"":""MultiPoint"",""coordinates"":[]}"
2_2021_08_21,2021-08-21,0.022334191441634677,"{""type"":""MultiPoint"",""coordinates"":[]}"
2_2021_08_29,2021-08-29,0.021580803585594735,"{""type"":""MultiPoint"",""coordinates"":[]}"
2_2021_09_06,2021-09-06,0.025672168443236023,"{""type"":""MultiPoint"",""coordinates"":[]}"
2_2021_09_14,2021-09-14,0.027022654644667934,"{""type"":""MultiPoint"",""coordinates"":[]}"
2_2021_09_22,2021-09-22,0.02736271248664945,"{""type"":""MultiPoint"",""coordinates"":[]}"
2_2021_09_30,2021-09-30,0.02620926135010815,"{""type"":""MultiPoint"",""coordinates"":[]}"
2_2021_10_08,2021-10-08,0.024147744943752675,"{""type"":""MultiPoint"",""coordinates"":[]}"
2_2021_10_16,2021-10-16,0.02728695708206227,"{""type"":""MultiPoint"",""coordinates"":[]}"
2_2021_10_24,2021-10-24,0.029008229003760516,"{""type"":""MultiPoint"",""coordinates"":[]}"
2_2021_11_01,2021-11-01,0.02462859668490269,"{""type"":""MultiPoint"",""coordinates"":[]}"
2_2021_11_09,2021-11-09,0.021241473756480393,"{""type"":""MultiPoint"",""coordinates"":[]}"
2_2021_11_17,2021-11-17,0.022387676447610683,"{""type"":""MultiPoint"",""coordinates"":[]}"
2_2021_11_25,2021-11-25,0.02277488249960848,"{""type"":""MultiPoint"",""coordinates"":[]}"
2_2021_12_03,2021-12-03,0.02898490651150741,"{""type"":""MultiPoint"",""coordinates"":[]}"
2_2021_12_11,2021-12-11,0.029347512741685268,"{""type"":""MultiPoint"",""coordinates"":[]}"
2_2021_12_19,2021-12-19,0.030149910550414483,"{""type"":""MultiPoint"",""coordinates"":[]}"
2_2021_12_27,2021-12-27,0.018939157046597335,"{""type"":""MultiPoint"",""coordinates"":[]}"
2_2022_01_01,2022-01-01,0.0284160995794791,"{""type"":""MultiPoint"",""coordinates"":[]}"
2_2022_01_09,2022-01-09,0.028406703988264705,"{""type"":""MultiPoint"",""coordinates"":[]}"
2_2022_01_17,2022-01-17,0.028406703988264705,"{""type"":""MultiPoint"",""coordinates"":[]}"
2_2022_01_25,2022-01-25,0.028406703988264705,"{""type"":""MultiPoint"",""coordinates"":[]}"
2_2022_02_02,2022-02-02,0.028406703988264705,"{""type"":""MultiPoint"",""coordinates"":[]}"
2_2022_02_10,2022-02-10,0.028408964647267394,"{""type"":""MultiPoint"",""coordinates"":[]}"
2_2022_02_18,2022-02-18,0.0284089646472674,"{""type"":""MultiPoint"",""coordinates"":[]}"
2_2022_02_26,2022-02-26,0.0284089646472674,"{""type"":""MultiPoint"",""coordinates"":[]}"
2_2022_03_06,2022-03-06,0.0284089646472674,"{""type"":""MultiPoint"",""coordinates"":[]}"
2_2022_03_14,2022-03-14,0.0284089646472674,"{""type"":""MultiPoint"",""coordinates"":[]}"
2_2022_03_22,2022-03-22,0.028408964647267394,"{""type"":""MultiPoint"",""coordinates"":[]}"
2_2022_03_30,2022-03-30,0.0284089646472674,"{""type"":""MultiPoint"",""coordinates"":[]}"
2_2022_04_07,2022-04-07,0.0284089646472674,"{""type"":""MultiPoint"",""coordinates"":[]}"
2_2022_04_15,2022-04-15,0.0284089646472674,"{""type"":""MultiPoint"",""coordinates"":[]}"
2_2022_04_23,2022-04-23,0.0284089646472674,"{""type"":""MultiPoint"",""coordinates"":[]}"
2_2022_05_01,2022-05-01,0.0284089646472674,"{""type"":""MultiPoint"",""coordinates"":[]}"
2_2022_05_09,2022-05-09,0.0284089646472674,"{""type"":""MultiPoint"",""coordinates"":[]}"
2_2022_05_17,2022-05-17,0.0284089646472674,"{""type"":""MultiPoint"",""coordinates"":[]}"
2_2022_05_25,2022-05-25,0.0284089646472674,"{""type"":""MultiPoint"",""coordinates"":[]}"
2_2022_06_02,2022-06-02,0.0284089646472674,"{""type"":""MultiPoint"",""coordinates"":[]}"
2_2022_06_10,2022-06-10,0.0284089646472674,"{""type"":""MultiPoint"",""coordinates"":[]}"
2_2022_06_18,2022-06-18,0.0284089646472674,"{""type"":""MultiPoint"",""coordinates"":[]}"
2_2022_06_26,2022-06-26,0.0284089646472674,"{""type"":""MultiPoint"",""coordinates"":[]}"
2_2022_07_04,2022-07-04,0.0284089646472674,"{""type"":""MultiPoint"",""coordinates"":[]}"
2_2022_07_12,2022-07-12,0.0284089646472674,"{""type"":""MultiPoint"",""coordinates"":[]}"
2_2022_07_20,2022-07-20,0.0284089646472674,"{""type"":""MultiPoint"",""coordinates"":[]}"
2_2022_07_28,2022-07-28,0.0284089646472674,"{""type"":""MultiPoint"",""coordinates"":[]}"
2_2022_08_05,2022-08-05,0.0284089646472674,"{""type"":""MultiPoint"",""coordinates"":[]}"
2_2022_08_13,2022-08-13,0.0284089646472674,"{""type"":""MultiPoint"",""coordinates"":[]}"
2_2022_08_21,2022-08-21,0.0284089646472674,"{""type"":""MultiPoint"",""coordinates"":[]}"
2_2022_08_29,2022-08-29,0.0284089646472674,"{""type"":""MultiPoint"",""coordinates"":[]}"
2_2022_09_06,2022-09-06,0.0284089646472674,"{""type"":""MultiPoint"",""coordinates"":[]}"
2_2022_09_14,2022-09-14,0.0284089646472674,"{""type"":""MultiPoint"",""coordinates"":[]}"
2_2022_09_22,2022-09-22,0.0284089646472674,"{""type"":""MultiPoint"",""coordinates"":[]}"
2_2022_09_30,2022-09-30,0.0284089646472674,"{""type"":""MultiPoint"",""coordinates"":[]}"
2_2022_10_08,2022-10-08,0.0284089646472674,"{""type"":""MultiPoint"",""coordinates"":[]}"
2_2022_10_16,2022-10-16,0.0284089646472674,"{""type"":""MultiPoint"",""coordinates"":[]}"
2_2022_10_24,2022-10-24,0.0284089646472674,"{""type"":""MultiPoint"",""coordinates"":[]}"
2_2022_11_01,2022-11-01,0.0284089646472674,"{""type"":""MultiPoint"",""coordinates"":[]}"
2_2022_11_09,2022-11-09,0.028406703988264705,"{""type"":""MultiPoint"",""coordinates"":[]}"
2_2022_11_17,2022-11-17,0.028406703988264705,"{""type"":""MultiPoint"",""coordinates"":[]}"
2_2022_11_25,2022-11-25,0.028406703988264705,"{""type"":""MultiPoint"",""coordinates"":[]}"
2_2022_12_03,2022-12-03,0.028406703988264705,"{""type"":""MultiPoint"",""coordinates"":[]}"
2_2022_12_11,2022-12-11,0.0284160995794791,"{""type"":""MultiPoint"",""coordinates"":[]}"
2_2022_12_19,2022-12-19,0.0284160995794791,"{""type"":""MultiPoint"",""coordinates"":[]}"
2_2022_12_27,2022-12-27,0.01776177597815836,"{""type"":""MultiPoint"",""coordinates"":[]}"
2_2023_01_01,2023-01-01,0.026443140302464446,"{""type"":""MultiPoint"",""coordinates"":[]}"
2_2023_01_09,2023-01-09,0.024948288794524015,"{""type"":""MultiPoint"",""coordinates"":[]}"
2_2023_01_17,2023-01-17,0.024604606283492876,"{""type"":""MultiPoint"",""coordinates"":[]}"
2_2023_01_25,2023-01-25,0.022209353057753137,"{""type"":""MultiPoint"",""coordinates"":[]}"
2_2023_02_02,2023-02-02,0.018946201764862402,"{""type"":""MultiPoint"",""coordinates"":[]}"
2_2023_02_10,2023-02-10,0.01532472253619052,"{""type"":""MultiPoint"",""coordinates"":[]}"
2_2023_02_18,2023-02-18,0.012975211675426044,"{""type"":""MultiPoint"",""coordinates"":[]}"
2_2023_02_26,2023-02-26,0.01157590426014347,"{""type"":""MultiPoint"",""coordinates"":[]}"
2_2023_03_06,2023-03-06,0.010880110473711478,"{""type"":""MultiPoint"",""coordinates"":[]}"
2_2023_03_14,2023-03-14,0.012143782573028984,"{""type"":""MultiPoint"",""coordinates"":[]}"
2_2023_03_22,2023-03-22,0.009343905663942515,"{""type"":""MultiPoint"",""coordinates"":[]}"
2_2023_03_30,2023-03-30,0.008260121773508293,"{""type"":""MultiPoint"",""coordinates"":[]}"
2_2023_04_07,2023-04-07,0.004384721070359768,"{""type"":""MultiPoint"",""coordinates"":[]}"
2_2023_04_15,2023-04-15,0.0027774656466310462,"{""type"":""MultiPoint"",""coordinates"":[]}"
2_2023_04_23,2023-04-23,0.006857012937187495,"{""type"":""MultiPoint"",""coordinates"":[]}"
2_2023_05_01,2023-05-01,0.01171824020529012,"{""type"":""MultiPoint"",""coordinates"":[]}"
2_2023_05_09,2023-05-09,0.011848037787528513,"{""type"":""MultiPoint"",""coordinates"":[]}"
2_2023_05_17,2023-05-17,0.0076447451593282655,"{""type"":""MultiPoint"",""coordinates"":[]}"
2_2023_05_25,2023-05-25,0.010547476876821829,"{""type"":""MultiPoint"",""coordinates"":[]}"
2_2023_06_02,2023-06-02,0.01118766693533417,"{""type"":""MultiPoint"",""coordinates"":[]}"
2_2023_06_10,2023-06-10,0.01439153214868504,"{""type"":""MultiPoint"",""coordinates"":[]}"
2_2023_06_18,2023-06-18,0.012493429949549585,"{""type"":""MultiPoint"",""coordinates"":[]}"
2_2023_06_26,2023-06-26,0.014789678036138492,"{""type"":""MultiPoint"",""coordinates"":[]}"
2_2023_07_04,2023-07-04,0.014820245926944683,"{""type"":""MultiPoint"",""coordinates"":[]}"
2_2023_07_12,2023-07-12,0.016334518950473276,"{""type"":""MultiPoint"",""coordinates"":[]}"
2_2023_07_20,2023-07-20,0.018414061240621286,"{""type"":""MultiPoint"",""coordinates"":[]}"
2_2023_07_28,2023-07-28,0.02686144351401473,"{""type"":""MultiPoint"",""coordinates"":[]}"
2_2023_08_05,2023-08-05,0.022468435886574985,"{""type"":""MultiPoint"",""coordinates"":[]}"
2_2023_08_13,2023-08-13,0.021789494423393094,"{""type"":""MultiPoint"",""coordinates"":[]}"
2_2023_08_21,2023-08-21,0.020334828249021882,"{""type"":""MultiPoint"",""coordinates"":[]}"
2_2023_08_29,2023-08-29,0.022886950638342562,"{""type"":""MultiPoint"",""coordinates"":[]}"
2_2023_09_06,2023-09-06,0.024853471174001905,"{""type"":""MultiPoint"",""coordinates"":[]}"
2_2023_09_14,2023-09-14,0.02436018888748502,"{""type"":""MultiPoint"",""coordinates"":[]}"
2_2023_09_22,2023-09-22,0.023635959134635263,"{""type"":""MultiPoint"",""coordinates"":[]}"
2_2023_09_30,2023-09-30,0.029004543605506666,"{""type"":""MultiPoint"",""coordinates"":[]}"
2_2023_10_08,2023-10-08,0.030205293523463787,"{""type"":""MultiPoint"",""coordinates"":[]}"
2_2023_10_16,2023-10-16,0.02911679960144143,"{""type"":""MultiPoint"",""coordinates"":[]}"
2_2023_10_24,2023-10-24,0.023466553327487802,"{""type"":""MultiPoint"",""coordinates"":[]}"
2_2023_11_01,2023-11-01,0.028847191244484805,"{""type"":""MultiPoint"",""coordinates"":[]}"
2_2023_11_09,2023-11-09,0.023217305056204396,"{""type"":""MultiPoint"",""coordinates"":[]}"
2_2023_11_17,2023-11-17,0.02537484822258413,"{""type"":""MultiPoint"",""coordinates"":[]}"
2_2023_11_25,2023-11-25,0.024577787613046586,"{""type"":""MultiPoint"",""coordinates"":[]}"
2_2023_12_03,2023-12-03,0.019193571384486706,"{""type"":""MultiPoint"",""coordinates"":[]}"
2_2023_12_11,2023-12-11,0.023487053961698274,"{""type"":""MultiPoint"",""coordinates"":[]}"
2_2023_12_19,2023-12-19,0.023728316234822137,"{""type"":""MultiPoint"",""coordinates"":[]}"
2_2023_12_27,2023-12-27,0.014093430308055085,"{""type"":""MultiPoint"",""coordinates"":[]}"
2_2024_01_01,2024-01-01,0.017592342998821293,"{""type"":""MultiPoint"",""coordinates"":[]}"
2_2024_01_09,2024-01-09,0.018083041854099723,"{""type"":""MultiPoint"",""coordinates"":[]}"
2_2024_01_17,2024-01-17,0.01653442115890308,"{""type"":""MultiPoint"",""coordinates"":[]}"
2_2024_01_25,2024-01-25,0.016458291196679877,"{""type"":""MultiPoint"",""coordinates"":[]}"
2_2024_02_02,2024-02-02,0.01202496079226277,"{""type"":""MultiPoint"",""coordinates"":[]}"
2_2024_02_10,2024-02-10,0.01314174643435508,"{""type"":""MultiPoint"",""coordinates"":[]}"
2_2024_02_18,2024-02-18,0.008952075512411657,"{""type"":""MultiPoint"",""coordinates"":[]}"
2_2024_02_26,2024-02-26,0.008040494233817752,"{""type"":""MultiPoint"",""coordinates"":[]}"
2_2024_03_05,2024-03-05,0.004932268428884903,"{""type"":""MultiPoint"",""coordinates"":[]}"
2_2024_03_13,2024-03-13,0.00481518887622541,"{""type"":""MultiPoint"",""coordinates"":[]}"
2_2024_03_21,2024-03-21,0.004792944940640908,"{""type"":""MultiPoint"",""coordinates"":[]}"
2_2024_03_29,2024-03-29,0.0010537631221055439,"{""type"":""MultiPoint"",""coordinates"":[]}"
2_2024_04_06,2024-04-06,0.0031900214777008744,"{""type"":""MultiPoint"",""coordinates"":[]}"
2_2024_04_14,2024-04-14,0.001657579887282474,"{""type"":""MultiPoint"",""coordinates"":[]}"
2_2024_04_22,2024-04-22,3.386334830623828E-4,"{""type"":""MultiPoint"",""coordinates"":[]}"
2_2024_04_30,2024-04-30,0.0012625969910337147,"{""type"":""MultiPoint"",""coordinates"":[]}"
2_2024_05_08,2024-05-08,0.0047016366945836045,"{""type"":""MultiPoint"",""coordinates"":[]}"
2_2024_05_16,2024-05-16,0.00834513737662506,"{""type"":""MultiPoint"",""coordinates"":[]}"
2_2024_05_24,2024-05-24,0.009054817338202162,"{""type"":""MultiPoint"",""coordinates"":[]}"
2_2024_06_01,2024-06-01,0.011234398925316058,"{""type"":""MultiPoint"",""coordinates"":[]}"
2_2024_06_09,2024-06-09,0.01745147556064436,"{""type"":""MultiPoint"",""coordinates"":[]}"
2_2024_06_17,2024-06-17,0.01689021938025193,"{""type"":""MultiPoint"",""coordinates"":[]}"
2_2024_06_25,2024-06-25,0.017989117217557655,"{""type"":""MultiPoint"",""coordinates"":[]}"
2_2024_07_03,2024-07-03,0.017296538867760027,"{""type"":""MultiPoint"",""coordinates"":[]}"
2_2024_07_11,2024-07-11,0.01746926110750887,"{""type"":""MultiPoint"",""coordinates"":[]}"
2_2024_07_19,2024-07-19,0.02223943451061836,"{""type"":""MultiPoint"",""coordinates"":[]}"
2_2024_07_27,2024-07-27,0.02028571269690189,"{""type"":""MultiPoint"",""coordinates"":[]}"
2_2024_08_04,2024-08-04,0.01980387365825763,"{""type"":""MultiPoint"",""coordinates"":[]}"
2_2024_08_12,2024-08-12,0.019485097882099286,"{""type"":""MultiPoint"",""coordinates"":[]}"
2_2024_08_20,2024-08-20,0.02184089245467596,"{""type"":""MultiPoint"",""coordinates"":[]}"
2_2024_08_28,2024-08-28,0.024213053164424042,"{""type"":""MultiPoint"",""coordinates"":[]}"
2_2024_09_05,2024-09-05,0.024063296178132094,"{""type"":""MultiPoint"",""coordinates"":[]}"
2_2024_09_13,2024-09-13,0.035318556612914956,"{""type"":""MultiPoint"",""coordinates"":[]}"
2_2024_09_21,2024-09-21,0.024343600106743378,"{""type"":""MultiPoint"",""coordinates"":[]}"
2_2024_09_29,2024-09-29,0.027100911532998897,"{""type"":""MultiPoint"",""coordinates"":[]}"
2_2024_10_07,2024-10-07,0.030838159462768328,"{""type"":""MultiPoint"",""coordinates"":[]}"
2_2024_10_15,2024-10-15,0.021713462430196118,"{""type"":""MultiPoint"",""coordinates"":[]}"
2_2024_10_23,2024-10-23,0.03519020183531867,"{""type"":""MultiPoint"",""coordinates"":[]}"
2_2024_10_31,2024-10-31,0.04018665502565971,"{""type"":""MultiPoint"",""coordinates"":[]}"
2_2024_11_08,2024-11-08,0.03302490300640742,"{""type"":""MultiPoint"",""coordinates"":[]}"
2_2024_11_16,2024-11-16,0.031561937494996334,"{""type"":""MultiPoint"",""coordinates"":[]}"
2_2024_11_24,2024-11-24,0.025490916317286606,"{""type"":""MultiPoint"",""coordinates"":[]}"
2_2024_12_02,2024-12-02,0.027178667362715275,"{""type"":""MultiPoint"",""coordinates"":[]}"
2_2024_12_10,2024-12-10,0.0246148833117766,"{""type"":""MultiPoint"",""coordinates"":[]}"
2_2024_12_18,2024-12-18,0.026123182423779485,"{""type"":""MultiPoint"",""coordinates"":[]}"
2_2024_12_26,2024-12-26,0.02271275722672707,"{""type"":""MultiPoint"",""coordinates"":[]}"
2_2025_01_01,2025-01-01,0.030114335115467832,"{""type"":""MultiPoint"",""coordinates"":[]}"
2_2025_01_09,2025-01-09,0.02854635281655243,"{""type"":""MultiPoint"",""coordinates"":[]}"
2_2025_01_17,2025-01-17,0.02723816484659256,"{""type"":""MultiPoint"",""coordinates"":[]}"
2_2025_01_25,2025-01-25,0.02344819901307999,"{""type"":""MultiPoint"",""coordinates"":[]}"
2_2025_02_02,2025-02-02,0.01844857544624835,"{""type"":""MultiPoint"",""coordinates"":[]}"
2_2025_02_10,2025-02-10,0.016467110824404687,"{""type"":""MultiPoint"",""coordinates"":[]}"
2_2025_02_18,2025-02-18,0.013607298856140555,"{""type"":""MultiPoint"",""coordinates"":[]}"
2_2025_02_26,2025-02-26,0.011294487318411617,"{""type"":""MultiPoint"",""coordinates"":[]}"
2_2025_03_06,2025-03-06,0.010257349535816957,"{""type"":""MultiPoint"",""coordinates"":[]}"
2_2025_03_14,2025-03-14,0.007243886865068279,"{""type"":""MultiPoint"",""coordinates"":[]}"
2_2025_03_22,2025-03-22,0.007334655343394367,"{""type"":""MultiPoint"",""coordinates"":[]}"
2_2025_03_30,2025-03-30,0.006724023410510282,"{""type"":""MultiPoint"",""coordinates"":[]}"
2_2025_04_07,2025-04-07,0.005257080757466181,"{""type"":""MultiPoint"",""coordinates"":[]}"
2_2025_04_15,2025-04-15,0.005230634063048434,"{""type"":""MultiPoint"",""coordinates"":[]}"
2_2025_04_23,2025-04-23,0.004162236710839045,"{""type"":""MultiPoint"",""coordinates"":[]}"
2_2025_05_01,2025-05-01,0.005247555127839555,"{""type"":""MultiPoint"",""coordinates"":[]}"
2_2025_05_09,2025-05-09,0.0072767684453654185,"{""type"":""MultiPoint"",""coordinates"":[]}"
2_2025_05_17,2025-05-17,0.014477828383525793,"{""type"":""MultiPoint"",""coordinates"":[]}"
2_2025_05_25,2025-05-25,0.015276154966393314,"{""type"":""MultiPoint"",""coordinates"":[]}"
2_2025_06_02,2025-06-02,0.021648225254222647,"{""type"":""MultiPoint"",""coordinates"":[]}"
2_2025_06_10,2025-06-10,0.016636774666958412,"{""type"":""MultiPoint"",""coordinates"":[]}"
2_2025_06_18,2025-06-18,0.018419765764900772,"{""type"":""MultiPoint"",""coordinates"":[]}"
2_2025_06_26,2025-06-26,0.017027831751252425,"{""type"":""MultiPoint"",""coordinates"":[]}"
2_2025_07_04,2025-07-04,0.019807230278379075,"{""type"":""MultiPoint"",""coordinates"":[]}"
2_2025_07_12,2025-07-12,0.01873348737184456,"{""type"":""MultiPoint"",""coordinates"":[]}"
2_2025_07_20,2025-07-20,0.020567376941330744,"{""type"":""MultiPoint"",""coordinates"":[]}"
2_2025_07_28,2025-07-28,0.02654628943592304,"{""type"":""MultiPoint"",""coordinates"":[]}"
2_2025_08_05,2025-08-05,0.018683905404965194,"{""type"":""MultiPoint"",""coordinates"":[]}"
2_2025_08_13,2025-08-13,0.02331126089930399,"{""type"":""MultiPoint"",""coordinates"":[]}"
2_2025_08_21,2025-08-21,0.025268922128951415,"{""type"":""MultiPoint"",""coordinates"":[]}"
2_2025_08_29,2025-08-29,0.02858346804068501,"{""type"":""MultiPoint"",""coordinates"":[]}"
2_2025_09_06,2025-09-06,0.029939134639656213,"{""type"":""MultiPoint"",""coordinates"":[]}"
2_2025_09_14,2025-09-14,0.025587880959979818,"{""type"":""MultiPoint"",""coordinates"":[]}"
2_2025_09_22,2025-09-22,0.02917804671763367,"{""type"":""MultiPoint"",""coordinates"":[]}"
2_2025_09_30,2025-09-30,0.030285251779009186,"{""type"":""MultiPoint"",""coordinates"":[]}"
2_2025_10_08,2025-10-08,0.035449543268734465,"{""type"":""MultiPoint"",""coordinates"":[]}"
2_2025_10_16,2025-10-16,0.026777722320614743,"{""type"":""MultiPoint"",""coordinates"":[]}"
2_2025_10_24,2025-10-24,0.02572153046379863,"{""type"":""MultiPoint"",""coordinates"":[]}"
2_2025_11_01,2025-11-01,0.0345848604113208,"{""type"":""MultiPoint"",""coordinates"":[]}"
2_2025_11_09,2025-11-09,0.035946104547688824,"{""type"":""MultiPoint"",""coordinates"":[]}"
2_2025_11_17,2025-11-17,0.031535560171428334,"{""type"":""MultiPoint"",""coordinates"":[]}"
2_2025_11_25,2025-11-25,0.025981392263339755,"{""type"":""MultiPoint"",""coordinates"":[]}"
2_2025_12_03,2025-12-03,0.029268373150539616,"{""type"":""MultiPoint"",""coordinates"":[]}"
2_2025_12_11,2025-12-11,0.0337747019306675,"{""type"":""MultiPoint"",""coordinates"":[]}"
2_2025_12_19,2025-12-19,0.030103079384939425,"{""type"":""MultiPoint"",""coordinates"":[]}"
2_2025_12_27,2025-12-27,0.017355138629073882,"{""type"":""MultiPoint"",""coordinates"":[]}"
