system:index,date,precipitation_mm,.geo
20000101,2000-01-01,0.0,"{""type"":""MultiPoint"",""coordinates"":[]}"
20000102,2000-01-02,0.0,"{""type"":""MultiPoint"",""coordinates"":[]}"
20000103,2000-01-03,0.0,"{""type"":""MultiPoint"",""coordinates"":[]}"
20000104,2000-01-04,0.0,"{""type"":""MultiPoint"",""coordinates"":[]}"
20000105,2000-01-05,0.2076042372239302,"{""type"":""MultiPoint"",""coordinates"":[]}"
20000106,2000-01-06,0.0,"{""type"":""MultiPoint"",""coordinates"":[]}"
20000107,2000-01-07,0.0,"{""type"":""MultiPoint"",""coordinates"":[]}"
20000108,2000-01-08,0.02166372048478318,"{""type"":""MultiPoint"",""coordinates"":[]}"
20000109,2000-01-09,0.0,"{""type"":""MultiPoint"",""coordinates"":[]}"
20000110,2000-01-10,0.0,"{""type"":""MultiPoint"",""coordinates"":[]}"
20000111,2000-01-11,0.15226507705878076,"{""type"":""MultiPoint"",""coordinates"":[]}"
20000112,2000-01-12,0.0,"{""type"":""MultiPoint"",""coordinates"":[]}"
20000113,2000-01-13,0.0,"{""type"":""MultiPoint"",""coordinates"":[]}"
20000114,2000-01-14,0.0,"{""type"":""MultiPoint"",""coordinates"":[]}"
20000115,2000-01-15,0.0,"{""type"":""MultiPoint"",""coordinates"":[]}"
20000116,2000-01-16,0.0,"{""type"":""MultiPoint"",""coordinates"":[]}"
20000117,2000-01-17,0.0,"{""type"":""MultiPoint"",""coordinates"":[]}"
20000118,2000-01-18,0.0,"{""type"":""MultiPoint"",""coordinates"":[]}"
20000119,2000-01-19,0.0,"{""type"":""MultiPoint"",""coordinates"":[]}"
20000120,2000-01-20,0.0,"{""type"":""MultiPoint"",""coordinates"":[]}"
20000121,2000-01-21,0.0,"{""type"":""MultiPoint"",""coordinates"":[]}"
20000122,2000-01-22,0.0,"{""type"":""MultiPoint"",""coordinates"":[]}"
20000123,2000-01-23,0.0,"{""type"":""MultiPoint"",""coordinates"":[]}"
20000124,2000-01-24,0.0,"{""type"":""MultiPoint"",""coordinates"":[]}"
20000125,2000-01-25,0.0,"{""type"":""MultiPoint"",""coordinates"":[]}"
20000126,2000-01-26,0.0,"{""type"":""MultiPoint"",""coordinates"":[]}"
20000127,2000-01-27,0.0,"{""type"":""MultiPoint"",""coordinates"":[]}"
20000128,2000-01-28,0.0,"{""type"":""MultiPoint"",""coordinates"":[]}"
20000129,2000-01-29,0.0,"{""type"":""MultiPoint"",""coordinates"":[]}"
20000130,2000-01-30,0.0,"{""type"":""MultiPoint"",""coordinates"":[]}"
20000131,2000-01-31,0.0,"{""type"":""MultiPoint"",""coordinates"":[]}"
20000201,2000-02-01,0.025509123003788145,"{""type"":""MultiPoint"",""coordinates"":[]}"
20000202,2000-02-02,0.0,"{""type"":""MultiPoint"",""coordinates"":[]}"
20000203,2000-02-03,0.0,"{""type"":""MultiPoint"",""coordinates"":[]}"
20000204,2000-02-04,0.0,"{""type"":""MultiPoint"",""coordinates"":[]}"
20000205,2000-02-05,0.0,"{""type"":""MultiPoint"",""coordinates"":[]}"
20000206,2000-02-06,0.0,"{""type"":""MultiPoint"",""coordinates"":[]}"
20000207,2000-02-07,0.0,"{""type"":""MultiPoint"",""coordinates"":[]}"
20000208,2000-02-08,0.0,"{""type"":""MultiPoint"",""coordinates"":[]}"
20000209,2000-02-09,0.0,"{""type"":""MultiPoint"",""coordinates"":[]}"
20000210,2000-02-10,0.0,"{""type"":""MultiPoint"",""coordinates"":[]}"
20000211,2000-02-11,0.0,"{""type"":""MultiPoint"",""coordinates"":[]}"
20000212,2000-02-12,4.6156663599814494E-4,"{""type"":""MultiPoint"",""coordinates"":[]}"
20000213,2000-02-13,0.0,"{""type"":""MultiPoint"",""coordinates"":[]}"
20000214,2000-02-14,0.0,"{""type"":""MultiPoint"",""coordinates"":[]}"
20000215,2000-02-15,0.0,"{""type"":""MultiPoint"",""coordinates"":[]}"
20000216,2000-02-16,0.0,"{""type"":""MultiPoint"",""coordinates"":[]}"
20000217,2000-02-17,0.0,"{""type"":""MultiPoint"",""coordinates"":[]}"
20000218,2000-02-18,0.0,"{""type"":""MultiPoint"",""coordinates"":[]}"
20000219,2000-02-19,0.0,"{""type"":""MultiPoint"",""coordinates"":[]}"
20000220,2000-02-20,0.0,"{""type"":""MultiPoint"",""coordinates"":[]}"
20000221,2000-02-21,0.0,"{""type"":""MultiPoint"",""coordinates"":[]}"
20000222,2000-02-22,0.0024220711024188902,"{""type"":""MultiPoint"",""coordinates"":[]}"
20000223,2000-02-23,0.012326897480504587,"{""type"":""MultiPoint"",""coordinates"":[]}"
20000224,2000-02-24,0.8470086288579292,"{""type"":""MultiPoint"",""coordinates"":[]}"
20000225,2000-02-25,0.49301407020890275,"{""type"":""MultiPoint"",""coordinates"":[]}"
20000226,2000-02-26,0.9362256676292298,"{""type"":""MultiPoint"",""coordinates"":[]}"
20000227,2000-02-27,0.0,"{""type"":""MultiPoint"",""coordinates"":[]}"
20000228,2000-02-28,0.0,"{""type"":""MultiPoint"",""coordinates"":[]}"
20000229,2000-02-29,0.0,"{""type"":""MultiPoint"",""coordinates"":[]}"
20000301,2000-03-01,0.0,"{""type"":""MultiPoint"",""coordinates"":[]}"
20000302,2000-03-02,0.07199635649195653,"{""type"":""MultiPoint"",""coordinates"":[]}"
20000303,2000-03-03,0.0,"{""type"":""MultiPoint"",""coordinates"":[]}"
20000304,2000-03-04,0.0,"{""type"":""MultiPoint"",""coordinates"":[]}"
20000305,2000-03-05,0.0,"{""type"":""MultiPoint"",""coordinates"":[]}"
20000306,2000-03-06,0.0,"{""type"":""MultiPoint"",""coordinates"":[]}"
20000307,2000-03-07,0.0,"{""type"":""MultiPoint"",""coordinates"":[]}"
20000308,2000-03-08,0.0,"{""type"":""MultiPoint"",""coordinates"":[]}"
20000309,2000-03-09,0.0,"{""type"":""MultiPoint"",""coordinates"":[]}"
20000310,2000-03-10,0.0,"{""type"":""MultiPoint"",""coordinates"":[]}"
20000311,2000-03-11,0.0,"{""type"":""MultiPoint"",""coordinates"":[]}"
20000312,2000-03-12,0.0,"{""type"":""MultiPoint"",""coordinates"":[]}"
20000313,2000-03-13,0.0,"{""type"":""MultiPoint"",""coordinates"":[]}"
20000314,2000-03-14,0.0,"{""type"":""MultiPoint"",""coordinates"":[]}"
20000315,2000-03-15,0.0,"{""type"":""MultiPoint"",""coordinates"":[]}"
20000316,2000-03-16,0.0,"{""type"":""MultiPoint"",""coordinates"":[]}"
20000317,2000-03-17,0.0,"{""type"":""MultiPoint"",""coordinates"":[]}"
20000318,2000-03-18,0.0,"{""type"":""MultiPoint"",""coordinates"":[]}"
20000319,2000-03-19,0.0,"{""type"":""MultiPoint"",""coordinates"":[]}"
20000320,2000-03-20,0.0,"{""type"":""MultiPoint"",""coordinates"":[]}"
20000321,2000-03-21,0.0,"{""type"":""MultiPoint"",""coordinates"":[]}"
20000322,2000-03-22,0.0,"{""type"":""MultiPoint"",""coordinates"":[]}"
20000323,2000-03-23,0.0,"{""type"":""MultiPoint"",""coordinates"":[]}"
20000324,2000-03-24,0.0,"{""type"":""MultiPoint"",""coordinates"":[]}"
20000325,2000-03-25,0.0,"{""type"":""MultiPoint"",""coordinates"":[]}"
20000326,2000-03-26,0.0,"{""type"":""MultiPoint"",""coordinates"":[]}"
20000327,2000-03-27,0.02067197581470986,"{""type"":""MultiPoint"",""coordinates"":[]}"
20000328,2000-03-28,0.0,"{""type"":""MultiPoint"",""coordinates"":[]}"
20000329,2000-03-29,0.0,"{""type"":""MultiPoint"",""coordinates"":[]}"
20000330,2000-03-30,0.0,"{""type"":""MultiPoint"",""coordinates"":[]}"
20000331,2000-03-31,0.0,"{""type"":""MultiPoint"",""coordinates"":[]}"
20000401,2000-04-01,0.0,"{""type"":""MultiPoint"",""coordinates"":[]}"
20000402,2000-04-02,0.0,"{""type"":""MultiPoint"",""coordinates"":[]}"
20000403,2000-04-03,0.020885446235902796,"{""type"":""MultiPoint"",""coordinates"":[]}"
20000404,2000-04-04,0.0,"{""type"":""MultiPoint"",""coordinates"":[]}"
20000405,2000-04-05,0.0,"{""type"":""MultiPoint"",""coordinates"":[]}"
20000406,2000-04-06,0.0,"{""type"":""MultiPoint"",""coordinates"":[]}"
20000407,2000-04-07,0.26878866955513836,"{""type"":""MultiPoint"",""coordinates"":[]}"
20000408,2000-04-08,0.0,"{""type"":""MultiPoint"",""coordinates"":[]}"
20000409,2000-04-09,0.01587657181231163,"{""type"":""MultiPoint"",""coordinates"":[]}"
20000410,2000-04-10,1.8504846544917568,"{""type"":""MultiPoint"",""coordinates"":[]}"
20000411,2000-04-11,0.08362234367782365,"{""type"":""MultiPoint"",""coordinates"":[]}"
20000412,2000-04-12,0.04033428201209554,"{""type"":""MultiPoint"",""coordinates"":[]}"
20000413,2000-04-13,2.9599417978640137,"{""type"":""MultiPoint"",""coordinates"":[]}"
20000414,2000-04-14,0.05835125615702043,"{""type"":""MultiPoint"",""coordinates"":[]}"
20000415,2000-04-15,0.902725283762453,"{""type"":""MultiPoint"",""coordinates"":[]}"
20000416,2000-04-16,0.035987228223038945,"{""type"":""MultiPoint"",""coordinates"":[]}"
20000417,2000-04-17,6.041457792175063,"{""type"":""MultiPoint"",""coordinates"":[]}"
20000418,2000-04-18,0.7638480716989633,"{""type"":""MultiPoint"",""coordinates"":[]}"
20000419,2000-04-19,0.0,"{""type"":""MultiPoint"",""coordinates"":[]}"
20000420,2000-04-20,0.0,"{""type"":""MultiPoint"",""coordinates"":[]}"
20000421,2000-04-21,0.0,"{""type"":""MultiPoint"",""coordinates"":[]}"
20000422,2000-04-22,0.0,"{""type"":""MultiPoint"",""coordinates"":[]}"
20000423,2000-04-23,0.09714336635101185,"{""type"":""MultiPoint"",""coordinates"":[]}"
20000424,2000-04-24,0.0,"{""type"":""MultiPoint"",""coordinates"":[]}"
20000425,2000-04-25,0.0,"{""type"":""MultiPoint"",""coordinates"":[]}"
20000426,2000-04-26,0.0,"{""type"":""MultiPoint"",""coordinates"":[]}"
20000427,2000-04-27,0.0,"{""type"":""MultiPoint"",""coordinates"":[]}"
20000428,2000-04-28,0.0,"{""type"":""MultiPoint"",""coordinates"":[]}"
20000429,2000-04-29,0.0,"{""type"":""MultiPoint"",""coordinates"":[]}"
20000430,2000-04-30,0.0,"{""type"":""MultiPoint"",""coordinates"":[]}"
20000501,2000-05-01,0.07322294562399424,"{""type"":""MultiPoint"",""coordinates"":[]}"
20000502,2000-05-02,0.03732455451577658,"{""type"":""MultiPoint"",""coordinates"":[]}"
20000503,2000-05-03,5.4347029740200385,"{""type"":""MultiPoint"",""coordinates"":[]}"
20000504,2000-05-04,1.35428717493072,"{""type"":""MultiPoint"",""coordinates"":[]}"
20000505,2000-05-05,1.4624663438685441,"{""type"":""MultiPoint"",""coordinates"":[]}"
20000506,2000-05-06,1.2116800939124535,"{""type"":""MultiPoint"",""coordinates"":[]}"
20000507,2000-05-07,1.5858616460252863,"{""type"":""MultiPoint"",""coordinates"":[]}"
20000508,2000-05-08,0.0014251843328973465,"{""type"":""MultiPoint"",""coordinates"":[]}"
20000509,2000-05-09,0.20564547000601557,"{""type"":""MultiPoint"",""coordinates"":[]}"
20000510,2000-05-10,1.74210141124795,"{""type"":""MultiPoint"",""coordinates"":[]}"
20000511,2000-05-11,0.0,"{""type"":""MultiPoint"",""coordinates"":[]}"
20000512,2000-05-12,0.0,"{""type"":""MultiPoint"",""coordinates"":[]}"
20000513,2000-05-13,0.0,"{""type"":""MultiPoint"",""coordinates"":[]}"
20000514,2000-05-14,0.0,"{""type"":""MultiPoint"",""coordinates"":[]}"
20000515,2000-05-15,0.0,"{""type"":""MultiPoint"",""coordinates"":[]}"
20000516,2000-05-16,2.094961625523279,"{""type"":""MultiPoint"",""coordinates"":[]}"
20000517,2000-05-17,0.05443598009472669,"{""type"":""MultiPoint"",""coordinates"":[]}"
20000518,2000-05-18,0.0,"{""type"":""MultiPoint"",""coordinates"":[]}"
20000519,2000-05-19,0.008400534177204858,"{""type"":""MultiPoint"",""coordinates"":[]}"
20000520,2000-05-20,0.0,"{""type"":""MultiPoint"",""coordinates"":[]}"
20000521,2000-05-21,0.0,"{""type"":""MultiPoint"",""coordinates"":[]}"
20000522,2000-05-22,0.0,"{""type"":""MultiPoint"",""coordinates"":[]}"
20000523,2000-05-23,0.6626604461256883,"{""type"":""MultiPoint"",""coordinates"":[]}"
20000524,2000-05-24,4.88777532052813,"{""type"":""MultiPoint"",""coordinates"":[]}"
20000525,2000-05-25,6.912361109403317,"{""type"":""MultiPoint"",""coordinates"":[]}"
20000526,2000-05-26,12.37438312522355,"{""type"":""MultiPoint"",""coordinates"":[]}"
20000527,2000-05-27,1.9706382077950615,"{""type"":""MultiPoint"",""coordinates"":[]}"
20000528,2000-05-28,0.06904003130755546,"{""type"":""MultiPoint"",""coordinates"":[]}"
20000529,2000-05-29,0.012158615518148255,"{""type"":""MultiPoint"",""coordinates"":[]}"
20000530,2000-05-30,6.319178302628926,"{""type"":""MultiPoint"",""coordinates"":[]}"
20000531,2000-05-31,2.884546293094424,"{""type"":""MultiPoint"",""coordinates"":[]}"
20000601,2000-06-01,2.3553908701823927,"{""type"":""MultiPoint"",""coordinates"":[]}"
20000602,2000-06-02,1.7322316172703658,"{""type"":""MultiPoint"",""coordinates"":[]}"
20000603,2000-06-03,4.039327925391315,"{""type"":""MultiPoint"",""coordinates"":[]}"
20000604,2000-06-04,8.222490981178161,"{""type"":""MultiPoint"",""coordinates"":[]}"
20000605,2000-06-05,9.178783562683535,"{""type"":""MultiPoint"",""coordinates"":[]}"
20000606,2000-06-06,2.2271865243674247,"{""type"":""MultiPoint"",""coordinates"":[]}"
20000607,2000-06-07,0.004231965293408863,"{""type"":""MultiPoint"",""coordinates"":[]}"
20000608,2000-06-08,0.0,"{""type"":""MultiPoint"",""coordinates"":[]}"
20000609,2000-06-09,0.0,"{""type"":""MultiPoint"",""coordinates"":[]}"
20000610,2000-06-10,0.0,"{""type"":""MultiPoint"",""coordinates"":[]}"
20000611,2000-06-11,4.882151011141343,"{""type"":""MultiPoint"",""coordinates"":[]}"
20000612,2000-06-12,1.665069435353841,"{""type"":""MultiPoint"",""coordinates"":[]}"
20000613,2000-06-13,0.021103002394986817,"{""type"":""MultiPoint"",""coordinates"":[]}"
20000614,2000-06-14,0.0,"{""type"":""MultiPoint"",""coordinates"":[]}"
20000615,2000-06-15,0.0,"{""type"":""MultiPoint"",""coordinates"":[]}"
20000616,2000-06-16,0.7696291638802607,"{""type"":""MultiPoint"",""coordinates"":[]}"
20000617,2000-06-17,0.0,"{""type"":""MultiPoint"",""coordinates"":[]}"
20000618,2000-06-18,1.9768728485493672,"{""type"":""MultiPoint"",""coordinates"":[]}"
20000619,2000-06-19,2.500833894516442,"{""type"":""MultiPoint"",""coordinates"":[]}"
20000620,2000-06-20,1.990704589981615,"{""type"":""MultiPoint"",""coordinates"":[]}"
20000621,2000-06-21,5.18327374227996,"{""type"":""MultiPoint"",""coordinates"":[]}"
20000622,2000-06-22,1.7646316525283237,"{""type"":""MultiPoint"",""coordinates"":[]}"
20000623,2000-06-23,2.09007841930936,"{""type"":""MultiPoint"",""coordinates"":[]}"
20000624,2000-06-24,0.0,"{""type"":""MultiPoint"",""coordinates"":[]}"
20000625,2000-06-25,0.0,"{""type"":""MultiPoint"",""coordinates"":[]}"
20000626,2000-06-26,0.015941229602058564,"{""type"":""MultiPoint"",""coordinates"":[]}"
20000627,2000-06-27,2.8169228056111635,"{""type"":""MultiPoint"",""coordinates"":[]}"
20000628,2000-06-28,2.393258549877424,"{""type"":""MultiPoint"",""coordinates"":[]}"
20000629,2000-06-29,3.171932373108598,"{""type"":""MultiPoint"",""coordinates"":[]}"
20000630,2000-06-30,0.07584647681941824,"{""type"":""MultiPoint"",""coordinates"":[]}"
20000701,2000-07-01,0.5119018843833596,"{""type"":""MultiPoint"",""coordinates"":[]}"
20000702,2000-07-02,2.0846925155410507,"{""type"":""MultiPoint"",""coordinates"":[]}"
20000703,2000-07-03,3.891380846819758,"{""type"":""MultiPoint"",""coordinates"":[]}"
20000704,2000-07-04,5.3976425414818765,"{""type"":""MultiPoint"",""coordinates"":[]}"
20000705,2000-07-05,8.776425672251708,"{""type"":""MultiPoint"",""coordinates"":[]}"
20000706,2000-07-06,3.1318973767146847,"{""type"":""MultiPoint"",""coordinates"":[]}"
20000707,2000-07-07,0.9228664904656205,"{""type"":""MultiPoint"",""coordinates"":[]}"
20000708,2000-07-08,1.1317911206940672,"{""type"":""MultiPoint"",""coordinates"":[]}"
20000709,2000-07-09,0.020889385745247166,"{""type"":""MultiPoint"",""coordinates"":[]}"
20000710,2000-07-10,0.03196916297092181,"{""type"":""MultiPoint"",""coordinates"":[]}"
20000711,2000-07-11,3.816840581891733,"{""type"":""MultiPoint"",""coordinates"":[]}"
20000712,2000-07-12,2.7459447641947143,"{""type"":""MultiPoint"",""coordinates"":[]}"
20000713,2000-07-13,0.0,"{""type"":""MultiPoint"",""coordinates"":[]}"
20000714,2000-07-14,0.014223106828296354,"{""type"":""MultiPoint"",""coordinates"":[]}"
20000715,2000-07-15,0.0,"{""type"":""MultiPoint"",""coordinates"":[]}"
20000716,2000-07-16,0.06705756481528323,"{""type"":""MultiPoint"",""coordinates"":[]}"
20000717,2000-07-17,0.8373921283900998,"{""type"":""MultiPoint"",""coordinates"":[]}"
20000718,2000-07-18,0.3488492896195789,"{""type"":""MultiPoint"",""coordinates"":[]}"
20000719,2000-07-19,0.0,"{""type"":""MultiPoint"",""coordinates"":[]}"
20000720,2000-07-20,0.0,"{""type"":""MultiPoint"",""coordinates"":[]}"
20000721,2000-07-21,0.0,"{""type"":""MultiPoint"",""coordinates"":[]}"
20000722,2000-07-22,0.0,"{""type"":""MultiPoint"",""coordinates"":[]}"
20000723,2000-07-23,0.0,"{""type"":""MultiPoint"",""coordinates"":[]}"
20000724,2000-07-24,0.0,"{""type"":""MultiPoint"",""coordinates"":[]}"
20000725,2000-07-25,0.027353163666741908,"{""type"":""MultiPoint"",""coordinates"":[]}"
20000726,2000-07-26,0.040149616149908585,"{""type"":""MultiPoint"",""coordinates"":[]}"
20000727,2000-07-27,4.010710873598396E-4,"{""type"":""MultiPoint"",""coordinates"":[]}"
20000728,2000-07-28,0.5112845081593641,"{""type"":""MultiPoint"",""coordinates"":[]}"
20000729,2000-07-29,0.11878827378689559,"{""type"":""MultiPoint"",""coordinates"":[]}"
20000730,2000-07-30,0.5070392113900507,"{""type"":""MultiPoint"",""coordinates"":[]}"
20000731,2000-07-31,0.790516656097934,"{""type"":""MultiPoint"",""coordinates"":[]}"
20000801,2000-08-01,0.8512354500260548,"{""type"":""MultiPoint"",""coordinates"":[]}"
20000802,2000-08-02,0.37539909974748586,"{""type"":""MultiPoint"",""coordinates"":[]}"
20000803,2000-08-03,3.063418174335706,"{""type"":""MultiPoint"",""coordinates"":[]}"
20000804,2000-08-04,1.00541496304425,"{""type"":""MultiPoint"",""coordinates"":[]}"
20000805,2000-08-05,6.098106520399901,"{""type"":""MultiPoint"",""coordinates"":[]}"
20000806,2000-08-06,5.05182084814403,"{""type"":""MultiPoint"",""coordinates"":[]}"
20000807,2000-08-07,9.109700088768378,"{""type"":""MultiPoint"",""coordinates"":[]}"
20000808,2000-08-08,7.150902363840212,"{""type"":""MultiPoint"",""coordinates"":[]}"
20000809,2000-08-09,10.086210846868541,"{""type"":""MultiPoint"",""coordinates"":[]}"
20000810,2000-08-10,10.646773411499346,"{""type"":""MultiPoint"",""coordinates"":[]}"
20000811,2000-08-11,0.08619111833759735,"{""type"":""MultiPoint"",""coordinates"":[]}"
20000812,2000-08-12,0.16289636137543548,"{""type"":""MultiPoint"",""coordinates"":[]}"
20000813,2000-08-13,0.1509431023114142,"{""type"":""MultiPoint"",""coordinates"":[]}"
20000814,2000-08-14,7.709590654703743,"{""type"":""MultiPoint"",""coordinates"":[]}"
20000815,2000-08-15,7.283676894849988,"{""type"":""MultiPoint"",""coordinates"":[]}"
20000816,2000-08-16,1.9368894082341572,"{""type"":""MultiPoint"",""coordinates"":[]}"
20000817,2000-08-17,0.8732282697681688,"{""type"":""MultiPoint"",""coordinates"":[]}"
20000818,2000-08-18,4.761096074807369,"{""type"":""MultiPoint"",""coordinates"":[]}"
20000819,2000-08-19,2.2217547441560526,"{""type"":""MultiPoint"",""coordinates"":[]}"
20000820,2000-08-20,3.204585172246136,"{""type"":""MultiPoint"",""coordinates"":[]}"
20000821,2000-08-21,7.614546612066808,"{""type"":""MultiPoint"",""coordinates"":[]}"
20000822,2000-08-22,23.531208405430952,"{""type"":""MultiPoint"",""coordinates"":[]}"
20000823,2000-08-23,9.509100517196291,"{""type"":""MultiPoint"",""coordinates"":[]}"
20000824,2000-08-24,0.0,"{""type"":""MultiPoint"",""coordinates"":[]}"
20000825,2000-08-25,0.3707014039594336,"{""type"":""MultiPoint"",""coordinates"":[]}"
20000826,2000-08-26,1.6922726694759074,"{""type"":""MultiPoint"",""coordinates"":[]}"
20000827,2000-08-27,0.27740913251968646,"{""type"":""MultiPoint"",""coordinates"":[]}"
20000828,2000-08-28,0.015603094918408684,"{""type"":""MultiPoint"",""coordinates"":[]}"
20000829,2000-08-29,3.1978655365300965,"{""type"":""MultiPoint"",""coordinates"":[]}"
20000830,2000-08-30,1.5919154228948145,"{""type"":""MultiPoint"",""coordinates"":[]}"
20000831,2000-08-31,0.0,"{""type"":""MultiPoint"",""coordinates"":[]}"
20000901,2000-09-01,0.0,"{""type"":""MultiPoint"",""coordinates"":[]}"
20000902,2000-09-02,0.0,"{""type"":""MultiPoint"",""coordinates"":[]}"
20000903,2000-09-03,0.09721752850890232,"{""type"":""MultiPoint"",""coordinates"":[]}"
20000904,2000-09-04,0.12201795863464128,"{""type"":""MultiPoint"",""coordinates"":[]}"
20000905,2000-09-05,1.5109686963547,"{""type"":""MultiPoint"",""coordinates"":[]}"
20000906,2000-09-06,0.0,"{""type"":""MultiPoint"",""coordinates"":[]}"
20000907,2000-09-07,0.0,"{""type"":""MultiPoint"",""coordinates"":[]}"
20000908,2000-09-08,0.0,"{""type"":""MultiPoint"",""coordinates"":[]}"
20000909,2000-09-09,3.5334721501474107,"{""type"":""MultiPoint"",""coordinates"":[]}"
20000910,2000-09-10,0.025970337686487745,"{""type"":""MultiPoint"",""coordinates"":[]}"
20000911,2000-09-11,0.0,"{""type"":""MultiPoint"",""coordinates"":[]}"
20000912,2000-09-12,0.021402009134722306,"{""type"":""MultiPoint"",""coordinates"":[]}"
20000913,2000-09-13,0.35450382409459247,"{""type"":""MultiPoint"",""coordinates"":[]}"
20000914,2000-09-14,0.011918319042100048,"{""type"":""MultiPoint"",""coordinates"":[]}"
20000915,2000-09-15,0.006917411184007457,"{""type"":""MultiPoint"",""coordinates"":[]}"
20000916,2000-09-16,12.404306569603213,"{""type"":""MultiPoint"",""coordinates"":[]}"
20000917,2000-09-17,25.855653761796475,"{""type"":""MultiPoint"",""coordinates"":[]}"
20000918,2000-09-18,13.33775919962774,"{""type"":""MultiPoint"",""coordinates"":[]}"
20000919,2000-09-19,6.122661541473056,"{""type"":""MultiPoint"",""coordinates"":[]}"
20000920,2000-09-20,5.775084206473853,"{""type"":""MultiPoint"",""coordinates"":[]}"
20000921,2000-09-21,6.204190918270759,"{""type"":""MultiPoint"",""coordinates"":[]}"
20000922,2000-09-22,2.318233822716492,"{""type"":""MultiPoint"",""coordinates"":[]}"
20000923,2000-09-23,2.333230043629724,"{""type"":""MultiPoint"",""coordinates"":[]}"
20000924,2000-09-24,1.4159066504292481,"{""type"":""MultiPoint"",""coordinates"":[]}"
20000925,2000-09-25,5.826751104580023,"{""type"":""MultiPoint"",""coordinates"":[]}"
20000926,2000-09-26,7.384587180076635,"{""type"":""MultiPoint"",""coordinates"":[]}"
20000927,2000-09-27,1.9117972987483294,"{""type"":""MultiPoint"",""coordinates"":[]}"
20000928,2000-09-28,9.638875166039686,"{""type"":""MultiPoint"",""coordinates"":[]}"
20000929,2000-09-29,25.371144072776058,"{""type"":""MultiPoint"",""coordinates"":[]}"
20000930,2000-09-30,11.632814082047208,"{""type"":""MultiPoint"",""coordinates"":[]}"
20001001,2000-10-01,4.790108562864499,"{""type"":""MultiPoint"",""coordinates"":[]}"
20001002,2000-10-02,10.555717846728733,"{""type"":""MultiPoint"",""coordinates"":[]}"
20001003,2000-10-03,16.061410910257337,"{""type"":""MultiPoint"",""coordinates"":[]}"
20001004,2000-10-04,5.839576302230884,"{""type"":""MultiPoint"",""coordinates"":[]}"
20001005,2000-10-05,20.414825881767538,"{""type"":""MultiPoint"",""coordinates"":[]}"
20001006,2000-10-06,12.368646412893511,"{""type"":""MultiPoint"",""coordinates"":[]}"
20001007,2000-10-07,3.302878004364729,"{""type"":""MultiPoint"",""coordinates"":[]}"
20001008,2000-10-08,14.350139701852518,"{""type"":""MultiPoint"",""coordinates"":[]}"
20001009,2000-10-09,9.606423224211861,"{""type"":""MultiPoint"",""coordinates"":[]}"
20001010,2000-10-10,4.610443380788334,"{""type"":""MultiPoint"",""coordinates"":[]}"
20001011,2000-10-11,6.695807415987336,"{""type"":""MultiPoint"",""coordinates"":[]}"
20001012,2000-10-12,0.694991595629839,"{""type"":""MultiPoint"",""coordinates"":[]}"
20001013,2000-10-13,5.070345182415499,"{""type"":""MultiPoint"",""coordinates"":[]}"
20001014,2000-10-14,4.452350530029982,"{""type"":""MultiPoint"",""coordinates"":[]}"
20001015,2000-10-15,2.1233330757774547,"{""type"":""MultiPoint"",""coordinates"":[]}"
20001016,2000-10-16,3.982489563319843,"{""type"":""MultiPoint"",""coordinates"":[]}"
20001017,2000-10-17,2.0828384329991594,"{""type"":""MultiPoint"",""coordinates"":[]}"
20001018,2000-10-18,7.507245471741993,"{""type"":""MultiPoint"",""coordinates"":[]}"
20001019,2000-10-19,7.524486300054917,"{""type"":""MultiPoint"",""coordinates"":[]}"
20001020,2000-10-20,7.935363082919978,"{""type"":""MultiPoint"",""coordinates"":[]}"
20001021,2000-10-21,13.724792767142834,"{""type"":""MultiPoint"",""coordinates"":[]}"
20001022,2000-10-22,8.95964983911128,"{""type"":""MultiPoint"",""coordinates"":[]}"
20001023,2000-10-23,0.0,"{""type"":""MultiPoint"",""coordinates"":[]}"
20001024,2000-10-24,0.0,"{""type"":""MultiPoint"",""coordinates"":[]}"
20001025,2000-10-25,0.0,"{""type"":""MultiPoint"",""coordinates"":[]}"
20001026,2000-10-26,0.0,"{""type"":""MultiPoint"",""coordinates"":[]}"
20001027,2000-10-27,0.0,"{""type"":""MultiPoint"",""coordinates"":[]}"
20001028,2000-10-28,0.0,"{""type"":""MultiPoint"",""coordinates"":[]}"
20001029,2000-10-29,0.0,"{""type"":""MultiPoint"",""coordinates"":[]}"
20001030,2000-10-30,0.0,"{""type"":""MultiPoint"",""coordinates"":[]}"
20001031,2000-10-31,0.0,"{""type"":""MultiPoint"",""coordinates"":[]}"
20001101,2000-11-01,0.0,"{""type"":""MultiPoint"",""coordinates"":[]}"
20001102,2000-11-02,0.0,"{""type"":""MultiPoint"",""coordinates"":[]}"
20001103,2000-11-03,0.0,"{""type"":""MultiPoint"",""coordinates"":[]}"
20001104,2000-11-04,0.003204478485958146,"{""type"":""MultiPoint"",""coordinates"":[]}"
20001105,2000-11-05,0.06652417478586548,"{""type"":""MultiPoint"",""coordinates"":[]}"
20001106,2000-11-06,0.0,"{""type"":""MultiPoint"",""coordinates"":[]}"
20001107,2000-11-07,0.0,"{""type"":""MultiPoint"",""coordinates"":[]}"
20001108,2000-11-08,0.04797530323641618,"{""type"":""MultiPoint"",""coordinates"":[]}"
20001109,2000-11-09,0.0019082404078364294,"{""type"":""MultiPoint"",""coordinates"":[]}"
20001110,2000-11-10,0.0,"{""type"":""MultiPoint"",""coordinates"":[]}"
20001111,2000-11-11,0.0,"{""type"":""MultiPoint"",""coordinates"":[]}"
20001112,2000-11-12,0.05388926399144677,"{""type"":""MultiPoint"",""coordinates"":[]}"
20001113,2000-11-13,0.0,"{""type"":""MultiPoint"",""coordinates"":[]}"
20001114,2000-11-14,0.0,"{""type"":""MultiPoint"",""coordinates"":[]}"
20001115,2000-11-15,0.0,"{""type"":""MultiPoint"",""coordinates"":[]}"
20001116,2000-11-16,0.0,"{""type"":""MultiPoint"",""coordinates"":[]}"
20001117,2000-11-17,1.4782499122988881,"{""type"":""MultiPoint"",""coordinates"":[]}"
20001118,2000-11-18,1.4751804270333764,"{""type"":""MultiPoint"",""coordinates"":[]}"
20001119,2000-11-19,4.912559615398358,"{""type"":""MultiPoint"",""coordinates"":[]}"
20001120,2000-11-20,1.6391719147559456,"{""type"":""MultiPoint"",""coordinates"":[]}"
20001121,2000-11-21,2.0117681759534287,"{""type"":""MultiPoint"",""coordinates"":[]}"
20001122,2000-11-22,0.03278414785538845,"{""type"":""MultiPoint"",""coordinates"":[]}"
20001123,2000-11-23,0.20012042118999743,"{""type"":""MultiPoint"",""coordinates"":[]}"
20001124,2000-11-24,0.0,"{""type"":""MultiPoint"",""coordinates"":[]}"
20001125,2000-11-25,0.0,"{""type"":""MultiPoint"",""coordinates"":[]}"
20001126,2000-11-26,0.0,"{""type"":""MultiPoint"",""coordinates"":[]}"
20001127,2000-11-27,0.0,"{""type"":""MultiPoint"",""coordinates"":[]}"
20001128,2000-11-28,0.039166960089059455,"{""type"":""MultiPoint"",""coordinates"":[]}"
20001129,2000-11-29,4.489100411338209,"{""type"":""MultiPoint"",""coordinates"":[]}"
20001130,2000-11-30,3.6170579173141473,"{""type"":""MultiPoint"",""coordinates"":[]}"
20001201,2000-12-01,1.7749154307076969,"{""type"":""MultiPoint"",""coordinates"":[]}"
20001202,2000-12-02,0.15108995231150604,"{""type"":""MultiPoint"",""coordinates"":[]}"
20001203,2000-12-03,1.0504146044849083,"{""type"":""MultiPoint"",""coordinates"":[]}"
20001204,2000-12-04,0.0,"{""type"":""MultiPoint"",""coordinates"":[]}"
20001205,2000-12-05,0.0,"{""type"":""MultiPoint"",""coordinates"":[]}"
20001206,2000-12-06,0.0,"{""type"":""MultiPoint"",""coordinates"":[]}"
20001207,2000-12-07,0.0,"{""type"":""MultiPoint"",""coordinates"":[]}"
20001208,2000-12-08,0.0,"{""type"":""MultiPoint"",""coordinates"":[]}"
20001209,2000-12-09,0.0,"{""type"":""MultiPoint"",""coordinates"":[]}"
20001210,2000-12-10,0.0,"{""type"":""MultiPoint"",""coordinates"":[]}"
20001211,2000-12-11,0.0,"{""type"":""MultiPoint"",""coordinates"":[]}"
20001212,2000-12-12,0.0,"{""type"":""MultiPoint"",""coordinates"":[]}"
20001213,2000-12-13,0.0,"{""type"":""MultiPoint"",""coordinates"":[]}"
20001214,2000-12-14,0.0,"{""type"":""MultiPoint"",""coordinates"":[]}"
20001215,2000-12-15,0.0,"{""type"":""MultiPoint"",""coordinates"":[]}"
20001216,2000-12-16,0.0,"{""type"":""MultiPoint"",""coordinates"":[]}"
20001217,2000-12-17,0.0,"{""type"":""MultiPoint"",""coordinates"":[]}"
20001218,2000-12-18,0.016085675355025912,"{""type"":""MultiPoint"",""coordinates"":[]}"
20001219,2000-12-19,0.0,"{""type"":""MultiPoint"",""coordinates"":[]}"
20001220,2000-12-20,0.0,"{""type"":""MultiPoint"",""coordinates"":[]}"
20001221,2000-12-21,0.0,"{""type"":""MultiPoint"",""coordinates"":[]}"
20001222,2000-12-22,0.0,"{""type"":""MultiPoint"",""coordinates"":[]}"
20001223,2000-12-23,0.0,"{""type"":""MultiPoint"",""coordinates"":[]}"
20001224,2000-12-24,0.0,"{""type"":""MultiPoint"",""coordinates"":[]}"
20001225,2000-12-25,0.0,"{""type"":""MultiPoint"",""coordinates"":[]}"
20001226,2000-12-26,0.0,"{""type"":""MultiPoint"",""coordinates"":[]}"
20001227,2000-12-27,0.01105259991890302,"{""type"":""MultiPoint"",""coordinates"":[]}"
20001228,2000-12-28,0.0,"{""type"":""MultiPoint"",""coordinates"":[]}"
20001229,2000-12-29,0.0,"{""type"":""MultiPoint"",""coordinates"":[]}"
20001230,2000-12-30,0.004589991000703976,"{""type"":""MultiPoint"",""coordinates"":[]}"
20001231,2000-12-31,0.03452316265012354,"{""type"":""MultiPoint"",""coordinates"":[]}"
20010101,2001-01-01,0.01025186472535508,"{""type"":""MultiPoint"",""coordinates"":[]}"
20010102,2001-01-02,0.0,"{""type"":""MultiPoint"",""coordinates"":[]}"
20010103,2001-01-03,0.0,"{""type"":""MultiPoint"",""coordinates"":[]}"
20010104,2001-01-04,0.0,"{""type"":""MultiPoint"",""coordinates"":[]}"
20010105,2001-01-05,0.0,"{""type"":""MultiPoint"",""coordinates"":[]}"
20010106,2001-01-06,0.0,"{""type"":""MultiPoint"",""coordinates"":[]}"
20010107,2001-01-07,0.0,"{""type"":""MultiPoint"",""coordinates"":[]}"
20010108,2001-01-08,0.0,"{""type"":""MultiPoint"",""coordinates"":[]}"
20010109,2001-01-09,0.0,"{""type"":""MultiPoint"",""coordinates"":[]}"
20010110,2001-01-10,0.003058135933298348,"{""type"":""MultiPoint"",""coordinates"":[]}"
20010111,2001-01-11,0.0,"{""type"":""MultiPoint"",""coordinates"":[]}"
20010112,2001-01-12,0.0,"{""type"":""MultiPoint"",""coordinates"":[]}"
20010113,2001-01-13,1.727693815470341E-4,"{""type"":""MultiPoint"",""coordinates"":[]}"
20010114,2001-01-14,0.0,"{""type"":""MultiPoint"",""coordinates"":[]}"
20010115,2001-01-15,0.0,"{""type"":""MultiPoint"",""coordinates"":[]}"
20010116,2001-01-16,0.0,"{""type"":""MultiPoint"",""coordinates"":[]}"
20010117,2001-01-17,0.0,"{""type"":""MultiPoint"",""coordinates"":[]}"
20010118,2001-01-18,0.0,"{""type"":""MultiPoint"",""coordinates"":[]}"
20010119,2001-01-19,0.0,"{""type"":""MultiPoint"",""coordinates"":[]}"
20010120,2001-01-20,0.00262291180900644,"{""type"":""MultiPoint"",""coordinates"":[]}"
20010121,2001-01-21,0.19485119711516724,"{""type"":""MultiPoint"",""coordinates"":[]}"
20010122,2001-01-22,0.6930991800258138,"{""type"":""MultiPoint"",""coordinates"":[]}"
20010123,2001-01-23,0.0,"{""type"":""MultiPoint"",""coordinates"":[]}"
20010124,2001-01-24,0.0,"{""type"":""MultiPoint"",""coordinates"":[]}"
20010125,2001-01-25,0.002688861432725869,"{""type"":""MultiPoint"",""coordinates"":[]}"
20010126,2001-01-26,8.34559857781501E-5,"{""type"":""MultiPoint"",""coordinates"":[]}"
20010127,2001-01-27,0.0017854581668382912,"{""type"":""MultiPoint"",""coordinates"":[]}"
20010128,2001-01-28,0.007155893347972429,"{""type"":""MultiPoint"",""coordinates"":[]}"
20010129,2001-01-29,0.7074633536069777,"{""type"":""MultiPoint"",""coordinates"":[]}"
20010130,2001-01-30,0.06546356994046643,"{""type"":""MultiPoint"",""coordinates"":[]}"
20010131,2001-01-31,0.0,"{""type"":""MultiPoint"",""coordinates"":[]}"
20010201,2001-02-01,0.0,"{""type"":""MultiPoint"",""coordinates"":[]}"
20010202,2001-02-02,0.0,"{""type"":""MultiPoint"",""coordinates"":[]}"
20010203,2001-02-03,0.0,"{""type"":""MultiPoint"",""coordinates"":[]}"
20010204,2001-02-04,0.0,"{""type"":""MultiPoint"",""coordinates"":[]}"
20010205,2001-02-05,0.0,"{""type"":""MultiPoint"",""coordinates"":[]}"
20010206,2001-02-06,0.0,"{""type"":""MultiPoint"",""coordinates"":[]}"
20010207,2001-02-07,0.0,"{""type"":""MultiPoint"",""coordinates"":[]}"
20010208,2001-02-08,0.0,"{""type"":""MultiPoint"",""coordinates"":[]}"
20010209,2001-02-09,0.0,"{""type"":""MultiPoint"",""coordinates"":[]}"
20010210,2001-02-10,0.0,"{""type"":""MultiPoint"",""coordinates"":[]}"
20010211,2001-02-11,0.0,"{""type"":""MultiPoint"",""coordinates"":[]}"
20010212,2001-02-12,0.0,"{""type"":""MultiPoint"",""coordinates"":[]}"
20010213,2001-02-13,0.0,"{""type"":""MultiPoint"",""coordinates"":[]}"
20010214,2001-02-14,0.0,"{""type"":""MultiPoint"",""coordinates"":[]}"
20010215,2001-02-15,0.0,"{""type"":""MultiPoint"",""coordinates"":[]}"
20010216,2001-02-16,0.0,"{""type"":""MultiPoint"",""coordinates"":[]}"
20010217,2001-02-17,0.0,"{""type"":""MultiPoint"",""coordinates"":[]}"
20010218,2001-02-18,0.0,"{""type"":""MultiPoint"",""coordinates"":[]}"
20010219,2001-02-19,0.0,"{""type"":""MultiPoint"",""coordinates"":[]}"
20010220,2001-02-20,0.0,"{""type"":""MultiPoint"",""coordinates"":[]}"
20010221,2001-02-21,0.0,"{""type"":""MultiPoint"",""coordinates"":[]}"
20010222,2001-02-22,0.0,"{""type"":""MultiPoint"",""coordinates"":[]}"
20010223,2001-02-23,0.0,"{""type"":""MultiPoint"",""coordinates"":[]}"
20010224,2001-02-24,0.0,"{""type"":""MultiPoint"",""coordinates"":[]}"
20010225,2001-02-25,0.0,"{""type"":""MultiPoint"",""coordinates"":[]}"
20010226,2001-02-26,0.0,"{""type"":""MultiPoint"",""coordinates"":[]}"
20010227,2001-02-27,0.0,"{""type"":""MultiPoint"",""coordinates"":[]}"
20010228,2001-02-28,0.0,"{""type"":""MultiPoint"",""coordinates"":[]}"
20010301,2001-03-01,0.0,"{""type"":""MultiPoint"",""coordinates"":[]}"
20010302,2001-03-02,0.0,"{""type"":""MultiPoint"",""coordinates"":[]}"
20010303,2001-03-03,0.0,"{""type"":""MultiPoint"",""coordinates"":[]}"
20010304,2001-03-04,0.0,"{""type"":""MultiPoint"",""coordinates"":[]}"
20010305,2001-03-05,0.0,"{""type"":""MultiPoint"",""coordinates"":[]}"
20010306,2001-03-06,0.0,"{""type"":""MultiPoint"",""coordinates"":[]}"
20010307,2001-03-07,0.0,"{""type"":""MultiPoint"",""coordinates"":[]}"
20010308,2001-03-08,0.0,"{""type"":""MultiPoint"",""coordinates"":[]}"
20010309,2001-03-09,0.0,"{""type"":""MultiPoint"",""coordinates"":[]}"
20010310,2001-03-10,0.0,"{""type"":""MultiPoint"",""coordinates"":[]}"
20010311,2001-03-11,0.0,"{""type"":""MultiPoint"",""coordinates"":[]}"
20010312,2001-03-12,0.0,"{""type"":""MultiPoint"",""coordinates"":[]}"
20010313,2001-03-13,0.0,"{""type"":""MultiPoint"",""coordinates"":[]}"
20010314,2001-03-14,2.36890997590133E-4,"{""type"":""MultiPoint"",""coordinates"":[]}"
20010315,2001-03-15,0.0,"{""type"":""MultiPoint"",""coordinates"":[]}"
20010316,2001-03-16,0.0,"{""type"":""MultiPoint"",""coordinates"":[]}"
20010317,2001-03-17,0.0,"{""type"":""MultiPoint"",""coordinates"":[]}"
20010318,2001-03-18,0.0,"{""type"":""MultiPoint"",""coordinates"":[]}"
20010319,2001-03-19,0.0,"{""type"":""MultiPoint"",""coordinates"":[]}"
20010320,2001-03-20,0.0,"{""type"":""MultiPoint"",""coordinates"":[]}"
20010321,2001-03-21,0.0,"{""type"":""MultiPoint"",""coordinates"":[]}"
20010322,2001-03-22,0.0,"{""type"":""MultiPoint"",""coordinates"":[]}"
20010323,2001-03-23,0.0,"{""type"":""MultiPoint"",""coordinates"":[]}"
20010324,2001-03-24,0.0,"{""type"":""MultiPoint"",""coordinates"":[]}"
20010325,2001-03-25,0.0,"{""type"":""MultiPoint"",""coordinates"":[]}"
20010326,2001-03-26,0.0,"{""type"":""MultiPoint"",""coordinates"":[]}"
20010327,2001-03-27,0.0,"{""type"":""MultiPoint"",""coordinates"":[]}"
20010328,2001-03-28,0.0,"{""type"":""MultiPoint"",""coordinates"":[]}"
20010329,2001-03-29,0.002686780758581395,"{""type"":""MultiPoint"",""coordinates"":[]}"
20010330,2001-03-30,0.23863719651823256,"{""type"":""MultiPoint"",""coordinates"":[]}"
20010331,2001-03-31,0.0,"{""type"":""MultiPoint"",""coordinates"":[]}"
20010401,2001-04-01,1.420924669157393,"{""type"":""MultiPoint"",""coordinates"":[]}"
20010402,2001-04-02,1.475914575599162,"{""type"":""MultiPoint"",""coordinates"":[]}"
20010403,2001-04-03,0.4018018441222078,"{""type"":""MultiPoint"",""coordinates"":[]}"
20010404,2001-04-04,0.0,"{""type"":""MultiPoint"",""coordinates"":[]}"
20010405,2001-04-05,0.0,"{""type"":""MultiPoint"",""coordinates"":[]}"
20010406,2001-04-06,0.0,"{""type"":""MultiPoint"",""coordinates"":[]}"
20010407,2001-04-07,0.0,"{""type"":""MultiPoint"",""coordinates"":[]}"
20010408,2001-04-08,0.07488132108384561,"{""type"":""MultiPoint"",""coordinates"":[]}"
20010409,2001-04-09,0.0,"{""type"":""MultiPoint"",""coordinates"":[]}"
20010410,2001-04-10,0.0,"{""type"":""MultiPoint"",""coordinates"":[]}"
20010411,2001-04-11,2.4535027320510205,"{""type"":""MultiPoint"",""coordinates"":[]}"
20010412,2001-04-12,15.333032622950952,"{""type"":""MultiPoint"",""coordinates"":[]}"
20010413,2001-04-13,1.2652418835967836,"{""type"":""MultiPoint"",""coordinates"":[]}"
20010414,2001-04-14,3.683083848459942,"{""type"":""MultiPoint"",""coordinates"":[]}"
20010415,2001-04-15,1.0091025480622393,"{""type"":""MultiPoint"",""coordinates"":[]}"
20010416,2001-04-16,4.773393926275096,"{""type"":""MultiPoint"",""coordinates"":[]}"
20010417,2001-04-17,0.04446642608209123,"{""type"":""MultiPoint"",""coordinates"":[]}"
20010418,2001-04-18,0.11716788644667671,"{""type"":""MultiPoint"",""coordinates"":[]}"
20010419,2001-04-19,1.1586884230657433,"{""type"":""MultiPoint"",""coordinates"":[]}"
20010420,2001-04-20,0.0037030744560105026,"{""type"":""MultiPoint"",""coordinates"":[]}"
20010421,2001-04-21,0.0,"{""type"":""MultiPoint"",""coordinates"":[]}"
20010422,2001-04-22,0.9334437549430326,"{""type"":""MultiPoint"",""coordinates"":[]}"
20010423,2001-04-23,0.0,"{""type"":""MultiPoint"",""coordinates"":[]}"
20010424,2001-04-24,0.014492946277102682,"{""type"":""MultiPoint"",""coordinates"":[]}"
20010425,2001-04-25,0.00803957952012025,"{""type"":""MultiPoint"",""coordinates"":[]}"
20010426,2001-04-26,0.0,"{""type"":""MultiPoint"",""coordinates"":[]}"
20010427,2001-04-27,0.0,"{""type"":""MultiPoint"",""coordinates"":[]}"
20010428,2001-04-28,0.001942311394268952,"{""type"":""MultiPoint"",""coordinates"":[]}"
20010429,2001-04-29,1.4248279600604982E-4,"{""type"":""MultiPoint"",""coordinates"":[]}"
20010430,2001-04-30,0.01534007523281442,"{""type"":""MultiPoint"",""coordinates"":[]}"
20010501,2001-05-01,0.0,"{""type"":""MultiPoint"",""coordinates"":[]}"
20010502,2001-05-02,0.32979950129910873,"{""type"":""MultiPoint"",""coordinates"":[]}"
20010503,2001-05-03,3.2766807019244584,"{""type"":""MultiPoint"",""coordinates"":[]}"
20010504,2001-05-04,3.111243973197537,"{""type"":""MultiPoint"",""coordinates"":[]}"
20010505,2001-05-05,0.31265779157092477,"{""type"":""MultiPoint"",""coordinates"":[]}"
20010506,2001-05-06,1.050649736551328,"{""type"":""MultiPoint"",""coordinates"":[]}"
20010507,2001-05-07,1.4864861365140778,"{""type"":""MultiPoint"",""coordinates"":[]}"
20010508,2001-05-08,0.0,"{""type"":""MultiPoint"",""coordinates"":[]}"
20010509,2001-05-09,0.0,"{""type"":""MultiPoint"",""coordinates"":[]}"
20010510,2001-05-10,0.0,"{""type"":""MultiPoint"",""coordinates"":[]}"
20010511,2001-05-11,0.0,"{""type"":""MultiPoint"",""coordinates"":[]}"
20010512,2001-05-12,0.3859817948096358,"{""type"":""MultiPoint"",""coordinates"":[]}"
20010513,2001-05-13,0.0,"{""type"":""MultiPoint"",""coordinates"":[]}"
20010514,2001-05-14,0.0,"{""type"":""MultiPoint"",""coordinates"":[]}"
20010515,2001-05-15,0.0,"{""type"":""MultiPoint"",""coordinates"":[]}"
20010516,2001-05-16,0.0,"{""type"":""MultiPoint"",""coordinates"":[]}"
20010517,2001-05-17,2.2854587796075694,"{""type"":""MultiPoint"",""coordinates"":[]}"
20010518,2001-05-18,0.0,"{""type"":""MultiPoint"",""coordinates"":[]}"
20010519,2001-05-19,0.0,"{""type"":""MultiPoint"",""coordinates"":[]}"
20010520,2001-05-20,0.06007836064842419,"{""type"":""MultiPoint"",""coordinates"":[]}"
20010521,2001-05-21,6.629461337770683,"{""type"":""MultiPoint"",""coordinates"":[]}"
20010522,2001-05-22,0.0,"{""type"":""MultiPoint"",""coordinates"":[]}"
20010523,2001-05-23,0.06857145192730284,"{""type"":""MultiPoint"",""coordinates"":[]}"
20010524,2001-05-24,0.0,"{""type"":""MultiPoint"",""coordinates"":[]}"
20010525,2001-05-25,0.021457611645807787,"{""type"":""MultiPoint"",""coordinates"":[]}"
20010526,2001-05-26,2.086688903568396,"{""type"":""MultiPoint"",""coordinates"":[]}"
20010527,2001-05-27,0.0,"{""type"":""MultiPoint"",""coordinates"":[]}"
20010528,2001-05-28,2.0826255517252528,"{""type"":""MultiPoint"",""coordinates"":[]}"
20010529,2001-05-29,0.6404255654833775,"{""type"":""MultiPoint"",""coordinates"":[]}"
20010530,2001-05-30,0.0,"{""type"":""MultiPoint"",""coordinates"":[]}"
20010531,2001-05-31,0.0,"{""type"":""MultiPoint"",""coordinates"":[]}"
20010601,2001-06-01,0.0,"{""type"":""MultiPoint"",""coordinates"":[]}"
20010602,2001-06-02,0.5400149358973834,"{""type"":""MultiPoint"",""coordinates"":[]}"
20010603,2001-06-03,2.0352907734647934,"{""type"":""MultiPoint"",""coordinates"":[]}"
20010604,2001-06-04,3.140748424718353,"{""type"":""MultiPoint"",""coordinates"":[]}"
20010605,2001-06-05,0.8521796410145576,"{""type"":""MultiPoint"",""coordinates"":[]}"
20010606,2001-06-06,0.6424707831351129,"{""type"":""MultiPoint"",""coordinates"":[]}"
20010607,2001-06-07,3.58246076603089,"{""type"":""MultiPoint"",""coordinates"":[]}"
20010608,2001-06-08,0.22974771451635845,"{""type"":""MultiPoint"",""coordinates"":[]}"
20010609,2001-06-09,0.0,"{""type"":""MultiPoint"",""coordinates"":[]}"
20010610,2001-06-10,2.7597502910046634,"{""type"":""MultiPoint"",""coordinates"":[]}"
20010611,2001-06-11,4.768728080133911,"{""type"":""MultiPoint"",""coordinates"":[]}"
20010612,2001-06-12,3.1551419999343233,"{""type"":""MultiPoint"",""coordinates"":[]}"
20010613,2001-06-13,0.9334867246113265,"{""type"":""MultiPoint"",""coordinates"":[]}"
20010614,2001-06-14,1.5141435132864938,"{""type"":""MultiPoint"",""coordinates"":[]}"
20010615,2001-06-15,0.3885283088799787,"{""type"":""MultiPoint"",""coordinates"":[]}"
20010616,2001-06-16,0.26496658474821566,"{""type"":""MultiPoint"",""coordinates"":[]}"
20010617,2001-06-17,0.0,"{""type"":""MultiPoint"",""coordinates"":[]}"
20010618,2001-06-18,0.0,"{""type"":""MultiPoint"",""coordinates"":[]}"
20010619,2001-06-19,0.0699905559467342,"{""type"":""MultiPoint"",""coordinates"":[]}"
20010620,2001-06-20,0.5743784530514601,"{""type"":""MultiPoint"",""coordinates"":[]}"
20010621,2001-06-21,0.013869742131388101,"{""type"":""MultiPoint"",""coordinates"":[]}"
20010622,2001-06-22,0.0,"{""type"":""MultiPoint"",""coordinates"":[]}"
20010623,2001-06-23,0.0,"{""type"":""MultiPoint"",""coordinates"":[]}"
20010624,2001-06-24,0.07117392076962316,"{""type"":""MultiPoint"",""coordinates"":[]}"
20010625,2001-06-25,0.0,"{""type"":""MultiPoint"",""coordinates"":[]}"
20010626,2001-06-26,0.0,"{""type"":""MultiPoint"",""coordinates"":[]}"
20010627,2001-06-27,0.04461435537280702,"{""type"":""MultiPoint"",""coordinates"":[]}"
20010628,2001-06-28,0.0,"{""type"":""MultiPoint"",""coordinates"":[]}"
20010629,2001-06-29,0.02608578074420553,"{""type"":""MultiPoint"",""coordinates"":[]}"
20010630,2001-06-30,0.7202848934941312,"{""type"":""MultiPoint"",""coordinates"":[]}"
20010701,2001-07-01,0.0,"{""type"":""MultiPoint"",""coordinates"":[]}"
20010702,2001-07-02,0.0,"{""type"":""MultiPoint"",""coordinates"":[]}"
20010703,2001-07-03,0.0,"{""type"":""MultiPoint"",""coordinates"":[]}"
20010704,2001-07-04,0.22094850735779842,"{""type"":""MultiPoint"",""coordinates"":[]}"
20010705,2001-07-05,1.2100012127325734,"{""type"":""MultiPoint"",""coordinates"":[]}"
20010706,2001-07-06,0.13409853442699377,"{""type"":""MultiPoint"",""coordinates"":[]}"
20010707,2001-07-07,0.0020615747721636304,"{""type"":""MultiPoint"",""coordinates"":[]}"
20010708,2001-07-08,0.538942502165916,"{""type"":""MultiPoint"",""coordinates"":[]}"
20010709,2001-07-09,0.638978505421766,"{""type"":""MultiPoint"",""coordinates"":[]}"
20010710,2001-07-10,0.0024022764299769656,"{""type"":""MultiPoint"",""coordinates"":[]}"
20010711,2001-07-11,2.915387372819919,"{""type"":""MultiPoint"",""coordinates"":[]}"
20010712,2001-07-12,0.010106036294293241,"{""type"":""MultiPoint"",""coordinates"":[]}"
20010713,2001-07-13,0.44833911020719514,"{""type"":""MultiPoint"",""coordinates"":[]}"
20010714,2001-07-14,0.0036117489772218335,"{""type"":""MultiPoint"",""coordinates"":[]}"
20010715,2001-07-15,0.427121130074945,"{""type"":""MultiPoint"",""coordinates"":[]}"
20010716,2001-07-16,4.42977863197776,"{""type"":""MultiPoint"",""coordinates"":[]}"
20010717,2001-07-17,1.0096489542466445,"{""type"":""MultiPoint"",""coordinates"":[]}"
20010718,2001-07-18,0.0,"{""type"":""MultiPoint"",""coordinates"":[]}"
20010719,2001-07-19,0.0,"{""type"":""MultiPoint"",""coordinates"":[]}"
20010720,2001-07-20,0.20255415645482577,"{""type"":""MultiPoint"",""coordinates"":[]}"
20010721,2001-07-21,0.007899602588575208,"{""type"":""MultiPoint"",""coordinates"":[]}"
20010722,2001-07-22,0.0,"{""type"":""MultiPoint"",""coordinates"":[]}"
20010723,2001-07-23,1.3693402251050906,"{""type"":""MultiPoint"",""coordinates"":[]}"
20010724,2001-07-24,0.2067210192647467,"{""type"":""MultiPoint"",""coordinates"":[]}"
20010725,2001-07-25,0.0805104193422353,"{""type"":""MultiPoint"",""coordinates"":[]}"
20010726,2001-07-26,3.0766549989758336,"{""type"":""MultiPoint"",""coordinates"":[]}"
20010727,2001-07-27,1.8452630046643645,"{""type"":""MultiPoint"",""coordinates"":[]}"
20010728,2001-07-28,3.551646357776335,"{""type"":""MultiPoint"",""coordinates"":[]}"
20010729,2001-07-29,1.1492424998272952,"{""type"":""MultiPoint"",""coordinates"":[]}"
20010730,2001-07-30,0.164166630965164,"{""type"":""MultiPoint"",""coordinates"":[]}"
20010731,2001-07-31,3.1788719765916564,"{""type"":""MultiPoint"",""coordinates"":[]}"
20010801,2001-08-01,6.028080199187909,"{""type"":""MultiPoint"",""coordinates"":[]}"
20010802,2001-08-02,7.023038088886742,"{""type"":""MultiPoint"",""coordinates"":[]}"
20010803,2001-08-03,9.951640514648515,"{""type"":""MultiPoint"",""coordinates"":[]}"
20010804,2001-08-04,0.10049900173728828,"{""type"":""MultiPoint"",""coordinates"":[]}"
20010805,2001-08-05,0.01615814947523762,"{""type"":""MultiPoint"",""coordinates"":[]}"
20010806,2001-08-06,1.7673777287668544,"{""type"":""MultiPoint"",""coordinates"":[]}"
20010807,2001-08-07,0.8840091001763147,"{""type"":""MultiPoint"",""coordinates"":[]}"
20010808,2001-08-08,0.16411425080970338,"{""type"":""MultiPoint"",""coordinates"":[]}"
20010809,2001-08-09,0.4047462201846558,"{""type"":""MultiPoint"",""coordinates"":[]}"
20010810,2001-08-10,2.300798406655335,"{""type"":""MultiPoint"",""coordinates"":[]}"
20010811,2001-08-11,1.7400344985296758,"{""type"":""MultiPoint"",""coordinates"":[]}"
20010812,2001-08-12,0.5479670032944605,"{""type"":""MultiPoint"",""coordinates"":[]}"
20010813,2001-08-13,3.3386498365423702,"{""type"":""MultiPoint"",""coordinates"":[]}"
20010814,2001-08-14,6.362512365209995,"{""type"":""MultiPoint"",""coordinates"":[]}"
20010815,2001-08-15,0.1423024332336964,"{""type"":""MultiPoint"",""coordinates"":[]}"
20010816,2001-08-16,0.051131299851692874,"{""type"":""MultiPoint"",""coordinates"":[]}"
20010817,2001-08-17,1.3942126183700387,"{""type"":""MultiPoint"",""coordinates"":[]}"
20010818,2001-08-18,0.8239056042624997,"{""type"":""MultiPoint"",""coordinates"":[]}"
20010819,2001-08-19,0.0,"{""type"":""MultiPoint"",""coordinates"":[]}"
20010820,2001-08-20,0.3515010349227713,"{""type"":""MultiPoint"",""coordinates"":[]}"
20010821,2001-08-21,0.0,"{""type"":""MultiPoint"",""coordinates"":[]}"
20010822,2001-08-22,0.0,"{""type"":""MultiPoint"",""coordinates"":[]}"
20010823,2001-08-23,0.0,"{""type"":""MultiPoint"",""coordinates"":[]}"
20010824,2001-08-24,0.03252339606260556,"{""type"":""MultiPoint"",""coordinates"":[]}"
20010825,2001-08-25,0.1356702101148201,"{""type"":""MultiPoint"",""coordinates"":[]}"
20010826,2001-08-26,2.024616688173814,"{""type"":""MultiPoint"",""coordinates"":[]}"
20010827,2001-08-27,3.2942425023511483,"{""type"":""MultiPoint"",""coordinates"":[]}"
20010828,2001-08-28,0.0,"{""type"":""MultiPoint"",""coordinates"":[]}"
20010829,2001-08-29,0.009290431836288653,"{""type"":""MultiPoint"",""coordinates"":[]}"
20010830,2001-08-30,0.0,"{""type"":""MultiPoint"",""coordinates"":[]}"
20010831,2001-08-31,0.0,"{""type"":""MultiPoint"",""coordinates"":[]}"
20010901,2001-09-01,0.0,"{""type"":""MultiPoint"",""coordinates"":[]}"
20010902,2001-09-02,0.0,"{""type"":""MultiPoint"",""coordinates"":[]}"
20010903,2001-09-03,0.0,"{""type"":""MultiPoint"",""coordinates"":[]}"
20010904,2001-09-04,0.0024002121271487114,"{""type"":""MultiPoint"",""coordinates"":[]}"
20010905,2001-09-05,0.007402497226059773,"{""type"":""MultiPoint"",""coordinates"":[]}"
20010906,2001-09-06,0.8072113866498077,"{""type"":""MultiPoint"",""coordinates"":[]}"
20010907,2001-09-07,0.7367748635347479,"{""type"":""MultiPoint"",""coordinates"":[]}"
20010908,2001-09-08,1.0065701746298106,"{""type"":""MultiPoint"",""coordinates"":[]}"
20010909,2001-09-09,4.391267505683364,"{""type"":""MultiPoint"",""coordinates"":[]}"
20010910,2001-09-10,3.3014373266747494,"{""type"":""MultiPoint"",""coordinates"":[]}"
20010911,2001-09-11,6.8919550966761784,"{""type"":""MultiPoint"",""coordinates"":[]}"
20010912,2001-09-12,3.883703081474636,"{""type"":""MultiPoint"",""coordinates"":[]}"
20010913,2001-09-13,0.7415069307696416,"{""type"":""MultiPoint"",""coordinates"":[]}"
20010914,2001-09-14,11.674413123838306,"{""type"":""MultiPoint"",""coordinates"":[]}"
20010915,2001-09-15,8.030504060079103,"{""type"":""MultiPoint"",""coordinates"":[]}"
20010916,2001-09-16,14.391312661767467,"{""type"":""MultiPoint"",""coordinates"":[]}"
20010917,2001-09-17,4.905075800277895,"{""type"":""MultiPoint"",""coordinates"":[]}"
20010918,2001-09-18,10.820875001818374,"{""type"":""MultiPoint"",""coordinates"":[]}"
20010919,2001-09-19,7.762470910793943,"{""type"":""MultiPoint"",""coordinates"":[]}"
20010920,2001-09-20,12.657831787300903,"{""type"":""MultiPoint"",""coordinates"":[]}"
20010921,2001-09-21,12.00389060442231,"{""type"":""MultiPoint"",""coordinates"":[]}"
20010922,2001-09-22,22.04228449442633,"{""type"":""MultiPoint"",""coordinates"":[]}"
20010923,2001-09-23,8.67740231984904,"{""type"":""MultiPoint"",""coordinates"":[]}"
20010924,2001-09-24,4.004347014732047,"{""type"":""MultiPoint"",""coordinates"":[]}"
20010925,2001-09-25,12.443437609456288,"{""type"":""MultiPoint"",""coordinates"":[]}"
20010926,2001-09-26,2.6980584018461586,"{""type"":""MultiPoint"",""coordinates"":[]}"
20010927,2001-09-27,26.052279742407688,"{""type"":""MultiPoint"",""coordinates"":[]}"
20010928,2001-09-28,14.22822647224374,"{""type"":""MultiPoint"",""coordinates"":[]}"
20010929,2001-09-29,11.992051960463733,"{""type"":""MultiPoint"",""coordinates"":[]}"
20010930,2001-09-30,0.8445413598965203,"{""type"":""MultiPoint"",""coordinates"":[]}"
20011001,2001-10-01,0.07144648954857638,"{""type"":""MultiPoint"",""coordinates"":[]}"
20011002,2001-10-02,0.01343139107757623,"{""type"":""MultiPoint"",""coordinates"":[]}"
20011003,2001-10-03,0.05483601822990205,"{""type"":""MultiPoint"",""coordinates"":[]}"
20011004,2001-10-04,6.353535591304478,"{""type"":""MultiPoint"",""coordinates"":[]}"
20011005,2001-10-05,19.641379461469757,"{""type"":""MultiPoint"",""coordinates"":[]}"
20011006,2001-10-06,52.21825409613637,"{""type"":""MultiPoint"",""coordinates"":[]}"
20011007,2001-10-07,22.00638459490335,"{""type"":""MultiPoint"",""coordinates"":[]}"
20011008,2001-10-08,6.69465724408561,"{""type"":""MultiPoint"",""coordinates"":[]}"
20011009,2001-10-09,7.7588386325496925,"{""type"":""MultiPoint"",""coordinates"":[]}"
20011010,2001-10-10,8.66928159011414,"{""type"":""MultiPoint"",""coordinates"":[]}"
20011011,2001-10-11,5.611852852387625,"{""type"":""MultiPoint"",""coordinates"":[]}"
20011012,2001-10-12,7.53468888114475,"{""type"":""MultiPoint"",""coordinates"":[]}"
20011013,2001-10-13,10.585367186929233,"{""type"":""MultiPoint"",""coordinates"":[]}"
20011014,2001-10-14,9.328139380781922,"{""type"":""MultiPoint"",""coordinates"":[]}"
20011015,2001-10-15,13.468406146989304,"{""type"":""MultiPoint"",""coordinates"":[]}"
20011016,2001-10-16,49.676228278991495,"{""type"":""MultiPoint"",""coordinates"":[]}"
20011017,2001-10-17,0.733682635518307,"{""type"":""MultiPoint"",""coordinates"":[]}"
20011018,2001-10-18,0.0,"{""type"":""MultiPoint"",""coordinates"":[]}"
20011019,2001-10-19,2.983831268824791,"{""type"":""MultiPoint"",""coordinates"":[]}"
20011020,2001-10-20,0.0,"{""type"":""MultiPoint"",""coordinates"":[]}"
20011021,2001-10-21,0.0,"{""type"":""MultiPoint"",""coordinates"":[]}"
20011022,2001-10-22,0.0,"{""type"":""MultiPoint"",""coordinates"":[]}"
20011023,2001-10-23,0.8364048198908612,"{""type"":""MultiPoint"",""coordinates"":[]}"
20011024,2001-10-24,6.080486490325047,"{""type"":""MultiPoint"",""coordinates"":[]}"
20011025,2001-10-25,0.7303368050480958,"{""type"":""MultiPoint"",""coordinates"":[]}"
20011026,2001-10-26,0.0,"{""type"":""MultiPoint"",""coordinates"":[]}"
20011027,2001-10-27,0.0,"{""type"":""MultiPoint"",""coordinates"":[]}"
20011028,2001-10-28,0.0,"{""type"":""MultiPoint"",""coordinates"":[]}"
20011029,2001-10-29,0.0,"{""type"":""MultiPoint"",""coordinates"":[]}"
20011030,2001-10-30,0.0,"{""type"":""MultiPoint"",""coordinates"":[]}"
20011031,2001-10-31,0.0,"{""type"":""MultiPoint"",""coordinates"":[]}"
20011101,2001-11-01,0.0,"{""type"":""MultiPoint"",""coordinates"":[]}"
20011102,2001-11-02,1.4890155067560829,"{""type"":""MultiPoint"",""coordinates"":[]}"
20011103,2001-11-03,0.11346851378014294,"{""type"":""MultiPoint"",""coordinates"":[]}"
20011104,2001-11-04,0.0,"{""type"":""MultiPoint"",""coordinates"":[]}"
20011105,2001-11-05,4.054277068989187,"{""type"":""MultiPoint"",""coordinates"":[]}"
20011106,2001-11-06,1.347599068956858,"{""type"":""MultiPoint"",""coordinates"":[]}"
20011107,2001-11-07,1.69331425802617,"{""type"":""MultiPoint"",""coordinates"":[]}"
20011108,2001-11-08,0.16764412417956334,"{""type"":""MultiPoint"",""coordinates"":[]}"
20011109,2001-11-09,0.0,"{""type"":""MultiPoint"",""coordinates"":[]}"
20011110,2001-11-10,1.2066844735940827,"{""type"":""MultiPoint"",""coordinates"":[]}"
20011111,2001-11-11,0.011765082160129179,"{""type"":""MultiPoint"",""coordinates"":[]}"
20011112,2001-11-12,0.0,"{""type"":""MultiPoint"",""coordinates"":[]}"
20011113,2001-11-13,0.0,"{""type"":""MultiPoint"",""coordinates"":[]}"
20011114,2001-11-14,0.0,"{""type"":""MultiPoint"",""coordinates"":[]}"
20011115,2001-11-15,0.03327018100215738,"{""type"":""MultiPoint"",""coordinates"":[]}"
20011116,2001-11-16,0.39205666041525,"{""type"":""MultiPoint"",""coordinates"":[]}"
20011117,2001-11-17,0.0,"{""type"":""MultiPoint"",""coordinates"":[]}"
20011118,2001-11-18,0.0,"{""type"":""MultiPoint"",""coordinates"":[]}"
20011119,2001-11-19,0.0,"{""type"":""MultiPoint"",""coordinates"":[]}"
20011120,2001-11-20,0.0,"{""type"":""MultiPoint"",""coordinates"":[]}"
20011121,2001-11-21,0.0,"{""type"":""MultiPoint"",""coordinates"":[]}"
20011122,2001-11-22,0.0,"{""type"":""MultiPoint"",""coordinates"":[]}"
20011123,2001-11-23,0.0,"{""type"":""MultiPoint"",""coordinates"":[]}"
20011124,2001-11-24,0.0,"{""type"":""MultiPoint"",""coordinates"":[]}"
20011125,2001-11-25,0.0,"{""type"":""MultiPoint"",""coordinates"":[]}"
20011126,2001-11-26,0.0,"{""type"":""MultiPoint"",""coordinates"":[]}"
20011127,2001-11-27,0.0,"{""type"":""MultiPoint"",""coordinates"":[]}"
20011128,2001-11-28,0.0,"{""type"":""MultiPoint"",""coordinates"":[]}"
20011129,2001-11-29,0.0,"{""type"":""MultiPoint"",""coordinates"":[]}"
20011130,2001-11-30,0.0,"{""type"":""MultiPoint"",""coordinates"":[]}"
20011201,2001-12-01,0.03636168918937051,"{""type"":""MultiPoint"",""coordinates"":[]}"
20011202,2001-12-02,0.0,"{""type"":""MultiPoint"",""coordinates"":[]}"
20011203,2001-12-03,0.0,"{""type"":""MultiPoint"",""coordinates"":[]}"
20011204,2001-12-04,0.0,"{""type"":""MultiPoint"",""coordinates"":[]}"
20011205,2001-12-05,0.0,"{""type"":""MultiPoint"",""coordinates"":[]}"
20011206,2001-12-06,0.0,"{""type"":""MultiPoint"",""coordinates"":[]}"
20011207,2001-12-07,0.0,"{""type"":""MultiPoint"",""coordinates"":[]}"
20011208,2001-12-08,0.0,"{""type"":""MultiPoint"",""coordinates"":[]}"
20011209,2001-12-09,0.0,"{""type"":""MultiPoint"",""coordinates"":[]}"
20011210,2001-12-10,0.0,"{""type"":""MultiPoint"",""coordinates"":[]}"
20011211,2001-12-11,0.0,"{""type"":""MultiPoint"",""coordinates"":[]}"
20011212,2001-12-12,0.0,"{""type"":""MultiPoint"",""coordinates"":[]}"
20011213,2001-12-13,0.0,"{""type"":""MultiPoint"",""coordinates"":[]}"
20011214,2001-12-14,0.0,"{""type"":""MultiPoint"",""coordinates"":[]}"
20011215,2001-12-15,0.0,"{""type"":""MultiPoint"",""coordinates"":[]}"
20011216,2001-12-16,0.0,"{""type"":""MultiPoint"",""coordinates"":[]}"
20011217,2001-12-17,0.0891928405159678,"{""type"":""MultiPoint"",""coordinates"":[]}"
20011218,2001-12-18,0.0,"{""type"":""MultiPoint"",""coordinates"":[]}"
20011219,2001-12-19,0.24430816620880988,"{""type"":""MultiPoint"",""coordinates"":[]}"
20011220,2001-12-20,2.2238314470787675,"{""type"":""MultiPoint"",""coordinates"":[]}"
20011221,2001-12-21,0.17026917251680268,"{""type"":""MultiPoint"",""coordinates"":[]}"
20011222,2001-12-22,0.0,"{""type"":""MultiPoint"",""coordinates"":[]}"
20011223,2001-12-23,0.18820155920048276,"{""type"":""MultiPoint"",""coordinates"":[]}"
20011224,2001-12-24,0.0,"{""type"":""MultiPoint"",""coordinates"":[]}"
20011225,2001-12-25,0.005338733385379662,"{""type"":""MultiPoint"",""coordinates"":[]}"
20011226,2001-12-26,0.006166121516772443,"{""type"":""MultiPoint"",""coordinates"":[]}"
20011227,2001-12-27,0.0,"{""type"":""MultiPoint"",""coordinates"":[]}"
20011228,2001-12-28,0.0,"{""type"":""MultiPoint"",""coordinates"":[]}"
20011229,2001-12-29,0.3204489344919974,"{""type"":""MultiPoint"",""coordinates"":[]}"
20011230,2001-12-30,0.02991606979188293,"{""type"":""MultiPoint"",""coordinates"":[]}"
20011231,2001-12-31,0.0,"{""type"":""MultiPoint"",""coordinates"":[]}"
20020101,2002-01-01,0.0,"{""type"":""MultiPoint"",""coordinates"":[]}"
20020102,2002-01-02,0.0,"{""type"":""MultiPoint"",""coordinates"":[]}"
20020103,2002-01-03,0.0,"{""type"":""MultiPoint"",""coordinates"":[]}"
20020104,2002-01-04,0.0,"{""type"":""MultiPoint"",""coordinates"":[]}"
20020105,2002-01-05,0.020328518059420778,"{""type"":""MultiPoint"",""coordinates"":[]}"
20020106,2002-01-06,0.08371619327962022,"{""type"":""MultiPoint"",""coordinates"":[]}"
20020107,2002-01-07,0.022188957542445743,"{""type"":""MultiPoint"",""coordinates"":[]}"
20020108,2002-01-08,0.01097133579487736,"{""type"":""MultiPoint"",""coordinates"":[]}"
20020109,2002-01-09,0.0,"{""type"":""MultiPoint"",""coordinates"":[]}"
20020110,2002-01-10,0.0,"{""type"":""MultiPoint"",""coordinates"":[]}"
20020111,2002-01-11,0.0,"{""type"":""MultiPoint"",""coordinates"":[]}"
20020112,2002-01-12,0.0,"{""type"":""MultiPoint"",""coordinates"":[]}"
20020113,2002-01-13,0.0,"{""type"":""MultiPoint"",""coordinates"":[]}"
20020114,2002-01-14,0.0,"{""type"":""MultiPoint"",""coordinates"":[]}"
20020115,2002-01-15,0.007891172878950537,"{""type"":""MultiPoint"",""coordinates"":[]}"
20020116,2002-01-16,0.0,"{""type"":""MultiPoint"",""coordinates"":[]}"
20020117,2002-01-17,0.0,"{""type"":""MultiPoint"",""coordinates"":[]}"
20020118,2002-01-18,0.0,"{""type"":""MultiPoint"",""coordinates"":[]}"
20020119,2002-01-19,0.0,"{""type"":""MultiPoint"",""coordinates"":[]}"
20020120,2002-01-20,0.0,"{""type"":""MultiPoint"",""coordinates"":[]}"
20020121,2002-01-21,0.0,"{""type"":""MultiPoint"",""coordinates"":[]}"
20020122,2002-01-22,0.0,"{""type"":""MultiPoint"",""coordinates"":[]}"
20020123,2002-01-23,0.0,"{""type"":""MultiPoint"",""coordinates"":[]}"
20020124,2002-01-24,0.0,"{""type"":""MultiPoint"",""coordinates"":[]}"
20020125,2002-01-25,0.07759623441158539,"{""type"":""MultiPoint"",""coordinates"":[]}"
20020126,2002-01-26,0.3291476583835628,"{""type"":""MultiPoint"",""coordinates"":[]}"
20020127,2002-01-27,0.08995408782065803,"{""type"":""MultiPoint"",""coordinates"":[]}"
20020128,2002-01-28,0.057503135678722964,"{""type"":""MultiPoint"",""coordinates"":[]}"
20020129,2002-01-29,0.07752474419430767,"{""type"":""MultiPoint"",""coordinates"":[]}"
20020130,2002-01-30,0.0,"{""type"":""MultiPoint"",""coordinates"":[]}"
20020131,2002-01-31,0.0,"{""type"":""MultiPoint"",""coordinates"":[]}"
20020201,2002-02-01,1.5360679669685406,"{""type"":""MultiPoint"",""coordinates"":[]}"
20020202,2002-02-02,7.352753572217477E-4,"{""type"":""MultiPoint"",""coordinates"":[]}"
20020203,2002-02-03,0.0,"{""type"":""MultiPoint"",""coordinates"":[]}"
20020204,2002-02-04,0.0,"{""type"":""MultiPoint"",""coordinates"":[]}"
20020205,2002-02-05,0.0,"{""type"":""MultiPoint"",""coordinates"":[]}"
20020206,2002-02-06,0.0,"{""type"":""MultiPoint"",""coordinates"":[]}"
20020207,2002-02-07,0.22470864019875672,"{""type"":""MultiPoint"",""coordinates"":[]}"
20020208,2002-02-08,0.1700221672987812,"{""type"":""MultiPoint"",""coordinates"":[]}"
20020209,2002-02-09,0.011960249454791553,"{""type"":""MultiPoint"",""coordinates"":[]}"
20020210,2002-02-10,0.0,"{""type"":""MultiPoint"",""coordinates"":[]}"
20020211,2002-02-11,0.0,"{""type"":""MultiPoint"",""coordinates"":[]}"
20020212,2002-02-12,0.0,"{""type"":""MultiPoint"",""coordinates"":[]}"
20020213,2002-02-13,0.0,"{""type"":""MultiPoint"",""coordinates"":[]}"
20020214,2002-02-14,0.0,"{""type"":""MultiPoint"",""coordinates"":[]}"
20020215,2002-02-15,0.0,"{""type"":""MultiPoint"",""coordinates"":[]}"
20020216,2002-02-16,0.0,"{""type"":""MultiPoint"",""coordinates"":[]}"
20020217,2002-02-17,0.0,"{""type"":""MultiPoint"",""coordinates"":[]}"
20020218,2002-02-18,0.0,"{""type"":""MultiPoint"",""coordinates"":[]}"
20020219,2002-02-19,0.0,"{""type"":""MultiPoint"",""coordinates"":[]}"
20020220,2002-02-20,0.0,"{""type"":""MultiPoint"",""coordinates"":[]}"
20020221,2002-02-21,0.0,"{""type"":""MultiPoint"",""coordinates"":[]}"
20020222,2002-02-22,0.0,"{""type"":""MultiPoint"",""coordinates"":[]}"
20020223,2002-02-23,0.0,"{""type"":""MultiPoint"",""coordinates"":[]}"
20020224,2002-02-24,0.0,"{""type"":""MultiPoint"",""coordinates"":[]}"
20020225,2002-02-25,0.0,"{""type"":""MultiPoint"",""coordinates"":[]}"
20020226,2002-02-26,0.0,"{""type"":""MultiPoint"",""coordinates"":[]}"
20020227,2002-02-27,0.0,"{""type"":""MultiPoint"",""coordinates"":[]}"
20020228,2002-02-28,0.0,"{""type"":""MultiPoint"",""coordinates"":[]}"
20020301,2002-03-01,0.0,"{""type"":""MultiPoint"",""coordinates"":[]}"
20020302,2002-03-02,0.0,"{""type"":""MultiPoint"",""coordinates"":[]}"
20020303,2002-03-03,0.0,"{""type"":""MultiPoint"",""coordinates"":[]}"
20020304,2002-03-04,0.0,"{""type"":""MultiPoint"",""coordinates"":[]}"
20020305,2002-03-05,0.0,"{""type"":""MultiPoint"",""coordinates"":[]}"
20020306,2002-03-06,0.0,"{""type"":""MultiPoint"",""coordinates"":[]}"
20020307,2002-03-07,0.0,"{""type"":""MultiPoint"",""coordinates"":[]}"
20020308,2002-03-08,0.0,"{""type"":""MultiPoint"",""coordinates"":[]}"
20020309,2002-03-09,0.0,"{""type"":""MultiPoint"",""coordinates"":[]}"
20020310,2002-03-10,0.0,"{""type"":""MultiPoint"",""coordinates"":[]}"
20020311,2002-03-11,0.0,"{""type"":""MultiPoint"",""coordinates"":[]}"
20020312,2002-03-12,0.0,"{""type"":""MultiPoint"",""coordinates"":[]}"
20020313,2002-03-13,0.0,"{""type"":""MultiPoint"",""coordinates"":[]}"
20020314,2002-03-14,0.0,"{""type"":""MultiPoint"",""coordinates"":[]}"
20020315,2002-03-15,0.0,"{""type"":""MultiPoint"",""coordinates"":[]}"
20020316,2002-03-16,0.0,"{""type"":""MultiPoint"",""coordinates"":[]}"
20020317,2002-03-17,0.004971492251160008,"{""type"":""MultiPoint"",""coordinates"":[]}"
20020318,2002-03-18,0.0,"{""type"":""MultiPoint"",""coordinates"":[]}"
20020319,2002-03-19,0.0,"{""type"":""MultiPoint"",""coordinates"":[]}"
20020320,2002-03-20,0.0,"{""type"":""MultiPoint"",""coordinates"":[]}"
20020321,2002-03-21,0.0,"{""type"":""MultiPoint"",""coordinates"":[]}"
20020322,2002-03-22,0.0,"{""type"":""MultiPoint"",""coordinates"":[]}"
20020323,2002-03-23,0.0,"{""type"":""MultiPoint"",""coordinates"":[]}"
20020324,2002-03-24,0.0,"{""type"":""MultiPoint"",""coordinates"":[]}"
20020325,2002-03-25,0.0,"{""type"":""MultiPoint"",""coordinates"":[]}"
20020326,2002-03-26,0.0,"{""type"":""MultiPoint"",""coordinates"":[]}"
20020327,2002-03-27,0.0,"{""type"":""MultiPoint"",""coordinates"":[]}"
20020328,2002-03-28,0.0,"{""type"":""MultiPoint"",""coordinates"":[]}"
20020329,2002-03-29,0.0018641194047688463,"{""type"":""MultiPoint"",""coordinates"":[]}"
20020330,2002-03-30,0.006058387418519318,"{""type"":""MultiPoint"",""coordinates"":[]}"
20020331,2002-03-31,0.14874987696847125,"{""type"":""MultiPoint"",""coordinates"":[]}"
20020401,2002-04-01,0.7513268472966903,"{""type"":""MultiPoint"",""coordinates"":[]}"
20020402,2002-04-02,0.0,"{""type"":""MultiPoint"",""coordinates"":[]}"
20020403,2002-04-03,0.0,"{""type"":""MultiPoint"",""coordinates"":[]}"
20020404,2002-04-04,0.03704344283726176,"{""type"":""MultiPoint"",""coordinates"":[]}"
20020405,2002-04-05,1.7378652462093185,"{""type"":""MultiPoint"",""coordinates"":[]}"
20020406,2002-04-06,0.04061005503702545,"{""type"":""MultiPoint"",""coordinates"":[]}"
20020407,2002-04-07,0.0,"{""type"":""MultiPoint"",""coordinates"":[]}"
20020408,2002-04-08,0.0,"{""type"":""MultiPoint"",""coordinates"":[]}"
20020409,2002-04-09,0.0,"{""type"":""MultiPoint"",""coordinates"":[]}"
20020410,2002-04-10,0.0,"{""type"":""MultiPoint"",""coordinates"":[]}"
20020411,2002-04-11,1.1148378759488526,"{""type"":""MultiPoint"",""coordinates"":[]}"
20020412,2002-04-12,0.0,"{""type"":""MultiPoint"",""coordinates"":[]}"
20020413,2002-04-13,0.35324586244120876,"{""type"":""MultiPoint"",""coordinates"":[]}"
20020414,2002-04-14,0.0,"{""type"":""MultiPoint"",""coordinates"":[]}"
20020415,2002-04-15,0.008873065853243229,"{""type"":""MultiPoint"",""coordinates"":[]}"
20020416,2002-04-16,0.0,"{""type"":""MultiPoint"",""coordinates"":[]}"
20020417,2002-04-17,0.0,"{""type"":""MultiPoint"",""coordinates"":[]}"
20020418,2002-04-18,0.0,"{""type"":""MultiPoint"",""coordinates"":[]}"
20020419,2002-04-19,0.0,"{""type"":""MultiPoint"",""coordinates"":[]}"
20020420,2002-04-20,0.0,"{""type"":""MultiPoint"",""coordinates"":[]}"
20020421,2002-04-21,0.0,"{""type"":""MultiPoint"",""coordinates"":[]}"
20020422,2002-04-22,0.004862221672025811,"{""type"":""MultiPoint"",""coordinates"":[]}"
20020423,2002-04-23,0.0,"{""type"":""MultiPoint"",""coordinates"":[]}"
20020424,2002-04-24,0.0,"{""type"":""MultiPoint"",""coordinates"":[]}"
20020425,2002-04-25,0.0,"{""type"":""MultiPoint"",""coordinates"":[]}"
20020426,2002-04-26,0.0,"{""type"":""MultiPoint"",""coordinates"":[]}"
20020427,2002-04-27,0.0,"{""type"":""MultiPoint"",""coordinates"":[]}"
20020428,2002-04-28,0.0,"{""type"":""MultiPoint"",""coordinates"":[]}"
20020429,2002-04-29,0.0,"{""type"":""MultiPoint"",""coordinates"":[]}"
20020430,2002-04-30,0.04520971150594657,"{""type"":""MultiPoint"",""coordinates"":[]}"
20020501,2002-05-01,0.0,"{""type"":""MultiPoint"",""coordinates"":[]}"
20020502,2002-05-02,0.02489205826797401,"{""type"":""MultiPoint"",""coordinates"":[]}"
20020503,2002-05-03,7.7436582534840275,"{""type"":""MultiPoint"",""coordinates"":[]}"
20020504,2002-05-04,1.1138884956672754,"{""type"":""MultiPoint"",""coordinates"":[]}"
20020505,2002-05-05,0.0,"{""type"":""MultiPoint"",""coordinates"":[]}"
20020506,2002-05-06,0.0,"{""type"":""MultiPoint"",""coordinates"":[]}"
20020507,2002-05-07,6.4559960679662085,"{""type"":""MultiPoint"",""coordinates"":[]}"
20020508,2002-05-08,5.54613189815791,"{""type"":""MultiPoint"",""coordinates"":[]}"
20020509,2002-05-09,7.382543162731332,"{""type"":""MultiPoint"",""coordinates"":[]}"
20020510,2002-05-10,10.858913276098676,"{""type"":""MultiPoint"",""coordinates"":[]}"
20020511,2002-05-11,0.03431971721224707,"{""type"":""MultiPoint"",""coordinates"":[]}"
20020512,2002-05-12,0.0,"{""type"":""MultiPoint"",""coordinates"":[]}"
20020513,2002-05-13,0.0,"{""type"":""MultiPoint"",""coordinates"":[]}"
20020514,2002-05-14,0.1749756724686648,"{""type"":""MultiPoint"",""coordinates"":[]}"
20020515,2002-05-15,16.339316028139272,"{""type"":""MultiPoint"",""coordinates"":[]}"
20020516,2002-05-16,14.21439163512559,"{""type"":""MultiPoint"",""coordinates"":[]}"
20020517,2002-05-17,7.173017706297042,"{""type"":""MultiPoint"",""coordinates"":[]}"
20020518,2002-05-18,0.12218332734125203,"{""type"":""MultiPoint"",""coordinates"":[]}"
20020519,2002-05-19,0.0,"{""type"":""MultiPoint"",""coordinates"":[]}"
20020520,2002-05-20,0.0,"{""type"":""MultiPoint"",""coordinates"":[]}"
20020521,2002-05-21,0.0,"{""type"":""MultiPoint"",""coordinates"":[]}"
20020522,2002-05-22,0.0,"{""type"":""MultiPoint"",""coordinates"":[]}"
20020523,2002-05-23,0.0,"{""type"":""MultiPoint"",""coordinates"":[]}"
20020524,2002-05-24,0.026052619577025482,"{""type"":""MultiPoint"",""coordinates"":[]}"
20020525,2002-05-25,12.823689679926026,"{""type"":""MultiPoint"",""coordinates"":[]}"
20020526,2002-05-26,0.290534367219391,"{""type"":""MultiPoint"",""coordinates"":[]}"
20020527,2002-05-27,0.0,"{""type"":""MultiPoint"",""coordinates"":[]}"
20020528,2002-05-28,0.0,"{""type"":""MultiPoint"",""coordinates"":[]}"
20020529,2002-05-29,0.08099836892185533,"{""type"":""MultiPoint"",""coordinates"":[]}"
20020530,2002-05-30,17.456357396815953,"{""type"":""MultiPoint"",""coordinates"":[]}"
20020531,2002-05-31,2.156776238593438,"{""type"":""MultiPoint"",""coordinates"":[]}"
20020601,2002-06-01,1.8368267722800729,"{""type"":""MultiPoint"",""coordinates"":[]}"
20020602,2002-06-02,4.90163239031049,"{""type"":""MultiPoint"",""coordinates"":[]}"
20020603,2002-06-03,0.0,"{""type"":""MultiPoint"",""coordinates"":[]}"
20020604,2002-06-04,0.004467318896356429,"{""type"":""MultiPoint"",""coordinates"":[]}"
20020605,2002-06-05,0.9250687854651344,"{""type"":""MultiPoint"",""coordinates"":[]}"
20020606,2002-06-06,1.1415166195031394,"{""type"":""MultiPoint"",""coordinates"":[]}"
20020607,2002-06-07,0.7726583797371959,"{""type"":""MultiPoint"",""coordinates"":[]}"
20020608,2002-06-08,2.4405102606244595,"{""type"":""MultiPoint"",""coordinates"":[]}"
20020609,2002-06-09,0.9549942573420225,"{""type"":""MultiPoint"",""coordinates"":[]}"
20020610,2002-06-10,4.805841119589597,"{""type"":""MultiPoint"",""coordinates"":[]}"
20020611,2002-06-11,3.680626277463993,"{""type"":""MultiPoint"",""coordinates"":[]}"
20020612,2002-06-12,2.708916124479321,"{""type"":""MultiPoint"",""coordinates"":[]}"
20020613,2002-06-13,6.211647923215881,"{""type"":""MultiPoint"",""coordinates"":[]}"
20020614,2002-06-14,0.0,"{""type"":""MultiPoint"",""coordinates"":[]}"
20020615,2002-06-15,0.5339904058075283,"{""type"":""MultiPoint"",""coordinates"":[]}"
20020616,2002-06-16,0.3541249731994754,"{""type"":""MultiPoint"",""coordinates"":[]}"
20020617,2002-06-17,0.4601060960319339,"{""type"":""MultiPoint"",""coordinates"":[]}"
20020618,2002-06-18,3.586902427139928,"{""type"":""MultiPoint"",""coordinates"":[]}"
20020619,2002-06-19,4.5358351505404855,"{""type"":""MultiPoint"",""coordinates"":[]}"
20020620,2002-06-20,2.2963395023339688,"{""type"":""MultiPoint"",""coordinates"":[]}"
20020621,2002-06-21,1.6458598187283346,"{""type"":""MultiPoint"",""coordinates"":[]}"
20020622,2002-06-22,0.431302835508633,"{""type"":""MultiPoint"",""coordinates"":[]}"
20020623,2002-06-23,0.03523804548024981,"{""type"":""MultiPoint"",""coordinates"":[]}"
20020624,2002-06-24,1.1499097326833425,"{""type"":""MultiPoint"",""coordinates"":[]}"
20020625,2002-06-25,0.0,"{""type"":""MultiPoint"",""coordinates"":[]}"
20020626,2002-06-26,0.023048351432467817,"{""type"":""MultiPoint"",""coordinates"":[]}"
20020627,2002-06-27,0.0,"{""type"":""MultiPoint"",""coordinates"":[]}"
20020628,2002-06-28,0.0,"{""type"":""MultiPoint"",""coordinates"":[]}"
20020629,2002-06-29,5.466094045032876E-5,"{""type"":""MultiPoint"",""coordinates"":[]}"
20020630,2002-06-30,0.0,"{""type"":""MultiPoint"",""coordinates"":[]}"
20020701,2002-07-01,0.9806423380322915,"{""type"":""MultiPoint"",""coordinates"":[]}"
20020702,2002-07-02,0.004770733419153664,"{""type"":""MultiPoint"",""coordinates"":[]}"
20020703,2002-07-03,7.818598841099824E-4,"{""type"":""MultiPoint"",""coordinates"":[]}"
20020704,2002-07-04,0.3257843421384022,"{""type"":""MultiPoint"",""coordinates"":[]}"
20020705,2002-07-05,0.0,"{""type"":""MultiPoint"",""coordinates"":[]}"
20020706,2002-07-06,0.0,"{""type"":""MultiPoint"",""coordinates"":[]}"
20020707,2002-07-07,0.0,"{""type"":""MultiPoint"",""coordinates"":[]}"
20020708,2002-07-08,0.0033975007329463936,"{""type"":""MultiPoint"",""coordinates"":[]}"
20020709,2002-07-09,0.0,"{""type"":""MultiPoint"",""coordinates"":[]}"
20020710,2002-07-10,0.0,"{""type"":""MultiPoint"",""coordinates"":[]}"
20020711,2002-07-11,0.10899915746609268,"{""type"":""MultiPoint"",""coordinates"":[]}"
20020712,2002-07-12,0.009081401823255291,"{""type"":""MultiPoint"",""coordinates"":[]}"
20020713,2002-07-13,0.0,"{""type"":""MultiPoint"",""coordinates"":[]}"
20020714,2002-07-14,0.0,"{""type"":""MultiPoint"",""coordinates"":[]}"
20020715,2002-07-15,1.5765435471287104,"{""type"":""MultiPoint"",""coordinates"":[]}"
20020716,2002-07-16,0.7339344258655196,"{""type"":""MultiPoint"",""coordinates"":[]}"
20020717,2002-07-17,1.8721806838325663,"{""type"":""MultiPoint"",""coordinates"":[]}"
20020718,2002-07-18,0.3420105347490917,"{""type"":""MultiPoint"",""coordinates"":[]}"
20020719,2002-07-19,0.0,"{""type"":""MultiPoint"",""coordinates"":[]}"
20020720,2002-07-20,0.0,"{""type"":""MultiPoint"",""coordinates"":[]}"
20020721,2002-07-21,0.6137647078224268,"{""type"":""MultiPoint"",""coordinates"":[]}"
20020722,2002-07-22,0.04503049410757855,"{""type"":""MultiPoint"",""coordinates"":[]}"
20020723,2002-07-23,1.5940026475167883,"{""type"":""MultiPoint"",""coordinates"":[]}"
20020724,2002-07-24,2.255920850947399,"{""type"":""MultiPoint"",""coordinates"":[]}"
20020725,2002-07-25,0.32654518503214247,"{""type"":""MultiPoint"",""coordinates"":[]}"
20020726,2002-07-26,0.0,"{""type"":""MultiPoint"",""coordinates"":[]}"
20020727,2002-07-27,0.0013677492658159852,"{""type"":""MultiPoint"",""coordinates"":[]}"
20020728,2002-07-28,0.010703023656849156,"{""type"":""MultiPoint"",""coordinates"":[]}"
20020729,2002-07-29,0.7925267366954384,"{""type"":""MultiPoint"",""coordinates"":[]}"
20020730,2002-07-30,2.2336316984010782,"{""type"":""MultiPoint"",""coordinates"":[]}"
20020731,2002-07-31,2.6615508583764678,"{""type"":""MultiPoint"",""coordinates"":[]}"
20020801,2002-08-01,1.7058321555575024,"{""type"":""MultiPoint"",""coordinates"":[]}"
20020802,2002-08-02,3.4255581939940116,"{""type"":""MultiPoint"",""coordinates"":[]}"
20020803,2002-08-03,0.6448680570062431,"{""type"":""MultiPoint"",""coordinates"":[]}"
20020804,2002-08-04,0.8424526026619081,"{""type"":""MultiPoint"",""coordinates"":[]}"
20020805,2002-08-05,1.5071558597955292,"{""type"":""MultiPoint"",""coordinates"":[]}"
20020806,2002-08-06,2.2905078280127347,"{""type"":""MultiPoint"",""coordinates"":[]}"
20020807,2002-08-07,3.167345605285607,"{""type"":""MultiPoint"",""coordinates"":[]}"
20020808,2002-08-08,6.866687146676554,"{""type"":""MultiPoint"",""coordinates"":[]}"
20020809,2002-08-09,5.39449756505561,"{""type"":""MultiPoint"",""coordinates"":[]}"
20020810,2002-08-10,1.8318055379096276,"{""type"":""MultiPoint"",""coordinates"":[]}"
20020811,2002-08-11,4.478800665766916,"{""type"":""MultiPoint"",""coordinates"":[]}"
20020812,2002-08-12,3.1020445551578604,"{""type"":""MultiPoint"",""coordinates"":[]}"
20020813,2002-08-13,0.07543566963494312,"{""type"":""MultiPoint"",""coordinates"":[]}"
20020814,2002-08-14,0.0,"{""type"":""MultiPoint"",""coordinates"":[]}"
20020815,2002-08-15,0.0,"{""type"":""MultiPoint"",""coordinates"":[]}"
20020816,2002-08-16,0.0013358438636880484,"{""type"":""MultiPoint"",""coordinates"":[]}"
20020817,2002-08-17,0.0,"{""type"":""MultiPoint"",""coordinates"":[]}"
20020818,2002-08-18,0.0,"{""type"":""MultiPoint"",""coordinates"":[]}"
20020819,2002-08-19,0.0,"{""type"":""MultiPoint"",""coordinates"":[]}"
20020820,2002-08-20,0.0,"{""type"":""MultiPoint"",""coordinates"":[]}"
20020821,2002-08-21,0.016598791307825322,"{""type"":""MultiPoint"",""coordinates"":[]}"
20020822,2002-08-22,0.6898596535947836,"{""type"":""MultiPoint"",""coordinates"":[]}"
20020823,2002-08-23,3.0216252298883406,"{""type"":""MultiPoint"",""coordinates"":[]}"
20020824,2002-08-24,1.7637619702856684,"{""type"":""MultiPoint"",""coordinates"":[]}"
20020825,2002-08-25,5.508717840231865E-4,"{""type"":""MultiPoint"",""coordinates"":[]}"
20020826,2002-08-26,0.009002717433112137,"{""type"":""MultiPoint"",""coordinates"":[]}"
20020827,2002-08-27,0.0,"{""type"":""MultiPoint"",""coordinates"":[]}"
20020828,2002-08-28,1.638232468162025,"{""type"":""MultiPoint"",""coordinates"":[]}"
20020829,2002-08-29,1.8616543121180484,"{""type"":""MultiPoint"",""coordinates"":[]}"
20020830,2002-08-30,0.016503259965753043,"{""type"":""MultiPoint"",""coordinates"":[]}"
20020831,2002-08-31,1.855701923729778,"{""type"":""MultiPoint"",""coordinates"":[]}"
20020901,2002-09-01,1.801815828664074,"{""type"":""MultiPoint"",""coordinates"":[]}"
20020902,2002-09-02,0.0,"{""type"":""MultiPoint"",""coordinates"":[]}"
20020903,2002-09-03,0.5748666332007897,"{""type"":""MultiPoint"",""coordinates"":[]}"
20020904,2002-09-04,0.11700281150443541,"{""type"":""MultiPoint"",""coordinates"":[]}"
20020905,2002-09-05,1.652433779421376,"{""type"":""MultiPoint"",""coordinates"":[]}"
20020906,2002-09-06,1.0008031796985364,"{""type"":""MultiPoint"",""coordinates"":[]}"
20020907,2002-09-07,0.1125241055403263,"{""type"":""MultiPoint"",""coordinates"":[]}"
20020908,2002-09-08,0.0,"{""type"":""MultiPoint"",""coordinates"":[]}"
20020909,2002-09-09,0.0,"{""type"":""MultiPoint"",""coordinates"":[]}"
20020910,2002-09-10,0.0,"{""type"":""MultiPoint"",""coordinates"":[]}"
20020911,2002-09-11,0.3871667376273949,"{""type"":""MultiPoint"",""coordinates"":[]}"
20020912,2002-09-12,0.0,"{""type"":""MultiPoint"",""coordinates"":[]}"
20020913,2002-09-13,0.0,"{""type"":""MultiPoint"",""coordinates"":[]}"
20020914,2002-09-14,6.365154674999055,"{""type"":""MultiPoint"",""coordinates"":[]}"
20020915,2002-09-15,15.428740574027064,"{""type"":""MultiPoint"",""coordinates"":[]}"
20020916,2002-09-16,16.541067713239407,"{""type"":""MultiPoint"",""coordinates"":[]}"
20020917,2002-09-17,2.752624828884721,"{""type"":""MultiPoint"",""coordinates"":[]}"
20020918,2002-09-18,2.6893142910274985,"{""type"":""MultiPoint"",""coordinates"":[]}"
20020919,2002-09-19,3.3691412918269634,"{""type"":""MultiPoint"",""coordinates"":[]}"
20020920,2002-09-20,5.443279546454298,"{""type"":""MultiPoint"",""coordinates"":[]}"
20020921,2002-09-21,0.11124165187982606,"{""type"":""MultiPoint"",""coordinates"":[]}"
20020922,2002-09-22,0.0,"{""type"":""MultiPoint"",""coordinates"":[]}"
20020923,2002-09-23,0.00727202693769611,"{""type"":""MultiPoint"",""coordinates"":[]}"
20020924,2002-09-24,0.0,"{""type"":""MultiPoint"",""coordinates"":[]}"
20020925,2002-09-25,0.0,"{""type"":""MultiPoint"",""coordinates"":[]}"
20020926,2002-09-26,0.3226580983443428,"{""type"":""MultiPoint"",""coordinates"":[]}"
20020927,2002-09-27,0.308949420096307,"{""type"":""MultiPoint"",""coordinates"":[]}"
20020928,2002-09-28,0.0,"{""type"":""MultiPoint"",""coordinates"":[]}"
20020929,2002-09-29,0.0,"{""type"":""MultiPoint"",""coordinates"":[]}"
20020930,2002-09-30,0.0,"{""type"":""MultiPoint"",""coordinates"":[]}"
20021001,2002-10-01,0.0,"{""type"":""MultiPoint"",""coordinates"":[]}"
20021002,2002-10-02,0.0,"{""type"":""MultiPoint"",""coordinates"":[]}"
20021003,2002-10-03,0.08929638924237543,"{""type"":""MultiPoint"",""coordinates"":[]}"
20021004,2002-10-04,0.0,"{""type"":""MultiPoint"",""coordinates"":[]}"
20021005,2002-10-05,0.0,"{""type"":""MultiPoint"",""coordinates"":[]}"
20021006,2002-10-06,4.398126515839072,"{""type"":""MultiPoint"",""coordinates"":[]}"
20021007,2002-10-07,1.0037010029300173,"{""type"":""MultiPoint"",""coordinates"":[]}"
20021008,2002-10-08,1.9801072319155875,"{""type"":""MultiPoint"",""coordinates"":[]}"
20021009,2002-10-09,2.7107029572272068,"{""type"":""MultiPoint"",""coordinates"":[]}"
20021010,2002-10-10,13.871726592774385,"{""type"":""MultiPoint"",""coordinates"":[]}"
20021011,2002-10-11,35.47043895835701,"{""type"":""MultiPoint"",""coordinates"":[]}"
20021012,2002-10-12,11.9082040595304,"{""type"":""MultiPoint"",""coordinates"":[]}"
20021013,2002-10-13,10.696023831908464,"{""type"":""MultiPoint"",""coordinates"":[]}"
20021014,2002-10-14,18.472495268084366,"{""type"":""MultiPoint"",""coordinates"":[]}"
20021015,2002-10-15,15.443922807973538,"{""type"":""MultiPoint"",""coordinates"":[]}"
20021016,2002-10-16,11.297983222962419,"{""type"":""MultiPoint"",""coordinates"":[]}"
20021017,2002-10-17,7.225723633883339,"{""type"":""MultiPoint"",""coordinates"":[]}"
20021018,2002-10-18,2.204720829267554,"{""type"":""MultiPoint"",""coordinates"":[]}"
20021019,2002-10-19,1.0123185179097371,"{""type"":""MultiPoint"",""coordinates"":[]}"
20021020,2002-10-20,0.0,"{""type"":""MultiPoint"",""coordinates"":[]}"
20021021,2002-10-21,0.0,"{""type"":""MultiPoint"",""coordinates"":[]}"
20021022,2002-10-22,0.0,"{""type"":""MultiPoint"",""coordinates"":[]}"
20021023,2002-10-23,0.0,"{""type"":""MultiPoint"",""coordinates"":[]}"
20021024,2002-10-24,0.0,"{""type"":""MultiPoint"",""coordinates"":[]}"
20021025,2002-10-25,0.03676150456342511,"{""type"":""MultiPoint"",""coordinates"":[]}"
20021026,2002-10-26,7.187073872643007,"{""type"":""MultiPoint"",""coordinates"":[]}"
20021027,2002-10-27,2.3718985089344997,"{""type"":""MultiPoint"",""coordinates"":[]}"
20021028,2002-10-28,4.006808532503775,"{""type"":""MultiPoint"",""coordinates"":[]}"
20021029,2002-10-29,7.9826570370080585,"{""type"":""MultiPoint"",""coordinates"":[]}"
20021030,2002-10-30,2.3335032390300627,"{""type"":""MultiPoint"",""coordinates"":[]}"
20021031,2002-10-31,0.18769800289294614,"{""type"":""MultiPoint"",""coordinates"":[]}"
20021101,2002-11-01,1.3358384148439586,"{""type"":""MultiPoint"",""coordinates"":[]}"
20021102,2002-11-02,0.11834966559501599,"{""type"":""MultiPoint"",""coordinates"":[]}"
20021103,2002-11-03,0.0,"{""type"":""MultiPoint"",""coordinates"":[]}"
20021104,2002-11-04,0.0,"{""type"":""MultiPoint"",""coordinates"":[]}"
20021105,2002-11-05,0.0,"{""type"":""MultiPoint"",""coordinates"":[]}"
20021106,2002-11-06,0.23904890403512102,"{""type"":""MultiPoint"",""coordinates"":[]}"
20021107,2002-11-07,0.16942726017697698,"{""type"":""MultiPoint"",""coordinates"":[]}"
20021108,2002-11-08,0.6564339278096075,"{""type"":""MultiPoint"",""coordinates"":[]}"
20021109,2002-11-09,3.646231773128529,"{""type"":""MultiPoint"",""coordinates"":[]}"
20021110,2002-11-10,0.33207566594607807,"{""type"":""MultiPoint"",""coordinates"":[]}"
20021111,2002-11-11,0.03410123363792859,"{""type"":""MultiPoint"",""coordinates"":[]}"
20021112,2002-11-12,0.0,"{""type"":""MultiPoint"",""coordinates"":[]}"
20021113,2002-11-13,0.0,"{""type"":""MultiPoint"",""coordinates"":[]}"
20021114,2002-11-14,0.0,"{""type"":""MultiPoint"",""coordinates"":[]}"
20021115,2002-11-15,0.0,"{""type"":""MultiPoint"",""coordinates"":[]}"
20021116,2002-11-16,0.0,"{""type"":""MultiPoint"",""coordinates"":[]}"
20021117,2002-11-17,2.685452830133635,"{""type"":""MultiPoint"",""coordinates"":[]}"
20021118,2002-11-18,1.6894051331926039,"{""type"":""MultiPoint"",""coordinates"":[]}"
20021119,2002-11-19,0.045504706557594254,"{""type"":""MultiPoint"",""coordinates"":[]}"
20021120,2002-11-20,0.019008505204370526,"{""type"":""MultiPoint"",""coordinates"":[]}"
20021121,2002-11-21,0.014267110673793824,"{""type"":""MultiPoint"",""coordinates"":[]}"
20021122,2002-11-22,0.1594201052347157,"{""type"":""MultiPoint"",""coordinates"":[]}"
20021123,2002-11-23,1.9569344615825992,"{""type"":""MultiPoint"",""coordinates"":[]}"
20021124,2002-11-24,0.0,"{""type"":""MultiPoint"",""coordinates"":[]}"
20021125,2002-11-25,0.0,"{""type"":""MultiPoint"",""coordinates"":[]}"
20021126,2002-11-26,0.0,"{""type"":""MultiPoint"",""coordinates"":[]}"
20021127,2002-11-27,0.0,"{""type"":""MultiPoint"",""coordinates"":[]}"
20021128,2002-11-28,0.0,"{""type"":""MultiPoint"",""coordinates"":[]}"
20021129,2002-11-29,0.0,"{""type"":""MultiPoint"",""coordinates"":[]}"
20021130,2002-11-30,0.0,"{""type"":""MultiPoint"",""coordinates"":[]}"
20021201,2002-12-01,0.0,"{""type"":""MultiPoint"",""coordinates"":[]}"
20021202,2002-12-02,0.0,"{""type"":""MultiPoint"",""coordinates"":[]}"
20021203,2002-12-03,0.0,"{""type"":""MultiPoint"",""coordinates"":[]}"
20021204,2002-12-04,0.5080256638041621,"{""type"":""MultiPoint"",""coordinates"":[]}"
20021205,2002-12-05,0.0030607913950332893,"{""type"":""MultiPoint"",""coordinates"":[]}"
20021206,2002-12-06,0.10317153453102215,"{""type"":""MultiPoint"",""coordinates"":[]}"
20021207,2002-12-07,0.8485560147533696,"{""type"":""MultiPoint"",""coordinates"":[]}"
20021208,2002-12-08,0.0,"{""type"":""MultiPoint"",""coordinates"":[]}"
20021209,2002-12-09,0.0,"{""type"":""MultiPoint"",""coordinates"":[]}"
20021210,2002-12-10,0.04681325648629735,"{""type"":""MultiPoint"",""coordinates"":[]}"
20021211,2002-12-11,0.21786482195525897,"{""type"":""MultiPoint"",""coordinates"":[]}"
20021212,2002-12-12,0.0,"{""type"":""MultiPoint"",""coordinates"":[]}"
20021213,2002-12-13,0.0,"{""type"":""MultiPoint"",""coordinates"":[]}"
20021214,2002-12-14,0.0,"{""type"":""MultiPoint"",""coordinates"":[]}"
20021215,2002-12-15,0.004617622219339846,"{""type"":""MultiPoint"",""coordinates"":[]}"
20021216,2002-12-16,0.07704295146583136,"{""type"":""MultiPoint"",""coordinates"":[]}"
20021217,2002-12-17,0.6383941100827866,"{""type"":""MultiPoint"",""coordinates"":[]}"
20021218,2002-12-18,0.05316433986610282,"{""type"":""MultiPoint"",""coordinates"":[]}"
20021219,2002-12-19,0.04269987942766084,"{""type"":""MultiPoint"",""coordinates"":[]}"
20021220,2002-12-20,0.0801169686677961,"{""type"":""MultiPoint"",""coordinates"":[]}"
20021221,2002-12-21,0.0,"{""type"":""MultiPoint"",""coordinates"":[]}"
20021222,2002-12-22,0.0,"{""type"":""MultiPoint"",""coordinates"":[]}"
20021223,2002-12-23,0.0,"{""type"":""MultiPoint"",""coordinates"":[]}"
20021224,2002-12-24,0.0,"{""type"":""MultiPoint"",""coordinates"":[]}"
20021225,2002-12-25,0.0,"{""type"":""MultiPoint"",""coordinates"":[]}"
20021226,2002-12-26,0.0,"{""type"":""MultiPoint"",""coordinates"":[]}"
20021227,2002-12-27,0.0,"{""type"":""MultiPoint"",""coordinates"":[]}"
20021228,2002-12-28,0.0,"{""type"":""MultiPoint"",""coordinates"":[]}"
20021229,2002-12-29,0.0,"{""type"":""MultiPoint"",""coordinates"":[]}"
20021230,2002-12-30,0.007398563221162553,"{""type"":""MultiPoint"",""coordinates"":[]}"
20021231,2002-12-31,0.04095856001393401,"{""type"":""MultiPoint"",""coordinates"":[]}"
20030101,2003-01-01,0.0,"{""type"":""MultiPoint"",""coordinates"":[]}"
20030102,2003-01-02,0.05135463746551407,"{""type"":""MultiPoint"",""coordinates"":[]}"
20030103,2003-01-03,0.0,"{""type"":""MultiPoint"",""coordinates"":[]}"
20030104,2003-01-04,0.05356877890259195,"{""type"":""MultiPoint"",""coordinates"":[]}"
20030105,2003-01-05,0.0,"{""type"":""MultiPoint"",""coordinates"":[]}"
20030106,2003-01-06,0.0,"{""type"":""MultiPoint"",""coordinates"":[]}"
20030107,2003-01-07,0.0,"{""type"":""MultiPoint"",""coordinates"":[]}"
20030108,2003-01-08,0.0,"{""type"":""MultiPoint"",""coordinates"":[]}"
20030109,2003-01-09,0.0,"{""type"":""MultiPoint"",""coordinates"":[]}"
20030110,2003-01-10,0.0,"{""type"":""MultiPoint"",""coordinates"":[]}"
20030111,2003-01-11,0.0,"{""type"":""MultiPoint"",""coordinates"":[]}"
20030112,2003-01-12,0.0,"{""type"":""MultiPoint"",""coordinates"":[]}"
20030113,2003-01-13,0.007094940128993028,"{""type"":""MultiPoint"",""coordinates"":[]}"
20030114,2003-01-14,0.0,"{""type"":""MultiPoint"",""coordinates"":[]}"
20030115,2003-01-15,0.0,"{""type"":""MultiPoint"",""coordinates"":[]}"
20030116,2003-01-16,0.0,"{""type"":""MultiPoint"",""coordinates"":[]}"
20030117,2003-01-17,0.0,"{""type"":""MultiPoint"",""coordinates"":[]}"
20030118,2003-01-18,0.0,"{""type"":""MultiPoint"",""coordinates"":[]}"
20030119,2003-01-19,0.0148198664367508,"{""type"":""MultiPoint"",""coordinates"":[]}"
20030120,2003-01-20,0.0,"{""type"":""MultiPoint"",""coordinates"":[]}"
20030121,2003-01-21,0.042418245449755865,"{""type"":""MultiPoint"",""coordinates"":[]}"
20030122,2003-01-22,0.0,"{""type"":""MultiPoint"",""coordinates"":[]}"
20030123,2003-01-23,0.026473331270986895,"{""type"":""MultiPoint"",""coordinates"":[]}"
20030124,2003-01-24,0.0,"{""type"":""MultiPoint"",""coordinates"":[]}"
20030125,2003-01-25,0.0,"{""type"":""MultiPoint"",""coordinates"":[]}"
20030126,2003-01-26,0.0,"{""type"":""MultiPoint"",""coordinates"":[]}"
20030127,2003-01-27,0.0,"{""type"":""MultiPoint"",""coordinates"":[]}"
20030128,2003-01-28,0.0,"{""type"":""MultiPoint"",""coordinates"":[]}"
20030129,2003-01-29,0.0,"{""type"":""MultiPoint"",""coordinates"":[]}"
20030130,2003-01-30,0.0,"{""type"":""MultiPoint"",""coordinates"":[]}"
20030131,2003-01-31,0.0,"{""type"":""MultiPoint"",""coordinates"":[]}"
20030201,2003-02-01,0.0,"{""type"":""MultiPoint"",""coordinates"":[]}"
20030202,2003-02-02,0.0,"{""type"":""MultiPoint"",""coordinates"":[]}"
20030203,2003-02-03,0.0,"{""type"":""MultiPoint"",""coordinates"":[]}"
20030204,2003-02-04,0.006425625379451934,"{""type"":""MultiPoint"",""coordinates"":[]}"
20030205,2003-02-05,0.006425625379451934,"{""type"":""MultiPoint"",""coordinates"":[]}"
20030206,2003-02-06,0.0,"{""type"":""MultiPoint"",""coordinates"":[]}"
20030207,2003-02-07,0.0,"{""type"":""MultiPoint"",""coordinates"":[]}"
20030208,2003-02-08,0.0,"{""type"":""MultiPoint"",""coordinates"":[]}"
20030209,2003-02-09,0.0,"{""type"":""MultiPoint"",""coordinates"":[]}"
20030210,2003-02-10,0.0,"{""type"":""MultiPoint"",""coordinates"":[]}"
20030211,2003-02-11,0.0,"{""type"":""MultiPoint"",""coordinates"":[]}"
20030212,2003-02-12,0.0,"{""type"":""MultiPoint"",""coordinates"":[]}"
20030213,2003-02-13,0.0,"{""type"":""MultiPoint"",""coordinates"":[]}"
20030214,2003-02-14,0.0,"{""type"":""MultiPoint"",""coordinates"":[]}"
20030215,2003-02-15,0.0,"{""type"":""MultiPoint"",""coordinates"":[]}"
20030216,2003-02-16,0.0,"{""type"":""MultiPoint"",""coordinates"":[]}"
20030217,2003-02-17,0.0,"{""type"":""MultiPoint"",""coordinates"":[]}"
20030218,2003-02-18,0.0,"{""type"":""MultiPoint"",""coordinates"":[]}"
20030219,2003-02-19,0.0,"{""type"":""MultiPoint"",""coordinates"":[]}"
20030220,2003-02-20,0.0,"{""type"":""MultiPoint"",""coordinates"":[]}"
20030221,2003-02-21,0.0,"{""type"":""MultiPoint"",""coordinates"":[]}"
20030222,2003-02-22,0.0,"{""type"":""MultiPoint"",""coordinates"":[]}"
20030223,2003-02-23,0.0,"{""type"":""MultiPoint"",""coordinates"":[]}"
20030224,2003-02-24,0.0,"{""type"":""MultiPoint"",""coordinates"":[]}"
20030225,2003-02-25,0.0,"{""type"":""MultiPoint"",""coordinates"":[]}"
20030226,2003-02-26,0.0,"{""type"":""MultiPoint"",""coordinates"":[]}"
20030227,2003-02-27,0.0,"{""type"":""MultiPoint"",""coordinates"":[]}"
20030228,2003-02-28,0.0,"{""type"":""MultiPoint"",""coordinates"":[]}"
20030301,2003-03-01,0.0,"{""type"":""MultiPoint"",""coordinates"":[]}"
20030302,2003-03-02,0.0,"{""type"":""MultiPoint"",""coordinates"":[]}"
20030303,2003-03-03,0.0,"{""type"":""MultiPoint"",""coordinates"":[]}"
20030304,2003-03-04,0.0,"{""type"":""MultiPoint"",""coordinates"":[]}"
20030305,2003-03-05,0.0,"{""type"":""MultiPoint"",""coordinates"":[]}"
20030306,2003-03-06,0.0,"{""type"":""MultiPoint"",""coordinates"":[]}"
20030307,2003-03-07,0.0,"{""type"":""MultiPoint"",""coordinates"":[]}"
20030308,2003-03-08,0.0,"{""type"":""MultiPoint"",""coordinates"":[]}"
20030309,2003-03-09,0.0,"{""type"":""MultiPoint"",""coordinates"":[]}"
20030310,2003-03-10,0.0,"{""type"":""MultiPoint"",""coordinates"":[]}"
20030311,2003-03-11,0.0,"{""type"":""MultiPoint"",""coordinates"":[]}"
20030312,2003-03-12,0.0,"{""type"":""MultiPoint"",""coordinates"":[]}"
20030313,2003-03-13,0.0,"{""type"":""MultiPoint"",""coordinates"":[]}"
20030314,2003-03-14,0.28550206343593604,"{""type"":""MultiPoint"",""coordinates"":[]}"
20030315,2003-03-15,1.056009716130626,"{""type"":""MultiPoint"",""coordinates"":[]}"
20030316,2003-03-16,0.0037629983928183343,"{""type"":""MultiPoint"",""coordinates"":[]}"
20030317,2003-03-17,0.005897341496273079,"{""type"":""MultiPoint"",""coordinates"":[]}"
20030318,2003-03-18,0.05147000609769466,"{""type"":""MultiPoint"",""coordinates"":[]}"
20030319,2003-03-19,0.1086207349740184,"{""type"":""MultiPoint"",""coordinates"":[]}"
20030320,2003-03-20,0.5352786413911903,"{""type"":""MultiPoint"",""coordinates"":[]}"
20030321,2003-03-21,0.0,"{""type"":""MultiPoint"",""coordinates"":[]}"
20030322,2003-03-22,0.0,"{""type"":""MultiPoint"",""coordinates"":[]}"
20030323,2003-03-23,0.0,"{""type"":""MultiPoint"",""coordinates"":[]}"
20030324,2003-03-24,0.0,"{""type"":""MultiPoint"",""coordinates"":[]}"
20030325,2003-03-25,0.0,"{""type"":""MultiPoint"",""coordinates"":[]}"
20030326,2003-03-26,0.0,"{""type"":""MultiPoint"",""coordinates"":[]}"
20030327,2003-03-27,0.0,"{""type"":""MultiPoint"",""coordinates"":[]}"
20030328,2003-03-28,0.0,"{""type"":""MultiPoint"",""coordinates"":[]}"
20030329,2003-03-29,0.0,"{""type"":""MultiPoint"",""coordinates"":[]}"
20030330,2003-03-30,0.0,"{""type"":""MultiPoint"",""coordinates"":[]}"
20030331,2003-03-31,0.0,"{""type"":""MultiPoint"",""coordinates"":[]}"
20030401,2003-04-01,0.0,"{""type"":""MultiPoint"",""coordinates"":[]}"
20030402,2003-04-02,0.1942247831585186,"{""type"":""MultiPoint"",""coordinates"":[]}"
20030403,2003-04-03,0.0,"{""type"":""MultiPoint"",""coordinates"":[]}"
20030404,2003-04-04,0.0,"{""type"":""MultiPoint"",""coordinates"":[]}"
20030405,2003-04-05,6.30954653375895E-4,"{""type"":""MultiPoint"",""coordinates"":[]}"
20030406,2003-04-06,0.0111240593448403,"{""type"":""MultiPoint"",""coordinates"":[]}"
20030407,2003-04-07,0.0,"{""type"":""MultiPoint"",""coordinates"":[]}"
20030408,2003-04-08,0.0,"{""type"":""MultiPoint"",""coordinates"":[]}"
20030409,2003-04-09,0.09959425328686915,"{""type"":""MultiPoint"",""coordinates"":[]}"
20030410,2003-04-10,5.046447220487296,"{""type"":""MultiPoint"",""coordinates"":[]}"
20030411,2003-04-11,3.064951339087405,"{""type"":""MultiPoint"",""coordinates"":[]}"
20030412,2003-04-12,1.3189963185240703,"{""type"":""MultiPoint"",""coordinates"":[]}"
20030413,2003-04-13,1.7924407286950548,"{""type"":""MultiPoint"",""coordinates"":[]}"
20030414,2003-04-14,0.25418821489555493,"{""type"":""MultiPoint"",""coordinates"":[]}"
20030415,2003-04-15,0.5818854506990369,"{""type"":""MultiPoint"",""coordinates"":[]}"
20030416,2003-04-16,0.40696368189815396,"{""type"":""MultiPoint"",""coordinates"":[]}"
20030417,2003-04-17,0.0,"{""type"":""MultiPoint"",""coordinates"":[]}"
20030418,2003-04-18,2.0911559920153895,"{""type"":""MultiPoint"",""coordinates"":[]}"
20030419,2003-04-19,1.9616132772979535,"{""type"":""MultiPoint"",""coordinates"":[]}"
20030420,2003-04-20,1.372553646310726,"{""type"":""MultiPoint"",""coordinates"":[]}"
20030421,2003-04-21,0.34118054983967655,"{""type"":""MultiPoint"",""coordinates"":[]}"
20030422,2003-04-22,0.0,"{""type"":""MultiPoint"",""coordinates"":[]}"
20030423,2003-04-23,0.0,"{""type"":""MultiPoint"",""coordinates"":[]}"
20030424,2003-04-24,0.5777810903369683,"{""type"":""MultiPoint"",""coordinates"":[]}"
20030425,2003-04-25,0.0,"{""type"":""MultiPoint"",""coordinates"":[]}"
20030426,2003-04-26,0.0,"{""type"":""MultiPoint"",""coordinates"":[]}"
20030427,2003-04-27,0.0,"{""type"":""MultiPoint"",""coordinates"":[]}"
20030428,2003-04-28,0.25370424841357936,"{""type"":""MultiPoint"",""coordinates"":[]}"
20030429,2003-04-29,0.5264594631403039,"{""type"":""MultiPoint"",""coordinates"":[]}"
20030430,2003-04-30,0.0,"{""type"":""MultiPoint"",""coordinates"":[]}"
20030501,2003-05-01,0.0,"{""type"":""MultiPoint"",""coordinates"":[]}"
20030502,2003-05-02,0.0,"{""type"":""MultiPoint"",""coordinates"":[]}"
20030503,2003-05-03,0.0,"{""type"":""MultiPoint"",""coordinates"":[]}"
20030504,2003-05-04,0.0,"{""type"":""MultiPoint"",""coordinates"":[]}"
20030505,2003-05-05,0.8113631012800923,"{""type"":""MultiPoint"",""coordinates"":[]}"
20030506,2003-05-06,0.17354419224589385,"{""type"":""MultiPoint"",""coordinates"":[]}"
20030507,2003-05-07,1.3147329152149037,"{""type"":""MultiPoint"",""coordinates"":[]}"
20030508,2003-05-08,0.011770330570839545,"{""type"":""MultiPoint"",""coordinates"":[]}"
20030509,2003-05-09,0.025350829461117646,"{""type"":""MultiPoint"",""coordinates"":[]}"
20030510,2003-05-10,0.9012770989340786,"{""type"":""MultiPoint"",""coordinates"":[]}"
20030511,2003-05-11,2.8913916608934493,"{""type"":""MultiPoint"",""coordinates"":[]}"
20030512,2003-05-12,3.693202791628405,"{""type"":""MultiPoint"",""coordinates"":[]}"
20030513,2003-05-13,3.487227804240572,"{""type"":""MultiPoint"",""coordinates"":[]}"
20030514,2003-05-14,1.745025426970934,"{""type"":""MultiPoint"",""coordinates"":[]}"
20030515,2003-05-15,0.14009312109665803,"{""type"":""MultiPoint"",""coordinates"":[]}"
20030516,2003-05-16,4.01706124967904,"{""type"":""MultiPoint"",""coordinates"":[]}"
20030517,2003-05-17,0.1151390189262801,"{""type"":""MultiPoint"",""coordinates"":[]}"
20030518,2003-05-18,0.0,"{""type"":""MultiPoint"",""coordinates"":[]}"
20030519,2003-05-19,0.0,"{""type"":""MultiPoint"",""coordinates"":[]}"
20030520,2003-05-20,0.0,"{""type"":""MultiPoint"",""coordinates"":[]}"
20030521,2003-05-21,0.0,"{""type"":""MultiPoint"",""coordinates"":[]}"
20030522,2003-05-22,0.0,"{""type"":""MultiPoint"",""coordinates"":[]}"
20030523,2003-05-23,0.0,"{""type"":""MultiPoint"",""coordinates"":[]}"
20030524,2003-05-24,0.0,"{""type"":""MultiPoint"",""coordinates"":[]}"
20030525,2003-05-25,0.0,"{""type"":""MultiPoint"",""coordinates"":[]}"
20030526,2003-05-26,0.0,"{""type"":""MultiPoint"",""coordinates"":[]}"
20030527,2003-05-27,0.0,"{""type"":""MultiPoint"",""coordinates"":[]}"
20030528,2003-05-28,0.0,"{""type"":""MultiPoint"",""coordinates"":[]}"
20030529,2003-05-29,0.0,"{""type"":""MultiPoint"",""coordinates"":[]}"
20030530,2003-05-30,0.0,"{""type"":""MultiPoint"",""coordinates"":[]}"
20030531,2003-05-31,2.2138044762581413E-4,"{""type"":""MultiPoint"",""coordinates"":[]}"
20030601,2003-06-01,1.0842778280466354,"{""type"":""MultiPoint"",""coordinates"":[]}"
20030602,2003-06-02,0.0,"{""type"":""MultiPoint"",""coordinates"":[]}"
20030603,2003-06-03,0.07844930563513057,"{""type"":""MultiPoint"",""coordinates"":[]}"
20030604,2003-06-04,0.00115980618527378,"{""type"":""MultiPoint"",""coordinates"":[]}"
20030605,2003-06-05,0.0,"{""type"":""MultiPoint"",""coordinates"":[]}"
20030606,2003-06-06,0.0,"{""type"":""MultiPoint"",""coordinates"":[]}"
20030607,2003-06-07,1.5770589608724253,"{""type"":""MultiPoint"",""coordinates"":[]}"
20030608,2003-06-08,0.11258690785657612,"{""type"":""MultiPoint"",""coordinates"":[]}"
20030609,2003-06-09,0.001276877961027255,"{""type"":""MultiPoint"",""coordinates"":[]}"
20030610,2003-06-10,0.36632569258783676,"{""type"":""MultiPoint"",""coordinates"":[]}"
20030611,2003-06-11,0.07561947686857022,"{""type"":""MultiPoint"",""coordinates"":[]}"
20030612,2003-06-12,1.6875849637156566,"{""type"":""MultiPoint"",""coordinates"":[]}"
20030613,2003-06-13,2.2840948118932523,"{""type"":""MultiPoint"",""coordinates"":[]}"
20030614,2003-06-14,1.3617900672568426,"{""type"":""MultiPoint"",""coordinates"":[]}"
20030615,2003-06-15,0.5257705552390617,"{""type"":""MultiPoint"",""coordinates"":[]}"
20030616,2003-06-16,0.0,"{""type"":""MultiPoint"",""coordinates"":[]}"
20030617,2003-06-17,0.0,"{""type"":""MultiPoint"",""coordinates"":[]}"
20030618,2003-06-18,0.45055387619429005,"{""type"":""MultiPoint"",""coordinates"":[]}"
20030619,2003-06-19,0.1348063581130914,"{""type"":""MultiPoint"",""coordinates"":[]}"
20030620,2003-06-20,0.08076411785146936,"{""type"":""MultiPoint"",""coordinates"":[]}"
20030621,2003-06-21,2.4265564313803565,"{""type"":""MultiPoint"",""coordinates"":[]}"
20030622,2003-06-22,0.0,"{""type"":""MultiPoint"",""coordinates"":[]}"
20030623,2003-06-23,0.8258816098339509,"{""type"":""MultiPoint"",""coordinates"":[]}"
20030624,2003-06-24,2.2353147100542707,"{""type"":""MultiPoint"",""coordinates"":[]}"
20030625,2003-06-25,0.115150369308403,"{""type"":""MultiPoint"",""coordinates"":[]}"
20030626,2003-06-26,0.5966104645830255,"{""type"":""MultiPoint"",""coordinates"":[]}"
20030627,2003-06-27,0.38839181316246724,"{""type"":""MultiPoint"",""coordinates"":[]}"
20030628,2003-06-28,0.6806466216958289,"{""type"":""MultiPoint"",""coordinates"":[]}"
20030629,2003-06-29,3.958703061999025,"{""type"":""MultiPoint"",""coordinates"":[]}"
20030630,2003-06-30,1.1724368845858222,"{""type"":""MultiPoint"",""coordinates"":[]}"
20030701,2003-07-01,0.5698076601801249,"{""type"":""MultiPoint"",""coordinates"":[]}"
20030702,2003-07-02,0.09374749793956144,"{""type"":""MultiPoint"",""coordinates"":[]}"
20030703,2003-07-03,0.8963715110931454,"{""type"":""MultiPoint"",""coordinates"":[]}"
20030704,2003-07-04,0.12770792858201674,"{""type"":""MultiPoint"",""coordinates"":[]}"
20030705,2003-07-05,0.4009626279715307,"{""type"":""MultiPoint"",""coordinates"":[]}"
20030706,2003-07-06,0.33356960854778306,"{""type"":""MultiPoint"",""coordinates"":[]}"
20030707,2003-07-07,1.7592749687316776E-4,"{""type"":""MultiPoint"",""coordinates"":[]}"
20030708,2003-07-08,0.37370842631894446,"{""type"":""MultiPoint"",""coordinates"":[]}"
20030709,2003-07-09,3.150998723751922,"{""type"":""MultiPoint"",""coordinates"":[]}"
20030710,2003-07-10,2.9549446007088966,"{""type"":""MultiPoint"",""coordinates"":[]}"
20030711,2003-07-11,0.8244082116526344,"{""type"":""MultiPoint"",""coordinates"":[]}"
20030712,2003-07-12,0.24969642798232955,"{""type"":""MultiPoint"",""coordinates"":[]}"
20030713,2003-07-13,0.8462724712082775,"{""type"":""MultiPoint"",""coordinates"":[]}"
20030714,2003-07-14,1.1327843539474116,"{""type"":""MultiPoint"",""coordinates"":[]}"
20030715,2003-07-15,3.9520763474323672,"{""type"":""MultiPoint"",""coordinates"":[]}"
20030716,2003-07-16,1.105200282506907,"{""type"":""MultiPoint"",""coordinates"":[]}"
20030717,2003-07-17,0.013638943590640568,"{""type"":""MultiPoint"",""coordinates"":[]}"
20030718,2003-07-18,2.016801218493564,"{""type"":""MultiPoint"",""coordinates"":[]}"
20030719,2003-07-19,1.1120159195969028,"{""type"":""MultiPoint"",""coordinates"":[]}"
20030720,2003-07-20,0.033640583093195564,"{""type"":""MultiPoint"",""coordinates"":[]}"
20030721,2003-07-21,0.35359261395161284,"{""type"":""MultiPoint"",""coordinates"":[]}"
20030722,2003-07-22,0.9590733331591674,"{""type"":""MultiPoint"",""coordinates"":[]}"
20030723,2003-07-23,0.6325261810116497,"{""type"":""MultiPoint"",""coordinates"":[]}"
20030724,2003-07-24,0.6550175885020285,"{""type"":""MultiPoint"",""coordinates"":[]}"
20030725,2003-07-25,1.3767856631208357,"{""type"":""MultiPoint"",""coordinates"":[]}"
20030726,2003-07-26,1.6819211438295718,"{""type"":""MultiPoint"",""coordinates"":[]}"
20030727,2003-07-27,0.6420783559322633,"{""type"":""MultiPoint"",""coordinates"":[]}"
20030728,2003-07-28,0.013576993552791121,"{""type"":""MultiPoint"",""coordinates"":[]}"
20030729,2003-07-29,0.31062693570229943,"{""type"":""MultiPoint"",""coordinates"":[]}"
20030730,2003-07-30,0.46029517014433813,"{""type"":""MultiPoint"",""coordinates"":[]}"
20030731,2003-07-31,0.5981516693955378,"{""type"":""MultiPoint"",""coordinates"":[]}"
20030801,2003-08-01,1.2881628083648815,"{""type"":""MultiPoint"",""coordinates"":[]}"
20030802,2003-08-02,2.603149338769047,"{""type"":""MultiPoint"",""coordinates"":[]}"
20030803,2003-08-03,0.1118198013182502,"{""type"":""MultiPoint"",""coordinates"":[]}"
20030804,2003-08-04,1.3204581093609251,"{""type"":""MultiPoint"",""coordinates"":[]}"
20030805,2003-08-05,1.6524098168564796,"{""type"":""MultiPoint"",""coordinates"":[]}"
20030806,2003-08-06,0.1862969571428337,"{""type"":""MultiPoint"",""coordinates"":[]}"
20030807,2003-08-07,1.5680658485484174,"{""type"":""MultiPoint"",""coordinates"":[]}"
20030808,2003-08-08,1.669170689822943,"{""type"":""MultiPoint"",""coordinates"":[]}"
20030809,2003-08-09,0.2552070866135785,"{""type"":""MultiPoint"",""coordinates"":[]}"
20030810,2003-08-10,0.018190603520625195,"{""type"":""MultiPoint"",""coordinates"":[]}"
20030811,2003-08-11,0.09064825938486581,"{""type"":""MultiPoint"",""coordinates"":[]}"
20030812,2003-08-12,1.2079803251380463,"{""type"":""MultiPoint"",""coordinates"":[]}"
20030813,2003-08-13,0.09214417289780748,"{""type"":""MultiPoint"",""coordinates"":[]}"
20030814,2003-08-14,1.7518651811114263,"{""type"":""MultiPoint"",""coordinates"":[]}"
20030815,2003-08-15,0.3162734547558537,"{""type"":""MultiPoint"",""coordinates"":[]}"
20030816,2003-08-16,1.0764164125124176,"{""type"":""MultiPoint"",""coordinates"":[]}"
20030817,2003-08-17,9.785971102626123E-4,"{""type"":""MultiPoint"",""coordinates"":[]}"
20030818,2003-08-18,0.11609457121221879,"{""type"":""MultiPoint"",""coordinates"":[]}"
20030819,2003-08-19,1.7125744679228114,"{""type"":""MultiPoint"",""coordinates"":[]}"
20030820,2003-08-20,3.356213568356264,"{""type"":""MultiPoint"",""coordinates"":[]}"
20030821,2003-08-21,2.3820126290549606,"{""type"":""MultiPoint"",""coordinates"":[]}"
20030822,2003-08-22,7.848825820023484,"{""type"":""MultiPoint"",""coordinates"":[]}"
20030823,2003-08-23,3.669609159419672,"{""type"":""MultiPoint"",""coordinates"":[]}"
20030824,2003-08-24,0.8728858993349492,"{""type"":""MultiPoint"",""coordinates"":[]}"
20030825,2003-08-25,1.302690411286545,"{""type"":""MultiPoint"",""coordinates"":[]}"
20030826,2003-08-26,0.09005519789529437,"{""type"":""MultiPoint"",""coordinates"":[]}"
20030827,2003-08-27,0.0017490031327619105,"{""type"":""MultiPoint"",""coordinates"":[]}"
20030828,2003-08-28,3.677973558916695,"{""type"":""MultiPoint"",""coordinates"":[]}"
20030829,2003-08-29,2.457710246750435,"{""type"":""MultiPoint"",""coordinates"":[]}"
20030830,2003-08-30,1.9845600700799635,"{""type"":""MultiPoint"",""coordinates"":[]}"
20030831,2003-08-31,3.7046012998137696,"{""type"":""MultiPoint"",""coordinates"":[]}"
20030901,2003-09-01,0.28329003478577763,"{""type"":""MultiPoint"",""coordinates"":[]}"
20030902,2003-09-02,1.5384385888338905,"{""type"":""MultiPoint"",""coordinates"":[]}"
20030903,2003-09-03,0.0,"{""type"":""MultiPoint"",""coordinates"":[]}"
20030904,2003-09-04,0.047757108621463165,"{""type"":""MultiPoint"",""coordinates"":[]}"
20030905,2003-09-05,0.2904785881673602,"{""type"":""MultiPoint"",""coordinates"":[]}"
20030906,2003-09-06,0.3136659435954795,"{""type"":""MultiPoint"",""coordinates"":[]}"
20030907,2003-09-07,0.1677503785959051,"{""type"":""MultiPoint"",""coordinates"":[]}"
20030908,2003-09-08,0.0,"{""type"":""MultiPoint"",""coordinates"":[]}"
20030909,2003-09-09,0.0,"{""type"":""MultiPoint"",""coordinates"":[]}"
20030910,2003-09-10,0.009048964844643131,"{""type"":""MultiPoint"",""coordinates"":[]}"
20030911,2003-09-11,0.0,"{""type"":""MultiPoint"",""coordinates"":[]}"
20030912,2003-09-12,0.0,"{""type"":""MultiPoint"",""coordinates"":[]}"
20030913,2003-09-13,0.2003059231618795,"{""type"":""MultiPoint"",""coordinates"":[]}"
20030914,2003-09-14,0.1859271633746085,"{""type"":""MultiPoint"",""coordinates"":[]}"
20030915,2003-09-15,0.015944244590600204,"{""type"":""MultiPoint"",""coordinates"":[]}"
20030916,2003-09-16,0.01677541107309269,"{""type"":""MultiPoint"",""coordinates"":[]}"
20030917,2003-09-17,5.17133150361847,"{""type"":""MultiPoint"",""coordinates"":[]}"
20030918,2003-09-18,1.369797002239356,"{""type"":""MultiPoint"",""coordinates"":[]}"
20030919,2003-09-19,0.36710982876762477,"{""type"":""MultiPoint"",""coordinates"":[]}"
20030920,2003-09-20,0.48637072858707936,"{""type"":""MultiPoint"",""coordinates"":[]}"
20030921,2003-09-21,0.0,"{""type"":""MultiPoint"",""coordinates"":[]}"
20030922,2003-09-22,2.301630138305714,"{""type"":""MultiPoint"",""coordinates"":[]}"
20030923,2003-09-23,2.3743158953333414,"{""type"":""MultiPoint"",""coordinates"":[]}"
20030924,2003-09-24,0.33261482978777024,"{""type"":""MultiPoint"",""coordinates"":[]}"
20030925,2003-09-25,0.10342364882995296,"{""type"":""MultiPoint"",""coordinates"":[]}"
20030926,2003-09-26,17.263686188611963,"{""type"":""MultiPoint"",""coordinates"":[]}"
20030927,2003-09-27,6.6359279474441335,"{""type"":""MultiPoint"",""coordinates"":[]}"
20030928,2003-09-28,7.668328266580297,"{""type"":""MultiPoint"",""coordinates"":[]}"
20030929,2003-09-29,5.739461499783203,"{""type"":""MultiPoint"",""coordinates"":[]}"
20030930,2003-09-30,2.170006446288645,"{""type"":""MultiPoint"",""coordinates"":[]}"
20031001,2003-10-01,0.0,"{""type"":""MultiPoint"",""coordinates"":[]}"
20031002,2003-10-02,0.3980918667149817,"{""type"":""MultiPoint"",""coordinates"":[]}"
20031003,2003-10-03,5.889452240227282,"{""type"":""MultiPoint"",""coordinates"":[]}"
20031004,2003-10-04,2.444644116047866,"{""type"":""MultiPoint"",""coordinates"":[]}"
20031005,2003-10-05,7.926507122104024,"{""type"":""MultiPoint"",""coordinates"":[]}"
20031006,2003-10-06,14.753693275364366,"{""type"":""MultiPoint"",""coordinates"":[]}"
20031007,2003-10-07,5.0151270325210735,"{""type"":""MultiPoint"",""coordinates"":[]}"
20031008,2003-10-08,8.30417774001278,"{""type"":""MultiPoint"",""coordinates"":[]}"
20031009,2003-10-09,0.0,"{""type"":""MultiPoint"",""coordinates"":[]}"
20031010,2003-10-10,0.0,"{""type"":""MultiPoint"",""coordinates"":[]}"
20031011,2003-10-11,0.0,"{""type"":""MultiPoint"",""coordinates"":[]}"
20031012,2003-10-12,0.16562996513902725,"{""type"":""MultiPoint"",""coordinates"":[]}"
20031013,2003-10-13,0.024361770091979925,"{""type"":""MultiPoint"",""coordinates"":[]}"
20031014,2003-10-14,0.0,"{""type"":""MultiPoint"",""coordinates"":[]}"
20031015,2003-10-15,0.0,"{""type"":""MultiPoint"",""coordinates"":[]}"
20031016,2003-10-16,0.0,"{""type"":""MultiPoint"",""coordinates"":[]}"
20031017,2003-10-17,0.2464090220508412,"{""type"":""MultiPoint"",""coordinates"":[]}"
20031018,2003-10-18,9.96064765006303,"{""type"":""MultiPoint"",""coordinates"":[]}"
20031019,2003-10-19,9.39340561911778,"{""type"":""MultiPoint"",""coordinates"":[]}"
20031020,2003-10-20,24.266308716001348,"{""type"":""MultiPoint"",""coordinates"":[]}"
20031021,2003-10-21,12.069390324958832,"{""type"":""MultiPoint"",""coordinates"":[]}"
20031022,2003-10-22,15.713327167446801,"{""type"":""MultiPoint"",""coordinates"":[]}"
20031023,2003-10-23,12.696727433909802,"{""type"":""MultiPoint"",""coordinates"":[]}"
20031024,2003-10-24,0.0,"{""type"":""MultiPoint"",""coordinates"":[]}"
20031025,2003-10-25,0.0,"{""type"":""MultiPoint"",""coordinates"":[]}"
20031026,2003-10-26,0.0,"{""type"":""MultiPoint"",""coordinates"":[]}"
20031027,2003-10-27,0.0,"{""type"":""MultiPoint"",""coordinates"":[]}"
20031028,2003-10-28,0.0,"{""type"":""MultiPoint"",""coordinates"":[]}"
20031029,2003-10-29,0.0,"{""type"":""MultiPoint"",""coordinates"":[]}"
20031030,2003-10-30,0.1992613587055488,"{""type"":""MultiPoint"",""coordinates"":[]}"
20031031,2003-10-31,0.07249425995291815,"{""type"":""MultiPoint"",""coordinates"":[]}"
20031101,2003-11-01,0.0,"{""type"":""MultiPoint"",""coordinates"":[]}"
20031102,2003-11-02,0.0,"{""type"":""MultiPoint"",""coordinates"":[]}"
20031103,2003-11-03,0.0,"{""type"":""MultiPoint"",""coordinates"":[]}"
20031104,2003-11-04,0.0,"{""type"":""MultiPoint"",""coordinates"":[]}"
20031105,2003-11-05,0.017213917788677733,"{""type"":""MultiPoint"",""coordinates"":[]}"
20031106,2003-11-06,0.0,"{""type"":""MultiPoint"",""coordinates"":[]}"
20031107,2003-11-07,0.030022663628597027,"{""type"":""MultiPoint"",""coordinates"":[]}"
20031108,2003-11-08,0.0,"{""type"":""MultiPoint"",""coordinates"":[]}"
20031109,2003-11-09,3.6425606821945236,"{""type"":""MultiPoint"",""coordinates"":[]}"
20031110,2003-11-10,0.0,"{""type"":""MultiPoint"",""coordinates"":[]}"
20031111,2003-11-11,0.0,"{""type"":""MultiPoint"",""coordinates"":[]}"
20031112,2003-11-12,0.0,"{""type"":""MultiPoint"",""coordinates"":[]}"
20031113,2003-11-13,0.0,"{""type"":""MultiPoint"",""coordinates"":[]}"
20031114,2003-11-14,3.0185362477245365,"{""type"":""MultiPoint"",""coordinates"":[]}"
20031115,2003-11-15,0.0,"{""type"":""MultiPoint"",""coordinates"":[]}"
20031116,2003-11-16,0.02871167263581571,"{""type"":""MultiPoint"",""coordinates"":[]}"
20031117,2003-11-17,0.0,"{""type"":""MultiPoint"",""coordinates"":[]}"
20031118,2003-11-18,0.0,"{""type"":""MultiPoint"",""coordinates"":[]}"
20031119,2003-11-19,0.0016772472829394635,"{""type"":""MultiPoint"",""coordinates"":[]}"
20031120,2003-11-20,0.5621574062158632,"{""type"":""MultiPoint"",""coordinates"":[]}"
20031121,2003-11-21,0.0,"{""type"":""MultiPoint"",""coordinates"":[]}"
20031122,2003-11-22,0.007399586088473056,"{""type"":""MultiPoint"",""coordinates"":[]}"
20031123,2003-11-23,0.0,"{""type"":""MultiPoint"",""coordinates"":[]}"
20031124,2003-11-24,0.0,"{""type"":""MultiPoint"",""coordinates"":[]}"
20031125,2003-11-25,0.0,"{""type"":""MultiPoint"",""coordinates"":[]}"
20031126,2003-11-26,0.0,"{""type"":""MultiPoint"",""coordinates"":[]}"
20031127,2003-11-27,0.0,"{""type"":""MultiPoint"",""coordinates"":[]}"
20031128,2003-11-28,1.3665986822544591,"{""type"":""MultiPoint"",""coordinates"":[]}"
20031129,2003-11-29,0.8063933439371317,"{""type"":""MultiPoint"",""coordinates"":[]}"
20031130,2003-11-30,0.0,"{""type"":""MultiPoint"",""coordinates"":[]}"
20031201,2003-12-01,0.0,"{""type"":""MultiPoint"",""coordinates"":[]}"
20031202,2003-12-02,0.0,"{""type"":""MultiPoint"",""coordinates"":[]}"
20031203,2003-12-03,0.0,"{""type"":""MultiPoint"",""coordinates"":[]}"
20031204,2003-12-04,0.0,"{""type"":""MultiPoint"",""coordinates"":[]}"
20031205,2003-12-05,0.0,"{""type"":""MultiPoint"",""coordinates"":[]}"
20031206,2003-12-06,0.0,"{""type"":""MultiPoint"",""coordinates"":[]}"
20031207,2003-12-07,0.0,"{""type"":""MultiPoint"",""coordinates"":[]}"
20031208,2003-12-08,0.0,"{""type"":""MultiPoint"",""coordinates"":[]}"
20031209,2003-12-09,0.0,"{""type"":""MultiPoint"",""coordinates"":[]}"
20031210,2003-12-10,0.0,"{""type"":""MultiPoint"",""coordinates"":[]}"
20031211,2003-12-11,0.0,"{""type"":""MultiPoint"",""coordinates"":[]}"
20031212,2003-12-12,0.006417936403105312,"{""type"":""MultiPoint"",""coordinates"":[]}"
20031213,2003-12-13,0.0,"{""type"":""MultiPoint"",""coordinates"":[]}"
20031214,2003-12-14,2.3227479586318176,"{""type"":""MultiPoint"",""coordinates"":[]}"
20031215,2003-12-15,1.881272352320742,"{""type"":""MultiPoint"",""coordinates"":[]}"
20031216,2003-12-16,0.0,"{""type"":""MultiPoint"",""coordinates"":[]}"
20031217,2003-12-17,0.0,"{""type"":""MultiPoint"",""coordinates"":[]}"
20031218,2003-12-18,0.0,"{""type"":""MultiPoint"",""coordinates"":[]}"
20031219,2003-12-19,0.0,"{""type"":""MultiPoint"",""coordinates"":[]}"
20031220,2003-12-20,0.0,"{""type"":""MultiPoint"",""coordinates"":[]}"
20031221,2003-12-21,0.0,"{""type"":""MultiPoint"",""coordinates"":[]}"
20031222,2003-12-22,0.0,"{""type"":""MultiPoint"",""coordinates"":[]}"
20031223,2003-12-23,0.0,"{""type"":""MultiPoint"",""coordinates"":[]}"
20031224,2003-12-24,0.0,"{""type"":""MultiPoint"",""coordinates"":[]}"
20031225,2003-12-25,0.0035582452558512523,"{""type"":""MultiPoint"",""coordinates"":[]}"
20031226,2003-12-26,0.0,"{""type"":""MultiPoint"",""coordinates"":[]}"
20031227,2003-12-27,0.016507679139955246,"{""type"":""MultiPoint"",""coordinates"":[]}"
20031228,2003-12-28,0.0,"{""type"":""MultiPoint"",""coordinates"":[]}"
20031229,2003-12-29,0.0,"{""type"":""MultiPoint"",""coordinates"":[]}"
20031230,2003-12-30,0.0,"{""type"":""MultiPoint"",""coordinates"":[]}"
20031231,2003-12-31,0.012380758241886692,"{""type"":""MultiPoint"",""coordinates"":[]}"
20040101,2004-01-01,0.0,"{""type"":""MultiPoint"",""coordinates"":[]}"
20040102,2004-01-02,0.0,"{""type"":""MultiPoint"",""coordinates"":[]}"
20040103,2004-01-03,0.11059076584598118,"{""type"":""MultiPoint"",""coordinates"":[]}"
20040104,2004-01-04,0.0,"{""type"":""MultiPoint"",""coordinates"":[]}"
20040105,2004-01-05,0.0028511820715751983,"{""type"":""MultiPoint"",""coordinates"":[]}"
20040106,2004-01-06,0.0,"{""type"":""MultiPoint"",""coordinates"":[]}"
20040107,2004-01-07,0.0,"{""type"":""MultiPoint"",""coordinates"":[]}"
20040108,2004-01-08,0.0,"{""type"":""MultiPoint"",""coordinates"":[]}"
20040109,2004-01-09,0.0,"{""type"":""MultiPoint"",""coordinates"":[]}"
20040110,2004-01-10,0.0,"{""type"":""MultiPoint"",""coordinates"":[]}"
20040111,2004-01-11,0.0,"{""type"":""MultiPoint"",""coordinates"":[]}"
20040112,2004-01-12,0.0,"{""type"":""MultiPoint"",""coordinates"":[]}"
20040113,2004-01-13,0.0,"{""type"":""MultiPoint"",""coordinates"":[]}"
20040114,2004-01-14,0.0,"{""type"":""MultiPoint"",""coordinates"":[]}"
20040115,2004-01-15,0.0,"{""type"":""MultiPoint"",""coordinates"":[]}"
20040116,2004-01-16,0.0,"{""type"":""MultiPoint"",""coordinates"":[]}"
20040117,2004-01-17,0.0,"{""type"":""MultiPoint"",""coordinates"":[]}"
20040118,2004-01-18,0.0,"{""type"":""MultiPoint"",""coordinates"":[]}"
20040119,2004-01-19,0.0,"{""type"":""MultiPoint"",""coordinates"":[]}"
20040120,2004-01-20,0.0,"{""type"":""MultiPoint"",""coordinates"":[]}"
20040121,2004-01-21,0.0,"{""type"":""MultiPoint"",""coordinates"":[]}"
20040122,2004-01-22,0.0,"{""type"":""MultiPoint"",""coordinates"":[]}"
20040123,2004-01-23,0.022377171217084,"{""type"":""MultiPoint"",""coordinates"":[]}"
20040124,2004-01-24,0.0,"{""type"":""MultiPoint"",""coordinates"":[]}"
20040125,2004-01-25,0.1153608065421648,"{""type"":""MultiPoint"",""coordinates"":[]}"
20040126,2004-01-26,0.0,"{""type"":""MultiPoint"",""coordinates"":[]}"
20040127,2004-01-27,0.0,"{""type"":""MultiPoint"",""coordinates"":[]}"
20040128,2004-01-28,0.08202628148011369,"{""type"":""MultiPoint"",""coordinates"":[]}"
20040129,2004-01-29,0.0018071087556092112,"{""type"":""MultiPoint"",""coordinates"":[]}"
20040130,2004-01-30,0.06022617498694876,"{""type"":""MultiPoint"",""coordinates"":[]}"
20040131,2004-01-31,0.0,"{""type"":""MultiPoint"",""coordinates"":[]}"
20040201,2004-02-01,0.006745850151061711,"{""type"":""MultiPoint"",""coordinates"":[]}"
20040202,2004-02-02,0.0,"{""type"":""MultiPoint"",""coordinates"":[]}"
20040203,2004-02-03,0.0,"{""type"":""MultiPoint"",""coordinates"":[]}"
20040204,2004-02-04,0.0,"{""type"":""MultiPoint"",""coordinates"":[]}"
20040205,2004-02-05,0.0,"{""type"":""MultiPoint"",""coordinates"":[]}"
20040206,2004-02-06,0.0,"{""type"":""MultiPoint"",""coordinates"":[]}"
20040207,2004-02-07,0.00610552957640887,"{""type"":""MultiPoint"",""coordinates"":[]}"
20040208,2004-02-08,0.0,"{""type"":""MultiPoint"",""coordinates"":[]}"
20040209,2004-02-09,0.0,"{""type"":""MultiPoint"",""coordinates"":[]}"
20040210,2004-02-10,0.0,"{""type"":""MultiPoint"",""coordinates"":[]}"
20040211,2004-02-11,0.0,"{""type"":""MultiPoint"",""coordinates"":[]}"
20040212,2004-02-12,0.0,"{""type"":""MultiPoint"",""coordinates"":[]}"
20040213,2004-02-13,0.0,"{""type"":""MultiPoint"",""coordinates"":[]}"
20040214,2004-02-14,0.0,"{""type"":""MultiPoint"",""coordinates"":[]}"
20040215,2004-02-15,0.0,"{""type"":""MultiPoint"",""coordinates"":[]}"
20040216,2004-02-16,0.0,"{""type"":""MultiPoint"",""coordinates"":[]}"
20040217,2004-02-17,0.0,"{""type"":""MultiPoint"",""coordinates"":[]}"
20040218,2004-02-18,0.0,"{""type"":""MultiPoint"",""coordinates"":[]}"
20040219,2004-02-19,0.0,"{""type"":""MultiPoint"",""coordinates"":[]}"
20040220,2004-02-20,0.0,"{""type"":""MultiPoint"",""coordinates"":[]}"
20040221,2004-02-21,0.0,"{""type"":""MultiPoint"",""coordinates"":[]}"
20040222,2004-02-22,0.0,"{""type"":""MultiPoint"",""coordinates"":[]}"
20040223,2004-02-23,0.0,"{""type"":""MultiPoint"",""coordinates"":[]}"
20040224,2004-02-24,0.0,"{""type"":""MultiPoint"",""coordinates"":[]}"
20040225,2004-02-25,0.0,"{""type"":""MultiPoint"",""coordinates"":[]}"
20040226,2004-02-26,0.0,"{""type"":""MultiPoint"",""coordinates"":[]}"
20040227,2004-02-27,0.0,"{""type"":""MultiPoint"",""coordinates"":[]}"
20040228,2004-02-28,0.0,"{""type"":""MultiPoint"",""coordinates"":[]}"
20040229,2004-02-29,0.0,"{""type"":""MultiPoint"",""coordinates"":[]}"
20040301,2004-03-01,0.0,"{""type"":""MultiPoint"",""coordinates"":[]}"
20040302,2004-03-02,0.0,"{""type"":""MultiPoint"",""coordinates"":[]}"
20040303,2004-03-03,0.0,"{""type"":""MultiPoint"",""coordinates"":[]}"
20040304,2004-03-04,0.0,"{""type"":""MultiPoint"",""coordinates"":[]}"
20040305,2004-03-05,0.0,"{""type"":""MultiPoint"",""coordinates"":[]}"
20040306,2004-03-06,0.0,"{""type"":""MultiPoint"",""coordinates"":[]}"
20040307,2004-03-07,0.0,"{""type"":""MultiPoint"",""coordinates"":[]}"
20040308,2004-03-08,0.0,"{""type"":""MultiPoint"",""coordinates"":[]}"
20040309,2004-03-09,0.0,"{""type"":""MultiPoint"",""coordinates"":[]}"
20040310,2004-03-10,0.0,"{""type"":""MultiPoint"",""coordinates"":[]}"
20040311,2004-03-11,0.0,"{""type"":""MultiPoint"",""coordinates"":[]}"
20040312,2004-03-12,0.0,"{""type"":""MultiPoint"",""coordinates"":[]}"
20040313,2004-03-13,0.0,"{""type"":""MultiPoint"",""coordinates"":[]}"
20040314,2004-03-14,0.0,"{""type"":""MultiPoint"",""coordinates"":[]}"
20040315,2004-03-15,0.0,"{""type"":""MultiPoint"",""coordinates"":[]}"
20040316,2004-03-16,0.0,"{""type"":""MultiPoint"",""coordinates"":[]}"
20040317,2004-03-17,0.0,"{""type"":""MultiPoint"",""coordinates"":[]}"
20040318,2004-03-18,0.0,"{""type"":""MultiPoint"",""coordinates"":[]}"
20040319,2004-03-19,0.0,"{""type"":""MultiPoint"",""coordinates"":[]}"
20040320,2004-03-20,0.0,"{""type"":""MultiPoint"",""coordinates"":[]}"
20040321,2004-03-21,0.0,"{""type"":""MultiPoint"",""coordinates"":[]}"
20040322,2004-03-22,0.0,"{""type"":""MultiPoint"",""coordinates"":[]}"
20040323,2004-03-23,0.0,"{""type"":""MultiPoint"",""coordinates"":[]}"
20040324,2004-03-24,0.0,"{""type"":""MultiPoint"",""coordinates"":[]}"
20040325,2004-03-25,0.0,"{""type"":""MultiPoint"",""coordinates"":[]}"
20040326,2004-03-26,0.0,"{""type"":""MultiPoint"",""coordinates"":[]}"
20040327,2004-03-27,0.0,"{""type"":""MultiPoint"",""coordinates"":[]}"
20040328,2004-03-28,0.0,"{""type"":""MultiPoint"",""coordinates"":[]}"
20040329,2004-03-29,0.09344709957619082,"{""type"":""MultiPoint"",""coordinates"":[]}"
20040330,2004-03-30,2.750371112660307,"{""type"":""MultiPoint"",""coordinates"":[]}"
20040331,2004-03-31,0.3479366380060448,"{""type"":""MultiPoint"",""coordinates"":[]}"
20040401,2004-04-01,3.4714482907383752,"{""type"":""MultiPoint"",""coordinates"":[]}"
20040402,2004-04-02,2.5334417905920708,"{""type"":""MultiPoint"",""coordinates"":[]}"
20040403,2004-04-03,1.4395201271938391,"{""type"":""MultiPoint"",""coordinates"":[]}"
20040404,2004-04-04,7.216916628763797,"{""type"":""MultiPoint"",""coordinates"":[]}"
20040405,2004-04-05,3.1006220299539815,"{""type"":""MultiPoint"",""coordinates"":[]}"
20040406,2004-04-06,3.926116558673979,"{""type"":""MultiPoint"",""coordinates"":[]}"
20040407,2004-04-07,0.0,"{""type"":""MultiPoint"",""coordinates"":[]}"
20040408,2004-04-08,0.0,"{""type"":""MultiPoint"",""coordinates"":[]}"
20040409,2004-04-09,0.0,"{""type"":""MultiPoint"",""coordinates"":[]}"
20040410,2004-04-10,0.0,"{""type"":""MultiPoint"",""coordinates"":[]}"
20040411,2004-04-11,0.0,"{""type"":""MultiPoint"",""coordinates"":[]}"
20040412,2004-04-12,0.0,"{""type"":""MultiPoint"",""coordinates"":[]}"
20040413,2004-04-13,0.0,"{""type"":""MultiPoint"",""coordinates"":[]}"
20040414,2004-04-14,0.0,"{""type"":""MultiPoint"",""coordinates"":[]}"
20040415,2004-04-15,0.0,"{""type"":""MultiPoint"",""coordinates"":[]}"
20040416,2004-04-16,0.0,"{""type"":""MultiPoint"",""coordinates"":[]}"
20040417,2004-04-17,0.0,"{""type"":""MultiPoint"",""coordinates"":[]}"
20040418,2004-04-18,0.0,"{""type"":""MultiPoint"",""coordinates"":[]}"
20040419,2004-04-19,0.0,"{""type"":""MultiPoint"",""coordinates"":[]}"
20040420,2004-04-20,0.0,"{""type"":""MultiPoint"",""coordinates"":[]}"
20040421,2004-04-21,2.9270206724137227,"{""type"":""MultiPoint"",""coordinates"":[]}"
20040422,2004-04-22,3.3382509026991354,"{""type"":""MultiPoint"",""coordinates"":[]}"
20040423,2004-04-23,3.771835877774324,"{""type"":""MultiPoint"",""coordinates"":[]}"
20040424,2004-04-24,0.6269283014713153,"{""type"":""MultiPoint"",""coordinates"":[]}"
20040425,2004-04-25,0.9502888239292622,"{""type"":""MultiPoint"",""coordinates"":[]}"
20040426,2004-04-26,0.5614640111780341,"{""type"":""MultiPoint"",""coordinates"":[]}"
20040427,2004-04-27,0.0,"{""type"":""MultiPoint"",""coordinates"":[]}"
20040428,2004-04-28,0.0,"{""type"":""MultiPoint"",""coordinates"":[]}"
20040429,2004-04-29,1.117076968161317,"{""type"":""MultiPoint"",""coordinates"":[]}"
20040430,2004-04-30,0.0,"{""type"":""MultiPoint"",""coordinates"":[]}"
20040501,2004-05-01,0.05630950123132548,"{""type"":""MultiPoint"",""coordinates"":[]}"
20040502,2004-05-02,0.45469415674745867,"{""type"":""MultiPoint"",""coordinates"":[]}"
20040503,2004-05-03,17.722530401285464,"{""type"":""MultiPoint"",""coordinates"":[]}"
20040504,2004-05-04,5.551364736080094,"{""type"":""MultiPoint"",""coordinates"":[]}"
20040505,2004-05-05,1.3975647685230992,"{""type"":""MultiPoint"",""coordinates"":[]}"
20040506,2004-05-06,10.53658416767041,"{""type"":""MultiPoint"",""coordinates"":[]}"
20040507,2004-05-07,3.660063210186401,"{""type"":""MultiPoint"",""coordinates"":[]}"
20040508,2004-05-08,0.024130820705877916,"{""type"":""MultiPoint"",""coordinates"":[]}"
20040509,2004-05-09,0.2656055099227232,"{""type"":""MultiPoint"",""coordinates"":[]}"
20040510,2004-05-10,0.23291053651058768,"{""type"":""MultiPoint"",""coordinates"":[]}"
20040511,2004-05-11,0.12903469926920572,"{""type"":""MultiPoint"",""coordinates"":[]}"
20040512,2004-05-12,0.0,"{""type"":""MultiPoint"",""coordinates"":[]}"
20040513,2004-05-13,2.1128343151364812,"{""type"":""MultiPoint"",""coordinates"":[]}"
20040514,2004-05-14,5.97177330986377,"{""type"":""MultiPoint"",""coordinates"":[]}"
20040515,2004-05-15,3.4700552762470216,"{""type"":""MultiPoint"",""coordinates"":[]}"
20040516,2004-05-16,21.634167001328045,"{""type"":""MultiPoint"",""coordinates"":[]}"
20040517,2004-05-17,3.672134326097727,"{""type"":""MultiPoint"",""coordinates"":[]}"
20040518,2004-05-18,0.0,"{""type"":""MultiPoint"",""coordinates"":[]}"
20040519,2004-05-19,0.44808992958673877,"{""type"":""MultiPoint"",""coordinates"":[]}"
20040520,2004-05-20,0.0,"{""type"":""MultiPoint"",""coordinates"":[]}"
20040521,2004-05-21,0.0,"{""type"":""MultiPoint"",""coordinates"":[]}"
20040522,2004-05-22,0.02655005765379899,"{""type"":""MultiPoint"",""coordinates"":[]}"
20040523,2004-05-23,1.039703546598844,"{""type"":""MultiPoint"",""coordinates"":[]}"
20040524,2004-05-24,0.4856298388380588,"{""type"":""MultiPoint"",""coordinates"":[]}"
20040525,2004-05-25,3.440575781336262,"{""type"":""MultiPoint"",""coordinates"":[]}"
20040526,2004-05-26,0.7195441073742135,"{""type"":""MultiPoint"",""coordinates"":[]}"
20040527,2004-05-27,8.951802409109428,"{""type"":""MultiPoint"",""coordinates"":[]}"
20040528,2004-05-28,0.24412061608999985,"{""type"":""MultiPoint"",""coordinates"":[]}"
20040529,2004-05-29,14.526275870550037,"{""type"":""MultiPoint"",""coordinates"":[]}"
20040530,2004-05-30,1.125605628631967,"{""type"":""MultiPoint"",""coordinates"":[]}"
20040531,2004-05-31,7.844527903813132,"{""type"":""MultiPoint"",""coordinates"":[]}"
20040601,2004-06-01,0.2927545382129643,"{""type"":""MultiPoint"",""coordinates"":[]}"
20040602,2004-06-02,0.0,"{""type"":""MultiPoint"",""coordinates"":[]}"
20040603,2004-06-03,0.7249874919263667,"{""type"":""MultiPoint"",""coordinates"":[]}"
20040604,2004-06-04,1.5664069855949778,"{""type"":""MultiPoint"",""coordinates"":[]}"
20040605,2004-06-05,6.022864895544961,"{""type"":""MultiPoint"",""coordinates"":[]}"
20040606,2004-06-06,0.1509868811454804,"{""type"":""MultiPoint"",""coordinates"":[]}"
20040607,2004-06-07,0.3307452013957274,"{""type"":""MultiPoint"",""coordinates"":[]}"
20040608,2004-06-08,0.5591169526052118,"{""type"":""MultiPoint"",""coordinates"":[]}"
20040609,2004-06-09,0.02413231226286557,"{""type"":""MultiPoint"",""coordinates"":[]}"
20040610,2004-06-10,0.1447704387446571,"{""type"":""MultiPoint"",""coordinates"":[]}"
20040611,2004-06-11,1.2082453393114305,"{""type"":""MultiPoint"",""coordinates"":[]}"
20040612,2004-06-12,5.484113955990663,"{""type"":""MultiPoint"",""coordinates"":[]}"
20040613,2004-06-13,0.7151340799543267,"{""type"":""MultiPoint"",""coordinates"":[]}"
20040614,2004-06-14,1.3969322298041307,"{""type"":""MultiPoint"",""coordinates"":[]}"
20040615,2004-06-15,0.8093680577841095,"{""type"":""MultiPoint"",""coordinates"":[]}"
20040616,2004-06-16,0.0,"{""type"":""MultiPoint"",""coordinates"":[]}"
20040617,2004-06-17,0.0,"{""type"":""MultiPoint"",""coordinates"":[]}"
20040618,2004-06-18,0.0,"{""type"":""MultiPoint"",""coordinates"":[]}"
20040619,2004-06-19,0.009563611465606352,"{""type"":""MultiPoint"",""coordinates"":[]}"
20040620,2004-06-20,0.0,"{""type"":""MultiPoint"",""coordinates"":[]}"
20040621,2004-06-21,0.0,"{""type"":""MultiPoint"",""coordinates"":[]}"
20040622,2004-06-22,0.007111195265739865,"{""type"":""MultiPoint"",""coordinates"":[]}"
20040623,2004-06-23,0.0,"{""type"":""MultiPoint"",""coordinates"":[]}"
20040624,2004-06-24,0.0,"{""type"":""MultiPoint"",""coordinates"":[]}"
20040625,2004-06-25,2.543085233070129E-4,"{""type"":""MultiPoint"",""coordinates"":[]}"
20040626,2004-06-26,0.2631891374157547,"{""type"":""MultiPoint"",""coordinates"":[]}"
20040627,2004-06-27,0.0,"{""type"":""MultiPoint"",""coordinates"":[]}"
20040628,2004-06-28,0.28490547887046686,"{""type"":""MultiPoint"",""coordinates"":[]}"
20040629,2004-06-29,0.1820845563179947,"{""type"":""MultiPoint"",""coordinates"":[]}"
20040630,2004-06-30,0.38430262386831626,"{""type"":""MultiPoint"",""coordinates"":[]}"
20040701,2004-07-01,0.0,"{""type"":""MultiPoint"",""coordinates"":[]}"
20040702,2004-07-02,0.1973005597856326,"{""type"":""MultiPoint"",""coordinates"":[]}"
20040703,2004-07-03,0.4347527828753886,"{""type"":""MultiPoint"",""coordinates"":[]}"
20040704,2004-07-04,0.013729376784091318,"{""type"":""MultiPoint"",""coordinates"":[]}"
20040705,2004-07-05,0.4098365619944877,"{""type"":""MultiPoint"",""coordinates"":[]}"
20040706,2004-07-06,0.5727828518065242,"{""type"":""MultiPoint"",""coordinates"":[]}"
20040707,2004-07-07,0.4867135725354913,"{""type"":""MultiPoint"",""coordinates"":[]}"
20040708,2004-07-08,4.618347057728184,"{""type"":""MultiPoint"",""coordinates"":[]}"
20040709,2004-07-09,3.9866781646805274,"{""type"":""MultiPoint"",""coordinates"":[]}"
20040710,2004-07-10,2.776169293239634,"{""type"":""MultiPoint"",""coordinates"":[]}"
20040711,2004-07-11,1.645828311664717,"{""type"":""MultiPoint"",""coordinates"":[]}"
20040712,2004-07-12,8.1295254437909,"{""type"":""MultiPoint"",""coordinates"":[]}"
20040713,2004-07-13,3.5013997798884158,"{""type"":""MultiPoint"",""coordinates"":[]}"
20040714,2004-07-14,0.6260106813856766,"{""type"":""MultiPoint"",""coordinates"":[]}"
20040715,2004-07-15,0.34469910476459614,"{""type"":""MultiPoint"",""coordinates"":[]}"
20040716,2004-07-16,0.08130780597000281,"{""type"":""MultiPoint"",""coordinates"":[]}"
20040717,2004-07-17,0.0596342780343406,"{""type"":""MultiPoint"",""coordinates"":[]}"
20040718,2004-07-18,1.0842065310144906,"{""type"":""MultiPoint"",""coordinates"":[]}"
20040719,2004-07-19,2.227950608092312,"{""type"":""MultiPoint"",""coordinates"":[]}"
20040720,2004-07-20,0.1320942135154264,"{""type"":""MultiPoint"",""coordinates"":[]}"
20040721,2004-07-21,0.281976304868657,"{""type"":""MultiPoint"",""coordinates"":[]}"
20040722,2004-07-22,2.310944618771254,"{""type"":""MultiPoint"",""coordinates"":[]}"
20040723,2004-07-23,1.3031211368359,"{""type"":""MultiPoint"",""coordinates"":[]}"
20040724,2004-07-24,1.922793194425054,"{""type"":""MultiPoint"",""coordinates"":[]}"
20040725,2004-07-25,0.7436329828042608,"{""type"":""MultiPoint"",""coordinates"":[]}"
20040726,2004-07-26,3.710610903702783,"{""type"":""MultiPoint"",""coordinates"":[]}"
20040727,2004-07-27,1.2690095443870946,"{""type"":""MultiPoint"",""coordinates"":[]}"
20040728,2004-07-28,0.8714510396520692,"{""type"":""MultiPoint"",""coordinates"":[]}"
20040729,2004-07-29,2.7090189201273924,"{""type"":""MultiPoint"",""coordinates"":[]}"
20040730,2004-07-30,0.6645029346616078,"{""type"":""MultiPoint"",""coordinates"":[]}"
20040731,2004-07-31,0.1203069820184094,"{""type"":""MultiPoint"",""coordinates"":[]}"
20040801,2004-08-01,2.0342965967046456,"{""type"":""MultiPoint"",""coordinates"":[]}"
20040802,2004-08-02,3.6973622759430684,"{""type"":""MultiPoint"",""coordinates"":[]}"
20040803,2004-08-03,8.682525926779375,"{""type"":""MultiPoint"",""coordinates"":[]}"
20040804,2004-08-04,2.552882480642495,"{""type"":""MultiPoint"",""coordinates"":[]}"
20040805,2004-08-05,0.28168368226094,"{""type"":""MultiPoint"",""coordinates"":[]}"
20040806,2004-08-06,0.30240499053798997,"{""type"":""MultiPoint"",""coordinates"":[]}"
20040807,2004-08-07,1.1407026083546377,"{""type"":""MultiPoint"",""coordinates"":[]}"
20040808,2004-08-08,0.02845598325322983,"{""type"":""MultiPoint"",""coordinates"":[]}"
20040809,2004-08-09,0.0,"{""type"":""MultiPoint"",""coordinates"":[]}"
20040810,2004-08-10,3.888461702483057,"{""type"":""MultiPoint"",""coordinates"":[]}"
20040811,2004-08-11,0.11253063921131178,"{""type"":""MultiPoint"",""coordinates"":[]}"
20040812,2004-08-12,1.40460065604023,"{""type"":""MultiPoint"",""coordinates"":[]}"
20040813,2004-08-13,0.5244670025694066,"{""type"":""MultiPoint"",""coordinates"":[]}"
20040814,2004-08-14,0.23759382014413952,"{""type"":""MultiPoint"",""coordinates"":[]}"
20040815,2004-08-15,0.0,"{""type"":""MultiPoint"",""coordinates"":[]}"
20040816,2004-08-16,0.00900709543829066,"{""type"":""MultiPoint"",""coordinates"":[]}"
20040817,2004-08-17,0.0,"{""type"":""MultiPoint"",""coordinates"":[]}"
20040818,2004-08-18,0.02136440407473062,"{""type"":""MultiPoint"",""coordinates"":[]}"
20040819,2004-08-19,2.0876439823848054,"{""type"":""MultiPoint"",""coordinates"":[]}"
20040820,2004-08-20,0.17702554699412817,"{""type"":""MultiPoint"",""coordinates"":[]}"
20040821,2004-08-21,3.6226528935511397,"{""type"":""MultiPoint"",""coordinates"":[]}"
20040822,2004-08-22,0.0,"{""type"":""MultiPoint"",""coordinates"":[]}"
20040823,2004-08-23,0.0,"{""type"":""MultiPoint"",""coordinates"":[]}"
20040824,2004-08-24,0.0,"{""type"":""MultiPoint"",""coordinates"":[]}"
20040825,2004-08-25,0.0,"{""type"":""MultiPoint"",""coordinates"":[]}"
20040826,2004-08-26,0.018936419150060932,"{""type"":""MultiPoint"",""coordinates"":[]}"
20040827,2004-08-27,0.06145479586525655,"{""type"":""MultiPoint"",""coordinates"":[]}"
20040828,2004-08-28,0.0,"{""type"":""MultiPoint"",""coordinates"":[]}"
20040829,2004-08-29,0.06291467651823154,"{""type"":""MultiPoint"",""coordinates"":[]}"
20040830,2004-08-30,0.0,"{""type"":""MultiPoint"",""coordinates"":[]}"
20040831,2004-08-31,0.052292172371460756,"{""type"":""MultiPoint"",""coordinates"":[]}"
20040901,2004-09-01,0.0,"{""type"":""MultiPoint"",""coordinates"":[]}"
20040902,2004-09-02,0.0,"{""type"":""MultiPoint"",""coordinates"":[]}"
20040903,2004-09-03,6.405852697756887,"{""type"":""MultiPoint"",""coordinates"":[]}"
20040904,2004-09-04,30.661812622870478,"{""type"":""MultiPoint"",""coordinates"":[]}"
20040905,2004-09-05,23.236499113698642,"{""type"":""MultiPoint"",""coordinates"":[]}"
20040906,2004-09-06,10.981469277532497,"{""type"":""MultiPoint"",""coordinates"":[]}"
20040907,2004-09-07,2.6634942005259075,"{""type"":""MultiPoint"",""coordinates"":[]}"
20040908,2004-09-08,1.518377454725453,"{""type"":""MultiPoint"",""coordinates"":[]}"
20040909,2004-09-09,3.565269481389545,"{""type"":""MultiPoint"",""coordinates"":[]}"
20040910,2004-09-10,5.640714187904405,"{""type"":""MultiPoint"",""coordinates"":[]}"
20040911,2004-09-11,0.019829764955171914,"{""type"":""MultiPoint"",""coordinates"":[]}"
20040912,2004-09-12,0.0,"{""type"":""MultiPoint"",""coordinates"":[]}"
20040913,2004-09-13,1.5342136030345865,"{""type"":""MultiPoint"",""coordinates"":[]}"
20040914,2004-09-14,1.204394475545788,"{""type"":""MultiPoint"",""coordinates"":[]}"
20040915,2004-09-15,19.128736664695026,"{""type"":""MultiPoint"",""coordinates"":[]}"
20040916,2004-09-16,0.41864784267666033,"{""type"":""MultiPoint"",""coordinates"":[]}"
20040917,2004-09-17,0.44879670775162384,"{""type"":""MultiPoint"",""coordinates"":[]}"
20040918,2004-09-18,0.8896405847981984,"{""type"":""MultiPoint"",""coordinates"":[]}"
20040919,2004-09-19,12.522775088177578,"{""type"":""MultiPoint"",""coordinates"":[]}"
20040920,2004-09-20,3.72225529026992,"{""type"":""MultiPoint"",""coordinates"":[]}"
20040921,2004-09-21,1.8175307356680457,"{""type"":""MultiPoint"",""coordinates"":[]}"
20040922,2004-09-22,10.389999249877464,"{""type"":""MultiPoint"",""coordinates"":[]}"
20040923,2004-09-23,10.62970066279651,"{""type"":""MultiPoint"",""coordinates"":[]}"
20040924,2004-09-24,3.0630984908563392,"{""type"":""MultiPoint"",""coordinates"":[]}"
20040925,2004-09-25,1.2846052519869382,"{""type"":""MultiPoint"",""coordinates"":[]}"
20040926,2004-09-26,1.4146766436539722,"{""type"":""MultiPoint"",""coordinates"":[]}"
20040927,2004-09-27,2.074739934164752,"{""type"":""MultiPoint"",""coordinates"":[]}"
20040928,2004-09-28,0.17091399123207304,"{""type"":""MultiPoint"",""coordinates"":[]}"
20040929,2004-09-29,2.1120457542330815,"{""type"":""MultiPoint"",""coordinates"":[]}"
20040930,2004-09-30,0.5398377716297776,"{""type"":""MultiPoint"",""coordinates"":[]}"
20041001,2004-10-01,2.6480168232473007,"{""type"":""MultiPoint"",""coordinates"":[]}"
20041002,2004-10-02,8.213768836176389,"{""type"":""MultiPoint"",""coordinates"":[]}"
20041003,2004-10-03,16.412842361312688,"{""type"":""MultiPoint"",""coordinates"":[]}"
20041004,2004-10-04,19.699345539585646,"{""type"":""MultiPoint"",""coordinates"":[]}"
20041005,2004-10-05,1.4967902859615538,"{""type"":""MultiPoint"",""coordinates"":[]}"
20041006,2004-10-06,0.3709592836698848,"{""type"":""MultiPoint"",""coordinates"":[]}"
20041007,2004-10-07,0.0,"{""type"":""MultiPoint"",""coordinates"":[]}"
20041008,2004-10-08,0.0,"{""type"":""MultiPoint"",""coordinates"":[]}"
20041009,2004-10-09,0.0,"{""type"":""MultiPoint"",""coordinates"":[]}"
20041010,2004-10-10,0.7904679008462776,"{""type"":""MultiPoint"",""coordinates"":[]}"
20041011,2004-10-11,0.6896845702138111,"{""type"":""MultiPoint"",""coordinates"":[]}"
20041012,2004-10-12,2.0094705348498385,"{""type"":""MultiPoint"",""coordinates"":[]}"
20041013,2004-10-13,0.4613273110882262,"{""type"":""MultiPoint"",""coordinates"":[]}"
20041014,2004-10-14,5.715164002658017,"{""type"":""MultiPoint"",""coordinates"":[]}"
20041015,2004-10-15,3.717066377300083,"{""type"":""MultiPoint"",""coordinates"":[]}"
20041016,2004-10-16,1.021614861616655,"{""type"":""MultiPoint"",""coordinates"":[]}"
20041017,2004-10-17,0.9473718341456349,"{""type"":""MultiPoint"",""coordinates"":[]}"
20041018,2004-10-18,0.08576307091499034,"{""type"":""MultiPoint"",""coordinates"":[]}"
20041019,2004-10-19,0.0,"{""type"":""MultiPoint"",""coordinates"":[]}"
20041020,2004-10-20,0.0,"{""type"":""MultiPoint"",""coordinates"":[]}"
20041021,2004-10-21,0.0,"{""type"":""MultiPoint"",""coordinates"":[]}"
20041022,2004-10-22,0.41336780962125064,"{""type"":""MultiPoint"",""coordinates"":[]}"
20041023,2004-10-23,0.1560887282492978,"{""type"":""MultiPoint"",""coordinates"":[]}"
20041024,2004-10-24,0.0,"{""type"":""MultiPoint"",""coordinates"":[]}"
20041025,2004-10-25,0.0,"{""type"":""MultiPoint"",""coordinates"":[]}"
20041026,2004-10-26,0.0,"{""type"":""MultiPoint"",""coordinates"":[]}"
20041027,2004-10-27,0.0,"{""type"":""MultiPoint"",""coordinates"":[]}"
20041028,2004-10-28,0.04192405175078147,"{""type"":""MultiPoint"",""coordinates"":[]}"
20041029,2004-10-29,4.7619180497072415,"{""type"":""MultiPoint"",""coordinates"":[]}"
20041030,2004-10-30,0.0042955775462479645,"{""type"":""MultiPoint"",""coordinates"":[]}"
20041031,2004-10-31,0.05358461912728419,"{""type"":""MultiPoint"",""coordinates"":[]}"
20041101,2004-11-01,0.26664130330802244,"{""type"":""MultiPoint"",""coordinates"":[]}"
20041102,2004-11-02,0.5613399657762084,"{""type"":""MultiPoint"",""coordinates"":[]}"
20041103,2004-11-03,0.24382585448070673,"{""type"":""MultiPoint"",""coordinates"":[]}"
20041104,2004-11-04,0.8999773827009719,"{""type"":""MultiPoint"",""coordinates"":[]}"
20041105,2004-11-05,5.881295818134225,"{""type"":""MultiPoint"",""coordinates"":[]}"
20041106,2004-11-06,5.059179969046481,"{""type"":""MultiPoint"",""coordinates"":[]}"
20041107,2004-11-07,0.5419893673650973,"{""type"":""MultiPoint"",""coordinates"":[]}"
20041108,2004-11-08,0.016748044185579233,"{""type"":""MultiPoint"",""coordinates"":[]}"
20041109,2004-11-09,0.031912052984004645,"{""type"":""MultiPoint"",""coordinates"":[]}"
20041110,2004-11-10,2.9792371455914815,"{""type"":""MultiPoint"",""coordinates"":[]}"
20041111,2004-11-11,0.0,"{""type"":""MultiPoint"",""coordinates"":[]}"
20041112,2004-11-12,0.8419975615407991,"{""type"":""MultiPoint"",""coordinates"":[]}"
20041113,2004-11-13,0.0,"{""type"":""MultiPoint"",""coordinates"":[]}"
20041114,2004-11-14,0.0,"{""type"":""MultiPoint"",""coordinates"":[]}"
20041115,2004-11-15,0.2101763127111764,"{""type"":""MultiPoint"",""coordinates"":[]}"
20041116,2004-11-16,0.019090383188327214,"{""type"":""MultiPoint"",""coordinates"":[]}"
20041117,2004-11-17,0.0,"{""type"":""MultiPoint"",""coordinates"":[]}"
20041118,2004-11-18,0.011890532857475603,"{""type"":""MultiPoint"",""coordinates"":[]}"
20041119,2004-11-19,0.0,"{""type"":""MultiPoint"",""coordinates"":[]}"
20041120,2004-11-20,0.0,"{""type"":""MultiPoint"",""coordinates"":[]}"
20041121,2004-11-21,0.0,"{""type"":""MultiPoint"",""coordinates"":[]}"
20041122,2004-11-22,0.0,"{""type"":""MultiPoint"",""coordinates"":[]}"
20041123,2004-11-23,0.0,"{""type"":""MultiPoint"",""coordinates"":[]}"
20041124,2004-11-24,0.0,"{""type"":""MultiPoint"",""coordinates"":[]}"
20041125,2004-11-25,0.0,"{""type"":""MultiPoint"",""coordinates"":[]}"
20041126,2004-11-26,0.006487859030196232,"{""type"":""MultiPoint"",""coordinates"":[]}"
20041127,2004-11-27,0.0,"{""type"":""MultiPoint"",""coordinates"":[]}"
20041128,2004-11-28,0.0,"{""type"":""MultiPoint"",""coordinates"":[]}"
20041129,2004-11-29,0.0,"{""type"":""MultiPoint"",""coordinates"":[]}"
20041130,2004-11-30,0.0,"{""type"":""MultiPoint"",""coordinates"":[]}"
20041201,2004-12-01,0.0,"{""type"":""MultiPoint"",""coordinates"":[]}"
20041202,2004-12-02,0.0,"{""type"":""MultiPoint"",""coordinates"":[]}"
20041203,2004-12-03,0.0,"{""type"":""MultiPoint"",""coordinates"":[]}"
20041204,2004-12-04,0.022248803818215555,"{""type"":""MultiPoint"",""coordinates"":[]}"
20041205,2004-12-05,0.005281593102966461,"{""type"":""MultiPoint"",""coordinates"":[]}"
20041206,2004-12-06,0.0,"{""type"":""MultiPoint"",""coordinates"":[]}"
20041207,2004-12-07,0.0,"{""type"":""MultiPoint"",""coordinates"":[]}"
20041208,2004-12-08,0.004880947382836166,"{""type"":""MultiPoint"",""coordinates"":[]}"
20041209,2004-12-09,0.5984834721189,"{""type"":""MultiPoint"",""coordinates"":[]}"
20041210,2004-12-10,0.0,"{""type"":""MultiPoint"",""coordinates"":[]}"
20041211,2004-12-11,0.0,"{""type"":""MultiPoint"",""coordinates"":[]}"
20041212,2004-12-12,0.0,"{""type"":""MultiPoint"",""coordinates"":[]}"
20041213,2004-12-13,0.0,"{""type"":""MultiPoint"",""coordinates"":[]}"
20041214,2004-12-14,0.0,"{""type"":""MultiPoint"",""coordinates"":[]}"
20041215,2004-12-15,0.0,"{""type"":""MultiPoint"",""coordinates"":[]}"
20041216,2004-12-16,0.0,"{""type"":""MultiPoint"",""coordinates"":[]}"
20041217,2004-12-17,0.0,"{""type"":""MultiPoint"",""coordinates"":[]}"
20041218,2004-12-18,0.0,"{""type"":""MultiPoint"",""coordinates"":[]}"
20041219,2004-12-19,0.0,"{""type"":""MultiPoint"",""coordinates"":[]}"
20041220,2004-12-20,0.0035837618639958414,"{""type"":""MultiPoint"",""coordinates"":[]}"
20041221,2004-12-21,0.0,"{""type"":""MultiPoint"",""coordinates"":[]}"
20041222,2004-12-22,0.0,"{""type"":""MultiPoint"",""coordinates"":[]}"
20041223,2004-12-23,0.0,"{""type"":""MultiPoint"",""coordinates"":[]}"
20041224,2004-12-24,0.0,"{""type"":""MultiPoint"",""coordinates"":[]}"
20041225,2004-12-25,0.09435237844232858,"{""type"":""MultiPoint"",""coordinates"":[]}"
20041226,2004-12-26,0.0,"{""type"":""MultiPoint"",""coordinates"":[]}"
20041227,2004-12-27,0.0,"{""type"":""MultiPoint"",""coordinates"":[]}"
20041228,2004-12-28,0.0,"{""type"":""MultiPoint"",""coordinates"":[]}"
20041229,2004-12-29,0.0,"{""type"":""MultiPoint"",""coordinates"":[]}"
20041230,2004-12-30,0.0,"{""type"":""MultiPoint"",""coordinates"":[]}"
20041231,2004-12-31,0.3588880594833833,"{""type"":""MultiPoint"",""coordinates"":[]}"
20050101,2005-01-01,0.0,"{""type"":""MultiPoint"",""coordinates"":[]}"
20050102,2005-01-02,0.11391684806382948,"{""type"":""MultiPoint"",""coordinates"":[]}"
20050103,2005-01-03,0.0,"{""type"":""MultiPoint"",""coordinates"":[]}"
20050104,2005-01-04,0.0,"{""type"":""MultiPoint"",""coordinates"":[]}"
20050105,2005-01-05,0.0,"{""type"":""MultiPoint"",""coordinates"":[]}"
20050106,2005-01-06,0.0,"{""type"":""MultiPoint"",""coordinates"":[]}"
20050107,2005-01-07,0.0,"{""type"":""MultiPoint"",""coordinates"":[]}"
20050108,2005-01-08,0.0,"{""type"":""MultiPoint"",""coordinates"":[]}"
20050109,2005-01-09,0.0,"{""type"":""MultiPoint"",""coordinates"":[]}"
20050110,2005-01-10,0.0,"{""type"":""MultiPoint"",""coordinates"":[]}"
20050111,2005-01-11,0.0,"{""type"":""MultiPoint"",""coordinates"":[]}"
20050112,2005-01-12,0.0,"{""type"":""MultiPoint"",""coordinates"":[]}"
20050113,2005-01-13,0.0,"{""type"":""MultiPoint"",""coordinates"":[]}"
20050114,2005-01-14,0.0,"{""type"":""MultiPoint"",""coordinates"":[]}"
20050115,2005-01-15,0.0,"{""type"":""MultiPoint"",""coordinates"":[]}"
20050116,2005-01-16,0.0,"{""type"":""MultiPoint"",""coordinates"":[]}"
20050117,2005-01-17,0.0,"{""type"":""MultiPoint"",""coordinates"":[]}"
20050118,2005-01-18,0.0,"{""type"":""MultiPoint"",""coordinates"":[]}"
20050119,2005-01-19,0.0,"{""type"":""MultiPoint"",""coordinates"":[]}"
20050120,2005-01-20,0.0,"{""type"":""MultiPoint"",""coordinates"":[]}"
20050121,2005-01-21,0.0,"{""type"":""MultiPoint"",""coordinates"":[]}"
20050122,2005-01-22,0.0,"{""type"":""MultiPoint"",""coordinates"":[]}"
20050123,2005-01-23,0.0,"{""type"":""MultiPoint"",""coordinates"":[]}"
20050124,2005-01-24,0.0,"{""type"":""MultiPoint"",""coordinates"":[]}"
20050125,2005-01-25,0.0,"{""type"":""MultiPoint"",""coordinates"":[]}"
20050126,2005-01-26,0.0,"{""type"":""MultiPoint"",""coordinates"":[]}"
20050127,2005-01-27,0.022388828923606142,"{""type"":""MultiPoint"",""coordinates"":[]}"
20050128,2005-01-28,0.08556365884493948,"{""type"":""MultiPoint"",""coordinates"":[]}"
20050129,2005-01-29,0.0,"{""type"":""MultiPoint"",""coordinates"":[]}"
20050130,2005-01-30,0.0033322641494877674,"{""type"":""MultiPoint"",""coordinates"":[]}"
20050131,2005-01-31,0.09418745271013935,"{""type"":""MultiPoint"",""coordinates"":[]}"
20050201,2005-02-01,0.011114983068396278,"{""type"":""MultiPoint"",""coordinates"":[]}"
20050202,2005-02-02,0.0,"{""type"":""MultiPoint"",""coordinates"":[]}"
20050203,2005-02-03,0.0,"{""type"":""MultiPoint"",""coordinates"":[]}"
20050204,2005-02-04,0.0,"{""type"":""MultiPoint"",""coordinates"":[]}"
20050205,2005-02-05,0.0,"{""type"":""MultiPoint"",""coordinates"":[]}"
20050206,2005-02-06,0.0,"{""type"":""MultiPoint"",""coordinates"":[]}"
20050207,2005-02-07,0.0,"{""type"":""MultiPoint"",""coordinates"":[]}"
20050208,2005-02-08,0.0,"{""type"":""MultiPoint"",""coordinates"":[]}"
20050209,2005-02-09,0.0,"{""type"":""MultiPoint"",""coordinates"":[]}"
20050210,2005-02-10,0.0,"{""type"":""MultiPoint"",""coordinates"":[]}"
20050211,2005-02-11,0.0,"{""type"":""MultiPoint"",""coordinates"":[]}"
20050212,2005-02-12,0.0,"{""type"":""MultiPoint"",""coordinates"":[]}"
20050213,2005-02-13,0.0,"{""type"":""MultiPoint"",""coordinates"":[]}"
20050214,2005-02-14,0.0,"{""type"":""MultiPoint"",""coordinates"":[]}"
20050215,2005-02-15,0.0,"{""type"":""MultiPoint"",""coordinates"":[]}"
20050216,2005-02-16,0.0,"{""type"":""MultiPoint"",""coordinates"":[]}"
20050217,2005-02-17,0.0,"{""type"":""MultiPoint"",""coordinates"":[]}"
20050218,2005-02-18,0.0,"{""type"":""MultiPoint"",""coordinates"":[]}"
20050219,2005-02-19,0.0,"{""type"":""MultiPoint"",""coordinates"":[]}"
20050220,2005-02-20,0.0,"{""type"":""MultiPoint"",""coordinates"":[]}"
20050221,2005-02-21,0.0,"{""type"":""MultiPoint"",""coordinates"":[]}"
20050222,2005-02-22,0.010332352546758428,"{""type"":""MultiPoint"",""coordinates"":[]}"
20050223,2005-02-23,0.0,"{""type"":""MultiPoint"",""coordinates"":[]}"
20050224,2005-02-24,0.0,"{""type"":""MultiPoint"",""coordinates"":[]}"
20050225,2005-02-25,0.0,"{""type"":""MultiPoint"",""coordinates"":[]}"
20050226,2005-02-26,0.0,"{""type"":""MultiPoint"",""coordinates"":[]}"
20050227,2005-02-27,0.0,"{""type"":""MultiPoint"",""coordinates"":[]}"
20050228,2005-02-28,0.0,"{""type"":""MultiPoint"",""coordinates"":[]}"
20050301,2005-03-01,0.0,"{""type"":""MultiPoint"",""coordinates"":[]}"
20050302,2005-03-02,0.0,"{""type"":""MultiPoint"",""coordinates"":[]}"
20050303,2005-03-03,0.0,"{""type"":""MultiPoint"",""coordinates"":[]}"
20050304,2005-03-04,0.0,"{""type"":""MultiPoint"",""coordinates"":[]}"
20050305,2005-03-05,0.0,"{""type"":""MultiPoint"",""coordinates"":[]}"
20050306,2005-03-06,0.0,"{""type"":""MultiPoint"",""coordinates"":[]}"
20050307,2005-03-07,0.29104559644670375,"{""type"":""MultiPoint"",""coordinates"":[]}"
20050308,2005-03-08,0.09637566319696654,"{""type"":""MultiPoint"",""coordinates"":[]}"
20050309,2005-03-09,0.05017878658516949,"{""type"":""MultiPoint"",""coordinates"":[]}"
20050310,2005-03-10,0.24244994369711861,"{""type"":""MultiPoint"",""coordinates"":[]}"
20050311,2005-03-11,0.0,"{""type"":""MultiPoint"",""coordinates"":[]}"
20050312,2005-03-12,0.0,"{""type"":""MultiPoint"",""coordinates"":[]}"
20050313,2005-03-13,0.005094239089607555,"{""type"":""MultiPoint"",""coordinates"":[]}"
20050314,2005-03-14,0.0,"{""type"":""MultiPoint"",""coordinates"":[]}"
20050315,2005-03-15,0.0645432386976549,"{""type"":""MultiPoint"",""coordinates"":[]}"
20050316,2005-03-16,0.0,"{""type"":""MultiPoint"",""coordinates"":[]}"
20050317,2005-03-17,0.0,"{""type"":""MultiPoint"",""coordinates"":[]}"
20050318,2005-03-18,0.0,"{""type"":""MultiPoint"",""coordinates"":[]}"
20050319,2005-03-19,0.0,"{""type"":""MultiPoint"",""coordinates"":[]}"
20050320,2005-03-20,0.0,"{""type"":""MultiPoint"",""coordinates"":[]}"
20050321,2005-03-21,0.0,"{""type"":""MultiPoint"",""coordinates"":[]}"
20050322,2005-03-22,0.0,"{""type"":""MultiPoint"",""coordinates"":[]}"
20050323,2005-03-23,0.0,"{""type"":""MultiPoint"",""coordinates"":[]}"
20050324,2005-03-24,0.0,"{""type"":""MultiPoint"",""coordinates"":[]}"
20050325,2005-03-25,0.0,"{""type"":""MultiPoint"",""coordinates"":[]}"
20050326,2005-03-26,0.0,"{""type"":""MultiPoint"",""coordinates"":[]}"
20050327,2005-03-27,0.0034254868482640516,"{""type"":""MultiPoint"",""coordinates"":[]}"
20050328,2005-03-28,0.0,"{""type"":""MultiPoint"",""coordinates"":[]}"
20050329,2005-03-29,0.6898048749737354,"{""type"":""MultiPoint"",""coordinates"":[]}"
20050330,2005-03-30,0.007474596905425461,"{""type"":""MultiPoint"",""coordinates"":[]}"
20050331,2005-03-31,0.02852599855657552,"{""type"":""MultiPoint"",""coordinates"":[]}"
20050401,2005-04-01,0.0,"{""type"":""MultiPoint"",""coordinates"":[]}"
20050402,2005-04-02,0.0,"{""type"":""MultiPoint"",""coordinates"":[]}"
20050403,2005-04-03,0.02360108948771044,"{""type"":""MultiPoint"",""coordinates"":[]}"
20050404,2005-04-04,0.004928223208051892,"{""type"":""MultiPoint"",""coordinates"":[]}"
20050405,2005-04-05,0.17032299876871024,"{""type"":""MultiPoint"",""coordinates"":[]}"
20050406,2005-04-06,0.0,"{""type"":""MultiPoint"",""coordinates"":[]}"
20050407,2005-04-07,0.03691961776668885,"{""type"":""MultiPoint"",""coordinates"":[]}"
20050408,2005-04-08,0.0,"{""type"":""MultiPoint"",""coordinates"":[]}"
20050409,2005-04-09,0.0,"{""type"":""MultiPoint"",""coordinates"":[]}"
20050410,2005-04-10,2.5561794613269675,"{""type"":""MultiPoint"",""coordinates"":[]}"
20050411,2005-04-11,0.13936778411765582,"{""type"":""MultiPoint"",""coordinates"":[]}"
20050412,2005-04-12,0.8604407831915261,"{""type"":""MultiPoint"",""coordinates"":[]}"
20050413,2005-04-13,1.6244058013319405,"{""type"":""MultiPoint"",""coordinates"":[]}"
20050414,2005-04-14,1.0062951587660367,"{""type"":""MultiPoint"",""coordinates"":[]}"
20050415,2005-04-15,6.641791950904259,"{""type"":""MultiPoint"",""coordinates"":[]}"
20050416,2005-04-16,0.0,"{""type"":""MultiPoint"",""coordinates"":[]}"
20050417,2005-04-17,0.28529954806326097,"{""type"":""MultiPoint"",""coordinates"":[]}"
20050418,2005-04-18,0.0,"{""type"":""MultiPoint"",""coordinates"":[]}"
20050419,2005-04-19,0.506516672412108,"{""type"":""MultiPoint"",""coordinates"":[]}"
20050420,2005-04-20,8.382568509850623,"{""type"":""MultiPoint"",""coordinates"":[]}"
20050421,2005-04-21,0.20186092509840697,"{""type"":""MultiPoint"",""coordinates"":[]}"
20050422,2005-04-22,0.9005453388834761,"{""type"":""MultiPoint"",""coordinates"":[]}"
20050423,2005-04-23,1.8848347419774525,"{""type"":""MultiPoint"",""coordinates"":[]}"
20050424,2005-04-24,0.6804247172915224,"{""type"":""MultiPoint"",""coordinates"":[]}"
20050425,2005-04-25,0.8626870133086929,"{""type"":""MultiPoint"",""coordinates"":[]}"
20050426,2005-04-26,1.6170334237464368,"{""type"":""MultiPoint"",""coordinates"":[]}"
20050427,2005-04-27,2.1663953989327394,"{""type"":""MultiPoint"",""coordinates"":[]}"
20050428,2005-04-28,0.05593094341679329,"{""type"":""MultiPoint"",""coordinates"":[]}"
20050429,2005-04-29,0.0,"{""type"":""MultiPoint"",""coordinates"":[]}"
20050430,2005-04-30,0.0,"{""type"":""MultiPoint"",""coordinates"":[]}"
20050501,2005-05-01,0.0,"{""type"":""MultiPoint"",""coordinates"":[]}"
20050502,2005-05-02,0.9270952899824997,"{""type"":""MultiPoint"",""coordinates"":[]}"
20050503,2005-05-03,0.730841429308197,"{""type"":""MultiPoint"",""coordinates"":[]}"
20050504,2005-05-04,0.7395853666795886,"{""type"":""MultiPoint"",""coordinates"":[]}"
20050505,2005-05-05,0.1220415207989968,"{""type"":""MultiPoint"",""coordinates"":[]}"
20050506,2005-05-06,1.215507544246973,"{""type"":""MultiPoint"",""coordinates"":[]}"
20050507,2005-05-07,0.0,"{""type"":""MultiPoint"",""coordinates"":[]}"
20050508,2005-05-08,0.0,"{""type"":""MultiPoint"",""coordinates"":[]}"
20050509,2005-05-09,0.0,"{""type"":""MultiPoint"",""coordinates"":[]}"
20050510,2005-05-10,1.0820854415368968,"{""type"":""MultiPoint"",""coordinates"":[]}"
20050511,2005-05-11,0.02817595434111105,"{""type"":""MultiPoint"",""coordinates"":[]}"
20050512,2005-05-12,0.3578632340891173,"{""type"":""MultiPoint"",""coordinates"":[]}"
20050513,2005-05-13,0.0,"{""type"":""MultiPoint"",""coordinates"":[]}"
20050514,2005-05-14,9.386131854869521E-4,"{""type"":""MultiPoint"",""coordinates"":[]}"
20050515,2005-05-15,0.043228450537987614,"{""type"":""MultiPoint"",""coordinates"":[]}"
20050516,2005-05-16,0.0,"{""type"":""MultiPoint"",""coordinates"":[]}"
20050517,2005-05-17,0.0,"{""type"":""MultiPoint"",""coordinates"":[]}"
20050518,2005-05-18,0.0,"{""type"":""MultiPoint"",""coordinates"":[]}"
20050519,2005-05-19,0.0,"{""type"":""MultiPoint"",""coordinates"":[]}"
20050520,2005-05-20,0.42121037294810715,"{""type"":""MultiPoint"",""coordinates"":[]}"
20050521,2005-05-21,12.554254115285781,"{""type"":""MultiPoint"",""coordinates"":[]}"
20050522,2005-05-22,0.6594947849176146,"{""type"":""MultiPoint"",""coordinates"":[]}"
20050523,2005-05-23,2.111903381331967,"{""type"":""MultiPoint"",""coordinates"":[]}"
20050524,2005-05-24,5.9215863240984605,"{""type"":""MultiPoint"",""coordinates"":[]}"
20050525,2005-05-25,0.92441903769216,"{""type"":""MultiPoint"",""coordinates"":[]}"
20050526,2005-05-26,21.247148548546136,"{""type"":""MultiPoint"",""coordinates"":[]}"
20050527,2005-05-27,8.859318325723361,"{""type"":""MultiPoint"",""coordinates"":[]}"
20050528,2005-05-28,0.6428722299185846,"{""type"":""MultiPoint"",""coordinates"":[]}"
20050529,2005-05-29,3.5226405046290172,"{""type"":""MultiPoint"",""coordinates"":[]}"
20050530,2005-05-30,17.01450266154738,"{""type"":""MultiPoint"",""coordinates"":[]}"
20050531,2005-05-31,3.7173566988532944,"{""type"":""MultiPoint"",""coordinates"":[]}"
20050601,2005-06-01,0.8366455766858237,"{""type"":""MultiPoint"",""coordinates"":[]}"
20050602,2005-06-02,0.5859939118485492,"{""type"":""MultiPoint"",""coordinates"":[]}"
20050603,2005-06-03,3.847524421260584,"{""type"":""MultiPoint"",""coordinates"":[]}"
20050604,2005-06-04,3.584324708617908,"{""type"":""MultiPoint"",""coordinates"":[]}"
20050605,2005-06-05,1.379398647479193,"{""type"":""MultiPoint"",""coordinates"":[]}"
20050606,2005-06-06,1.3904023497171654,"{""type"":""MultiPoint"",""coordinates"":[]}"
20050607,2005-06-07,4.639077307337819,"{""type"":""MultiPoint"",""coordinates"":[]}"
20050608,2005-06-08,0.6771301788200066,"{""type"":""MultiPoint"",""coordinates"":[]}"
20050609,2005-06-09,3.6582417285082554,"{""type"":""MultiPoint"",""coordinates"":[]}"
20050610,2005-06-10,1.3919780346289676,"{""type"":""MultiPoint"",""coordinates"":[]}"
20050611,2005-06-11,0.1871549373493769,"{""type"":""MultiPoint"",""coordinates"":[]}"
20050612,2005-06-12,0.0,"{""type"":""MultiPoint"",""coordinates"":[]}"
20050613,2005-06-13,3.5412481391631205,"{""type"":""MultiPoint"",""coordinates"":[]}"
20050614,2005-06-14,1.1307022822941881,"{""type"":""MultiPoint"",""coordinates"":[]}"
20050615,2005-06-15,0.0,"{""type"":""MultiPoint"",""coordinates"":[]}"
20050616,2005-06-16,0.10689899802845558,"{""type"":""MultiPoint"",""coordinates"":[]}"
20050617,2005-06-17,0.0,"{""type"":""MultiPoint"",""coordinates"":[]}"
20050618,2005-06-18,0.04928183766862812,"{""type"":""MultiPoint"",""coordinates"":[]}"
20050619,2005-06-19,0.006462168285071774,"{""type"":""MultiPoint"",""coordinates"":[]}"
20050620,2005-06-20,1.8458529166437283,"{""type"":""MultiPoint"",""coordinates"":[]}"
20050621,2005-06-21,1.4482438443791166,"{""type"":""MultiPoint"",""coordinates"":[]}"
20050622,2005-06-22,0.0,"{""type"":""MultiPoint"",""coordinates"":[]}"
20050623,2005-06-23,0.09803385279679319,"{""type"":""MultiPoint"",""coordinates"":[]}"
20050624,2005-06-24,0.0,"{""type"":""MultiPoint"",""coordinates"":[]}"
20050625,2005-06-25,2.3418363994835856,"{""type"":""MultiPoint"",""coordinates"":[]}"
20050626,2005-06-26,0.5711999171142887,"{""type"":""MultiPoint"",""coordinates"":[]}"
20050627,2005-06-27,0.634201135773264,"{""type"":""MultiPoint"",""coordinates"":[]}"
20050628,2005-06-28,0.8558810118448171,"{""type"":""MultiPoint"",""coordinates"":[]}"
20050629,2005-06-29,0.20382002363046892,"{""type"":""MultiPoint"",""coordinates"":[]}"
20050630,2005-06-30,0.4998280169305614,"{""type"":""MultiPoint"",""coordinates"":[]}"
20050701,2005-07-01,0.0,"{""type"":""MultiPoint"",""coordinates"":[]}"
20050702,2005-07-02,0.09591019090375083,"{""type"":""MultiPoint"",""coordinates"":[]}"
20050703,2005-07-03,0.0,"{""type"":""MultiPoint"",""coordinates"":[]}"
20050704,2005-07-04,0.11216683460763607,"{""type"":""MultiPoint"",""coordinates"":[]}"
20050705,2005-07-05,0.37645960202465223,"{""type"":""MultiPoint"",""coordinates"":[]}"
20050706,2005-07-06,0.08818675472746008,"{""type"":""MultiPoint"",""coordinates"":[]}"
20050707,2005-07-07,0.5986973605589134,"{""type"":""MultiPoint"",""coordinates"":[]}"
20050708,2005-07-08,0.974676445095084,"{""type"":""MultiPoint"",""coordinates"":[]}"
20050709,2005-07-09,4.340137103564599,"{""type"":""MultiPoint"",""coordinates"":[]}"
20050710,2005-07-10,0.0010797318435080306,"{""type"":""MultiPoint"",""coordinates"":[]}"
20050711,2005-07-11,0.0,"{""type"":""MultiPoint"",""coordinates"":[]}"
20050712,2005-07-12,0.11299084168393454,"{""type"":""MultiPoint"",""coordinates"":[]}"
20050713,2005-07-13,0.2619676571452601,"{""type"":""MultiPoint"",""coordinates"":[]}"
20050714,2005-07-14,5.041808265606293,"{""type"":""MultiPoint"",""coordinates"":[]}"
20050715,2005-07-15,2.6879204140927233,"{""type"":""MultiPoint"",""coordinates"":[]}"
20050716,2005-07-16,2.7090757838474806,"{""type"":""MultiPoint"",""coordinates"":[]}"
20050717,2005-07-17,2.4000593622704507,"{""type"":""MultiPoint"",""coordinates"":[]}"
20050718,2005-07-18,1.5410449671036055,"{""type"":""MultiPoint"",""coordinates"":[]}"
20050719,2005-07-19,6.946824588028984,"{""type"":""MultiPoint"",""coordinates"":[]}"
20050720,2005-07-20,5.673760844387422,"{""type"":""MultiPoint"",""coordinates"":[]}"
20050721,2005-07-21,0.18571954159654958,"{""type"":""MultiPoint"",""coordinates"":[]}"
20050722,2005-07-22,4.841232191574146,"{""type"":""MultiPoint"",""coordinates"":[]}"
20050723,2005-07-23,4.945922549759997,"{""type"":""MultiPoint"",""coordinates"":[]}"
20050724,2005-07-24,4.882755964670454,"{""type"":""MultiPoint"",""coordinates"":[]}"
20050725,2005-07-25,4.934785401443857,"{""type"":""MultiPoint"",""coordinates"":[]}"
20050726,2005-07-26,1.7827245616552443,"{""type"":""MultiPoint"",""coordinates"":[]}"
20050727,2005-07-27,0.0,"{""type"":""MultiPoint"",""coordinates"":[]}"
20050728,2005-07-28,0.0,"{""type"":""MultiPoint"",""coordinates"":[]}"
20050729,2005-07-29,0.0,"{""type"":""MultiPoint"",""coordinates"":[]}"
20050730,2005-07-30,3.6454264349147545,"{""type"":""MultiPoint"",""coordinates"":[]}"
20050731,2005-07-31,0.19254191723868186,"{""type"":""MultiPoint"",""coordinates"":[]}"
20050801,2005-08-01,0.5850015327548502,"{""type"":""MultiPoint"",""coordinates"":[]}"
20050802,2005-08-02,0.20270491630016893,"{""type"":""MultiPoint"",""coordinates"":[]}"
20050803,2005-08-03,0.02018531445193729,"{""type"":""MultiPoint"",""coordinates"":[]}"
20050804,2005-08-04,5.994427512199086,"{""type"":""MultiPoint"",""coordinates"":[]}"
20050805,2005-08-05,1.613469242533202,"{""type"":""MultiPoint"",""coordinates"":[]}"
20050806,2005-08-06,4.090545248265988E-4,"{""type"":""MultiPoint"",""coordinates"":[]}"
20050807,2005-08-07,0.011308208880050423,"{""type"":""MultiPoint"",""coordinates"":[]}"
20050808,2005-08-08,6.6284621544579,"{""type"":""MultiPoint"",""coordinates"":[]}"
20050809,2005-08-09,1.4806620511905193,"{""type"":""MultiPoint"",""coordinates"":[]}"
20050810,2005-08-10,0.03829003649529162,"{""type"":""MultiPoint"",""coordinates"":[]}"
20050811,2005-08-11,5.74877285509763E-4,"{""type"":""MultiPoint"",""coordinates"":[]}"
20050812,2005-08-12,0.0,"{""type"":""MultiPoint"",""coordinates"":[]}"
20050813,2005-08-13,0.3757839027433968,"{""type"":""MultiPoint"",""coordinates"":[]}"
20050814,2005-08-14,4.905800150880412,"{""type"":""MultiPoint"",""coordinates"":[]}"
20050815,2005-08-15,10.900958335401514,"{""type"":""MultiPoint"",""coordinates"":[]}"
20050816,2005-08-16,5.391089465181343,"{""type"":""MultiPoint"",""coordinates"":[]}"
20050817,2005-08-17,0.8919490848090852,"{""type"":""MultiPoint"",""coordinates"":[]}"
20050818,2005-08-18,0.2676563737188108,"{""type"":""MultiPoint"",""coordinates"":[]}"
20050819,2005-08-19,1.2229686710201024,"{""type"":""MultiPoint"",""coordinates"":[]}"
20050820,2005-08-20,1.1365526554662229,"{""type"":""MultiPoint"",""coordinates"":[]}"
20050821,2005-08-21,0.02034346474888357,"{""type"":""MultiPoint"",""coordinates"":[]}"
20050822,2005-08-22,0.05769756927589887,"{""type"":""MultiPoint"",""coordinates"":[]}"
20050823,2005-08-23,3.4148040214470963,"{""type"":""MultiPoint"",""coordinates"":[]}"
20050824,2005-08-24,5.334852939139698,"{""type"":""MultiPoint"",""coordinates"":[]}"
20050825,2005-08-25,3.8913441848359285,"{""type"":""MultiPoint"",""coordinates"":[]}"
20050826,2005-08-26,5.555539343439368,"{""type"":""MultiPoint"",""coordinates"":[]}"
20050827,2005-08-27,3.698296129008102,"{""type"":""MultiPoint"",""coordinates"":[]}"
20050828,2005-08-28,0.5634573117884295,"{""type"":""MultiPoint"",""coordinates"":[]}"
20050829,2005-08-29,5.664481537471605,"{""type"":""MultiPoint"",""coordinates"":[]}"
20050830,2005-08-30,10.308968674481656,"{""type"":""MultiPoint"",""coordinates"":[]}"
20050831,2005-08-31,9.26631815279152,"{""type"":""MultiPoint"",""coordinates"":[]}"
20050901,2005-09-01,15.376296722330743,"{""type"":""MultiPoint"",""coordinates"":[]}"
20050902,2005-09-02,8.814318831841447,"{""type"":""MultiPoint"",""coordinates"":[]}"
20050903,2005-09-03,10.317774872210677,"{""type"":""MultiPoint"",""coordinates"":[]}"
20050904,2005-09-04,6.893336715105286,"{""type"":""MultiPoint"",""coordinates"":[]}"
20050905,2005-09-05,7.937305388769627,"{""type"":""MultiPoint"",""coordinates"":[]}"
20050906,2005-09-06,3.819997370836053,"{""type"":""MultiPoint"",""coordinates"":[]}"
20050907,2005-09-07,18.205007005644482,"{""type"":""MultiPoint"",""coordinates"":[]}"
20050908,2005-09-08,4.05333474775194,"{""type"":""MultiPoint"",""coordinates"":[]}"
20050909,2005-09-09,7.990632193405384,"{""type"":""MultiPoint"",""coordinates"":[]}"
20050910,2005-09-10,8.166588139491973,"{""type"":""MultiPoint"",""coordinates"":[]}"
20050911,2005-09-11,4.0889242375755375,"{""type"":""MultiPoint"",""coordinates"":[]}"
20050912,2005-09-12,3.0692546164726995,"{""type"":""MultiPoint"",""coordinates"":[]}"
20050913,2005-09-13,0.11221816617115103,"{""type"":""MultiPoint"",""coordinates"":[]}"
20050914,2005-09-14,0.6826981640134607,"{""type"":""MultiPoint"",""coordinates"":[]}"
20050915,2005-09-15,1.3674790997609567,"{""type"":""MultiPoint"",""coordinates"":[]}"
20050916,2005-09-16,0.0,"{""type"":""MultiPoint"",""coordinates"":[]}"
20050917,2005-09-17,0.0,"{""type"":""MultiPoint"",""coordinates"":[]}"
20050918,2005-09-18,0.0,"{""type"":""MultiPoint"",""coordinates"":[]}"
20050919,2005-09-19,12.797075825405617,"{""type"":""MultiPoint"",""coordinates"":[]}"
20050920,2005-09-20,19.37736003528191,"{""type"":""MultiPoint"",""coordinates"":[]}"
20050921,2005-09-21,2.3485301436334236,"{""type"":""MultiPoint"",""coordinates"":[]}"
20050922,2005-09-22,0.0,"{""type"":""MultiPoint"",""coordinates"":[]}"
20050923,2005-09-23,0.03413786609041885,"{""type"":""MultiPoint"",""coordinates"":[]}"
20050924,2005-09-24,0.0,"{""type"":""MultiPoint"",""coordinates"":[]}"
20050925,2005-09-25,0.2783159477625095,"{""type"":""MultiPoint"",""coordinates"":[]}"
20050926,2005-09-26,0.0,"{""type"":""MultiPoint"",""coordinates"":[]}"
20050927,2005-09-27,0.5087937171940323,"{""type"":""MultiPoint"",""coordinates"":[]}"
20050928,2005-09-28,0.832011527936182,"{""type"":""MultiPoint"",""coordinates"":[]}"
20050929,2005-09-29,7.915745796557305,"{""type"":""MultiPoint"",""coordinates"":[]}"
20050930,2005-09-30,2.248678408907334,"{""type"":""MultiPoint"",""coordinates"":[]}"
20051001,2005-10-01,4.508186268193457,"{""type"":""MultiPoint"",""coordinates"":[]}"
20051002,2005-10-02,7.260766186992011,"{""type"":""MultiPoint"",""coordinates"":[]}"
20051003,2005-10-03,4.800067539096796,"{""type"":""MultiPoint"",""coordinates"":[]}"
20051004,2005-10-04,12.744744344271993,"{""type"":""MultiPoint"",""coordinates"":[]}"
20051005,2005-10-05,1.1044160827273168,"{""type"":""MultiPoint"",""coordinates"":[]}"
20051006,2005-10-06,0.0,"{""type"":""MultiPoint"",""coordinates"":[]}"
20051007,2005-10-07,0.46671599651248397,"{""type"":""MultiPoint"",""coordinates"":[]}"
20051008,2005-10-08,0.22568677571595724,"{""type"":""MultiPoint"",""coordinates"":[]}"
20051009,2005-10-09,3.9297195140513526,"{""type"":""MultiPoint"",""coordinates"":[]}"
20051010,2005-10-10,6.678293302741854,"{""type"":""MultiPoint"",""coordinates"":[]}"
20051011,2005-10-11,9.923041502799364,"{""type"":""MultiPoint"",""coordinates"":[]}"
20051012,2005-10-12,23.972852693579167,"{""type"":""MultiPoint"",""coordinates"":[]}"
20051013,2005-10-13,28.57898611916752,"{""type"":""MultiPoint"",""coordinates"":[]}"
20051014,2005-10-14,14.068813240140356,"{""type"":""MultiPoint"",""coordinates"":[]}"
20051015,2005-10-15,10.474925222501652,"{""type"":""MultiPoint"",""coordinates"":[]}"
20051016,2005-10-16,20.071227740168588,"{""type"":""MultiPoint"",""coordinates"":[]}"
20051017,2005-10-17,9.495298448458342,"{""type"":""MultiPoint"",""coordinates"":[]}"
20051018,2005-10-18,23.462546985139824,"{""type"":""MultiPoint"",""coordinates"":[]}"
20051019,2005-10-19,4.967701059635576,"{""type"":""MultiPoint"",""coordinates"":[]}"
20051020,2005-10-20,8.462653609473866,"{""type"":""MultiPoint"",""coordinates"":[]}"
20051021,2005-10-21,2.8639046275024707,"{""type"":""MultiPoint"",""coordinates"":[]}"
20051022,2005-10-22,3.4225643624491298,"{""type"":""MultiPoint"",""coordinates"":[]}"
20051023,2005-10-23,3.8538623036082655,"{""type"":""MultiPoint"",""coordinates"":[]}"
20051024,2005-10-24,1.9888997937369413,"{""type"":""MultiPoint"",""coordinates"":[]}"
20051025,2005-10-25,4.983698465652401,"{""type"":""MultiPoint"",""coordinates"":[]}"
20051026,2005-10-26,27.7624092695053,"{""type"":""MultiPoint"",""coordinates"":[]}"
20051027,2005-10-27,42.34785051068778,"{""type"":""MultiPoint"",""coordinates"":[]}"
20051028,2005-10-28,37.85794411613683,"{""type"":""MultiPoint"",""coordinates"":[]}"
20051029,2005-10-29,0.23114166047487295,"{""type"":""MultiPoint"",""coordinates"":[]}"
20051030,2005-10-30,0.05604130837019698,"{""type"":""MultiPoint"",""coordinates"":[]}"
20051031,2005-10-31,0.7667125597582116,"{""type"":""MultiPoint"",""coordinates"":[]}"
20051101,2005-11-01,9.530927880678272,"{""type"":""MultiPoint"",""coordinates"":[]}"
20051102,2005-11-02,11.662602040073736,"{""type"":""MultiPoint"",""coordinates"":[]}"
20051103,2005-11-03,0.0,"{""type"":""MultiPoint"",""coordinates"":[]}"
20051104,2005-11-04,0.16461238678893644,"{""type"":""MultiPoint"",""coordinates"":[]}"
20051105,2005-11-05,0.15670877292817825,"{""type"":""MultiPoint"",""coordinates"":[]}"
20051106,2005-11-06,2.236811158771782,"{""type"":""MultiPoint"",""coordinates"":[]}"
20051107,2005-11-07,0.031124511613065082,"{""type"":""MultiPoint"",""coordinates"":[]}"
20051108,2005-11-08,0.05872347046130019,"{""type"":""MultiPoint"",""coordinates"":[]}"
20051109,2005-11-09,0.11836372727427528,"{""type"":""MultiPoint"",""coordinates"":[]}"
20051110,2005-11-10,0.0,"{""type"":""MultiPoint"",""coordinates"":[]}"
20051111,2005-11-11,0.0,"{""type"":""MultiPoint"",""coordinates"":[]}"
20051112,2005-11-12,0.0,"{""type"":""MultiPoint"",""coordinates"":[]}"
20051113,2005-11-13,0.006931670569702935,"{""type"":""MultiPoint"",""coordinates"":[]}"
20051114,2005-11-14,0.0,"{""type"":""MultiPoint"",""coordinates"":[]}"
20051115,2005-11-15,0.0,"{""type"":""MultiPoint"",""coordinates"":[]}"
20051116,2005-11-16,0.0,"{""type"":""MultiPoint"",""coordinates"":[]}"
20051117,2005-11-17,0.0,"{""type"":""MultiPoint"",""coordinates"":[]}"
20051118,2005-11-18,0.0,"{""type"":""MultiPoint"",""coordinates"":[]}"
20051119,2005-11-19,0.0,"{""type"":""MultiPoint"",""coordinates"":[]}"
20051120,2005-11-20,0.0012235162840567241,"{""type"":""MultiPoint"",""coordinates"":[]}"
20051121,2005-11-21,0.9463670235975995,"{""type"":""MultiPoint"",""coordinates"":[]}"
20051122,2005-11-22,5.847981619703661,"{""type"":""MultiPoint"",""coordinates"":[]}"
20051123,2005-11-23,7.097626053894411,"{""type"":""MultiPoint"",""coordinates"":[]}"
20051124,2005-11-24,7.27295999223101,"{""type"":""MultiPoint"",""coordinates"":[]}"
20051125,2005-11-25,0.0,"{""type"":""MultiPoint"",""coordinates"":[]}"
20051126,2005-11-26,0.0,"{""type"":""MultiPoint"",""coordinates"":[]}"
20051127,2005-11-27,0.0,"{""type"":""MultiPoint"",""coordinates"":[]}"
20051128,2005-11-28,0.10025700510992877,"{""type"":""MultiPoint"",""coordinates"":[]}"
20051129,2005-11-29,0.2037423861422005,"{""type"":""MultiPoint"",""coordinates"":[]}"
20051130,2005-11-30,0.0,"{""type"":""MultiPoint"",""coordinates"":[]}"
20051201,2005-12-01,0.19729289267853714,"{""type"":""MultiPoint"",""coordinates"":[]}"
20051202,2005-12-02,0.8995970902264367,"{""type"":""MultiPoint"",""coordinates"":[]}"
20051203,2005-12-03,5.449138623383652,"{""type"":""MultiPoint"",""coordinates"":[]}"
20051204,2005-12-04,1.0447754010562222,"{""type"":""MultiPoint"",""coordinates"":[]}"
20051205,2005-12-05,0.0,"{""type"":""MultiPoint"",""coordinates"":[]}"
20051206,2005-12-06,0.0,"{""type"":""MultiPoint"",""coordinates"":[]}"
20051207,2005-12-07,0.0,"{""type"":""MultiPoint"",""coordinates"":[]}"
20051208,2005-12-08,0.0,"{""type"":""MultiPoint"",""coordinates"":[]}"
20051209,2005-12-09,0.0010324142332405956,"{""type"":""MultiPoint"",""coordinates"":[]}"
20051210,2005-12-10,7.253920016687369E-4,"{""type"":""MultiPoint"",""coordinates"":[]}"
20051211,2005-12-11,0.0,"{""type"":""MultiPoint"",""coordinates"":[]}"
20051212,2005-12-12,0.0,"{""type"":""MultiPoint"",""coordinates"":[]}"
20051213,2005-12-13,0.0,"{""type"":""MultiPoint"",""coordinates"":[]}"
20051214,2005-12-14,0.0,"{""type"":""MultiPoint"",""coordinates"":[]}"
20051215,2005-12-15,0.0,"{""type"":""MultiPoint"",""coordinates"":[]}"
20051216,2005-12-16,0.0,"{""type"":""MultiPoint"",""coordinates"":[]}"
20051217,2005-12-17,0.0,"{""type"":""MultiPoint"",""coordinates"":[]}"
20051218,2005-12-18,0.0,"{""type"":""MultiPoint"",""coordinates"":[]}"
20051219,2005-12-19,0.0,"{""type"":""MultiPoint"",""coordinates"":[]}"
20051220,2005-12-20,0.0,"{""type"":""MultiPoint"",""coordinates"":[]}"
20051221,2005-12-21,0.0,"{""type"":""MultiPoint"",""coordinates"":[]}"
20051222,2005-12-22,0.0,"{""type"":""MultiPoint"",""coordinates"":[]}"
20051223,2005-12-23,0.0,"{""type"":""MultiPoint"",""coordinates"":[]}"
20051224,2005-12-24,0.0,"{""type"":""MultiPoint"",""coordinates"":[]}"
20051225,2005-12-25,0.0,"{""type"":""MultiPoint"",""coordinates"":[]}"
20051226,2005-12-26,0.0,"{""type"":""MultiPoint"",""coordinates"":[]}"
20051227,2005-12-27,0.0,"{""type"":""MultiPoint"",""coordinates"":[]}"
20051228,2005-12-28,0.0,"{""type"":""MultiPoint"",""coordinates"":[]}"
20051229,2005-12-29,0.0,"{""type"":""MultiPoint"",""coordinates"":[]}"
20051230,2005-12-30,0.0,"{""type"":""MultiPoint"",""coordinates"":[]}"
20051231,2005-12-31,0.0,"{""type"":""MultiPoint"",""coordinates"":[]}"
20060101,2006-01-01,0.0,"{""type"":""MultiPoint"",""coordinates"":[]}"
20060102,2006-01-02,0.00834550878377239,"{""type"":""MultiPoint"",""coordinates"":[]}"
20060103,2006-01-03,0.0,"{""type"":""MultiPoint"",""coordinates"":[]}"
20060104,2006-01-04,0.0,"{""type"":""MultiPoint"",""coordinates"":[]}"
20060105,2006-01-05,0.0,"{""type"":""MultiPoint"",""coordinates"":[]}"
20060106,2006-01-06,0.04494314955495207,"{""type"":""MultiPoint"",""coordinates"":[]}"
20060107,2006-01-07,0.0,"{""type"":""MultiPoint"",""coordinates"":[]}"
20060108,2006-01-08,0.1333835619466062,"{""type"":""MultiPoint"",""coordinates"":[]}"
20060109,2006-01-09,0.004981868847090069,"{""type"":""MultiPoint"",""coordinates"":[]}"
20060110,2006-01-10,0.0,"{""type"":""MultiPoint"",""coordinates"":[]}"
20060111,2006-01-11,0.0,"{""type"":""MultiPoint"",""coordinates"":[]}"
20060112,2006-01-12,0.0,"{""type"":""MultiPoint"",""coordinates"":[]}"
20060113,2006-01-13,0.0,"{""type"":""MultiPoint"",""coordinates"":[]}"
20060114,2006-01-14,0.0027718176043472825,"{""type"":""MultiPoint"",""coordinates"":[]}"
20060115,2006-01-15,0.0,"{""type"":""MultiPoint"",""coordinates"":[]}"
20060116,2006-01-16,3.6433186220493345E-4,"{""type"":""MultiPoint"",""coordinates"":[]}"
20060117,2006-01-17,0.0,"{""type"":""MultiPoint"",""coordinates"":[]}"
20060118,2006-01-18,0.0,"{""type"":""MultiPoint"",""coordinates"":[]}"
20060119,2006-01-19,0.0,"{""type"":""MultiPoint"",""coordinates"":[]}"
20060120,2006-01-20,0.0,"{""type"":""MultiPoint"",""coordinates"":[]}"
20060121,2006-01-21,0.0,"{""type"":""MultiPoint"",""coordinates"":[]}"
20060122,2006-01-22,0.0,"{""type"":""MultiPoint"",""coordinates"":[]}"
20060123,2006-01-23,0.0,"{""type"":""MultiPoint"",""coordinates"":[]}"
20060124,2006-01-24,0.0,"{""type"":""MultiPoint"",""coordinates"":[]}"
20060125,2006-01-25,0.0,"{""type"":""MultiPoint"",""coordinates"":[]}"
20060126,2006-01-26,0.0,"{""type"":""MultiPoint"",""coordinates"":[]}"
20060127,2006-01-27,0.014164574184682685,"{""type"":""MultiPoint"",""coordinates"":[]}"
20060128,2006-01-28,0.0,"{""type"":""MultiPoint"",""coordinates"":[]}"
20060129,2006-01-29,0.0,"{""type"":""MultiPoint"",""coordinates"":[]}"
20060130,2006-01-30,0.0,"{""type"":""MultiPoint"",""coordinates"":[]}"
20060131,2006-01-31,0.0,"{""type"":""MultiPoint"",""coordinates"":[]}"
20060201,2006-02-01,0.0,"{""type"":""MultiPoint"",""coordinates"":[]}"
20060202,2006-02-02,0.0,"{""type"":""MultiPoint"",""coordinates"":[]}"
20060203,2006-02-03,0.0,"{""type"":""MultiPoint"",""coordinates"":[]}"
20060204,2006-02-04,0.0,"{""type"":""MultiPoint"",""coordinates"":[]}"
20060205,2006-02-05,0.0,"{""type"":""MultiPoint"",""coordinates"":[]}"
20060206,2006-02-06,0.0,"{""type"":""MultiPoint"",""coordinates"":[]}"
20060207,2006-02-07,0.0,"{""type"":""MultiPoint"",""coordinates"":[]}"
20060208,2006-02-08,0.0,"{""type"":""MultiPoint"",""coordinates"":[]}"
20060209,2006-02-09,0.03258265289615565,"{""type"":""MultiPoint"",""coordinates"":[]}"
20060210,2006-02-10,0.03258265289615565,"{""type"":""MultiPoint"",""coordinates"":[]}"
20060211,2006-02-11,0.0,"{""type"":""MultiPoint"",""coordinates"":[]}"
20060212,2006-02-12,0.0,"{""type"":""MultiPoint"",""coordinates"":[]}"
20060213,2006-02-13,0.0,"{""type"":""MultiPoint"",""coordinates"":[]}"
20060214,2006-02-14,0.0,"{""type"":""MultiPoint"",""coordinates"":[]}"
20060215,2006-02-15,0.0,"{""type"":""MultiPoint"",""coordinates"":[]}"
20060216,2006-02-16,0.0,"{""type"":""MultiPoint"",""coordinates"":[]}"
20060217,2006-02-17,0.0,"{""type"":""MultiPoint"",""coordinates"":[]}"
20060218,2006-02-18,0.0,"{""type"":""MultiPoint"",""coordinates"":[]}"
20060219,2006-02-19,0.0,"{""type"":""MultiPoint"",""coordinates"":[]}"
20060220,2006-02-20,0.0,"{""type"":""MultiPoint"",""coordinates"":[]}"
20060221,2006-02-21,0.0,"{""type"":""MultiPoint"",""coordinates"":[]}"
20060222,2006-02-22,0.0,"{""type"":""MultiPoint"",""coordinates"":[]}"
20060223,2006-02-23,0.0,"{""type"":""MultiPoint"",""coordinates"":[]}"
20060224,2006-02-24,0.0,"{""type"":""MultiPoint"",""coordinates"":[]}"
20060225,2006-02-25,0.0,"{""type"":""MultiPoint"",""coordinates"":[]}"
20060226,2006-02-26,0.005426344147249401,"{""type"":""MultiPoint"",""coordinates"":[]}"
20060227,2006-02-27,0.0,"{""type"":""MultiPoint"",""coordinates"":[]}"
20060228,2006-02-28,0.0,"{""type"":""MultiPoint"",""coordinates"":[]}"
20060301,2006-03-01,0.0,"{""type"":""MultiPoint"",""coordinates"":[]}"
20060302,2006-03-02,0.0,"{""type"":""MultiPoint"",""coordinates"":[]}"
20060303,2006-03-03,1.2436586886339678,"{""type"":""MultiPoint"",""coordinates"":[]}"
20060304,2006-03-04,0.20889733177401934,"{""type"":""MultiPoint"",""coordinates"":[]}"
20060305,2006-03-05,0.07787193447037696,"{""type"":""MultiPoint"",""coordinates"":[]}"
20060306,2006-03-06,0.0,"{""type"":""MultiPoint"",""coordinates"":[]}"
20060307,2006-03-07,0.0,"{""type"":""MultiPoint"",""coordinates"":[]}"
20060308,2006-03-08,0.0,"{""type"":""MultiPoint"",""coordinates"":[]}"
20060309,2006-03-09,1.1497612989816102,"{""type"":""MultiPoint"",""coordinates"":[]}"
20060310,2006-03-10,0.2620353804711582,"{""type"":""MultiPoint"",""coordinates"":[]}"
20060311,2006-03-11,0.0,"{""type"":""MultiPoint"",""coordinates"":[]}"
20060312,2006-03-12,0.0,"{""type"":""MultiPoint"",""coordinates"":[]}"
20060313,2006-03-13,0.0,"{""type"":""MultiPoint"",""coordinates"":[]}"
20060314,2006-03-14,0.015745218654732742,"{""type"":""MultiPoint"",""coordinates"":[]}"
20060315,2006-03-15,0.0,"{""type"":""MultiPoint"",""coordinates"":[]}"
20060316,2006-03-16,0.0,"{""type"":""MultiPoint"",""coordinates"":[]}"
20060317,2006-03-17,0.0,"{""type"":""MultiPoint"",""coordinates"":[]}"
20060318,2006-03-18,0.0,"{""type"":""MultiPoint"",""coordinates"":[]}"
20060319,2006-03-19,0.0,"{""type"":""MultiPoint"",""coordinates"":[]}"
20060320,2006-03-20,0.0,"{""type"":""MultiPoint"",""coordinates"":[]}"
20060321,2006-03-21,0.0,"{""type"":""MultiPoint"",""coordinates"":[]}"
20060322,2006-03-22,0.0,"{""type"":""MultiPoint"",""coordinates"":[]}"
20060323,2006-03-23,0.0,"{""type"":""MultiPoint"",""coordinates"":[]}"
20060324,2006-03-24,0.0,"{""type"":""MultiPoint"",""coordinates"":[]}"
20060325,2006-03-25,0.0,"{""type"":""MultiPoint"",""coordinates"":[]}"
20060326,2006-03-26,0.0,"{""type"":""MultiPoint"",""coordinates"":[]}"
20060327,2006-03-27,0.0,"{""type"":""MultiPoint"",""coordinates"":[]}"
20060328,2006-03-28,0.0,"{""type"":""MultiPoint"",""coordinates"":[]}"
20060329,2006-03-29,0.0,"{""type"":""MultiPoint"",""coordinates"":[]}"
20060330,2006-03-30,0.0,"{""type"":""MultiPoint"",""coordinates"":[]}"
20060331,2006-03-31,0.0,"{""type"":""MultiPoint"",""coordinates"":[]}"
20060401,2006-04-01,0.0,"{""type"":""MultiPoint"",""coordinates"":[]}"
20060402,2006-04-02,0.0,"{""type"":""MultiPoint"",""coordinates"":[]}"
20060403,2006-04-03,0.014173732096877235,"{""type"":""MultiPoint"",""coordinates"":[]}"
20060404,2006-04-04,0.0,"{""type"":""MultiPoint"",""coordinates"":[]}"
20060405,2006-04-05,0.0,"{""type"":""MultiPoint"",""coordinates"":[]}"
20060406,2006-04-06,0.0,"{""type"":""MultiPoint"",""coordinates"":[]}"
20060407,2006-04-07,0.0,"{""type"":""MultiPoint"",""coordinates"":[]}"
20060408,2006-04-08,0.0,"{""type"":""MultiPoint"",""coordinates"":[]}"
20060409,2006-04-09,0.07280335902373378,"{""type"":""MultiPoint"",""coordinates"":[]}"
20060410,2006-04-10,0.038797076015910544,"{""type"":""MultiPoint"",""coordinates"":[]}"
20060411,2006-04-11,0.0,"{""type"":""MultiPoint"",""coordinates"":[]}"
20060412,2006-04-12,0.0,"{""type"":""MultiPoint"",""coordinates"":[]}"
20060413,2006-04-13,0.0,"{""type"":""MultiPoint"",""coordinates"":[]}"
20060414,2006-04-14,0.26881916950896406,"{""type"":""MultiPoint"",""coordinates"":[]}"
20060415,2006-04-15,2.9299027036757246,"{""type"":""MultiPoint"",""coordinates"":[]}"
20060416,2006-04-16,14.963307095489029,"{""type"":""MultiPoint"",""coordinates"":[]}"
20060417,2006-04-17,0.0,"{""type"":""MultiPoint"",""coordinates"":[]}"
20060418,2006-04-18,0.0,"{""type"":""MultiPoint"",""coordinates"":[]}"
20060419,2006-04-19,0.0,"{""type"":""MultiPoint"",""coordinates"":[]}"
20060420,2006-04-20,0.0,"{""type"":""MultiPoint"",""coordinates"":[]}"
20060421,2006-04-21,0.0,"{""type"":""MultiPoint"",""coordinates"":[]}"
20060422,2006-04-22,0.0,"{""type"":""MultiPoint"",""coordinates"":[]}"
20060423,2006-04-23,0.0,"{""type"":""MultiPoint"",""coordinates"":[]}"
20060424,2006-04-24,0.0,"{""type"":""MultiPoint"",""coordinates"":[]}"
20060425,2006-04-25,0.0,"{""type"":""MultiPoint"",""coordinates"":[]}"
20060426,2006-04-26,0.0,"{""type"":""MultiPoint"",""coordinates"":[]}"
20060427,2006-04-27,0.0,"{""type"":""MultiPoint"",""coordinates"":[]}"
20060428,2006-04-28,0.0,"{""type"":""MultiPoint"",""coordinates"":[]}"
20060429,2006-04-29,0.0,"{""type"":""MultiPoint"",""coordinates"":[]}"
20060430,2006-04-30,0.0,"{""type"":""MultiPoint"",""coordinates"":[]}"
20060501,2006-05-01,3.4905289039296727,"{""type"":""MultiPoint"",""coordinates"":[]}"
20060502,2006-05-02,3.0331597944006234,"{""type"":""MultiPoint"",""coordinates"":[]}"
20060503,2006-05-03,0.0,"{""type"":""MultiPoint"",""coordinates"":[]}"
20060504,2006-05-04,1.2185432177088513,"{""type"":""MultiPoint"",""coordinates"":[]}"
20060505,2006-05-05,0.0,"{""type"":""MultiPoint"",""coordinates"":[]}"
20060506,2006-05-06,0.014845131071650853,"{""type"":""MultiPoint"",""coordinates"":[]}"
20060507,2006-05-07,0.03188540816007358,"{""type"":""MultiPoint"",""coordinates"":[]}"
20060508,2006-05-08,3.8849476087044637,"{""type"":""MultiPoint"",""coordinates"":[]}"
20060509,2006-05-09,3.3339913385650384,"{""type"":""MultiPoint"",""coordinates"":[]}"
20060510,2006-05-10,1.6847016565398665,"{""type"":""MultiPoint"",""coordinates"":[]}"
20060511,2006-05-11,0.28494901028839315,"{""type"":""MultiPoint"",""coordinates"":[]}"
20060512,2006-05-12,0.0,"{""type"":""MultiPoint"",""coordinates"":[]}"
20060513,2006-05-13,0.07231344497574715,"{""type"":""MultiPoint"",""coordinates"":[]}"
20060514,2006-05-14,0.0,"{""type"":""MultiPoint"",""coordinates"":[]}"
20060515,2006-05-15,0.0,"{""type"":""MultiPoint"",""coordinates"":[]}"
20060516,2006-05-16,6.54837013611782,"{""type"":""MultiPoint"",""coordinates"":[]}"
20060517,2006-05-17,4.904715987519459,"{""type"":""MultiPoint"",""coordinates"":[]}"
20060518,2006-05-18,10.219198462471956,"{""type"":""MultiPoint"",""coordinates"":[]}"
20060519,2006-05-19,0.0,"{""type"":""MultiPoint"",""coordinates"":[]}"
20060520,2006-05-20,0.0,"{""type"":""MultiPoint"",""coordinates"":[]}"
20060521,2006-05-21,0.0,"{""type"":""MultiPoint"",""coordinates"":[]}"
20060522,2006-05-22,0.0298576152021221,"{""type"":""MultiPoint"",""coordinates"":[]}"
20060523,2006-05-23,0.3866898288668175,"{""type"":""MultiPoint"",""coordinates"":[]}"
20060524,2006-05-24,3.695983520371219,"{""type"":""MultiPoint"",""coordinates"":[]}"
20060525,2006-05-25,15.194950239619295,"{""type"":""MultiPoint"",""coordinates"":[]}"
20060526,2006-05-26,1.101063157823393,"{""type"":""MultiPoint"",""coordinates"":[]}"
20060527,2006-05-27,17.881758412031314,"{""type"":""MultiPoint"",""coordinates"":[]}"
20060528,2006-05-28,1.1789915936019697,"{""type"":""MultiPoint"",""coordinates"":[]}"
20060529,2006-05-29,2.1850211584951085,"{""type"":""MultiPoint"",""coordinates"":[]}"
20060530,2006-05-30,0.0,"{""type"":""MultiPoint"",""coordinates"":[]}"
20060531,2006-05-31,0.021650491260099828,"{""type"":""MultiPoint"",""coordinates"":[]}"
20060601,2006-06-01,0.01006917725946452,"{""type"":""MultiPoint"",""coordinates"":[]}"
20060602,2006-06-02,0.0,"{""type"":""MultiPoint"",""coordinates"":[]}"
20060603,2006-06-03,0.2774996631916338,"{""type"":""MultiPoint"",""coordinates"":[]}"
20060604,2006-06-04,0.08044910821993438,"{""type"":""MultiPoint"",""coordinates"":[]}"
20060605,2006-06-05,5.4872335624116575,"{""type"":""MultiPoint"",""coordinates"":[]}"
20060606,2006-06-06,0.0,"{""type"":""MultiPoint"",""coordinates"":[]}"
20060607,2006-06-07,0.11822462592043897,"{""type"":""MultiPoint"",""coordinates"":[]}"
20060608,2006-06-08,0.020681286469806687,"{""type"":""MultiPoint"",""coordinates"":[]}"
20060609,2006-06-09,0.03260155617640518,"{""type"":""MultiPoint"",""coordinates"":[]}"
20060610,2006-06-10,0.0,"{""type"":""MultiPoint"",""coordinates"":[]}"
20060611,2006-06-11,0.0,"{""type"":""MultiPoint"",""coordinates"":[]}"
20060612,2006-06-12,0.009832117537950885,"{""type"":""MultiPoint"",""coordinates"":[]}"
20060613,2006-06-13,0.3119582796251573,"{""type"":""MultiPoint"",""coordinates"":[]}"
20060614,2006-06-14,1.043167162800148,"{""type"":""MultiPoint"",""coordinates"":[]}"
20060615,2006-06-15,4.202252279046871,"{""type"":""MultiPoint"",""coordinates"":[]}"
20060616,2006-06-16,7.8589201558783675,"{""type"":""MultiPoint"",""coordinates"":[]}"
20060617,2006-06-17,0.8783140023871742,"{""type"":""MultiPoint"",""coordinates"":[]}"
20060618,2006-06-18,1.6789535240399043,"{""type"":""MultiPoint"",""coordinates"":[]}"
20060619,2006-06-19,6.234182253012253,"{""type"":""MultiPoint"",""coordinates"":[]}"
20060620,2006-06-20,5.535439778026336,"{""type"":""MultiPoint"",""coordinates"":[]}"
20060621,2006-06-21,1.3144932761452979,"{""type"":""MultiPoint"",""coordinates"":[]}"
20060622,2006-06-22,2.241224347680713,"{""type"":""MultiPoint"",""coordinates"":[]}"
20060623,2006-06-23,6.359942807974059,"{""type"":""MultiPoint"",""coordinates"":[]}"
20060624,2006-06-24,1.4783739317601434,"{""type"":""MultiPoint"",""coordinates"":[]}"
20060625,2006-06-25,0.12061886722075627,"{""type"":""MultiPoint"",""coordinates"":[]}"
20060626,2006-06-26,0.15857055250761326,"{""type"":""MultiPoint"",""coordinates"":[]}"
20060627,2006-06-27,1.6753730082765697,"{""type"":""MultiPoint"",""coordinates"":[]}"
20060628,2006-06-28,3.8154580978711863,"{""type"":""MultiPoint"",""coordinates"":[]}"
20060629,2006-06-29,1.1085891987195022,"{""type"":""MultiPoint"",""coordinates"":[]}"
20060630,2006-06-30,0.0,"{""type"":""MultiPoint"",""coordinates"":[]}"
20060701,2006-07-01,0.09620998710722298,"{""type"":""MultiPoint"",""coordinates"":[]}"
20060702,2006-07-02,0.9743619037689654,"{""type"":""MultiPoint"",""coordinates"":[]}"
20060703,2006-07-03,0.7648108059268341,"{""type"":""MultiPoint"",""coordinates"":[]}"
20060704,2006-07-04,1.8361051080686264,"{""type"":""MultiPoint"",""coordinates"":[]}"
20060705,2006-07-05,8.736356693635488E-4,"{""type"":""MultiPoint"",""coordinates"":[]}"
20060706,2006-07-06,0.0,"{""type"":""MultiPoint"",""coordinates"":[]}"
20060707,2006-07-07,0.0,"{""type"":""MultiPoint"",""coordinates"":[]}"
20060708,2006-07-08,0.0,"{""type"":""MultiPoint"",""coordinates"":[]}"
20060709,2006-07-09,0.03927990475155548,"{""type"":""MultiPoint"",""coordinates"":[]}"
20060710,2006-07-10,0.007543668119694293,"{""type"":""MultiPoint"",""coordinates"":[]}"
20060711,2006-07-11,0.7292495963821041,"{""type"":""MultiPoint"",""coordinates"":[]}"
20060712,2006-07-12,0.018032614012628716,"{""type"":""MultiPoint"",""coordinates"":[]}"
20060713,2006-07-13,0.014092171139720099,"{""type"":""MultiPoint"",""coordinates"":[]}"
20060714,2006-07-14,1.773334700701931,"{""type"":""MultiPoint"",""coordinates"":[]}"
20060715,2006-07-15,0.010011671272695933,"{""type"":""MultiPoint"",""coordinates"":[]}"
20060716,2006-07-16,0.0,"{""type"":""MultiPoint"",""coordinates"":[]}"
20060717,2006-07-17,0.0,"{""type"":""MultiPoint"",""coordinates"":[]}"
20060718,2006-07-18,0.0,"{""type"":""MultiPoint"",""coordinates"":[]}"
20060719,2006-07-19,0.0,"{""type"":""MultiPoint"",""coordinates"":[]}"
20060720,2006-07-20,0.019967849506506787,"{""type"":""MultiPoint"",""coordinates"":[]}"
20060721,2006-07-21,0.7221468908085404,"{""type"":""MultiPoint"",""coordinates"":[]}"
20060722,2006-07-22,1.4665866994869805,"{""type"":""MultiPoint"",""coordinates"":[]}"
20060723,2006-07-23,0.9495769244541552,"{""type"":""MultiPoint"",""coordinates"":[]}"
20060724,2006-07-24,0.0012305162736992651,"{""type"":""MultiPoint"",""coordinates"":[]}"
20060725,2006-07-25,1.6270029228596512,"{""type"":""MultiPoint"",""coordinates"":[]}"
20060726,2006-07-26,4.78535666115683,"{""type"":""MultiPoint"",""coordinates"":[]}"
20060727,2006-07-27,6.8296805536749865,"{""type"":""MultiPoint"",""coordinates"":[]}"
20060728,2006-07-28,0.24619294326426197,"{""type"":""MultiPoint"",""coordinates"":[]}"
20060729,2006-07-29,3.542448798983803,"{""type"":""MultiPoint"",""coordinates"":[]}"
20060730,2006-07-30,0.011320860288076634,"{""type"":""MultiPoint"",""coordinates"":[]}"
20060731,2006-07-31,0.0,"{""type"":""MultiPoint"",""coordinates"":[]}"
20060801,2006-08-01,0.01066104041401936,"{""type"":""MultiPoint"",""coordinates"":[]}"
20060802,2006-08-02,0.8993405726027631,"{""type"":""MultiPoint"",""coordinates"":[]}"
20060803,2006-08-03,4.972147655619076,"{""type"":""MultiPoint"",""coordinates"":[]}"
20060804,2006-08-04,5.20942347213396,"{""type"":""MultiPoint"",""coordinates"":[]}"
20060805,2006-08-05,3.6907844190671755,"{""type"":""MultiPoint"",""coordinates"":[]}"
20060806,2006-08-06,1.5783382304378122,"{""type"":""MultiPoint"",""coordinates"":[]}"
20060807,2006-08-07,0.17987437284798,"{""type"":""MultiPoint"",""coordinates"":[]}"
20060808,2006-08-08,0.17464528659371492,"{""type"":""MultiPoint"",""coordinates"":[]}"
20060809,2006-08-09,0.06406796421143877,"{""type"":""MultiPoint"",""coordinates"":[]}"
20060810,2006-08-10,0.10398514160942308,"{""type"":""MultiPoint"",""coordinates"":[]}"
20060811,2006-08-11,0.4235023334972461,"{""type"":""MultiPoint"",""coordinates"":[]}"
20060812,2006-08-12,0.003439281194334431,"{""type"":""MultiPoint"",""coordinates"":[]}"
20060813,2006-08-13,0.23187877185113542,"{""type"":""MultiPoint"",""coordinates"":[]}"
20060814,2006-08-14,0.0,"{""type"":""MultiPoint"",""coordinates"":[]}"
20060815,2006-08-15,0.47833468830274406,"{""type"":""MultiPoint"",""coordinates"":[]}"
20060816,2006-08-16,0.40744531388809563,"{""type"":""MultiPoint"",""coordinates"":[]}"
20060817,2006-08-17,0.11001360724170266,"{""type"":""MultiPoint"",""coordinates"":[]}"
20060818,2006-08-18,0.24040634481799453,"{""type"":""MultiPoint"",""coordinates"":[]}"
20060819,2006-08-19,2.3836035916447513,"{""type"":""MultiPoint"",""coordinates"":[]}"
20060820,2006-08-20,2.657941863243592,"{""type"":""MultiPoint"",""coordinates"":[]}"
20060821,2006-08-21,2.0401176477867007,"{""type"":""MultiPoint"",""coordinates"":[]}"
20060822,2006-08-22,3.1109096702786205,"{""type"":""MultiPoint"",""coordinates"":[]}"
20060823,2006-08-23,0.13434469134407495,"{""type"":""MultiPoint"",""coordinates"":[]}"
20060824,2006-08-24,0.004965812117118905,"{""type"":""MultiPoint"",""coordinates"":[]}"
20060825,2006-08-25,0.0,"{""type"":""MultiPoint"",""coordinates"":[]}"
20060826,2006-08-26,0.10834537448840346,"{""type"":""MultiPoint"",""coordinates"":[]}"
20060827,2006-08-27,0.0,"{""type"":""MultiPoint"",""coordinates"":[]}"
20060828,2006-08-28,1.665858069428323,"{""type"":""MultiPoint"",""coordinates"":[]}"
20060829,2006-08-29,0.03981395004145065,"{""type"":""MultiPoint"",""coordinates"":[]}"
20060830,2006-08-30,1.3958879490268818,"{""type"":""MultiPoint"",""coordinates"":[]}"
20060831,2006-08-31,0.017908644590276277,"{""type"":""MultiPoint"",""coordinates"":[]}"
20060901,2006-09-01,0.0,"{""type"":""MultiPoint"",""coordinates"":[]}"
20060902,2006-09-02,1.6933088928389657,"{""type"":""MultiPoint"",""coordinates"":[]}"
20060903,2006-09-03,2.9754657640152904,"{""type"":""MultiPoint"",""coordinates"":[]}"
20060904,2006-09-04,5.733576514193285,"{""type"":""MultiPoint"",""coordinates"":[]}"
20060905,2006-09-05,2.4370321798004273,"{""type"":""MultiPoint"",""coordinates"":[]}"
20060906,2006-09-06,2.405843567944322,"{""type"":""MultiPoint"",""coordinates"":[]}"
20060907,2006-09-07,2.595048028045573,"{""type"":""MultiPoint"",""coordinates"":[]}"
20060908,2006-09-08,0.0,"{""type"":""MultiPoint"",""coordinates"":[]}"
20060909,2006-09-09,1.119852952941864,"{""type"":""MultiPoint"",""coordinates"":[]}"
20060910,2006-09-10,0.0,"{""type"":""MultiPoint"",""coordinates"":[]}"
20060911,2006-09-11,6.771438949665908,"{""type"":""MultiPoint"",""coordinates"":[]}"
20060912,2006-09-12,14.112331030576588,"{""type"":""MultiPoint"",""coordinates"":[]}"
20060913,2006-09-13,16.120940396710886,"{""type"":""MultiPoint"",""coordinates"":[]}"
20060914,2006-09-14,18.19189368341046,"{""type"":""MultiPoint"",""coordinates"":[]}"
20060915,2006-09-15,15.306358795175196,"{""type"":""MultiPoint"",""coordinates"":[]}"
20060916,2006-09-16,3.20529959705968,"{""type"":""MultiPoint"",""coordinates"":[]}"
20060917,2006-09-17,0.47212569509872276,"{""type"":""MultiPoint"",""coordinates"":[]}"
20060918,2006-09-18,0.5187345860586844,"{""type"":""MultiPoint"",""coordinates"":[]}"
20060919,2006-09-19,2.59243319907046,"{""type"":""MultiPoint"",""coordinates"":[]}"
20060920,2006-09-20,0.5680554898298861,"{""type"":""MultiPoint"",""coordinates"":[]}"
20060921,2006-09-21,0.757967952206276,"{""type"":""MultiPoint"",""coordinates"":[]}"
20060922,2006-09-22,1.1296536145631715,"{""type"":""MultiPoint"",""coordinates"":[]}"
20060923,2006-09-23,2.086183645168938,"{""type"":""MultiPoint"",""coordinates"":[]}"
20060924,2006-09-24,3.1615206531086835,"{""type"":""MultiPoint"",""coordinates"":[]}"
20060925,2006-09-25,0.37198667488535614,"{""type"":""MultiPoint"",""coordinates"":[]}"
20060926,2006-09-26,1.4971684429263037,"{""type"":""MultiPoint"",""coordinates"":[]}"
20060927,2006-09-27,0.28469619259652684,"{""type"":""MultiPoint"",""coordinates"":[]}"
20060928,2006-09-28,0.7747264395062273,"{""type"":""MultiPoint"",""coordinates"":[]}"
20060929,2006-09-29,2.7596026456116993,"{""type"":""MultiPoint"",""coordinates"":[]}"
20060930,2006-09-30,0.7878473421534151,"{""type"":""MultiPoint"",""coordinates"":[]}"
20061001,2006-10-01,0.8331212836928258,"{""type"":""MultiPoint"",""coordinates"":[]}"
20061002,2006-10-02,0.027838693370914998,"{""type"":""MultiPoint"",""coordinates"":[]}"
20061003,2006-10-03,6.567707196362712,"{""type"":""MultiPoint"",""coordinates"":[]}"
20061004,2006-10-04,4.885850636385695,"{""type"":""MultiPoint"",""coordinates"":[]}"
20061005,2006-10-05,0.001078932163832998,"{""type"":""MultiPoint"",""coordinates"":[]}"
20061006,2006-10-06,0.35698690716385617,"{""type"":""MultiPoint"",""coordinates"":[]}"
20061007,2006-10-07,7.63882750457962,"{""type"":""MultiPoint"",""coordinates"":[]}"
20061008,2006-10-08,14.270269605716884,"{""type"":""MultiPoint"",""coordinates"":[]}"
20061009,2006-10-09,0.02058327070652202,"{""type"":""MultiPoint"",""coordinates"":[]}"
20061010,2006-10-10,0.0,"{""type"":""MultiPoint"",""coordinates"":[]}"
20061011,2006-10-11,0.028992209073078846,"{""type"":""MultiPoint"",""coordinates"":[]}"
20061012,2006-10-12,0.0,"{""type"":""MultiPoint"",""coordinates"":[]}"
20061013,2006-10-13,0.0,"{""type"":""MultiPoint"",""coordinates"":[]}"
20061014,2006-10-14,0.0,"{""type"":""MultiPoint"",""coordinates"":[]}"
20061015,2006-10-15,0.0,"{""type"":""MultiPoint"",""coordinates"":[]}"
20061016,2006-10-16,0.0020159096284380206,"{""type"":""MultiPoint"",""coordinates"":[]}"
20061017,2006-10-17,0.6129630068744375,"{""type"":""MultiPoint"",""coordinates"":[]}"
20061018,2006-10-18,1.231130300975966,"{""type"":""MultiPoint"",""coordinates"":[]}"
20061019,2006-10-19,0.11089357046034633,"{""type"":""MultiPoint"",""coordinates"":[]}"
20061020,2006-10-20,0.0,"{""type"":""MultiPoint"",""coordinates"":[]}"
20061021,2006-10-21,0.05013237883513037,"{""type"":""MultiPoint"",""coordinates"":[]}"
20061022,2006-10-22,0.0,"{""type"":""MultiPoint"",""coordinates"":[]}"
20061023,2006-10-23,0.0,"{""type"":""MultiPoint"",""coordinates"":[]}"
20061024,2006-10-24,11.137715726336872,"{""type"":""MultiPoint"",""coordinates"":[]}"
20061025,2006-10-25,0.4813538899915649,"{""type"":""MultiPoint"",""coordinates"":[]}"
20061026,2006-10-26,1.7840343093549875,"{""type"":""MultiPoint"",""coordinates"":[]}"
20061027,2006-10-27,3.3343156696087073,"{""type"":""MultiPoint"",""coordinates"":[]}"
20061028,2006-10-28,0.4554418732864649,"{""type"":""MultiPoint"",""coordinates"":[]}"
20061029,2006-10-29,2.1426700239217853,"{""type"":""MultiPoint"",""coordinates"":[]}"
20061030,2006-10-30,0.3666371101177503,"{""type"":""MultiPoint"",""coordinates"":[]}"
20061031,2006-10-31,0.3636330101313566,"{""type"":""MultiPoint"",""coordinates"":[]}"
20061101,2006-11-01,23.319875038069135,"{""type"":""MultiPoint"",""coordinates"":[]}"
20061102,2006-11-02,38.29939099169896,"{""type"":""MultiPoint"",""coordinates"":[]}"
20061103,2006-11-03,4.4555018909444115,"{""type"":""MultiPoint"",""coordinates"":[]}"
20061104,2006-11-04,1.8311323667428612,"{""type"":""MultiPoint"",""coordinates"":[]}"
20061105,2006-11-05,5.377718503476313,"{""type"":""MultiPoint"",""coordinates"":[]}"
20061106,2006-11-06,4.560853203582984,"{""type"":""MultiPoint"",""coordinates"":[]}"
20061107,2006-11-07,0.8036522424395247,"{""type"":""MultiPoint"",""coordinates"":[]}"
20061108,2006-11-08,0.915499835542042,"{""type"":""MultiPoint"",""coordinates"":[]}"
20061109,2006-11-09,2.160998625268119,"{""type"":""MultiPoint"",""coordinates"":[]}"
20061110,2006-11-10,0.0,"{""type"":""MultiPoint"",""coordinates"":[]}"
20061111,2006-11-11,0.0,"{""type"":""MultiPoint"",""coordinates"":[]}"
20061112,2006-11-12,0.0,"{""type"":""MultiPoint"",""coordinates"":[]}"
20061113,2006-11-13,0.0,"{""type"":""MultiPoint"",""coordinates"":[]}"
20061114,2006-11-14,0.0,"{""type"":""MultiPoint"",""coordinates"":[]}"
20061115,2006-11-15,1.0616595205174215,"{""type"":""MultiPoint"",""coordinates"":[]}"
20061116,2006-11-16,0.7234550536657601,"{""type"":""MultiPoint"",""coordinates"":[]}"
20061117,2006-11-17,0.0,"{""type"":""MultiPoint"",""coordinates"":[]}"
20061118,2006-11-18,8.495499355707954,"{""type"":""MultiPoint"",""coordinates"":[]}"
20061119,2006-11-19,0.0,"{""type"":""MultiPoint"",""coordinates"":[]}"
20061120,2006-11-20,0.0,"{""type"":""MultiPoint"",""coordinates"":[]}"
20061121,2006-11-21,14.71521919605509,"{""type"":""MultiPoint"",""coordinates"":[]}"
20061122,2006-11-22,0.3243675868370524,"{""type"":""MultiPoint"",""coordinates"":[]}"
20061123,2006-11-23,0.384861531392873,"{""type"":""MultiPoint"",""coordinates"":[]}"
20061124,2006-11-24,0.0,"{""type"":""MultiPoint"",""coordinates"":[]}"
20061125,2006-11-25,0.0,"{""type"":""MultiPoint"",""coordinates"":[]}"
20061126,2006-11-26,0.0,"{""type"":""MultiPoint"",""coordinates"":[]}"
20061127,2006-11-27,0.059799125360115404,"{""type"":""MultiPoint"",""coordinates"":[]}"
20061128,2006-11-28,0.0,"{""type"":""MultiPoint"",""coordinates"":[]}"
20061129,2006-11-29,0.0,"{""type"":""MultiPoint"",""coordinates"":[]}"
20061130,2006-11-30,0.005813939953462871,"{""type"":""MultiPoint"",""coordinates"":[]}"
20061201,2006-12-01,0.005240186516225973,"{""type"":""MultiPoint"",""coordinates"":[]}"
20061202,2006-12-02,0.0,"{""type"":""MultiPoint"",""coordinates"":[]}"
20061203,2006-12-03,0.0,"{""type"":""MultiPoint"",""coordinates"":[]}"
20061204,2006-12-04,0.05575776237018036,"{""type"":""MultiPoint"",""coordinates"":[]}"
20061205,2006-12-05,0.0,"{""type"":""MultiPoint"",""coordinates"":[]}"
20061206,2006-12-06,0.0,"{""type"":""MultiPoint"",""coordinates"":[]}"
20061207,2006-12-07,0.0,"{""type"":""MultiPoint"",""coordinates"":[]}"
20061208,2006-12-08,0.0,"{""type"":""MultiPoint"",""coordinates"":[]}"
20061209,2006-12-09,0.0,"{""type"":""MultiPoint"",""coordinates"":[]}"
20061210,2006-12-10,0.2550746011193596,"{""type"":""MultiPoint"",""coordinates"":[]}"
20061211,2006-12-11,0.6527177400261839,"{""type"":""MultiPoint"",""coordinates"":[]}"
20061212,2006-12-12,0.0,"{""type"":""MultiPoint"",""coordinates"":[]}"
20061213,2006-12-13,0.0,"{""type"":""MultiPoint"",""coordinates"":[]}"
20061214,2006-12-14,0.007237982251504311,"{""type"":""MultiPoint"",""coordinates"":[]}"
20061215,2006-12-15,0.0,"{""type"":""MultiPoint"",""coordinates"":[]}"
20061216,2006-12-16,0.0,"{""type"":""MultiPoint"",""coordinates"":[]}"
20061217,2006-12-17,0.0,"{""type"":""MultiPoint"",""coordinates"":[]}"
20061218,2006-12-18,0.0,"{""type"":""MultiPoint"",""coordinates"":[]}"
20061219,2006-12-19,0.0,"{""type"":""MultiPoint"",""coordinates"":[]}"
20061220,2006-12-20,0.005276010697795338,"{""type"":""MultiPoint"",""coordinates"":[]}"
20061221,2006-12-21,0.0,"{""type"":""MultiPoint"",""coordinates"":[]}"
20061222,2006-12-22,0.023153569454492297,"{""type"":""MultiPoint"",""coordinates"":[]}"
20061223,2006-12-23,0.0,"{""type"":""MultiPoint"",""coordinates"":[]}"
20061224,2006-12-24,0.7170162222316352,"{""type"":""MultiPoint"",""coordinates"":[]}"
20061225,2006-12-25,0.003809164834895424,"{""type"":""MultiPoint"",""coordinates"":[]}"
20061226,2006-12-26,0.0,"{""type"":""MultiPoint"",""coordinates"":[]}"
20061227,2006-12-27,0.0,"{""type"":""MultiPoint"",""coordinates"":[]}"
20061228,2006-12-28,0.0,"{""type"":""MultiPoint"",""coordinates"":[]}"
20061229,2006-12-29,0.0,"{""type"":""MultiPoint"",""coordinates"":[]}"
20061230,2006-12-30,0.0,"{""type"":""MultiPoint"",""coordinates"":[]}"
20061231,2006-12-31,0.0,"{""type"":""MultiPoint"",""coordinates"":[]}"
20070101,2007-01-01,0.0,"{""type"":""MultiPoint"",""coordinates"":[]}"
20070102,2007-01-02,0.0,"{""type"":""MultiPoint"",""coordinates"":[]}"
20070103,2007-01-03,0.0317417845764507,"{""type"":""MultiPoint"",""coordinates"":[]}"
20070104,2007-01-04,0.0,"{""type"":""MultiPoint"",""coordinates"":[]}"
20070105,2007-01-05,0.0,"{""type"":""MultiPoint"",""coordinates"":[]}"
20070106,2007-01-06,0.0,"{""type"":""MultiPoint"",""coordinates"":[]}"
20070107,2007-01-07,0.0,"{""type"":""MultiPoint"",""coordinates"":[]}"
20070108,2007-01-08,0.0,"{""type"":""MultiPoint"",""coordinates"":[]}"
20070109,2007-01-09,0.04600904867202886,"{""type"":""MultiPoint"",""coordinates"":[]}"
20070110,2007-01-10,0.015227077019563039,"{""type"":""MultiPoint"",""coordinates"":[]}"
20070111,2007-01-11,0.0,"{""type"":""MultiPoint"",""coordinates"":[]}"
20070112,2007-01-12,0.07422375929202955,"{""type"":""MultiPoint"",""coordinates"":[]}"
20070113,2007-01-13,0.0,"{""type"":""MultiPoint"",""coordinates"":[]}"
20070114,2007-01-14,0.0,"{""type"":""MultiPoint"",""coordinates"":[]}"
20070115,2007-01-15,0.0,"{""type"":""MultiPoint"",""coordinates"":[]}"
20070116,2007-01-16,0.0,"{""type"":""MultiPoint"",""coordinates"":[]}"
20070117,2007-01-17,0.0,"{""type"":""MultiPoint"",""coordinates"":[]}"
20070118,2007-01-18,0.0011862636426590162,"{""type"":""MultiPoint"",""coordinates"":[]}"
20070119,2007-01-19,0.00316328346571741,"{""type"":""MultiPoint"",""coordinates"":[]}"
20070120,2007-01-20,0.0,"{""type"":""MultiPoint"",""coordinates"":[]}"
20070121,2007-01-21,0.0,"{""type"":""MultiPoint"",""coordinates"":[]}"
20070122,2007-01-22,0.08932615841998198,"{""type"":""MultiPoint"",""coordinates"":[]}"
20070123,2007-01-23,0.0,"{""type"":""MultiPoint"",""coordinates"":[]}"
20070124,2007-01-24,0.0035678918393226926,"{""type"":""MultiPoint"",""coordinates"":[]}"
20070125,2007-01-25,0.0035678918393226926,"{""type"":""MultiPoint"",""coordinates"":[]}"
20070126,2007-01-26,0.0,"{""type"":""MultiPoint"",""coordinates"":[]}"
20070127,2007-01-27,0.0,"{""type"":""MultiPoint"",""coordinates"":[]}"
20070128,2007-01-28,0.0,"{""type"":""MultiPoint"",""coordinates"":[]}"
20070129,2007-01-29,0.0,"{""type"":""MultiPoint"",""coordinates"":[]}"
20070130,2007-01-30,0.007310234254094489,"{""type"":""MultiPoint"",""coordinates"":[]}"
20070131,2007-01-31,0.0,"{""type"":""MultiPoint"",""coordinates"":[]}"
20070201,2007-02-01,0.0,"{""type"":""MultiPoint"",""coordinates"":[]}"
20070202,2007-02-02,0.0,"{""type"":""MultiPoint"",""coordinates"":[]}"
20070203,2007-02-03,0.0,"{""type"":""MultiPoint"",""coordinates"":[]}"
20070204,2007-02-04,0.0,"{""type"":""MultiPoint"",""coordinates"":[]}"
20070205,2007-02-05,0.0,"{""type"":""MultiPoint"",""coordinates"":[]}"
20070206,2007-02-06,0.0,"{""type"":""MultiPoint"",""coordinates"":[]}"
20070207,2007-02-07,0.0,"{""type"":""MultiPoint"",""coordinates"":[]}"
20070208,2007-02-08,0.0,"{""type"":""MultiPoint"",""coordinates"":[]}"
20070209,2007-02-09,0.0,"{""type"":""MultiPoint"",""coordinates"":[]}"
20070210,2007-02-10,0.0,"{""type"":""MultiPoint"",""coordinates"":[]}"
20070211,2007-02-11,0.0,"{""type"":""MultiPoint"",""coordinates"":[]}"
20070212,2007-02-12,0.0,"{""type"":""MultiPoint"",""coordinates"":[]}"
20070213,2007-02-13,0.0,"{""type"":""MultiPoint"",""coordinates"":[]}"
20070214,2007-02-14,0.0,"{""type"":""MultiPoint"",""coordinates"":[]}"
20070215,2007-02-15,0.0,"{""type"":""MultiPoint"",""coordinates"":[]}"
20070216,2007-02-16,0.0,"{""type"":""MultiPoint"",""coordinates"":[]}"
20070217,2007-02-17,0.0,"{""type"":""MultiPoint"",""coordinates"":[]}"
20070218,2007-02-18,0.0,"{""type"":""MultiPoint"",""coordinates"":[]}"
20070219,2007-02-19,0.0,"{""type"":""MultiPoint"",""coordinates"":[]}"
20070220,2007-02-20,0.0,"{""type"":""MultiPoint"",""coordinates"":[]}"
20070221,2007-02-21,0.0,"{""type"":""MultiPoint"",""coordinates"":[]}"
20070222,2007-02-22,0.0,"{""type"":""MultiPoint"",""coordinates"":[]}"
20070223,2007-02-23,0.0,"{""type"":""MultiPoint"",""coordinates"":[]}"
20070224,2007-02-24,0.0,"{""type"":""MultiPoint"",""coordinates"":[]}"
20070225,2007-02-25,0.0,"{""type"":""MultiPoint"",""coordinates"":[]}"
20070226,2007-02-26,0.0,"{""type"":""MultiPoint"",""coordinates"":[]}"
20070227,2007-02-27,0.0,"{""type"":""MultiPoint"",""coordinates"":[]}"
20070228,2007-02-28,0.0,"{""type"":""MultiPoint"",""coordinates"":[]}"
20070301,2007-03-01,0.0,"{""type"":""MultiPoint"",""coordinates"":[]}"
20070302,2007-03-02,0.0,"{""type"":""MultiPoint"",""coordinates"":[]}"
20070303,2007-03-03,0.0,"{""type"":""MultiPoint"",""coordinates"":[]}"
20070304,2007-03-04,0.0,"{""type"":""MultiPoint"",""coordinates"":[]}"
20070305,2007-03-05,0.0,"{""type"":""MultiPoint"",""coordinates"":[]}"
20070306,2007-03-06,0.0,"{""type"":""MultiPoint"",""coordinates"":[]}"
20070307,2007-03-07,0.0,"{""type"":""MultiPoint"",""coordinates"":[]}"
20070308,2007-03-08,0.0,"{""type"":""MultiPoint"",""coordinates"":[]}"
20070309,2007-03-09,0.0,"{""type"":""MultiPoint"",""coordinates"":[]}"
20070310,2007-03-10,0.0,"{""type"":""MultiPoint"",""coordinates"":[]}"
20070311,2007-03-11,0.0,"{""type"":""MultiPoint"",""coordinates"":[]}"
20070312,2007-03-12,0.0,"{""type"":""MultiPoint"",""coordinates"":[]}"
20070313,2007-03-13,0.0,"{""type"":""MultiPoint"",""coordinates"":[]}"
20070314,2007-03-14,0.0,"{""type"":""MultiPoint"",""coordinates"":[]}"
20070315,2007-03-15,0.0,"{""type"":""MultiPoint"",""coordinates"":[]}"
20070316,2007-03-16,0.0,"{""type"":""MultiPoint"",""coordinates"":[]}"
20070317,2007-03-17,0.0,"{""type"":""MultiPoint"",""coordinates"":[]}"
20070318,2007-03-18,0.0,"{""type"":""MultiPoint"",""coordinates"":[]}"
20070319,2007-03-19,0.0,"{""type"":""MultiPoint"",""coordinates"":[]}"
20070320,2007-03-20,0.0,"{""type"":""MultiPoint"",""coordinates"":[]}"
20070321,2007-03-21,0.0,"{""type"":""MultiPoint"",""coordinates"":[]}"
20070322,2007-03-22,0.0,"{""type"":""MultiPoint"",""coordinates"":[]}"
20070323,2007-03-23,0.0,"{""type"":""MultiPoint"",""coordinates"":[]}"
20070324,2007-03-24,0.0,"{""type"":""MultiPoint"",""coordinates"":[]}"
20070325,2007-03-25,0.0,"{""type"":""MultiPoint"",""coordinates"":[]}"
20070326,2007-03-26,0.0,"{""type"":""MultiPoint"",""coordinates"":[]}"
20070327,2007-03-27,0.3481223684466912,"{""type"":""MultiPoint"",""coordinates"":[]}"
20070328,2007-03-28,0.0,"{""type"":""MultiPoint"",""coordinates"":[]}"
20070329,2007-03-29,0.0,"{""type"":""MultiPoint"",""coordinates"":[]}"
20070330,2007-03-30,3.881005559755825E-5,"{""type"":""MultiPoint"",""coordinates"":[]}"
20070331,2007-03-31,3.881005559755825E-5,"{""type"":""MultiPoint"",""coordinates"":[]}"
20070401,2007-04-01,0.0,"{""type"":""MultiPoint"",""coordinates"":[]}"
20070402,2007-04-02,0.0,"{""type"":""MultiPoint"",""coordinates"":[]}"
20070403,2007-04-03,0.0,"{""type"":""MultiPoint"",""coordinates"":[]}"
20070404,2007-04-04,0.0,"{""type"":""MultiPoint"",""coordinates"":[]}"
20070405,2007-04-05,0.0,"{""type"":""MultiPoint"",""coordinates"":[]}"
20070406,2007-04-06,0.3022952986618305,"{""type"":""MultiPoint"",""coordinates"":[]}"
20070407,2007-04-07,1.5212172206235424,"{""type"":""MultiPoint"",""coordinates"":[]}"
20070408,2007-04-08,0.0,"{""type"":""MultiPoint"",""coordinates"":[]}"
20070409,2007-04-09,0.08147242860160275,"{""type"":""MultiPoint"",""coordinates"":[]}"
20070410,2007-04-10,3.972592559308844E-5,"{""type"":""MultiPoint"",""coordinates"":[]}"
20070411,2007-04-11,1.8414525562601112,"{""type"":""MultiPoint"",""coordinates"":[]}"
20070412,2007-04-12,2.267964452617501,"{""type"":""MultiPoint"",""coordinates"":[]}"
20070413,2007-04-13,0.3366024868819209,"{""type"":""MultiPoint"",""coordinates"":[]}"
20070414,2007-04-14,0.24917711305480603,"{""type"":""MultiPoint"",""coordinates"":[]}"
20070415,2007-04-15,0.040407153279628856,"{""type"":""MultiPoint"",""coordinates"":[]}"
20070416,2007-04-16,0.03536708882437945,"{""type"":""MultiPoint"",""coordinates"":[]}"
20070417,2007-04-17,0.09920060840428886,"{""type"":""MultiPoint"",""coordinates"":[]}"
20070418,2007-04-18,0.9703814353522249,"{""type"":""MultiPoint"",""coordinates"":[]}"
20070419,2007-04-19,1.302312983767762,"{""type"":""MultiPoint"",""coordinates"":[]}"
20070420,2007-04-20,4.203841196037102,"{""type"":""MultiPoint"",""coordinates"":[]}"
20070421,2007-04-21,1.2454570007681993,"{""type"":""MultiPoint"",""coordinates"":[]}"
20070422,2007-04-22,2.9683069250675764,"{""type"":""MultiPoint"",""coordinates"":[]}"
20070423,2007-04-23,0.514314807226763,"{""type"":""MultiPoint"",""coordinates"":[]}"
20070424,2007-04-24,0.0,"{""type"":""MultiPoint"",""coordinates"":[]}"
20070425,2007-04-25,0.0035234648291791928,"{""type"":""MultiPoint"",""coordinates"":[]}"
20070426,2007-04-26,0.0,"{""type"":""MultiPoint"",""coordinates"":[]}"
20070427,2007-04-27,0.01343220549019195,"{""type"":""MultiPoint"",""coordinates"":[]}"
20070428,2007-04-28,0.04542696474285094,"{""type"":""MultiPoint"",""coordinates"":[]}"
20070429,2007-04-29,0.11155396568519252,"{""type"":""MultiPoint"",""coordinates"":[]}"
20070430,2007-04-30,1.2583805436630204E-4,"{""type"":""MultiPoint"",""coordinates"":[]}"
20070501,2007-05-01,4.08956667438552,"{""type"":""MultiPoint"",""coordinates"":[]}"
20070502,2007-05-02,0.6783891809129021,"{""type"":""MultiPoint"",""coordinates"":[]}"
20070503,2007-05-03,12.09249177410505,"{""type"":""MultiPoint"",""coordinates"":[]}"
20070504,2007-05-04,0.7639808453658111,"{""type"":""MultiPoint"",""coordinates"":[]}"
20070505,2007-05-05,2.1602711931976186,"{""type"":""MultiPoint"",""coordinates"":[]}"
20070506,2007-05-06,12.786155103046106,"{""type"":""MultiPoint"",""coordinates"":[]}"
20070507,2007-05-07,0.1410312803917565,"{""type"":""MultiPoint"",""coordinates"":[]}"
20070508,2007-05-08,0.4963837907720405,"{""type"":""MultiPoint"",""coordinates"":[]}"
20070509,2007-05-09,0.0,"{""type"":""MultiPoint"",""coordinates"":[]}"
20070510,2007-05-10,0.0,"{""type"":""MultiPoint"",""coordinates"":[]}"
20070511,2007-05-11,0.0,"{""type"":""MultiPoint"",""coordinates"":[]}"
20070512,2007-05-12,0.0,"{""type"":""MultiPoint"",""coordinates"":[]}"
20070513,2007-05-13,0.0,"{""type"":""MultiPoint"",""coordinates"":[]}"
20070514,2007-05-14,0.0,"{""type"":""MultiPoint"",""coordinates"":[]}"
20070515,2007-05-15,0.0,"{""type"":""MultiPoint"",""coordinates"":[]}"
20070516,2007-05-16,0.0,"{""type"":""MultiPoint"",""coordinates"":[]}"
20070517,2007-05-17,0.0,"{""type"":""MultiPoint"",""coordinates"":[]}"
20070518,2007-05-18,0.0,"{""type"":""MultiPoint"",""coordinates"":[]}"
20070519,2007-05-19,0.0,"{""type"":""MultiPoint"",""coordinates"":[]}"
20070520,2007-05-20,3.406770133994646E-4,"{""type"":""MultiPoint"",""coordinates"":[]}"
20070521,2007-05-21,0.005141185228973345,"{""type"":""MultiPoint"",""coordinates"":[]}"
20070522,2007-05-22,0.05450149400640889,"{""type"":""MultiPoint"",""coordinates"":[]}"
20070523,2007-05-23,5.184309292515586,"{""type"":""MultiPoint"",""coordinates"":[]}"
20070524,2007-05-24,6.577374785008765,"{""type"":""MultiPoint"",""coordinates"":[]}"
20070525,2007-05-25,1.268248350061546,"{""type"":""MultiPoint"",""coordinates"":[]}"
20070526,2007-05-26,16.395470977686518,"{""type"":""MultiPoint"",""coordinates"":[]}"
20070527,2007-05-27,1.1688929785600268,"{""type"":""MultiPoint"",""coordinates"":[]}"
20070528,2007-05-28,15.807773948090396,"{""type"":""MultiPoint"",""coordinates"":[]}"
20070529,2007-05-29,0.4705412055814717,"{""type"":""MultiPoint"",""coordinates"":[]}"
20070530,2007-05-30,0.0,"{""type"":""MultiPoint"",""coordinates"":[]}"
20070531,2007-05-31,0.0,"{""type"":""MultiPoint"",""coordinates"":[]}"
20070601,2007-06-01,0.0,"{""type"":""MultiPoint"",""coordinates"":[]}"
20070602,2007-06-02,2.3311695818789886,"{""type"":""MultiPoint"",""coordinates"":[]}"
20070603,2007-06-03,0.14662618330568025,"{""type"":""MultiPoint"",""coordinates"":[]}"
20070604,2007-06-04,0.07806613596564826,"{""type"":""MultiPoint"",""coordinates"":[]}"
20070605,2007-06-05,7.904982676616585,"{""type"":""MultiPoint"",""coordinates"":[]}"
20070606,2007-06-06,1.1813119906044696,"{""type"":""MultiPoint"",""coordinates"":[]}"
20070607,2007-06-07,15.224006324302579,"{""type"":""MultiPoint"",""coordinates"":[]}"
20070608,2007-06-08,0.0022910075445994873,"{""type"":""MultiPoint"",""coordinates"":[]}"
20070609,2007-06-09,8.466837797346562,"{""type"":""MultiPoint"",""coordinates"":[]}"
20070610,2007-06-10,0.367936580332867,"{""type"":""MultiPoint"",""coordinates"":[]}"
20070611,2007-06-11,0.29263359781104115,"{""type"":""MultiPoint"",""coordinates"":[]}"
20070612,2007-06-12,3.023614242985323,"{""type"":""MultiPoint"",""coordinates"":[]}"
20070613,2007-06-13,5.4958059385976,"{""type"":""MultiPoint"",""coordinates"":[]}"
20070614,2007-06-14,2.654389635711287,"{""type"":""MultiPoint"",""coordinates"":[]}"
20070615,2007-06-15,3.833053075283817,"{""type"":""MultiPoint"",""coordinates"":[]}"
20070616,2007-06-16,0.9683448378781663,"{""type"":""MultiPoint"",""coordinates"":[]}"
20070617,2007-06-17,0.0,"{""type"":""MultiPoint"",""coordinates"":[]}"
20070618,2007-06-18,0.6848866543973314,"{""type"":""MultiPoint"",""coordinates"":[]}"
20070619,2007-06-19,1.12363547116184,"{""type"":""MultiPoint"",""coordinates"":[]}"
20070620,2007-06-20,3.200828416616582,"{""type"":""MultiPoint"",""coordinates"":[]}"
20070621,2007-06-21,12.584880687178106,"{""type"":""MultiPoint"",""coordinates"":[]}"
20070622,2007-06-22,13.077044695856896,"{""type"":""MultiPoint"",""coordinates"":[]}"
20070623,2007-06-23,6.000403111308092,"{""type"":""MultiPoint"",""coordinates"":[]}"
20070624,2007-06-24,0.07932766389449096,"{""type"":""MultiPoint"",""coordinates"":[]}"
20070625,2007-06-25,0.37186970287155174,"{""type"":""MultiPoint"",""coordinates"":[]}"
20070626,2007-06-26,2.251577081000266,"{""type"":""MultiPoint"",""coordinates"":[]}"
20070627,2007-06-27,6.733026271297906,"{""type"":""MultiPoint"",""coordinates"":[]}"
20070628,2007-06-28,3.6797054328337264,"{""type"":""MultiPoint"",""coordinates"":[]}"
20070629,2007-06-29,1.3033700037505447,"{""type"":""MultiPoint"",""coordinates"":[]}"
20070630,2007-06-30,0.7879893614556474,"{""type"":""MultiPoint"",""coordinates"":[]}"
20070701,2007-07-01,0.1811530191722337,"{""type"":""MultiPoint"",""coordinates"":[]}"
20070702,2007-07-02,0.0,"{""type"":""MultiPoint"",""coordinates"":[]}"
20070703,2007-07-03,0.0,"{""type"":""MultiPoint"",""coordinates"":[]}"
20070704,2007-07-04,0.545785548021586,"{""type"":""MultiPoint"",""coordinates"":[]}"
20070705,2007-07-05,0.0,"{""type"":""MultiPoint"",""coordinates"":[]}"
20070706,2007-07-06,0.07595178539177677,"{""type"":""MultiPoint"",""coordinates"":[]}"
20070707,2007-07-07,0.955857746104103,"{""type"":""MultiPoint"",""coordinates"":[]}"
20070708,2007-07-08,0.0,"{""type"":""MultiPoint"",""coordinates"":[]}"
20070709,2007-07-09,0.0,"{""type"":""MultiPoint"",""coordinates"":[]}"
20070710,2007-07-10,0.05782857240677596,"{""type"":""MultiPoint"",""coordinates"":[]}"
20070711,2007-07-11,0.3887270883945757,"{""type"":""MultiPoint"",""coordinates"":[]}"
20070712,2007-07-12,0.6816331265189063,"{""type"":""MultiPoint"",""coordinates"":[]}"
20070713,2007-07-13,0.18575491396704455,"{""type"":""MultiPoint"",""coordinates"":[]}"
20070714,2007-07-14,0.6321478823435132,"{""type"":""MultiPoint"",""coordinates"":[]}"
20070715,2007-07-15,2.4436819562296495,"{""type"":""MultiPoint"",""coordinates"":[]}"
20070716,2007-07-16,0.607554589945379,"{""type"":""MultiPoint"",""coordinates"":[]}"
20070717,2007-07-17,0.04239008345898464,"{""type"":""MultiPoint"",""coordinates"":[]}"
20070718,2007-07-18,8.952553242932018E-4,"{""type"":""MultiPoint"",""coordinates"":[]}"
20070719,2007-07-19,2.1217989806425366,"{""type"":""MultiPoint"",""coordinates"":[]}"
20070720,2007-07-20,4.677995672607826,"{""type"":""MultiPoint"",""coordinates"":[]}"
20070721,2007-07-21,4.293042437289431,"{""type"":""MultiPoint"",""coordinates"":[]}"
20070722,2007-07-22,1.2437610183794368,"{""type"":""MultiPoint"",""coordinates"":[]}"
20070723,2007-07-23,3.488747065403859,"{""type"":""MultiPoint"",""coordinates"":[]}"
20070724,2007-07-24,1.6931557846650607,"{""type"":""MultiPoint"",""coordinates"":[]}"
20070725,2007-07-25,0.20914831095388273,"{""type"":""MultiPoint"",""coordinates"":[]}"
20070726,2007-07-26,1.8807236204878859,"{""type"":""MultiPoint"",""coordinates"":[]}"
20070727,2007-07-27,4.506453878665168,"{""type"":""MultiPoint"",""coordinates"":[]}"
20070728,2007-07-28,7.597467100830222,"{""type"":""MultiPoint"",""coordinates"":[]}"
20070729,2007-07-29,0.7743763776908389,"{""type"":""MultiPoint"",""coordinates"":[]}"
20070730,2007-07-30,1.1026741761282361,"{""type"":""MultiPoint"",""coordinates"":[]}"
20070731,2007-07-31,5.046376004341095,"{""type"":""MultiPoint"",""coordinates"":[]}"
20070801,2007-08-01,1.247925768259709,"{""type"":""MultiPoint"",""coordinates"":[]}"
20070802,2007-08-02,7.377229911320076,"{""type"":""MultiPoint"",""coordinates"":[]}"
20070803,2007-08-03,0.6981367038689414,"{""type"":""MultiPoint"",""coordinates"":[]}"
20070804,2007-08-04,1.1078485848369237,"{""type"":""MultiPoint"",""coordinates"":[]}"
20070805,2007-08-05,0.09471016237933648,"{""type"":""MultiPoint"",""coordinates"":[]}"
20070806,2007-08-06,0.6495138331196997,"{""type"":""MultiPoint"",""coordinates"":[]}"
20070807,2007-08-07,1.9553054097530744,"{""type"":""MultiPoint"",""coordinates"":[]}"
20070808,2007-08-08,0.0,"{""type"":""MultiPoint"",""coordinates"":[]}"
20070809,2007-08-09,0.0,"{""type"":""MultiPoint"",""coordinates"":[]}"
20070810,2007-08-10,0.009997839720405773,"{""type"":""MultiPoint"",""coordinates"":[]}"
20070811,2007-08-11,0.5220818344876647,"{""type"":""MultiPoint"",""coordinates"":[]}"
20070812,2007-08-12,4.102918709548159,"{""type"":""MultiPoint"",""coordinates"":[]}"
20070813,2007-08-13,0.7087228934205462,"{""type"":""MultiPoint"",""coordinates"":[]}"
20070814,2007-08-14,0.0,"{""type"":""MultiPoint"",""coordinates"":[]}"
20070815,2007-08-15,0.0,"{""type"":""MultiPoint"",""coordinates"":[]}"
20070816,2007-08-16,0.0,"{""type"":""MultiPoint"",""coordinates"":[]}"
20070817,2007-08-17,0.2904532335161235,"{""type"":""MultiPoint"",""coordinates"":[]}"
20070818,2007-08-18,0.9372604338729247,"{""type"":""MultiPoint"",""coordinates"":[]}"
20070819,2007-08-19,0.0929501687149013,"{""type"":""MultiPoint"",""coordinates"":[]}"
20070820,2007-08-20,0.5931554609666139,"{""type"":""MultiPoint"",""coordinates"":[]}"
20070821,2007-08-21,1.0242683848191703,"{""type"":""MultiPoint"",""coordinates"":[]}"
20070822,2007-08-22,1.0113840415865407,"{""type"":""MultiPoint"",""coordinates"":[]}"
20070823,2007-08-23,0.9977442180997758,"{""type"":""MultiPoint"",""coordinates"":[]}"
20070824,2007-08-24,11.971456078862818,"{""type"":""MultiPoint"",""coordinates"":[]}"
20070825,2007-08-25,7.284883188971185,"{""type"":""MultiPoint"",""coordinates"":[]}"
20070826,2007-08-26,5.542263717860647,"{""type"":""MultiPoint"",""coordinates"":[]}"
20070827,2007-08-27,3.2386053013501157,"{""type"":""MultiPoint"",""coordinates"":[]}"
20070828,2007-08-28,5.658629310802022,"{""type"":""MultiPoint"",""coordinates"":[]}"
20070829,2007-08-29,12.492944594882408,"{""type"":""MultiPoint"",""coordinates"":[]}"
20070830,2007-08-30,9.756819193545281,"{""type"":""MultiPoint"",""coordinates"":[]}"
20070831,2007-08-31,5.179283058101641,"{""type"":""MultiPoint"",""coordinates"":[]}"
20070901,2007-09-01,0.7112790136208778,"{""type"":""MultiPoint"",""coordinates"":[]}"
20070902,2007-09-02,0.9740929638962236,"{""type"":""MultiPoint"",""coordinates"":[]}"
20070903,2007-09-03,0.022563413528949115,"{""type"":""MultiPoint"",""coordinates"":[]}"
20070904,2007-09-04,0.2816288423455788,"{""type"":""MultiPoint"",""coordinates"":[]}"
20070905,2007-09-05,12.99534369075446,"{""type"":""MultiPoint"",""coordinates"":[]}"
20070906,2007-09-06,16.362394487086064,"{""type"":""MultiPoint"",""coordinates"":[]}"
20070907,2007-09-07,0.6353665869472294,"{""type"":""MultiPoint"",""coordinates"":[]}"
20070908,2007-09-08,4.959701562847057,"{""type"":""MultiPoint"",""coordinates"":[]}"
20070909,2007-09-09,12.442603135194641,"{""type"":""MultiPoint"",""coordinates"":[]}"
20070910,2007-09-10,0.028817624324320393,"{""type"":""MultiPoint"",""coordinates"":[]}"
20070911,2007-09-11,0.6361478846473356,"{""type"":""MultiPoint"",""coordinates"":[]}"
20070912,2007-09-12,0.9646367147578936,"{""type"":""MultiPoint"",""coordinates"":[]}"
20070913,2007-09-13,12.900689801626195,"{""type"":""MultiPoint"",""coordinates"":[]}"
20070914,2007-09-14,28.568263847523696,"{""type"":""MultiPoint"",""coordinates"":[]}"
20070915,2007-09-15,17.135836306713532,"{""type"":""MultiPoint"",""coordinates"":[]}"
20070916,2007-09-16,26.725189530085203,"{""type"":""MultiPoint"",""coordinates"":[]}"
20070917,2007-09-17,21.619485519337054,"{""type"":""MultiPoint"",""coordinates"":[]}"
20070918,2007-09-18,23.081871455026022,"{""type"":""MultiPoint"",""coordinates"":[]}"
20070919,2007-09-19,2.2185135549443604,"{""type"":""MultiPoint"",""coordinates"":[]}"
20070920,2007-09-20,5.679421739740557,"{""type"":""MultiPoint"",""coordinates"":[]}"
20070921,2007-09-21,0.09716833817832857,"{""type"":""MultiPoint"",""coordinates"":[]}"
20070922,2007-09-22,0.0,"{""type"":""MultiPoint"",""coordinates"":[]}"
20070923,2007-09-23,0.0,"{""type"":""MultiPoint"",""coordinates"":[]}"
20070924,2007-09-24,0.6800127234093325,"{""type"":""MultiPoint"",""coordinates"":[]}"
20070925,2007-09-25,0.3188790054599643,"{""type"":""MultiPoint"",""coordinates"":[]}"
20070926,2007-09-26,0.1633945582943806,"{""type"":""MultiPoint"",""coordinates"":[]}"
20070927,2007-09-27,2.2657970333498825,"{""type"":""MultiPoint"",""coordinates"":[]}"
20070928,2007-09-28,0.11217464853574519,"{""type"":""MultiPoint"",""coordinates"":[]}"
20070929,2007-09-29,7.64842962158468,"{""type"":""MultiPoint"",""coordinates"":[]}"
20070930,2007-09-30,8.96873536410827,"{""type"":""MultiPoint"",""coordinates"":[]}"
20071001,2007-10-01,7.987216486030697,"{""type"":""MultiPoint"",""coordinates"":[]}"
20071002,2007-10-02,0.0,"{""type"":""MultiPoint"",""coordinates"":[]}"
20071003,2007-10-03,0.0,"{""type"":""MultiPoint"",""coordinates"":[]}"
20071004,2007-10-04,2.7009679103828614,"{""type"":""MultiPoint"",""coordinates"":[]}"
20071005,2007-10-05,0.009694820320284042,"{""type"":""MultiPoint"",""coordinates"":[]}"
20071006,2007-10-06,0.0,"{""type"":""MultiPoint"",""coordinates"":[]}"
20071007,2007-10-07,0.0,"{""type"":""MultiPoint"",""coordinates"":[]}"
20071008,2007-10-08,0.6621482063981625,"{""type"":""MultiPoint"",""coordinates"":[]}"
20071009,2007-10-09,0.0,"{""type"":""MultiPoint"",""coordinates"":[]}"
20071010,2007-10-10,0.0,"{""type"":""MultiPoint"",""coordinates"":[]}"
20071011,2007-10-11,0.0,"{""type"":""MultiPoint"",""coordinates"":[]}"
20071012,2007-10-12,0.0,"{""type"":""MultiPoint"",""coordinates"":[]}"
20071013,2007-10-13,0.0,"{""type"":""MultiPoint"",""coordinates"":[]}"
20071014,2007-10-14,0.0,"{""type"":""MultiPoint"",""coordinates"":[]}"
20071015,2007-10-15,0.0,"{""type"":""MultiPoint"",""coordinates"":[]}"
20071016,2007-10-16,0.0,"{""type"":""MultiPoint"",""coordinates"":[]}"
20071017,2007-10-17,1.4620922361667392,"{""type"":""MultiPoint"",""coordinates"":[]}"
20071018,2007-10-18,0.006433766288419402,"{""type"":""MultiPoint"",""coordinates"":[]}"
20071019,2007-10-19,11.871877413608345,"{""type"":""MultiPoint"",""coordinates"":[]}"
20071020,2007-10-20,7.521707800155515,"{""type"":""MultiPoint"",""coordinates"":[]}"
20071021,2007-10-21,6.817941159328373,"{""type"":""MultiPoint"",""coordinates"":[]}"
20071022,2007-10-22,11.13808615357714,"{""type"":""MultiPoint"",""coordinates"":[]}"
20071023,2007-10-23,20.18223323533692,"{""type"":""MultiPoint"",""coordinates"":[]}"
20071024,2007-10-24,17.48570759828587,"{""type"":""MultiPoint"",""coordinates"":[]}"
20071025,2007-10-25,0.7771057042707102,"{""type"":""MultiPoint"",""coordinates"":[]}"
20071026,2007-10-26,3.1203131668807016,"{""type"":""MultiPoint"",""coordinates"":[]}"
20071027,2007-10-27,1.3780193619417191,"{""type"":""MultiPoint"",""coordinates"":[]}"
20071028,2007-10-28,15.10021779964614,"{""type"":""MultiPoint"",""coordinates"":[]}"
20071029,2007-10-29,13.520596279991564,"{""type"":""MultiPoint"",""coordinates"":[]}"
20071030,2007-10-30,4.0931031128460695,"{""type"":""MultiPoint"",""coordinates"":[]}"
20071031,2007-10-31,4.911918023352978,"{""type"":""MultiPoint"",""coordinates"":[]}"
20071101,2007-11-01,13.819619507260159,"{""type"":""MultiPoint"",""coordinates"":[]}"
20071102,2007-11-02,0.742675393728491,"{""type"":""MultiPoint"",""coordinates"":[]}"
20071103,2007-11-03,2.366070435846623,"{""type"":""MultiPoint"",""coordinates"":[]}"
20071104,2007-11-04,0.9792599478229587,"{""type"":""MultiPoint"",""coordinates"":[]}"
20071105,2007-11-05,0.2841855326888698,"{""type"":""MultiPoint"",""coordinates"":[]}"
20071106,2007-11-06,0.0,"{""type"":""MultiPoint"",""coordinates"":[]}"
20071107,2007-11-07,0.0,"{""type"":""MultiPoint"",""coordinates"":[]}"
20071108,2007-11-08,0.0,"{""type"":""MultiPoint"",""coordinates"":[]}"
20071109,2007-11-09,0.0,"{""type"":""MultiPoint"",""coordinates"":[]}"
20071110,2007-11-10,0.0,"{""type"":""MultiPoint"",""coordinates"":[]}"
20071111,2007-11-11,0.0,"{""type"":""MultiPoint"",""coordinates"":[]}"
20071112,2007-11-12,0.0,"{""type"":""MultiPoint"",""coordinates"":[]}"
20071113,2007-11-13,0.0,"{""type"":""MultiPoint"",""coordinates"":[]}"
20071114,2007-11-14,0.0,"{""type"":""MultiPoint"",""coordinates"":[]}"
20071115,2007-11-15,0.0,"{""type"":""MultiPoint"",""coordinates"":[]}"
20071116,2007-11-16,0.0,"{""type"":""MultiPoint"",""coordinates"":[]}"
20071117,2007-11-17,0.0,"{""type"":""MultiPoint"",""coordinates"":[]}"
20071118,2007-11-18,0.0,"{""type"":""MultiPoint"",""coordinates"":[]}"
20071119,2007-11-19,0.0,"{""type"":""MultiPoint"",""coordinates"":[]}"
20071120,2007-11-20,0.07380560345568422,"{""type"":""MultiPoint"",""coordinates"":[]}"
20071121,2007-11-21,0.0,"{""type"":""MultiPoint"",""coordinates"":[]}"
20071122,2007-11-22,0.0,"{""type"":""MultiPoint"",""coordinates"":[]}"
20071123,2007-11-23,0.0,"{""type"":""MultiPoint"",""coordinates"":[]}"
20071124,2007-11-24,0.0,"{""type"":""MultiPoint"",""coordinates"":[]}"
20071125,2007-11-25,0.0,"{""type"":""MultiPoint"",""coordinates"":[]}"
20071126,2007-11-26,0.0,"{""type"":""MultiPoint"",""coordinates"":[]}"
20071127,2007-11-27,0.0,"{""type"":""MultiPoint"",""coordinates"":[]}"
20071128,2007-11-28,0.0,"{""type"":""MultiPoint"",""coordinates"":[]}"
20071129,2007-11-29,0.0,"{""type"":""MultiPoint"",""coordinates"":[]}"
20071130,2007-11-30,0.008857885672986544,"{""type"":""MultiPoint"",""coordinates"":[]}"
20071201,2007-12-01,0.00228494791680447,"{""type"":""MultiPoint"",""coordinates"":[]}"
20071202,2007-12-02,0.004763234048463651,"{""type"":""MultiPoint"",""coordinates"":[]}"
20071203,2007-12-03,0.005779010544886365,"{""type"":""MultiPoint"",""coordinates"":[]}"
20071204,2007-12-04,0.0,"{""type"":""MultiPoint"",""coordinates"":[]}"
20071205,2007-12-05,0.0,"{""type"":""MultiPoint"",""coordinates"":[]}"
20071206,2007-12-06,0.02217670049609664,"{""type"":""MultiPoint"",""coordinates"":[]}"
20071207,2007-12-07,0.0,"{""type"":""MultiPoint"",""coordinates"":[]}"
20071208,2007-12-08,0.0,"{""type"":""MultiPoint"",""coordinates"":[]}"
20071209,2007-12-09,0.0,"{""type"":""MultiPoint"",""coordinates"":[]}"
20071210,2007-12-10,0.0,"{""type"":""MultiPoint"",""coordinates"":[]}"
20071211,2007-12-11,0.0,"{""type"":""MultiPoint"",""coordinates"":[]}"
20071212,2007-12-12,0.0,"{""type"":""MultiPoint"",""coordinates"":[]}"
20071213,2007-12-13,0.06462750937040405,"{""type"":""MultiPoint"",""coordinates"":[]}"
20071214,2007-12-14,0.18296940466795886,"{""type"":""MultiPoint"",""coordinates"":[]}"
20071215,2007-12-15,0.0,"{""type"":""MultiPoint"",""coordinates"":[]}"
20071216,2007-12-16,0.0,"{""type"":""MultiPoint"",""coordinates"":[]}"
20071217,2007-12-17,0.0,"{""type"":""MultiPoint"",""coordinates"":[]}"
20071218,2007-12-18,0.7128028569897292,"{""type"":""MultiPoint"",""coordinates"":[]}"
20071219,2007-12-19,6.426621887019592,"{""type"":""MultiPoint"",""coordinates"":[]}"
20071220,2007-12-20,0.29113403707353697,"{""type"":""MultiPoint"",""coordinates"":[]}"
20071221,2007-12-21,0.0,"{""type"":""MultiPoint"",""coordinates"":[]}"
20071222,2007-12-22,0.0,"{""type"":""MultiPoint"",""coordinates"":[]}"
20071223,2007-12-23,0.0,"{""type"":""MultiPoint"",""coordinates"":[]}"
20071224,2007-12-24,0.0,"{""type"":""MultiPoint"",""coordinates"":[]}"
20071225,2007-12-25,0.0,"{""type"":""MultiPoint"",""coordinates"":[]}"
20071226,2007-12-26,0.0014303168769964464,"{""type"":""MultiPoint"",""coordinates"":[]}"
20071227,2007-12-27,0.0,"{""type"":""MultiPoint"",""coordinates"":[]}"
20071228,2007-12-28,0.0,"{""type"":""MultiPoint"",""coordinates"":[]}"
20071229,2007-12-29,0.0,"{""type"":""MultiPoint"",""coordinates"":[]}"
20071230,2007-12-30,0.0,"{""type"":""MultiPoint"",""coordinates"":[]}"
20071231,2007-12-31,0.0,"{""type"":""MultiPoint"",""coordinates"":[]}"
20080101,2008-01-01,0.0,"{""type"":""MultiPoint"",""coordinates"":[]}"
20080102,2008-01-02,0.0,"{""type"":""MultiPoint"",""coordinates"":[]}"
20080103,2008-01-03,0.0,"{""type"":""MultiPoint"",""coordinates"":[]}"
20080104,2008-01-04,0.11886077832915287,"{""type"":""MultiPoint"",""coordinates"":[]}"
20080105,2008-01-05,0.030108009753625844,"{""type"":""MultiPoint"",""coordinates"":[]}"
20080106,2008-01-06,0.0,"{""type"":""MultiPoint"",""coordinates"":[]}"
20080107,2008-01-07,0.0,"{""type"":""MultiPoint"",""coordinates"":[]}"
20080108,2008-01-08,0.0,"{""type"":""MultiPoint"",""coordinates"":[]}"
20080109,2008-01-09,0.0,"{""type"":""MultiPoint"",""coordinates"":[]}"
20080110,2008-01-10,3.3968305396704E-4,"{""type"":""MultiPoint"",""coordinates"":[]}"
20080111,2008-01-11,0.0,"{""type"":""MultiPoint"",""coordinates"":[]}"
20080112,2008-01-12,0.0,"{""type"":""MultiPoint"",""coordinates"":[]}"
20080113,2008-01-13,0.0,"{""type"":""MultiPoint"",""coordinates"":[]}"
20080114,2008-01-14,0.0,"{""type"":""MultiPoint"",""coordinates"":[]}"
20080115,2008-01-15,0.0,"{""type"":""MultiPoint"",""coordinates"":[]}"
20080116,2008-01-16,0.0,"{""type"":""MultiPoint"",""coordinates"":[]}"
20080117,2008-01-17,0.0,"{""type"":""MultiPoint"",""coordinates"":[]}"
20080118,2008-01-18,0.0,"{""type"":""MultiPoint"",""coordinates"":[]}"
20080119,2008-01-19,0.0,"{""type"":""MultiPoint"",""coordinates"":[]}"
20080120,2008-01-20,0.0,"{""type"":""MultiPoint"",""coordinates"":[]}"
20080121,2008-01-21,0.0,"{""type"":""MultiPoint"",""coordinates"":[]}"
20080122,2008-01-22,0.0,"{""type"":""MultiPoint"",""coordinates"":[]}"
20080123,2008-01-23,0.0,"{""type"":""MultiPoint"",""coordinates"":[]}"
20080124,2008-01-24,0.0,"{""type"":""MultiPoint"",""coordinates"":[]}"
20080125,2008-01-25,0.04452041155418015,"{""type"":""MultiPoint"",""coordinates"":[]}"
20080126,2008-01-26,9.484375972771403E-4,"{""type"":""MultiPoint"",""coordinates"":[]}"
20080127,2008-01-27,0.0,"{""type"":""MultiPoint"",""coordinates"":[]}"
20080128,2008-01-28,0.0,"{""type"":""MultiPoint"",""coordinates"":[]}"
20080129,2008-01-29,0.009242898674528413,"{""type"":""MultiPoint"",""coordinates"":[]}"
20080130,2008-01-30,0.0,"{""type"":""MultiPoint"",""coordinates"":[]}"
20080131,2008-01-31,0.003704812413106112,"{""type"":""MultiPoint"",""coordinates"":[]}"
20080201,2008-02-01,0.0,"{""type"":""MultiPoint"",""coordinates"":[]}"
20080202,2008-02-02,0.0,"{""type"":""MultiPoint"",""coordinates"":[]}"
20080203,2008-02-03,0.0,"{""type"":""MultiPoint"",""coordinates"":[]}"
20080204,2008-02-04,0.0,"{""type"":""MultiPoint"",""coordinates"":[]}"
20080205,2008-02-05,0.0,"{""type"":""MultiPoint"",""coordinates"":[]}"
20080206,2008-02-06,0.0,"{""type"":""MultiPoint"",""coordinates"":[]}"
20080207,2008-02-07,0.0,"{""type"":""MultiPoint"",""coordinates"":[]}"
20080208,2008-02-08,0.0,"{""type"":""MultiPoint"",""coordinates"":[]}"
20080209,2008-02-09,0.6596018153255647,"{""type"":""MultiPoint"",""coordinates"":[]}"
20080210,2008-02-10,1.9379514626620544,"{""type"":""MultiPoint"",""coordinates"":[]}"
20080211,2008-02-11,0.07276494315202568,"{""type"":""MultiPoint"",""coordinates"":[]}"
20080212,2008-02-12,0.07064031113710635,"{""type"":""MultiPoint"",""coordinates"":[]}"
20080213,2008-02-13,0.03871340943781521,"{""type"":""MultiPoint"",""coordinates"":[]}"
20080214,2008-02-14,0.0,"{""type"":""MultiPoint"",""coordinates"":[]}"
20080215,2008-02-15,0.0,"{""type"":""MultiPoint"",""coordinates"":[]}"
20080216,2008-02-16,0.0,"{""type"":""MultiPoint"",""coordinates"":[]}"
20080217,2008-02-17,0.0,"{""type"":""MultiPoint"",""coordinates"":[]}"
20080218,2008-02-18,0.0,"{""type"":""MultiPoint"",""coordinates"":[]}"
20080219,2008-02-19,0.0,"{""type"":""MultiPoint"",""coordinates"":[]}"
20080220,2008-02-20,0.0,"{""type"":""MultiPoint"",""coordinates"":[]}"
20080221,2008-02-21,0.0,"{""type"":""MultiPoint"",""coordinates"":[]}"
20080222,2008-02-22,0.0,"{""type"":""MultiPoint"",""coordinates"":[]}"
20080223,2008-02-23,0.0,"{""type"":""MultiPoint"",""coordinates"":[]}"
20080224,2008-02-24,0.0,"{""type"":""MultiPoint"",""coordinates"":[]}"
20080225,2008-02-25,0.0,"{""type"":""MultiPoint"",""coordinates"":[]}"
20080226,2008-02-26,0.0,"{""type"":""MultiPoint"",""coordinates"":[]}"
20080227,2008-02-27,0.0,"{""type"":""MultiPoint"",""coordinates"":[]}"
20080228,2008-02-28,0.0,"{""type"":""MultiPoint"",""coordinates"":[]}"
20080229,2008-02-29,0.0,"{""type"":""MultiPoint"",""coordinates"":[]}"
20080301,2008-03-01,0.0,"{""type"":""MultiPoint"",""coordinates"":[]}"
20080302,2008-03-02,0.0,"{""type"":""MultiPoint"",""coordinates"":[]}"
20080303,2008-03-03,0.0,"{""type"":""MultiPoint"",""coordinates"":[]}"
20080304,2008-03-04,0.0,"{""type"":""MultiPoint"",""coordinates"":[]}"
20080305,2008-03-05,0.0,"{""type"":""MultiPoint"",""coordinates"":[]}"
20080306,2008-03-06,0.0,"{""type"":""MultiPoint"",""coordinates"":[]}"
20080307,2008-03-07,0.0,"{""type"":""MultiPoint"",""coordinates"":[]}"
20080308,2008-03-08,0.0,"{""type"":""MultiPoint"",""coordinates"":[]}"
20080309,2008-03-09,0.0,"{""type"":""MultiPoint"",""coordinates"":[]}"
20080310,2008-03-10,0.06024960812251198,"{""type"":""MultiPoint"",""coordinates"":[]}"
20080311,2008-03-11,0.0,"{""type"":""MultiPoint"",""coordinates"":[]}"
20080312,2008-03-12,0.0,"{""type"":""MultiPoint"",""coordinates"":[]}"
20080313,2008-03-13,0.06163824098274154,"{""type"":""MultiPoint"",""coordinates"":[]}"
20080314,2008-03-14,0.9004678926995467,"{""type"":""MultiPoint"",""coordinates"":[]}"
20080315,2008-03-15,0.6222803307282274,"{""type"":""MultiPoint"",""coordinates"":[]}"
20080316,2008-03-16,0.0031219813148804254,"{""type"":""MultiPoint"",""coordinates"":[]}"
20080317,2008-03-17,0.0,"{""type"":""MultiPoint"",""coordinates"":[]}"
20080318,2008-03-18,0.0,"{""type"":""MultiPoint"",""coordinates"":[]}"
20080319,2008-03-19,0.0,"{""type"":""MultiPoint"",""coordinates"":[]}"
20080320,2008-03-20,0.3621126176188814,"{""type"":""MultiPoint"",""coordinates"":[]}"
20080321,2008-03-21,0.1631523905835654,"{""type"":""MultiPoint"",""coordinates"":[]}"
20080322,2008-03-22,0.7081249702357733,"{""type"":""MultiPoint"",""coordinates"":[]}"
20080323,2008-03-23,0.5163514977189503,"{""type"":""MultiPoint"",""coordinates"":[]}"
20080324,2008-03-24,1.496341849448037,"{""type"":""MultiPoint"",""coordinates"":[]}"
20080325,2008-03-25,0.08997839602107904,"{""type"":""MultiPoint"",""coordinates"":[]}"
20080326,2008-03-26,2.666368944727449,"{""type"":""MultiPoint"",""coordinates"":[]}"
20080327,2008-03-27,0.07300495389643481,"{""type"":""MultiPoint"",""coordinates"":[]}"
20080328,2008-03-28,1.997189816666706,"{""type"":""MultiPoint"",""coordinates"":[]}"
20080329,2008-03-29,0.13852642670433,"{""type"":""MultiPoint"",""coordinates"":[]}"
20080330,2008-03-30,2.801863580231223,"{""type"":""MultiPoint"",""coordinates"":[]}"
20080331,2008-03-31,0.10345995721555334,"{""type"":""MultiPoint"",""coordinates"":[]}"
20080401,2008-04-01,0.08131895395373953,"{""type"":""MultiPoint"",""coordinates"":[]}"
20080402,2008-04-02,0.008563900601158607,"{""type"":""MultiPoint"",""coordinates"":[]}"
20080403,2008-04-03,3.9753477989990405E-4,"{""type"":""MultiPoint"",""coordinates"":[]}"
20080404,2008-04-04,0.02377973653090442,"{""type"":""MultiPoint"",""coordinates"":[]}"
20080405,2008-04-05,0.07426728905950707,"{""type"":""MultiPoint"",""coordinates"":[]}"
20080406,2008-04-06,0.5625563459535257,"{""type"":""MultiPoint"",""coordinates"":[]}"
20080407,2008-04-07,0.0,"{""type"":""MultiPoint"",""coordinates"":[]}"
20080408,2008-04-08,0.0,"{""type"":""MultiPoint"",""coordinates"":[]}"
20080409,2008-04-09,0.0,"{""type"":""MultiPoint"",""coordinates"":[]}"
20080410,2008-04-10,0.09172798112493726,"{""type"":""MultiPoint"",""coordinates"":[]}"
20080411,2008-04-11,0.0,"{""type"":""MultiPoint"",""coordinates"":[]}"
20080412,2008-04-12,0.0,"{""type"":""MultiPoint"",""coordinates"":[]}"
20080413,2008-04-13,0.0,"{""type"":""MultiPoint"",""coordinates"":[]}"
20080414,2008-04-14,0.0,"{""type"":""MultiPoint"",""coordinates"":[]}"
20080415,2008-04-15,0.0,"{""type"":""MultiPoint"",""coordinates"":[]}"
20080416,2008-04-16,0.0,"{""type"":""MultiPoint"",""coordinates"":[]}"
20080417,2008-04-17,0.0,"{""type"":""MultiPoint"",""coordinates"":[]}"
20080418,2008-04-18,0.0,"{""type"":""MultiPoint"",""coordinates"":[]}"
20080419,2008-04-19,0.0,"{""type"":""MultiPoint"",""coordinates"":[]}"
20080420,2008-04-20,0.35674479783944046,"{""type"":""MultiPoint"",""coordinates"":[]}"
20080421,2008-04-21,0.0,"{""type"":""MultiPoint"",""coordinates"":[]}"
20080422,2008-04-22,0.0024783230509016585,"{""type"":""MultiPoint"",""coordinates"":[]}"
20080423,2008-04-23,0.0,"{""type"":""MultiPoint"",""coordinates"":[]}"
20080424,2008-04-24,0.0,"{""type"":""MultiPoint"",""coordinates"":[]}"
20080425,2008-04-25,0.0,"{""type"":""MultiPoint"",""coordinates"":[]}"
20080426,2008-04-26,0.0,"{""type"":""MultiPoint"",""coordinates"":[]}"
20080427,2008-04-27,0.06829251477870642,"{""type"":""MultiPoint"",""coordinates"":[]}"
20080428,2008-04-28,1.7559322936918136,"{""type"":""MultiPoint"",""coordinates"":[]}"
20080429,2008-04-29,0.5957767297780124,"{""type"":""MultiPoint"",""coordinates"":[]}"
20080430,2008-04-30,0.0,"{""type"":""MultiPoint"",""coordinates"":[]}"
20080501,2008-05-01,0.6988641378580398,"{""type"":""MultiPoint"",""coordinates"":[]}"
20080502,2008-05-02,0.0,"{""type"":""MultiPoint"",""coordinates"":[]}"
20080503,2008-05-03,0.0,"{""type"":""MultiPoint"",""coordinates"":[]}"
20080504,2008-05-04,0.0,"{""type"":""MultiPoint"",""coordinates"":[]}"
20080505,2008-05-05,0.0,"{""type"":""MultiPoint"",""coordinates"":[]}"
20080506,2008-05-06,0.0,"{""type"":""MultiPoint"",""coordinates"":[]}"
20080507,2008-05-07,0.0,"{""type"":""MultiPoint"",""coordinates"":[]}"
20080508,2008-05-08,0.004476196699530485,"{""type"":""MultiPoint"",""coordinates"":[]}"
20080509,2008-05-09,0.0,"{""type"":""MultiPoint"",""coordinates"":[]}"
20080510,2008-05-10,0.0,"{""type"":""MultiPoint"",""coordinates"":[]}"
20080511,2008-05-11,0.0,"{""type"":""MultiPoint"",""coordinates"":[]}"
20080512,2008-05-12,0.0,"{""type"":""MultiPoint"",""coordinates"":[]}"
20080513,2008-05-13,0.0,"{""type"":""MultiPoint"",""coordinates"":[]}"
20080514,2008-05-14,0.0,"{""type"":""MultiPoint"",""coordinates"":[]}"
20080515,2008-05-15,0.0,"{""type"":""MultiPoint"",""coordinates"":[]}"
20080516,2008-05-16,0.0,"{""type"":""MultiPoint"",""coordinates"":[]}"
20080517,2008-05-17,0.0,"{""type"":""MultiPoint"",""coordinates"":[]}"
20080518,2008-05-18,0.0,"{""type"":""MultiPoint"",""coordinates"":[]}"
20080519,2008-05-19,0.0,"{""type"":""MultiPoint"",""coordinates"":[]}"
20080520,2008-05-20,0.008127688389859207,"{""type"":""MultiPoint"",""coordinates"":[]}"
20080521,2008-05-21,5.9821580905329155,"{""type"":""MultiPoint"",""coordinates"":[]}"
20080522,2008-05-22,4.5561660496432514,"{""type"":""MultiPoint"",""coordinates"":[]}"
20080523,2008-05-23,7.498535331665276,"{""type"":""MultiPoint"",""coordinates"":[]}"
20080524,2008-05-24,0.7167667194798184,"{""type"":""MultiPoint"",""coordinates"":[]}"
20080525,2008-05-25,9.242542392876883,"{""type"":""MultiPoint"",""coordinates"":[]}"
20080526,2008-05-26,4.036782978559151,"{""type"":""MultiPoint"",""coordinates"":[]}"
20080527,2008-05-27,0.05980323358906619,"{""type"":""MultiPoint"",""coordinates"":[]}"
20080528,2008-05-28,4.6951137072260964,"{""type"":""MultiPoint"",""coordinates"":[]}"
20080529,2008-05-29,0.0516080185911477,"{""type"":""MultiPoint"",""coordinates"":[]}"
20080530,2008-05-30,0.22001154625368038,"{""type"":""MultiPoint"",""coordinates"":[]}"
20080531,2008-05-31,11.562312563613174,"{""type"":""MultiPoint"",""coordinates"":[]}"
20080601,2008-06-01,0.9178340637969762,"{""type"":""MultiPoint"",""coordinates"":[]}"
20080602,2008-06-02,0.4606078058144042,"{""type"":""MultiPoint"",""coordinates"":[]}"
20080603,2008-06-03,10.981654232695679,"{""type"":""MultiPoint"",""coordinates"":[]}"
20080604,2008-06-04,1.00146580854487,"{""type"":""MultiPoint"",""coordinates"":[]}"
20080605,2008-06-05,0.0,"{""type"":""MultiPoint"",""coordinates"":[]}"
20080606,2008-06-06,0.1449217994446854,"{""type"":""MultiPoint"",""coordinates"":[]}"
20080607,2008-06-07,0.25239058892303484,"{""type"":""MultiPoint"",""coordinates"":[]}"
20080608,2008-06-08,1.6511011424329969,"{""type"":""MultiPoint"",""coordinates"":[]}"
20080609,2008-06-09,0.23114215695263501,"{""type"":""MultiPoint"",""coordinates"":[]}"
20080610,2008-06-10,3.286209141624838,"{""type"":""MultiPoint"",""coordinates"":[]}"
20080611,2008-06-11,0.27685362568633226,"{""type"":""MultiPoint"",""coordinates"":[]}"
20080612,2008-06-12,1.8456931354627926,"{""type"":""MultiPoint"",""coordinates"":[]}"
20080613,2008-06-13,2.0009520598120423,"{""type"":""MultiPoint"",""coordinates"":[]}"
20080614,2008-06-14,0.0,"{""type"":""MultiPoint"",""coordinates"":[]}"
20080615,2008-06-15,0.1114927439134987,"{""type"":""MultiPoint"",""coordinates"":[]}"
20080616,2008-06-16,0.0,"{""type"":""MultiPoint"",""coordinates"":[]}"
20080617,2008-06-17,0.0,"{""type"":""MultiPoint"",""coordinates"":[]}"
20080618,2008-06-18,0.0544915139346748,"{""type"":""MultiPoint"",""coordinates"":[]}"
20080619,2008-06-19,0.026498855359730556,"{""type"":""MultiPoint"",""coordinates"":[]}"
20080620,2008-06-20,0.0,"{""type"":""MultiPoint"",""coordinates"":[]}"
20080621,2008-06-21,0.04928755054120406,"{""type"":""MultiPoint"",""coordinates"":[]}"
20080622,2008-06-22,0.0,"{""type"":""MultiPoint"",""coordinates"":[]}"
20080623,2008-06-23,0.0,"{""type"":""MultiPoint"",""coordinates"":[]}"
20080624,2008-06-24,0.0,"{""type"":""MultiPoint"",""coordinates"":[]}"
20080625,2008-06-25,0.0795571877744627,"{""type"":""MultiPoint"",""coordinates"":[]}"
20080626,2008-06-26,0.024010562584375447,"{""type"":""MultiPoint"",""coordinates"":[]}"
20080627,2008-06-27,0.11306586704755033,"{""type"":""MultiPoint"",""coordinates"":[]}"
20080628,2008-06-28,2.878196888644632,"{""type"":""MultiPoint"",""coordinates"":[]}"
20080629,2008-06-29,0.08581226345533322,"{""type"":""MultiPoint"",""coordinates"":[]}"
20080630,2008-06-30,0.006514478987346253,"{""type"":""MultiPoint"",""coordinates"":[]}"
20080701,2008-07-01,0.741906972984631,"{""type"":""MultiPoint"",""coordinates"":[]}"
20080702,2008-07-02,0.0,"{""type"":""MultiPoint"",""coordinates"":[]}"
20080703,2008-07-03,0.0,"{""type"":""MultiPoint"",""coordinates"":[]}"
20080704,2008-07-04,0.0,"{""type"":""MultiPoint"",""coordinates"":[]}"
20080705,2008-07-05,1.0013643294077879,"{""type"":""MultiPoint"",""coordinates"":[]}"
20080706,2008-07-06,1.6758715141778513,"{""type"":""MultiPoint"",""coordinates"":[]}"
20080707,2008-07-07,0.12937996336783583,"{""type"":""MultiPoint"",""coordinates"":[]}"
20080708,2008-07-08,0.11592994929911335,"{""type"":""MultiPoint"",""coordinates"":[]}"
20080709,2008-07-09,1.1931785369440953,"{""type"":""MultiPoint"",""coordinates"":[]}"
20080710,2008-07-10,0.7257891837504882,"{""type"":""MultiPoint"",""coordinates"":[]}"
20080711,2008-07-11,0.12386968536923738,"{""type"":""MultiPoint"",""coordinates"":[]}"
20080712,2008-07-12,0.0,"{""type"":""MultiPoint"",""coordinates"":[]}"
20080713,2008-07-13,8.24949076009351E-5,"{""type"":""MultiPoint"",""coordinates"":[]}"
20080714,2008-07-14,0.40611431296374867,"{""type"":""MultiPoint"",""coordinates"":[]}"
20080715,2008-07-15,2.6092321441519264,"{""type"":""MultiPoint"",""coordinates"":[]}"
20080716,2008-07-16,4.5720826508756165,"{""type"":""MultiPoint"",""coordinates"":[]}"
20080717,2008-07-17,0.010604214742147532,"{""type"":""MultiPoint"",""coordinates"":[]}"
20080718,2008-07-18,0.7129799614478316,"{""type"":""MultiPoint"",""coordinates"":[]}"
20080719,2008-07-19,3.854726297873303,"{""type"":""MultiPoint"",""coordinates"":[]}"
20080720,2008-07-20,0.6873675023533117,"{""type"":""MultiPoint"",""coordinates"":[]}"
20080721,2008-07-21,2.27316919333666,"{""type"":""MultiPoint"",""coordinates"":[]}"
20080722,2008-07-22,4.012101723221929,"{""type"":""MultiPoint"",""coordinates"":[]}"
20080723,2008-07-23,1.4332046116549313,"{""type"":""MultiPoint"",""coordinates"":[]}"
20080724,2008-07-24,4.37179719967506,"{""type"":""MultiPoint"",""coordinates"":[]}"
20080725,2008-07-25,2.708668234324416,"{""type"":""MultiPoint"",""coordinates"":[]}"
20080726,2008-07-26,9.220954438461392,"{""type"":""MultiPoint"",""coordinates"":[]}"
20080727,2008-07-27,2.6722796899763743,"{""type"":""MultiPoint"",""coordinates"":[]}"
20080728,2008-07-28,0.29648957312435475,"{""type"":""MultiPoint"",""coordinates"":[]}"
20080729,2008-07-29,0.29611905048982395,"{""type"":""MultiPoint"",""coordinates"":[]}"
20080730,2008-07-30,0.0045100836903761215,"{""type"":""MultiPoint"",""coordinates"":[]}"
20080731,2008-07-31,8.829362604984841E-4,"{""type"":""MultiPoint"",""coordinates"":[]}"
20080801,2008-08-01,0.2776012250229875,"{""type"":""MultiPoint"",""coordinates"":[]}"
20080802,2008-08-02,2.948225734307032,"{""type"":""MultiPoint"",""coordinates"":[]}"
20080803,2008-08-03,9.588482878185006,"{""type"":""MultiPoint"",""coordinates"":[]}"
20080804,2008-08-04,2.305949750919136,"{""type"":""MultiPoint"",""coordinates"":[]}"
20080805,2008-08-05,1.2752530295157425,"{""type"":""MultiPoint"",""coordinates"":[]}"
20080806,2008-08-06,0.28329647143355596,"{""type"":""MultiPoint"",""coordinates"":[]}"
20080807,2008-08-07,0.45202430455180354,"{""type"":""MultiPoint"",""coordinates"":[]}"
20080808,2008-08-08,3.4687319595236867,"{""type"":""MultiPoint"",""coordinates"":[]}"
20080809,2008-08-09,7.619753055840453,"{""type"":""MultiPoint"",""coordinates"":[]}"
20080810,2008-08-10,2.8733511620205077,"{""type"":""MultiPoint"",""coordinates"":[]}"
20080811,2008-08-11,0.045261361214462816,"{""type"":""MultiPoint"",""coordinates"":[]}"
20080812,2008-08-12,2.415305480536343,"{""type"":""MultiPoint"",""coordinates"":[]}"
20080813,2008-08-13,0.3194569223949663,"{""type"":""MultiPoint"",""coordinates"":[]}"
20080814,2008-08-14,1.974531770894558,"{""type"":""MultiPoint"",""coordinates"":[]}"
20080815,2008-08-15,1.1243729190166285,"{""type"":""MultiPoint"",""coordinates"":[]}"
20080816,2008-08-16,1.3151099270000106,"{""type"":""MultiPoint"",""coordinates"":[]}"
20080817,2008-08-17,7.296482512499051,"{""type"":""MultiPoint"",""coordinates"":[]}"
20080818,2008-08-18,2.712853736249884,"{""type"":""MultiPoint"",""coordinates"":[]}"
20080819,2008-08-19,5.249801742496956,"{""type"":""MultiPoint"",""coordinates"":[]}"
20080820,2008-08-20,3.3975707864641707,"{""type"":""MultiPoint"",""coordinates"":[]}"
20080821,2008-08-21,2.0080058095810753,"{""type"":""MultiPoint"",""coordinates"":[]}"
20080822,2008-08-22,0.3405232506380946,"{""type"":""MultiPoint"",""coordinates"":[]}"
20080823,2008-08-23,0.0,"{""type"":""MultiPoint"",""coordinates"":[]}"
20080824,2008-08-24,0.02098815903620177,"{""type"":""MultiPoint"",""coordinates"":[]}"
20080825,2008-08-25,4.607435120083509,"{""type"":""MultiPoint"",""coordinates"":[]}"
20080826,2008-08-26,11.648718622348628,"{""type"":""MultiPoint"",""coordinates"":[]}"
20080827,2008-08-27,2.400808237885235,"{""type"":""MultiPoint"",""coordinates"":[]}"
20080828,2008-08-28,2.3460740109789686,"{""type"":""MultiPoint"",""coordinates"":[]}"
20080829,2008-08-29,0.0614797729415799,"{""type"":""MultiPoint"",""coordinates"":[]}"
20080830,2008-08-30,5.3855384037245155,"{""type"":""MultiPoint"",""coordinates"":[]}"
20080831,2008-08-31,7.261098467391905,"{""type"":""MultiPoint"",""coordinates"":[]}"
20080901,2008-09-01,5.744579099425444,"{""type"":""MultiPoint"",""coordinates"":[]}"
20080902,2008-09-02,8.975519857173264,"{""type"":""MultiPoint"",""coordinates"":[]}"
20080903,2008-09-03,7.784407063054262,"{""type"":""MultiPoint"",""coordinates"":[]}"
20080904,2008-09-04,18.09373432914137,"{""type"":""MultiPoint"",""coordinates"":[]}"
20080905,2008-09-05,10.964385834766643,"{""type"":""MultiPoint"",""coordinates"":[]}"
20080906,2008-09-06,12.012326787311952,"{""type"":""MultiPoint"",""coordinates"":[]}"
20080907,2008-09-07,22.173458308016617,"{""type"":""MultiPoint"",""coordinates"":[]}"
20080908,2008-09-08,5.671382966614667,"{""type"":""MultiPoint"",""coordinates"":[]}"
20080909,2008-09-09,5.2450229646620485,"{""type"":""MultiPoint"",""coordinates"":[]}"
20080910,2008-09-10,0.18342544116889956,"{""type"":""MultiPoint"",""coordinates"":[]}"
20080911,2008-09-11,4.1576091830602895,"{""type"":""MultiPoint"",""coordinates"":[]}"
20080912,2008-09-12,1.0127424329149317,"{""type"":""MultiPoint"",""coordinates"":[]}"
20080913,2008-09-13,0.0,"{""type"":""MultiPoint"",""coordinates"":[]}"
20080914,2008-09-14,0.0,"{""type"":""MultiPoint"",""coordinates"":[]}"
20080915,2008-09-15,0.0,"{""type"":""MultiPoint"",""coordinates"":[]}"
20080916,2008-09-16,0.06646760587307134,"{""type"":""MultiPoint"",""coordinates"":[]}"
20080917,2008-09-17,0.04303788708430427,"{""type"":""MultiPoint"",""coordinates"":[]}"
20080918,2008-09-18,1.8810640809949817,"{""type"":""MultiPoint"",""coordinates"":[]}"
20080919,2008-09-19,0.12919202167774935,"{""type"":""MultiPoint"",""coordinates"":[]}"
20080920,2008-09-20,1.072912845768779,"{""type"":""MultiPoint"",""coordinates"":[]}"
20080921,2008-09-21,0.0,"{""type"":""MultiPoint"",""coordinates"":[]}"
20080922,2008-09-22,0.0,"{""type"":""MultiPoint"",""coordinates"":[]}"
20080923,2008-09-23,0.019944414499934025,"{""type"":""MultiPoint"",""coordinates"":[]}"
20080924,2008-09-24,4.199719736060462,"{""type"":""MultiPoint"",""coordinates"":[]}"
20080925,2008-09-25,0.007889044244547146,"{""type"":""MultiPoint"",""coordinates"":[]}"
20080926,2008-09-26,0.0,"{""type"":""MultiPoint"",""coordinates"":[]}"
20080927,2008-09-27,0.0,"{""type"":""MultiPoint"",""coordinates"":[]}"
20080928,2008-09-28,0.0,"{""type"":""MultiPoint"",""coordinates"":[]}"
20080929,2008-09-29,0.0,"{""type"":""MultiPoint"",""coordinates"":[]}"
20080930,2008-09-30,0.0,"{""type"":""MultiPoint"",""coordinates"":[]}"
20081001,2008-10-01,0.0,"{""type"":""MultiPoint"",""coordinates"":[]}"
20081002,2008-10-02,0.0,"{""type"":""MultiPoint"",""coordinates"":[]}"
20081003,2008-10-03,6.589210652527919,"{""type"":""MultiPoint"",""coordinates"":[]}"
20081004,2008-10-04,4.374740450816857,"{""type"":""MultiPoint"",""coordinates"":[]}"
20081005,2008-10-05,4.796922179190694,"{""type"":""MultiPoint"",""coordinates"":[]}"
20081006,2008-10-06,7.858400446892553,"{""type"":""MultiPoint"",""coordinates"":[]}"
20081007,2008-10-07,10.215882354896541,"{""type"":""MultiPoint"",""coordinates"":[]}"
20081008,2008-10-08,9.012108252400745,"{""type"":""MultiPoint"",""coordinates"":[]}"
20081009,2008-10-09,4.396156353043599,"{""type"":""MultiPoint"",""coordinates"":[]}"
20081010,2008-10-10,0.1911165159263564,"{""type"":""MultiPoint"",""coordinates"":[]}"
20081011,2008-10-11,0.09221716737930763,"{""type"":""MultiPoint"",""coordinates"":[]}"
20081012,2008-10-12,0.27725087588572184,"{""type"":""MultiPoint"",""coordinates"":[]}"
20081013,2008-10-13,0.31265904966772234,"{""type"":""MultiPoint"",""coordinates"":[]}"
20081014,2008-10-14,0.007524934384824342,"{""type"":""MultiPoint"",""coordinates"":[]}"
20081015,2008-10-15,4.28267811486494,"{""type"":""MultiPoint"",""coordinates"":[]}"
20081016,2008-10-16,3.1360891311072936,"{""type"":""MultiPoint"",""coordinates"":[]}"
20081017,2008-10-17,1.5786221677789816,"{""type"":""MultiPoint"",""coordinates"":[]}"
20081018,2008-10-18,0.7194210054524977,"{""type"":""MultiPoint"",""coordinates"":[]}"
20081019,2008-10-19,0.6445108393323093,"{""type"":""MultiPoint"",""coordinates"":[]}"
20081020,2008-10-20,0.8562227555888391,"{""type"":""MultiPoint"",""coordinates"":[]}"
20081021,2008-10-21,5.769292103944989,"{""type"":""MultiPoint"",""coordinates"":[]}"
20081022,2008-10-22,6.600891153709194,"{""type"":""MultiPoint"",""coordinates"":[]}"
20081023,2008-10-23,0.28589299275515806,"{""type"":""MultiPoint"",""coordinates"":[]}"
20081024,2008-10-24,9.474566502600796,"{""type"":""MultiPoint"",""coordinates"":[]}"
20081025,2008-10-25,2.6056005834484153,"{""type"":""MultiPoint"",""coordinates"":[]}"
20081026,2008-10-26,0.20339668785426165,"{""type"":""MultiPoint"",""coordinates"":[]}"
20081027,2008-10-27,0.0,"{""type"":""MultiPoint"",""coordinates"":[]}"
20081028,2008-10-28,0.0,"{""type"":""MultiPoint"",""coordinates"":[]}"
20081029,2008-10-29,0.0,"{""type"":""MultiPoint"",""coordinates"":[]}"
20081030,2008-10-30,0.0,"{""type"":""MultiPoint"",""coordinates"":[]}"
20081031,2008-10-31,0.0,"{""type"":""MultiPoint"",""coordinates"":[]}"
20081101,2008-11-01,0.0,"{""type"":""MultiPoint"",""coordinates"":[]}"
20081102,2008-11-02,0.0,"{""type"":""MultiPoint"",""coordinates"":[]}"
20081103,2008-11-03,0.0,"{""type"":""MultiPoint"",""coordinates"":[]}"
20081104,2008-11-04,0.0,"{""type"":""MultiPoint"",""coordinates"":[]}"
20081105,2008-11-05,0.0,"{""type"":""MultiPoint"",""coordinates"":[]}"
20081106,2008-11-06,0.0,"{""type"":""MultiPoint"",""coordinates"":[]}"
20081107,2008-11-07,0.0,"{""type"":""MultiPoint"",""coordinates"":[]}"
20081108,2008-11-08,0.0,"{""type"":""MultiPoint"",""coordinates"":[]}"
20081109,2008-11-09,0.0,"{""type"":""MultiPoint"",""coordinates"":[]}"
20081110,2008-11-10,0.0,"{""type"":""MultiPoint"",""coordinates"":[]}"
20081111,2008-11-11,0.041173510284161295,"{""type"":""MultiPoint"",""coordinates"":[]}"
20081112,2008-11-12,0.07532076059128225,"{""type"":""MultiPoint"",""coordinates"":[]}"
20081113,2008-11-13,0.0,"{""type"":""MultiPoint"",""coordinates"":[]}"
20081114,2008-11-14,9.3059790812311,"{""type"":""MultiPoint"",""coordinates"":[]}"
20081115,2008-11-15,10.148587916765214,"{""type"":""MultiPoint"",""coordinates"":[]}"
20081116,2008-11-16,19.57043867211937,"{""type"":""MultiPoint"",""coordinates"":[]}"
20081117,2008-11-17,0.0,"{""type"":""MultiPoint"",""coordinates"":[]}"
20081118,2008-11-18,0.46984190375226254,"{""type"":""MultiPoint"",""coordinates"":[]}"
20081119,2008-11-19,0.13011749593001312,"{""type"":""MultiPoint"",""coordinates"":[]}"
20081120,2008-11-20,0.0,"{""type"":""MultiPoint"",""coordinates"":[]}"
20081121,2008-11-21,0.0,"{""type"":""MultiPoint"",""coordinates"":[]}"
20081122,2008-11-22,0.3437116877471479,"{""type"":""MultiPoint"",""coordinates"":[]}"
20081123,2008-11-23,0.051781767510383436,"{""type"":""MultiPoint"",""coordinates"":[]}"
20081124,2008-11-24,0.0,"{""type"":""MultiPoint"",""coordinates"":[]}"
20081125,2008-11-25,1.1639731362248968,"{""type"":""MultiPoint"",""coordinates"":[]}"
20081126,2008-11-26,3.4527930494369796,"{""type"":""MultiPoint"",""coordinates"":[]}"
20081127,2008-11-27,23.06442038085964,"{""type"":""MultiPoint"",""coordinates"":[]}"
20081128,2008-11-28,9.278041119574281,"{""type"":""MultiPoint"",""coordinates"":[]}"
20081129,2008-11-29,0.721894548758677,"{""type"":""MultiPoint"",""coordinates"":[]}"
20081130,2008-11-30,0.4078849046710599,"{""type"":""MultiPoint"",""coordinates"":[]}"
20081201,2008-12-01,0.9365320631603186,"{""type"":""MultiPoint"",""coordinates"":[]}"
20081202,2008-12-02,0.014828291054613684,"{""type"":""MultiPoint"",""coordinates"":[]}"
20081203,2008-12-03,0.0,"{""type"":""MultiPoint"",""coordinates"":[]}"
20081204,2008-12-04,0.0,"{""type"":""MultiPoint"",""coordinates"":[]}"
20081205,2008-12-05,0.0,"{""type"":""MultiPoint"",""coordinates"":[]}"
20081206,2008-12-06,0.040005902049677834,"{""type"":""MultiPoint"",""coordinates"":[]}"
20081207,2008-12-07,0.0,"{""type"":""MultiPoint"",""coordinates"":[]}"
20081208,2008-12-08,0.0,"{""type"":""MultiPoint"",""coordinates"":[]}"
20081209,2008-12-09,0.0,"{""type"":""MultiPoint"",""coordinates"":[]}"
20081210,2008-12-10,0.019803103430947083,"{""type"":""MultiPoint"",""coordinates"":[]}"
20081211,2008-12-11,0.0,"{""type"":""MultiPoint"",""coordinates"":[]}"
20081212,2008-12-12,0.0,"{""type"":""MultiPoint"",""coordinates"":[]}"
20081213,2008-12-13,0.0,"{""type"":""MultiPoint"",""coordinates"":[]}"
20081214,2008-12-14,0.0,"{""type"":""MultiPoint"",""coordinates"":[]}"
20081215,2008-12-15,0.0,"{""type"":""MultiPoint"",""coordinates"":[]}"
20081216,2008-12-16,0.0,"{""type"":""MultiPoint"",""coordinates"":[]}"
20081217,2008-12-17,0.0,"{""type"":""MultiPoint"",""coordinates"":[]}"
20081218,2008-12-18,0.0,"{""type"":""MultiPoint"",""coordinates"":[]}"
20081219,2008-12-19,0.0,"{""type"":""MultiPoint"",""coordinates"":[]}"
20081220,2008-12-20,0.00995852864779986,"{""type"":""MultiPoint"",""coordinates"":[]}"
20081221,2008-12-21,0.0,"{""type"":""MultiPoint"",""coordinates"":[]}"
20081222,2008-12-22,0.0,"{""type"":""MultiPoint"",""coordinates"":[]}"
20081223,2008-12-23,0.0,"{""type"":""MultiPoint"",""coordinates"":[]}"
20081224,2008-12-24,0.12798153516197822,"{""type"":""MultiPoint"",""coordinates"":[]}"
20081225,2008-12-25,0.0,"{""type"":""MultiPoint"",""coordinates"":[]}"
20081226,2008-12-26,0.0,"{""type"":""MultiPoint"",""coordinates"":[]}"
20081227,2008-12-27,0.0,"{""type"":""MultiPoint"",""coordinates"":[]}"
20081228,2008-12-28,0.0,"{""type"":""MultiPoint"",""coordinates"":[]}"
20081229,2008-12-29,0.0,"{""type"":""MultiPoint"",""coordinates"":[]}"
20081230,2008-12-30,0.0,"{""type"":""MultiPoint"",""coordinates"":[]}"
20081231,2008-12-31,0.0,"{""type"":""MultiPoint"",""coordinates"":[]}"
20090101,2009-01-01,0.0,"{""type"":""MultiPoint"",""coordinates"":[]}"
20090102,2009-01-02,0.010610143579121168,"{""type"":""MultiPoint"",""coordinates"":[]}"
20090103,2009-01-03,0.0,"{""type"":""MultiPoint"",""coordinates"":[]}"
20090104,2009-01-04,0.004352015250852409,"{""type"":""MultiPoint"",""coordinates"":[]}"
20090105,2009-01-05,0.003330598427404226,"{""type"":""MultiPoint"",""coordinates"":[]}"
20090106,2009-01-06,0.0,"{""type"":""MultiPoint"",""coordinates"":[]}"
20090107,2009-01-07,0.0,"{""type"":""MultiPoint"",""coordinates"":[]}"
20090108,2009-01-08,0.1451352538200274,"{""type"":""MultiPoint"",""coordinates"":[]}"
20090109,2009-01-09,1.2050199221133586E-4,"{""type"":""MultiPoint"",""coordinates"":[]}"
20090110,2009-01-10,0.0,"{""type"":""MultiPoint"",""coordinates"":[]}"
20090111,2009-01-11,0.0,"{""type"":""MultiPoint"",""coordinates"":[]}"
20090112,2009-01-12,0.0,"{""type"":""MultiPoint"",""coordinates"":[]}"
20090113,2009-01-13,0.0,"{""type"":""MultiPoint"",""coordinates"":[]}"
20090114,2009-01-14,0.0,"{""type"":""MultiPoint"",""coordinates"":[]}"
20090115,2009-01-15,0.0,"{""type"":""MultiPoint"",""coordinates"":[]}"
20090116,2009-01-16,0.0,"{""type"":""MultiPoint"",""coordinates"":[]}"
20090117,2009-01-17,0.0,"{""type"":""MultiPoint"",""coordinates"":[]}"
20090118,2009-01-18,0.0,"{""type"":""MultiPoint"",""coordinates"":[]}"
20090119,2009-01-19,0.0,"{""type"":""MultiPoint"",""coordinates"":[]}"
20090120,2009-01-20,0.0,"{""type"":""MultiPoint"",""coordinates"":[]}"
20090121,2009-01-21,0.0,"{""type"":""MultiPoint"",""coordinates"":[]}"
20090122,2009-01-22,0.0,"{""type"":""MultiPoint"",""coordinates"":[]}"
20090123,2009-01-23,0.0,"{""type"":""MultiPoint"",""coordinates"":[]}"
20090124,2009-01-24,0.0,"{""type"":""MultiPoint"",""coordinates"":[]}"
20090125,2009-01-25,0.0,"{""type"":""MultiPoint"",""coordinates"":[]}"
20090126,2009-01-26,0.0,"{""type"":""MultiPoint"",""coordinates"":[]}"
20090127,2009-01-27,0.0,"{""type"":""MultiPoint"",""coordinates"":[]}"
20090128,2009-01-28,0.0,"{""type"":""MultiPoint"",""coordinates"":[]}"
20090129,2009-01-29,0.0,"{""type"":""MultiPoint"",""coordinates"":[]}"
20090130,2009-01-30,0.0,"{""type"":""MultiPoint"",""coordinates"":[]}"
20090131,2009-01-31,0.0,"{""type"":""MultiPoint"",""coordinates"":[]}"
20090201,2009-02-01,0.0,"{""type"":""MultiPoint"",""coordinates"":[]}"
20090202,2009-02-02,0.0,"{""type"":""MultiPoint"",""coordinates"":[]}"
20090203,2009-02-03,0.0,"{""type"":""MultiPoint"",""coordinates"":[]}"
20090204,2009-02-04,0.0,"{""type"":""MultiPoint"",""coordinates"":[]}"
20090205,2009-02-05,0.0,"{""type"":""MultiPoint"",""coordinates"":[]}"
20090206,2009-02-06,0.0,"{""type"":""MultiPoint"",""coordinates"":[]}"
20090207,2009-02-07,0.0,"{""type"":""MultiPoint"",""coordinates"":[]}"
20090208,2009-02-08,0.0,"{""type"":""MultiPoint"",""coordinates"":[]}"
20090209,2009-02-09,0.0,"{""type"":""MultiPoint"",""coordinates"":[]}"
20090210,2009-02-10,0.0,"{""type"":""MultiPoint"",""coordinates"":[]}"
20090211,2009-02-11,0.0,"{""type"":""MultiPoint"",""coordinates"":[]}"
20090212,2009-02-12,0.0,"{""type"":""MultiPoint"",""coordinates"":[]}"
20090213,2009-02-13,0.0,"{""type"":""MultiPoint"",""coordinates"":[]}"
20090214,2009-02-14,0.0,"{""type"":""MultiPoint"",""coordinates"":[]}"
20090215,2009-02-15,0.0,"{""type"":""MultiPoint"",""coordinates"":[]}"
20090216,2009-02-16,0.0,"{""type"":""MultiPoint"",""coordinates"":[]}"
20090217,2009-02-17,0.0,"{""type"":""MultiPoint"",""coordinates"":[]}"
20090218,2009-02-18,0.0,"{""type"":""MultiPoint"",""coordinates"":[]}"
20090219,2009-02-19,0.0,"{""type"":""MultiPoint"",""coordinates"":[]}"
20090220,2009-02-20,0.0,"{""type"":""MultiPoint"",""coordinates"":[]}"
20090221,2009-02-21,0.0,"{""type"":""MultiPoint"",""coordinates"":[]}"
20090222,2009-02-22,0.0,"{""type"":""MultiPoint"",""coordinates"":[]}"
20090223,2009-02-23,0.0,"{""type"":""MultiPoint"",""coordinates"":[]}"
20090224,2009-02-24,0.0,"{""type"":""MultiPoint"",""coordinates"":[]}"
20090225,2009-02-25,0.0,"{""type"":""MultiPoint"",""coordinates"":[]}"
20090226,2009-02-26,0.0,"{""type"":""MultiPoint"",""coordinates"":[]}"
20090227,2009-02-27,0.0,"{""type"":""MultiPoint"",""coordinates"":[]}"
20090228,2009-02-28,0.0,"{""type"":""MultiPoint"",""coordinates"":[]}"
20090301,2009-03-01,0.0,"{""type"":""MultiPoint"",""coordinates"":[]}"
20090302,2009-03-02,0.0,"{""type"":""MultiPoint"",""coordinates"":[]}"
20090303,2009-03-03,0.0,"{""type"":""MultiPoint"",""coordinates"":[]}"
20090304,2009-03-04,0.0,"{""type"":""MultiPoint"",""coordinates"":[]}"
20090305,2009-03-05,0.0,"{""type"":""MultiPoint"",""coordinates"":[]}"
20090306,2009-03-06,0.0,"{""type"":""MultiPoint"",""coordinates"":[]}"
20090307,2009-03-07,0.0,"{""type"":""MultiPoint"",""coordinates"":[]}"
20090308,2009-03-08,0.0,"{""type"":""MultiPoint"",""coordinates"":[]}"
20090309,2009-03-09,0.0,"{""type"":""MultiPoint"",""coordinates"":[]}"
20090310,2009-03-10,0.0018628284230940673,"{""type"":""MultiPoint"",""coordinates"":[]}"
20090311,2009-03-11,0.8578573400005259,"{""type"":""MultiPoint"",""coordinates"":[]}"
20090312,2009-03-12,0.8739970968656467,"{""type"":""MultiPoint"",""coordinates"":[]}"
20090313,2009-03-13,0.6764233306090984,"{""type"":""MultiPoint"",""coordinates"":[]}"
20090314,2009-03-14,0.4157759208977924,"{""type"":""MultiPoint"",""coordinates"":[]}"
20090315,2009-03-15,0.00759405996428017,"{""type"":""MultiPoint"",""coordinates"":[]}"
20090316,2009-03-16,0.0,"{""type"":""MultiPoint"",""coordinates"":[]}"
20090317,2009-03-17,0.0,"{""type"":""MultiPoint"",""coordinates"":[]}"
20090318,2009-03-18,0.0,"{""type"":""MultiPoint"",""coordinates"":[]}"
20090319,2009-03-19,0.0,"{""type"":""MultiPoint"",""coordinates"":[]}"
20090320,2009-03-20,0.0,"{""type"":""MultiPoint"",""coordinates"":[]}"
20090321,2009-03-21,0.0,"{""type"":""MultiPoint"",""coordinates"":[]}"
20090322,2009-03-22,0.015793893799580287,"{""type"":""MultiPoint"",""coordinates"":[]}"
20090323,2009-03-23,0.0,"{""type"":""MultiPoint"",""coordinates"":[]}"
20090324,2009-03-24,0.0,"{""type"":""MultiPoint"",""coordinates"":[]}"
20090325,2009-03-25,0.0,"{""type"":""MultiPoint"",""coordinates"":[]}"
20090326,2009-03-26,0.0035604823902858117,"{""type"":""MultiPoint"",""coordinates"":[]}"
20090327,2009-03-27,0.008523272982336658,"{""type"":""MultiPoint"",""coordinates"":[]}"
20090328,2009-03-28,0.0,"{""type"":""MultiPoint"",""coordinates"":[]}"
20090329,2009-03-29,0.4928263395586848,"{""type"":""MultiPoint"",""coordinates"":[]}"
20090330,2009-03-30,3.331139271623454E-4,"{""type"":""MultiPoint"",""coordinates"":[]}"
20090331,2009-03-31,3.331139271623454E-4,"{""type"":""MultiPoint"",""coordinates"":[]}"
20090401,2009-04-01,0.0,"{""type"":""MultiPoint"",""coordinates"":[]}"
20090402,2009-04-02,0.0,"{""type"":""MultiPoint"",""coordinates"":[]}"
20090403,2009-04-03,0.0,"{""type"":""MultiPoint"",""coordinates"":[]}"
20090404,2009-04-04,0.0,"{""type"":""MultiPoint"",""coordinates"":[]}"
20090405,2009-04-05,0.0,"{""type"":""MultiPoint"",""coordinates"":[]}"
20090406,2009-04-06,0.0,"{""type"":""MultiPoint"",""coordinates"":[]}"
20090407,2009-04-07,0.26762545255957004,"{""type"":""MultiPoint"",""coordinates"":[]}"
20090408,2009-04-08,0.26948944504046723,"{""type"":""MultiPoint"",""coordinates"":[]}"
20090409,2009-04-09,0.27935594486893345,"{""type"":""MultiPoint"",""coordinates"":[]}"
20090410,2009-04-10,0.4439117727996717,"{""type"":""MultiPoint"",""coordinates"":[]}"
20090411,2009-04-11,0.18588455831664213,"{""type"":""MultiPoint"",""coordinates"":[]}"
20090412,2009-04-12,0.7663011727856069,"{""type"":""MultiPoint"",""coordinates"":[]}"
20090413,2009-04-13,0.0,"{""type"":""MultiPoint"",""coordinates"":[]}"
20090414,2009-04-14,0.06706157836086676,"{""type"":""MultiPoint"",""coordinates"":[]}"
20090415,2009-04-15,0.14079283713641158,"{""type"":""MultiPoint"",""coordinates"":[]}"
20090416,2009-04-16,0.0,"{""type"":""MultiPoint"",""coordinates"":[]}"
20090417,2009-04-17,0.9303878618967394,"{""type"":""MultiPoint"",""coordinates"":[]}"
20090418,2009-04-18,0.2546965212834557,"{""type"":""MultiPoint"",""coordinates"":[]}"
20090419,2009-04-19,2.4908487730724516,"{""type"":""MultiPoint"",""coordinates"":[]}"
20090420,2009-04-20,0.23975900528305055,"{""type"":""MultiPoint"",""coordinates"":[]}"
20090421,2009-04-21,0.0016265933283052677,"{""type"":""MultiPoint"",""coordinates"":[]}"
20090422,2009-04-22,1.078423027639903,"{""type"":""MultiPoint"",""coordinates"":[]}"
20090423,2009-04-23,0.0,"{""type"":""MultiPoint"",""coordinates"":[]}"
20090424,2009-04-24,1.1265671269214192,"{""type"":""MultiPoint"",""coordinates"":[]}"
20090425,2009-04-25,1.215216718323758,"{""type"":""MultiPoint"",""coordinates"":[]}"
20090426,2009-04-26,0.0,"{""type"":""MultiPoint"",""coordinates"":[]}"
20090427,2009-04-27,0.0,"{""type"":""MultiPoint"",""coordinates"":[]}"
20090428,2009-04-28,0.19454304382818477,"{""type"":""MultiPoint"",""coordinates"":[]}"
20090429,2009-04-29,0.19454323223515127,"{""type"":""MultiPoint"",""coordinates"":[]}"
20090430,2009-04-30,0.5012988599068775,"{""type"":""MultiPoint"",""coordinates"":[]}"
20090501,2009-05-01,6.274242563352293,"{""type"":""MultiPoint"",""coordinates"":[]}"
20090502,2009-05-02,1.4836716161599466,"{""type"":""MultiPoint"",""coordinates"":[]}"
20090503,2009-05-03,0.00888013920853866,"{""type"":""MultiPoint"",""coordinates"":[]}"
20090504,2009-05-04,0.8334515846102005,"{""type"":""MultiPoint"",""coordinates"":[]}"
20090505,2009-05-05,2.943443801939503,"{""type"":""MultiPoint"",""coordinates"":[]}"
20090506,2009-05-06,0.0,"{""type"":""MultiPoint"",""coordinates"":[]}"
20090507,2009-05-07,0.01216570440138907,"{""type"":""MultiPoint"",""coordinates"":[]}"
20090508,2009-05-08,2.4671168316268037,"{""type"":""MultiPoint"",""coordinates"":[]}"
20090509,2009-05-09,0.8691107740468856,"{""type"":""MultiPoint"",""coordinates"":[]}"
20090510,2009-05-10,0.0,"{""type"":""MultiPoint"",""coordinates"":[]}"
20090511,2009-05-11,0.0,"{""type"":""MultiPoint"",""coordinates"":[]}"
20090512,2009-05-12,0.0,"{""type"":""MultiPoint"",""coordinates"":[]}"
20090513,2009-05-13,0.0,"{""type"":""MultiPoint"",""coordinates"":[]}"
20090514,2009-05-14,0.0,"{""type"":""MultiPoint"",""coordinates"":[]}"
20090515,2009-05-15,4.714004339684222,"{""type"":""MultiPoint"",""coordinates"":[]}"
20090516,2009-05-16,0.0,"{""type"":""MultiPoint"",""coordinates"":[]}"
20090517,2009-05-17,0.9519789361603915,"{""type"":""MultiPoint"",""coordinates"":[]}"
20090518,2009-05-18,1.8564142602689602,"{""type"":""MultiPoint"",""coordinates"":[]}"
20090519,2009-05-19,13.63319452266407,"{""type"":""MultiPoint"",""coordinates"":[]}"
20090520,2009-05-20,10.172038514613115,"{""type"":""MultiPoint"",""coordinates"":[]}"
20090521,2009-05-21,27.301403922242518,"{""type"":""MultiPoint"",""coordinates"":[]}"
20090522,2009-05-22,5.172780282640888,"{""type"":""MultiPoint"",""coordinates"":[]}"
20090523,2009-05-23,6.386962767866032,"{""type"":""MultiPoint"",""coordinates"":[]}"
20090524,2009-05-24,3.5582268444187877,"{""type"":""MultiPoint"",""coordinates"":[]}"
20090525,2009-05-25,0.0,"{""type"":""MultiPoint"",""coordinates"":[]}"
20090526,2009-05-26,0.0,"{""type"":""MultiPoint"",""coordinates"":[]}"
20090527,2009-05-27,0.0,"{""type"":""MultiPoint"",""coordinates"":[]}"
20090528,2009-05-28,3.4897468954349278,"{""type"":""MultiPoint"",""coordinates"":[]}"
20090529,2009-05-29,2.683331002443816,"{""type"":""MultiPoint"",""coordinates"":[]}"
20090530,2009-05-30,0.12049195173095223,"{""type"":""MultiPoint"",""coordinates"":[]}"
20090531,2009-05-31,4.227852012638978,"{""type"":""MultiPoint"",""coordinates"":[]}"
20090601,2009-06-01,0.28088127576545846,"{""type"":""MultiPoint"",""coordinates"":[]}"
20090602,2009-06-02,0.0,"{""type"":""MultiPoint"",""coordinates"":[]}"
20090603,2009-06-03,0.0,"{""type"":""MultiPoint"",""coordinates"":[]}"
20090604,2009-06-04,0.0,"{""type"":""MultiPoint"",""coordinates"":[]}"
20090605,2009-06-05,0.1271975894477909,"{""type"":""MultiPoint"",""coordinates"":[]}"
20090606,2009-06-06,0.3222394743845005,"{""type"":""MultiPoint"",""coordinates"":[]}"
20090607,2009-06-07,0.0,"{""type"":""MultiPoint"",""coordinates"":[]}"
20090608,2009-06-08,0.0,"{""type"":""MultiPoint"",""coordinates"":[]}"
20090609,2009-06-09,0.0,"{""type"":""MultiPoint"",""coordinates"":[]}"
20090610,2009-06-10,0.972009567190886,"{""type"":""MultiPoint"",""coordinates"":[]}"
20090611,2009-06-11,5.48157289220838,"{""type"":""MultiPoint"",""coordinates"":[]}"
20090612,2009-06-12,7.400183085292411,"{""type"":""MultiPoint"",""coordinates"":[]}"
20090613,2009-06-13,3.0325847766767575,"{""type"":""MultiPoint"",""coordinates"":[]}"
20090614,2009-06-14,1.698801301926666,"{""type"":""MultiPoint"",""coordinates"":[]}"
20090615,2009-06-15,1.351777017053866,"{""type"":""MultiPoint"",""coordinates"":[]}"
20090616,2009-06-16,0.5528051176668618,"{""type"":""MultiPoint"",""coordinates"":[]}"
20090617,2009-06-17,2.5344094834921793,"{""type"":""MultiPoint"",""coordinates"":[]}"
20090618,2009-06-18,1.900383285120861,"{""type"":""MultiPoint"",""coordinates"":[]}"
20090619,2009-06-19,0.7439703945676833,"{""type"":""MultiPoint"",""coordinates"":[]}"
20090620,2009-06-20,5.961872343713096,"{""type"":""MultiPoint"",""coordinates"":[]}"
20090621,2009-06-21,0.3116869230878772,"{""type"":""MultiPoint"",""coordinates"":[]}"
20090622,2009-06-22,0.0033511551981528437,"{""type"":""MultiPoint"",""coordinates"":[]}"
20090623,2009-06-23,0.0,"{""type"":""MultiPoint"",""coordinates"":[]}"
20090624,2009-06-24,0.0,"{""type"":""MultiPoint"",""coordinates"":[]}"
20090625,2009-06-25,0.38992774465988755,"{""type"":""MultiPoint"",""coordinates"":[]}"
20090626,2009-06-26,0.008053395991979866,"{""type"":""MultiPoint"",""coordinates"":[]}"
20090627,2009-06-27,0.26954435234983626,"{""type"":""MultiPoint"",""coordinates"":[]}"
20090628,2009-06-28,0.006156312959710057,"{""type"":""MultiPoint"",""coordinates"":[]}"
20090629,2009-06-29,0.0729010380561025,"{""type"":""MultiPoint"",""coordinates"":[]}"
20090630,2009-06-30,1.1610402917336489,"{""type"":""MultiPoint"",""coordinates"":[]}"
20090701,2009-07-01,0.13744964847390348,"{""type"":""MultiPoint"",""coordinates"":[]}"
20090702,2009-07-02,0.6412570021794965,"{""type"":""MultiPoint"",""coordinates"":[]}"
20090703,2009-07-03,2.5121329138317927,"{""type"":""MultiPoint"",""coordinates"":[]}"
20090704,2009-07-04,0.27643140613958583,"{""type"":""MultiPoint"",""coordinates"":[]}"
20090705,2009-07-05,0.0,"{""type"":""MultiPoint"",""coordinates"":[]}"
20090706,2009-07-06,0.028879138388458816,"{""type"":""MultiPoint"",""coordinates"":[]}"
20090707,2009-07-07,0.8009430259580815,"{""type"":""MultiPoint"",""coordinates"":[]}"
20090708,2009-07-08,1.3431218077951428,"{""type"":""MultiPoint"",""coordinates"":[]}"
20090709,2009-07-09,1.9259268055844567,"{""type"":""MultiPoint"",""coordinates"":[]}"
20090710,2009-07-10,0.03998686519958442,"{""type"":""MultiPoint"",""coordinates"":[]}"
20090711,2009-07-11,0.0,"{""type"":""MultiPoint"",""coordinates"":[]}"
20090712,2009-07-12,0.3101599830121712,"{""type"":""MultiPoint"",""coordinates"":[]}"
20090713,2009-07-13,0.5776948248758235,"{""type"":""MultiPoint"",""coordinates"":[]}"
20090714,2009-07-14,1.0386884431087875,"{""type"":""MultiPoint"",""coordinates"":[]}"
20090715,2009-07-15,0.6501259181283796,"{""type"":""MultiPoint"",""coordinates"":[]}"
20090716,2009-07-16,0.011800639156315363,"{""type"":""MultiPoint"",""coordinates"":[]}"
20090717,2009-07-17,0.0,"{""type"":""MultiPoint"",""coordinates"":[]}"
20090718,2009-07-18,0.024440848548814068,"{""type"":""MultiPoint"",""coordinates"":[]}"
20090719,2009-07-19,0.31953588088627544,"{""type"":""MultiPoint"",""coordinates"":[]}"
20090720,2009-07-20,1.3842459625047234,"{""type"":""MultiPoint"",""coordinates"":[]}"
20090721,2009-07-21,0.08433948332947717,"{""type"":""MultiPoint"",""coordinates"":[]}"
20090722,2009-07-22,0.32131923164970944,"{""type"":""MultiPoint"",""coordinates"":[]}"
20090723,2009-07-23,0.0,"{""type"":""MultiPoint"",""coordinates"":[]}"
20090724,2009-07-24,0.3423224475900226,"{""type"":""MultiPoint"",""coordinates"":[]}"
20090725,2009-07-25,4.286037524741366E-6,"{""type"":""MultiPoint"",""coordinates"":[]}"
20090726,2009-07-26,0.0,"{""type"":""MultiPoint"",""coordinates"":[]}"
20090727,2009-07-27,0.16987692222944822,"{""type"":""MultiPoint"",""coordinates"":[]}"
20090728,2009-07-28,0.0,"{""type"":""MultiPoint"",""coordinates"":[]}"
20090729,2009-07-29,0.03523537354183217,"{""type"":""MultiPoint"",""coordinates"":[]}"
20090730,2009-07-30,0.20071360078207331,"{""type"":""MultiPoint"",""coordinates"":[]}"
20090731,2009-07-31,0.5175754133649089,"{""type"":""MultiPoint"",""coordinates"":[]}"
20090801,2009-08-01,0.09366607745274629,"{""type"":""MultiPoint"",""coordinates"":[]}"
20090802,2009-08-02,0.0,"{""type"":""MultiPoint"",""coordinates"":[]}"
20090803,2009-08-03,0.0,"{""type"":""MultiPoint"",""coordinates"":[]}"
20090804,2009-08-04,0.0,"{""type"":""MultiPoint"",""coordinates"":[]}"
20090805,2009-08-05,0.0,"{""type"":""MultiPoint"",""coordinates"":[]}"
20090806,2009-08-06,0.0,"{""type"":""MultiPoint"",""coordinates"":[]}"
20090807,2009-08-07,0.0,"{""type"":""MultiPoint"",""coordinates"":[]}"
20090808,2009-08-08,0.0,"{""type"":""MultiPoint"",""coordinates"":[]}"
20090809,2009-08-09,0.0,"{""type"":""MultiPoint"",""coordinates"":[]}"
20090810,2009-08-10,0.11781536251784193,"{""type"":""MultiPoint"",""coordinates"":[]}"
20090811,2009-08-11,0.06346611518326192,"{""type"":""MultiPoint"",""coordinates"":[]}"
20090812,2009-08-12,0.0,"{""type"":""MultiPoint"",""coordinates"":[]}"
20090813,2009-08-13,0.0,"{""type"":""MultiPoint"",""coordinates"":[]}"
20090814,2009-08-14,3.996367001172199,"{""type"":""MultiPoint"",""coordinates"":[]}"
20090815,2009-08-15,6.414641406614785,"{""type"":""MultiPoint"",""coordinates"":[]}"
20090816,2009-08-16,3.516664074923815,"{""type"":""MultiPoint"",""coordinates"":[]}"
20090817,2009-08-17,8.815798632796358,"{""type"":""MultiPoint"",""coordinates"":[]}"
20090818,2009-08-18,0.0,"{""type"":""MultiPoint"",""coordinates"":[]}"
20090819,2009-08-19,0.09799527077216308,"{""type"":""MultiPoint"",""coordinates"":[]}"
20090820,2009-08-20,7.117371366065095,"{""type"":""MultiPoint"",""coordinates"":[]}"
20090821,2009-08-21,7.282129763132093,"{""type"":""MultiPoint"",""coordinates"":[]}"
20090822,2009-08-22,14.045142878824239,"{""type"":""MultiPoint"",""coordinates"":[]}"
20090823,2009-08-23,4.570690278374948,"{""type"":""MultiPoint"",""coordinates"":[]}"
20090824,2009-08-24,11.246106522702185,"{""type"":""MultiPoint"",""coordinates"":[]}"
20090825,2009-08-25,5.5144096951709844,"{""type"":""MultiPoint"",""coordinates"":[]}"
20090826,2009-08-26,0.36269872162975764,"{""type"":""MultiPoint"",""coordinates"":[]}"
20090827,2009-08-27,0.32878649424665524,"{""type"":""MultiPoint"",""coordinates"":[]}"
20090828,2009-08-28,1.432011259394264,"{""type"":""MultiPoint"",""coordinates"":[]}"
20090829,2009-08-29,0.0,"{""type"":""MultiPoint"",""coordinates"":[]}"
20090830,2009-08-30,6.351826422875315,"{""type"":""MultiPoint"",""coordinates"":[]}"
20090831,2009-08-31,13.711494219033387,"{""type"":""MultiPoint"",""coordinates"":[]}"
20090901,2009-09-01,19.615901837608924,"{""type"":""MultiPoint"",""coordinates"":[]}"
20090902,2009-09-02,13.359656443331204,"{""type"":""MultiPoint"",""coordinates"":[]}"
20090903,2009-09-03,0.013083110825117093,"{""type"":""MultiPoint"",""coordinates"":[]}"
20090904,2009-09-04,0.1561938685035458,"{""type"":""MultiPoint"",""coordinates"":[]}"
20090905,2009-09-05,4.000530735341953,"{""type"":""MultiPoint"",""coordinates"":[]}"
20090906,2009-09-06,0.15589503131076307,"{""type"":""MultiPoint"",""coordinates"":[]}"
20090907,2009-09-07,0.2794950709676476,"{""type"":""MultiPoint"",""coordinates"":[]}"
20090908,2009-09-08,0.0,"{""type"":""MultiPoint"",""coordinates"":[]}"
20090909,2009-09-09,0.0,"{""type"":""MultiPoint"",""coordinates"":[]}"
20090910,2009-09-10,0.0,"{""type"":""MultiPoint"",""coordinates"":[]}"
20090911,2009-09-11,0.00794801780852149,"{""type"":""MultiPoint"",""coordinates"":[]}"
20090912,2009-09-12,0.25062770474910506,"{""type"":""MultiPoint"",""coordinates"":[]}"
20090913,2009-09-13,8.598991329479075,"{""type"":""MultiPoint"",""coordinates"":[]}"
20090914,2009-09-14,12.866072190196103,"{""type"":""MultiPoint"",""coordinates"":[]}"
20090915,2009-09-15,0.9373407005598752,"{""type"":""MultiPoint"",""coordinates"":[]}"
20090916,2009-09-16,7.191039288074645,"{""type"":""MultiPoint"",""coordinates"":[]}"
20090917,2009-09-17,1.3207810276499954,"{""type"":""MultiPoint"",""coordinates"":[]}"
20090918,2009-09-18,7.771453262179723,"{""type"":""MultiPoint"",""coordinates"":[]}"
20090919,2009-09-19,7.289471592336173,"{""type"":""MultiPoint"",""coordinates"":[]}"
20090920,2009-09-20,19.839779741116132,"{""type"":""MultiPoint"",""coordinates"":[]}"
20090921,2009-09-21,1.832089634098247,"{""type"":""MultiPoint"",""coordinates"":[]}"
20090922,2009-09-22,7.1354629149827895,"{""type"":""MultiPoint"",""coordinates"":[]}"
20090923,2009-09-23,11.21877965795158,"{""type"":""MultiPoint"",""coordinates"":[]}"
20090924,2009-09-24,4.757687930102003,"{""type"":""MultiPoint"",""coordinates"":[]}"
20090925,2009-09-25,2.1332652893088317,"{""type"":""MultiPoint"",""coordinates"":[]}"
20090926,2009-09-26,5.307810509433391,"{""type"":""MultiPoint"",""coordinates"":[]}"
20090927,2009-09-27,1.76259639303567,"{""type"":""MultiPoint"",""coordinates"":[]}"
20090928,2009-09-28,5.970948211971664,"{""type"":""MultiPoint"",""coordinates"":[]}"
20090929,2009-09-29,12.747543402842702,"{""type"":""MultiPoint"",""coordinates"":[]}"
20090930,2009-09-30,20.127000058115478,"{""type"":""MultiPoint"",""coordinates"":[]}"
20091001,2009-10-01,24.500223554593543,"{""type"":""MultiPoint"",""coordinates"":[]}"
20091002,2009-10-02,23.24806650478618,"{""type"":""MultiPoint"",""coordinates"":[]}"
20091003,2009-10-03,3.4316493943239976,"{""type"":""MultiPoint"",""coordinates"":[]}"
20091004,2009-10-04,0.0,"{""type"":""MultiPoint"",""coordinates"":[]}"
20091005,2009-10-05,0.10305186088058199,"{""type"":""MultiPoint"",""coordinates"":[]}"
20091006,2009-10-06,0.0,"{""type"":""MultiPoint"",""coordinates"":[]}"
20091007,2009-10-07,0.0,"{""type"":""MultiPoint"",""coordinates"":[]}"
20091008,2009-10-08,0.0,"{""type"":""MultiPoint"",""coordinates"":[]}"
20091009,2009-10-09,9.289881920454863E-4,"{""type"":""MultiPoint"",""coordinates"":[]}"
20091010,2009-10-10,0.9879746023790311,"{""type"":""MultiPoint"",""coordinates"":[]}"
20091011,2009-10-11,0.7816147371485013,"{""type"":""MultiPoint"",""coordinates"":[]}"
20091012,2009-10-12,0.4653521601080255,"{""type"":""MultiPoint"",""coordinates"":[]}"
20091013,2009-10-13,0.0,"{""type"":""MultiPoint"",""coordinates"":[]}"
20091014,2009-10-14,0.0,"{""type"":""MultiPoint"",""coordinates"":[]}"
20091015,2009-10-15,0.0,"{""type"":""MultiPoint"",""coordinates"":[]}"
20091016,2009-10-16,0.0,"{""type"":""MultiPoint"",""coordinates"":[]}"
20091017,2009-10-17,0.0,"{""type"":""MultiPoint"",""coordinates"":[]}"
20091018,2009-10-18,0.0,"{""type"":""MultiPoint"",""coordinates"":[]}"
20091019,2009-10-19,0.0,"{""type"":""MultiPoint"",""coordinates"":[]}"
20091020,2009-10-20,0.0,"{""type"":""MultiPoint"",""coordinates"":[]}"
20091021,2009-10-21,0.0,"{""type"":""MultiPoint"",""coordinates"":[]}"
20091022,2009-10-22,0.0,"{""type"":""MultiPoint"",""coordinates"":[]}"
20091023,2009-10-23,0.0,"{""type"":""MultiPoint"",""coordinates"":[]}"
20091024,2009-10-24,0.0,"{""type"":""MultiPoint"",""coordinates"":[]}"
20091025,2009-10-25,0.0,"{""type"":""MultiPoint"",""coordinates"":[]}"
20091026,2009-10-26,0.0,"{""type"":""MultiPoint"",""coordinates"":[]}"
20091027,2009-10-27,0.0,"{""type"":""MultiPoint"",""coordinates"":[]}"
20091028,2009-10-28,2.5391838114139675,"{""type"":""MultiPoint"",""coordinates"":[]}"
20091029,2009-10-29,2.5781190259151483,"{""type"":""MultiPoint"",""coordinates"":[]}"
20091030,2009-10-30,0.241088658751537,"{""type"":""MultiPoint"",""coordinates"":[]}"
20091031,2009-10-31,0.0,"{""type"":""MultiPoint"",""coordinates"":[]}"
20091101,2009-11-01,0.0,"{""type"":""MultiPoint"",""coordinates"":[]}"
20091102,2009-11-02,0.0,"{""type"":""MultiPoint"",""coordinates"":[]}"
20091103,2009-11-03,0.0,"{""type"":""MultiPoint"",""coordinates"":[]}"
20091104,2009-11-04,0.010195558293038271,"{""type"":""MultiPoint"",""coordinates"":[]}"
20091105,2009-11-05,0.09011506655275127,"{""type"":""MultiPoint"",""coordinates"":[]}"
20091106,2009-11-06,0.09688214949753059,"{""type"":""MultiPoint"",""coordinates"":[]}"
20091107,2009-11-07,3.3098789781664517,"{""type"":""MultiPoint"",""coordinates"":[]}"
20091108,2009-11-08,15.609822545526043,"{""type"":""MultiPoint"",""coordinates"":[]}"
20091109,2009-11-09,7.5114256119007825,"{""type"":""MultiPoint"",""coordinates"":[]}"
20091110,2009-11-10,1.0799321823318482,"{""type"":""MultiPoint"",""coordinates"":[]}"
20091111,2009-11-11,0.9946125636016572,"{""type"":""MultiPoint"",""coordinates"":[]}"
20091112,2009-11-12,0.0,"{""type"":""MultiPoint"",""coordinates"":[]}"
20091113,2009-11-13,0.003616251443623372,"{""type"":""MultiPoint"",""coordinates"":[]}"
20091114,2009-11-14,4.41369969733317,"{""type"":""MultiPoint"",""coordinates"":[]}"
20091115,2009-11-15,2.6411787205622166,"{""type"":""MultiPoint"",""coordinates"":[]}"
20091116,2009-11-16,17.035535725256242,"{""type"":""MultiPoint"",""coordinates"":[]}"
20091117,2009-11-17,2.4889147427977343,"{""type"":""MultiPoint"",""coordinates"":[]}"
20091118,2009-11-18,10.45181640186409,"{""type"":""MultiPoint"",""coordinates"":[]}"
20091119,2009-11-19,1.3041254788084575,"{""type"":""MultiPoint"",""coordinates"":[]}"
20091120,2009-11-20,0.6383877867290727,"{""type"":""MultiPoint"",""coordinates"":[]}"
20091121,2009-11-21,1.5332949828961768,"{""type"":""MultiPoint"",""coordinates"":[]}"
20091122,2009-11-22,0.0,"{""type"":""MultiPoint"",""coordinates"":[]}"
20091123,2009-11-23,0.0,"{""type"":""MultiPoint"",""coordinates"":[]}"
20091124,2009-11-24,0.07531467028018402,"{""type"":""MultiPoint"",""coordinates"":[]}"
20091125,2009-11-25,0.004132403888506082,"{""type"":""MultiPoint"",""coordinates"":[]}"
20091126,2009-11-26,0.0,"{""type"":""MultiPoint"",""coordinates"":[]}"
20091127,2009-11-27,0.0,"{""type"":""MultiPoint"",""coordinates"":[]}"
20091128,2009-11-28,0.0,"{""type"":""MultiPoint"",""coordinates"":[]}"
20091129,2009-11-29,0.0,"{""type"":""MultiPoint"",""coordinates"":[]}"
20091130,2009-11-30,0.0,"{""type"":""MultiPoint"",""coordinates"":[]}"
20091201,2009-12-01,0.0,"{""type"":""MultiPoint"",""coordinates"":[]}"
20091202,2009-12-02,0.0,"{""type"":""MultiPoint"",""coordinates"":[]}"
20091203,2009-12-03,0.2643625764065029,"{""type"":""MultiPoint"",""coordinates"":[]}"
20091204,2009-12-04,0.952538395173482,"{""type"":""MultiPoint"",""coordinates"":[]}"
20091205,2009-12-05,0.036020775380035674,"{""type"":""MultiPoint"",""coordinates"":[]}"
20091206,2009-12-06,0.010012282858211088,"{""type"":""MultiPoint"",""coordinates"":[]}"
20091207,2009-12-07,0.0,"{""type"":""MultiPoint"",""coordinates"":[]}"
20091208,2009-12-08,0.0,"{""type"":""MultiPoint"",""coordinates"":[]}"
20091209,2009-12-09,0.0,"{""type"":""MultiPoint"",""coordinates"":[]}"
20091210,2009-12-10,0.0,"{""type"":""MultiPoint"",""coordinates"":[]}"
20091211,2009-12-11,0.0,"{""type"":""MultiPoint"",""coordinates"":[]}"
20091212,2009-12-12,0.0,"{""type"":""MultiPoint"",""coordinates"":[]}"
20091213,2009-12-13,0.0,"{""type"":""MultiPoint"",""coordinates"":[]}"
20091214,2009-12-14,0.0,"{""type"":""MultiPoint"",""coordinates"":[]}"
20091215,2009-12-15,0.37875511113725163,"{""type"":""MultiPoint"",""coordinates"":[]}"
20091216,2009-12-16,0.9622606500002157,"{""type"":""MultiPoint"",""coordinates"":[]}"
20091217,2009-12-17,0.44044633186641796,"{""type"":""MultiPoint"",""coordinates"":[]}"
20091218,2009-12-18,0.0,"{""type"":""MultiPoint"",""coordinates"":[]}"
20091219,2009-12-19,0.0,"{""type"":""MultiPoint"",""coordinates"":[]}"
20091220,2009-12-20,0.0,"{""type"":""MultiPoint"",""coordinates"":[]}"
20091221,2009-12-21,0.0,"{""type"":""MultiPoint"",""coordinates"":[]}"
20091222,2009-12-22,1.1649738037616766,"{""type"":""MultiPoint"",""coordinates"":[]}"
20091223,2009-12-23,0.37333007040723637,"{""type"":""MultiPoint"",""coordinates"":[]}"
20091224,2009-12-24,0.0,"{""type"":""MultiPoint"",""coordinates"":[]}"
20091225,2009-12-25,0.03532252902554911,"{""type"":""MultiPoint"",""coordinates"":[]}"
20091226,2009-12-26,0.0,"{""type"":""MultiPoint"",""coordinates"":[]}"
20091227,2009-12-27,0.0,"{""type"":""MultiPoint"",""coordinates"":[]}"
20091228,2009-12-28,0.30435269475533455,"{""type"":""MultiPoint"",""coordinates"":[]}"
20091229,2009-12-29,0.02434227436572465,"{""type"":""MultiPoint"",""coordinates"":[]}"
20091230,2009-12-30,0.0,"{""type"":""MultiPoint"",""coordinates"":[]}"
20091231,2009-12-31,0.0,"{""type"":""MultiPoint"",""coordinates"":[]}"
20100101,2010-01-01,0.0,"{""type"":""MultiPoint"",""coordinates"":[]}"
20100102,2010-01-02,0.0,"{""type"":""MultiPoint"",""coordinates"":[]}"
20100103,2010-01-03,0.0,"{""type"":""MultiPoint"",""coordinates"":[]}"
20100104,2010-01-04,0.0,"{""type"":""MultiPoint"",""coordinates"":[]}"
20100105,2010-01-05,0.0,"{""type"":""MultiPoint"",""coordinates"":[]}"
20100106,2010-01-06,0.0,"{""type"":""MultiPoint"",""coordinates"":[]}"
20100107,2010-01-07,0.0,"{""type"":""MultiPoint"",""coordinates"":[]}"
20100108,2010-01-08,0.024869427692243446,"{""type"":""MultiPoint"",""coordinates"":[]}"
20100109,2010-01-09,0.0,"{""type"":""MultiPoint"",""coordinates"":[]}"
20100110,2010-01-10,2.968906223572589E-4,"{""type"":""MultiPoint"",""coordinates"":[]}"
20100111,2010-01-11,0.0,"{""type"":""MultiPoint"",""coordinates"":[]}"
20100112,2010-01-12,2.758172724473844E-4,"{""type"":""MultiPoint"",""coordinates"":[]}"
20100113,2010-01-13,0.3804727965548399,"{""type"":""MultiPoint"",""coordinates"":[]}"
20100114,2010-01-14,0.11362886199000094,"{""type"":""MultiPoint"",""coordinates"":[]}"
20100115,2010-01-15,0.003451277553026622,"{""type"":""MultiPoint"",""coordinates"":[]}"
20100116,2010-01-16,0.0,"{""type"":""MultiPoint"",""coordinates"":[]}"
20100117,2010-01-17,0.0,"{""type"":""MultiPoint"",""coordinates"":[]}"
20100118,2010-01-18,0.0,"{""type"":""MultiPoint"",""coordinates"":[]}"
20100119,2010-01-19,0.0,"{""type"":""MultiPoint"",""coordinates"":[]}"
20100120,2010-01-20,0.0,"{""type"":""MultiPoint"",""coordinates"":[]}"
20100121,2010-01-21,0.0,"{""type"":""MultiPoint"",""coordinates"":[]}"
20100122,2010-01-22,0.0,"{""type"":""MultiPoint"",""coordinates"":[]}"
20100123,2010-01-23,0.0,"{""type"":""MultiPoint"",""coordinates"":[]}"
20100124,2010-01-24,0.0,"{""type"":""MultiPoint"",""coordinates"":[]}"
20100125,2010-01-25,0.0,"{""type"":""MultiPoint"",""coordinates"":[]}"
20100126,2010-01-26,0.0,"{""type"":""MultiPoint"",""coordinates"":[]}"
20100127,2010-01-27,0.0,"{""type"":""MultiPoint"",""coordinates"":[]}"
20100128,2010-01-28,0.0,"{""type"":""MultiPoint"",""coordinates"":[]}"
20100129,2010-01-29,0.0,"{""type"":""MultiPoint"",""coordinates"":[]}"
20100130,2010-01-30,0.0,"{""type"":""MultiPoint"",""coordinates"":[]}"
20100131,2010-01-31,0.0,"{""type"":""MultiPoint"",""coordinates"":[]}"
20100201,2010-02-01,0.0,"{""type"":""MultiPoint"",""coordinates"":[]}"
20100202,2010-02-02,0.0,"{""type"":""MultiPoint"",""coordinates"":[]}"
20100203,2010-02-03,0.0,"{""type"":""MultiPoint"",""coordinates"":[]}"
20100204,2010-02-04,0.0,"{""type"":""MultiPoint"",""coordinates"":[]}"
20100205,2010-02-05,0.0,"{""type"":""MultiPoint"",""coordinates"":[]}"
20100206,2010-02-06,0.0,"{""type"":""MultiPoint"",""coordinates"":[]}"
20100207,2010-02-07,0.0,"{""type"":""MultiPoint"",""coordinates"":[]}"
20100208,2010-02-08,0.0,"{""type"":""MultiPoint"",""coordinates"":[]}"
20100209,2010-02-09,0.0,"{""type"":""MultiPoint"",""coordinates"":[]}"
20100210,2010-02-10,0.0,"{""type"":""MultiPoint"",""coordinates"":[]}"
20100211,2010-02-11,0.0,"{""type"":""MultiPoint"",""coordinates"":[]}"
20100212,2010-02-12,0.0,"{""type"":""MultiPoint"",""coordinates"":[]}"
20100213,2010-02-13,0.0,"{""type"":""MultiPoint"",""coordinates"":[]}"
20100214,2010-02-14,0.0,"{""type"":""MultiPoint"",""coordinates"":[]}"
20100215,2010-02-15,0.0,"{""type"":""MultiPoint"",""coordinates"":[]}"
20100216,2010-02-16,0.0,"{""type"":""MultiPoint"",""coordinates"":[]}"
20100217,2010-02-17,0.0,"{""type"":""MultiPoint"",""coordinates"":[]}"
20100218,2010-02-18,0.008693691205507286,"{""type"":""MultiPoint"",""coordinates"":[]}"
20100219,2010-02-19,0.0,"{""type"":""MultiPoint"",""coordinates"":[]}"
20100220,2010-02-20,0.0,"{""type"":""MultiPoint"",""coordinates"":[]}"
20100221,2010-02-21,0.0,"{""type"":""MultiPoint"",""coordinates"":[]}"
20100222,2010-02-22,0.0,"{""type"":""MultiPoint"",""coordinates"":[]}"
20100223,2010-02-23,0.0,"{""type"":""MultiPoint"",""coordinates"":[]}"
20100224,2010-02-24,0.0,"{""type"":""MultiPoint"",""coordinates"":[]}"
20100225,2010-02-25,0.0,"{""type"":""MultiPoint"",""coordinates"":[]}"
20100226,2010-02-26,0.0,"{""type"":""MultiPoint"",""coordinates"":[]}"
20100227,2010-02-27,0.0,"{""type"":""MultiPoint"",""coordinates"":[]}"
20100228,2010-02-28,0.0,"{""type"":""MultiPoint"",""coordinates"":[]}"
20100301,2010-03-01,0.0,"{""type"":""MultiPoint"",""coordinates"":[]}"
20100302,2010-03-02,0.0,"{""type"":""MultiPoint"",""coordinates"":[]}"
20100303,2010-03-03,0.0,"{""type"":""MultiPoint"",""coordinates"":[]}"
20100304,2010-03-04,0.0,"{""type"":""MultiPoint"",""coordinates"":[]}"
20100305,2010-03-05,0.0,"{""type"":""MultiPoint"",""coordinates"":[]}"
20100306,2010-03-06,0.0,"{""type"":""MultiPoint"",""coordinates"":[]}"
20100307,2010-03-07,0.0,"{""type"":""MultiPoint"",""coordinates"":[]}"
20100308,2010-03-08,0.0,"{""type"":""MultiPoint"",""coordinates"":[]}"
20100309,2010-03-09,0.0,"{""type"":""MultiPoint"",""coordinates"":[]}"
20100310,2010-03-10,0.0,"{""type"":""MultiPoint"",""coordinates"":[]}"
20100311,2010-03-11,0.0,"{""type"":""MultiPoint"",""coordinates"":[]}"
20100312,2010-03-12,0.0,"{""type"":""MultiPoint"",""coordinates"":[]}"
20100313,2010-03-13,0.13677680635238554,"{""type"":""MultiPoint"",""coordinates"":[]}"
20100314,2010-03-14,0.7007310614742872,"{""type"":""MultiPoint"",""coordinates"":[]}"
20100315,2010-03-15,0.0,"{""type"":""MultiPoint"",""coordinates"":[]}"
20100316,2010-03-16,0.7536591677209404,"{""type"":""MultiPoint"",""coordinates"":[]}"
20100317,2010-03-17,0.004065887668707988,"{""type"":""MultiPoint"",""coordinates"":[]}"
20100318,2010-03-18,0.09838995843830718,"{""type"":""MultiPoint"",""coordinates"":[]}"
20100319,2010-03-19,0.03883878649229981,"{""type"":""MultiPoint"",""coordinates"":[]}"
20100320,2010-03-20,0.017046896996307882,"{""type"":""MultiPoint"",""coordinates"":[]}"
20100321,2010-03-21,0.0070708046714400025,"{""type"":""MultiPoint"",""coordinates"":[]}"
20100322,2010-03-22,0.0,"{""type"":""MultiPoint"",""coordinates"":[]}"
20100323,2010-03-23,0.0,"{""type"":""MultiPoint"",""coordinates"":[]}"
20100324,2010-03-24,0.0,"{""type"":""MultiPoint"",""coordinates"":[]}"
20100325,2010-03-25,0.0,"{""type"":""MultiPoint"",""coordinates"":[]}"
20100326,2010-03-26,0.0,"{""type"":""MultiPoint"",""coordinates"":[]}"
20100327,2010-03-27,0.0,"{""type"":""MultiPoint"",""coordinates"":[]}"
20100328,2010-03-28,0.0,"{""type"":""MultiPoint"",""coordinates"":[]}"
20100329,2010-03-29,0.007070394026233781,"{""type"":""MultiPoint"",""coordinates"":[]}"
20100330,2010-03-30,1.0058005527384801,"{""type"":""MultiPoint"",""coordinates"":[]}"
20100331,2010-03-31,0.21402459023174975,"{""type"":""MultiPoint"",""coordinates"":[]}"
20100401,2010-04-01,0.0,"{""type"":""MultiPoint"",""coordinates"":[]}"
20100402,2010-04-02,0.0,"{""type"":""MultiPoint"",""coordinates"":[]}"
20100403,2010-04-03,0.0,"{""type"":""MultiPoint"",""coordinates"":[]}"
20100404,2010-04-04,0.0,"{""type"":""MultiPoint"",""coordinates"":[]}"
20100405,2010-04-05,0.001648780902979941,"{""type"":""MultiPoint"",""coordinates"":[]}"
20100406,2010-04-06,0.0,"{""type"":""MultiPoint"",""coordinates"":[]}"
20100407,2010-04-07,0.0,"{""type"":""MultiPoint"",""coordinates"":[]}"
20100408,2010-04-08,0.41822998408031475,"{""type"":""MultiPoint"",""coordinates"":[]}"
20100409,2010-04-09,0.0,"{""type"":""MultiPoint"",""coordinates"":[]}"
20100410,2010-04-10,0.008677438120132323,"{""type"":""MultiPoint"",""coordinates"":[]}"
20100411,2010-04-11,0.1720525472829414,"{""type"":""MultiPoint"",""coordinates"":[]}"
20100412,2010-04-12,11.701706313100217,"{""type"":""MultiPoint"",""coordinates"":[]}"
20100413,2010-04-13,0.15920641762863008,"{""type"":""MultiPoint"",""coordinates"":[]}"
20100414,2010-04-14,8.849244166558956,"{""type"":""MultiPoint"",""coordinates"":[]}"
20100415,2010-04-15,0.0334844651118642,"{""type"":""MultiPoint"",""coordinates"":[]}"
20100416,2010-04-16,0.026644904274753353,"{""type"":""MultiPoint"",""coordinates"":[]}"
20100417,2010-04-17,0.0,"{""type"":""MultiPoint"",""coordinates"":[]}"
20100418,2010-04-18,1.1971381238825902,"{""type"":""MultiPoint"",""coordinates"":[]}"
20100419,2010-04-19,0.03816561374402388,"{""type"":""MultiPoint"",""coordinates"":[]}"
20100420,2010-04-20,0.0,"{""type"":""MultiPoint"",""coordinates"":[]}"
20100421,2010-04-21,0.549370983483224,"{""type"":""MultiPoint"",""coordinates"":[]}"
20100422,2010-04-22,0.03388620593417073,"{""type"":""MultiPoint"",""coordinates"":[]}"
20100423,2010-04-23,0.16467467087744206,"{""type"":""MultiPoint"",""coordinates"":[]}"
20100424,2010-04-24,3.4245799794362277,"{""type"":""MultiPoint"",""coordinates"":[]}"
20100425,2010-04-25,0.0,"{""type"":""MultiPoint"",""coordinates"":[]}"
20100426,2010-04-26,0.30709494300605755,"{""type"":""MultiPoint"",""coordinates"":[]}"
20100427,2010-04-27,0.0,"{""type"":""MultiPoint"",""coordinates"":[]}"
20100428,2010-04-28,0.8787470784057041,"{""type"":""MultiPoint"",""coordinates"":[]}"
20100429,2010-04-29,0.15092538928789848,"{""type"":""MultiPoint"",""coordinates"":[]}"
20100430,2010-04-30,6.34280221750064,"{""type"":""MultiPoint"",""coordinates"":[]}"
20100501,2010-05-01,0.5799159738530788,"{""type"":""MultiPoint"",""coordinates"":[]}"
20100502,2010-05-02,0.48939785704257843,"{""type"":""MultiPoint"",""coordinates"":[]}"
20100503,2010-05-03,0.21971965801979962,"{""type"":""MultiPoint"",""coordinates"":[]}"
20100504,2010-05-04,0.006605330611726046,"{""type"":""MultiPoint"",""coordinates"":[]}"
20100505,2010-05-05,0.0,"{""type"":""MultiPoint"",""coordinates"":[]}"
20100506,2010-05-06,0.03962425213297776,"{""type"":""MultiPoint"",""coordinates"":[]}"
20100507,2010-05-07,0.011698526309218929,"{""type"":""MultiPoint"",""coordinates"":[]}"
20100508,2010-05-08,0.5991756549429343,"{""type"":""MultiPoint"",""coordinates"":[]}"
20100509,2010-05-09,1.5311186427471775,"{""type"":""MultiPoint"",""coordinates"":[]}"
20100510,2010-05-10,0.391599587914092,"{""type"":""MultiPoint"",""coordinates"":[]}"
20100511,2010-05-11,1.4217843267285761,"{""type"":""MultiPoint"",""coordinates"":[]}"
20100512,2010-05-12,0.08854678398235871,"{""type"":""MultiPoint"",""coordinates"":[]}"
20100513,2010-05-13,1.5109327804931738,"{""type"":""MultiPoint"",""coordinates"":[]}"
20100514,2010-05-14,0.6220210959759055,"{""type"":""MultiPoint"",""coordinates"":[]}"
20100515,2010-05-15,4.600305760083783,"{""type"":""MultiPoint"",""coordinates"":[]}"
20100516,2010-05-16,2.9625827646419176,"{""type"":""MultiPoint"",""coordinates"":[]}"
20100517,2010-05-17,1.8126534639397023,"{""type"":""MultiPoint"",""coordinates"":[]}"
20100518,2010-05-18,4.4811883789348395,"{""type"":""MultiPoint"",""coordinates"":[]}"
20100519,2010-05-19,11.895257896010241,"{""type"":""MultiPoint"",""coordinates"":[]}"
20100520,2010-05-20,10.857442074821165,"{""type"":""MultiPoint"",""coordinates"":[]}"
20100521,2010-05-21,13.492784664613188,"{""type"":""MultiPoint"",""coordinates"":[]}"
20100522,2010-05-22,2.57551912219503,"{""type"":""MultiPoint"",""coordinates"":[]}"
20100523,2010-05-23,0.0,"{""type"":""MultiPoint"",""coordinates"":[]}"
20100524,2010-05-24,0.047641807437729784,"{""type"":""MultiPoint"",""coordinates"":[]}"
20100525,2010-05-25,0.0,"{""type"":""MultiPoint"",""coordinates"":[]}"
20100526,2010-05-26,0.0,"{""type"":""MultiPoint"",""coordinates"":[]}"
20100527,2010-05-27,0.0,"{""type"":""MultiPoint"",""coordinates"":[]}"
20100528,2010-05-28,0.0,"{""type"":""MultiPoint"",""coordinates"":[]}"
20100529,2010-05-29,0.0,"{""type"":""MultiPoint"",""coordinates"":[]}"
20100530,2010-05-30,0.013428214933936285,"{""type"":""MultiPoint"",""coordinates"":[]}"
20100531,2010-05-31,0.28892017711049933,"{""type"":""MultiPoint"",""coordinates"":[]}"
20100601,2010-06-01,1.1535023795256403,"{""type"":""MultiPoint"",""coordinates"":[]}"
20100602,2010-06-02,0.06270238965583494,"{""type"":""MultiPoint"",""coordinates"":[]}"
20100603,2010-06-03,1.5854932013945915,"{""type"":""MultiPoint"",""coordinates"":[]}"
20100604,2010-06-04,5.206948036622693,"{""type"":""MultiPoint"",""coordinates"":[]}"
20100605,2010-06-05,1.9474460895470025,"{""type"":""MultiPoint"",""coordinates"":[]}"
20100606,2010-06-06,0.4224285157315437,"{""type"":""MultiPoint"",""coordinates"":[]}"
20100607,2010-06-07,1.2676910507165793,"{""type"":""MultiPoint"",""coordinates"":[]}"
20100608,2010-06-08,0.0,"{""type"":""MultiPoint"",""coordinates"":[]}"
20100609,2010-06-09,2.7035485979342733,"{""type"":""MultiPoint"",""coordinates"":[]}"
20100610,2010-06-10,8.46661069746275,"{""type"":""MultiPoint"",""coordinates"":[]}"
20100611,2010-06-11,9.23450153327026,"{""type"":""MultiPoint"",""coordinates"":[]}"
20100612,2010-06-12,4.261737346247679,"{""type"":""MultiPoint"",""coordinates"":[]}"
20100613,2010-06-13,2.3390439161364074,"{""type"":""MultiPoint"",""coordinates"":[]}"
20100614,2010-06-14,0.15472881749825143,"{""type"":""MultiPoint"",""coordinates"":[]}"
20100615,2010-06-15,1.9532033707454828,"{""type"":""MultiPoint"",""coordinates"":[]}"
20100616,2010-06-16,0.44398750728719155,"{""type"":""MultiPoint"",""coordinates"":[]}"
20100617,2010-06-17,1.0253528616381828,"{""type"":""MultiPoint"",""coordinates"":[]}"
20100618,2010-06-18,0.5413824627591538,"{""type"":""MultiPoint"",""coordinates"":[]}"
20100619,2010-06-19,2.223521066901156,"{""type"":""MultiPoint"",""coordinates"":[]}"
20100620,2010-06-20,5.227235233726145,"{""type"":""MultiPoint"",""coordinates"":[]}"
20100621,2010-06-21,1.535224841558192,"{""type"":""MultiPoint"",""coordinates"":[]}"
20100622,2010-06-22,0.007767986682858867,"{""type"":""MultiPoint"",""coordinates"":[]}"
20100623,2010-06-23,0.31608561715092975,"{""type"":""MultiPoint"",""coordinates"":[]}"
20100624,2010-06-24,0.6708655593671644,"{""type"":""MultiPoint"",""coordinates"":[]}"
20100625,2010-06-25,0.0,"{""type"":""MultiPoint"",""coordinates"":[]}"
20100626,2010-06-26,0.0,"{""type"":""MultiPoint"",""coordinates"":[]}"
20100627,2010-06-27,0.0,"{""type"":""MultiPoint"",""coordinates"":[]}"
20100628,2010-06-28,0.020835163042538,"{""type"":""MultiPoint"",""coordinates"":[]}"
20100629,2010-06-29,0.024876137007242102,"{""type"":""MultiPoint"",""coordinates"":[]}"
20100630,2010-06-30,0.5737635414061553,"{""type"":""MultiPoint"",""coordinates"":[]}"
20100701,2010-07-01,3.4564647159888597,"{""type"":""MultiPoint"",""coordinates"":[]}"
20100702,2010-07-02,3.749309078619956,"{""type"":""MultiPoint"",""coordinates"":[]}"
20100703,2010-07-03,0.008733471716203305,"{""type"":""MultiPoint"",""coordinates"":[]}"
20100704,2010-07-04,0.5015289648804014,"{""type"":""MultiPoint"",""coordinates"":[]}"
20100705,2010-07-05,6.345743362990296,"{""type"":""MultiPoint"",""coordinates"":[]}"
20100706,2010-07-06,4.309864824679067,"{""type"":""MultiPoint"",""coordinates"":[]}"
20100707,2010-07-07,3.993510606246037,"{""type"":""MultiPoint"",""coordinates"":[]}"
20100708,2010-07-08,3.267069536717285,"{""type"":""MultiPoint"",""coordinates"":[]}"
20100709,2010-07-09,0.5723473555198496,"{""type"":""MultiPoint"",""coordinates"":[]}"
20100710,2010-07-10,0.5138276976641492,"{""type"":""MultiPoint"",""coordinates"":[]}"
20100711,2010-07-11,1.5966471258264325,"{""type"":""MultiPoint"",""coordinates"":[]}"
20100712,2010-07-12,4.90788884142959,"{""type"":""MultiPoint"",""coordinates"":[]}"
20100713,2010-07-13,1.2956394595961735,"{""type"":""MultiPoint"",""coordinates"":[]}"
20100714,2010-07-14,0.009253291356992526,"{""type"":""MultiPoint"",""coordinates"":[]}"
20100715,2010-07-15,0.7679093980667947,"{""type"":""MultiPoint"",""coordinates"":[]}"
20100716,2010-07-16,4.880764175995142,"{""type"":""MultiPoint"",""coordinates"":[]}"
20100717,2010-07-17,3.192561340314811,"{""type"":""MultiPoint"",""coordinates"":[]}"
20100718,2010-07-18,0.12878124375666927,"{""type"":""MultiPoint"",""coordinates"":[]}"
20100719,2010-07-19,0.7282252333272373,"{""type"":""MultiPoint"",""coordinates"":[]}"
20100720,2010-07-20,2.0630876255189334,"{""type"":""MultiPoint"",""coordinates"":[]}"
20100721,2010-07-21,2.4863898142450176,"{""type"":""MultiPoint"",""coordinates"":[]}"
20100722,2010-07-22,0.1142493940081733,"{""type"":""MultiPoint"",""coordinates"":[]}"
20100723,2010-07-23,0.6210576185879294,"{""type"":""MultiPoint"",""coordinates"":[]}"
20100724,2010-07-24,4.054209511604967,"{""type"":""MultiPoint"",""coordinates"":[]}"
20100725,2010-07-25,2.92292747870726,"{""type"":""MultiPoint"",""coordinates"":[]}"
20100726,2010-07-26,1.213256762091314,"{""type"":""MultiPoint"",""coordinates"":[]}"
20100727,2010-07-27,1.1657766977575035,"{""type"":""MultiPoint"",""coordinates"":[]}"
20100728,2010-07-28,8.744878261564233,"{""type"":""MultiPoint"",""coordinates"":[]}"
20100729,2010-07-29,3.6475333011398368,"{""type"":""MultiPoint"",""coordinates"":[]}"
20100730,2010-07-30,0.30189173414689763,"{""type"":""MultiPoint"",""coordinates"":[]}"
20100731,2010-07-31,0.0,"{""type"":""MultiPoint"",""coordinates"":[]}"
20100801,2010-08-01,0.0,"{""type"":""MultiPoint"",""coordinates"":[]}"
20100802,2010-08-02,0.8003697835446331,"{""type"":""MultiPoint"",""coordinates"":[]}"
20100803,2010-08-03,2.3122301230831988,"{""type"":""MultiPoint"",""coordinates"":[]}"
20100804,2010-08-04,0.22350204052517128,"{""type"":""MultiPoint"",""coordinates"":[]}"
20100805,2010-08-05,0.6401984156860125,"{""type"":""MultiPoint"",""coordinates"":[]}"
20100806,2010-08-06,3.0104915690255085,"{""type"":""MultiPoint"",""coordinates"":[]}"
20100807,2010-08-07,1.1163838905359,"{""type"":""MultiPoint"",""coordinates"":[]}"
20100808,2010-08-08,0.20499363524481032,"{""type"":""MultiPoint"",""coordinates"":[]}"
20100809,2010-08-09,0.0,"{""type"":""MultiPoint"",""coordinates"":[]}"
20100810,2010-08-10,0.010958233438455629,"{""type"":""MultiPoint"",""coordinates"":[]}"
20100811,2010-08-11,0.07571188516921867,"{""type"":""MultiPoint"",""coordinates"":[]}"
20100812,2010-08-12,7.43489257178252,"{""type"":""MultiPoint"",""coordinates"":[]}"
20100813,2010-08-13,6.405874068189661,"{""type"":""MultiPoint"",""coordinates"":[]}"
20100814,2010-08-14,2.8439626516428933,"{""type"":""MultiPoint"",""coordinates"":[]}"
20100815,2010-08-15,3.8181527948393175,"{""type"":""MultiPoint"",""coordinates"":[]}"
20100816,2010-08-16,6.131638775026013,"{""type"":""MultiPoint"",""coordinates"":[]}"
20100817,2010-08-17,4.572926556394286,"{""type"":""MultiPoint"",""coordinates"":[]}"
20100818,2010-08-18,0.4808136885687192,"{""type"":""MultiPoint"",""coordinates"":[]}"
20100819,2010-08-19,0.06848875655204212,"{""type"":""MultiPoint"",""coordinates"":[]}"
20100820,2010-08-20,5.851805534599701,"{""type"":""MultiPoint"",""coordinates"":[]}"
20100821,2010-08-21,3.0659435680263383,"{""type"":""MultiPoint"",""coordinates"":[]}"
20100822,2010-08-22,5.708476813346447,"{""type"":""MultiPoint"",""coordinates"":[]}"
20100823,2010-08-23,14.198387248223224,"{""type"":""MultiPoint"",""coordinates"":[]}"
20100824,2010-08-24,3.1867681298193324,"{""type"":""MultiPoint"",""coordinates"":[]}"
20100825,2010-08-25,15.624245320132442,"{""type"":""MultiPoint"",""coordinates"":[]}"
20100826,2010-08-26,10.683456067218307,"{""type"":""MultiPoint"",""coordinates"":[]}"
20100827,2010-08-27,0.0029248784230067842,"{""type"":""MultiPoint"",""coordinates"":[]}"
20100828,2010-08-28,4.258312436289578,"{""type"":""MultiPoint"",""coordinates"":[]}"
20100829,2010-08-29,4.860442984616238,"{""type"":""MultiPoint"",""coordinates"":[]}"
20100830,2010-08-30,8.438412735811747,"{""type"":""MultiPoint"",""coordinates"":[]}"
20100831,2010-08-31,0.0,"{""type"":""MultiPoint"",""coordinates"":[]}"
20100901,2010-09-01,0.0,"{""type"":""MultiPoint"",""coordinates"":[]}"
20100902,2010-09-02,2.529895757920313,"{""type"":""MultiPoint"",""coordinates"":[]}"
20100903,2010-09-03,14.852986793227535,"{""type"":""MultiPoint"",""coordinates"":[]}"
20100904,2010-09-04,3.5429719440904757,"{""type"":""MultiPoint"",""coordinates"":[]}"
20100905,2010-09-05,0.028714220847941507,"{""type"":""MultiPoint"",""coordinates"":[]}"
20100906,2010-09-06,2.354511178857843,"{""type"":""MultiPoint"",""coordinates"":[]}"
20100907,2010-09-07,3.5021512810899496,"{""type"":""MultiPoint"",""coordinates"":[]}"
20100908,2010-09-08,1.2251714451448072,"{""type"":""MultiPoint"",""coordinates"":[]}"
20100909,2010-09-09,3.149774334783882,"{""type"":""MultiPoint"",""coordinates"":[]}"
20100910,2010-09-10,8.921093017954005,"{""type"":""MultiPoint"",""coordinates"":[]}"
20100911,2010-09-11,2.68991018153638,"{""type"":""MultiPoint"",""coordinates"":[]}"
20100912,2010-09-12,2.4438248226708263,"{""type"":""MultiPoint"",""coordinates"":[]}"
20100913,2010-09-13,6.205657066803105,"{""type"":""MultiPoint"",""coordinates"":[]}"
20100914,2010-09-14,13.515863902829368,"{""type"":""MultiPoint"",""coordinates"":[]}"
20100915,2010-09-15,13.493712733138535,"{""type"":""MultiPoint"",""coordinates"":[]}"
20100916,2010-09-16,2.317963733038403,"{""type"":""MultiPoint"",""coordinates"":[]}"
20100917,2010-09-17,5.148185375412033,"{""type"":""MultiPoint"",""coordinates"":[]}"
20100918,2010-09-18,0.8324827909282867,"{""type"":""MultiPoint"",""coordinates"":[]}"
20100919,2010-09-19,0.3575544424962644,"{""type"":""MultiPoint"",""coordinates"":[]}"
20100920,2010-09-20,2.6461932209875307,"{""type"":""MultiPoint"",""coordinates"":[]}"
20100921,2010-09-21,0.3954588623166009,"{""type"":""MultiPoint"",""coordinates"":[]}"
20100922,2010-09-22,0.10595297880615924,"{""type"":""MultiPoint"",""coordinates"":[]}"
20100923,2010-09-23,0.0,"{""type"":""MultiPoint"",""coordinates"":[]}"
20100924,2010-09-24,23.142458882836088,"{""type"":""MultiPoint"",""coordinates"":[]}"
20100925,2010-09-25,2.5466201405979265,"{""type"":""MultiPoint"",""coordinates"":[]}"
20100926,2010-09-26,0.29537812229023463,"{""type"":""MultiPoint"",""coordinates"":[]}"
20100927,2010-09-27,0.008475686026014747,"{""type"":""MultiPoint"",""coordinates"":[]}"
20100928,2010-09-28,0.0,"{""type"":""MultiPoint"",""coordinates"":[]}"
20100929,2010-09-29,0.03673641038514172,"{""type"":""MultiPoint"",""coordinates"":[]}"
20100930,2010-09-30,7.0677081932636305,"{""type"":""MultiPoint"",""coordinates"":[]}"
20101001,2010-10-01,0.34913333044121053,"{""type"":""MultiPoint"",""coordinates"":[]}"
20101002,2010-10-02,0.08972134315634131,"{""type"":""MultiPoint"",""coordinates"":[]}"
20101003,2010-10-03,0.18479686477212767,"{""type"":""MultiPoint"",""coordinates"":[]}"
20101004,2010-10-04,0.30277204925298573,"{""type"":""MultiPoint"",""coordinates"":[]}"
20101005,2010-10-05,10.776796730655505,"{""type"":""MultiPoint"",""coordinates"":[]}"
20101006,2010-10-06,24.323493787640665,"{""type"":""MultiPoint"",""coordinates"":[]}"
20101007,2010-10-07,3.3027001957155635,"{""type"":""MultiPoint"",""coordinates"":[]}"
20101008,2010-10-08,0.27458676233381907,"{""type"":""MultiPoint"",""coordinates"":[]}"
20101009,2010-10-09,0.0,"{""type"":""MultiPoint"",""coordinates"":[]}"
20101010,2010-10-10,0.0,"{""type"":""MultiPoint"",""coordinates"":[]}"
20101011,2010-10-11,0.0,"{""type"":""MultiPoint"",""coordinates"":[]}"
20101012,2010-10-12,0.0,"{""type"":""MultiPoint"",""coordinates"":[]}"
20101013,2010-10-13,0.5356406961046135,"{""type"":""MultiPoint"",""coordinates"":[]}"
20101014,2010-10-14,0.19648166862038374,"{""type"":""MultiPoint"",""coordinates"":[]}"
20101015,2010-10-15,0.2655224375038084,"{""type"":""MultiPoint"",""coordinates"":[]}"
20101016,2010-10-16,0.0,"{""type"":""MultiPoint"",""coordinates"":[]}"
20101017,2010-10-17,0.7163560815778339,"{""type"":""MultiPoint"",""coordinates"":[]}"
20101018,2010-10-18,0.0,"{""type"":""MultiPoint"",""coordinates"":[]}"
20101019,2010-10-19,18.887612462771976,"{""type"":""MultiPoint"",""coordinates"":[]}"
20101020,2010-10-20,2.2230404430495767,"{""type"":""MultiPoint"",""coordinates"":[]}"
20101021,2010-10-21,10.794112962568185,"{""type"":""MultiPoint"",""coordinates"":[]}"
20101022,2010-10-22,17.867882786804522,"{""type"":""MultiPoint"",""coordinates"":[]}"
20101023,2010-10-23,5.793717796390371,"{""type"":""MultiPoint"",""coordinates"":[]}"
20101024,2010-10-24,5.9045649642636375,"{""type"":""MultiPoint"",""coordinates"":[]}"
20101025,2010-10-25,2.5352739839949825,"{""type"":""MultiPoint"",""coordinates"":[]}"
20101026,2010-10-26,0.9372937547840239,"{""type"":""MultiPoint"",""coordinates"":[]}"
20101027,2010-10-27,1.6633025172273648,"{""type"":""MultiPoint"",""coordinates"":[]}"
20101028,2010-10-28,1.7467483001252444,"{""type"":""MultiPoint"",""coordinates"":[]}"
20101029,2010-10-29,1.7580686174614066,"{""type"":""MultiPoint"",""coordinates"":[]}"
20101030,2010-10-30,12.862842537428762,"{""type"":""MultiPoint"",""coordinates"":[]}"
20101031,2010-10-31,4.64391737704421,"{""type"":""MultiPoint"",""coordinates"":[]}"
20101101,2010-11-01,13.286629482407157,"{""type"":""MultiPoint"",""coordinates"":[]}"
20101102,2010-11-02,16.00967029076699,"{""type"":""MultiPoint"",""coordinates"":[]}"
20101103,2010-11-03,3.340737345858489,"{""type"":""MultiPoint"",""coordinates"":[]}"
20101104,2010-11-04,1.9947187070349044,"{""type"":""MultiPoint"",""coordinates"":[]}"
20101105,2010-11-05,2.34576029673167,"{""type"":""MultiPoint"",""coordinates"":[]}"
20101106,2010-11-06,7.86189662632231,"{""type"":""MultiPoint"",""coordinates"":[]}"
20101107,2010-11-07,31.220610671485268,"{""type"":""MultiPoint"",""coordinates"":[]}"
20101108,2010-11-08,2.101193626084037,"{""type"":""MultiPoint"",""coordinates"":[]}"
20101109,2010-11-09,5.6338668288586975,"{""type"":""MultiPoint"",""coordinates"":[]}"
20101110,2010-11-10,0.0,"{""type"":""MultiPoint"",""coordinates"":[]}"
20101111,2010-11-11,1.227423526006291,"{""type"":""MultiPoint"",""coordinates"":[]}"
20101112,2010-11-12,3.2992416549073607E-4,"{""type"":""MultiPoint"",""coordinates"":[]}"
20101113,2010-11-13,0.0,"{""type"":""MultiPoint"",""coordinates"":[]}"
20101114,2010-11-14,0.0,"{""type"":""MultiPoint"",""coordinates"":[]}"
20101115,2010-11-15,1.299664425863553,"{""type"":""MultiPoint"",""coordinates"":[]}"
20101116,2010-11-16,8.994758631028402,"{""type"":""MultiPoint"",""coordinates"":[]}"
20101117,2010-11-17,3.102852248569153,"{""type"":""MultiPoint"",""coordinates"":[]}"
20101118,2010-11-18,1.0284398643254278,"{""type"":""MultiPoint"",""coordinates"":[]}"
20101119,2010-11-19,0.0,"{""type"":""MultiPoint"",""coordinates"":[]}"
20101120,2010-11-20,0.0,"{""type"":""MultiPoint"",""coordinates"":[]}"
20101121,2010-11-21,0.0,"{""type"":""MultiPoint"",""coordinates"":[]}"
20101122,2010-11-22,0.10126024200481501,"{""type"":""MultiPoint"",""coordinates"":[]}"
20101123,2010-11-23,1.639321119782686E-4,"{""type"":""MultiPoint"",""coordinates"":[]}"
20101124,2010-11-24,0.6180823358221565,"{""type"":""MultiPoint"",""coordinates"":[]}"
20101125,2010-11-25,0.40773371690421806,"{""type"":""MultiPoint"",""coordinates"":[]}"
20101126,2010-11-26,1.671073951988494,"{""type"":""MultiPoint"",""coordinates"":[]}"
20101127,2010-11-27,1.195828456664604,"{""type"":""MultiPoint"",""coordinates"":[]}"
20101128,2010-11-28,0.004839941519145729,"{""type"":""MultiPoint"",""coordinates"":[]}"
20101129,2010-11-29,0.0,"{""type"":""MultiPoint"",""coordinates"":[]}"
20101130,2010-11-30,0.0,"{""type"":""MultiPoint"",""coordinates"":[]}"
20101201,2010-12-01,0.6091528167192415,"{""type"":""MultiPoint"",""coordinates"":[]}"
20101202,2010-12-02,0.0022392845703821593,"{""type"":""MultiPoint"",""coordinates"":[]}"
20101203,2010-12-03,0.024951285607398663,"{""type"":""MultiPoint"",""coordinates"":[]}"
20101204,2010-12-04,0.018179768559450925,"{""type"":""MultiPoint"",""coordinates"":[]}"
20101205,2010-12-05,3.277728413216449,"{""type"":""MultiPoint"",""coordinates"":[]}"
20101206,2010-12-06,4.922291308836069,"{""type"":""MultiPoint"",""coordinates"":[]}"
20101207,2010-12-07,1.0264180531752505,"{""type"":""MultiPoint"",""coordinates"":[]}"
20101208,2010-12-08,0.0,"{""type"":""MultiPoint"",""coordinates"":[]}"
20101209,2010-12-09,0.0,"{""type"":""MultiPoint"",""coordinates"":[]}"
20101210,2010-12-10,0.0,"{""type"":""MultiPoint"",""coordinates"":[]}"
20101211,2010-12-11,0.0,"{""type"":""MultiPoint"",""coordinates"":[]}"
20101212,2010-12-12,0.0,"{""type"":""MultiPoint"",""coordinates"":[]}"
20101213,2010-12-13,0.0,"{""type"":""MultiPoint"",""coordinates"":[]}"
20101214,2010-12-14,0.0,"{""type"":""MultiPoint"",""coordinates"":[]}"
20101215,2010-12-15,0.0,"{""type"":""MultiPoint"",""coordinates"":[]}"
20101216,2010-12-16,0.0,"{""type"":""MultiPoint"",""coordinates"":[]}"
20101217,2010-12-17,0.0,"{""type"":""MultiPoint"",""coordinates"":[]}"
20101218,2010-12-18,0.0,"{""type"":""MultiPoint"",""coordinates"":[]}"
20101219,2010-12-19,0.0,"{""type"":""MultiPoint"",""coordinates"":[]}"
20101220,2010-12-20,0.0,"{""type"":""MultiPoint"",""coordinates"":[]}"
20101221,2010-12-21,0.0,"{""type"":""MultiPoint"",""coordinates"":[]}"
20101222,2010-12-22,0.0,"{""type"":""MultiPoint"",""coordinates"":[]}"
20101223,2010-12-23,0.0,"{""type"":""MultiPoint"",""coordinates"":[]}"
20101224,2010-12-24,0.0,"{""type"":""MultiPoint"",""coordinates"":[]}"
20101225,2010-12-25,0.0,"{""type"":""MultiPoint"",""coordinates"":[]}"
20101226,2010-12-26,0.0,"{""type"":""MultiPoint"",""coordinates"":[]}"
20101227,2010-12-27,0.0,"{""type"":""MultiPoint"",""coordinates"":[]}"
20101228,2010-12-28,0.0,"{""type"":""MultiPoint"",""coordinates"":[]}"
20101229,2010-12-29,0.0,"{""type"":""MultiPoint"",""coordinates"":[]}"
20101230,2010-12-30,0.0,"{""type"":""MultiPoint"",""coordinates"":[]}"
20101231,2010-12-31,0.0,"{""type"":""MultiPoint"",""coordinates"":[]}"
20110101,2011-01-01,0.0,"{""type"":""MultiPoint"",""coordinates"":[]}"
20110102,2011-01-02,0.0,"{""type"":""MultiPoint"",""coordinates"":[]}"
20110103,2011-01-03,0.02071085932010715,"{""type"":""MultiPoint"",""coordinates"":[]}"
20110104,2011-01-04,0.09086708358760001,"{""type"":""MultiPoint"",""coordinates"":[]}"
20110105,2011-01-05,0.020537500886104898,"{""type"":""MultiPoint"",""coordinates"":[]}"
20110106,2011-01-06,0.0,"{""type"":""MultiPoint"",""coordinates"":[]}"
20110107,2011-01-07,0.0,"{""type"":""MultiPoint"",""coordinates"":[]}"
20110108,2011-01-08,0.0,"{""type"":""MultiPoint"",""coordinates"":[]}"
20110109,2011-01-09,0.0,"{""type"":""MultiPoint"",""coordinates"":[]}"
20110110,2011-01-10,0.0,"{""type"":""MultiPoint"",""coordinates"":[]}"
20110111,2011-01-11,0.0,"{""type"":""MultiPoint"",""coordinates"":[]}"
20110112,2011-01-12,0.0,"{""type"":""MultiPoint"",""coordinates"":[]}"
20110113,2011-01-13,0.0,"{""type"":""MultiPoint"",""coordinates"":[]}"
20110114,2011-01-14,0.0,"{""type"":""MultiPoint"",""coordinates"":[]}"
20110115,2011-01-15,0.0,"{""type"":""MultiPoint"",""coordinates"":[]}"
20110116,2011-01-16,0.05174283027218093,"{""type"":""MultiPoint"",""coordinates"":[]}"
20110117,2011-01-17,0.0,"{""type"":""MultiPoint"",""coordinates"":[]}"
20110118,2011-01-18,0.0,"{""type"":""MultiPoint"",""coordinates"":[]}"
20110119,2011-01-19,0.0,"{""type"":""MultiPoint"",""coordinates"":[]}"
20110120,2011-01-20,0.0,"{""type"":""MultiPoint"",""coordinates"":[]}"
20110121,2011-01-21,0.0,"{""type"":""MultiPoint"",""coordinates"":[]}"
20110122,2011-01-22,0.0,"{""type"":""MultiPoint"",""coordinates"":[]}"
20110123,2011-01-23,0.0,"{""type"":""MultiPoint"",""coordinates"":[]}"
20110124,2011-01-24,0.0,"{""type"":""MultiPoint"",""coordinates"":[]}"
20110125,2011-01-25,0.0,"{""type"":""MultiPoint"",""coordinates"":[]}"
20110126,2011-01-26,0.0,"{""type"":""MultiPoint"",""coordinates"":[]}"
20110127,2011-01-27,0.0,"{""type"":""MultiPoint"",""coordinates"":[]}"
20110128,2011-01-28,0.0,"{""type"":""MultiPoint"",""coordinates"":[]}"
20110129,2011-01-29,0.0,"{""type"":""MultiPoint"",""coordinates"":[]}"
20110130,2011-01-30,0.0,"{""type"":""MultiPoint"",""coordinates"":[]}"
20110131,2011-01-31,0.0,"{""type"":""MultiPoint"",""coordinates"":[]}"
20110201,2011-02-01,0.0,"{""type"":""MultiPoint"",""coordinates"":[]}"
20110202,2011-02-02,0.0,"{""type"":""MultiPoint"",""coordinates"":[]}"
20110203,2011-02-03,0.0,"{""type"":""MultiPoint"",""coordinates"":[]}"
20110204,2011-02-04,0.0,"{""type"":""MultiPoint"",""coordinates"":[]}"
20110205,2011-02-05,0.0,"{""type"":""MultiPoint"",""coordinates"":[]}"
20110206,2011-02-06,0.0,"{""type"":""MultiPoint"",""coordinates"":[]}"
20110207,2011-02-07,0.0,"{""type"":""MultiPoint"",""coordinates"":[]}"
20110208,2011-02-08,0.0,"{""type"":""MultiPoint"",""coordinates"":[]}"
20110209,2011-02-09,0.0,"{""type"":""MultiPoint"",""coordinates"":[]}"
20110210,2011-02-10,0.0,"{""type"":""MultiPoint"",""coordinates"":[]}"
20110211,2011-02-11,0.0,"{""type"":""MultiPoint"",""coordinates"":[]}"
20110212,2011-02-12,0.0,"{""type"":""MultiPoint"",""coordinates"":[]}"
20110213,2011-02-13,0.0,"{""type"":""MultiPoint"",""coordinates"":[]}"
20110214,2011-02-14,0.0,"{""type"":""MultiPoint"",""coordinates"":[]}"
20110215,2011-02-15,0.0,"{""type"":""MultiPoint"",""coordinates"":[]}"
20110216,2011-02-16,0.0,"{""type"":""MultiPoint"",""coordinates"":[]}"
20110217,2011-02-17,0.0,"{""type"":""MultiPoint"",""coordinates"":[]}"
20110218,2011-02-18,0.0,"{""type"":""MultiPoint"",""coordinates"":[]}"
20110219,2011-02-19,0.0,"{""type"":""MultiPoint"",""coordinates"":[]}"
20110220,2011-02-20,0.0,"{""type"":""MultiPoint"",""coordinates"":[]}"
20110221,2011-02-21,0.0,"{""type"":""MultiPoint"",""coordinates"":[]}"
20110222,2011-02-22,0.00558597074925787,"{""type"":""MultiPoint"",""coordinates"":[]}"
20110223,2011-02-23,0.008264955971448544,"{""type"":""MultiPoint"",""coordinates"":[]}"
20110224,2011-02-24,0.0,"{""type"":""MultiPoint"",""coordinates"":[]}"
20110225,2011-02-25,0.0,"{""type"":""MultiPoint"",""coordinates"":[]}"
20110226,2011-02-26,0.0,"{""type"":""MultiPoint"",""coordinates"":[]}"
20110227,2011-02-27,0.0,"{""type"":""MultiPoint"",""coordinates"":[]}"
20110228,2011-02-28,0.0,"{""type"":""MultiPoint"",""coordinates"":[]}"
20110301,2011-03-01,0.0,"{""type"":""MultiPoint"",""coordinates"":[]}"
20110302,2011-03-02,0.0,"{""type"":""MultiPoint"",""coordinates"":[]}"
20110303,2011-03-03,0.0,"{""type"":""MultiPoint"",""coordinates"":[]}"
20110304,2011-03-04,0.0,"{""type"":""MultiPoint"",""coordinates"":[]}"
20110305,2011-03-05,0.0,"{""type"":""MultiPoint"",""coordinates"":[]}"
20110306,2011-03-06,0.0,"{""type"":""MultiPoint"",""coordinates"":[]}"
20110307,2011-03-07,0.0,"{""type"":""MultiPoint"",""coordinates"":[]}"
20110308,2011-03-08,0.0,"{""type"":""MultiPoint"",""coordinates"":[]}"
20110309,2011-03-09,0.0,"{""type"":""MultiPoint"",""coordinates"":[]}"
20110310,2011-03-10,0.0,"{""type"":""MultiPoint"",""coordinates"":[]}"
20110311,2011-03-11,0.0,"{""type"":""MultiPoint"",""coordinates"":[]}"
20110312,2011-03-12,0.0,"{""type"":""MultiPoint"",""coordinates"":[]}"
20110313,2011-03-13,0.0,"{""type"":""MultiPoint"",""coordinates"":[]}"
20110314,2011-03-14,0.0,"{""type"":""MultiPoint"",""coordinates"":[]}"
20110315,2011-03-15,0.0,"{""type"":""MultiPoint"",""coordinates"":[]}"
20110316,2011-03-16,0.0,"{""type"":""MultiPoint"",""coordinates"":[]}"
20110317,2011-03-17,0.0,"{""type"":""MultiPoint"",""coordinates"":[]}"
20110318,2011-03-18,0.0,"{""type"":""MultiPoint"",""coordinates"":[]}"
20110319,2011-03-19,0.0,"{""type"":""MultiPoint"",""coordinates"":[]}"
20110320,2011-03-20,0.0,"{""type"":""MultiPoint"",""coordinates"":[]}"
20110321,2011-03-21,0.0,"{""type"":""MultiPoint"",""coordinates"":[]}"
20110322,2011-03-22,0.0,"{""type"":""MultiPoint"",""coordinates"":[]}"
20110323,2011-03-23,0.0,"{""type"":""MultiPoint"",""coordinates"":[]}"
20110324,2011-03-24,0.0,"{""type"":""MultiPoint"",""coordinates"":[]}"
20110325,2011-03-25,0.0,"{""type"":""MultiPoint"",""coordinates"":[]}"
20110326,2011-03-26,0.0,"{""type"":""MultiPoint"",""coordinates"":[]}"
20110327,2011-03-27,0.0,"{""type"":""MultiPoint"",""coordinates"":[]}"
20110328,2011-03-28,0.0,"{""type"":""MultiPoint"",""coordinates"":[]}"
20110329,2011-03-29,0.0,"{""type"":""MultiPoint"",""coordinates"":[]}"
20110330,2011-03-30,0.0,"{""type"":""MultiPoint"",""coordinates"":[]}"
20110331,2011-03-31,0.0,"{""type"":""MultiPoint"",""coordinates"":[]}"
20110401,2011-04-01,0.0,"{""type"":""MultiPoint"",""coordinates"":[]}"
20110402,2011-04-02,0.0,"{""type"":""MultiPoint"",""coordinates"":[]}"
20110403,2011-04-03,0.0,"{""type"":""MultiPoint"",""coordinates"":[]}"
20110404,2011-04-04,0.0,"{""type"":""MultiPoint"",""coordinates"":[]}"
20110405,2011-04-05,0.0,"{""type"":""MultiPoint"",""coordinates"":[]}"
20110406,2011-04-06,0.0,"{""type"":""MultiPoint"",""coordinates"":[]}"
20110407,2011-04-07,0.0,"{""type"":""MultiPoint"",""coordinates"":[]}"
20110408,2011-04-08,0.0,"{""type"":""MultiPoint"",""coordinates"":[]}"
20110409,2011-04-09,0.04712546886413783,"{""type"":""MultiPoint"",""coordinates"":[]}"
20110410,2011-04-10,0.0,"{""type"":""MultiPoint"",""coordinates"":[]}"
20110411,2011-04-11,0.0,"{""type"":""MultiPoint"",""coordinates"":[]}"
20110412,2011-04-12,0.0,"{""type"":""MultiPoint"",""coordinates"":[]}"
20110413,2011-04-13,0.0,"{""type"":""MultiPoint"",""coordinates"":[]}"
20110414,2011-04-14,4.598916605554549,"{""type"":""MultiPoint"",""coordinates"":[]}"
20110415,2011-04-15,3.4065868766974883,"{""type"":""MultiPoint"",""coordinates"":[]}"
20110416,2011-04-16,1.2326225563397921,"{""type"":""MultiPoint"",""coordinates"":[]}"
20110417,2011-04-17,0.0,"{""type"":""MultiPoint"",""coordinates"":[]}"
20110418,2011-04-18,0.0,"{""type"":""MultiPoint"",""coordinates"":[]}"
20110419,2011-04-19,9.083958108151373,"{""type"":""MultiPoint"",""coordinates"":[]}"
20110420,2011-04-20,0.0,"{""type"":""MultiPoint"",""coordinates"":[]}"
20110421,2011-04-21,10.031725199534867,"{""type"":""MultiPoint"",""coordinates"":[]}"
20110422,2011-04-22,4.840663376860762,"{""type"":""MultiPoint"",""coordinates"":[]}"
20110423,2011-04-23,1.56429932499802,"{""type"":""MultiPoint"",""coordinates"":[]}"
20110424,2011-04-24,3.4096078112742485,"{""type"":""MultiPoint"",""coordinates"":[]}"
20110425,2011-04-25,0.0,"{""type"":""MultiPoint"",""coordinates"":[]}"
20110426,2011-04-26,0.07639132316518715,"{""type"":""MultiPoint"",""coordinates"":[]}"
20110427,2011-04-27,0.0,"{""type"":""MultiPoint"",""coordinates"":[]}"
20110428,2011-04-28,4.37814840375862,"{""type"":""MultiPoint"",""coordinates"":[]}"
20110429,2011-04-29,0.22114317898189562,"{""type"":""MultiPoint"",""coordinates"":[]}"
20110430,2011-04-30,2.275871393290694,"{""type"":""MultiPoint"",""coordinates"":[]}"
20110501,2011-05-01,0.0,"{""type"":""MultiPoint"",""coordinates"":[]}"
20110502,2011-05-02,1.8310261960126721,"{""type"":""MultiPoint"",""coordinates"":[]}"
20110503,2011-05-03,2.099671422905451,"{""type"":""MultiPoint"",""coordinates"":[]}"
20110504,2011-05-04,0.052279478354621864,"{""type"":""MultiPoint"",""coordinates"":[]}"
20110505,2011-05-05,0.0,"{""type"":""MultiPoint"",""coordinates"":[]}"
20110506,2011-05-06,0.0,"{""type"":""MultiPoint"",""coordinates"":[]}"
20110507,2011-05-07,0.0,"{""type"":""MultiPoint"",""coordinates"":[]}"
20110508,2011-05-08,0.0,"{""type"":""MultiPoint"",""coordinates"":[]}"
20110509,2011-05-09,0.0,"{""type"":""MultiPoint"",""coordinates"":[]}"
20110510,2011-05-10,0.0,"{""type"":""MultiPoint"",""coordinates"":[]}"
20110511,2011-05-11,0.0,"{""type"":""MultiPoint"",""coordinates"":[]}"
20110512,2011-05-12,0.10780750080418615,"{""type"":""MultiPoint"",""coordinates"":[]}"
20110513,2011-05-13,0.3204359638906832,"{""type"":""MultiPoint"",""coordinates"":[]}"
20110514,2011-05-14,5.754461861428018,"{""type"":""MultiPoint"",""coordinates"":[]}"
20110515,2011-05-15,1.3678724848724422,"{""type"":""MultiPoint"",""coordinates"":[]}"
20110516,2011-05-16,3.5442997574522863,"{""type"":""MultiPoint"",""coordinates"":[]}"
20110517,2011-05-17,5.709849443985586,"{""type"":""MultiPoint"",""coordinates"":[]}"
20110518,2011-05-18,0.5201138822569048,"{""type"":""MultiPoint"",""coordinates"":[]}"
20110519,2011-05-19,15.209226671383847,"{""type"":""MultiPoint"",""coordinates"":[]}"
20110520,2011-05-20,7.482522099665792,"{""type"":""MultiPoint"",""coordinates"":[]}"
20110521,2011-05-21,0.021004115730655182,"{""type"":""MultiPoint"",""coordinates"":[]}"
20110522,2011-05-22,0.0,"{""type"":""MultiPoint"",""coordinates"":[]}"
20110523,2011-05-23,0.0,"{""type"":""MultiPoint"",""coordinates"":[]}"
20110524,2011-05-24,0.7170911981817276,"{""type"":""MultiPoint"",""coordinates"":[]}"
20110525,2011-05-25,7.143080425350961,"{""type"":""MultiPoint"",""coordinates"":[]}"
20110526,2011-05-26,7.725632490778707,"{""type"":""MultiPoint"",""coordinates"":[]}"
20110527,2011-05-27,1.3327753406104643,"{""type"":""MultiPoint"",""coordinates"":[]}"
20110528,2011-05-28,6.1653395133534366,"{""type"":""MultiPoint"",""coordinates"":[]}"
20110529,2011-05-29,0.36653339181687755,"{""type"":""MultiPoint"",""coordinates"":[]}"
20110530,2011-05-30,1.7390287040488706,"{""type"":""MultiPoint"",""coordinates"":[]}"
20110531,2011-05-31,6.186301071011819,"{""type"":""MultiPoint"",""coordinates"":[]}"
20110601,2011-06-01,9.961448484904698,"{""type"":""MultiPoint"",""coordinates"":[]}"
20110602,2011-06-02,2.2735734526123577,"{""type"":""MultiPoint"",""coordinates"":[]}"
20110603,2011-06-03,0.0,"{""type"":""MultiPoint"",""coordinates"":[]}"
20110604,2011-06-04,0.0,"{""type"":""MultiPoint"",""coordinates"":[]}"
20110605,2011-06-05,0.025654048083489377,"{""type"":""MultiPoint"",""coordinates"":[]}"
20110606,2011-06-06,0.8300641490109785,"{""type"":""MultiPoint"",""coordinates"":[]}"
20110607,2011-06-07,2.327344681986815,"{""type"":""MultiPoint"",""coordinates"":[]}"
20110608,2011-06-08,1.397713000628872,"{""type"":""MultiPoint"",""coordinates"":[]}"
20110609,2011-06-09,0.0,"{""type"":""MultiPoint"",""coordinates"":[]}"
20110610,2011-06-10,1.81222445533393,"{""type"":""MultiPoint"",""coordinates"":[]}"
20110611,2011-06-11,0.055989093944783914,"{""type"":""MultiPoint"",""coordinates"":[]}"
20110612,2011-06-12,0.0017477703994312126,"{""type"":""MultiPoint"",""coordinates"":[]}"
20110613,2011-06-13,0.03064952829854456,"{""type"":""MultiPoint"",""coordinates"":[]}"
20110614,2011-06-14,0.17739544805361068,"{""type"":""MultiPoint"",""coordinates"":[]}"
20110615,2011-06-15,0.6387348883226056,"{""type"":""MultiPoint"",""coordinates"":[]}"
20110616,2011-06-16,0.0,"{""type"":""MultiPoint"",""coordinates"":[]}"
20110617,2011-06-17,0.0,"{""type"":""MultiPoint"",""coordinates"":[]}"
20110618,2011-06-18,0.03226589692776216,"{""type"":""MultiPoint"",""coordinates"":[]}"
20110619,2011-06-19,0.0,"{""type"":""MultiPoint"",""coordinates"":[]}"
20110620,2011-06-20,0.0,"{""type"":""MultiPoint"",""coordinates"":[]}"
20110621,2011-06-21,0.0,"{""type"":""MultiPoint"",""coordinates"":[]}"
20110622,2011-06-22,0.0,"{""type"":""MultiPoint"",""coordinates"":[]}"
20110623,2011-06-23,0.0,"{""type"":""MultiPoint"",""coordinates"":[]}"
20110624,2011-06-24,0.0,"{""type"":""MultiPoint"",""coordinates"":[]}"
20110625,2011-06-25,1.1302041267551977,"{""type"":""MultiPoint"",""coordinates"":[]}"
20110626,2011-06-26,1.3207852587580584,"{""type"":""MultiPoint"",""coordinates"":[]}"
20110627,2011-06-27,0.12451188293731133,"{""type"":""MultiPoint"",""coordinates"":[]}"
20110628,2011-06-28,0.007953259097043445,"{""type"":""MultiPoint"",""coordinates"":[]}"
20110629,2011-06-29,0.0,"{""type"":""MultiPoint"",""coordinates"":[]}"
20110630,2011-06-30,0.466963535764487,"{""type"":""MultiPoint"",""coordinates"":[]}"
20110701,2011-07-01,0.5684557951033226,"{""type"":""MultiPoint"",""coordinates"":[]}"
20110702,2011-07-02,4.173401452651704,"{""type"":""MultiPoint"",""coordinates"":[]}"
20110703,2011-07-03,0.914622137169111,"{""type"":""MultiPoint"",""coordinates"":[]}"
20110704,2011-07-04,1.4984240314961212,"{""type"":""MultiPoint"",""coordinates"":[]}"
20110705,2011-07-05,3.325880460602853,"{""type"":""MultiPoint"",""coordinates"":[]}"
20110706,2011-07-06,1.9398710855207768,"{""type"":""MultiPoint"",""coordinates"":[]}"
20110707,2011-07-07,0.048091594485119966,"{""type"":""MultiPoint"",""coordinates"":[]}"
20110708,2011-07-08,0.0,"{""type"":""MultiPoint"",""coordinates"":[]}"
20110709,2011-07-09,0.0,"{""type"":""MultiPoint"",""coordinates"":[]}"
20110710,2011-07-10,0.0,"{""type"":""MultiPoint"",""coordinates"":[]}"
20110711,2011-07-11,1.9435008607587015E-4,"{""type"":""MultiPoint"",""coordinates"":[]}"
20110712,2011-07-12,0.23516437013546176,"{""type"":""MultiPoint"",""coordinates"":[]}"
20110713,2011-07-13,3.332222386676646,"{""type"":""MultiPoint"",""coordinates"":[]}"
20110714,2011-07-14,0.0,"{""type"":""MultiPoint"",""coordinates"":[]}"
20110715,2011-07-15,0.0,"{""type"":""MultiPoint"",""coordinates"":[]}"
20110716,2011-07-16,0.031472289135213063,"{""type"":""MultiPoint"",""coordinates"":[]}"
20110717,2011-07-17,0.18021501547257077,"{""type"":""MultiPoint"",""coordinates"":[]}"
20110718,2011-07-18,1.1225794798961748,"{""type"":""MultiPoint"",""coordinates"":[]}"
20110719,2011-07-19,0.03402271060708273,"{""type"":""MultiPoint"",""coordinates"":[]}"
20110720,2011-07-20,1.6084217592845285,"{""type"":""MultiPoint"",""coordinates"":[]}"
20110721,2011-07-21,2.4685896295793506,"{""type"":""MultiPoint"",""coordinates"":[]}"
20110722,2011-07-22,0.9987109720875489,"{""type"":""MultiPoint"",""coordinates"":[]}"
20110723,2011-07-23,0.9409346934029766,"{""type"":""MultiPoint"",""coordinates"":[]}"
20110724,2011-07-24,0.17416763794476706,"{""type"":""MultiPoint"",""coordinates"":[]}"
20110725,2011-07-25,3.5669019519293443,"{""type"":""MultiPoint"",""coordinates"":[]}"
20110726,2011-07-26,3.1806040082473634,"{""type"":""MultiPoint"",""coordinates"":[]}"
20110727,2011-07-27,1.4664057978638736,"{""type"":""MultiPoint"",""coordinates"":[]}"
20110728,2011-07-28,0.16430431043074745,"{""type"":""MultiPoint"",""coordinates"":[]}"
20110729,2011-07-29,1.1437481382944188,"{""type"":""MultiPoint"",""coordinates"":[]}"
20110730,2011-07-30,0.7777392987923881,"{""type"":""MultiPoint"",""coordinates"":[]}"
20110731,2011-07-31,0.39392184440220984,"{""type"":""MultiPoint"",""coordinates"":[]}"
20110801,2011-08-01,0.1310641339451477,"{""type"":""MultiPoint"",""coordinates"":[]}"
20110802,2011-08-02,3.363042824672413,"{""type"":""MultiPoint"",""coordinates"":[]}"
20110803,2011-08-03,5.368751323012939,"{""type"":""MultiPoint"",""coordinates"":[]}"
20110804,2011-08-04,0.15377777026456793,"{""type"":""MultiPoint"",""coordinates"":[]}"
20110805,2011-08-05,0.21619082449837038,"{""type"":""MultiPoint"",""coordinates"":[]}"
20110806,2011-08-06,1.0173564870220815,"{""type"":""MultiPoint"",""coordinates"":[]}"
20110807,2011-08-07,0.028474711387175874,"{""type"":""MultiPoint"",""coordinates"":[]}"
20110808,2011-08-08,0.16996066965687245,"{""type"":""MultiPoint"",""coordinates"":[]}"
20110809,2011-08-09,0.06799844524101369,"{""type"":""MultiPoint"",""coordinates"":[]}"
20110810,2011-08-10,0.14418021090782943,"{""type"":""MultiPoint"",""coordinates"":[]}"
20110811,2011-08-11,0.5136016289895146,"{""type"":""MultiPoint"",""coordinates"":[]}"
20110812,2011-08-12,0.8035766890387855,"{""type"":""MultiPoint"",""coordinates"":[]}"
20110813,2011-08-13,1.0387360403934136,"{""type"":""MultiPoint"",""coordinates"":[]}"
20110814,2011-08-14,1.3239322814139403,"{""type"":""MultiPoint"",""coordinates"":[]}"
20110815,2011-08-15,1.949717115684242,"{""type"":""MultiPoint"",""coordinates"":[]}"
20110816,2011-08-16,4.6832522408638155,"{""type"":""MultiPoint"",""coordinates"":[]}"
20110817,2011-08-17,3.507820861899909,"{""type"":""MultiPoint"",""coordinates"":[]}"
20110818,2011-08-18,6.3407426715694815,"{""type"":""MultiPoint"",""coordinates"":[]}"
20110819,2011-08-19,6.3689018864980165,"{""type"":""MultiPoint"",""coordinates"":[]}"
20110820,2011-08-20,7.896516713512489,"{""type"":""MultiPoint"",""coordinates"":[]}"
20110821,2011-08-21,17.515534007887876,"{""type"":""MultiPoint"",""coordinates"":[]}"
20110822,2011-08-22,4.059398882064413,"{""type"":""MultiPoint"",""coordinates"":[]}"
20110823,2011-08-23,2.6005310727684905,"{""type"":""MultiPoint"",""coordinates"":[]}"
20110824,2011-08-24,7.330170349000196,"{""type"":""MultiPoint"",""coordinates"":[]}"
20110825,2011-08-25,1.3348219460496904,"{""type"":""MultiPoint"",""coordinates"":[]}"
20110826,2011-08-26,1.3438822636515422,"{""type"":""MultiPoint"",""coordinates"":[]}"
20110827,2011-08-27,5.528782883617447,"{""type"":""MultiPoint"",""coordinates"":[]}"
20110828,2011-08-28,0.0,"{""type"":""MultiPoint"",""coordinates"":[]}"
20110829,2011-08-29,0.0,"{""type"":""MultiPoint"",""coordinates"":[]}"
20110830,2011-08-30,0.07898610627944834,"{""type"":""MultiPoint"",""coordinates"":[]}"
20110831,2011-08-31,0.34336311318563306,"{""type"":""MultiPoint"",""coordinates"":[]}"
20110901,2011-09-01,8.335100857847694,"{""type"":""MultiPoint"",""coordinates"":[]}"
20110902,2011-09-02,0.11798086420806754,"{""type"":""MultiPoint"",""coordinates"":[]}"
20110903,2011-09-03,0.09236006044251768,"{""type"":""MultiPoint"",""coordinates"":[]}"
20110904,2011-09-04,0.334000566477889,"{""type"":""MultiPoint"",""coordinates"":[]}"
20110905,2011-09-05,0.0,"{""type"":""MultiPoint"",""coordinates"":[]}"
20110906,2011-09-06,0.2624164458319175,"{""type"":""MultiPoint"",""coordinates"":[]}"
20110907,2011-09-07,0.026845756342188505,"{""type"":""MultiPoint"",""coordinates"":[]}"
20110908,2011-09-08,1.3549257189791704,"{""type"":""MultiPoint"",""coordinates"":[]}"
20110909,2011-09-09,0.005048130902898978,"{""type"":""MultiPoint"",""coordinates"":[]}"
20110910,2011-09-10,0.0,"{""type"":""MultiPoint"",""coordinates"":[]}"
20110911,2011-09-11,0.0,"{""type"":""MultiPoint"",""coordinates"":[]}"
20110912,2011-09-12,0.14353472106088488,"{""type"":""MultiPoint"",""coordinates"":[]}"
20110913,2011-09-13,2.9492704858201475,"{""type"":""MultiPoint"",""coordinates"":[]}"
20110914,2011-09-14,8.067468690694708,"{""type"":""MultiPoint"",""coordinates"":[]}"
20110915,2011-09-15,8.759059931511572,"{""type"":""MultiPoint"",""coordinates"":[]}"
20110916,2011-09-16,2.173877286209621,"{""type"":""MultiPoint"",""coordinates"":[]}"
20110917,2011-09-17,1.5035160449096412,"{""type"":""MultiPoint"",""coordinates"":[]}"
20110918,2011-09-18,2.1536176080056255,"{""type"":""MultiPoint"",""coordinates"":[]}"
20110919,2011-09-19,5.405166981697296,"{""type"":""MultiPoint"",""coordinates"":[]}"
20110920,2011-09-20,5.589380008430176,"{""type"":""MultiPoint"",""coordinates"":[]}"
20110921,2011-09-21,0.0,"{""type"":""MultiPoint"",""coordinates"":[]}"
20110922,2011-09-22,0.0,"{""type"":""MultiPoint"",""coordinates"":[]}"
20110923,2011-09-23,0.0,"{""type"":""MultiPoint"",""coordinates"":[]}"
20110924,2011-09-24,0.0,"{""type"":""MultiPoint"",""coordinates"":[]}"
20110925,2011-09-25,0.0,"{""type"":""MultiPoint"",""coordinates"":[]}"
20110926,2011-09-26,0.0,"{""type"":""MultiPoint"",""coordinates"":[]}"
20110927,2011-09-27,0.0,"{""type"":""MultiPoint"",""coordinates"":[]}"
20110928,2011-09-28,0.0,"{""type"":""MultiPoint"",""coordinates"":[]}"
20110929,2011-09-29,1.0131177036437051E-4,"{""type"":""MultiPoint"",""coordinates"":[]}"
20110930,2011-09-30,0.0,"{""type"":""MultiPoint"",""coordinates"":[]}"
20111001,2011-10-01,0.0,"{""type"":""MultiPoint"",""coordinates"":[]}"
20111002,2011-10-02,0.848552211018608,"{""type"":""MultiPoint"",""coordinates"":[]}"
20111003,2011-10-03,0.5554390919987768,"{""type"":""MultiPoint"",""coordinates"":[]}"
20111004,2011-10-04,0.0,"{""type"":""MultiPoint"",""coordinates"":[]}"
20111005,2011-10-05,2.1279634385762494,"{""type"":""MultiPoint"",""coordinates"":[]}"
20111006,2011-10-06,0.1999173574734978,"{""type"":""MultiPoint"",""coordinates"":[]}"
20111007,2011-10-07,0.04564451035006775,"{""type"":""MultiPoint"",""coordinates"":[]}"
20111008,2011-10-08,1.0661638078568378,"{""type"":""MultiPoint"",""coordinates"":[]}"
20111009,2011-10-09,1.49131010678122,"{""type"":""MultiPoint"",""coordinates"":[]}"
20111010,2011-10-10,15.206843730699127,"{""type"":""MultiPoint"",""coordinates"":[]}"
20111011,2011-10-11,21.632164201951486,"{""type"":""MultiPoint"",""coordinates"":[]}"
20111012,2011-10-12,14.235787000528195,"{""type"":""MultiPoint"",""coordinates"":[]}"
20111013,2011-10-13,0.7544410191687073,"{""type"":""MultiPoint"",""coordinates"":[]}"
20111014,2011-10-14,0.27805688677532425,"{""type"":""MultiPoint"",""coordinates"":[]}"
20111015,2011-10-15,0.0,"{""type"":""MultiPoint"",""coordinates"":[]}"
20111016,2011-10-16,2.7633640454422923,"{""type"":""MultiPoint"",""coordinates"":[]}"
20111017,2011-10-17,2.709689926810323,"{""type"":""MultiPoint"",""coordinates"":[]}"
20111018,2011-10-18,0.24524134466580289,"{""type"":""MultiPoint"",""coordinates"":[]}"
20111019,2011-10-19,0.0,"{""type"":""MultiPoint"",""coordinates"":[]}"
20111020,2011-10-20,0.13036269400945477,"{""type"":""MultiPoint"",""coordinates"":[]}"
20111021,2011-10-21,0.0,"{""type"":""MultiPoint"",""coordinates"":[]}"
20111022,2011-10-22,0.0,"{""type"":""MultiPoint"",""coordinates"":[]}"
20111023,2011-10-23,0.2870891368980118,"{""type"":""MultiPoint"",""coordinates"":[]}"
20111024,2011-10-24,0.9542343413011221,"{""type"":""MultiPoint"",""coordinates"":[]}"
20111025,2011-10-25,13.641153235843081,"{""type"":""MultiPoint"",""coordinates"":[]}"
20111026,2011-10-26,12.186775481303775,"{""type"":""MultiPoint"",""coordinates"":[]}"
20111027,2011-10-27,10.602967346008652,"{""type"":""MultiPoint"",""coordinates"":[]}"
20111028,2011-10-28,0.018926778481600046,"{""type"":""MultiPoint"",""coordinates"":[]}"
20111029,2011-10-29,0.12747014079320215,"{""type"":""MultiPoint"",""coordinates"":[]}"
20111030,2011-10-30,0.5026766850439203,"{""type"":""MultiPoint"",""coordinates"":[]}"
20111031,2011-10-31,0.1961113927613107,"{""type"":""MultiPoint"",""coordinates"":[]}"
20111101,2011-11-01,0.10090577305370087,"{""type"":""MultiPoint"",""coordinates"":[]}"
20111102,2011-11-02,1.2468820332153214,"{""type"":""MultiPoint"",""coordinates"":[]}"
20111103,2011-11-03,3.120659914282739,"{""type"":""MultiPoint"",""coordinates"":[]}"
20111104,2011-11-04,0.04188556177278196,"{""type"":""MultiPoint"",""coordinates"":[]}"
20111105,2011-11-05,0.0,"{""type"":""MultiPoint"",""coordinates"":[]}"
20111106,2011-11-06,0.0,"{""type"":""MultiPoint"",""coordinates"":[]}"
20111107,2011-11-07,0.0,"{""type"":""MultiPoint"",""coordinates"":[]}"
20111108,2011-11-08,0.0,"{""type"":""MultiPoint"",""coordinates"":[]}"
20111109,2011-11-09,0.0,"{""type"":""MultiPoint"",""coordinates"":[]}"
20111110,2011-11-10,0.0,"{""type"":""MultiPoint"",""coordinates"":[]}"
20111111,2011-11-11,0.0,"{""type"":""MultiPoint"",""coordinates"":[]}"
20111112,2011-11-12,0.0,"{""type"":""MultiPoint"",""coordinates"":[]}"
20111113,2011-11-13,0.0,"{""type"":""MultiPoint"",""coordinates"":[]}"
20111114,2011-11-14,0.0,"{""type"":""MultiPoint"",""coordinates"":[]}"
20111115,2011-11-15,0.0,"{""type"":""MultiPoint"",""coordinates"":[]}"
20111116,2011-11-16,0.0,"{""type"":""MultiPoint"",""coordinates"":[]}"
20111117,2011-11-17,0.0,"{""type"":""MultiPoint"",""coordinates"":[]}"
20111118,2011-11-18,0.0,"{""type"":""MultiPoint"",""coordinates"":[]}"
20111119,2011-11-19,0.0,"{""type"":""MultiPoint"",""coordinates"":[]}"
20111120,2011-11-20,0.0,"{""type"":""MultiPoint"",""coordinates"":[]}"
20111121,2011-11-21,0.902176936068364,"{""type"":""MultiPoint"",""coordinates"":[]}"
20111122,2011-11-22,0.19174838844056885,"{""type"":""MultiPoint"",""coordinates"":[]}"
20111123,2011-11-23,0.0,"{""type"":""MultiPoint"",""coordinates"":[]}"
20111124,2011-11-24,0.0,"{""type"":""MultiPoint"",""coordinates"":[]}"
20111125,2011-11-25,3.267023459335615,"{""type"":""MultiPoint"",""coordinates"":[]}"
20111126,2011-11-26,16.393836161664954,"{""type"":""MultiPoint"",""coordinates"":[]}"
20111127,2011-11-27,9.92905707420497,"{""type"":""MultiPoint"",""coordinates"":[]}"
20111128,2011-11-28,0.29693893318390563,"{""type"":""MultiPoint"",""coordinates"":[]}"
20111129,2011-11-29,0.14101442168065767,"{""type"":""MultiPoint"",""coordinates"":[]}"
20111130,2011-11-30,0.0,"{""type"":""MultiPoint"",""coordinates"":[]}"
20111201,2011-12-01,0.0,"{""type"":""MultiPoint"",""coordinates"":[]}"
20111202,2011-12-02,7.047328201200435E-4,"{""type"":""MultiPoint"",""coordinates"":[]}"
20111203,2011-12-03,0.0,"{""type"":""MultiPoint"",""coordinates"":[]}"
20111204,2011-12-04,0.0,"{""type"":""MultiPoint"",""coordinates"":[]}"
20111205,2011-12-05,0.0,"{""type"":""MultiPoint"",""coordinates"":[]}"
20111206,2011-12-06,0.0,"{""type"":""MultiPoint"",""coordinates"":[]}"
20111207,2011-12-07,0.0,"{""type"":""MultiPoint"",""coordinates"":[]}"
20111208,2011-12-08,0.0,"{""type"":""MultiPoint"",""coordinates"":[]}"
20111209,2011-12-09,0.005808630387903448,"{""type"":""MultiPoint"",""coordinates"":[]}"
20111210,2011-12-10,0.0,"{""type"":""MultiPoint"",""coordinates"":[]}"
20111211,2011-12-11,0.0,"{""type"":""MultiPoint"",""coordinates"":[]}"
20111212,2011-12-12,0.0,"{""type"":""MultiPoint"",""coordinates"":[]}"
20111213,2011-12-13,0.0,"{""type"":""MultiPoint"",""coordinates"":[]}"
20111214,2011-12-14,9.456056232800053E-4,"{""type"":""MultiPoint"",""coordinates"":[]}"
20111215,2011-12-15,0.0027278815363934767,"{""type"":""MultiPoint"",""coordinates"":[]}"
20111216,2011-12-16,0.005682409522056317,"{""type"":""MultiPoint"",""coordinates"":[]}"
20111217,2011-12-17,0.0,"{""type"":""MultiPoint"",""coordinates"":[]}"
20111218,2011-12-18,2.242078446203024E-4,"{""type"":""MultiPoint"",""coordinates"":[]}"
20111219,2011-12-19,0.01478784198045618,"{""type"":""MultiPoint"",""coordinates"":[]}"
20111220,2011-12-20,0.04147091665610174,"{""type"":""MultiPoint"",""coordinates"":[]}"
20111221,2011-12-21,0.0,"{""type"":""MultiPoint"",""coordinates"":[]}"
20111222,2011-12-22,0.002973182284526964,"{""type"":""MultiPoint"",""coordinates"":[]}"
20111223,2011-12-23,0.013059946686576167,"{""type"":""MultiPoint"",""coordinates"":[]}"
20111224,2011-12-24,0.0,"{""type"":""MultiPoint"",""coordinates"":[]}"
20111225,2011-12-25,0.0,"{""type"":""MultiPoint"",""coordinates"":[]}"
20111226,2011-12-26,0.0,"{""type"":""MultiPoint"",""coordinates"":[]}"
20111227,2011-12-27,0.5841082200699917,"{""type"":""MultiPoint"",""coordinates"":[]}"
20111228,2011-12-28,0.0012398410230256864,"{""type"":""MultiPoint"",""coordinates"":[]}"
20111229,2011-12-29,1.384606195519712,"{""type"":""MultiPoint"",""coordinates"":[]}"
20111230,2011-12-30,1.4393913673699694,"{""type"":""MultiPoint"",""coordinates"":[]}"
20111231,2011-12-31,0.0,"{""type"":""MultiPoint"",""coordinates"":[]}"
20120101,2012-01-01,0.0,"{""type"":""MultiPoint"",""coordinates"":[]}"
20120102,2012-01-02,0.0,"{""type"":""MultiPoint"",""coordinates"":[]}"
20120103,2012-01-03,0.0,"{""type"":""MultiPoint"",""coordinates"":[]}"
20120104,2012-01-04,0.0,"{""type"":""MultiPoint"",""coordinates"":[]}"
20120105,2012-01-05,0.0,"{""type"":""MultiPoint"",""coordinates"":[]}"
20120106,2012-01-06,0.02141890344421433,"{""type"":""MultiPoint"",""coordinates"":[]}"
20120107,2012-01-07,0.0,"{""type"":""MultiPoint"",""coordinates"":[]}"
20120108,2012-01-08,0.0,"{""type"":""MultiPoint"",""coordinates"":[]}"
20120109,2012-01-09,0.0,"{""type"":""MultiPoint"",""coordinates"":[]}"
20120110,2012-01-10,0.12744292302442317,"{""type"":""MultiPoint"",""coordinates"":[]}"
20120111,2012-01-11,0.18221277748143835,"{""type"":""MultiPoint"",""coordinates"":[]}"
20120112,2012-01-12,0.0,"{""type"":""MultiPoint"",""coordinates"":[]}"
20120113,2012-01-13,0.0,"{""type"":""MultiPoint"",""coordinates"":[]}"
20120114,2012-01-14,0.0,"{""type"":""MultiPoint"",""coordinates"":[]}"
20120115,2012-01-15,0.0,"{""type"":""MultiPoint"",""coordinates"":[]}"
20120116,2012-01-16,0.0,"{""type"":""MultiPoint"",""coordinates"":[]}"
20120117,2012-01-17,0.0,"{""type"":""MultiPoint"",""coordinates"":[]}"
20120118,2012-01-18,0.0,"{""type"":""MultiPoint"",""coordinates"":[]}"
20120119,2012-01-19,0.0,"{""type"":""MultiPoint"",""coordinates"":[]}"
20120120,2012-01-20,0.0,"{""type"":""MultiPoint"",""coordinates"":[]}"
20120121,2012-01-21,0.0,"{""type"":""MultiPoint"",""coordinates"":[]}"
20120122,2012-01-22,0.0,"{""type"":""MultiPoint"",""coordinates"":[]}"
20120123,2012-01-23,0.0,"{""type"":""MultiPoint"",""coordinates"":[]}"
20120124,2012-01-24,0.0,"{""type"":""MultiPoint"",""coordinates"":[]}"
20120125,2012-01-25,0.0,"{""type"":""MultiPoint"",""coordinates"":[]}"
20120126,2012-01-26,0.0,"{""type"":""MultiPoint"",""coordinates"":[]}"
20120127,2012-01-27,0.0,"{""type"":""MultiPoint"",""coordinates"":[]}"
20120128,2012-01-28,0.0,"{""type"":""MultiPoint"",""coordinates"":[]}"
20120129,2012-01-29,0.0,"{""type"":""MultiPoint"",""coordinates"":[]}"
20120130,2012-01-30,0.0,"{""type"":""MultiPoint"",""coordinates"":[]}"
20120131,2012-01-31,0.0,"{""type"":""MultiPoint"",""coordinates"":[]}"
20120201,2012-02-01,0.0,"{""type"":""MultiPoint"",""coordinates"":[]}"
20120202,2012-02-02,0.0,"{""type"":""MultiPoint"",""coordinates"":[]}"
20120203,2012-02-03,0.0,"{""type"":""MultiPoint"",""coordinates"":[]}"
20120204,2012-02-04,0.0,"{""type"":""MultiPoint"",""coordinates"":[]}"
20120205,2012-02-05,0.0,"{""type"":""MultiPoint"",""coordinates"":[]}"
20120206,2012-02-06,0.0,"{""type"":""MultiPoint"",""coordinates"":[]}"
20120207,2012-02-07,0.0,"{""type"":""MultiPoint"",""coordinates"":[]}"
20120208,2012-02-08,0.0,"{""type"":""MultiPoint"",""coordinates"":[]}"
20120209,2012-02-09,0.0,"{""type"":""MultiPoint"",""coordinates"":[]}"
20120210,2012-02-10,0.027483950897648525,"{""type"":""MultiPoint"",""coordinates"":[]}"
20120211,2012-02-11,0.14080952746514988,"{""type"":""MultiPoint"",""coordinates"":[]}"
20120212,2012-02-12,0.0023908912374548457,"{""type"":""MultiPoint"",""coordinates"":[]}"
20120213,2012-02-13,0.0,"{""type"":""MultiPoint"",""coordinates"":[]}"
20120214,2012-02-14,0.007482882511833041,"{""type"":""MultiPoint"",""coordinates"":[]}"
20120215,2012-02-15,0.023722285228093,"{""type"":""MultiPoint"",""coordinates"":[]}"
20120216,2012-02-16,0.0,"{""type"":""MultiPoint"",""coordinates"":[]}"
20120217,2012-02-17,0.0,"{""type"":""MultiPoint"",""coordinates"":[]}"
20120218,2012-02-18,0.0,"{""type"":""MultiPoint"",""coordinates"":[]}"
20120219,2012-02-19,0.0,"{""type"":""MultiPoint"",""coordinates"":[]}"
20120220,2012-02-20,0.0,"{""type"":""MultiPoint"",""coordinates"":[]}"
20120221,2012-02-21,0.0,"{""type"":""MultiPoint"",""coordinates"":[]}"
20120222,2012-02-22,0.0,"{""type"":""MultiPoint"",""coordinates"":[]}"
20120223,2012-02-23,0.012567847039922836,"{""type"":""MultiPoint"",""coordinates"":[]}"
20120224,2012-02-24,0.06064572322371431,"{""type"":""MultiPoint"",""coordinates"":[]}"
20120225,2012-02-25,0.0,"{""type"":""MultiPoint"",""coordinates"":[]}"
20120226,2012-02-26,0.0,"{""type"":""MultiPoint"",""coordinates"":[]}"
20120227,2012-02-27,0.0,"{""type"":""MultiPoint"",""coordinates"":[]}"
20120228,2012-02-28,0.0,"{""type"":""MultiPoint"",""coordinates"":[]}"
20120229,2012-02-29,0.0,"{""type"":""MultiPoint"",""coordinates"":[]}"
20120301,2012-03-01,0.0,"{""type"":""MultiPoint"",""coordinates"":[]}"
20120302,2012-03-02,0.0,"{""type"":""MultiPoint"",""coordinates"":[]}"
20120303,2012-03-03,0.0,"{""type"":""MultiPoint"",""coordinates"":[]}"
20120304,2012-03-04,0.0,"{""type"":""MultiPoint"",""coordinates"":[]}"
20120305,2012-03-05,0.001248237873090397,"{""type"":""MultiPoint"",""coordinates"":[]}"
20120306,2012-03-06,0.0,"{""type"":""MultiPoint"",""coordinates"":[]}"
20120307,2012-03-07,0.0,"{""type"":""MultiPoint"",""coordinates"":[]}"
20120308,2012-03-08,0.0,"{""type"":""MultiPoint"",""coordinates"":[]}"
20120309,2012-03-09,0.0,"{""type"":""MultiPoint"",""coordinates"":[]}"
20120310,2012-03-10,0.0,"{""type"":""MultiPoint"",""coordinates"":[]}"
20120311,2012-03-11,0.0,"{""type"":""MultiPoint"",""coordinates"":[]}"
20120312,2012-03-12,0.0,"{""type"":""MultiPoint"",""coordinates"":[]}"
20120313,2012-03-13,5.078091163780612E-4,"{""type"":""MultiPoint"",""coordinates"":[]}"
20120314,2012-03-14,0.0,"{""type"":""MultiPoint"",""coordinates"":[]}"
20120315,2012-03-15,0.0,"{""type"":""MultiPoint"",""coordinates"":[]}"
20120316,2012-03-16,0.0,"{""type"":""MultiPoint"",""coordinates"":[]}"
20120317,2012-03-17,0.0,"{""type"":""MultiPoint"",""coordinates"":[]}"
20120318,2012-03-18,0.0,"{""type"":""MultiPoint"",""coordinates"":[]}"
20120319,2012-03-19,0.0,"{""type"":""MultiPoint"",""coordinates"":[]}"
20120320,2012-03-20,0.0,"{""type"":""MultiPoint"",""coordinates"":[]}"
20120321,2012-03-21,0.0,"{""type"":""MultiPoint"",""coordinates"":[]}"
20120322,2012-03-22,0.0,"{""type"":""MultiPoint"",""coordinates"":[]}"
20120323,2012-03-23,0.0,"{""type"":""MultiPoint"",""coordinates"":[]}"
20120324,2012-03-24,0.0,"{""type"":""MultiPoint"",""coordinates"":[]}"
20120325,2012-03-25,0.0,"{""type"":""MultiPoint"",""coordinates"":[]}"
20120326,2012-03-26,0.0,"{""type"":""MultiPoint"",""coordinates"":[]}"
20120327,2012-03-27,0.0,"{""type"":""MultiPoint"",""coordinates"":[]}"
20120328,2012-03-28,0.011608310292008385,"{""type"":""MultiPoint"",""coordinates"":[]}"
20120329,2012-03-29,0.0,"{""type"":""MultiPoint"",""coordinates"":[]}"
20120330,2012-03-30,1.920016473848174,"{""type"":""MultiPoint"",""coordinates"":[]}"
20120331,2012-03-31,0.0760715628569064,"{""type"":""MultiPoint"",""coordinates"":[]}"
20120401,2012-04-01,0.0,"{""type"":""MultiPoint"",""coordinates"":[]}"
20120402,2012-04-02,0.0,"{""type"":""MultiPoint"",""coordinates"":[]}"
20120403,2012-04-03,0.0,"{""type"":""MultiPoint"",""coordinates"":[]}"
20120404,2012-04-04,0.0,"{""type"":""MultiPoint"",""coordinates"":[]}"
20120405,2012-04-05,0.6259735125581787,"{""type"":""MultiPoint"",""coordinates"":[]}"
20120406,2012-04-06,0.04784869349758901,"{""type"":""MultiPoint"",""coordinates"":[]}"
20120407,2012-04-07,0.15684992647457613,"{""type"":""MultiPoint"",""coordinates"":[]}"
20120408,2012-04-08,0.8369707871397621,"{""type"":""MultiPoint"",""coordinates"":[]}"
20120409,2012-04-09,0.5179728333999846,"{""type"":""MultiPoint"",""coordinates"":[]}"
20120410,2012-04-10,0.43110337100266266,"{""type"":""MultiPoint"",""coordinates"":[]}"
20120411,2012-04-11,6.254811272609307,"{""type"":""MultiPoint"",""coordinates"":[]}"
20120412,2012-04-12,7.7183513295825685,"{""type"":""MultiPoint"",""coordinates"":[]}"
20120413,2012-04-13,0.14622251155986996,"{""type"":""MultiPoint"",""coordinates"":[]}"
20120414,2012-04-14,0.0,"{""type"":""MultiPoint"",""coordinates"":[]}"
20120415,2012-04-15,0.0,"{""type"":""MultiPoint"",""coordinates"":[]}"
20120416,2012-04-16,0.13335364376207068,"{""type"":""MultiPoint"",""coordinates"":[]}"
20120417,2012-04-17,2.255372613706783,"{""type"":""MultiPoint"",""coordinates"":[]}"
20120418,2012-04-18,7.481440271115678,"{""type"":""MultiPoint"",""coordinates"":[]}"
20120419,2012-04-19,0.3804963344071788,"{""type"":""MultiPoint"",""coordinates"":[]}"
20120420,2012-04-20,0.11455831051517879,"{""type"":""MultiPoint"",""coordinates"":[]}"
20120421,2012-04-21,0.3351438563465744,"{""type"":""MultiPoint"",""coordinates"":[]}"
20120422,2012-04-22,0.7973506090422656,"{""type"":""MultiPoint"",""coordinates"":[]}"
20120423,2012-04-23,3.3521149502756904,"{""type"":""MultiPoint"",""coordinates"":[]}"
20120424,2012-04-24,1.095448580839204,"{""type"":""MultiPoint"",""coordinates"":[]}"
20120425,2012-04-25,9.235131511711742,"{""type"":""MultiPoint"",""coordinates"":[]}"
20120426,2012-04-26,3.3370422845563508,"{""type"":""MultiPoint"",""coordinates"":[]}"
20120427,2012-04-27,5.921944410262111,"{""type"":""MultiPoint"",""coordinates"":[]}"
20120428,2012-04-28,0.25852366555763134,"{""type"":""MultiPoint"",""coordinates"":[]}"
20120429,2012-04-29,3.4335368000343207,"{""type"":""MultiPoint"",""coordinates"":[]}"
20120430,2012-04-30,1.1371847361233725,"{""type"":""MultiPoint"",""coordinates"":[]}"
20120501,2012-05-01,2.4763175124427774,"{""type"":""MultiPoint"",""coordinates"":[]}"
20120502,2012-05-02,0.3671438737083425,"{""type"":""MultiPoint"",""coordinates"":[]}"
20120503,2012-05-03,0.0,"{""type"":""MultiPoint"",""coordinates"":[]}"
20120504,2012-05-04,0.0,"{""type"":""MultiPoint"",""coordinates"":[]}"
20120505,2012-05-05,0.0,"{""type"":""MultiPoint"",""coordinates"":[]}"
20120506,2012-05-06,0.0,"{""type"":""MultiPoint"",""coordinates"":[]}"
20120507,2012-05-07,0.0,"{""type"":""MultiPoint"",""coordinates"":[]}"
20120508,2012-05-08,3.192806968948965,"{""type"":""MultiPoint"",""coordinates"":[]}"
20120509,2012-05-09,0.19879504149904945,"{""type"":""MultiPoint"",""coordinates"":[]}"
20120510,2012-05-10,6.375548638642236,"{""type"":""MultiPoint"",""coordinates"":[]}"
20120511,2012-05-11,1.5116143002374394,"{""type"":""MultiPoint"",""coordinates"":[]}"
20120512,2012-05-12,6.555067164336387,"{""type"":""MultiPoint"",""coordinates"":[]}"
20120513,2012-05-13,1.6048288683387686,"{""type"":""MultiPoint"",""coordinates"":[]}"
20120514,2012-05-14,0.8761928502158834,"{""type"":""MultiPoint"",""coordinates"":[]}"
20120515,2012-05-15,6.6484563206641525,"{""type"":""MultiPoint"",""coordinates"":[]}"
20120516,2012-05-16,9.319642334831098,"{""type"":""MultiPoint"",""coordinates"":[]}"
20120517,2012-05-17,0.03080972173092576,"{""type"":""MultiPoint"",""coordinates"":[]}"
20120518,2012-05-18,0.0,"{""type"":""MultiPoint"",""coordinates"":[]}"
20120519,2012-05-19,0.0,"{""type"":""MultiPoint"",""coordinates"":[]}"
20120520,2012-05-20,0.5127684883972351,"{""type"":""MultiPoint"",""coordinates"":[]}"
20120521,2012-05-21,0.0,"{""type"":""MultiPoint"",""coordinates"":[]}"
20120522,2012-05-22,0.0,"{""type"":""MultiPoint"",""coordinates"":[]}"
20120523,2012-05-23,0.0,"{""type"":""MultiPoint"",""coordinates"":[]}"
20120524,2012-05-24,0.0,"{""type"":""MultiPoint"",""coordinates"":[]}"
20120525,2012-05-25,0.0,"{""type"":""MultiPoint"",""coordinates"":[]}"
20120526,2012-05-26,0.008475745540512648,"{""type"":""MultiPoint"",""coordinates"":[]}"
20120527,2012-05-27,0.0,"{""type"":""MultiPoint"",""coordinates"":[]}"
20120528,2012-05-28,0.0,"{""type"":""MultiPoint"",""coordinates"":[]}"
20120529,2012-05-29,0.0,"{""type"":""MultiPoint"",""coordinates"":[]}"
20120530,2012-05-30,0.0,"{""type"":""MultiPoint"",""coordinates"":[]}"
20120531,2012-05-31,8.958346034223968E-4,"{""type"":""MultiPoint"",""coordinates"":[]}"
20120601,2012-06-01,0.0013270582447658537,"{""type"":""MultiPoint"",""coordinates"":[]}"
20120602,2012-06-02,0.0,"{""type"":""MultiPoint"",""coordinates"":[]}"
20120603,2012-06-03,0.0,"{""type"":""MultiPoint"",""coordinates"":[]}"
20120604,2012-06-04,0.5099992826305878,"{""type"":""MultiPoint"",""coordinates"":[]}"
20120605,2012-06-05,0.0,"{""type"":""MultiPoint"",""coordinates"":[]}"
20120606,2012-06-06,0.17993293255146087,"{""type"":""MultiPoint"",""coordinates"":[]}"
20120607,2012-06-07,0.012938853403603706,"{""type"":""MultiPoint"",""coordinates"":[]}"
20120608,2012-06-08,0.0,"{""type"":""MultiPoint"",""coordinates"":[]}"
20120609,2012-06-09,0.22405877148429318,"{""type"":""MultiPoint"",""coordinates"":[]}"
20120610,2012-06-10,0.547921463139156,"{""type"":""MultiPoint"",""coordinates"":[]}"
20120611,2012-06-11,0.0,"{""type"":""MultiPoint"",""coordinates"":[]}"
20120612,2012-06-12,0.009377938407542925,"{""type"":""MultiPoint"",""coordinates"":[]}"
20120613,2012-06-13,0.24378663132354697,"{""type"":""MultiPoint"",""coordinates"":[]}"
20120614,2012-06-14,0.07295901388062208,"{""type"":""MultiPoint"",""coordinates"":[]}"
20120615,2012-06-15,0.0,"{""type"":""MultiPoint"",""coordinates"":[]}"
20120616,2012-06-16,2.737559233752204,"{""type"":""MultiPoint"",""coordinates"":[]}"
20120617,2012-06-17,2.296082121174232,"{""type"":""MultiPoint"",""coordinates"":[]}"
20120618,2012-06-18,1.7996093688620016,"{""type"":""MultiPoint"",""coordinates"":[]}"
20120619,2012-06-19,1.1126404171148818,"{""type"":""MultiPoint"",""coordinates"":[]}"
20120620,2012-06-20,0.0,"{""type"":""MultiPoint"",""coordinates"":[]}"
20120621,2012-06-21,0.2718810028666162,"{""type"":""MultiPoint"",""coordinates"":[]}"
20120622,2012-06-22,0.01914875444620707,"{""type"":""MultiPoint"",""coordinates"":[]}"
20120623,2012-06-23,0.0,"{""type"":""MultiPoint"",""coordinates"":[]}"
20120624,2012-06-24,0.3474971253244077,"{""type"":""MultiPoint"",""coordinates"":[]}"
20120625,2012-06-25,0.8932037848430956,"{""type"":""MultiPoint"",""coordinates"":[]}"
20120626,2012-06-26,5.322633854495688,"{""type"":""MultiPoint"",""coordinates"":[]}"
20120627,2012-06-27,0.27826760083321067,"{""type"":""MultiPoint"",""coordinates"":[]}"
20120628,2012-06-28,0.27486617439195266,"{""type"":""MultiPoint"",""coordinates"":[]}"
20120629,2012-06-29,0.0,"{""type"":""MultiPoint"",""coordinates"":[]}"
20120630,2012-06-30,0.05544346258908246,"{""type"":""MultiPoint"",""coordinates"":[]}"
20120701,2012-07-01,0.6483670630112366,"{""type"":""MultiPoint"",""coordinates"":[]}"
20120702,2012-07-02,0.0,"{""type"":""MultiPoint"",""coordinates"":[]}"
20120703,2012-07-03,0.24563646030911132,"{""type"":""MultiPoint"",""coordinates"":[]}"
20120704,2012-07-04,0.0,"{""type"":""MultiPoint"",""coordinates"":[]}"
20120705,2012-07-05,0.0,"{""type"":""MultiPoint"",""coordinates"":[]}"
20120706,2012-07-06,1.1334618372098502,"{""type"":""MultiPoint"",""coordinates"":[]}"
20120707,2012-07-07,1.0059285532628632,"{""type"":""MultiPoint"",""coordinates"":[]}"
20120708,2012-07-08,0.46636357165735653,"{""type"":""MultiPoint"",""coordinates"":[]}"
20120709,2012-07-09,2.0564072923276213,"{""type"":""MultiPoint"",""coordinates"":[]}"
20120710,2012-07-10,1.9499347760312402,"{""type"":""MultiPoint"",""coordinates"":[]}"
20120711,2012-07-11,0.9048872055036422,"{""type"":""MultiPoint"",""coordinates"":[]}"
20120712,2012-07-12,0.0,"{""type"":""MultiPoint"",""coordinates"":[]}"
20120713,2012-07-13,0.6549127493084406,"{""type"":""MultiPoint"",""coordinates"":[]}"
20120714,2012-07-14,1.9225919736302441,"{""type"":""MultiPoint"",""coordinates"":[]}"
20120715,2012-07-15,1.5319541606292277,"{""type"":""MultiPoint"",""coordinates"":[]}"
20120716,2012-07-16,3.4801595975697865,"{""type"":""MultiPoint"",""coordinates"":[]}"
20120717,2012-07-17,2.22201713891718,"{""type"":""MultiPoint"",""coordinates"":[]}"
20120718,2012-07-18,4.1538105881944585,"{""type"":""MultiPoint"",""coordinates"":[]}"
20120719,2012-07-19,2.2209162145399124,"{""type"":""MultiPoint"",""coordinates"":[]}"
20120720,2012-07-20,1.6440604622946793,"{""type"":""MultiPoint"",""coordinates"":[]}"
20120721,2012-07-21,4.139647906483029,"{""type"":""MultiPoint"",""coordinates"":[]}"
20120722,2012-07-22,0.00405615632434561,"{""type"":""MultiPoint"",""coordinates"":[]}"
20120723,2012-07-23,0.003161256368395519,"{""type"":""MultiPoint"",""coordinates"":[]}"
20120724,2012-07-24,0.035853647410935156,"{""type"":""MultiPoint"",""coordinates"":[]}"
20120725,2012-07-25,3.596480243791526,"{""type"":""MultiPoint"",""coordinates"":[]}"
20120726,2012-07-26,4.441734964461568,"{""type"":""MultiPoint"",""coordinates"":[]}"
20120727,2012-07-27,1.2785927394214056,"{""type"":""MultiPoint"",""coordinates"":[]}"
20120728,2012-07-28,0.823919002882598,"{""type"":""MultiPoint"",""coordinates"":[]}"
20120729,2012-07-29,1.944008202430201,"{""type"":""MultiPoint"",""coordinates"":[]}"
20120730,2012-07-30,0.0,"{""type"":""MultiPoint"",""coordinates"":[]}"
20120731,2012-07-31,0.38327124147031344,"{""type"":""MultiPoint"",""coordinates"":[]}"
20120801,2012-08-01,0.007654060659248739,"{""type"":""MultiPoint"",""coordinates"":[]}"
20120802,2012-08-02,0.0035076213375408267,"{""type"":""MultiPoint"",""coordinates"":[]}"
20120803,2012-08-03,0.7746538213336526,"{""type"":""MultiPoint"",""coordinates"":[]}"
20120804,2012-08-04,0.0,"{""type"":""MultiPoint"",""coordinates"":[]}"
20120805,2012-08-05,0.8408220650049866,"{""type"":""MultiPoint"",""coordinates"":[]}"
20120806,2012-08-06,2.177301782408124,"{""type"":""MultiPoint"",""coordinates"":[]}"
20120807,2012-08-07,0.12569188338538745,"{""type"":""MultiPoint"",""coordinates"":[]}"
20120808,2012-08-08,0.6330766068846871,"{""type"":""MultiPoint"",""coordinates"":[]}"
20120809,2012-08-09,0.49018871769571637,"{""type"":""MultiPoint"",""coordinates"":[]}"
20120810,2012-08-10,1.1923299251860229,"{""type"":""MultiPoint"",""coordinates"":[]}"
20120811,2012-08-11,0.15097987346847536,"{""type"":""MultiPoint"",""coordinates"":[]}"
20120812,2012-08-12,0.5238717203288988,"{""type"":""MultiPoint"",""coordinates"":[]}"
20120813,2012-08-13,0.055430747773486576,"{""type"":""MultiPoint"",""coordinates"":[]}"
20120814,2012-08-14,0.22846885060213645,"{""type"":""MultiPoint"",""coordinates"":[]}"
20120815,2012-08-15,0.24220770412129958,"{""type"":""MultiPoint"",""coordinates"":[]}"
20120816,2012-08-16,0.25572461463244056,"{""type"":""MultiPoint"",""coordinates"":[]}"
20120817,2012-08-17,0.0,"{""type"":""MultiPoint"",""coordinates"":[]}"
20120818,2012-08-18,0.13855978813382414,"{""type"":""MultiPoint"",""coordinates"":[]}"
20120819,2012-08-19,0.0038701072592805716,"{""type"":""MultiPoint"",""coordinates"":[]}"
20120820,2012-08-20,0.0,"{""type"":""MultiPoint"",""coordinates"":[]}"
20120821,2012-08-21,7.539077968339854,"{""type"":""MultiPoint"",""coordinates"":[]}"
20120822,2012-08-22,3.917034539203252,"{""type"":""MultiPoint"",""coordinates"":[]}"
20120823,2012-08-23,11.02186720499138,"{""type"":""MultiPoint"",""coordinates"":[]}"
20120824,2012-08-24,1.9652510283207243,"{""type"":""MultiPoint"",""coordinates"":[]}"
20120825,2012-08-25,12.177091025450576,"{""type"":""MultiPoint"",""coordinates"":[]}"
20120826,2012-08-26,16.41445859797687,"{""type"":""MultiPoint"",""coordinates"":[]}"
20120827,2012-08-27,0.6453124802936591,"{""type"":""MultiPoint"",""coordinates"":[]}"
20120828,2012-08-28,1.3934815531979368,"{""type"":""MultiPoint"",""coordinates"":[]}"
20120829,2012-08-29,2.693476701733648,"{""type"":""MultiPoint"",""coordinates"":[]}"
20120830,2012-08-30,2.765537793432566,"{""type"":""MultiPoint"",""coordinates"":[]}"
20120831,2012-08-31,0.07985581893480886,"{""type"":""MultiPoint"",""coordinates"":[]}"
20120901,2012-09-01,0.0,"{""type"":""MultiPoint"",""coordinates"":[]}"
20120902,2012-09-02,7.287375021019942,"{""type"":""MultiPoint"",""coordinates"":[]}"
20120903,2012-09-03,14.768019341719102,"{""type"":""MultiPoint"",""coordinates"":[]}"
20120904,2012-09-04,1.8676887513211529,"{""type"":""MultiPoint"",""coordinates"":[]}"
20120905,2012-09-05,0.0,"{""type"":""MultiPoint"",""coordinates"":[]}"
20120906,2012-09-06,1.7460371010932698,"{""type"":""MultiPoint"",""coordinates"":[]}"
20120907,2012-09-07,1.071234417282569,"{""type"":""MultiPoint"",""coordinates"":[]}"
20120908,2012-09-08,3.2483453609829027,"{""type"":""MultiPoint"",""coordinates"":[]}"
20120909,2012-09-09,2.349118083446169,"{""type"":""MultiPoint"",""coordinates"":[]}"
20120910,2012-09-10,4.414684271304103,"{""type"":""MultiPoint"",""coordinates"":[]}"
20120911,2012-09-11,1.7359863769129555,"{""type"":""MultiPoint"",""coordinates"":[]}"
20120912,2012-09-12,0.15843735623631758,"{""type"":""MultiPoint"",""coordinates"":[]}"
20120913,2012-09-13,0.0,"{""type"":""MultiPoint"",""coordinates"":[]}"
20120914,2012-09-14,0.0,"{""type"":""MultiPoint"",""coordinates"":[]}"
20120915,2012-09-15,0.0,"{""type"":""MultiPoint"",""coordinates"":[]}"
20120916,2012-09-16,0.009051566307815194,"{""type"":""MultiPoint"",""coordinates"":[]}"
20120917,2012-09-17,0.0,"{""type"":""MultiPoint"",""coordinates"":[]}"
20120918,2012-09-18,0.0,"{""type"":""MultiPoint"",""coordinates"":[]}"
20120919,2012-09-19,0.004026016783575679,"{""type"":""MultiPoint"",""coordinates"":[]}"
20120920,2012-09-20,1.4403750686095538,"{""type"":""MultiPoint"",""coordinates"":[]}"
20120921,2012-09-21,1.4042304549342814,"{""type"":""MultiPoint"",""coordinates"":[]}"
20120922,2012-09-22,0.0,"{""type"":""MultiPoint"",""coordinates"":[]}"
20120923,2012-09-23,0.0,"{""type"":""MultiPoint"",""coordinates"":[]}"
20120924,2012-09-24,0.0,"{""type"":""MultiPoint"",""coordinates"":[]}"
20120925,2012-09-25,0.0,"{""type"":""MultiPoint"",""coordinates"":[]}"
20120926,2012-09-26,13.897870114961748,"{""type"":""MultiPoint"",""coordinates"":[]}"
20120927,2012-09-27,5.050159213722624,"{""type"":""MultiPoint"",""coordinates"":[]}"
20120928,2012-09-28,5.764503523469729,"{""type"":""MultiPoint"",""coordinates"":[]}"
20120929,2012-09-29,4.80599777986097,"{""type"":""MultiPoint"",""coordinates"":[]}"
20120930,2012-09-30,5.173003718910223,"{""type"":""MultiPoint"",""coordinates"":[]}"
20121001,2012-10-01,15.313503767901675,"{""type"":""MultiPoint"",""coordinates"":[]}"
20121002,2012-10-02,5.258508394965766,"{""type"":""MultiPoint"",""coordinates"":[]}"
20121003,2012-10-03,4.69112117077844,"{""type"":""MultiPoint"",""coordinates"":[]}"
20121004,2012-10-04,0.0,"{""type"":""MultiPoint"",""coordinates"":[]}"
20121005,2012-10-05,0.0,"{""type"":""MultiPoint"",""coordinates"":[]}"
20121006,2012-10-06,13.115012500816777,"{""type"":""MultiPoint"",""coordinates"":[]}"
20121007,2012-10-07,7.403205975211127,"{""type"":""MultiPoint"",""coordinates"":[]}"
20121008,2012-10-08,0.0,"{""type"":""MultiPoint"",""coordinates"":[]}"
20121009,2012-10-09,0.0,"{""type"":""MultiPoint"",""coordinates"":[]}"
20121010,2012-10-10,0.0,"{""type"":""MultiPoint"",""coordinates"":[]}"
20121011,2012-10-11,0.0,"{""type"":""MultiPoint"",""coordinates"":[]}"
20121012,2012-10-12,0.0,"{""type"":""MultiPoint"",""coordinates"":[]}"
20121013,2012-10-13,0.0,"{""type"":""MultiPoint"",""coordinates"":[]}"
20121014,2012-10-14,1.5482853540821702,"{""type"":""MultiPoint"",""coordinates"":[]}"
20121015,2012-10-15,0.39982046588311715,"{""type"":""MultiPoint"",""coordinates"":[]}"
20121016,2012-10-16,0.0,"{""type"":""MultiPoint"",""coordinates"":[]}"
20121017,2012-10-17,0.0,"{""type"":""MultiPoint"",""coordinates"":[]}"
20121018,2012-10-18,0.0,"{""type"":""MultiPoint"",""coordinates"":[]}"
20121019,2012-10-19,5.087943639462819,"{""type"":""MultiPoint"",""coordinates"":[]}"
20121020,2012-10-20,2.981929974905599,"{""type"":""MultiPoint"",""coordinates"":[]}"
20121021,2012-10-21,0.8754362689944641,"{""type"":""MultiPoint"",""coordinates"":[]}"
20121022,2012-10-22,2.1314574027051156,"{""type"":""MultiPoint"",""coordinates"":[]}"
20121023,2012-10-23,4.662251442811894,"{""type"":""MultiPoint"",""coordinates"":[]}"
20121024,2012-10-24,0.6063533312922645,"{""type"":""MultiPoint"",""coordinates"":[]}"
20121025,2012-10-25,0.0,"{""type"":""MultiPoint"",""coordinates"":[]}"
20121026,2012-10-26,0.0,"{""type"":""MultiPoint"",""coordinates"":[]}"
20121027,2012-10-27,0.0,"{""type"":""MultiPoint"",""coordinates"":[]}"
20121028,2012-10-28,0.0,"{""type"":""MultiPoint"",""coordinates"":[]}"
20121029,2012-10-29,2.4362243080931987,"{""type"":""MultiPoint"",""coordinates"":[]}"
20121030,2012-10-30,6.252270651597231,"{""type"":""MultiPoint"",""coordinates"":[]}"
20121031,2012-10-31,24.74684123746409,"{""type"":""MultiPoint"",""coordinates"":[]}"
20121101,2012-11-01,29.87497912138692,"{""type"":""MultiPoint"",""coordinates"":[]}"
20121102,2012-11-02,2.426546672475012,"{""type"":""MultiPoint"",""coordinates"":[]}"
20121103,2012-11-03,18.259112674946635,"{""type"":""MultiPoint"",""coordinates"":[]}"
20121104,2012-11-04,2.777818053284112,"{""type"":""MultiPoint"",""coordinates"":[]}"
20121105,2012-11-05,0.7079675350780757,"{""type"":""MultiPoint"",""coordinates"":[]}"
20121106,2012-11-06,0.0,"{""type"":""MultiPoint"",""coordinates"":[]}"
20121107,2012-11-07,0.0292133125154586,"{""type"":""MultiPoint"",""coordinates"":[]}"
20121108,2012-11-08,0.0,"{""type"":""MultiPoint"",""coordinates"":[]}"
20121109,2012-11-09,0.003887211288121194,"{""type"":""MultiPoint"",""coordinates"":[]}"
20121110,2012-11-10,0.0,"{""type"":""MultiPoint"",""coordinates"":[]}"
20121111,2012-11-11,0.0,"{""type"":""MultiPoint"",""coordinates"":[]}"
20121112,2012-11-12,0.0,"{""type"":""MultiPoint"",""coordinates"":[]}"
20121113,2012-11-13,0.0,"{""type"":""MultiPoint"",""coordinates"":[]}"
20121114,2012-11-14,0.0,"{""type"":""MultiPoint"",""coordinates"":[]}"
20121115,2012-11-15,0.0,"{""type"":""MultiPoint"",""coordinates"":[]}"
20121116,2012-11-16,0.0,"{""type"":""MultiPoint"",""coordinates"":[]}"
20121117,2012-11-17,0.0,"{""type"":""MultiPoint"",""coordinates"":[]}"
20121118,2012-11-18,0.0,"{""type"":""MultiPoint"",""coordinates"":[]}"
20121119,2012-11-19,0.0,"{""type"":""MultiPoint"",""coordinates"":[]}"
20121120,2012-11-20,0.0,"{""type"":""MultiPoint"",""coordinates"":[]}"
20121121,2012-11-21,0.0,"{""type"":""MultiPoint"",""coordinates"":[]}"
20121122,2012-11-22,0.0,"{""type"":""MultiPoint"",""coordinates"":[]}"
20121123,2012-11-23,0.02868495247134204,"{""type"":""MultiPoint"",""coordinates"":[]}"
20121124,2012-11-24,0.0,"{""type"":""MultiPoint"",""coordinates"":[]}"
20121125,2012-11-25,0.0,"{""type"":""MultiPoint"",""coordinates"":[]}"
20121126,2012-11-26,0.0,"{""type"":""MultiPoint"",""coordinates"":[]}"
20121127,2012-11-27,0.0,"{""type"":""MultiPoint"",""coordinates"":[]}"
20121128,2012-11-28,0.0,"{""type"":""MultiPoint"",""coordinates"":[]}"
20121129,2012-11-29,0.0,"{""type"":""MultiPoint"",""coordinates"":[]}"
20121130,2012-11-30,0.0011652470159500667,"{""type"":""MultiPoint"",""coordinates"":[]}"
20121201,2012-12-01,0.0,"{""type"":""MultiPoint"",""coordinates"":[]}"
20121202,2012-12-02,0.0,"{""type"":""MultiPoint"",""coordinates"":[]}"
20121203,2012-12-03,0.18275183790710492,"{""type"":""MultiPoint"",""coordinates"":[]}"
20121204,2012-12-04,1.8240929047848113,"{""type"":""MultiPoint"",""coordinates"":[]}"
20121205,2012-12-05,0.0,"{""type"":""MultiPoint"",""coordinates"":[]}"
20121206,2012-12-06,0.0,"{""type"":""MultiPoint"",""coordinates"":[]}"
20121207,2012-12-07,0.0,"{""type"":""MultiPoint"",""coordinates"":[]}"
20121208,2012-12-08,0.0,"{""type"":""MultiPoint"",""coordinates"":[]}"
20121209,2012-12-09,0.0,"{""type"":""MultiPoint"",""coordinates"":[]}"
20121210,2012-12-10,0.0,"{""type"":""MultiPoint"",""coordinates"":[]}"
20121211,2012-12-11,0.0,"{""type"":""MultiPoint"",""coordinates"":[]}"
20121212,2012-12-12,0.0,"{""type"":""MultiPoint"",""coordinates"":[]}"
20121213,2012-12-13,0.0,"{""type"":""MultiPoint"",""coordinates"":[]}"
20121214,2012-12-14,0.0,"{""type"":""MultiPoint"",""coordinates"":[]}"
20121215,2012-12-15,0.0,"{""type"":""MultiPoint"",""coordinates"":[]}"
20121216,2012-12-16,0.04046214329377917,"{""type"":""MultiPoint"",""coordinates"":[]}"
20121217,2012-12-17,0.04229435749881152,"{""type"":""MultiPoint"",""coordinates"":[]}"
20121218,2012-12-18,1.7507188331191736,"{""type"":""MultiPoint"",""coordinates"":[]}"
20121219,2012-12-19,0.0,"{""type"":""MultiPoint"",""coordinates"":[]}"
20121220,2012-12-20,0.0,"{""type"":""MultiPoint"",""coordinates"":[]}"
20121221,2012-12-21,0.0163939424667607,"{""type"":""MultiPoint"",""coordinates"":[]}"
20121222,2012-12-22,0.0,"{""type"":""MultiPoint"",""coordinates"":[]}"
20121223,2012-12-23,0.0251237552397604,"{""type"":""MultiPoint"",""coordinates"":[]}"
20121224,2012-12-24,0.004409847524670367,"{""type"":""MultiPoint"",""coordinates"":[]}"
20121225,2012-12-25,5.051281694194043E-4,"{""type"":""MultiPoint"",""coordinates"":[]}"
20121226,2012-12-26,0.0,"{""type"":""MultiPoint"",""coordinates"":[]}"
20121227,2012-12-27,0.0,"{""type"":""MultiPoint"",""coordinates"":[]}"
20121228,2012-12-28,0.2931357905580689,"{""type"":""MultiPoint"",""coordinates"":[]}"
20121229,2012-12-29,0.12308015784577685,"{""type"":""MultiPoint"",""coordinates"":[]}"
20121230,2012-12-30,0.0,"{""type"":""MultiPoint"",""coordinates"":[]}"
20121231,2012-12-31,0.0,"{""type"":""MultiPoint"",""coordinates"":[]}"
20130101,2013-01-01,0.17409251629486722,"{""type"":""MultiPoint"",""coordinates"":[]}"
20130102,2013-01-02,0.0,"{""type"":""MultiPoint"",""coordinates"":[]}"
20130103,2013-01-03,0.0,"{""type"":""MultiPoint"",""coordinates"":[]}"
20130104,2013-01-04,0.0,"{""type"":""MultiPoint"",""coordinates"":[]}"
20130105,2013-01-05,0.0,"{""type"":""MultiPoint"",""coordinates"":[]}"
20130106,2013-01-06,0.0,"{""type"":""MultiPoint"",""coordinates"":[]}"
20130107,2013-01-07,0.0,"{""type"":""MultiPoint"",""coordinates"":[]}"
20130108,2013-01-08,0.0,"{""type"":""MultiPoint"",""coordinates"":[]}"
20130109,2013-01-09,0.00159197139227675,"{""type"":""MultiPoint"",""coordinates"":[]}"
20130110,2013-01-10,0.0,"{""type"":""MultiPoint"",""coordinates"":[]}"
20130111,2013-01-11,0.0,"{""type"":""MultiPoint"",""coordinates"":[]}"
20130112,2013-01-12,0.0,"{""type"":""MultiPoint"",""coordinates"":[]}"
20130113,2013-01-13,0.0,"{""type"":""MultiPoint"",""coordinates"":[]}"
20130114,2013-01-14,0.0,"{""type"":""MultiPoint"",""coordinates"":[]}"
20130115,2013-01-15,0.08675071036256964,"{""type"":""MultiPoint"",""coordinates"":[]}"
20130116,2013-01-16,0.0,"{""type"":""MultiPoint"",""coordinates"":[]}"
20130117,2013-01-17,0.0,"{""type"":""MultiPoint"",""coordinates"":[]}"
20130118,2013-01-18,0.0,"{""type"":""MultiPoint"",""coordinates"":[]}"
20130119,2013-01-19,0.03322007726482218,"{""type"":""MultiPoint"",""coordinates"":[]}"
20130120,2013-01-20,0.0,"{""type"":""MultiPoint"",""coordinates"":[]}"
20130121,2013-01-21,0.0,"{""type"":""MultiPoint"",""coordinates"":[]}"
20130122,2013-01-22,0.0,"{""type"":""MultiPoint"",""coordinates"":[]}"
20130123,2013-01-23,0.0,"{""type"":""MultiPoint"",""coordinates"":[]}"
20130124,2013-01-24,0.0,"{""type"":""MultiPoint"",""coordinates"":[]}"
20130125,2013-01-25,0.0,"{""type"":""MultiPoint"",""coordinates"":[]}"
20130126,2013-01-26,0.0,"{""type"":""MultiPoint"",""coordinates"":[]}"
20130127,2013-01-27,0.0,"{""type"":""MultiPoint"",""coordinates"":[]}"
20130128,2013-01-28,0.0,"{""type"":""MultiPoint"",""coordinates"":[]}"
20130129,2013-01-29,0.0,"{""type"":""MultiPoint"",""coordinates"":[]}"
20130130,2013-01-30,0.0,"{""type"":""MultiPoint"",""coordinates"":[]}"
20130131,2013-01-31,0.0,"{""type"":""MultiPoint"",""coordinates"":[]}"
20130201,2013-02-01,0.0,"{""type"":""MultiPoint"",""coordinates"":[]}"
20130202,2013-02-02,0.0,"{""type"":""MultiPoint"",""coordinates"":[]}"
20130203,2013-02-03,0.0,"{""type"":""MultiPoint"",""coordinates"":[]}"
20130204,2013-02-04,0.0,"{""type"":""MultiPoint"",""coordinates"":[]}"
20130205,2013-02-05,0.0020461190008399695,"{""type"":""MultiPoint"",""coordinates"":[]}"
20130206,2013-02-06,0.0,"{""type"":""MultiPoint"",""coordinates"":[]}"
20130207,2013-02-07,0.0,"{""type"":""MultiPoint"",""coordinates"":[]}"
20130208,2013-02-08,0.0,"{""type"":""MultiPoint"",""coordinates"":[]}"
20130209,2013-02-09,0.0,"{""type"":""MultiPoint"",""coordinates"":[]}"
20130210,2013-02-10,0.0,"{""type"":""MultiPoint"",""coordinates"":[]}"
20130211,2013-02-11,0.0,"{""type"":""MultiPoint"",""coordinates"":[]}"
20130212,2013-02-12,0.0,"{""type"":""MultiPoint"",""coordinates"":[]}"
20130213,2013-02-13,0.0,"{""type"":""MultiPoint"",""coordinates"":[]}"
20130214,2013-02-14,0.009155327191963875,"{""type"":""MultiPoint"",""coordinates"":[]}"
20130215,2013-02-15,0.5537432956820708,"{""type"":""MultiPoint"",""coordinates"":[]}"
20130216,2013-02-16,0.06247223214563017,"{""type"":""MultiPoint"",""coordinates"":[]}"
20130217,2013-02-17,0.0,"{""type"":""MultiPoint"",""coordinates"":[]}"
20130218,2013-02-18,0.0,"{""type"":""MultiPoint"",""coordinates"":[]}"
20130219,2013-02-19,0.0,"{""type"":""MultiPoint"",""coordinates"":[]}"
20130220,2013-02-20,0.0,"{""type"":""MultiPoint"",""coordinates"":[]}"
20130221,2013-02-21,0.0,"{""type"":""MultiPoint"",""coordinates"":[]}"
20130222,2013-02-22,0.0,"{""type"":""MultiPoint"",""coordinates"":[]}"
20130223,2013-02-23,0.0,"{""type"":""MultiPoint"",""coordinates"":[]}"
20130224,2013-02-24,0.0,"{""type"":""MultiPoint"",""coordinates"":[]}"
20130225,2013-02-25,0.0,"{""type"":""MultiPoint"",""coordinates"":[]}"
20130226,2013-02-26,0.0,"{""type"":""MultiPoint"",""coordinates"":[]}"
20130227,2013-02-27,0.0,"{""type"":""MultiPoint"",""coordinates"":[]}"
20130228,2013-02-28,0.0,"{""type"":""MultiPoint"",""coordinates"":[]}"
20130301,2013-03-01,0.0,"{""type"":""MultiPoint"",""coordinates"":[]}"
20130302,2013-03-02,0.0,"{""type"":""MultiPoint"",""coordinates"":[]}"
20130303,2013-03-03,0.0,"{""type"":""MultiPoint"",""coordinates"":[]}"
20130304,2013-03-04,0.6687885140995101,"{""type"":""MultiPoint"",""coordinates"":[]}"
20130305,2013-03-05,0.6395694708087253,"{""type"":""MultiPoint"",""coordinates"":[]}"
20130306,2013-03-06,0.0,"{""type"":""MultiPoint"",""coordinates"":[]}"
20130307,2013-03-07,0.0,"{""type"":""MultiPoint"",""coordinates"":[]}"
20130308,2013-03-08,0.019815540652854412,"{""type"":""MultiPoint"",""coordinates"":[]}"
20130309,2013-03-09,0.0,"{""type"":""MultiPoint"",""coordinates"":[]}"
20130310,2013-03-10,0.0,"{""type"":""MultiPoint"",""coordinates"":[]}"
20130311,2013-03-11,0.3073096879790722,"{""type"":""MultiPoint"",""coordinates"":[]}"
20130312,2013-03-12,0.0,"{""type"":""MultiPoint"",""coordinates"":[]}"
20130313,2013-03-13,0.0,"{""type"":""MultiPoint"",""coordinates"":[]}"
20130314,2013-03-14,0.0,"{""type"":""MultiPoint"",""coordinates"":[]}"
20130315,2013-03-15,0.0,"{""type"":""MultiPoint"",""coordinates"":[]}"
20130316,2013-03-16,0.0269003586126825,"{""type"":""MultiPoint"",""coordinates"":[]}"
20130317,2013-03-17,0.0,"{""type"":""MultiPoint"",""coordinates"":[]}"
20130318,2013-03-18,0.0877366288259829,"{""type"":""MultiPoint"",""coordinates"":[]}"
20130319,2013-03-19,0.0,"{""type"":""MultiPoint"",""coordinates"":[]}"
20130320,2013-03-20,0.24243092821525516,"{""type"":""MultiPoint"",""coordinates"":[]}"
20130321,2013-03-21,0.07500244800579728,"{""type"":""MultiPoint"",""coordinates"":[]}"
20130322,2013-03-22,0.0,"{""type"":""MultiPoint"",""coordinates"":[]}"
20130323,2013-03-23,0.0,"{""type"":""MultiPoint"",""coordinates"":[]}"
20130324,2013-03-24,0.0,"{""type"":""MultiPoint"",""coordinates"":[]}"
20130325,2013-03-25,0.0,"{""type"":""MultiPoint"",""coordinates"":[]}"
20130326,2013-03-26,0.0,"{""type"":""MultiPoint"",""coordinates"":[]}"
20130327,2013-03-27,0.0,"{""type"":""MultiPoint"",""coordinates"":[]}"
20130328,2013-03-28,0.0,"{""type"":""MultiPoint"",""coordinates"":[]}"
20130329,2013-03-29,0.0,"{""type"":""MultiPoint"",""coordinates"":[]}"
20130330,2013-03-30,0.0,"{""type"":""MultiPoint"",""coordinates"":[]}"
20130331,2013-03-31,0.9055220455179747,"{""type"":""MultiPoint"",""coordinates"":[]}"
20130401,2013-04-01,4.826881492535023E-4,"{""type"":""MultiPoint"",""coordinates"":[]}"
20130402,2013-04-02,0.2923613646290704,"{""type"":""MultiPoint"",""coordinates"":[]}"
20130403,2013-04-03,0.0063572200846411684,"{""type"":""MultiPoint"",""coordinates"":[]}"
20130404,2013-04-04,0.0,"{""type"":""MultiPoint"",""coordinates"":[]}"
20130405,2013-04-05,1.9904798843419629,"{""type"":""MultiPoint"",""coordinates"":[]}"
20130406,2013-04-06,0.24006675630556173,"{""type"":""MultiPoint"",""coordinates"":[]}"
20130407,2013-04-07,0.0,"{""type"":""MultiPoint"",""coordinates"":[]}"
20130408,2013-04-08,0.0,"{""type"":""MultiPoint"",""coordinates"":[]}"
20130409,2013-04-09,0.07282769915019703,"{""type"":""MultiPoint"",""coordinates"":[]}"
20130410,2013-04-10,0.0,"{""type"":""MultiPoint"",""coordinates"":[]}"
20130411,2013-04-11,0.0,"{""type"":""MultiPoint"",""coordinates"":[]}"
20130412,2013-04-12,0.0,"{""type"":""MultiPoint"",""coordinates"":[]}"
20130413,2013-04-13,0.0,"{""type"":""MultiPoint"",""coordinates"":[]}"
20130414,2013-04-14,0.0,"{""type"":""MultiPoint"",""coordinates"":[]}"
20130415,2013-04-15,0.5145052646027466,"{""type"":""MultiPoint"",""coordinates"":[]}"
20130416,2013-04-16,0.0,"{""type"":""MultiPoint"",""coordinates"":[]}"
20130417,2013-04-17,0.0,"{""type"":""MultiPoint"",""coordinates"":[]}"
20130418,2013-04-18,0.0,"{""type"":""MultiPoint"",""coordinates"":[]}"
20130419,2013-04-19,0.0,"{""type"":""MultiPoint"",""coordinates"":[]}"
20130420,2013-04-20,0.0,"{""type"":""MultiPoint"",""coordinates"":[]}"
20130421,2013-04-21,0.0,"{""type"":""MultiPoint"",""coordinates"":[]}"
20130422,2013-04-22,0.0,"{""type"":""MultiPoint"",""coordinates"":[]}"
20130423,2013-04-23,0.0,"{""type"":""MultiPoint"",""coordinates"":[]}"
20130424,2013-04-24,1.8381601121302382,"{""type"":""MultiPoint"",""coordinates"":[]}"
20130425,2013-04-25,3.641876128425502,"{""type"":""MultiPoint"",""coordinates"":[]}"
20130426,2013-04-26,0.8930064765713044,"{""type"":""MultiPoint"",""coordinates"":[]}"
20130427,2013-04-27,0.2973040303825339,"{""type"":""MultiPoint"",""coordinates"":[]}"
20130428,2013-04-28,5.383642241829393,"{""type"":""MultiPoint"",""coordinates"":[]}"
20130429,2013-04-29,3.896365668130002,"{""type"":""MultiPoint"",""coordinates"":[]}"
20130430,2013-04-30,0.0,"{""type"":""MultiPoint"",""coordinates"":[]}"
20130501,2013-05-01,0.0,"{""type"":""MultiPoint"",""coordinates"":[]}"
20130502,2013-05-02,4.286007189911294,"{""type"":""MultiPoint"",""coordinates"":[]}"
20130503,2013-05-03,1.200729748550252,"{""type"":""MultiPoint"",""coordinates"":[]}"
20130504,2013-05-04,0.0,"{""type"":""MultiPoint"",""coordinates"":[]}"
20130505,2013-05-05,3.8470027062545507,"{""type"":""MultiPoint"",""coordinates"":[]}"
20130506,2013-05-06,0.2908446685774551,"{""type"":""MultiPoint"",""coordinates"":[]}"
20130507,2013-05-07,1.7335502284021116,"{""type"":""MultiPoint"",""coordinates"":[]}"
20130508,2013-05-08,9.485773645741782,"{""type"":""MultiPoint"",""coordinates"":[]}"
20130509,2013-05-09,3.1609231522944863,"{""type"":""MultiPoint"",""coordinates"":[]}"
20130510,2013-05-10,1.378081321931724,"{""type"":""MultiPoint"",""coordinates"":[]}"
20130511,2013-05-11,0.0,"{""type"":""MultiPoint"",""coordinates"":[]}"
20130512,2013-05-12,2.064512213182797,"{""type"":""MultiPoint"",""coordinates"":[]}"
20130513,2013-05-13,8.20237152146598,"{""type"":""MultiPoint"",""coordinates"":[]}"
20130514,2013-05-14,0.13833042031059203,"{""type"":""MultiPoint"",""coordinates"":[]}"
20130515,2013-05-15,0.019518116806322938,"{""type"":""MultiPoint"",""coordinates"":[]}"
20130516,2013-05-16,0.6852453188990585,"{""type"":""MultiPoint"",""coordinates"":[]}"
20130517,2013-05-17,0.0,"{""type"":""MultiPoint"",""coordinates"":[]}"
20130518,2013-05-18,1.0976518503736206,"{""type"":""MultiPoint"",""coordinates"":[]}"
20130519,2013-05-19,0.02087722821038223,"{""type"":""MultiPoint"",""coordinates"":[]}"
20130520,2013-05-20,9.471120741319012,"{""type"":""MultiPoint"",""coordinates"":[]}"
20130521,2013-05-21,0.0,"{""type"":""MultiPoint"",""coordinates"":[]}"
20130522,2013-05-22,0.5417679221697718,"{""type"":""MultiPoint"",""coordinates"":[]}"
20130523,2013-05-23,0.0,"{""type"":""MultiPoint"",""coordinates"":[]}"
20130524,2013-05-24,0.0,"{""type"":""MultiPoint"",""coordinates"":[]}"
20130525,2013-05-25,0.0,"{""type"":""MultiPoint"",""coordinates"":[]}"
20130526,2013-05-26,1.331535241274499,"{""type"":""MultiPoint"",""coordinates"":[]}"
20130527,2013-05-27,0.0,"{""type"":""MultiPoint"",""coordinates"":[]}"
20130528,2013-05-28,5.304422519820092,"{""type"":""MultiPoint"",""coordinates"":[]}"
20130529,2013-05-29,3.1751605989300247,"{""type"":""MultiPoint"",""coordinates"":[]}"
20130530,2013-05-30,7.179153791121275,"{""type"":""MultiPoint"",""coordinates"":[]}"
20130531,2013-05-31,12.921325510652236,"{""type"":""MultiPoint"",""coordinates"":[]}"
20130601,2013-06-01,4.410413392110873,"{""type"":""MultiPoint"",""coordinates"":[]}"
20130602,2013-06-02,6.431324359633624,"{""type"":""MultiPoint"",""coordinates"":[]}"
20130603,2013-06-03,0.5405514683026531,"{""type"":""MultiPoint"",""coordinates"":[]}"
20130604,2013-06-04,0.22068792788925304,"{""type"":""MultiPoint"",""coordinates"":[]}"
20130605,2013-06-05,2.3189825647856535,"{""type"":""MultiPoint"",""coordinates"":[]}"
20130606,2013-06-06,4.953379854531981,"{""type"":""MultiPoint"",""coordinates"":[]}"
20130607,2013-06-07,3.838352251541889,"{""type"":""MultiPoint"",""coordinates"":[]}"
20130608,2013-06-08,4.104520677091611,"{""type"":""MultiPoint"",""coordinates"":[]}"
20130609,2013-06-09,0.010808096713919746,"{""type"":""MultiPoint"",""coordinates"":[]}"
20130610,2013-06-10,2.5381441889262697,"{""type"":""MultiPoint"",""coordinates"":[]}"
20130611,2013-06-11,2.7242327232202865,"{""type"":""MultiPoint"",""coordinates"":[]}"
20130612,2013-06-12,2.3930464144177415,"{""type"":""MultiPoint"",""coordinates"":[]}"
20130613,2013-06-13,1.781794231148623,"{""type"":""MultiPoint"",""coordinates"":[]}"
20130614,2013-06-14,1.9711020937677126,"{""type"":""MultiPoint"",""coordinates"":[]}"
20130615,2013-06-15,0.032352400404511754,"{""type"":""MultiPoint"",""coordinates"":[]}"
20130616,2013-06-16,3.4617552666039227E-4,"{""type"":""MultiPoint"",""coordinates"":[]}"
20130617,2013-06-17,0.0,"{""type"":""MultiPoint"",""coordinates"":[]}"
20130618,2013-06-18,0.06218904399299569,"{""type"":""MultiPoint"",""coordinates"":[]}"
20130619,2013-06-19,0.0,"{""type"":""MultiPoint"",""coordinates"":[]}"
20130620,2013-06-20,0.5898137424495207,"{""type"":""MultiPoint"",""coordinates"":[]}"
20130621,2013-06-21,1.1812384465563917,"{""type"":""MultiPoint"",""coordinates"":[]}"
20130622,2013-06-22,0.783563090242852,"{""type"":""MultiPoint"",""coordinates"":[]}"
20130623,2013-06-23,1.7336147762264182,"{""type"":""MultiPoint"",""coordinates"":[]}"
20130624,2013-06-24,2.4882117815278693,"{""type"":""MultiPoint"",""coordinates"":[]}"
20130625,2013-06-25,1.4798322791198804,"{""type"":""MultiPoint"",""coordinates"":[]}"
20130626,2013-06-26,0.03646596439450857,"{""type"":""MultiPoint"",""coordinates"":[]}"
20130627,2013-06-27,0.6322522369827452,"{""type"":""MultiPoint"",""coordinates"":[]}"
20130628,2013-06-28,0.0,"{""type"":""MultiPoint"",""coordinates"":[]}"
20130629,2013-06-29,0.4023189543264799,"{""type"":""MultiPoint"",""coordinates"":[]}"
20130630,2013-06-30,0.11366752700837433,"{""type"":""MultiPoint"",""coordinates"":[]}"
20130701,2013-07-01,0.0015765623579364874,"{""type"":""MultiPoint"",""coordinates"":[]}"
20130702,2013-07-02,0.03706371392892192,"{""type"":""MultiPoint"",""coordinates"":[]}"
20130703,2013-07-03,0.6597412858441718,"{""type"":""MultiPoint"",""coordinates"":[]}"
20130704,2013-07-04,1.7276998855976524,"{""type"":""MultiPoint"",""coordinates"":[]}"
20130705,2013-07-05,1.3667763590410393,"{""type"":""MultiPoint"",""coordinates"":[]}"
20130706,2013-07-06,2.207602056875465,"{""type"":""MultiPoint"",""coordinates"":[]}"
20130707,2013-07-07,2.192735520291438,"{""type"":""MultiPoint"",""coordinates"":[]}"
20130708,2013-07-08,0.22906792764730471,"{""type"":""MultiPoint"",""coordinates"":[]}"
20130709,2013-07-09,1.0915658960179186,"{""type"":""MultiPoint"",""coordinates"":[]}"
20130710,2013-07-10,1.9230500899667313,"{""type"":""MultiPoint"",""coordinates"":[]}"
20130711,2013-07-11,2.15451946901623,"{""type"":""MultiPoint"",""coordinates"":[]}"
20130712,2013-07-12,1.6446953531160078,"{""type"":""MultiPoint"",""coordinates"":[]}"
20130713,2013-07-13,0.5924957844567976,"{""type"":""MultiPoint"",""coordinates"":[]}"
20130714,2013-07-14,0.30577798286538943,"{""type"":""MultiPoint"",""coordinates"":[]}"
20130715,2013-07-15,1.6352373685117578,"{""type"":""MultiPoint"",""coordinates"":[]}"
20130716,2013-07-16,3.4676694440239806,"{""type"":""MultiPoint"",""coordinates"":[]}"
20130717,2013-07-17,2.638343614336599,"{""type"":""MultiPoint"",""coordinates"":[]}"
20130718,2013-07-18,1.7022991090697703,"{""type"":""MultiPoint"",""coordinates"":[]}"
20130719,2013-07-19,1.1569010832381923,"{""type"":""MultiPoint"",""coordinates"":[]}"
20130720,2013-07-20,0.0889769773599577,"{""type"":""MultiPoint"",""coordinates"":[]}"
20130721,2013-07-21,0.16136918027518232,"{""type"":""MultiPoint"",""coordinates"":[]}"
20130722,2013-07-22,3.567748486409514,"{""type"":""MultiPoint"",""coordinates"":[]}"
20130723,2013-07-23,0.6505450179591091,"{""type"":""MultiPoint"",""coordinates"":[]}"
20130724,2013-07-24,0.4139850096672599,"{""type"":""MultiPoint"",""coordinates"":[]}"
20130725,2013-07-25,0.0,"{""type"":""MultiPoint"",""coordinates"":[]}"
20130726,2013-07-26,0.0,"{""type"":""MultiPoint"",""coordinates"":[]}"
20130727,2013-07-27,0.019226465566397104,"{""type"":""MultiPoint"",""coordinates"":[]}"
20130728,2013-07-28,0.11233807259625891,"{""type"":""MultiPoint"",""coordinates"":[]}"
20130729,2013-07-29,0.0,"{""type"":""MultiPoint"",""coordinates"":[]}"
20130730,2013-07-30,0.025159187085743894,"{""type"":""MultiPoint"",""coordinates"":[]}"
20130731,2013-07-31,3.198127685097583,"{""type"":""MultiPoint"",""coordinates"":[]}"
20130801,2013-08-01,2.1065490425699815,"{""type"":""MultiPoint"",""coordinates"":[]}"
20130802,2013-08-02,0.02403510677365388,"{""type"":""MultiPoint"",""coordinates"":[]}"
20130803,2013-08-03,0.1971565337651447,"{""type"":""MultiPoint"",""coordinates"":[]}"
20130804,2013-08-04,2.0447005000334175,"{""type"":""MultiPoint"",""coordinates"":[]}"
20130805,2013-08-05,0.7938936787722649,"{""type"":""MultiPoint"",""coordinates"":[]}"
20130806,2013-08-06,0.21474335046907925,"{""type"":""MultiPoint"",""coordinates"":[]}"
20130807,2013-08-07,0.0,"{""type"":""MultiPoint"",""coordinates"":[]}"
20130808,2013-08-08,0.0,"{""type"":""MultiPoint"",""coordinates"":[]}"
20130809,2013-08-09,0.0,"{""type"":""MultiPoint"",""coordinates"":[]}"
20130810,2013-08-10,4.452162225172933,"{""type"":""MultiPoint"",""coordinates"":[]}"
20130811,2013-08-11,0.31397628418967766,"{""type"":""MultiPoint"",""coordinates"":[]}"
20130812,2013-08-12,10.24854587130062,"{""type"":""MultiPoint"",""coordinates"":[]}"
20130813,2013-08-13,0.9318780939788545,"{""type"":""MultiPoint"",""coordinates"":[]}"
20130814,2013-08-14,0.6854455639212493,"{""type"":""MultiPoint"",""coordinates"":[]}"
20130815,2013-08-15,5.318461869395086,"{""type"":""MultiPoint"",""coordinates"":[]}"
20130816,2013-08-16,10.455489874303234,"{""type"":""MultiPoint"",""coordinates"":[]}"
20130817,2013-08-17,0.7153232885702583,"{""type"":""MultiPoint"",""coordinates"":[]}"
20130818,2013-08-18,0.2686952669984214,"{""type"":""MultiPoint"",""coordinates"":[]}"
20130819,2013-08-19,0.0,"{""type"":""MultiPoint"",""coordinates"":[]}"
20130820,2013-08-20,0.0,"{""type"":""MultiPoint"",""coordinates"":[]}"
20130821,2013-08-21,0.04143275484243099,"{""type"":""MultiPoint"",""coordinates"":[]}"
20130822,2013-08-22,0.0053436511377221545,"{""type"":""MultiPoint"",""coordinates"":[]}"
20130823,2013-08-23,0.0,"{""type"":""MultiPoint"",""coordinates"":[]}"
20130824,2013-08-24,0.0,"{""type"":""MultiPoint"",""coordinates"":[]}"
20130825,2013-08-25,0.0,"{""type"":""MultiPoint"",""coordinates"":[]}"
20130826,2013-08-26,0.037944058900538626,"{""type"":""MultiPoint"",""coordinates"":[]}"
20130827,2013-08-27,2.976754006743545,"{""type"":""MultiPoint"",""coordinates"":[]}"
20130828,2013-08-28,0.7488011363624474,"{""type"":""MultiPoint"",""coordinates"":[]}"
20130829,2013-08-29,2.1699960333295736,"{""type"":""MultiPoint"",""coordinates"":[]}"
20130830,2013-08-30,0.06251386926748856,"{""type"":""MultiPoint"",""coordinates"":[]}"
20130831,2013-08-31,8.723082037794788,"{""type"":""MultiPoint"",""coordinates"":[]}"
20130901,2013-09-01,3.799916676931096,"{""type"":""MultiPoint"",""coordinates"":[]}"
20130902,2013-09-02,24.683060251909243,"{""type"":""MultiPoint"",""coordinates"":[]}"
20130903,2013-09-03,21.756804869323506,"{""type"":""MultiPoint"",""coordinates"":[]}"
20130904,2013-09-04,12.566565093933818,"{""type"":""MultiPoint"",""coordinates"":[]}"
20130905,2013-09-05,0.3930158644170037,"{""type"":""MultiPoint"",""coordinates"":[]}"
20130906,2013-09-06,1.7449560953441139,"{""type"":""MultiPoint"",""coordinates"":[]}"
20130907,2013-09-07,25.143040012050783,"{""type"":""MultiPoint"",""coordinates"":[]}"
20130908,2013-09-08,7.992055890003433,"{""type"":""MultiPoint"",""coordinates"":[]}"
20130909,2013-09-09,3.2109139149108255,"{""type"":""MultiPoint"",""coordinates"":[]}"
20130910,2013-09-10,9.746296505567258,"{""type"":""MultiPoint"",""coordinates"":[]}"
20130911,2013-09-11,20.011763085087253,"{""type"":""MultiPoint"",""coordinates"":[]}"
20130912,2013-09-12,3.93401407508623,"{""type"":""MultiPoint"",""coordinates"":[]}"
20130913,2013-09-13,4.155349892701679,"{""type"":""MultiPoint"",""coordinates"":[]}"
20130914,2013-09-14,8.484494645879062,"{""type"":""MultiPoint"",""coordinates"":[]}"
20130915,2013-09-15,21.911164687406714,"{""type"":""MultiPoint"",""coordinates"":[]}"
20130916,2013-09-16,10.724255812475551,"{""type"":""MultiPoint"",""coordinates"":[]}"
20130917,2013-09-17,10.102197615035221,"{""type"":""MultiPoint"",""coordinates"":[]}"
20130918,2013-09-18,0.2348565310754916,"{""type"":""MultiPoint"",""coordinates"":[]}"
20130919,2013-09-19,0.3534191471619951,"{""type"":""MultiPoint"",""coordinates"":[]}"
20130920,2013-09-20,5.792977275413481,"{""type"":""MultiPoint"",""coordinates"":[]}"
20130921,2013-09-21,0.2797048294197915,"{""type"":""MultiPoint"",""coordinates"":[]}"
20130922,2013-09-22,0.0,"{""type"":""MultiPoint"",""coordinates"":[]}"
20130923,2013-09-23,0.0,"{""type"":""MultiPoint"",""coordinates"":[]}"
20130924,2013-09-24,0.0,"{""type"":""MultiPoint"",""coordinates"":[]}"
20130925,2013-09-25,0.0,"{""type"":""MultiPoint"",""coordinates"":[]}"
20130926,2013-09-26,0.0,"{""type"":""MultiPoint"",""coordinates"":[]}"
20130927,2013-09-27,0.0,"{""type"":""MultiPoint"",""coordinates"":[]}"
20130928,2013-09-28,3.0409202355666674,"{""type"":""MultiPoint"",""coordinates"":[]}"
20130929,2013-09-29,0.21981087921972847,"{""type"":""MultiPoint"",""coordinates"":[]}"
20130930,2013-09-30,1.5340508995232323,"{""type"":""MultiPoint"",""coordinates"":[]}"
20131001,2013-10-01,0.0,"{""type"":""MultiPoint"",""coordinates"":[]}"
20131002,2013-10-02,6.920623374042195,"{""type"":""MultiPoint"",""coordinates"":[]}"
20131003,2013-10-03,10.358721636907717,"{""type"":""MultiPoint"",""coordinates"":[]}"
20131004,2013-10-04,0.0,"{""type"":""MultiPoint"",""coordinates"":[]}"
20131005,2013-10-05,0.0,"{""type"":""MultiPoint"",""coordinates"":[]}"
20131006,2013-10-06,1.7710941596141652,"{""type"":""MultiPoint"",""coordinates"":[]}"
20131007,2013-10-07,2.944647516595757,"{""type"":""MultiPoint"",""coordinates"":[]}"
20131008,2013-10-08,7.957748375551472,"{""type"":""MultiPoint"",""coordinates"":[]}"
20131009,2013-10-09,5.1401888265442475,"{""type"":""MultiPoint"",""coordinates"":[]}"
20131010,2013-10-10,0.8737117103508795,"{""type"":""MultiPoint"",""coordinates"":[]}"
20131011,2013-10-11,0.32174144712780756,"{""type"":""MultiPoint"",""coordinates"":[]}"
20131012,2013-10-12,1.4192426068577173,"{""type"":""MultiPoint"",""coordinates"":[]}"
20131013,2013-10-13,1.5293274118748243,"{""type"":""MultiPoint"",""coordinates"":[]}"
20131014,2013-10-14,0.0,"{""type"":""MultiPoint"",""coordinates"":[]}"
20131015,2013-10-15,1.6873124014799292,"{""type"":""MultiPoint"",""coordinates"":[]}"
20131016,2013-10-16,0.27805938676238456,"{""type"":""MultiPoint"",""coordinates"":[]}"
20131017,2013-10-17,0.3954242403021328,"{""type"":""MultiPoint"",""coordinates"":[]}"
20131018,2013-10-18,0.4674216149998845,"{""type"":""MultiPoint"",""coordinates"":[]}"
20131019,2013-10-19,0.9465524512111886,"{""type"":""MultiPoint"",""coordinates"":[]}"
20131020,2013-10-20,1.0850618518929924,"{""type"":""MultiPoint"",""coordinates"":[]}"
20131021,2013-10-21,6.227438843588387,"{""type"":""MultiPoint"",""coordinates"":[]}"
20131022,2013-10-22,13.130672597417075,"{""type"":""MultiPoint"",""coordinates"":[]}"
20131023,2013-10-23,16.640785255102355,"{""type"":""MultiPoint"",""coordinates"":[]}"
20131024,2013-10-24,8.074195895600406,"{""type"":""MultiPoint"",""coordinates"":[]}"
20131025,2013-10-25,8.622191070626403,"{""type"":""MultiPoint"",""coordinates"":[]}"
20131026,2013-10-26,1.2133069822329403,"{""type"":""MultiPoint"",""coordinates"":[]}"
20131027,2013-10-27,4.318271965808148,"{""type"":""MultiPoint"",""coordinates"":[]}"
20131028,2013-10-28,0.021463208019939475,"{""type"":""MultiPoint"",""coordinates"":[]}"
20131029,2013-10-29,0.0,"{""type"":""MultiPoint"",""coordinates"":[]}"
20131030,2013-10-30,0.0,"{""type"":""MultiPoint"",""coordinates"":[]}"
20131031,2013-10-31,0.0,"{""type"":""MultiPoint"",""coordinates"":[]}"
20131101,2013-11-01,0.0,"{""type"":""MultiPoint"",""coordinates"":[]}"
20131102,2013-11-02,4.864870064823383,"{""type"":""MultiPoint"",""coordinates"":[]}"
20131103,2013-11-03,2.0379984592170093,"{""type"":""MultiPoint"",""coordinates"":[]}"
20131104,2013-11-04,0.0,"{""type"":""MultiPoint"",""coordinates"":[]}"
20131105,2013-11-05,0.0,"{""type"":""MultiPoint"",""coordinates"":[]}"
20131106,2013-11-06,0.10571559441072771,"{""type"":""MultiPoint"",""coordinates"":[]}"
20131107,2013-11-07,0.0,"{""type"":""MultiPoint"",""coordinates"":[]}"
20131108,2013-11-08,0.0,"{""type"":""MultiPoint"",""coordinates"":[]}"
20131109,2013-11-09,0.0,"{""type"":""MultiPoint"",""coordinates"":[]}"
20131110,2013-11-10,0.0,"{""type"":""MultiPoint"",""coordinates"":[]}"
20131111,2013-11-11,0.0,"{""type"":""MultiPoint"",""coordinates"":[]}"
20131112,2013-11-12,0.0,"{""type"":""MultiPoint"",""coordinates"":[]}"
20131113,2013-11-13,0.3602153279453909,"{""type"":""MultiPoint"",""coordinates"":[]}"
20131114,2013-11-14,0.0,"{""type"":""MultiPoint"",""coordinates"":[]}"
20131115,2013-11-15,0.0,"{""type"":""MultiPoint"",""coordinates"":[]}"
20131116,2013-11-16,4.969433456278827,"{""type"":""MultiPoint"",""coordinates"":[]}"
20131117,2013-11-17,0.0832990518391207,"{""type"":""MultiPoint"",""coordinates"":[]}"
20131118,2013-11-18,0.008569255876305117,"{""type"":""MultiPoint"",""coordinates"":[]}"
20131119,2013-11-19,0.0,"{""type"":""MultiPoint"",""coordinates"":[]}"
20131120,2013-11-20,0.0,"{""type"":""MultiPoint"",""coordinates"":[]}"
20131121,2013-11-21,0.0,"{""type"":""MultiPoint"",""coordinates"":[]}"
20131122,2013-11-22,0.773394110028958,"{""type"":""MultiPoint"",""coordinates"":[]}"
20131123,2013-11-23,3.038330024853465,"{""type"":""MultiPoint"",""coordinates"":[]}"
20131124,2013-11-24,2.6470869661195833,"{""type"":""MultiPoint"",""coordinates"":[]}"
20131125,2013-11-25,0.0,"{""type"":""MultiPoint"",""coordinates"":[]}"
20131126,2013-11-26,0.0,"{""type"":""MultiPoint"",""coordinates"":[]}"
20131127,2013-11-27,0.0,"{""type"":""MultiPoint"",""coordinates"":[]}"
20131128,2013-11-28,0.05623112528308017,"{""type"":""MultiPoint"",""coordinates"":[]}"
20131129,2013-11-29,0.34949691639188735,"{""type"":""MultiPoint"",""coordinates"":[]}"
20131130,2013-11-30,0.0,"{""type"":""MultiPoint"",""coordinates"":[]}"
20131201,2013-12-01,0.11492691294651299,"{""type"":""MultiPoint"",""coordinates"":[]}"
20131202,2013-12-02,0.005756978732302531,"{""type"":""MultiPoint"",""coordinates"":[]}"
20131203,2013-12-03,0.0,"{""type"":""MultiPoint"",""coordinates"":[]}"
20131204,2013-12-04,0.0,"{""type"":""MultiPoint"",""coordinates"":[]}"
20131205,2013-12-05,0.0,"{""type"":""MultiPoint"",""coordinates"":[]}"
20131206,2013-12-06,0.0,"{""type"":""MultiPoint"",""coordinates"":[]}"
20131207,2013-12-07,0.3680322010685894,"{""type"":""MultiPoint"",""coordinates"":[]}"
20131208,2013-12-08,0.0,"{""type"":""MultiPoint"",""coordinates"":[]}"
20131209,2013-12-09,0.0,"{""type"":""MultiPoint"",""coordinates"":[]}"
20131210,2013-12-10,0.0,"{""type"":""MultiPoint"",""coordinates"":[]}"
20131211,2013-12-11,0.0,"{""type"":""MultiPoint"",""coordinates"":[]}"
20131212,2013-12-12,0.0,"{""type"":""MultiPoint"",""coordinates"":[]}"
20131213,2013-12-13,0.0,"{""type"":""MultiPoint"",""coordinates"":[]}"
20131214,2013-12-14,0.0,"{""type"":""MultiPoint"",""coordinates"":[]}"
20131215,2013-12-15,0.0,"{""type"":""MultiPoint"",""coordinates"":[]}"
20131216,2013-12-16,0.0,"{""type"":""MultiPoint"",""coordinates"":[]}"
20131217,2013-12-17,0.0,"{""type"":""MultiPoint"",""coordinates"":[]}"
20131218,2013-12-18,0.0,"{""type"":""MultiPoint"",""coordinates"":[]}"
20131219,2013-12-19,0.003777913498679921,"{""type"":""MultiPoint"",""coordinates"":[]}"
20131220,2013-12-20,0.0,"{""type"":""MultiPoint"",""coordinates"":[]}"
20131221,2013-12-21,0.0,"{""type"":""MultiPoint"",""coordinates"":[]}"
20131222,2013-12-22,0.0,"{""type"":""MultiPoint"",""coordinates"":[]}"
20131223,2013-12-23,0.033852666945417366,"{""type"":""MultiPoint"",""coordinates"":[]}"
20131224,2013-12-24,0.0019221191782103925,"{""type"":""MultiPoint"",""coordinates"":[]}"
20131225,2013-12-25,0.0,"{""type"":""MultiPoint"",""coordinates"":[]}"
20131226,2013-12-26,0.0,"{""type"":""MultiPoint"",""coordinates"":[]}"
20131227,2013-12-27,0.0,"{""type"":""MultiPoint"",""coordinates"":[]}"
20131228,2013-12-28,0.0,"{""type"":""MultiPoint"",""coordinates"":[]}"
20131229,2013-12-29,0.0,"{""type"":""MultiPoint"",""coordinates"":[]}"
20131230,2013-12-30,0.0,"{""type"":""MultiPoint"",""coordinates"":[]}"
20131231,2013-12-31,0.2453688778027676,"{""type"":""MultiPoint"",""coordinates"":[]}"
20140101,2014-01-01,0.16275610572100624,"{""type"":""MultiPoint"",""coordinates"":[]}"
20140102,2014-01-02,0.0,"{""type"":""MultiPoint"",""coordinates"":[]}"
20140103,2014-01-03,0.0,"{""type"":""MultiPoint"",""coordinates"":[]}"
20140104,2014-01-04,0.0,"{""type"":""MultiPoint"",""coordinates"":[]}"
20140105,2014-01-05,0.0,"{""type"":""MultiPoint"",""coordinates"":[]}"
20140106,2014-01-06,0.0,"{""type"":""MultiPoint"",""coordinates"":[]}"
20140107,2014-01-07,0.0018108589135667646,"{""type"":""MultiPoint"",""coordinates"":[]}"
20140108,2014-01-08,0.0,"{""type"":""MultiPoint"",""coordinates"":[]}"
20140109,2014-01-09,2.623014152050018E-4,"{""type"":""MultiPoint"",""coordinates"":[]}"
20140110,2014-01-10,0.08699533904801368,"{""type"":""MultiPoint"",""coordinates"":[]}"
20140111,2014-01-11,0.0014108855307739083,"{""type"":""MultiPoint"",""coordinates"":[]}"
20140112,2014-01-12,0.042132302100163145,"{""type"":""MultiPoint"",""coordinates"":[]}"
20140113,2014-01-13,0.0,"{""type"":""MultiPoint"",""coordinates"":[]}"
20140114,2014-01-14,0.0,"{""type"":""MultiPoint"",""coordinates"":[]}"
20140115,2014-01-15,0.0,"{""type"":""MultiPoint"",""coordinates"":[]}"
20140116,2014-01-16,0.0,"{""type"":""MultiPoint"",""coordinates"":[]}"
20140117,2014-01-17,0.0,"{""type"":""MultiPoint"",""coordinates"":[]}"
20140118,2014-01-18,0.0,"{""type"":""MultiPoint"",""coordinates"":[]}"
20140119,2014-01-19,0.0,"{""type"":""MultiPoint"",""coordinates"":[]}"
20140120,2014-01-20,0.0,"{""type"":""MultiPoint"",""coordinates"":[]}"
20140121,2014-01-21,0.0,"{""type"":""MultiPoint"",""coordinates"":[]}"
20140122,2014-01-22,0.0,"{""type"":""MultiPoint"",""coordinates"":[]}"
20140123,2014-01-23,0.0,"{""type"":""MultiPoint"",""coordinates"":[]}"
20140124,2014-01-24,0.0,"{""type"":""MultiPoint"",""coordinates"":[]}"
20140125,2014-01-25,0.0,"{""type"":""MultiPoint"",""coordinates"":[]}"
20140126,2014-01-26,0.0,"{""type"":""MultiPoint"",""coordinates"":[]}"
20140127,2014-01-27,0.023839436048441454,"{""type"":""MultiPoint"",""coordinates"":[]}"
20140128,2014-01-28,0.0,"{""type"":""MultiPoint"",""coordinates"":[]}"
20140129,2014-01-29,0.03492656123875929,"{""type"":""MultiPoint"",""coordinates"":[]}"
20140130,2014-01-30,0.0,"{""type"":""MultiPoint"",""coordinates"":[]}"
20140131,2014-01-31,0.0,"{""type"":""MultiPoint"",""coordinates"":[]}"
20140201,2014-02-01,0.0,"{""type"":""MultiPoint"",""coordinates"":[]}"
20140202,2014-02-02,0.0,"{""type"":""MultiPoint"",""coordinates"":[]}"
20140203,2014-02-03,0.0,"{""type"":""MultiPoint"",""coordinates"":[]}"
20140204,2014-02-04,0.0,"{""type"":""MultiPoint"",""coordinates"":[]}"
20140205,2014-02-05,0.0,"{""type"":""MultiPoint"",""coordinates"":[]}"
20140206,2014-02-06,0.0,"{""type"":""MultiPoint"",""coordinates"":[]}"
20140207,2014-02-07,0.0,"{""type"":""MultiPoint"",""coordinates"":[]}"
20140208,2014-02-08,0.0,"{""type"":""MultiPoint"",""coordinates"":[]}"
20140209,2014-02-09,0.0,"{""type"":""MultiPoint"",""coordinates"":[]}"
20140210,2014-02-10,0.0,"{""type"":""MultiPoint"",""coordinates"":[]}"
20140211,2014-02-11,0.0,"{""type"":""MultiPoint"",""coordinates"":[]}"
20140212,2014-02-12,0.0,"{""type"":""MultiPoint"",""coordinates"":[]}"
20140213,2014-02-13,0.0,"{""type"":""MultiPoint"",""coordinates"":[]}"
20140214,2014-02-14,0.0,"{""type"":""MultiPoint"",""coordinates"":[]}"
20140215,2014-02-15,0.0,"{""type"":""MultiPoint"",""coordinates"":[]}"
20140216,2014-02-16,0.0,"{""type"":""MultiPoint"",""coordinates"":[]}"
20140217,2014-02-17,0.0,"{""type"":""MultiPoint"",""coordinates"":[]}"
20140218,2014-02-18,0.0,"{""type"":""MultiPoint"",""coordinates"":[]}"
20140219,2014-02-19,0.0,"{""type"":""MultiPoint"",""coordinates"":[]}"
20140220,2014-02-20,0.0,"{""type"":""MultiPoint"",""coordinates"":[]}"
20140221,2014-02-21,0.0,"{""type"":""MultiPoint"",""coordinates"":[]}"
20140222,2014-02-22,0.0,"{""type"":""MultiPoint"",""coordinates"":[]}"
20140223,2014-02-23,0.0,"{""type"":""MultiPoint"",""coordinates"":[]}"
20140224,2014-02-24,0.0,"{""type"":""MultiPoint"",""coordinates"":[]}"
20140225,2014-02-25,0.0,"{""type"":""MultiPoint"",""coordinates"":[]}"
20140226,2014-02-26,0.0,"{""type"":""MultiPoint"",""coordinates"":[]}"
20140227,2014-02-27,0.0,"{""type"":""MultiPoint"",""coordinates"":[]}"
20140228,2014-02-28,0.0,"{""type"":""MultiPoint"",""coordinates"":[]}"
20140301,2014-03-01,0.0,"{""type"":""MultiPoint"",""coordinates"":[]}"
20140302,2014-03-02,0.0013723636238053112,"{""type"":""MultiPoint"",""coordinates"":[]}"
20140303,2014-03-03,0.055879527298437384,"{""type"":""MultiPoint"",""coordinates"":[]}"
20140304,2014-03-04,0.0,"{""type"":""MultiPoint"",""coordinates"":[]}"
20140305,2014-03-05,0.013493553258239808,"{""type"":""MultiPoint"",""coordinates"":[]}"
20140306,2014-03-06,0.005777233595755548,"{""type"":""MultiPoint"",""coordinates"":[]}"
20140307,2014-03-07,0.4261216771188766,"{""type"":""MultiPoint"",""coordinates"":[]}"
20140308,2014-03-08,0.014322300675125481,"{""type"":""MultiPoint"",""coordinates"":[]}"
20140309,2014-03-09,0.011586460301864453,"{""type"":""MultiPoint"",""coordinates"":[]}"
20140310,2014-03-10,0.0,"{""type"":""MultiPoint"",""coordinates"":[]}"
20140311,2014-03-11,0.0,"{""type"":""MultiPoint"",""coordinates"":[]}"
20140312,2014-03-12,0.0,"{""type"":""MultiPoint"",""coordinates"":[]}"
20140313,2014-03-13,0.0,"{""type"":""MultiPoint"",""coordinates"":[]}"
20140314,2014-03-14,0.0,"{""type"":""MultiPoint"",""coordinates"":[]}"
20140315,2014-03-15,0.0,"{""type"":""MultiPoint"",""coordinates"":[]}"
20140316,2014-03-16,0.0,"{""type"":""MultiPoint"",""coordinates"":[]}"
20140317,2014-03-17,0.0,"{""type"":""MultiPoint"",""coordinates"":[]}"
20140318,2014-03-18,0.0,"{""type"":""MultiPoint"",""coordinates"":[]}"
20140319,2014-03-19,0.0,"{""type"":""MultiPoint"",""coordinates"":[]}"
20140320,2014-03-20,0.0,"{""type"":""MultiPoint"",""coordinates"":[]}"
20140321,2014-03-21,0.0,"{""type"":""MultiPoint"",""coordinates"":[]}"
20140322,2014-03-22,0.0,"{""type"":""MultiPoint"",""coordinates"":[]}"
20140323,2014-03-23,0.0,"{""type"":""MultiPoint"",""coordinates"":[]}"
20140324,2014-03-24,0.0,"{""type"":""MultiPoint"",""coordinates"":[]}"
20140325,2014-03-25,0.0,"{""type"":""MultiPoint"",""coordinates"":[]}"
20140326,2014-03-26,0.001996530545963235,"{""type"":""MultiPoint"",""coordinates"":[]}"
20140327,2014-03-27,0.0,"{""type"":""MultiPoint"",""coordinates"":[]}"
20140328,2014-03-28,0.0,"{""type"":""MultiPoint"",""coordinates"":[]}"
20140329,2014-03-29,0.0,"{""type"":""MultiPoint"",""coordinates"":[]}"
20140330,2014-03-30,0.0,"{""type"":""MultiPoint"",""coordinates"":[]}"
20140331,2014-03-31,0.0,"{""type"":""MultiPoint"",""coordinates"":[]}"
20140401,2014-04-01,0.024870295621370414,"{""type"":""MultiPoint"",""coordinates"":[]}"
20140402,2014-04-02,0.0,"{""type"":""MultiPoint"",""coordinates"":[]}"
20140403,2014-04-03,0.0,"{""type"":""MultiPoint"",""coordinates"":[]}"
20140404,2014-04-04,0.0,"{""type"":""MultiPoint"",""coordinates"":[]}"
20140405,2014-04-05,0.0,"{""type"":""MultiPoint"",""coordinates"":[]}"
20140406,2014-04-06,0.0,"{""type"":""MultiPoint"",""coordinates"":[]}"
20140407,2014-04-07,0.0,"{""type"":""MultiPoint"",""coordinates"":[]}"
20140408,2014-04-08,0.0,"{""type"":""MultiPoint"",""coordinates"":[]}"
20140409,2014-04-09,0.24403271241942423,"{""type"":""MultiPoint"",""coordinates"":[]}"
20140410,2014-04-10,0.0,"{""type"":""MultiPoint"",""coordinates"":[]}"
20140411,2014-04-11,0.0,"{""type"":""MultiPoint"",""coordinates"":[]}"
20140412,2014-04-12,0.0,"{""type"":""MultiPoint"",""coordinates"":[]}"
20140413,2014-04-13,0.10633202880272075,"{""type"":""MultiPoint"",""coordinates"":[]}"
20140414,2014-04-14,0.4209270017674643,"{""type"":""MultiPoint"",""coordinates"":[]}"
20140415,2014-04-15,1.1128161466311097,"{""type"":""MultiPoint"",""coordinates"":[]}"
20140416,2014-04-16,0.0,"{""type"":""MultiPoint"",""coordinates"":[]}"
20140417,2014-04-17,1.4863746781101186,"{""type"":""MultiPoint"",""coordinates"":[]}"
20140418,2014-04-18,5.070851729053003,"{""type"":""MultiPoint"",""coordinates"":[]}"
20140419,2014-04-19,1.8820092810948907,"{""type"":""MultiPoint"",""coordinates"":[]}"
20140420,2014-04-20,0.01612615078748546,"{""type"":""MultiPoint"",""coordinates"":[]}"
20140421,2014-04-21,0.0,"{""type"":""MultiPoint"",""coordinates"":[]}"
20140422,2014-04-22,0.0,"{""type"":""MultiPoint"",""coordinates"":[]}"
20140423,2014-04-23,0.011060651154670042,"{""type"":""MultiPoint"",""coordinates"":[]}"
20140424,2014-04-24,0.0,"{""type"":""MultiPoint"",""coordinates"":[]}"
20140425,2014-04-25,0.37417837652587926,"{""type"":""MultiPoint"",""coordinates"":[]}"
20140426,2014-04-26,3.455289178203596,"{""type"":""MultiPoint"",""coordinates"":[]}"
20140427,2014-04-27,1.6427240658704834,"{""type"":""MultiPoint"",""coordinates"":[]}"
20140428,2014-04-28,0.07411696539581815,"{""type"":""MultiPoint"",""coordinates"":[]}"
20140429,2014-04-29,3.3348913325867864,"{""type"":""MultiPoint"",""coordinates"":[]}"
20140430,2014-04-30,0.033540319002776084,"{""type"":""MultiPoint"",""coordinates"":[]}"
20140501,2014-05-01,3.3560757157992778,"{""type"":""MultiPoint"",""coordinates"":[]}"
20140502,2014-05-02,0.03285927817782727,"{""type"":""MultiPoint"",""coordinates"":[]}"
20140503,2014-05-03,0.11465800762068801,"{""type"":""MultiPoint"",""coordinates"":[]}"
20140504,2014-05-04,0.0,"{""type"":""MultiPoint"",""coordinates"":[]}"
20140505,2014-05-05,0.7949524304930805,"{""type"":""MultiPoint"",""coordinates"":[]}"
20140506,2014-05-06,1.0301934823248649,"{""type"":""MultiPoint"",""coordinates"":[]}"
20140507,2014-05-07,0.45083960180716964,"{""type"":""MultiPoint"",""coordinates"":[]}"
20140508,2014-05-08,11.982974943347243,"{""type"":""MultiPoint"",""coordinates"":[]}"
20140509,2014-05-09,5.242037441354364,"{""type"":""MultiPoint"",""coordinates"":[]}"
20140510,2014-05-10,0.0,"{""type"":""MultiPoint"",""coordinates"":[]}"
20140511,2014-05-11,0.0,"{""type"":""MultiPoint"",""coordinates"":[]}"
20140512,2014-05-12,0.0,"{""type"":""MultiPoint"",""coordinates"":[]}"
20140513,2014-05-13,0.0,"{""type"":""MultiPoint"",""coordinates"":[]}"
20140514,2014-05-14,0.0,"{""type"":""MultiPoint"",""coordinates"":[]}"
20140515,2014-05-15,0.6513266374429045,"{""type"":""MultiPoint"",""coordinates"":[]}"
20140516,2014-05-16,0.0,"{""type"":""MultiPoint"",""coordinates"":[]}"
20140517,2014-05-17,0.215233982193543,"{""type"":""MultiPoint"",""coordinates"":[]}"
20140518,2014-05-18,0.0,"{""type"":""MultiPoint"",""coordinates"":[]}"
20140519,2014-05-19,1.439978940744892,"{""type"":""MultiPoint"",""coordinates"":[]}"
20140520,2014-05-20,6.382598034053508,"{""type"":""MultiPoint"",""coordinates"":[]}"
20140521,2014-05-21,1.11821820883702,"{""type"":""MultiPoint"",""coordinates"":[]}"
20140522,2014-05-22,0.07795598611966158,"{""type"":""MultiPoint"",""coordinates"":[]}"
20140523,2014-05-23,0.009161562386649648,"{""type"":""MultiPoint"",""coordinates"":[]}"
20140524,2014-05-24,0.025360784804217846,"{""type"":""MultiPoint"",""coordinates"":[]}"
20140525,2014-05-25,0.027035788113706744,"{""type"":""MultiPoint"",""coordinates"":[]}"
20140526,2014-05-26,3.595664376350814,"{""type"":""MultiPoint"",""coordinates"":[]}"
20140527,2014-05-27,6.9673717776284105,"{""type"":""MultiPoint"",""coordinates"":[]}"
20140528,2014-05-28,0.4850422228451777,"{""type"":""MultiPoint"",""coordinates"":[]}"
20140529,2014-05-29,1.1969278150002192,"{""type"":""MultiPoint"",""coordinates"":[]}"
20140530,2014-05-30,4.725127892731443,"{""type"":""MultiPoint"",""coordinates"":[]}"
20140531,2014-05-31,4.850236448864988,"{""type"":""MultiPoint"",""coordinates"":[]}"
20140601,2014-06-01,0.4039282093438044,"{""type"":""MultiPoint"",""coordinates"":[]}"
20140602,2014-06-02,13.87044815824026,"{""type"":""MultiPoint"",""coordinates"":[]}"
20140603,2014-06-03,6.9756107405840755,"{""type"":""MultiPoint"",""coordinates"":[]}"
20140604,2014-06-04,9.789161903913629E-4,"{""type"":""MultiPoint"",""coordinates"":[]}"
20140605,2014-06-05,1.7629148614084158,"{""type"":""MultiPoint"",""coordinates"":[]}"
20140606,2014-06-06,1.5218322372463085,"{""type"":""MultiPoint"",""coordinates"":[]}"
20140607,2014-06-07,0.07781744593377432,"{""type"":""MultiPoint"",""coordinates"":[]}"
20140608,2014-06-08,0.8633634184597218,"{""type"":""MultiPoint"",""coordinates"":[]}"
20140609,2014-06-09,5.794244592037497,"{""type"":""MultiPoint"",""coordinates"":[]}"
20140610,2014-06-10,0.10193315377818343,"{""type"":""MultiPoint"",""coordinates"":[]}"
20140611,2014-06-11,0.0,"{""type"":""MultiPoint"",""coordinates"":[]}"
20140612,2014-06-12,0.0422972115985979,"{""type"":""MultiPoint"",""coordinates"":[]}"
20140613,2014-06-13,5.634942382929985E-4,"{""type"":""MultiPoint"",""coordinates"":[]}"
20140614,2014-06-14,0.42912487816618344,"{""type"":""MultiPoint"",""coordinates"":[]}"
20140615,2014-06-15,0.0,"{""type"":""MultiPoint"",""coordinates"":[]}"
20140616,2014-06-16,0.0,"{""type"":""MultiPoint"",""coordinates"":[]}"
20140617,2014-06-17,0.15220244347260087,"{""type"":""MultiPoint"",""coordinates"":[]}"
20140618,2014-06-18,0.03689075377455131,"{""type"":""MultiPoint"",""coordinates"":[]}"
20140619,2014-06-19,0.005592957069063564,"{""type"":""MultiPoint"",""coordinates"":[]}"
20140620,2014-06-20,0.5815237341128826,"{""type"":""MultiPoint"",""coordinates"":[]}"
20140621,2014-06-21,0.7805397962001752,"{""type"":""MultiPoint"",""coordinates"":[]}"
20140622,2014-06-22,0.021612219678286762,"{""type"":""MultiPoint"",""coordinates"":[]}"
20140623,2014-06-23,0.01228845367848517,"{""type"":""MultiPoint"",""coordinates"":[]}"
20140624,2014-06-24,0.0,"{""type"":""MultiPoint"",""coordinates"":[]}"
20140625,2014-06-25,0.0,"{""type"":""MultiPoint"",""coordinates"":[]}"
20140626,2014-06-26,0.15631543476417195,"{""type"":""MultiPoint"",""coordinates"":[]}"
20140627,2014-06-27,0.5351220470274844,"{""type"":""MultiPoint"",""coordinates"":[]}"
20140628,2014-06-28,1.5904930000394852,"{""type"":""MultiPoint"",""coordinates"":[]}"
20140629,2014-06-29,1.6554033255078124,"{""type"":""MultiPoint"",""coordinates"":[]}"
20140630,2014-06-30,0.20245502270860005,"{""type"":""MultiPoint"",""coordinates"":[]}"
20140701,2014-07-01,0.5840645751542041,"{""type"":""MultiPoint"",""coordinates"":[]}"
20140702,2014-07-02,0.19733025634920048,"{""type"":""MultiPoint"",""coordinates"":[]}"
20140703,2014-07-03,0.0,"{""type"":""MultiPoint"",""coordinates"":[]}"
20140704,2014-07-04,0.07446364274027209,"{""type"":""MultiPoint"",""coordinates"":[]}"
20140705,2014-07-05,2.3802623024738074,"{""type"":""MultiPoint"",""coordinates"":[]}"
20140706,2014-07-06,3.4920244807557457,"{""type"":""MultiPoint"",""coordinates"":[]}"
20140707,2014-07-07,0.9343816758116744,"{""type"":""MultiPoint"",""coordinates"":[]}"
20140708,2014-07-08,0.5918658561035375,"{""type"":""MultiPoint"",""coordinates"":[]}"
20140709,2014-07-09,1.056623691685152,"{""type"":""MultiPoint"",""coordinates"":[]}"
20140710,2014-07-10,0.3844187635413412,"{""type"":""MultiPoint"",""coordinates"":[]}"
20140711,2014-07-11,1.0787689526545432,"{""type"":""MultiPoint"",""coordinates"":[]}"
20140712,2014-07-12,1.5914052783906762,"{""type"":""MultiPoint"",""coordinates"":[]}"
20140713,2014-07-13,0.288595817864883,"{""type"":""MultiPoint"",""coordinates"":[]}"
20140714,2014-07-14,0.8197903409981832,"{""type"":""MultiPoint"",""coordinates"":[]}"
20140715,2014-07-15,1.5645903756997963,"{""type"":""MultiPoint"",""coordinates"":[]}"
20140716,2014-07-16,0.0,"{""type"":""MultiPoint"",""coordinates"":[]}"
20140717,2014-07-17,0.0,"{""type"":""MultiPoint"",""coordinates"":[]}"
20140718,2014-07-18,0.015318661885444918,"{""type"":""MultiPoint"",""coordinates"":[]}"
20140719,2014-07-19,0.006841227151807642,"{""type"":""MultiPoint"",""coordinates"":[]}"
20140720,2014-07-20,0.04882041671630004,"{""type"":""MultiPoint"",""coordinates"":[]}"
20140721,2014-07-21,0.8036237587062445,"{""type"":""MultiPoint"",""coordinates"":[]}"
20140722,2014-07-22,0.773441130857381,"{""type"":""MultiPoint"",""coordinates"":[]}"
20140723,2014-07-23,0.005851921587230857,"{""type"":""MultiPoint"",""coordinates"":[]}"
20140724,2014-07-24,0.0,"{""type"":""MultiPoint"",""coordinates"":[]}"
20140725,2014-07-25,0.017970070104121806,"{""type"":""MultiPoint"",""coordinates"":[]}"
20140726,2014-07-26,0.13431339084956906,"{""type"":""MultiPoint"",""coordinates"":[]}"
20140727,2014-07-27,3.619267211216899,"{""type"":""MultiPoint"",""coordinates"":[]}"
20140728,2014-07-28,2.623287484144391,"{""type"":""MultiPoint"",""coordinates"":[]}"
20140729,2014-07-29,0.009611481800675392,"{""type"":""MultiPoint"",""coordinates"":[]}"
20140730,2014-07-30,2.904156801577055E-4,"{""type"":""MultiPoint"",""coordinates"":[]}"
20140731,2014-07-31,0.0,"{""type"":""MultiPoint"",""coordinates"":[]}"
20140801,2014-08-01,0.935966197120051,"{""type"":""MultiPoint"",""coordinates"":[]}"
20140802,2014-08-02,0.17589151979810994,"{""type"":""MultiPoint"",""coordinates"":[]}"
20140803,2014-08-03,0.0707310944914594,"{""type"":""MultiPoint"",""coordinates"":[]}"
20140804,2014-08-04,0.9306385520965843,"{""type"":""MultiPoint"",""coordinates"":[]}"
20140805,2014-08-05,2.970086227034109,"{""type"":""MultiPoint"",""coordinates"":[]}"
20140806,2014-08-06,0.0,"{""type"":""MultiPoint"",""coordinates"":[]}"
20140807,2014-08-07,0.05400523935613824,"{""type"":""MultiPoint"",""coordinates"":[]}"
20140808,2014-08-08,0.6142482564233849,"{""type"":""MultiPoint"",""coordinates"":[]}"
20140809,2014-08-09,0.1499969473029571,"{""type"":""MultiPoint"",""coordinates"":[]}"
20140810,2014-08-10,0.6979614521598059,"{""type"":""MultiPoint"",""coordinates"":[]}"
20140811,2014-08-11,2.0487158667216696,"{""type"":""MultiPoint"",""coordinates"":[]}"
20140812,2014-08-12,0.5659842864267225,"{""type"":""MultiPoint"",""coordinates"":[]}"
20140813,2014-08-13,0.0,"{""type"":""MultiPoint"",""coordinates"":[]}"
20140814,2014-08-14,0.1627015595404533,"{""type"":""MultiPoint"",""coordinates"":[]}"
20140815,2014-08-15,0.6300968105684075,"{""type"":""MultiPoint"",""coordinates"":[]}"
20140816,2014-08-16,4.902150231979745,"{""type"":""MultiPoint"",""coordinates"":[]}"
20140817,2014-08-17,2.470330496330355,"{""type"":""MultiPoint"",""coordinates"":[]}"
20140818,2014-08-18,3.7068469323045794,"{""type"":""MultiPoint"",""coordinates"":[]}"
20140819,2014-08-19,1.7145017269785288,"{""type"":""MultiPoint"",""coordinates"":[]}"
20140820,2014-08-20,0.14810508951929785,"{""type"":""MultiPoint"",""coordinates"":[]}"
20140821,2014-08-21,3.1255266658369383,"{""type"":""MultiPoint"",""coordinates"":[]}"
20140822,2014-08-22,0.12241047262059,"{""type"":""MultiPoint"",""coordinates"":[]}"
20140823,2014-08-23,1.490438859135622,"{""type"":""MultiPoint"",""coordinates"":[]}"
20140824,2014-08-24,15.926077632229994,"{""type"":""MultiPoint"",""coordinates"":[]}"
20140825,2014-08-25,15.954564126840625,"{""type"":""MultiPoint"",""coordinates"":[]}"
20140826,2014-08-26,8.098970473566606,"{""type"":""MultiPoint"",""coordinates"":[]}"
20140827,2014-08-27,6.340602122019504,"{""type"":""MultiPoint"",""coordinates"":[]}"
20140828,2014-08-28,5.97593219675086,"{""type"":""MultiPoint"",""coordinates"":[]}"
20140829,2014-08-29,0.8926054251829244,"{""type"":""MultiPoint"",""coordinates"":[]}"
20140830,2014-08-30,0.07293607192002774,"{""type"":""MultiPoint"",""coordinates"":[]}"
20140831,2014-08-31,1.1877684222140932,"{""type"":""MultiPoint"",""coordinates"":[]}"
20140901,2014-09-01,2.4608837121782674,"{""type"":""MultiPoint"",""coordinates"":[]}"
20140902,2014-09-02,0.31142748759662586,"{""type"":""MultiPoint"",""coordinates"":[]}"
20140903,2014-09-03,4.47923448989267,"{""type"":""MultiPoint"",""coordinates"":[]}"
20140904,2014-09-04,0.23685869421180047,"{""type"":""MultiPoint"",""coordinates"":[]}"
20140905,2014-09-05,0.4362201914238077,"{""type"":""MultiPoint"",""coordinates"":[]}"
20140906,2014-09-06,11.127504402030509,"{""type"":""MultiPoint"",""coordinates"":[]}"
20140907,2014-09-07,1.146241743444207,"{""type"":""MultiPoint"",""coordinates"":[]}"
20140908,2014-09-08,0.0,"{""type"":""MultiPoint"",""coordinates"":[]}"
20140909,2014-09-09,0.0,"{""type"":""MultiPoint"",""coordinates"":[]}"
20140910,2014-09-10,0.0,"{""type"":""MultiPoint"",""coordinates"":[]}"
20140911,2014-09-11,0.0023690643916427527,"{""type"":""MultiPoint"",""coordinates"":[]}"
20140912,2014-09-12,0.44987214263001746,"{""type"":""MultiPoint"",""coordinates"":[]}"
20140913,2014-09-13,0.6727963137931507,"{""type"":""MultiPoint"",""coordinates"":[]}"
20140914,2014-09-14,1.7019218606868498,"{""type"":""MultiPoint"",""coordinates"":[]}"
20140915,2014-09-15,13.20162633141254,"{""type"":""MultiPoint"",""coordinates"":[]}"
20140916,2014-09-16,9.85729991047544,"{""type"":""MultiPoint"",""coordinates"":[]}"
20140917,2014-09-17,0.17517293667236936,"{""type"":""MultiPoint"",""coordinates"":[]}"
20140918,2014-09-18,7.887039098668534,"{""type"":""MultiPoint"",""coordinates"":[]}"
20140919,2014-09-19,2.1729529116988773,"{""type"":""MultiPoint"",""coordinates"":[]}"
20140920,2014-09-20,10.737188454771259,"{""type"":""MultiPoint"",""coordinates"":[]}"
20140921,2014-09-21,1.1855958687770223,"{""type"":""MultiPoint"",""coordinates"":[]}"
20140922,2014-09-22,2.3793288012644553,"{""type"":""MultiPoint"",""coordinates"":[]}"
20140923,2014-09-23,1.6509520152477177,"{""type"":""MultiPoint"",""coordinates"":[]}"
20140924,2014-09-24,6.4177362879786255,"{""type"":""MultiPoint"",""coordinates"":[]}"
20140925,2014-09-25,3.382724625444231,"{""type"":""MultiPoint"",""coordinates"":[]}"
20140926,2014-09-26,1.0525568335297755,"{""type"":""MultiPoint"",""coordinates"":[]}"
20140927,2014-09-27,0.09884973157883288,"{""type"":""MultiPoint"",""coordinates"":[]}"
20140928,2014-09-28,0.5906912464739801,"{""type"":""MultiPoint"",""coordinates"":[]}"
20140929,2014-09-29,0.20440771604000132,"{""type"":""MultiPoint"",""coordinates"":[]}"
20140930,2014-09-30,0.4242488527582697,"{""type"":""MultiPoint"",""coordinates"":[]}"
20141001,2014-10-01,0.0,"{""type"":""MultiPoint"",""coordinates"":[]}"
20141002,2014-10-02,0.0,"{""type"":""MultiPoint"",""coordinates"":[]}"
20141003,2014-10-03,0.0,"{""type"":""MultiPoint"",""coordinates"":[]}"
20141004,2014-10-04,0.03703189930643846,"{""type"":""MultiPoint"",""coordinates"":[]}"
20141005,2014-10-05,8.667901435151634,"{""type"":""MultiPoint"",""coordinates"":[]}"
20141006,2014-10-06,13.82570187287846,"{""type"":""MultiPoint"",""coordinates"":[]}"
20141007,2014-10-07,14.84929408502515,"{""type"":""MultiPoint"",""coordinates"":[]}"
20141008,2014-10-08,4.868219104036457,"{""type"":""MultiPoint"",""coordinates"":[]}"
20141009,2014-10-09,2.796745320279818,"{""type"":""MultiPoint"",""coordinates"":[]}"
20141010,2014-10-10,6.21198467685508,"{""type"":""MultiPoint"",""coordinates"":[]}"
20141011,2014-10-11,8.640346063737658,"{""type"":""MultiPoint"",""coordinates"":[]}"
20141012,2014-10-12,24.231357928248386,"{""type"":""MultiPoint"",""coordinates"":[]}"
20141013,2014-10-13,1.6654424872823017,"{""type"":""MultiPoint"",""coordinates"":[]}"
20141014,2014-10-14,0.0,"{""type"":""MultiPoint"",""coordinates"":[]}"
20141015,2014-10-15,0.0,"{""type"":""MultiPoint"",""coordinates"":[]}"
20141016,2014-10-16,0.0,"{""type"":""MultiPoint"",""coordinates"":[]}"
20141017,2014-10-17,0.0,"{""type"":""MultiPoint"",""coordinates"":[]}"
20141018,2014-10-18,0.008544177694994274,"{""type"":""MultiPoint"",""coordinates"":[]}"
20141019,2014-10-19,0.02860840645546736,"{""type"":""MultiPoint"",""coordinates"":[]}"
20141020,2014-10-20,0.9570446896017308,"{""type"":""MultiPoint"",""coordinates"":[]}"
20141021,2014-10-21,0.0,"{""type"":""MultiPoint"",""coordinates"":[]}"
20141022,2014-10-22,0.0,"{""type"":""MultiPoint"",""coordinates"":[]}"
20141023,2014-10-23,0.0,"{""type"":""MultiPoint"",""coordinates"":[]}"
20141024,2014-10-24,12.229170318344043,"{""type"":""MultiPoint"",""coordinates"":[]}"
20141025,2014-10-25,43.08704684173668,"{""type"":""MultiPoint"",""coordinates"":[]}"
20141026,2014-10-26,9.701038578247724,"{""type"":""MultiPoint"",""coordinates"":[]}"
20141027,2014-10-27,6.610781856904434,"{""type"":""MultiPoint"",""coordinates"":[]}"
20141028,2014-10-28,0.0,"{""type"":""MultiPoint"",""coordinates"":[]}"
20141029,2014-10-29,0.0,"{""type"":""MultiPoint"",""coordinates"":[]}"
20141030,2014-10-30,0.0,"{""type"":""MultiPoint"",""coordinates"":[]}"
20141031,2014-10-31,5.282918786294032,"{""type"":""MultiPoint"",""coordinates"":[]}"
20141101,2014-11-01,1.8935767764449203,"{""type"":""MultiPoint"",""coordinates"":[]}"
20141102,2014-11-02,0.02999223440201832,"{""type"":""MultiPoint"",""coordinates"":[]}"
20141103,2014-11-03,0.17168092938979454,"{""type"":""MultiPoint"",""coordinates"":[]}"
20141104,2014-11-04,1.206892811254224,"{""type"":""MultiPoint"",""coordinates"":[]}"
20141105,2014-11-05,6.9823991079217,"{""type"":""MultiPoint"",""coordinates"":[]}"
20141106,2014-11-06,1.1837204717085617,"{""type"":""MultiPoint"",""coordinates"":[]}"
20141107,2014-11-07,0.4509696309729277,"{""type"":""MultiPoint"",""coordinates"":[]}"
20141108,2014-11-08,0.0,"{""type"":""MultiPoint"",""coordinates"":[]}"
20141109,2014-11-09,5.435868957472731,"{""type"":""MultiPoint"",""coordinates"":[]}"
20141110,2014-11-10,0.002321715722484531,"{""type"":""MultiPoint"",""coordinates"":[]}"
20141111,2014-11-11,0.0,"{""type"":""MultiPoint"",""coordinates"":[]}"
20141112,2014-11-12,1.4098001877718151,"{""type"":""MultiPoint"",""coordinates"":[]}"
20141113,2014-11-13,0.747827541161537,"{""type"":""MultiPoint"",""coordinates"":[]}"
20141114,2014-11-14,3.830522213220167,"{""type"":""MultiPoint"",""coordinates"":[]}"
20141115,2014-11-15,0.0,"{""type"":""MultiPoint"",""coordinates"":[]}"
20141116,2014-11-16,0.0,"{""type"":""MultiPoint"",""coordinates"":[]}"
20141117,2014-11-17,0.0,"{""type"":""MultiPoint"",""coordinates"":[]}"
20141118,2014-11-18,0.0,"{""type"":""MultiPoint"",""coordinates"":[]}"
20141119,2014-11-19,0.0,"{""type"":""MultiPoint"",""coordinates"":[]}"
20141120,2014-11-20,0.17612897516078987,"{""type"":""MultiPoint"",""coordinates"":[]}"
20141121,2014-11-21,0.0,"{""type"":""MultiPoint"",""coordinates"":[]}"
20141122,2014-11-22,0.0,"{""type"":""MultiPoint"",""coordinates"":[]}"
20141123,2014-11-23,0.0,"{""type"":""MultiPoint"",""coordinates"":[]}"
20141124,2014-11-24,0.0,"{""type"":""MultiPoint"",""coordinates"":[]}"
20141125,2014-11-25,0.02424040096996341,"{""type"":""MultiPoint"",""coordinates"":[]}"
20141126,2014-11-26,0.2831379193221385,"{""type"":""MultiPoint"",""coordinates"":[]}"
20141127,2014-11-27,0.14304090356003515,"{""type"":""MultiPoint"",""coordinates"":[]}"
20141128,2014-11-28,10.015680726540305,"{""type"":""MultiPoint"",""coordinates"":[]}"
20141129,2014-11-29,0.8351266005461057,"{""type"":""MultiPoint"",""coordinates"":[]}"
20141130,2014-11-30,0.3490791770540023,"{""type"":""MultiPoint"",""coordinates"":[]}"
20141201,2014-12-01,0.0010998039374667693,"{""type"":""MultiPoint"",""coordinates"":[]}"
20141202,2014-12-02,0.002200691398212102,"{""type"":""MultiPoint"",""coordinates"":[]}"
20141203,2014-12-03,0.15684151980091682,"{""type"":""MultiPoint"",""coordinates"":[]}"
20141204,2014-12-04,0.10701625759986717,"{""type"":""MultiPoint"",""coordinates"":[]}"
20141205,2014-12-05,0.0,"{""type"":""MultiPoint"",""coordinates"":[]}"
20141206,2014-12-06,0.0,"{""type"":""MultiPoint"",""coordinates"":[]}"
20141207,2014-12-07,0.0,"{""type"":""MultiPoint"",""coordinates"":[]}"
20141208,2014-12-08,0.0,"{""type"":""MultiPoint"",""coordinates"":[]}"
20141209,2014-12-09,0.11850994606727719,"{""type"":""MultiPoint"",""coordinates"":[]}"
20141210,2014-12-10,1.348279430508136,"{""type"":""MultiPoint"",""coordinates"":[]}"
20141211,2014-12-11,0.2332916101361762,"{""type"":""MultiPoint"",""coordinates"":[]}"
20141212,2014-12-12,0.10294138587105255,"{""type"":""MultiPoint"",""coordinates"":[]}"
20141213,2014-12-13,0.010067611316214288,"{""type"":""MultiPoint"",""coordinates"":[]}"
20141214,2014-12-14,0.0,"{""type"":""MultiPoint"",""coordinates"":[]}"
20141215,2014-12-15,0.0,"{""type"":""MultiPoint"",""coordinates"":[]}"
20141216,2014-12-16,0.0,"{""type"":""MultiPoint"",""coordinates"":[]}"
20141217,2014-12-17,0.0,"{""type"":""MultiPoint"",""coordinates"":[]}"
20141218,2014-12-18,0.12602481423595616,"{""type"":""MultiPoint"",""coordinates"":[]}"
20141219,2014-12-19,0.0,"{""type"":""MultiPoint"",""coordinates"":[]}"
20141220,2014-12-20,0.0,"{""type"":""MultiPoint"",""coordinates"":[]}"
20141221,2014-12-21,0.0,"{""type"":""MultiPoint"",""coordinates"":[]}"
20141222,2014-12-22,0.0,"{""type"":""MultiPoint"",""coordinates"":[]}"
20141223,2014-12-23,0.1488512677066192,"{""type"":""MultiPoint"",""coordinates"":[]}"
20141224,2014-12-24,0.123206442392927,"{""type"":""MultiPoint"",""coordinates"":[]}"
20141225,2014-12-25,0.031425179128806116,"{""type"":""MultiPoint"",""coordinates"":[]}"
20141226,2014-12-26,0.0,"{""type"":""MultiPoint"",""coordinates"":[]}"
20141227,2014-12-27,3.662406227485253E-4,"{""type"":""MultiPoint"",""coordinates"":[]}"
20141228,2014-12-28,0.1906353553404679,"{""type"":""MultiPoint"",""coordinates"":[]}"
20141229,2014-12-29,0.23763789787612224,"{""type"":""MultiPoint"",""coordinates"":[]}"
20141230,2014-12-30,0.0,"{""type"":""MultiPoint"",""coordinates"":[]}"
20141231,2014-12-31,0.011508599560564974,"{""type"":""MultiPoint"",""coordinates"":[]}"
20150101,2015-01-01,0.059461563267164966,"{""type"":""MultiPoint"",""coordinates"":[]}"
20150102,2015-01-02,0.0,"{""type"":""MultiPoint"",""coordinates"":[]}"
20150103,2015-01-03,0.0,"{""type"":""MultiPoint"",""coordinates"":[]}"
20150104,2015-01-04,0.0,"{""type"":""MultiPoint"",""coordinates"":[]}"
20150105,2015-01-05,0.0,"{""type"":""MultiPoint"",""coordinates"":[]}"
20150106,2015-01-06,0.06756795481395263,"{""type"":""MultiPoint"",""coordinates"":[]}"
20150107,2015-01-07,0.0,"{""type"":""MultiPoint"",""coordinates"":[]}"
20150108,2015-01-08,0.007068049971606654,"{""type"":""MultiPoint"",""coordinates"":[]}"
20150109,2015-01-09,0.0,"{""type"":""MultiPoint"",""coordinates"":[]}"
20150110,2015-01-10,0.0,"{""type"":""MultiPoint"",""coordinates"":[]}"
20150111,2015-01-11,0.0,"{""type"":""MultiPoint"",""coordinates"":[]}"
20150112,2015-01-12,0.0,"{""type"":""MultiPoint"",""coordinates"":[]}"
20150113,2015-01-13,0.0,"{""type"":""MultiPoint"",""coordinates"":[]}"
20150114,2015-01-14,0.0,"{""type"":""MultiPoint"",""coordinates"":[]}"
20150115,2015-01-15,0.11852313500860064,"{""type"":""MultiPoint"",""coordinates"":[]}"
20150116,2015-01-16,0.04248884742544515,"{""type"":""MultiPoint"",""coordinates"":[]}"
20150117,2015-01-17,0.0,"{""type"":""MultiPoint"",""coordinates"":[]}"
20150118,2015-01-18,0.0,"{""type"":""MultiPoint"",""coordinates"":[]}"
20150119,2015-01-19,0.0,"{""type"":""MultiPoint"",""coordinates"":[]}"
20150120,2015-01-20,0.0,"{""type"":""MultiPoint"",""coordinates"":[]}"
20150121,2015-01-21,0.0,"{""type"":""MultiPoint"",""coordinates"":[]}"
20150122,2015-01-22,0.0,"{""type"":""MultiPoint"",""coordinates"":[]}"
20150123,2015-01-23,0.0,"{""type"":""MultiPoint"",""coordinates"":[]}"
20150124,2015-01-24,0.0,"{""type"":""MultiPoint"",""coordinates"":[]}"
20150125,2015-01-25,0.0,"{""type"":""MultiPoint"",""coordinates"":[]}"
20150126,2015-01-26,0.0,"{""type"":""MultiPoint"",""coordinates"":[]}"
20150127,2015-01-27,0.0,"{""type"":""MultiPoint"",""coordinates"":[]}"
20150128,2015-01-28,0.0,"{""type"":""MultiPoint"",""coordinates"":[]}"
20150129,2015-01-29,0.0,"{""type"":""MultiPoint"",""coordinates"":[]}"
20150130,2015-01-30,0.0,"{""type"":""MultiPoint"",""coordinates"":[]}"
20150131,2015-01-31,0.0,"{""type"":""MultiPoint"",""coordinates"":[]}"
20150201,2015-02-01,0.0,"{""type"":""MultiPoint"",""coordinates"":[]}"
20150202,2015-02-02,0.0,"{""type"":""MultiPoint"",""coordinates"":[]}"
20150203,2015-02-03,0.0,"{""type"":""MultiPoint"",""coordinates"":[]}"
20150204,2015-02-04,0.0,"{""type"":""MultiPoint"",""coordinates"":[]}"
20150205,2015-02-05,0.0,"{""type"":""MultiPoint"",""coordinates"":[]}"
20150206,2015-02-06,0.0,"{""type"":""MultiPoint"",""coordinates"":[]}"
20150207,2015-02-07,0.0,"{""type"":""MultiPoint"",""coordinates"":[]}"
20150208,2015-02-08,0.0,"{""type"":""MultiPoint"",""coordinates"":[]}"
20150209,2015-02-09,0.0,"{""type"":""MultiPoint"",""coordinates"":[]}"
20150210,2015-02-10,0.0,"{""type"":""MultiPoint"",""coordinates"":[]}"
20150211,2015-02-11,0.0,"{""type"":""MultiPoint"",""coordinates"":[]}"
20150212,2015-02-12,0.0,"{""type"":""MultiPoint"",""coordinates"":[]}"
20150213,2015-02-13,0.0,"{""type"":""MultiPoint"",""coordinates"":[]}"
20150214,2015-02-14,0.0,"{""type"":""MultiPoint"",""coordinates"":[]}"
20150215,2015-02-15,0.0,"{""type"":""MultiPoint"",""coordinates"":[]}"
20150216,2015-02-16,0.0,"{""type"":""MultiPoint"",""coordinates"":[]}"
20150217,2015-02-17,0.0,"{""type"":""MultiPoint"",""coordinates"":[]}"
20150218,2015-02-18,0.0,"{""type"":""MultiPoint"",""coordinates"":[]}"
20150219,2015-02-19,0.0,"{""type"":""MultiPoint"",""coordinates"":[]}"
20150220,2015-02-20,0.0,"{""type"":""MultiPoint"",""coordinates"":[]}"
20150221,2015-02-21,0.0,"{""type"":""MultiPoint"",""coordinates"":[]}"
20150222,2015-02-22,0.0,"{""type"":""MultiPoint"",""coordinates"":[]}"
20150223,2015-02-23,0.0,"{""type"":""MultiPoint"",""coordinates"":[]}"
20150224,2015-02-24,0.0,"{""type"":""MultiPoint"",""coordinates"":[]}"
20150225,2015-02-25,0.0,"{""type"":""MultiPoint"",""coordinates"":[]}"
20150226,2015-02-26,0.0,"{""type"":""MultiPoint"",""coordinates"":[]}"
20150227,2015-02-27,0.0,"{""type"":""MultiPoint"",""coordinates"":[]}"
20150228,2015-02-28,0.0,"{""type"":""MultiPoint"",""coordinates"":[]}"
20150301,2015-03-01,0.008424634916888166,"{""type"":""MultiPoint"",""coordinates"":[]}"
20150302,2015-03-02,0.0,"{""type"":""MultiPoint"",""coordinates"":[]}"
20150303,2015-03-03,0.006531850880305771,"{""type"":""MultiPoint"",""coordinates"":[]}"
20150304,2015-03-04,0.0,"{""type"":""MultiPoint"",""coordinates"":[]}"
20150305,2015-03-05,0.0,"{""type"":""MultiPoint"",""coordinates"":[]}"
20150306,2015-03-06,0.5304544502535585,"{""type"":""MultiPoint"",""coordinates"":[]}"
20150307,2015-03-07,0.08977132989708297,"{""type"":""MultiPoint"",""coordinates"":[]}"
20150308,2015-03-08,0.6412819604215075,"{""type"":""MultiPoint"",""coordinates"":[]}"
20150309,2015-03-09,0.0016994330587742424,"{""type"":""MultiPoint"",""coordinates"":[]}"
20150310,2015-03-10,0.0,"{""type"":""MultiPoint"",""coordinates"":[]}"
20150311,2015-03-11,0.0,"{""type"":""MultiPoint"",""coordinates"":[]}"
20150312,2015-03-12,0.0,"{""type"":""MultiPoint"",""coordinates"":[]}"
20150313,2015-03-13,0.009128336563746202,"{""type"":""MultiPoint"",""coordinates"":[]}"
20150314,2015-03-14,7.898565128593137E-5,"{""type"":""MultiPoint"",""coordinates"":[]}"
20150315,2015-03-15,0.30971023212301135,"{""type"":""MultiPoint"",""coordinates"":[]}"
20150316,2015-03-16,0.0,"{""type"":""MultiPoint"",""coordinates"":[]}"
20150317,2015-03-17,9.179075022001523E-4,"{""type"":""MultiPoint"",""coordinates"":[]}"
20150318,2015-03-18,2.2808442244658594E-4,"{""type"":""MultiPoint"",""coordinates"":[]}"
20150319,2015-03-19,4.201057010829579E-4,"{""type"":""MultiPoint"",""coordinates"":[]}"
20150320,2015-03-20,0.0,"{""type"":""MultiPoint"",""coordinates"":[]}"
20150321,2015-03-21,0.0,"{""type"":""MultiPoint"",""coordinates"":[]}"
20150322,2015-03-22,0.0,"{""type"":""MultiPoint"",""coordinates"":[]}"
20150323,2015-03-23,0.0,"{""type"":""MultiPoint"",""coordinates"":[]}"
20150324,2015-03-24,0.0,"{""type"":""MultiPoint"",""coordinates"":[]}"
20150325,2015-03-25,0.009532429319019074,"{""type"":""MultiPoint"",""coordinates"":[]}"
20150326,2015-03-26,0.4187973845348529,"{""type"":""MultiPoint"",""coordinates"":[]}"
20150327,2015-03-27,0.0,"{""type"":""MultiPoint"",""coordinates"":[]}"
20150328,2015-03-28,0.14786758292805913,"{""type"":""MultiPoint"",""coordinates"":[]}"
20150329,2015-03-29,0.03943636727072696,"{""type"":""MultiPoint"",""coordinates"":[]}"
20150330,2015-03-30,0.4793813116637735,"{""type"":""MultiPoint"",""coordinates"":[]}"
20150331,2015-03-31,3.066232359193682,"{""type"":""MultiPoint"",""coordinates"":[]}"
20150401,2015-04-01,0.0,"{""type"":""MultiPoint"",""coordinates"":[]}"
20150402,2015-04-02,0.02673289330827223,"{""type"":""MultiPoint"",""coordinates"":[]}"
20150403,2015-04-03,0.0,"{""type"":""MultiPoint"",""coordinates"":[]}"
20150404,2015-04-04,0.0,"{""type"":""MultiPoint"",""coordinates"":[]}"
20150405,2015-04-05,0.0,"{""type"":""MultiPoint"",""coordinates"":[]}"
20150406,2015-04-06,1.5548315884414907,"{""type"":""MultiPoint"",""coordinates"":[]}"
20150407,2015-04-07,0.0,"{""type"":""MultiPoint"",""coordinates"":[]}"
20150408,2015-04-08,0.31159515835849383,"{""type"":""MultiPoint"",""coordinates"":[]}"
20150409,2015-04-09,0.0,"{""type"":""MultiPoint"",""coordinates"":[]}"
20150410,2015-04-10,0.0,"{""type"":""MultiPoint"",""coordinates"":[]}"
20150411,2015-04-11,1.0571961124491425,"{""type"":""MultiPoint"",""coordinates"":[]}"
20150412,2015-04-12,6.639327663373343,"{""type"":""MultiPoint"",""coordinates"":[]}"
20150413,2015-04-13,0.570433595337765,"{""type"":""MultiPoint"",""coordinates"":[]}"
20150414,2015-04-14,0.0,"{""type"":""MultiPoint"",""coordinates"":[]}"
20150415,2015-04-15,0.0,"{""type"":""MultiPoint"",""coordinates"":[]}"
20150416,2015-04-16,0.0,"{""type"":""MultiPoint"",""coordinates"":[]}"
20150417,2015-04-17,0.0,"{""type"":""MultiPoint"",""coordinates"":[]}"
20150418,2015-04-18,0.0,"{""type"":""MultiPoint"",""coordinates"":[]}"
20150419,2015-04-19,0.0,"{""type"":""MultiPoint"",""coordinates"":[]}"
20150420,2015-04-20,0.0,"{""type"":""MultiPoint"",""coordinates"":[]}"
20150421,2015-04-21,0.029093896540491777,"{""type"":""MultiPoint"",""coordinates"":[]}"
20150422,2015-04-22,1.5339844872101458,"{""type"":""MultiPoint"",""coordinates"":[]}"
20150423,2015-04-23,11.421258752497108,"{""type"":""MultiPoint"",""coordinates"":[]}"
20150424,2015-04-24,3.803358129589771,"{""type"":""MultiPoint"",""coordinates"":[]}"
20150425,2015-04-25,0.972939599051341,"{""type"":""MultiPoint"",""coordinates"":[]}"
20150426,2015-04-26,0.0,"{""type"":""MultiPoint"",""coordinates"":[]}"
20150427,2015-04-27,0.0,"{""type"":""MultiPoint"",""coordinates"":[]}"
20150428,2015-04-28,0.0,"{""type"":""MultiPoint"",""coordinates"":[]}"
20150429,2015-04-29,4.403679201477759,"{""type"":""MultiPoint"",""coordinates"":[]}"
20150430,2015-04-30,0.0,"{""type"":""MultiPoint"",""coordinates"":[]}"
20150501,2015-05-01,0.027165621387966014,"{""type"":""MultiPoint"",""coordinates"":[]}"
20150502,2015-05-02,8.253252567261542,"{""type"":""MultiPoint"",""coordinates"":[]}"
20150503,2015-05-03,0.3477243446955125,"{""type"":""MultiPoint"",""coordinates"":[]}"
20150504,2015-05-04,4.532013929997514,"{""type"":""MultiPoint"",""coordinates"":[]}"
20150505,2015-05-05,0.7888381214412004,"{""type"":""MultiPoint"",""coordinates"":[]}"
20150506,2015-05-06,0.8497033245740947,"{""type"":""MultiPoint"",""coordinates"":[]}"
20150507,2015-05-07,4.897096788563946,"{""type"":""MultiPoint"",""coordinates"":[]}"
20150508,2015-05-08,0.0,"{""type"":""MultiPoint"",""coordinates"":[]}"
20150509,2015-05-09,0.8394590527203226,"{""type"":""MultiPoint"",""coordinates"":[]}"
20150510,2015-05-10,1.154222672859044,"{""type"":""MultiPoint"",""coordinates"":[]}"
20150511,2015-05-11,1.6267573653780616,"{""type"":""MultiPoint"",""coordinates"":[]}"
20150512,2015-05-12,0.07756482282539888,"{""type"":""MultiPoint"",""coordinates"":[]}"
20150513,2015-05-13,0.922590913724606,"{""type"":""MultiPoint"",""coordinates"":[]}"
20150514,2015-05-14,0.5488452157585183,"{""type"":""MultiPoint"",""coordinates"":[]}"
20150515,2015-05-15,5.919380605550944,"{""type"":""MultiPoint"",""coordinates"":[]}"
20150516,2015-05-16,7.4647460570307205,"{""type"":""MultiPoint"",""coordinates"":[]}"
20150517,2015-05-17,1.1327673327271426,"{""type"":""MultiPoint"",""coordinates"":[]}"
20150518,2015-05-18,8.035468703714193,"{""type"":""MultiPoint"",""coordinates"":[]}"
20150519,2015-05-19,4.893431488339077,"{""type"":""MultiPoint"",""coordinates"":[]}"
20150520,2015-05-20,0.11228789617895779,"{""type"":""MultiPoint"",""coordinates"":[]}"
20150521,2015-05-21,0.0,"{""type"":""MultiPoint"",""coordinates"":[]}"
20150522,2015-05-22,0.0,"{""type"":""MultiPoint"",""coordinates"":[]}"
20150523,2015-05-23,0.0,"{""type"":""MultiPoint"",""coordinates"":[]}"
20150524,2015-05-24,0.0,"{""type"":""MultiPoint"",""coordinates"":[]}"
20150525,2015-05-25,0.0,"{""type"":""MultiPoint"",""coordinates"":[]}"
20150526,2015-05-26,0.008659429667900374,"{""type"":""MultiPoint"",""coordinates"":[]}"
20150527,2015-05-27,6.862602506000324,"{""type"":""MultiPoint"",""coordinates"":[]}"
20150528,2015-05-28,0.0,"{""type"":""MultiPoint"",""coordinates"":[]}"
20150529,2015-05-29,13.83328669211498,"{""type"":""MultiPoint"",""coordinates"":[]}"
20150530,2015-05-30,2.2125023092236296,"{""type"":""MultiPoint"",""coordinates"":[]}"
20150531,2015-05-31,11.488927403686182,"{""type"":""MultiPoint"",""coordinates"":[]}"
20150601,2015-06-01,0.6192369432736474,"{""type"":""MultiPoint"",""coordinates"":[]}"
20150602,2015-06-02,2.6782157163005182,"{""type"":""MultiPoint"",""coordinates"":[]}"
20150603,2015-06-03,0.46820166606413893,"{""type"":""MultiPoint"",""coordinates"":[]}"
20150604,2015-06-04,3.0364430324510474,"{""type"":""MultiPoint"",""coordinates"":[]}"
20150605,2015-06-05,1.6046458096811245,"{""type"":""MultiPoint"",""coordinates"":[]}"
20150606,2015-06-06,1.1576355217175567,"{""type"":""MultiPoint"",""coordinates"":[]}"
20150607,2015-06-07,0.052936696575920594,"{""type"":""MultiPoint"",""coordinates"":[]}"
20150608,2015-06-08,3.319413751225314,"{""type"":""MultiPoint"",""coordinates"":[]}"
20150609,2015-06-09,1.2927327801492903,"{""type"":""MultiPoint"",""coordinates"":[]}"
20150610,2015-06-10,0.01877854988248205,"{""type"":""MultiPoint"",""coordinates"":[]}"
20150611,2015-06-11,0.10491169473458095,"{""type"":""MultiPoint"",""coordinates"":[]}"
20150612,2015-06-12,3.8892781065922724,"{""type"":""MultiPoint"",""coordinates"":[]}"
20150613,2015-06-13,0.10790718359683034,"{""type"":""MultiPoint"",""coordinates"":[]}"
20150614,2015-06-14,2.77823662393969,"{""type"":""MultiPoint"",""coordinates"":[]}"
20150615,2015-06-15,2.8221879608432197,"{""type"":""MultiPoint"",""coordinates"":[]}"
20150616,2015-06-16,0.19722690035607773,"{""type"":""MultiPoint"",""coordinates"":[]}"
20150617,2015-06-17,1.4473635639283582,"{""type"":""MultiPoint"",""coordinates"":[]}"
20150618,2015-06-18,3.1612893129907786,"{""type"":""MultiPoint"",""coordinates"":[]}"
20150619,2015-06-19,1.8069616836990288,"{""type"":""MultiPoint"",""coordinates"":[]}"
20150620,2015-06-20,0.4298027390615796,"{""type"":""MultiPoint"",""coordinates"":[]}"
20150621,2015-06-21,2.346539785784157,"{""type"":""MultiPoint"",""coordinates"":[]}"
20150622,2015-06-22,0.3891166208118669,"{""type"":""MultiPoint"",""coordinates"":[]}"
20150623,2015-06-23,0.10899142006902102,"{""type"":""MultiPoint"",""coordinates"":[]}"
20150624,2015-06-24,0.0,"{""type"":""MultiPoint"",""coordinates"":[]}"
20150625,2015-06-25,0.14348388628259715,"{""type"":""MultiPoint"",""coordinates"":[]}"
20150626,2015-06-26,0.0,"{""type"":""MultiPoint"",""coordinates"":[]}"
20150627,2015-06-27,0.0,"{""type"":""MultiPoint"",""coordinates"":[]}"
20150628,2015-06-28,0.0,"{""type"":""MultiPoint"",""coordinates"":[]}"
20150629,2015-06-29,0.09495234749022939,"{""type"":""MultiPoint"",""coordinates"":[]}"
20150630,2015-06-30,0.0,"{""type"":""MultiPoint"",""coordinates"":[]}"
20150701,2015-07-01,0.0,"{""type"":""MultiPoint"",""coordinates"":[]}"
20150702,2015-07-02,0.0,"{""type"":""MultiPoint"",""coordinates"":[]}"
20150703,2015-07-03,0.03509389637313235,"{""type"":""MultiPoint"",""coordinates"":[]}"
20150704,2015-07-04,0.0,"{""type"":""MultiPoint"",""coordinates"":[]}"
20150705,2015-07-05,0.0,"{""type"":""MultiPoint"",""coordinates"":[]}"
20150706,2015-07-06,0.0,"{""type"":""MultiPoint"",""coordinates"":[]}"
20150707,2015-07-07,0.12414680575891712,"{""type"":""MultiPoint"",""coordinates"":[]}"
20150708,2015-07-08,0.004628048946005061,"{""type"":""MultiPoint"",""coordinates"":[]}"
20150709,2015-07-09,0.01798204030012706,"{""type"":""MultiPoint"",""coordinates"":[]}"
20150710,2015-07-10,0.9537960819782144,"{""type"":""MultiPoint"",""coordinates"":[]}"
20150711,2015-07-11,0.16616664775233073,"{""type"":""MultiPoint"",""coordinates"":[]}"
20150712,2015-07-12,0.0,"{""type"":""MultiPoint"",""coordinates"":[]}"
20150713,2015-07-13,0.0,"{""type"":""MultiPoint"",""coordinates"":[]}"
20150714,2015-07-14,1.0987802492692822,"{""type"":""MultiPoint"",""coordinates"":[]}"
20150715,2015-07-15,5.518019603765191,"{""type"":""MultiPoint"",""coordinates"":[]}"
20150716,2015-07-16,0.27653562231810674,"{""type"":""MultiPoint"",""coordinates"":[]}"
20150717,2015-07-17,0.0,"{""type"":""MultiPoint"",""coordinates"":[]}"
20150718,2015-07-18,0.023745349061244914,"{""type"":""MultiPoint"",""coordinates"":[]}"
20150719,2015-07-19,0.8185984189478918,"{""type"":""MultiPoint"",""coordinates"":[]}"
20150720,2015-07-20,0.6246547136107511,"{""type"":""MultiPoint"",""coordinates"":[]}"
20150721,2015-07-21,0.3633016764010455,"{""type"":""MultiPoint"",""coordinates"":[]}"
20150722,2015-07-22,1.207604366884897,"{""type"":""MultiPoint"",""coordinates"":[]}"
20150723,2015-07-23,0.0,"{""type"":""MultiPoint"",""coordinates"":[]}"
20150724,2015-07-24,0.06371872951021965,"{""type"":""MultiPoint"",""coordinates"":[]}"
20150725,2015-07-25,0.08761795331319495,"{""type"":""MultiPoint"",""coordinates"":[]}"
20150726,2015-07-26,0.5526470740098625,"{""type"":""MultiPoint"",""coordinates"":[]}"
20150727,2015-07-27,0.18524772684967303,"{""type"":""MultiPoint"",""coordinates"":[]}"
20150728,2015-07-28,0.002684373843192698,"{""type"":""MultiPoint"",""coordinates"":[]}"
20150729,2015-07-29,0.0,"{""type"":""MultiPoint"",""coordinates"":[]}"
20150730,2015-07-30,0.2347929410699059,"{""type"":""MultiPoint"",""coordinates"":[]}"
20150731,2015-07-31,3.2720010548736917,"{""type"":""MultiPoint"",""coordinates"":[]}"
20150801,2015-08-01,4.6370536751650455,"{""type"":""MultiPoint"",""coordinates"":[]}"
20150802,2015-08-02,0.0313635895907935,"{""type"":""MultiPoint"",""coordinates"":[]}"
20150803,2015-08-03,0.6848478322840682,"{""type"":""MultiPoint"",""coordinates"":[]}"
20150804,2015-08-04,1.2582267546249386,"{""type"":""MultiPoint"",""coordinates"":[]}"
20150805,2015-08-05,0.003083533002736806,"{""type"":""MultiPoint"",""coordinates"":[]}"
20150806,2015-08-06,0.0032705247125896842,"{""type"":""MultiPoint"",""coordinates"":[]}"
20150807,2015-08-07,2.186088648221548,"{""type"":""MultiPoint"",""coordinates"":[]}"
20150808,2015-08-08,0.012831347207184634,"{""type"":""MultiPoint"",""coordinates"":[]}"
20150809,2015-08-09,0.013363616901615517,"{""type"":""MultiPoint"",""coordinates"":[]}"
20150810,2015-08-10,0.6013361916945815,"{""type"":""MultiPoint"",""coordinates"":[]}"
20150811,2015-08-11,1.23665021562107,"{""type"":""MultiPoint"",""coordinates"":[]}"
20150812,2015-08-12,7.7382543297746835,"{""type"":""MultiPoint"",""coordinates"":[]}"
20150813,2015-08-13,0.03949866991134221,"{""type"":""MultiPoint"",""coordinates"":[]}"
20150814,2015-08-14,0.7875831955510787,"{""type"":""MultiPoint"",""coordinates"":[]}"
20150815,2015-08-15,0.0,"{""type"":""MultiPoint"",""coordinates"":[]}"
20150816,2015-08-16,1.2775802211824132,"{""type"":""MultiPoint"",""coordinates"":[]}"
20150817,2015-08-17,4.474725177741508,"{""type"":""MultiPoint"",""coordinates"":[]}"
20150818,2015-08-18,0.03855634501415834,"{""type"":""MultiPoint"",""coordinates"":[]}"
20150819,2015-08-19,2.069814725146331,"{""type"":""MultiPoint"",""coordinates"":[]}"
20150820,2015-08-20,11.371056896625404,"{""type"":""MultiPoint"",""coordinates"":[]}"
20150821,2015-08-21,11.870146639962668,"{""type"":""MultiPoint"",""coordinates"":[]}"
20150822,2015-08-22,3.704240516593501,"{""type"":""MultiPoint"",""coordinates"":[]}"
20150823,2015-08-23,4.5291587504330547E-4,"{""type"":""MultiPoint"",""coordinates"":[]}"
20150824,2015-08-24,0.0,"{""type"":""MultiPoint"",""coordinates"":[]}"
20150825,2015-08-25,0.0,"{""type"":""MultiPoint"",""coordinates"":[]}"
20150826,2015-08-26,0.6286138306880553,"{""type"":""MultiPoint"",""coordinates"":[]}"
20150827,2015-08-27,1.768061511563915,"{""type"":""MultiPoint"",""coordinates"":[]}"
20150828,2015-08-28,0.6664824636564087,"{""type"":""MultiPoint"",""coordinates"":[]}"
20150829,2015-08-29,0.0,"{""type"":""MultiPoint"",""coordinates"":[]}"
20150830,2015-08-30,0.0,"{""type"":""MultiPoint"",""coordinates"":[]}"
20150831,2015-08-31,0.0,"{""type"":""MultiPoint"",""coordinates"":[]}"
20150901,2015-09-01,0.25888393871839743,"{""type"":""MultiPoint"",""coordinates"":[]}"
20150902,2015-09-02,3.8473806030618616,"{""type"":""MultiPoint"",""coordinates"":[]}"
20150903,2015-09-03,0.8203291628295513,"{""type"":""MultiPoint"",""coordinates"":[]}"
20150904,2015-09-04,5.809468177863701,"{""type"":""MultiPoint"",""coordinates"":[]}"
20150905,2015-09-05,5.669823238991976,"{""type"":""MultiPoint"",""coordinates"":[]}"
20150906,2015-09-06,20.484910201070587,"{""type"":""MultiPoint"",""coordinates"":[]}"
20150907,2015-09-07,6.668944860200345,"{""type"":""MultiPoint"",""coordinates"":[]}"
20150908,2015-09-08,7.3974922242323204,"{""type"":""MultiPoint"",""coordinates"":[]}"
20150909,2015-09-09,12.923417697482082,"{""type"":""MultiPoint"",""coordinates"":[]}"
20150910,2015-09-10,6.8960719865744995,"{""type"":""MultiPoint"",""coordinates"":[]}"
20150911,2015-09-11,1.9123973486620731,"{""type"":""MultiPoint"",""coordinates"":[]}"
20150912,2015-09-12,0.0720647965762167,"{""type"":""MultiPoint"",""coordinates"":[]}"
20150913,2015-09-13,0.25736709580991457,"{""type"":""MultiPoint"",""coordinates"":[]}"
20150914,2015-09-14,2.4056212154013936,"{""type"":""MultiPoint"",""coordinates"":[]}"
20150915,2015-09-15,6.4473673667311475,"{""type"":""MultiPoint"",""coordinates"":[]}"
20150916,2015-09-16,5.018970391080297,"{""type"":""MultiPoint"",""coordinates"":[]}"
20150917,2015-09-17,6.5866034905438475,"{""type"":""MultiPoint"",""coordinates"":[]}"
20150918,2015-09-18,0.046824477845949244,"{""type"":""MultiPoint"",""coordinates"":[]}"
20150919,2015-09-19,1.6411143724831774,"{""type"":""MultiPoint"",""coordinates"":[]}"
20150920,2015-09-20,7.641359308756775,"{""type"":""MultiPoint"",""coordinates"":[]}"
20150921,2015-09-21,1.3930418492393775,"{""type"":""MultiPoint"",""coordinates"":[]}"
20150922,2015-09-22,0.0,"{""type"":""MultiPoint"",""coordinates"":[]}"
20150923,2015-09-23,0.008797477071462076,"{""type"":""MultiPoint"",""coordinates"":[]}"
20150924,2015-09-24,3.1325204880014863,"{""type"":""MultiPoint"",""coordinates"":[]}"
20150925,2015-09-25,6.8174588392019775,"{""type"":""MultiPoint"",""coordinates"":[]}"
20150926,2015-09-26,8.582309752954423,"{""type"":""MultiPoint"",""coordinates"":[]}"
20150927,2015-09-27,11.831389527043202,"{""type"":""MultiPoint"",""coordinates"":[]}"
20150928,2015-09-28,0.4448957210997882,"{""type"":""MultiPoint"",""coordinates"":[]}"
20150929,2015-09-29,0.7235396061827833,"{""type"":""MultiPoint"",""coordinates"":[]}"
20150930,2015-09-30,0.14283074884623342,"{""type"":""MultiPoint"",""coordinates"":[]}"
20151001,2015-10-01,1.8204827472546485,"{""type"":""MultiPoint"",""coordinates"":[]}"
20151002,2015-10-02,14.828585591752562,"{""type"":""MultiPoint"",""coordinates"":[]}"
20151003,2015-10-03,13.23526597080727,"{""type"":""MultiPoint"",""coordinates"":[]}"
20151004,2015-10-04,6.436475207674414,"{""type"":""MultiPoint"",""coordinates"":[]}"
20151005,2015-10-05,1.8533264400225566,"{""type"":""MultiPoint"",""coordinates"":[]}"
20151006,2015-10-06,1.9744044132764826,"{""type"":""MultiPoint"",""coordinates"":[]}"
20151007,2015-10-07,16.505128498729444,"{""type"":""MultiPoint"",""coordinates"":[]}"
20151008,2015-10-08,18.529396676145243,"{""type"":""MultiPoint"",""coordinates"":[]}"
20151009,2015-10-09,3.8847259210737555,"{""type"":""MultiPoint"",""coordinates"":[]}"
20151010,2015-10-10,5.620979720149434,"{""type"":""MultiPoint"",""coordinates"":[]}"
20151011,2015-10-11,0.47627253678705156,"{""type"":""MultiPoint"",""coordinates"":[]}"
20151012,2015-10-12,0.0,"{""type"":""MultiPoint"",""coordinates"":[]}"
20151013,2015-10-13,0.0,"{""type"":""MultiPoint"",""coordinates"":[]}"
20151014,2015-10-14,0.0,"{""type"":""MultiPoint"",""coordinates"":[]}"
20151015,2015-10-15,0.0,"{""type"":""MultiPoint"",""coordinates"":[]}"
20151016,2015-10-16,0.0,"{""type"":""MultiPoint"",""coordinates"":[]}"
20151017,2015-10-17,0.0,"{""type"":""MultiPoint"",""coordinates"":[]}"
20151018,2015-10-18,0.0,"{""type"":""MultiPoint"",""coordinates"":[]}"
20151019,2015-10-19,0.0,"{""type"":""MultiPoint"",""coordinates"":[]}"
20151020,2015-10-20,0.0,"{""type"":""MultiPoint"",""coordinates"":[]}"
20151021,2015-10-21,0.0,"{""type"":""MultiPoint"",""coordinates"":[]}"
20151022,2015-10-22,0.0,"{""type"":""MultiPoint"",""coordinates"":[]}"
20151023,2015-10-23,0.0,"{""type"":""MultiPoint"",""coordinates"":[]}"
20151024,2015-10-24,0.0,"{""type"":""MultiPoint"",""coordinates"":[]}"
20151025,2015-10-25,0.0,"{""type"":""MultiPoint"",""coordinates"":[]}"
20151026,2015-10-26,0.0,"{""type"":""MultiPoint"",""coordinates"":[]}"
20151027,2015-10-27,0.03461581202590338,"{""type"":""MultiPoint"",""coordinates"":[]}"
20151028,2015-10-28,0.0,"{""type"":""MultiPoint"",""coordinates"":[]}"
20151029,2015-10-29,0.0,"{""type"":""MultiPoint"",""coordinates"":[]}"
20151030,2015-10-30,0.43620479037361193,"{""type"":""MultiPoint"",""coordinates"":[]}"
20151031,2015-10-31,0.0,"{""type"":""MultiPoint"",""coordinates"":[]}"
20151101,2015-11-01,0.24677547204965572,"{""type"":""MultiPoint"",""coordinates"":[]}"
20151102,2015-11-02,2.909808381340607,"{""type"":""MultiPoint"",""coordinates"":[]}"
20151103,2015-11-03,5.6890933584190035,"{""type"":""MultiPoint"",""coordinates"":[]}"
20151104,2015-11-04,0.0,"{""type"":""MultiPoint"",""coordinates"":[]}"
20151105,2015-11-05,0.0,"{""type"":""MultiPoint"",""coordinates"":[]}"
20151106,2015-11-06,0.0,"{""type"":""MultiPoint"",""coordinates"":[]}"
20151107,2015-11-07,0.0,"{""type"":""MultiPoint"",""coordinates"":[]}"
20151108,2015-11-08,1.218118088062335,"{""type"":""MultiPoint"",""coordinates"":[]}"
20151109,2015-11-09,16.901888181957094,"{""type"":""MultiPoint"",""coordinates"":[]}"
20151110,2015-11-10,8.503446292751455,"{""type"":""MultiPoint"",""coordinates"":[]}"
20151111,2015-11-11,0.06117960464708051,"{""type"":""MultiPoint"",""coordinates"":[]}"
20151112,2015-11-12,0.11290495098398151,"{""type"":""MultiPoint"",""coordinates"":[]}"
20151113,2015-11-13,1.3447297934599636,"{""type"":""MultiPoint"",""coordinates"":[]}"
20151114,2015-11-14,2.1796578421028565,"{""type"":""MultiPoint"",""coordinates"":[]}"
20151115,2015-11-15,18.36276935547646,"{""type"":""MultiPoint"",""coordinates"":[]}"
20151116,2015-11-16,27.17014900309756,"{""type"":""MultiPoint"",""coordinates"":[]}"
20151117,2015-11-17,0.00583372953026494,"{""type"":""MultiPoint"",""coordinates"":[]}"
20151118,2015-11-18,0.025904058489894653,"{""type"":""MultiPoint"",""coordinates"":[]}"
20151119,2015-11-19,0.5432715530499657,"{""type"":""MultiPoint"",""coordinates"":[]}"
20151120,2015-11-20,0.48004679055679583,"{""type"":""MultiPoint"",""coordinates"":[]}"
20151121,2015-11-21,0.24704516305348764,"{""type"":""MultiPoint"",""coordinates"":[]}"
20151122,2015-11-22,3.025291381941173,"{""type"":""MultiPoint"",""coordinates"":[]}"
20151123,2015-11-23,2.1734868724058343,"{""type"":""MultiPoint"",""coordinates"":[]}"
20151124,2015-11-24,0.0,"{""type"":""MultiPoint"",""coordinates"":[]}"
20151125,2015-11-25,0.0,"{""type"":""MultiPoint"",""coordinates"":[]}"
20151126,2015-11-26,0.0,"{""type"":""MultiPoint"",""coordinates"":[]}"
20151127,2015-11-27,0.0,"{""type"":""MultiPoint"",""coordinates"":[]}"
20151128,2015-11-28,0.3489701097724591,"{""type"":""MultiPoint"",""coordinates"":[]}"
20151129,2015-11-29,0.04502010999667726,"{""type"":""MultiPoint"",""coordinates"":[]}"
20151130,2015-11-30,0.04388448017772864,"{""type"":""MultiPoint"",""coordinates"":[]}"
20151201,2015-12-01,1.8119109265054358,"{""type"":""MultiPoint"",""coordinates"":[]}"
20151202,2015-12-02,0.0011023791597033355,"{""type"":""MultiPoint"",""coordinates"":[]}"
20151203,2015-12-03,0.0,"{""type"":""MultiPoint"",""coordinates"":[]}"
20151204,2015-12-04,0.0,"{""type"":""MultiPoint"",""coordinates"":[]}"
20151205,2015-12-05,0.0027289707746326283,"{""type"":""MultiPoint"",""coordinates"":[]}"
20151206,2015-12-06,0.07508686874096944,"{""type"":""MultiPoint"",""coordinates"":[]}"
20151207,2015-12-07,0.0,"{""type"":""MultiPoint"",""coordinates"":[]}"
20151208,2015-12-08,0.0,"{""type"":""MultiPoint"",""coordinates"":[]}"
20151209,2015-12-09,0.0,"{""type"":""MultiPoint"",""coordinates"":[]}"
20151210,2015-12-10,0.0,"{""type"":""MultiPoint"",""coordinates"":[]}"
20151211,2015-12-11,0.0018068192296062603,"{""type"":""MultiPoint"",""coordinates"":[]}"
20151212,2015-12-12,0.0,"{""type"":""MultiPoint"",""coordinates"":[]}"
20151213,2015-12-13,0.0,"{""type"":""MultiPoint"",""coordinates"":[]}"
20151214,2015-12-14,0.0,"{""type"":""MultiPoint"",""coordinates"":[]}"
20151215,2015-12-15,0.0,"{""type"":""MultiPoint"",""coordinates"":[]}"
20151216,2015-12-16,0.01195894547350035,"{""type"":""MultiPoint"",""coordinates"":[]}"
20151217,2015-12-17,4.021776319112064E-4,"{""type"":""MultiPoint"",""coordinates"":[]}"
20151218,2015-12-18,0.0,"{""type"":""MultiPoint"",""coordinates"":[]}"
20151219,2015-12-19,0.0,"{""type"":""MultiPoint"",""coordinates"":[]}"
20151220,2015-12-20,0.024160611250635063,"{""type"":""MultiPoint"",""coordinates"":[]}"
20151221,2015-12-21,0.13147358466490006,"{""type"":""MultiPoint"",""coordinates"":[]}"
20151222,2015-12-22,0.0,"{""type"":""MultiPoint"",""coordinates"":[]}"
20151223,2015-12-23,0.0,"{""type"":""MultiPoint"",""coordinates"":[]}"
20151224,2015-12-24,0.03265563951129717,"{""type"":""MultiPoint"",""coordinates"":[]}"
20151225,2015-12-25,0.0,"{""type"":""MultiPoint"",""coordinates"":[]}"
20151226,2015-12-26,0.13473180782560334,"{""type"":""MultiPoint"",""coordinates"":[]}"
20151227,2015-12-27,0.0,"{""type"":""MultiPoint"",""coordinates"":[]}"
20151228,2015-12-28,0.0,"{""type"":""MultiPoint"",""coordinates"":[]}"
20151229,2015-12-29,0.0,"{""type"":""MultiPoint"",""coordinates"":[]}"
20151230,2015-12-30,0.0,"{""type"":""MultiPoint"",""coordinates"":[]}"
20151231,2015-12-31,0.022585723389907126,"{""type"":""MultiPoint"",""coordinates"":[]}"
20160101,2016-01-01,0.04473309719608423,"{""type"":""MultiPoint"",""coordinates"":[]}"
20160102,2016-01-02,0.0,"{""type"":""MultiPoint"",""coordinates"":[]}"
20160103,2016-01-03,0.019591481976871366,"{""type"":""MultiPoint"",""coordinates"":[]}"
20160104,2016-01-04,3.869128299351385E-4,"{""type"":""MultiPoint"",""coordinates"":[]}"
20160105,2016-01-05,0.0,"{""type"":""MultiPoint"",""coordinates"":[]}"
20160106,2016-01-06,0.09931595514380352,"{""type"":""MultiPoint"",""coordinates"":[]}"
20160107,2016-01-07,0.002341521646309992,"{""type"":""MultiPoint"",""coordinates"":[]}"
20160108,2016-01-08,0.0,"{""type"":""MultiPoint"",""coordinates"":[]}"
20160109,2016-01-09,0.09917760942784551,"{""type"":""MultiPoint"",""coordinates"":[]}"
20160110,2016-01-10,0.0,"{""type"":""MultiPoint"",""coordinates"":[]}"
20160111,2016-01-11,0.0,"{""type"":""MultiPoint"",""coordinates"":[]}"
20160112,2016-01-12,0.11949147641948349,"{""type"":""MultiPoint"",""coordinates"":[]}"
20160113,2016-01-13,0.006263418950838236,"{""type"":""MultiPoint"",""coordinates"":[]}"
20160114,2016-01-14,0.0,"{""type"":""MultiPoint"",""coordinates"":[]}"
20160115,2016-01-15,0.0,"{""type"":""MultiPoint"",""coordinates"":[]}"
20160116,2016-01-16,0.0,"{""type"":""MultiPoint"",""coordinates"":[]}"
20160117,2016-01-17,0.0,"{""type"":""MultiPoint"",""coordinates"":[]}"
20160118,2016-01-18,0.0,"{""type"":""MultiPoint"",""coordinates"":[]}"
20160119,2016-01-19,0.0,"{""type"":""MultiPoint"",""coordinates"":[]}"
20160120,2016-01-20,0.010692724783622116,"{""type"":""MultiPoint"",""coordinates"":[]}"
20160121,2016-01-21,0.009000045970307064,"{""type"":""MultiPoint"",""coordinates"":[]}"
20160122,2016-01-22,0.0,"{""type"":""MultiPoint"",""coordinates"":[]}"
20160123,2016-01-23,0.0,"{""type"":""MultiPoint"",""coordinates"":[]}"
20160124,2016-01-24,0.0,"{""type"":""MultiPoint"",""coordinates"":[]}"
20160125,2016-01-25,0.0,"{""type"":""MultiPoint"",""coordinates"":[]}"
20160126,2016-01-26,0.0,"{""type"":""MultiPoint"",""coordinates"":[]}"
20160127,2016-01-27,0.08311985984051248,"{""type"":""MultiPoint"",""coordinates"":[]}"
20160128,2016-01-28,0.0,"{""type"":""MultiPoint"",""coordinates"":[]}"
20160129,2016-01-29,0.0,"{""type"":""MultiPoint"",""coordinates"":[]}"
20160130,2016-01-30,0.0,"{""type"":""MultiPoint"",""coordinates"":[]}"
20160131,2016-01-31,0.1736478139974158,"{""type"":""MultiPoint"",""coordinates"":[]}"
20160201,2016-02-01,0.005065132386743609,"{""type"":""MultiPoint"",""coordinates"":[]}"
20160202,2016-02-02,0.0,"{""type"":""MultiPoint"",""coordinates"":[]}"
20160203,2016-02-03,5.331630266835241E-4,"{""type"":""MultiPoint"",""coordinates"":[]}"
20160204,2016-02-04,0.0,"{""type"":""MultiPoint"",""coordinates"":[]}"
20160205,2016-02-05,0.0,"{""type"":""MultiPoint"",""coordinates"":[]}"
20160206,2016-02-06,0.0,"{""type"":""MultiPoint"",""coordinates"":[]}"
20160207,2016-02-07,0.0,"{""type"":""MultiPoint"",""coordinates"":[]}"
20160208,2016-02-08,0.0,"{""type"":""MultiPoint"",""coordinates"":[]}"
20160209,2016-02-09,0.0,"{""type"":""MultiPoint"",""coordinates"":[]}"
20160210,2016-02-10,0.0,"{""type"":""MultiPoint"",""coordinates"":[]}"
20160211,2016-02-11,0.0,"{""type"":""MultiPoint"",""coordinates"":[]}"
20160212,2016-02-12,0.0,"{""type"":""MultiPoint"",""coordinates"":[]}"
20160213,2016-02-13,0.0,"{""type"":""MultiPoint"",""coordinates"":[]}"
20160214,2016-02-14,0.0,"{""type"":""MultiPoint"",""coordinates"":[]}"
20160215,2016-02-15,0.0,"{""type"":""MultiPoint"",""coordinates"":[]}"
20160216,2016-02-16,0.0,"{""type"":""MultiPoint"",""coordinates"":[]}"
20160217,2016-02-17,0.0,"{""type"":""MultiPoint"",""coordinates"":[]}"
20160218,2016-02-18,0.0,"{""type"":""MultiPoint"",""coordinates"":[]}"
20160219,2016-02-19,0.0,"{""type"":""MultiPoint"",""coordinates"":[]}"
20160220,2016-02-20,0.1349601876912586,"{""type"":""MultiPoint"",""coordinates"":[]}"
20160221,2016-02-21,0.0,"{""type"":""MultiPoint"",""coordinates"":[]}"
20160222,2016-02-22,0.0,"{""type"":""MultiPoint"",""coordinates"":[]}"
20160223,2016-02-23,0.0,"{""type"":""MultiPoint"",""coordinates"":[]}"
20160224,2016-02-24,0.0,"{""type"":""MultiPoint"",""coordinates"":[]}"
20160225,2016-02-25,0.0,"{""type"":""MultiPoint"",""coordinates"":[]}"
20160226,2016-02-26,0.0,"{""type"":""MultiPoint"",""coordinates"":[]}"
20160227,2016-02-27,0.003693600108532092,"{""type"":""MultiPoint"",""coordinates"":[]}"
20160228,2016-02-28,0.07874830087762745,"{""type"":""MultiPoint"",""coordinates"":[]}"
20160229,2016-02-29,0.010574853501682437,"{""type"":""MultiPoint"",""coordinates"":[]}"
20160301,2016-03-01,0.0,"{""type"":""MultiPoint"",""coordinates"":[]}"
20160302,2016-03-02,0.05594729467284573,"{""type"":""MultiPoint"",""coordinates"":[]}"
20160303,2016-03-03,0.011240045255545283,"{""type"":""MultiPoint"",""coordinates"":[]}"
20160304,2016-03-04,0.0,"{""type"":""MultiPoint"",""coordinates"":[]}"
20160305,2016-03-05,0.027987418182330033,"{""type"":""MultiPoint"",""coordinates"":[]}"
20160306,2016-03-06,0.0,"{""type"":""MultiPoint"",""coordinates"":[]}"
20160307,2016-03-07,0.0,"{""type"":""MultiPoint"",""coordinates"":[]}"
20160308,2016-03-08,0.0,"{""type"":""MultiPoint"",""coordinates"":[]}"
20160309,2016-03-09,0.0,"{""type"":""MultiPoint"",""coordinates"":[]}"
20160310,2016-03-10,0.0,"{""type"":""MultiPoint"",""coordinates"":[]}"
20160311,2016-03-11,0.0,"{""type"":""MultiPoint"",""coordinates"":[]}"
20160312,2016-03-12,0.0,"{""type"":""MultiPoint"",""coordinates"":[]}"
20160313,2016-03-13,0.0,"{""type"":""MultiPoint"",""coordinates"":[]}"
20160314,2016-03-14,3.4974859869382725E-4,"{""type"":""MultiPoint"",""coordinates"":[]}"
20160315,2016-03-15,0.0,"{""type"":""MultiPoint"",""coordinates"":[]}"
20160316,2016-03-16,0.0,"{""type"":""MultiPoint"",""coordinates"":[]}"
20160317,2016-03-17,0.0,"{""type"":""MultiPoint"",""coordinates"":[]}"
20160318,2016-03-18,0.0,"{""type"":""MultiPoint"",""coordinates"":[]}"
20160319,2016-03-19,0.0,"{""type"":""MultiPoint"",""coordinates"":[]}"
20160320,2016-03-20,0.006531606451739948,"{""type"":""MultiPoint"",""coordinates"":[]}"
20160321,2016-03-21,0.011901422117507209,"{""type"":""MultiPoint"",""coordinates"":[]}"
20160322,2016-03-22,0.0,"{""type"":""MultiPoint"",""coordinates"":[]}"
20160323,2016-03-23,0.0,"{""type"":""MultiPoint"",""coordinates"":[]}"
20160324,2016-03-24,0.0,"{""type"":""MultiPoint"",""coordinates"":[]}"
20160325,2016-03-25,0.0,"{""type"":""MultiPoint"",""coordinates"":[]}"
20160326,2016-03-26,0.0,"{""type"":""MultiPoint"",""coordinates"":[]}"
20160327,2016-03-27,0.02479596906075269,"{""type"":""MultiPoint"",""coordinates"":[]}"
20160328,2016-03-28,0.0,"{""type"":""MultiPoint"",""coordinates"":[]}"
20160329,2016-03-29,0.32333465630749364,"{""type"":""MultiPoint"",""coordinates"":[]}"
20160330,2016-03-30,0.03342762693884536,"{""type"":""MultiPoint"",""coordinates"":[]}"
20160331,2016-03-31,0.4509266354347034,"{""type"":""MultiPoint"",""coordinates"":[]}"
20160401,2016-04-01,0.007970338648666307,"{""type"":""MultiPoint"",""coordinates"":[]}"
20160402,2016-04-02,0.0,"{""type"":""MultiPoint"",""coordinates"":[]}"
20160403,2016-04-03,0.016828966632574365,"{""type"":""MultiPoint"",""coordinates"":[]}"
20160404,2016-04-04,0.0,"{""type"":""MultiPoint"",""coordinates"":[]}"
20160405,2016-04-05,0.10959617082863143,"{""type"":""MultiPoint"",""coordinates"":[]}"
20160406,2016-04-06,1.0171715944576925,"{""type"":""MultiPoint"",""coordinates"":[]}"
20160407,2016-04-07,0.008307714126465606,"{""type"":""MultiPoint"",""coordinates"":[]}"
20160408,2016-04-08,0.0,"{""type"":""MultiPoint"",""coordinates"":[]}"
20160409,2016-04-09,0.07354828543342896,"{""type"":""MultiPoint"",""coordinates"":[]}"
20160410,2016-04-10,0.0,"{""type"":""MultiPoint"",""coordinates"":[]}"
20160411,2016-04-11,0.0,"{""type"":""MultiPoint"",""coordinates"":[]}"
20160412,2016-04-12,0.0,"{""type"":""MultiPoint"",""coordinates"":[]}"
20160413,2016-04-13,0.13277514708900995,"{""type"":""MultiPoint"",""coordinates"":[]}"
20160414,2016-04-14,0.31047909297189524,"{""type"":""MultiPoint"",""coordinates"":[]}"
20160415,2016-04-15,0.8345276675603241,"{""type"":""MultiPoint"",""coordinates"":[]}"
20160416,2016-04-16,0.15824367247444607,"{""type"":""MultiPoint"",""coordinates"":[]}"
20160417,2016-04-17,0.3530204737480521,"{""type"":""MultiPoint"",""coordinates"":[]}"
20160418,2016-04-18,0.0,"{""type"":""MultiPoint"",""coordinates"":[]}"
20160419,2016-04-19,0.014793481847527714,"{""type"":""MultiPoint"",""coordinates"":[]}"
20160420,2016-04-20,0.007582593435277584,"{""type"":""MultiPoint"",""coordinates"":[]}"
20160421,2016-04-21,0.0,"{""type"":""MultiPoint"",""coordinates"":[]}"
20160422,2016-04-22,0.19424687234168528,"{""type"":""MultiPoint"",""coordinates"":[]}"
20160423,2016-04-23,0.0,"{""type"":""MultiPoint"",""coordinates"":[]}"
20160424,2016-04-24,0.07306393964706652,"{""type"":""MultiPoint"",""coordinates"":[]}"
20160425,2016-04-25,0.07865941463978428,"{""type"":""MultiPoint"",""coordinates"":[]}"
20160426,2016-04-26,0.8473369867466555,"{""type"":""MultiPoint"",""coordinates"":[]}"
20160427,2016-04-27,0.0,"{""type"":""MultiPoint"",""coordinates"":[]}"
20160428,2016-04-28,0.0,"{""type"":""MultiPoint"",""coordinates"":[]}"
20160429,2016-04-29,0.0030116836987037756,"{""type"":""MultiPoint"",""coordinates"":[]}"
20160430,2016-04-30,0.0,"{""type"":""MultiPoint"",""coordinates"":[]}"
20160501,2016-05-01,0.09501247716064273,"{""type"":""MultiPoint"",""coordinates"":[]}"
20160502,2016-05-02,0.6391575304717575,"{""type"":""MultiPoint"",""coordinates"":[]}"
20160503,2016-05-03,6.489806800375918,"{""type"":""MultiPoint"",""coordinates"":[]}"
20160504,2016-05-04,2.785819162272203,"{""type"":""MultiPoint"",""coordinates"":[]}"
20160505,2016-05-05,5.503843473720095,"{""type"":""MultiPoint"",""coordinates"":[]}"
20160506,2016-05-06,2.2079634822748195,"{""type"":""MultiPoint"",""coordinates"":[]}"
20160507,2016-05-07,0.24187586773222047,"{""type"":""MultiPoint"",""coordinates"":[]}"
20160508,2016-05-08,0.0,"{""type"":""MultiPoint"",""coordinates"":[]}"
20160509,2016-05-09,0.0,"{""type"":""MultiPoint"",""coordinates"":[]}"
20160510,2016-05-10,0.039975557977358245,"{""type"":""MultiPoint"",""coordinates"":[]}"
20160511,2016-05-11,0.0,"{""type"":""MultiPoint"",""coordinates"":[]}"
20160512,2016-05-12,0.1757207698897604,"{""type"":""MultiPoint"",""coordinates"":[]}"
20160513,2016-05-13,0.0,"{""type"":""MultiPoint"",""coordinates"":[]}"
20160514,2016-05-14,1.8347721213696142,"{""type"":""MultiPoint"",""coordinates"":[]}"
20160515,2016-05-15,4.080164429839962,"{""type"":""MultiPoint"",""coordinates"":[]}"
20160516,2016-05-16,2.346705296785717,"{""type"":""MultiPoint"",""coordinates"":[]}"
20160517,2016-05-17,11.938721622827995,"{""type"":""MultiPoint"",""coordinates"":[]}"
20160518,2016-05-18,16.19990117884915,"{""type"":""MultiPoint"",""coordinates"":[]}"
20160519,2016-05-19,10.050839931505662,"{""type"":""MultiPoint"",""coordinates"":[]}"
20160520,2016-05-20,0.7731655521592271,"{""type"":""MultiPoint"",""coordinates"":[]}"
20160521,2016-05-21,0.0,"{""type"":""MultiPoint"",""coordinates"":[]}"
20160522,2016-05-22,0.0,"{""type"":""MultiPoint"",""coordinates"":[]}"
20160523,2016-05-23,0.0,"{""type"":""MultiPoint"",""coordinates"":[]}"
20160524,2016-05-24,0.0,"{""type"":""MultiPoint"",""coordinates"":[]}"
20160525,2016-05-25,0.0,"{""type"":""MultiPoint"",""coordinates"":[]}"
20160526,2016-05-26,0.0,"{""type"":""MultiPoint"",""coordinates"":[]}"
20160527,2016-05-27,0.0645386424128699,"{""type"":""MultiPoint"",""coordinates"":[]}"
20160528,2016-05-28,17.28325622460654,"{""type"":""MultiPoint"",""coordinates"":[]}"
20160529,2016-05-29,4.501566581198586,"{""type"":""MultiPoint"",""coordinates"":[]}"
20160530,2016-05-30,0.0,"{""type"":""MultiPoint"",""coordinates"":[]}"
20160531,2016-05-31,0.39961615509203136,"{""type"":""MultiPoint"",""coordinates"":[]}"
20160601,2016-06-01,0.0,"{""type"":""MultiPoint"",""coordinates"":[]}"
20160602,2016-06-02,4.210913435492775,"{""type"":""MultiPoint"",""coordinates"":[]}"
20160603,2016-06-03,1.5413089920945189,"{""type"":""MultiPoint"",""coordinates"":[]}"
20160604,2016-06-04,3.3775393967759655,"{""type"":""MultiPoint"",""coordinates"":[]}"
20160605,2016-06-05,3.09986941147207,"{""type"":""MultiPoint"",""coordinates"":[]}"
20160606,2016-06-06,1.8717034739500107,"{""type"":""MultiPoint"",""coordinates"":[]}"
20160607,2016-06-07,3.897131111240892,"{""type"":""MultiPoint"",""coordinates"":[]}"
20160608,2016-06-08,6.35877921283968,"{""type"":""MultiPoint"",""coordinates"":[]}"
20160609,2016-06-09,0.6264512506749722,"{""type"":""MultiPoint"",""coordinates"":[]}"
20160610,2016-06-10,0.21067817915025525,"{""type"":""MultiPoint"",""coordinates"":[]}"
20160611,2016-06-11,0.0,"{""type"":""MultiPoint"",""coordinates"":[]}"
20160612,2016-06-12,0.010882465281224638,"{""type"":""MultiPoint"",""coordinates"":[]}"
20160613,2016-06-13,0.05086495133271524,"{""type"":""MultiPoint"",""coordinates"":[]}"
20160614,2016-06-14,0.3413258932746296,"{""type"":""MultiPoint"",""coordinates"":[]}"
20160615,2016-06-15,0.033632755135393815,"{""type"":""MultiPoint"",""coordinates"":[]}"
20160616,2016-06-16,0.1259291258545172,"{""type"":""MultiPoint"",""coordinates"":[]}"
20160617,2016-06-17,1.301908231455026,"{""type"":""MultiPoint"",""coordinates"":[]}"
20160618,2016-06-18,6.331356728795237,"{""type"":""MultiPoint"",""coordinates"":[]}"
20160619,2016-06-19,1.7443140135805277,"{""type"":""MultiPoint"",""coordinates"":[]}"
20160620,2016-06-20,1.2901460225128665,"{""type"":""MultiPoint"",""coordinates"":[]}"
20160621,2016-06-21,3.985735321602215,"{""type"":""MultiPoint"",""coordinates"":[]}"
20160622,2016-06-22,0.0,"{""type"":""MultiPoint"",""coordinates"":[]}"
20160623,2016-06-23,0.48020375501624946,"{""type"":""MultiPoint"",""coordinates"":[]}"
20160624,2016-06-24,1.3547023654887311,"{""type"":""MultiPoint"",""coordinates"":[]}"
20160625,2016-06-25,3.7714748711028445,"{""type"":""MultiPoint"",""coordinates"":[]}"
20160626,2016-06-26,1.8829870196297582,"{""type"":""MultiPoint"",""coordinates"":[]}"
20160627,2016-06-27,3.5942977249717587,"{""type"":""MultiPoint"",""coordinates"":[]}"
20160628,2016-06-28,4.971203546119289,"{""type"":""MultiPoint"",""coordinates"":[]}"
20160629,2016-06-29,0.8089817802305291,"{""type"":""MultiPoint"",""coordinates"":[]}"
20160630,2016-06-30,0.1604656766131529,"{""type"":""MultiPoint"",""coordinates"":[]}"
20160701,2016-07-01,0.04249496532844477,"{""type"":""MultiPoint"",""coordinates"":[]}"
20160702,2016-07-02,0.0,"{""type"":""MultiPoint"",""coordinates"":[]}"
20160703,2016-07-03,0.11881602996706553,"{""type"":""MultiPoint"",""coordinates"":[]}"
20160704,2016-07-04,0.43047176561762446,"{""type"":""MultiPoint"",""coordinates"":[]}"
20160705,2016-07-05,1.8651488077702154,"{""type"":""MultiPoint"",""coordinates"":[]}"
20160706,2016-07-06,0.9266010975065967,"{""type"":""MultiPoint"",""coordinates"":[]}"
20160707,2016-07-07,0.09851349547556891,"{""type"":""MultiPoint"",""coordinates"":[]}"
20160708,2016-07-08,0.9058469450755587,"{""type"":""MultiPoint"",""coordinates"":[]}"
20160709,2016-07-09,0.9655314792812799,"{""type"":""MultiPoint"",""coordinates"":[]}"
20160710,2016-07-10,2.1687515693737995,"{""type"":""MultiPoint"",""coordinates"":[]}"
20160711,2016-07-11,0.32680472897297336,"{""type"":""MultiPoint"",""coordinates"":[]}"
20160712,2016-07-12,0.0,"{""type"":""MultiPoint"",""coordinates"":[]}"
20160713,2016-07-13,0.0,"{""type"":""MultiPoint"",""coordinates"":[]}"
20160714,2016-07-14,0.0,"{""type"":""MultiPoint"",""coordinates"":[]}"
20160715,2016-07-15,0.1494121260993419,"{""type"":""MultiPoint"",""coordinates"":[]}"
20160716,2016-07-16,0.2298571941324133,"{""type"":""MultiPoint"",""coordinates"":[]}"
20160717,2016-07-17,0.48271995524029154,"{""type"":""MultiPoint"",""coordinates"":[]}"
20160718,2016-07-18,0.681911586221092,"{""type"":""MultiPoint"",""coordinates"":[]}"
20160719,2016-07-19,2.044639592536155,"{""type"":""MultiPoint"",""coordinates"":[]}"
20160720,2016-07-20,0.07613017677597236,"{""type"":""MultiPoint"",""coordinates"":[]}"
20160721,2016-07-21,0.0,"{""type"":""MultiPoint"",""coordinates"":[]}"
20160722,2016-07-22,3.8015920280794875,"{""type"":""MultiPoint"",""coordinates"":[]}"
20160723,2016-07-23,1.0539716153593974,"{""type"":""MultiPoint"",""coordinates"":[]}"
20160724,2016-07-24,1.547743589200603,"{""type"":""MultiPoint"",""coordinates"":[]}"
20160725,2016-07-25,1.9605364311467772,"{""type"":""MultiPoint"",""coordinates"":[]}"
20160726,2016-07-26,4.058378561842709,"{""type"":""MultiPoint"",""coordinates"":[]}"
20160727,2016-07-27,4.532246537949232,"{""type"":""MultiPoint"",""coordinates"":[]}"
20160728,2016-07-28,1.3271944162823586,"{""type"":""MultiPoint"",""coordinates"":[]}"
20160729,2016-07-29,6.078905639320443,"{""type"":""MultiPoint"",""coordinates"":[]}"
20160730,2016-07-30,0.31025102607428556,"{""type"":""MultiPoint"",""coordinates"":[]}"
20160731,2016-07-31,0.3387907720533845,"{""type"":""MultiPoint"",""coordinates"":[]}"
20160801,2016-08-01,1.0442116165079707,"{""type"":""MultiPoint"",""coordinates"":[]}"
20160802,2016-08-02,0.005058170992255885,"{""type"":""MultiPoint"",""coordinates"":[]}"
20160803,2016-08-03,0.5471072039034554,"{""type"":""MultiPoint"",""coordinates"":[]}"
20160804,2016-08-04,3.6263618985373,"{""type"":""MultiPoint"",""coordinates"":[]}"
20160805,2016-08-05,0.08510582860043951,"{""type"":""MultiPoint"",""coordinates"":[]}"
20160806,2016-08-06,0.20867690438485106,"{""type"":""MultiPoint"",""coordinates"":[]}"
20160807,2016-08-07,0.005707552114479351,"{""type"":""MultiPoint"",""coordinates"":[]}"
20160808,2016-08-08,0.0,"{""type"":""MultiPoint"",""coordinates"":[]}"
20160809,2016-08-09,0.03341059658547805,"{""type"":""MultiPoint"",""coordinates"":[]}"
20160810,2016-08-10,0.03630413087043913,"{""type"":""MultiPoint"",""coordinates"":[]}"
20160811,2016-08-11,0.23138499415422817,"{""type"":""MultiPoint"",""coordinates"":[]}"
20160812,2016-08-12,0.0014846406128938882,"{""type"":""MultiPoint"",""coordinates"":[]}"
20160813,2016-08-13,0.0,"{""type"":""MultiPoint"",""coordinates"":[]}"
20160814,2016-08-14,0.00884981021064958,"{""type"":""MultiPoint"",""coordinates"":[]}"
20160815,2016-08-15,0.0,"{""type"":""MultiPoint"",""coordinates"":[]}"
20160816,2016-08-16,0.0,"{""type"":""MultiPoint"",""coordinates"":[]}"
20160817,2016-08-17,0.0,"{""type"":""MultiPoint"",""coordinates"":[]}"
20160818,2016-08-18,0.0,"{""type"":""MultiPoint"",""coordinates"":[]}"
20160819,2016-08-19,0.0,"{""type"":""MultiPoint"",""coordinates"":[]}"
20160820,2016-08-20,0.0,"{""type"":""MultiPoint"",""coordinates"":[]}"
20160821,2016-08-21,0.0,"{""type"":""MultiPoint"",""coordinates"":[]}"
20160822,2016-08-22,0.0,"{""type"":""MultiPoint"",""coordinates"":[]}"
20160823,2016-08-23,0.05793512603859249,"{""type"":""MultiPoint"",""coordinates"":[]}"
20160824,2016-08-24,0.002082082027912439,"{""type"":""MultiPoint"",""coordinates"":[]}"
20160825,2016-08-25,5.283645181045332,"{""type"":""MultiPoint"",""coordinates"":[]}"
20160826,2016-08-26,3.924849536186778,"{""type"":""MultiPoint"",""coordinates"":[]}"
20160827,2016-08-27,2.7535817819383466,"{""type"":""MultiPoint"",""coordinates"":[]}"
20160828,2016-08-28,0.21527634399148704,"{""type"":""MultiPoint"",""coordinates"":[]}"
20160829,2016-08-29,5.159841536399677,"{""type"":""MultiPoint"",""coordinates"":[]}"
20160830,2016-08-30,14.179430096945836,"{""type"":""MultiPoint"",""coordinates"":[]}"
20160831,2016-08-31,2.6843824897237725,"{""type"":""MultiPoint"",""coordinates"":[]}"
20160901,2016-09-01,1.9137279898364914,"{""type"":""MultiPoint"",""coordinates"":[]}"
20160902,2016-09-02,0.49543635349950166,"{""type"":""MultiPoint"",""coordinates"":[]}"
20160903,2016-09-03,3.238232070879248,"{""type"":""MultiPoint"",""coordinates"":[]}"
20160904,2016-09-04,1.6440038944250348,"{""type"":""MultiPoint"",""coordinates"":[]}"
20160905,2016-09-05,0.2120067176445944,"{""type"":""MultiPoint"",""coordinates"":[]}"
20160906,2016-09-06,0.0,"{""type"":""MultiPoint"",""coordinates"":[]}"
20160907,2016-09-07,0.0,"{""type"":""MultiPoint"",""coordinates"":[]}"
20160908,2016-09-08,0.0,"{""type"":""MultiPoint"",""coordinates"":[]}"
20160909,2016-09-09,0.0,"{""type"":""MultiPoint"",""coordinates"":[]}"
20160910,2016-09-10,7.097023592963298,"{""type"":""MultiPoint"",""coordinates"":[]}"
20160911,2016-09-11,0.5368243842406198,"{""type"":""MultiPoint"",""coordinates"":[]}"
20160912,2016-09-12,16.841663778851444,"{""type"":""MultiPoint"",""coordinates"":[]}"
20160913,2016-09-13,8.336772969081563,"{""type"":""MultiPoint"",""coordinates"":[]}"
20160914,2016-09-14,0.9796866376297154,"{""type"":""MultiPoint"",""coordinates"":[]}"
20160915,2016-09-15,4.282550151016749,"{""type"":""MultiPoint"",""coordinates"":[]}"
20160916,2016-09-16,0.0,"{""type"":""MultiPoint"",""coordinates"":[]}"
20160917,2016-09-17,0.0,"{""type"":""MultiPoint"",""coordinates"":[]}"
20160918,2016-09-18,0.026573341534169192,"{""type"":""MultiPoint"",""coordinates"":[]}"
20160919,2016-09-19,0.019140576216141094,"{""type"":""MultiPoint"",""coordinates"":[]}"
20160920,2016-09-20,4.181007007548455,"{""type"":""MultiPoint"",""coordinates"":[]}"
20160921,2016-09-21,4.80415013183311,"{""type"":""MultiPoint"",""coordinates"":[]}"
20160922,2016-09-22,0.7507857841525591,"{""type"":""MultiPoint"",""coordinates"":[]}"
20160923,2016-09-23,0.9634510041603797,"{""type"":""MultiPoint"",""coordinates"":[]}"
20160924,2016-09-24,0.0,"{""type"":""MultiPoint"",""coordinates"":[]}"
20160925,2016-09-25,0.0,"{""type"":""MultiPoint"",""coordinates"":[]}"
20160926,2016-09-26,2.171612814041867,"{""type"":""MultiPoint"",""coordinates"":[]}"
20160927,2016-09-27,2.346979386118749,"{""type"":""MultiPoint"",""coordinates"":[]}"
20160928,2016-09-28,7.5166515391472135,"{""type"":""MultiPoint"",""coordinates"":[]}"
20160929,2016-09-29,2.3281734198235835,"{""type"":""MultiPoint"",""coordinates"":[]}"
20160930,2016-09-30,0.14167732004214387,"{""type"":""MultiPoint"",""coordinates"":[]}"
20161001,2016-10-01,0.6518276201374945,"{""type"":""MultiPoint"",""coordinates"":[]}"
20161002,2016-10-02,0.0,"{""type"":""MultiPoint"",""coordinates"":[]}"
20161003,2016-10-03,0.7268788945960083,"{""type"":""MultiPoint"",""coordinates"":[]}"
20161004,2016-10-04,0.01803009778654553,"{""type"":""MultiPoint"",""coordinates"":[]}"
20161005,2016-10-05,0.0,"{""type"":""MultiPoint"",""coordinates"":[]}"
20161006,2016-10-06,0.05399817997726683,"{""type"":""MultiPoint"",""coordinates"":[]}"
20161007,2016-10-07,4.645835431261042,"{""type"":""MultiPoint"",""coordinates"":[]}"
20161008,2016-10-08,1.3382368287449733,"{""type"":""MultiPoint"",""coordinates"":[]}"
20161009,2016-10-09,0.061297117785733865,"{""type"":""MultiPoint"",""coordinates"":[]}"
20161010,2016-10-10,14.862886933721072,"{""type"":""MultiPoint"",""coordinates"":[]}"
20161011,2016-10-11,3.822118104063792,"{""type"":""MultiPoint"",""coordinates"":[]}"
20161012,2016-10-12,1.3544052170389362,"{""type"":""MultiPoint"",""coordinates"":[]}"
20161013,2016-10-13,0.0,"{""type"":""MultiPoint"",""coordinates"":[]}"
20161014,2016-10-14,0.0,"{""type"":""MultiPoint"",""coordinates"":[]}"
20161015,2016-10-15,0.0,"{""type"":""MultiPoint"",""coordinates"":[]}"
20161016,2016-10-16,0.7169469399442093,"{""type"":""MultiPoint"",""coordinates"":[]}"
20161017,2016-10-17,0.0,"{""type"":""MultiPoint"",""coordinates"":[]}"
20161018,2016-10-18,0.44440432415957865,"{""type"":""MultiPoint"",""coordinates"":[]}"
20161019,2016-10-19,0.6440433575171747,"{""type"":""MultiPoint"",""coordinates"":[]}"
20161020,2016-10-20,0.5450683095094956,"{""type"":""MultiPoint"",""coordinates"":[]}"
20161021,2016-10-21,1.90691805394316,"{""type"":""MultiPoint"",""coordinates"":[]}"
20161022,2016-10-22,0.29471752347013686,"{""type"":""MultiPoint"",""coordinates"":[]}"
20161023,2016-10-23,0.8295765898836097,"{""type"":""MultiPoint"",""coordinates"":[]}"
20161024,2016-10-24,0.7921740964785601,"{""type"":""MultiPoint"",""coordinates"":[]}"
20161025,2016-10-25,0.0,"{""type"":""MultiPoint"",""coordinates"":[]}"
20161026,2016-10-26,0.0,"{""type"":""MultiPoint"",""coordinates"":[]}"
20161027,2016-10-27,0.0,"{""type"":""MultiPoint"",""coordinates"":[]}"
20161028,2016-10-28,0.0,"{""type"":""MultiPoint"",""coordinates"":[]}"
20161029,2016-10-29,0.0,"{""type"":""MultiPoint"",""coordinates"":[]}"
20161030,2016-10-30,0.0,"{""type"":""MultiPoint"",""coordinates"":[]}"
20161031,2016-10-31,2.616316100396332,"{""type"":""MultiPoint"",""coordinates"":[]}"
20161101,2016-11-01,0.0356258028295151,"{""type"":""MultiPoint"",""coordinates"":[]}"
20161102,2016-11-02,0.0,"{""type"":""MultiPoint"",""coordinates"":[]}"
20161103,2016-11-03,0.0,"{""type"":""MultiPoint"",""coordinates"":[]}"
20161104,2016-11-04,0.0,"{""type"":""MultiPoint"",""coordinates"":[]}"
20161105,2016-11-05,0.0,"{""type"":""MultiPoint"",""coordinates"":[]}"
20161106,2016-11-06,0.0,"{""type"":""MultiPoint"",""coordinates"":[]}"
20161107,2016-11-07,0.009884054266211372,"{""type"":""MultiPoint"",""coordinates"":[]}"
20161108,2016-11-08,0.0,"{""type"":""MultiPoint"",""coordinates"":[]}"
20161109,2016-11-09,0.0,"{""type"":""MultiPoint"",""coordinates"":[]}"
20161110,2016-11-10,0.0044241503564761454,"{""type"":""MultiPoint"",""coordinates"":[]}"
20161111,2016-11-11,0.0,"{""type"":""MultiPoint"",""coordinates"":[]}"
20161112,2016-11-12,0.0,"{""type"":""MultiPoint"",""coordinates"":[]}"
20161113,2016-11-13,0.04820669502474128,"{""type"":""MultiPoint"",""coordinates"":[]}"
20161114,2016-11-14,3.220692861430105,"{""type"":""MultiPoint"",""coordinates"":[]}"
20161115,2016-11-15,1.5981194203032267,"{""type"":""MultiPoint"",""coordinates"":[]}"
20161116,2016-11-16,0.29872032541882343,"{""type"":""MultiPoint"",""coordinates"":[]}"
20161117,2016-11-17,0.2324482706386542,"{""type"":""MultiPoint"",""coordinates"":[]}"
20161118,2016-11-18,0.7308921459992018,"{""type"":""MultiPoint"",""coordinates"":[]}"
20161119,2016-11-19,1.2233891594519284,"{""type"":""MultiPoint"",""coordinates"":[]}"
20161120,2016-11-20,0.14973261463792442,"{""type"":""MultiPoint"",""coordinates"":[]}"
20161121,2016-11-21,0.058298380093064824,"{""type"":""MultiPoint"",""coordinates"":[]}"
20161122,2016-11-22,0.0,"{""type"":""MultiPoint"",""coordinates"":[]}"
20161123,2016-11-23,0.0,"{""type"":""MultiPoint"",""coordinates"":[]}"
20161124,2016-11-24,8.754063360182313E-5,"{""type"":""MultiPoint"",""coordinates"":[]}"
20161125,2016-11-25,0.0,"{""type"":""MultiPoint"",""coordinates"":[]}"
20161126,2016-11-26,0.0,"{""type"":""MultiPoint"",""coordinates"":[]}"
20161127,2016-11-27,0.0,"{""type"":""MultiPoint"",""coordinates"":[]}"
20161128,2016-11-28,0.1697412792869535,"{""type"":""MultiPoint"",""coordinates"":[]}"
20161129,2016-11-29,0.13280978159116147,"{""type"":""MultiPoint"",""coordinates"":[]}"
20161130,2016-11-30,1.0010810811602349,"{""type"":""MultiPoint"",""coordinates"":[]}"
20161201,2016-12-01,0.45519838427409454,"{""type"":""MultiPoint"",""coordinates"":[]}"
20161202,2016-12-02,0.29952810419223486,"{""type"":""MultiPoint"",""coordinates"":[]}"
20161203,2016-12-03,0.0,"{""type"":""MultiPoint"",""coordinates"":[]}"
20161204,2016-12-04,0.0,"{""type"":""MultiPoint"",""coordinates"":[]}"
20161205,2016-12-05,0.0,"{""type"":""MultiPoint"",""coordinates"":[]}"
20161206,2016-12-06,0.0,"{""type"":""MultiPoint"",""coordinates"":[]}"
20161207,2016-12-07,0.0,"{""type"":""MultiPoint"",""coordinates"":[]}"
20161208,2016-12-08,0.0,"{""type"":""MultiPoint"",""coordinates"":[]}"
20161209,2016-12-09,0.0,"{""type"":""MultiPoint"",""coordinates"":[]}"
20161210,2016-12-10,0.3674491371545006,"{""type"":""MultiPoint"",""coordinates"":[]}"
20161211,2016-12-11,0.0019730851121509056,"{""type"":""MultiPoint"",""coordinates"":[]}"
20161212,2016-12-12,6.977623537037707,"{""type"":""MultiPoint"",""coordinates"":[]}"
20161213,2016-12-13,0.048045563534379825,"{""type"":""MultiPoint"",""coordinates"":[]}"
20161214,2016-12-14,0.0,"{""type"":""MultiPoint"",""coordinates"":[]}"
20161215,2016-12-15,0.0,"{""type"":""MultiPoint"",""coordinates"":[]}"
20161216,2016-12-16,0.036264664579550465,"{""type"":""MultiPoint"",""coordinates"":[]}"
20161217,2016-12-17,0.0,"{""type"":""MultiPoint"",""coordinates"":[]}"
20161218,2016-12-18,0.0,"{""type"":""MultiPoint"",""coordinates"":[]}"
20161219,2016-12-19,0.0,"{""type"":""MultiPoint"",""coordinates"":[]}"
20161220,2016-12-20,0.0,"{""type"":""MultiPoint"",""coordinates"":[]}"
20161221,2016-12-21,0.0,"{""type"":""MultiPoint"",""coordinates"":[]}"
20161222,2016-12-22,0.0,"{""type"":""MultiPoint"",""coordinates"":[]}"
20161223,2016-12-23,0.0,"{""type"":""MultiPoint"",""coordinates"":[]}"
20161224,2016-12-24,0.0,"{""type"":""MultiPoint"",""coordinates"":[]}"
20161225,2016-12-25,0.0,"{""type"":""MultiPoint"",""coordinates"":[]}"
20161226,2016-12-26,0.0,"{""type"":""MultiPoint"",""coordinates"":[]}"
20161227,2016-12-27,0.0,"{""type"":""MultiPoint"",""coordinates"":[]}"
20161228,2016-12-28,0.0,"{""type"":""MultiPoint"",""coordinates"":[]}"
20161229,2016-12-29,0.0,"{""type"":""MultiPoint"",""coordinates"":[]}"
20161230,2016-12-30,0.0,"{""type"":""MultiPoint"",""coordinates"":[]}"
20161231,2016-12-31,0.0,"{""type"":""MultiPoint"",""coordinates"":[]}"
20170101,2017-01-01,0.0,"{""type"":""MultiPoint"",""coordinates"":[]}"
20170102,2017-01-02,0.0024878281519275874,"{""type"":""MultiPoint"",""coordinates"":[]}"
20170103,2017-01-03,0.15820691401828466,"{""type"":""MultiPoint"",""coordinates"":[]}"
20170104,2017-01-04,0.005736430038040648,"{""type"":""MultiPoint"",""coordinates"":[]}"
20170105,2017-01-05,0.0,"{""type"":""MultiPoint"",""coordinates"":[]}"
20170106,2017-01-06,0.0,"{""type"":""MultiPoint"",""coordinates"":[]}"
20170107,2017-01-07,0.0,"{""type"":""MultiPoint"",""coordinates"":[]}"
20170108,2017-01-08,0.0,"{""type"":""MultiPoint"",""coordinates"":[]}"
20170109,2017-01-09,0.0,"{""type"":""MultiPoint"",""coordinates"":[]}"
20170110,2017-01-10,0.00466427837787073,"{""type"":""MultiPoint"",""coordinates"":[]}"
20170111,2017-01-11,0.014597127503246573,"{""type"":""MultiPoint"",""coordinates"":[]}"
20170112,2017-01-12,0.01669027451554572,"{""type"":""MultiPoint"",""coordinates"":[]}"
20170113,2017-01-13,0.006596906662062231,"{""type"":""MultiPoint"",""coordinates"":[]}"
20170114,2017-01-14,0.0014100073456839147,"{""type"":""MultiPoint"",""coordinates"":[]}"
20170115,2017-01-15,0.0,"{""type"":""MultiPoint"",""coordinates"":[]}"
20170116,2017-01-16,0.0,"{""type"":""MultiPoint"",""coordinates"":[]}"
20170117,2017-01-17,0.0,"{""type"":""MultiPoint"",""coordinates"":[]}"
20170118,2017-01-18,0.0,"{""type"":""MultiPoint"",""coordinates"":[]}"
20170119,2017-01-19,0.08619363559439243,"{""type"":""MultiPoint"",""coordinates"":[]}"
20170120,2017-01-20,0.0,"{""type"":""MultiPoint"",""coordinates"":[]}"
20170121,2017-01-21,0.0,"{""type"":""MultiPoint"",""coordinates"":[]}"
20170122,2017-01-22,0.0,"{""type"":""MultiPoint"",""coordinates"":[]}"
20170123,2017-01-23,2.7404789942229486E-4,"{""type"":""MultiPoint"",""coordinates"":[]}"
20170124,2017-01-24,0.0,"{""type"":""MultiPoint"",""coordinates"":[]}"
20170125,2017-01-25,0.0,"{""type"":""MultiPoint"",""coordinates"":[]}"
20170126,2017-01-26,0.0,"{""type"":""MultiPoint"",""coordinates"":[]}"
20170127,2017-01-27,0.0,"{""type"":""MultiPoint"",""coordinates"":[]}"
20170128,2017-01-28,0.0,"{""type"":""MultiPoint"",""coordinates"":[]}"
20170129,2017-01-29,0.0,"{""type"":""MultiPoint"",""coordinates"":[]}"
20170130,2017-01-30,0.0,"{""type"":""MultiPoint"",""coordinates"":[]}"
20170131,2017-01-31,0.0,"{""type"":""MultiPoint"",""coordinates"":[]}"
20170201,2017-02-01,0.0,"{""type"":""MultiPoint"",""coordinates"":[]}"
20170202,2017-02-02,0.0,"{""type"":""MultiPoint"",""coordinates"":[]}"
20170203,2017-02-03,0.0,"{""type"":""MultiPoint"",""coordinates"":[]}"
20170204,2017-02-04,0.0,"{""type"":""MultiPoint"",""coordinates"":[]}"
20170205,2017-02-05,0.0,"{""type"":""MultiPoint"",""coordinates"":[]}"
20170206,2017-02-06,0.0,"{""type"":""MultiPoint"",""coordinates"":[]}"
20170207,2017-02-07,0.0,"{""type"":""MultiPoint"",""coordinates"":[]}"
20170208,2017-02-08,0.0,"{""type"":""MultiPoint"",""coordinates"":[]}"
20170209,2017-02-09,0.0,"{""type"":""MultiPoint"",""coordinates"":[]}"
20170210,2017-02-10,0.0,"{""type"":""MultiPoint"",""coordinates"":[]}"
20170211,2017-02-11,0.0,"{""type"":""MultiPoint"",""coordinates"":[]}"
20170212,2017-02-12,0.0,"{""type"":""MultiPoint"",""coordinates"":[]}"
20170213,2017-02-13,0.0,"{""type"":""MultiPoint"",""coordinates"":[]}"
20170214,2017-02-14,0.0,"{""type"":""MultiPoint"",""coordinates"":[]}"
20170215,2017-02-15,0.0,"{""type"":""MultiPoint"",""coordinates"":[]}"
20170216,2017-02-16,0.0,"{""type"":""MultiPoint"",""coordinates"":[]}"
20170217,2017-02-17,0.0,"{""type"":""MultiPoint"",""coordinates"":[]}"
20170218,2017-02-18,0.0,"{""type"":""MultiPoint"",""coordinates"":[]}"
20170219,2017-02-19,0.00363180409744616,"{""type"":""MultiPoint"",""coordinates"":[]}"
20170220,2017-02-20,0.0,"{""type"":""MultiPoint"",""coordinates"":[]}"
20170221,2017-02-21,0.0,"{""type"":""MultiPoint"",""coordinates"":[]}"
20170222,2017-02-22,0.0,"{""type"":""MultiPoint"",""coordinates"":[]}"
20170223,2017-02-23,0.0,"{""type"":""MultiPoint"",""coordinates"":[]}"
20170224,2017-02-24,0.0,"{""type"":""MultiPoint"",""coordinates"":[]}"
20170225,2017-02-25,0.0,"{""type"":""MultiPoint"",""coordinates"":[]}"
20170226,2017-02-26,0.0,"{""type"":""MultiPoint"",""coordinates"":[]}"
20170227,2017-02-27,0.04668999319904297,"{""type"":""MultiPoint"",""coordinates"":[]}"
20170228,2017-02-28,0.0,"{""type"":""MultiPoint"",""coordinates"":[]}"
20170301,2017-03-01,0.0231184098444584,"{""type"":""MultiPoint"",""coordinates"":[]}"
20170302,2017-03-02,0.0037168493139657635,"{""type"":""MultiPoint"",""coordinates"":[]}"
20170303,2017-03-03,0.0,"{""type"":""MultiPoint"",""coordinates"":[]}"
20170304,2017-03-04,0.29745832820943047,"{""type"":""MultiPoint"",""coordinates"":[]}"
20170305,2017-03-05,0.13183381505419411,"{""type"":""MultiPoint"",""coordinates"":[]}"
20170306,2017-03-06,0.01363910917932604,"{""type"":""MultiPoint"",""coordinates"":[]}"
20170307,2017-03-07,0.2599168859321522,"{""type"":""MultiPoint"",""coordinates"":[]}"
20170308,2017-03-08,0.0,"{""type"":""MultiPoint"",""coordinates"":[]}"
20170309,2017-03-09,0.026172792368658045,"{""type"":""MultiPoint"",""coordinates"":[]}"
20170310,2017-03-10,0.0,"{""type"":""MultiPoint"",""coordinates"":[]}"
20170311,2017-03-11,0.0,"{""type"":""MultiPoint"",""coordinates"":[]}"
20170312,2017-03-12,0.0,"{""type"":""MultiPoint"",""coordinates"":[]}"
20170313,2017-03-13,0.0,"{""type"":""MultiPoint"",""coordinates"":[]}"
20170314,2017-03-14,1.2479201272504057,"{""type"":""MultiPoint"",""coordinates"":[]}"
20170315,2017-03-15,0.19812441501113165,"{""type"":""MultiPoint"",""coordinates"":[]}"
20170316,2017-03-16,0.060949385492511596,"{""type"":""MultiPoint"",""coordinates"":[]}"
20170317,2017-03-17,0.0,"{""type"":""MultiPoint"",""coordinates"":[]}"
20170318,2017-03-18,0.0,"{""type"":""MultiPoint"",""coordinates"":[]}"
20170319,2017-03-19,0.0,"{""type"":""MultiPoint"",""coordinates"":[]}"
20170320,2017-03-20,0.0,"{""type"":""MultiPoint"",""coordinates"":[]}"
20170321,2017-03-21,0.0,"{""type"":""MultiPoint"",""coordinates"":[]}"
20170322,2017-03-22,0.0,"{""type"":""MultiPoint"",""coordinates"":[]}"
20170323,2017-03-23,0.0,"{""type"":""MultiPoint"",""coordinates"":[]}"
20170324,2017-03-24,0.0,"{""type"":""MultiPoint"",""coordinates"":[]}"
20170325,2017-03-25,0.0,"{""type"":""MultiPoint"",""coordinates"":[]}"
20170326,2017-03-26,0.0,"{""type"":""MultiPoint"",""coordinates"":[]}"
20170327,2017-03-27,0.0,"{""type"":""MultiPoint"",""coordinates"":[]}"
20170328,2017-03-28,0.0,"{""type"":""MultiPoint"",""coordinates"":[]}"
20170329,2017-03-29,0.0,"{""type"":""MultiPoint"",""coordinates"":[]}"
20170330,2017-03-30,0.0,"{""type"":""MultiPoint"",""coordinates"":[]}"
20170331,2017-03-31,0.0,"{""type"":""MultiPoint"",""coordinates"":[]}"
20170401,2017-04-01,0.0,"{""type"":""MultiPoint"",""coordinates"":[]}"
20170402,2017-04-02,0.0,"{""type"":""MultiPoint"",""coordinates"":[]}"
20170403,2017-04-03,0.7550996315573635,"{""type"":""MultiPoint"",""coordinates"":[]}"
20170404,2017-04-04,0.011115102381881565,"{""type"":""MultiPoint"",""coordinates"":[]}"
20170405,2017-04-05,1.3175240828989898,"{""type"":""MultiPoint"",""coordinates"":[]}"
20170406,2017-04-06,3.2520163535022795E-4,"{""type"":""MultiPoint"",""coordinates"":[]}"
20170407,2017-04-07,0.12457524500740427,"{""type"":""MultiPoint"",""coordinates"":[]}"
20170408,2017-04-08,0.010727790671931655,"{""type"":""MultiPoint"",""coordinates"":[]}"
20170409,2017-04-09,0.004004521013280267,"{""type"":""MultiPoint"",""coordinates"":[]}"
20170410,2017-04-10,0.703141550095617,"{""type"":""MultiPoint"",""coordinates"":[]}"
20170411,2017-04-11,2.603533535512043E-4,"{""type"":""MultiPoint"",""coordinates"":[]}"
20170412,2017-04-12,0.0,"{""type"":""MultiPoint"",""coordinates"":[]}"
20170413,2017-04-13,0.0,"{""type"":""MultiPoint"",""coordinates"":[]}"
20170414,2017-04-14,0.0,"{""type"":""MultiPoint"",""coordinates"":[]}"
20170415,2017-04-15,0.0,"{""type"":""MultiPoint"",""coordinates"":[]}"
20170416,2017-04-16,0.5247677186940692,"{""type"":""MultiPoint"",""coordinates"":[]}"
20170417,2017-04-17,0.12517398387242848,"{""type"":""MultiPoint"",""coordinates"":[]}"
20170418,2017-04-18,0.03945281394856257,"{""type"":""MultiPoint"",""coordinates"":[]}"
20170419,2017-04-19,0.0,"{""type"":""MultiPoint"",""coordinates"":[]}"
20170420,2017-04-20,0.25742553224076475,"{""type"":""MultiPoint"",""coordinates"":[]}"
20170421,2017-04-21,0.5680156125342277,"{""type"":""MultiPoint"",""coordinates"":[]}"
20170422,2017-04-22,0.0,"{""type"":""MultiPoint"",""coordinates"":[]}"
20170423,2017-04-23,0.1282256836754151,"{""type"":""MultiPoint"",""coordinates"":[]}"
20170424,2017-04-24,0.05773630660872538,"{""type"":""MultiPoint"",""coordinates"":[]}"
20170425,2017-04-25,0.550671303675801,"{""type"":""MultiPoint"",""coordinates"":[]}"
20170426,2017-04-26,0.0,"{""type"":""MultiPoint"",""coordinates"":[]}"
20170427,2017-04-27,0.6759548522766132,"{""type"":""MultiPoint"",""coordinates"":[]}"
20170428,2017-04-28,0.4164959025445748,"{""type"":""MultiPoint"",""coordinates"":[]}"
20170429,2017-04-29,0.240691279805143,"{""type"":""MultiPoint"",""coordinates"":[]}"
20170430,2017-04-30,0.024233750160724987,"{""type"":""MultiPoint"",""coordinates"":[]}"
20170501,2017-05-01,0.0,"{""type"":""MultiPoint"",""coordinates"":[]}"
20170502,2017-05-02,0.0,"{""type"":""MultiPoint"",""coordinates"":[]}"
20170503,2017-05-03,0.04144067608000328,"{""type"":""MultiPoint"",""coordinates"":[]}"
20170504,2017-05-04,0.0,"{""type"":""MultiPoint"",""coordinates"":[]}"
20170505,2017-05-05,0.0,"{""type"":""MultiPoint"",""coordinates"":[]}"
20170506,2017-05-06,7.064174265566203,"{""type"":""MultiPoint"",""coordinates"":[]}"
20170507,2017-05-07,1.0565240102814824,"{""type"":""MultiPoint"",""coordinates"":[]}"
20170508,2017-05-08,0.0,"{""type"":""MultiPoint"",""coordinates"":[]}"
20170509,2017-05-09,2.467169892972442,"{""type"":""MultiPoint"",""coordinates"":[]}"
20170510,2017-05-10,1.5199537039514908,"{""type"":""MultiPoint"",""coordinates"":[]}"
20170511,2017-05-11,4.693191801441925,"{""type"":""MultiPoint"",""coordinates"":[]}"
20170512,2017-05-12,0.0,"{""type"":""MultiPoint"",""coordinates"":[]}"
20170513,2017-05-13,0.0,"{""type"":""MultiPoint"",""coordinates"":[]}"
20170514,2017-05-14,3.2468914822584565,"{""type"":""MultiPoint"",""coordinates"":[]}"
20170515,2017-05-15,0.5388125435435719,"{""type"":""MultiPoint"",""coordinates"":[]}"
20170516,2017-05-16,0.010657508160373383,"{""type"":""MultiPoint"",""coordinates"":[]}"
20170517,2017-05-17,1.013683148450789,"{""type"":""MultiPoint"",""coordinates"":[]}"
20170518,2017-05-18,9.311661365158066,"{""type"":""MultiPoint"",""coordinates"":[]}"
20170519,2017-05-19,0.08509740640487144,"{""type"":""MultiPoint"",""coordinates"":[]}"
20170520,2017-05-20,3.4374789392223235,"{""type"":""MultiPoint"",""coordinates"":[]}"
20170521,2017-05-21,0.010729061061484793,"{""type"":""MultiPoint"",""coordinates"":[]}"
20170522,2017-05-22,5.791975597905411,"{""type"":""MultiPoint"",""coordinates"":[]}"
20170523,2017-05-23,3.200187125281295,"{""type"":""MultiPoint"",""coordinates"":[]}"
20170524,2017-05-24,4.74431434910484,"{""type"":""MultiPoint"",""coordinates"":[]}"
20170525,2017-05-25,0.5833967042926493,"{""type"":""MultiPoint"",""coordinates"":[]}"
20170526,2017-05-26,15.599966246320959,"{""type"":""MultiPoint"",""coordinates"":[]}"
20170527,2017-05-27,0.3280407645166538,"{""type"":""MultiPoint"",""coordinates"":[]}"
20170528,2017-05-28,0.0,"{""type"":""MultiPoint"",""coordinates"":[]}"
20170529,2017-05-29,0.0,"{""type"":""MultiPoint"",""coordinates"":[]}"
20170530,2017-05-30,0.0,"{""type"":""MultiPoint"",""coordinates"":[]}"
20170531,2017-05-31,0.003701712677429712,"{""type"":""MultiPoint"",""coordinates"":[]}"
20170601,2017-06-01,0.0,"{""type"":""MultiPoint"",""coordinates"":[]}"
20170602,2017-06-02,2.7615848605211952,"{""type"":""MultiPoint"",""coordinates"":[]}"
20170603,2017-06-03,0.8326005597272796,"{""type"":""MultiPoint"",""coordinates"":[]}"
20170604,2017-06-04,0.2796812347165121,"{""type"":""MultiPoint"",""coordinates"":[]}"
20170605,2017-06-05,0.4107417041842083,"{""type"":""MultiPoint"",""coordinates"":[]}"
20170606,2017-06-06,8.073436990277559,"{""type"":""MultiPoint"",""coordinates"":[]}"
20170607,2017-06-07,2.208960902412075,"{""type"":""MultiPoint"",""coordinates"":[]}"
20170608,2017-06-08,0.0,"{""type"":""MultiPoint"",""coordinates"":[]}"
20170609,2017-06-09,1.243072328471115,"{""type"":""MultiPoint"",""coordinates"":[]}"
20170610,2017-06-10,0.286015349576375,"{""type"":""MultiPoint"",""coordinates"":[]}"
20170611,2017-06-11,0.2791795779930136,"{""type"":""MultiPoint"",""coordinates"":[]}"
20170612,2017-06-12,0.2731850818976226,"{""type"":""MultiPoint"",""coordinates"":[]}"
20170613,2017-06-13,1.1402829260271594,"{""type"":""MultiPoint"",""coordinates"":[]}"
20170614,2017-06-14,1.4278938223423885,"{""type"":""MultiPoint"",""coordinates"":[]}"
20170615,2017-06-15,3.5293518047974493,"{""type"":""MultiPoint"",""coordinates"":[]}"
20170616,2017-06-16,8.490055323354339,"{""type"":""MultiPoint"",""coordinates"":[]}"
20170617,2017-06-17,1.7101213278533614,"{""type"":""MultiPoint"",""coordinates"":[]}"
20170618,2017-06-18,1.9559103448911115,"{""type"":""MultiPoint"",""coordinates"":[]}"
20170619,2017-06-19,4.048560405766108,"{""type"":""MultiPoint"",""coordinates"":[]}"
20170620,2017-06-20,0.33464182778078877,"{""type"":""MultiPoint"",""coordinates"":[]}"
20170621,2017-06-21,0.37309302169296027,"{""type"":""MultiPoint"",""coordinates"":[]}"
20170622,2017-06-22,0.0025455624633132098,"{""type"":""MultiPoint"",""coordinates"":[]}"
20170623,2017-06-23,2.0492801250458372,"{""type"":""MultiPoint"",""coordinates"":[]}"
20170624,2017-06-24,0.988078466119958,"{""type"":""MultiPoint"",""coordinates"":[]}"
20170625,2017-06-25,0.344668812283682,"{""type"":""MultiPoint"",""coordinates"":[]}"
20170626,2017-06-26,0.026091875774916992,"{""type"":""MultiPoint"",""coordinates"":[]}"
20170627,2017-06-27,0.009593544664279346,"{""type"":""MultiPoint"",""coordinates"":[]}"
20170628,2017-06-28,1.75108224070145,"{""type"":""MultiPoint"",""coordinates"":[]}"
20170629,2017-06-29,0.005164736303507268,"{""type"":""MultiPoint"",""coordinates"":[]}"
20170630,2017-06-30,1.305599694074819,"{""type"":""MultiPoint"",""coordinates"":[]}"
20170701,2017-07-01,2.287271416844848,"{""type"":""MultiPoint"",""coordinates"":[]}"
20170702,2017-07-02,0.1842723844031316,"{""type"":""MultiPoint"",""coordinates"":[]}"
20170703,2017-07-03,0.6184172913178072,"{""type"":""MultiPoint"",""coordinates"":[]}"
20170704,2017-07-04,0.631870663466472,"{""type"":""MultiPoint"",""coordinates"":[]}"
20170705,2017-07-05,0.006409699172203005,"{""type"":""MultiPoint"",""coordinates"":[]}"
20170706,2017-07-06,1.937999425512014,"{""type"":""MultiPoint"",""coordinates"":[]}"
20170707,2017-07-07,2.1720712954846326,"{""type"":""MultiPoint"",""coordinates"":[]}"
20170708,2017-07-08,1.817737182181993,"{""type"":""MultiPoint"",""coordinates"":[]}"
20170709,2017-07-09,0.5284454268950671,"{""type"":""MultiPoint"",""coordinates"":[]}"
20170710,2017-07-10,0.48349656818152337,"{""type"":""MultiPoint"",""coordinates"":[]}"
20170711,2017-07-11,3.023815912957966,"{""type"":""MultiPoint"",""coordinates"":[]}"
20170712,2017-07-12,0.8663811971139944,"{""type"":""MultiPoint"",""coordinates"":[]}"
20170713,2017-07-13,0.7384784244810104,"{""type"":""MultiPoint"",""coordinates"":[]}"
20170714,2017-07-14,0.9743886542162824,"{""type"":""MultiPoint"",""coordinates"":[]}"
20170715,2017-07-15,0.8312741513823391,"{""type"":""MultiPoint"",""coordinates"":[]}"
20170716,2017-07-16,0.5425556866384196,"{""type"":""MultiPoint"",""coordinates"":[]}"
20170717,2017-07-17,1.9770500996550697,"{""type"":""MultiPoint"",""coordinates"":[]}"
20170718,2017-07-18,1.4705842421580726,"{""type"":""MultiPoint"",""coordinates"":[]}"
20170719,2017-07-19,9.605688405721338E-4,"{""type"":""MultiPoint"",""coordinates"":[]}"
20170720,2017-07-20,0.01339818958759701,"{""type"":""MultiPoint"",""coordinates"":[]}"
20170721,2017-07-21,0.01866097880645292,"{""type"":""MultiPoint"",""coordinates"":[]}"
20170722,2017-07-22,7.713089841960166E-6,"{""type"":""MultiPoint"",""coordinates"":[]}"
20170723,2017-07-23,0.0,"{""type"":""MultiPoint"",""coordinates"":[]}"
20170724,2017-07-24,5.205796417176704E-4,"{""type"":""MultiPoint"",""coordinates"":[]}"
20170725,2017-07-25,0.027884214785272143,"{""type"":""MultiPoint"",""coordinates"":[]}"
20170726,2017-07-26,0.0,"{""type"":""MultiPoint"",""coordinates"":[]}"
20170727,2017-07-27,0.028521834998517414,"{""type"":""MultiPoint"",""coordinates"":[]}"
20170728,2017-07-28,0.44357602593163303,"{""type"":""MultiPoint"",""coordinates"":[]}"
20170729,2017-07-29,0.293503454037262,"{""type"":""MultiPoint"",""coordinates"":[]}"
20170730,2017-07-30,0.9609111467368155,"{""type"":""MultiPoint"",""coordinates"":[]}"
20170731,2017-07-31,1.6420437918835398,"{""type"":""MultiPoint"",""coordinates"":[]}"
20170801,2017-08-01,0.13957248555714674,"{""type"":""MultiPoint"",""coordinates"":[]}"
20170802,2017-08-02,1.0255568007104439,"{""type"":""MultiPoint"",""coordinates"":[]}"
20170803,2017-08-03,0.17449238669088293,"{""type"":""MultiPoint"",""coordinates"":[]}"
20170804,2017-08-04,1.3413482364288636,"{""type"":""MultiPoint"",""coordinates"":[]}"
20170805,2017-08-05,0.14899389779164393,"{""type"":""MultiPoint"",""coordinates"":[]}"
20170806,2017-08-06,0.6653338895152537,"{""type"":""MultiPoint"",""coordinates"":[]}"
20170807,2017-08-07,0.049035289433259695,"{""type"":""MultiPoint"",""coordinates"":[]}"
20170808,2017-08-08,1.6123556424580063,"{""type"":""MultiPoint"",""coordinates"":[]}"
20170809,2017-08-09,5.173403381263074,"{""type"":""MultiPoint"",""coordinates"":[]}"
20170810,2017-08-10,3.267177727223324,"{""type"":""MultiPoint"",""coordinates"":[]}"
20170811,2017-08-11,1.8013006437472356,"{""type"":""MultiPoint"",""coordinates"":[]}"
20170812,2017-08-12,0.4797073259409973,"{""type"":""MultiPoint"",""coordinates"":[]}"
20170813,2017-08-13,5.672487240640447,"{""type"":""MultiPoint"",""coordinates"":[]}"
20170814,2017-08-14,5.337938501383362,"{""type"":""MultiPoint"",""coordinates"":[]}"
20170815,2017-08-15,1.2440549528139089,"{""type"":""MultiPoint"",""coordinates"":[]}"
20170816,2017-08-16,4.381193001540774,"{""type"":""MultiPoint"",""coordinates"":[]}"
20170817,2017-08-17,6.245411189980384,"{""type"":""MultiPoint"",""coordinates"":[]}"
20170818,2017-08-18,1.1098630892668477,"{""type"":""MultiPoint"",""coordinates"":[]}"
20170819,2017-08-19,1.7232053475796116,"{""type"":""MultiPoint"",""coordinates"":[]}"
20170820,2017-08-20,0.03023637374096194,"{""type"":""MultiPoint"",""coordinates"":[]}"
20170821,2017-08-21,5.267287293264648,"{""type"":""MultiPoint"",""coordinates"":[]}"
20170822,2017-08-22,0.47822158221602634,"{""type"":""MultiPoint"",""coordinates"":[]}"
20170823,2017-08-23,3.7416843509156354,"{""type"":""MultiPoint"",""coordinates"":[]}"
20170824,2017-08-24,11.094124250736204,"{""type"":""MultiPoint"",""coordinates"":[]}"
20170825,2017-08-25,8.509383640292144,"{""type"":""MultiPoint"",""coordinates"":[]}"
20170826,2017-08-26,6.0540879974621715,"{""type"":""MultiPoint"",""coordinates"":[]}"
20170827,2017-08-27,3.8635137786592337,"{""type"":""MultiPoint"",""coordinates"":[]}"
20170828,2017-08-28,11.07825410286096,"{""type"":""MultiPoint"",""coordinates"":[]}"
20170829,2017-08-29,2.534655650317818,"{""type"":""MultiPoint"",""coordinates"":[]}"
20170830,2017-08-30,0.9152601149382739,"{""type"":""MultiPoint"",""coordinates"":[]}"
20170831,2017-08-31,0.2273951354679505,"{""type"":""MultiPoint"",""coordinates"":[]}"
20170901,2017-09-01,1.6700600494474325,"{""type"":""MultiPoint"",""coordinates"":[]}"
20170902,2017-09-02,6.382762467681819,"{""type"":""MultiPoint"",""coordinates"":[]}"
20170903,2017-09-03,6.904100680469741,"{""type"":""MultiPoint"",""coordinates"":[]}"
20170904,2017-09-04,3.8666873005067193,"{""type"":""MultiPoint"",""coordinates"":[]}"
20170905,2017-09-05,10.270524282877092,"{""type"":""MultiPoint"",""coordinates"":[]}"
20170906,2017-09-06,29.74060150817048,"{""type"":""MultiPoint"",""coordinates"":[]}"
20170907,2017-09-07,9.539454698454916,"{""type"":""MultiPoint"",""coordinates"":[]}"
20170908,2017-09-08,7.040914014824752,"{""type"":""MultiPoint"",""coordinates"":[]}"
20170909,2017-09-09,3.7440435074499225,"{""type"":""MultiPoint"",""coordinates"":[]}"
20170910,2017-09-10,2.202440857870877,"{""type"":""MultiPoint"",""coordinates"":[]}"
20170911,2017-09-11,0.01541252192964462,"{""type"":""MultiPoint"",""coordinates"":[]}"
20170912,2017-09-12,0.6328286302295273,"{""type"":""MultiPoint"",""coordinates"":[]}"
20170913,2017-09-13,0.0,"{""type"":""MultiPoint"",""coordinates"":[]}"
20170914,2017-09-14,12.693061891126044,"{""type"":""MultiPoint"",""coordinates"":[]}"
20170915,2017-09-15,7.781878617769521,"{""type"":""MultiPoint"",""coordinates"":[]}"
20170916,2017-09-16,30.20219400148582,"{""type"":""MultiPoint"",""coordinates"":[]}"
20170917,2017-09-17,5.671646964238133,"{""type"":""MultiPoint"",""coordinates"":[]}"
20170918,2017-09-18,0.03361802451701226,"{""type"":""MultiPoint"",""coordinates"":[]}"
20170919,2017-09-19,0.0949755486669891,"{""type"":""MultiPoint"",""coordinates"":[]}"
20170920,2017-09-20,0.32005564387276586,"{""type"":""MultiPoint"",""coordinates"":[]}"
20170921,2017-09-21,0.14071675648504198,"{""type"":""MultiPoint"",""coordinates"":[]}"
20170922,2017-09-22,0.0,"{""type"":""MultiPoint"",""coordinates"":[]}"
20170923,2017-09-23,0.5969302504763034,"{""type"":""MultiPoint"",""coordinates"":[]}"
20170924,2017-09-24,10.877885593760508,"{""type"":""MultiPoint"",""coordinates"":[]}"
20170925,2017-09-25,11.252230844710391,"{""type"":""MultiPoint"",""coordinates"":[]}"
20170926,2017-09-26,5.162855244723414,"{""type"":""MultiPoint"",""coordinates"":[]}"
20170927,2017-09-27,10.937943152824598,"{""type"":""MultiPoint"",""coordinates"":[]}"
20170928,2017-09-28,16.469779607845165,"{""type"":""MultiPoint"",""coordinates"":[]}"
20170929,2017-09-29,4.0154678228584615,"{""type"":""MultiPoint"",""coordinates"":[]}"
20170930,2017-09-30,10.695161826759914,"{""type"":""MultiPoint"",""coordinates"":[]}"
20171001,2017-10-01,23.62424491389902,"{""type"":""MultiPoint"",""coordinates"":[]}"
20171002,2017-10-02,7.708141235345513,"{""type"":""MultiPoint"",""coordinates"":[]}"
20171003,2017-10-03,8.76026710099642,"{""type"":""MultiPoint"",""coordinates"":[]}"
20171004,2017-10-04,19.21658058166223,"{""type"":""MultiPoint"",""coordinates"":[]}"
20171005,2017-10-05,23.595153654407465,"{""type"":""MultiPoint"",""coordinates"":[]}"
20171006,2017-10-06,6.507814803290091,"{""type"":""MultiPoint"",""coordinates"":[]}"
20171007,2017-10-07,13.844031636959668,"{""type"":""MultiPoint"",""coordinates"":[]}"
20171008,2017-10-08,19.321050924811548,"{""type"":""MultiPoint"",""coordinates"":[]}"
20171009,2017-10-09,20.207924957590276,"{""type"":""MultiPoint"",""coordinates"":[]}"
20171010,2017-10-10,10.250667194949989,"{""type"":""MultiPoint"",""coordinates"":[]}"
20171011,2017-10-11,10.861854988725717,"{""type"":""MultiPoint"",""coordinates"":[]}"
20171012,2017-10-12,9.954934381643966,"{""type"":""MultiPoint"",""coordinates"":[]}"
20171013,2017-10-13,18.863217828419515,"{""type"":""MultiPoint"",""coordinates"":[]}"
20171014,2017-10-14,4.425908626156136,"{""type"":""MultiPoint"",""coordinates"":[]}"
20171015,2017-10-15,5.488930514394899,"{""type"":""MultiPoint"",""coordinates"":[]}"
20171016,2017-10-16,6.474763944390328,"{""type"":""MultiPoint"",""coordinates"":[]}"
20171017,2017-10-17,3.4776425424425845,"{""type"":""MultiPoint"",""coordinates"":[]}"
20171018,2017-10-18,0.002224387324723637,"{""type"":""MultiPoint"",""coordinates"":[]}"
20171019,2017-10-19,0.0,"{""type"":""MultiPoint"",""coordinates"":[]}"
20171020,2017-10-20,0.0,"{""type"":""MultiPoint"",""coordinates"":[]}"
20171021,2017-10-21,0.0,"{""type"":""MultiPoint"",""coordinates"":[]}"
20171022,2017-10-22,0.0,"{""type"":""MultiPoint"",""coordinates"":[]}"
20171023,2017-10-23,0.0,"{""type"":""MultiPoint"",""coordinates"":[]}"
20171024,2017-10-24,0.15685935703877155,"{""type"":""MultiPoint"",""coordinates"":[]}"
20171025,2017-10-25,0.0,"{""type"":""MultiPoint"",""coordinates"":[]}"
20171026,2017-10-26,0.0,"{""type"":""MultiPoint"",""coordinates"":[]}"
20171027,2017-10-27,0.0,"{""type"":""MultiPoint"",""coordinates"":[]}"
20171028,2017-10-28,0.0,"{""type"":""MultiPoint"",""coordinates"":[]}"
20171029,2017-10-29,0.0,"{""type"":""MultiPoint"",""coordinates"":[]}"
20171030,2017-10-30,0.012799245378530525,"{""type"":""MultiPoint"",""coordinates"":[]}"
20171031,2017-10-31,0.0,"{""type"":""MultiPoint"",""coordinates"":[]}"
20171101,2017-11-01,0.7558924700066181,"{""type"":""MultiPoint"",""coordinates"":[]}"
20171102,2017-11-02,0.0,"{""type"":""MultiPoint"",""coordinates"":[]}"
20171103,2017-11-03,0.0074457753084407954,"{""type"":""MultiPoint"",""coordinates"":[]}"
20171104,2017-11-04,0.28378507021713895,"{""type"":""MultiPoint"",""coordinates"":[]}"
20171105,2017-11-05,0.0,"{""type"":""MultiPoint"",""coordinates"":[]}"
20171106,2017-11-06,0.007801642585229678,"{""type"":""MultiPoint"",""coordinates"":[]}"
20171107,2017-11-07,0.0,"{""type"":""MultiPoint"",""coordinates"":[]}"
20171108,2017-11-08,0.0,"{""type"":""MultiPoint"",""coordinates"":[]}"
20171109,2017-11-09,0.0,"{""type"":""MultiPoint"",""coordinates"":[]}"
20171110,2017-11-10,1.1767786951363313,"{""type"":""MultiPoint"",""coordinates"":[]}"
20171111,2017-11-11,8.033736922036532,"{""type"":""MultiPoint"",""coordinates"":[]}"
20171112,2017-11-12,3.3861557280104497,"{""type"":""MultiPoint"",""coordinates"":[]}"
20171113,2017-11-13,0.1131072215077957,"{""type"":""MultiPoint"",""coordinates"":[]}"
20171114,2017-11-14,0.004256466793459515,"{""type"":""MultiPoint"",""coordinates"":[]}"
20171115,2017-11-15,0.21127789580081144,"{""type"":""MultiPoint"",""coordinates"":[]}"
20171116,2017-11-16,0.0,"{""type"":""MultiPoint"",""coordinates"":[]}"
20171117,2017-11-17,0.0,"{""type"":""MultiPoint"",""coordinates"":[]}"
20171118,2017-11-18,0.0,"{""type"":""MultiPoint"",""coordinates"":[]}"
20171119,2017-11-19,0.1440196088190342,"{""type"":""MultiPoint"",""coordinates"":[]}"
20171120,2017-11-20,0.0290736424087504,"{""type"":""MultiPoint"",""coordinates"":[]}"
20171121,2017-11-21,0.23258588335106276,"{""type"":""MultiPoint"",""coordinates"":[]}"
20171122,2017-11-22,0.009806915010149414,"{""type"":""MultiPoint"",""coordinates"":[]}"
20171123,2017-11-23,0.010235824351187847,"{""type"":""MultiPoint"",""coordinates"":[]}"
20171124,2017-11-24,0.30674817438028384,"{""type"":""MultiPoint"",""coordinates"":[]}"
20171125,2017-11-25,3.7872429811521537,"{""type"":""MultiPoint"",""coordinates"":[]}"
20171126,2017-11-26,0.2701062034788622,"{""type"":""MultiPoint"",""coordinates"":[]}"
20171127,2017-11-27,0.0,"{""type"":""MultiPoint"",""coordinates"":[]}"
20171128,2017-11-28,0.0,"{""type"":""MultiPoint"",""coordinates"":[]}"
20171129,2017-11-29,0.0,"{""type"":""MultiPoint"",""coordinates"":[]}"
20171130,2017-11-30,0.36824996396635784,"{""type"":""MultiPoint"",""coordinates"":[]}"
20171201,2017-12-01,0.8711719054302597,"{""type"":""MultiPoint"",""coordinates"":[]}"
20171202,2017-12-02,0.01984401198196512,"{""type"":""MultiPoint"",""coordinates"":[]}"
20171203,2017-12-03,0.0,"{""type"":""MultiPoint"",""coordinates"":[]}"
20171204,2017-12-04,0.0,"{""type"":""MultiPoint"",""coordinates"":[]}"
20171205,2017-12-05,0.0,"{""type"":""MultiPoint"",""coordinates"":[]}"
20171206,2017-12-06,0.014651802033045468,"{""type"":""MultiPoint"",""coordinates"":[]}"
20171207,2017-12-07,0.0,"{""type"":""MultiPoint"",""coordinates"":[]}"
20171208,2017-12-08,0.0,"{""type"":""MultiPoint"",""coordinates"":[]}"
20171209,2017-12-09,0.0,"{""type"":""MultiPoint"",""coordinates"":[]}"
20171210,2017-12-10,0.0,"{""type"":""MultiPoint"",""coordinates"":[]}"
20171211,2017-12-11,0.0,"{""type"":""MultiPoint"",""coordinates"":[]}"
20171212,2017-12-12,0.0,"{""type"":""MultiPoint"",""coordinates"":[]}"
20171213,2017-12-13,0.029835890970379576,"{""type"":""MultiPoint"",""coordinates"":[]}"
20171214,2017-12-14,0.010101519729930373,"{""type"":""MultiPoint"",""coordinates"":[]}"
20171215,2017-12-15,0.0,"{""type"":""MultiPoint"",""coordinates"":[]}"
20171216,2017-12-16,0.0,"{""type"":""MultiPoint"",""coordinates"":[]}"
20171217,2017-12-17,0.0922687728494162,"{""type"":""MultiPoint"",""coordinates"":[]}"
20171218,2017-12-18,0.0,"{""type"":""MultiPoint"",""coordinates"":[]}"
20171219,2017-12-19,0.0,"{""type"":""MultiPoint"",""coordinates"":[]}"
20171220,2017-12-20,4.673777903253967E-4,"{""type"":""MultiPoint"",""coordinates"":[]}"
20171221,2017-12-21,0.0,"{""type"":""MultiPoint"",""coordinates"":[]}"
20171222,2017-12-22,0.42895776440584377,"{""type"":""MultiPoint"",""coordinates"":[]}"
20171223,2017-12-23,0.0,"{""type"":""MultiPoint"",""coordinates"":[]}"
20171224,2017-12-24,0.0,"{""type"":""MultiPoint"",""coordinates"":[]}"
20171225,2017-12-25,0.0,"{""type"":""MultiPoint"",""coordinates"":[]}"
20171226,2017-12-26,0.0,"{""type"":""MultiPoint"",""coordinates"":[]}"
20171227,2017-12-27,0.02900784627764499,"{""type"":""MultiPoint"",""coordinates"":[]}"
20171228,2017-12-28,0.019123776119827546,"{""type"":""MultiPoint"",""coordinates"":[]}"
20171229,2017-12-29,0.01647690080087526,"{""type"":""MultiPoint"",""coordinates"":[]}"
20171230,2017-12-30,0.2587487646721017,"{""type"":""MultiPoint"",""coordinates"":[]}"
20171231,2017-12-31,0.0,"{""type"":""MultiPoint"",""coordinates"":[]}"
20180101,2018-01-01,0.0,"{""type"":""MultiPoint"",""coordinates"":[]}"
20180102,2018-01-02,0.030659353276240527,"{""type"":""MultiPoint"",""coordinates"":[]}"
20180103,2018-01-03,0.0,"{""type"":""MultiPoint"",""coordinates"":[]}"
20180104,2018-01-04,0.002095258246233896,"{""type"":""MultiPoint"",""coordinates"":[]}"
20180105,2018-01-05,0.0,"{""type"":""MultiPoint"",""coordinates"":[]}"
20180106,2018-01-06,0.0,"{""type"":""MultiPoint"",""coordinates"":[]}"
20180107,2018-01-07,0.001931746170102688,"{""type"":""MultiPoint"",""coordinates"":[]}"
20180108,2018-01-08,0.0,"{""type"":""MultiPoint"",""coordinates"":[]}"
20180109,2018-01-09,0.0,"{""type"":""MultiPoint"",""coordinates"":[]}"
20180110,2018-01-10,0.15318009974511068,"{""type"":""MultiPoint"",""coordinates"":[]}"
20180111,2018-01-11,0.10814621671214747,"{""type"":""MultiPoint"",""coordinates"":[]}"
20180112,2018-01-12,0.0,"{""type"":""MultiPoint"",""coordinates"":[]}"
20180113,2018-01-13,0.0,"{""type"":""MultiPoint"",""coordinates"":[]}"
20180114,2018-01-14,0.0,"{""type"":""MultiPoint"",""coordinates"":[]}"
20180115,2018-01-15,0.0,"{""type"":""MultiPoint"",""coordinates"":[]}"
20180116,2018-01-16,0.0,"{""type"":""MultiPoint"",""coordinates"":[]}"
20180117,2018-01-17,0.0,"{""type"":""MultiPoint"",""coordinates"":[]}"
20180118,2018-01-18,0.0,"{""type"":""MultiPoint"",""coordinates"":[]}"
20180119,2018-01-19,0.0,"{""type"":""MultiPoint"",""coordinates"":[]}"
20180120,2018-01-20,0.0,"{""type"":""MultiPoint"",""coordinates"":[]}"
20180121,2018-01-21,0.0,"{""type"":""MultiPoint"",""coordinates"":[]}"
20180122,2018-01-22,0.0,"{""type"":""MultiPoint"",""coordinates"":[]}"
20180123,2018-01-23,0.0,"{""type"":""MultiPoint"",""coordinates"":[]}"
20180124,2018-01-24,0.0,"{""type"":""MultiPoint"",""coordinates"":[]}"
20180125,2018-01-25,0.0,"{""type"":""MultiPoint"",""coordinates"":[]}"
20180126,2018-01-26,0.0,"{""type"":""MultiPoint"",""coordinates"":[]}"
20180127,2018-01-27,0.0,"{""type"":""MultiPoint"",""coordinates"":[]}"
20180128,2018-01-28,0.0,"{""type"":""MultiPoint"",""coordinates"":[]}"
20180129,2018-01-29,0.0,"{""type"":""MultiPoint"",""coordinates"":[]}"
20180130,2018-01-30,0.0,"{""type"":""MultiPoint"",""coordinates"":[]}"
20180131,2018-01-31,0.0,"{""type"":""MultiPoint"",""coordinates"":[]}"
20180201,2018-02-01,0.0,"{""type"":""MultiPoint"",""coordinates"":[]}"
20180202,2018-02-02,0.0,"{""type"":""MultiPoint"",""coordinates"":[]}"
20180203,2018-02-03,0.0,"{""type"":""MultiPoint"",""coordinates"":[]}"
20180204,2018-02-04,0.0,"{""type"":""MultiPoint"",""coordinates"":[]}"
20180205,2018-02-05,0.0,"{""type"":""MultiPoint"",""coordinates"":[]}"
20180206,2018-02-06,0.0,"{""type"":""MultiPoint"",""coordinates"":[]}"
20180207,2018-02-07,0.3727355198809552,"{""type"":""MultiPoint"",""coordinates"":[]}"
20180208,2018-02-08,0.0,"{""type"":""MultiPoint"",""coordinates"":[]}"
20180209,2018-02-09,4.6234432839695417E-4,"{""type"":""MultiPoint"",""coordinates"":[]}"
20180210,2018-02-10,0.7971508776099291,"{""type"":""MultiPoint"",""coordinates"":[]}"
20180211,2018-02-11,0.5420807856417329,"{""type"":""MultiPoint"",""coordinates"":[]}"
20180212,2018-02-12,0.024709141124970625,"{""type"":""MultiPoint"",""coordinates"":[]}"
20180213,2018-02-13,0.1292013386167308,"{""type"":""MultiPoint"",""coordinates"":[]}"
20180214,2018-02-14,0.035604400122796864,"{""type"":""MultiPoint"",""coordinates"":[]}"
20180215,2018-02-15,0.15369449902857016,"{""type"":""MultiPoint"",""coordinates"":[]}"
20180216,2018-02-16,0.0,"{""type"":""MultiPoint"",""coordinates"":[]}"
20180217,2018-02-17,0.0,"{""type"":""MultiPoint"",""coordinates"":[]}"
20180218,2018-02-18,0.0,"{""type"":""MultiPoint"",""coordinates"":[]}"
20180219,2018-02-19,0.0,"{""type"":""MultiPoint"",""coordinates"":[]}"
20180220,2018-02-20,0.0,"{""type"":""MultiPoint"",""coordinates"":[]}"
20180221,2018-02-21,0.0,"{""type"":""MultiPoint"",""coordinates"":[]}"
20180222,2018-02-22,0.0,"{""type"":""MultiPoint"",""coordinates"":[]}"
20180223,2018-02-23,0.0,"{""type"":""MultiPoint"",""coordinates"":[]}"
20180224,2018-02-24,0.0,"{""type"":""MultiPoint"",""coordinates"":[]}"
20180225,2018-02-25,0.0,"{""type"":""MultiPoint"",""coordinates"":[]}"
20180226,2018-02-26,0.0,"{""type"":""MultiPoint"",""coordinates"":[]}"
20180227,2018-02-27,0.0,"{""type"":""MultiPoint"",""coordinates"":[]}"
20180228,2018-02-28,0.0,"{""type"":""MultiPoint"",""coordinates"":[]}"
20180301,2018-03-01,0.0,"{""type"":""MultiPoint"",""coordinates"":[]}"
20180302,2018-03-02,0.0,"{""type"":""MultiPoint"",""coordinates"":[]}"
20180303,2018-03-03,0.0,"{""type"":""MultiPoint"",""coordinates"":[]}"
20180304,2018-03-04,0.0,"{""type"":""MultiPoint"",""coordinates"":[]}"
20180305,2018-03-05,0.0,"{""type"":""MultiPoint"",""coordinates"":[]}"
20180306,2018-03-06,0.0,"{""type"":""MultiPoint"",""coordinates"":[]}"
20180307,2018-03-07,0.0,"{""type"":""MultiPoint"",""coordinates"":[]}"
20180308,2018-03-08,0.0,"{""type"":""MultiPoint"",""coordinates"":[]}"
20180309,2018-03-09,0.0,"{""type"":""MultiPoint"",""coordinates"":[]}"
20180310,2018-03-10,0.0,"{""type"":""MultiPoint"",""coordinates"":[]}"
20180311,2018-03-11,0.0,"{""type"":""MultiPoint"",""coordinates"":[]}"
20180312,2018-03-12,0.0,"{""type"":""MultiPoint"",""coordinates"":[]}"
20180313,2018-03-13,0.0,"{""type"":""MultiPoint"",""coordinates"":[]}"
20180314,2018-03-14,0.006415736147376405,"{""type"":""MultiPoint"",""coordinates"":[]}"
20180315,2018-03-15,2.184204168454042,"{""type"":""MultiPoint"",""coordinates"":[]}"
20180316,2018-03-16,2.3891480784373864,"{""type"":""MultiPoint"",""coordinates"":[]}"
20180317,2018-03-17,0.22037003500171065,"{""type"":""MultiPoint"",""coordinates"":[]}"
20180318,2018-03-18,9.747033518470359E-4,"{""type"":""MultiPoint"",""coordinates"":[]}"
20180319,2018-03-19,0.012234503889162534,"{""type"":""MultiPoint"",""coordinates"":[]}"
20180320,2018-03-20,0.0,"{""type"":""MultiPoint"",""coordinates"":[]}"
20180321,2018-03-21,0.0,"{""type"":""MultiPoint"",""coordinates"":[]}"
20180322,2018-03-22,0.0,"{""type"":""MultiPoint"",""coordinates"":[]}"
20180323,2018-03-23,0.0,"{""type"":""MultiPoint"",""coordinates"":[]}"
20180324,2018-03-24,6.228788936713219E-4,"{""type"":""MultiPoint"",""coordinates"":[]}"
20180325,2018-03-25,0.0,"{""type"":""MultiPoint"",""coordinates"":[]}"
20180326,2018-03-26,0.0,"{""type"":""MultiPoint"",""coordinates"":[]}"
20180327,2018-03-27,0.0,"{""type"":""MultiPoint"",""coordinates"":[]}"
20180328,2018-03-28,4.95057190123929E-4,"{""type"":""MultiPoint"",""coordinates"":[]}"
20180329,2018-03-29,0.25582617594281565,"{""type"":""MultiPoint"",""coordinates"":[]}"
20180330,2018-03-30,1.914978742220899,"{""type"":""MultiPoint"",""coordinates"":[]}"
20180331,2018-03-31,0.3013290415178764,"{""type"":""MultiPoint"",""coordinates"":[]}"
20180401,2018-04-01,0.16705252433583223,"{""type"":""MultiPoint"",""coordinates"":[]}"
20180402,2018-04-02,0.4219122519663937,"{""type"":""MultiPoint"",""coordinates"":[]}"
20180403,2018-04-03,0.0,"{""type"":""MultiPoint"",""coordinates"":[]}"
20180404,2018-04-04,0.0,"{""type"":""MultiPoint"",""coordinates"":[]}"
20180405,2018-04-05,0.0,"{""type"":""MultiPoint"",""coordinates"":[]}"
20180406,2018-04-06,0.1915633751428905,"{""type"":""MultiPoint"",""coordinates"":[]}"
20180407,2018-04-07,0.0,"{""type"":""MultiPoint"",""coordinates"":[]}"
20180408,2018-04-08,0.0,"{""type"":""MultiPoint"",""coordinates"":[]}"
20180409,2018-04-09,0.0,"{""type"":""MultiPoint"",""coordinates"":[]}"
20180410,2018-04-10,0.05561316744228303,"{""type"":""MultiPoint"",""coordinates"":[]}"
20180411,2018-04-11,0.0,"{""type"":""MultiPoint"",""coordinates"":[]}"
20180412,2018-04-12,0.0,"{""type"":""MultiPoint"",""coordinates"":[]}"
20180413,2018-04-13,0.013874130821678524,"{""type"":""MultiPoint"",""coordinates"":[]}"
20180414,2018-04-14,0.0,"{""type"":""MultiPoint"",""coordinates"":[]}"
20180415,2018-04-15,0.1672326413906366,"{""type"":""MultiPoint"",""coordinates"":[]}"
20180416,2018-04-16,0.44932168126305283,"{""type"":""MultiPoint"",""coordinates"":[]}"
20180417,2018-04-17,0.0,"{""type"":""MultiPoint"",""coordinates"":[]}"
20180418,2018-04-18,0.0,"{""type"":""MultiPoint"",""coordinates"":[]}"
20180419,2018-04-19,8.915723761713387,"{""type"":""MultiPoint"",""coordinates"":[]}"
20180420,2018-04-20,0.06584068037227667,"{""type"":""MultiPoint"",""coordinates"":[]}"
20180421,2018-04-21,0.0,"{""type"":""MultiPoint"",""coordinates"":[]}"
20180422,2018-04-22,1.5644509592845726,"{""type"":""MultiPoint"",""coordinates"":[]}"
20180423,2018-04-23,0.0278174661224009,"{""type"":""MultiPoint"",""coordinates"":[]}"
20180424,2018-04-24,0.25828049033774864,"{""type"":""MultiPoint"",""coordinates"":[]}"
20180425,2018-04-25,0.0,"{""type"":""MultiPoint"",""coordinates"":[]}"
20180426,2018-04-26,0.04514414221188843,"{""type"":""MultiPoint"",""coordinates"":[]}"
20180427,2018-04-27,0.0,"{""type"":""MultiPoint"",""coordinates"":[]}"
20180428,2018-04-28,0.0,"{""type"":""MultiPoint"",""coordinates"":[]}"
20180429,2018-04-29,0.4348179851216687,"{""type"":""MultiPoint"",""coordinates"":[]}"
20180430,2018-04-30,0.05237432150316549,"{""type"":""MultiPoint"",""coordinates"":[]}"
20180501,2018-05-01,0.007624385078829238,"{""type"":""MultiPoint"",""coordinates"":[]}"
20180502,2018-05-02,0.03815978385465913,"{""type"":""MultiPoint"",""coordinates"":[]}"
20180503,2018-05-03,9.477142200293054,"{""type"":""MultiPoint"",""coordinates"":[]}"
20180504,2018-05-04,0.0,"{""type"":""MultiPoint"",""coordinates"":[]}"
20180505,2018-05-05,0.0,"{""type"":""MultiPoint"",""coordinates"":[]}"
20180506,2018-05-06,0.04504116673764756,"{""type"":""MultiPoint"",""coordinates"":[]}"
20180507,2018-05-07,0.0,"{""type"":""MultiPoint"",""coordinates"":[]}"
20180508,2018-05-08,3.6936130373786114,"{""type"":""MultiPoint"",""coordinates"":[]}"
20180509,2018-05-09,0.03830740736278814,"{""type"":""MultiPoint"",""coordinates"":[]}"
20180510,2018-05-10,6.536729766105107,"{""type"":""MultiPoint"",""coordinates"":[]}"
20180511,2018-05-11,0.3426754999950312,"{""type"":""MultiPoint"",""coordinates"":[]}"
20180512,2018-05-12,5.921346993762168,"{""type"":""MultiPoint"",""coordinates"":[]}"
20180513,2018-05-13,0.9504800692299002,"{""type"":""MultiPoint"",""coordinates"":[]}"
20180514,2018-05-14,4.032325501114102,"{""type"":""MultiPoint"",""coordinates"":[]}"
20180515,2018-05-15,0.008773308336303938,"{""type"":""MultiPoint"",""coordinates"":[]}"
20180516,2018-05-16,0.002649474302499943,"{""type"":""MultiPoint"",""coordinates"":[]}"
20180517,2018-05-17,1.7788144159116117,"{""type"":""MultiPoint"",""coordinates"":[]}"
20180518,2018-05-18,0.39181908628230744,"{""type"":""MultiPoint"",""coordinates"":[]}"
20180519,2018-05-19,5.849705803783464,"{""type"":""MultiPoint"",""coordinates"":[]}"
20180520,2018-05-20,0.891869891330712,"{""type"":""MultiPoint"",""coordinates"":[]}"
20180521,2018-05-21,7.290629154598627,"{""type"":""MultiPoint"",""coordinates"":[]}"
20180522,2018-05-22,0.054131673156072466,"{""type"":""MultiPoint"",""coordinates"":[]}"
20180523,2018-05-23,6.262040104563646,"{""type"":""MultiPoint"",""coordinates"":[]}"
20180524,2018-05-24,1.502624714843657,"{""type"":""MultiPoint"",""coordinates"":[]}"
20180525,2018-05-25,3.322129599021841,"{""type"":""MultiPoint"",""coordinates"":[]}"
20180526,2018-05-26,0.4271139784152359,"{""type"":""MultiPoint"",""coordinates"":[]}"
20180527,2018-05-27,0.0,"{""type"":""MultiPoint"",""coordinates"":[]}"
20180528,2018-05-28,0.022630892505507507,"{""type"":""MultiPoint"",""coordinates"":[]}"
20180529,2018-05-29,2.4894731183443275,"{""type"":""MultiPoint"",""coordinates"":[]}"
20180530,2018-05-30,2.243860894756182,"{""type"":""MultiPoint"",""coordinates"":[]}"
20180531,2018-05-31,6.588409221478247,"{""type"":""MultiPoint"",""coordinates"":[]}"
20180601,2018-06-01,3.828071190311801,"{""type"":""MultiPoint"",""coordinates"":[]}"
20180602,2018-06-02,5.147686874669275,"{""type"":""MultiPoint"",""coordinates"":[]}"
20180603,2018-06-03,5.338621927180579,"{""type"":""MultiPoint"",""coordinates"":[]}"
20180604,2018-06-04,0.5376943842227506,"{""type"":""MultiPoint"",""coordinates"":[]}"
20180605,2018-06-05,1.188748145867303,"{""type"":""MultiPoint"",""coordinates"":[]}"
20180606,2018-06-06,6.2530682486684555,"{""type"":""MultiPoint"",""coordinates"":[]}"
20180607,2018-06-07,3.995218376685761,"{""type"":""MultiPoint"",""coordinates"":[]}"
20180608,2018-06-08,0.5367070738456517,"{""type"":""MultiPoint"",""coordinates"":[]}"
20180609,2018-06-09,1.1434002786237152,"{""type"":""MultiPoint"",""coordinates"":[]}"
20180610,2018-06-10,3.43562628583977,"{""type"":""MultiPoint"",""coordinates"":[]}"
20180611,2018-06-11,1.7422790344524122,"{""type"":""MultiPoint"",""coordinates"":[]}"
20180612,2018-06-12,0.13429917516988785,"{""type"":""MultiPoint"",""coordinates"":[]}"
20180613,2018-06-13,0.0,"{""type"":""MultiPoint"",""coordinates"":[]}"
20180614,2018-06-14,0.4209982723603229,"{""type"":""MultiPoint"",""coordinates"":[]}"
20180615,2018-06-15,9.480979244413801E-4,"{""type"":""MultiPoint"",""coordinates"":[]}"
20180616,2018-06-16,0.0,"{""type"":""MultiPoint"",""coordinates"":[]}"
20180617,2018-06-17,0.0,"{""type"":""MultiPoint"",""coordinates"":[]}"
20180618,2018-06-18,0.0,"{""type"":""MultiPoint"",""coordinates"":[]}"
20180619,2018-06-19,0.008969653206382771,"{""type"":""MultiPoint"",""coordinates"":[]}"
20180620,2018-06-20,0.0,"{""type"":""MultiPoint"",""coordinates"":[]}"
20180621,2018-06-21,0.8560101039297026,"{""type"":""MultiPoint"",""coordinates"":[]}"
20180622,2018-06-22,0.31942589853282616,"{""type"":""MultiPoint"",""coordinates"":[]}"
20180623,2018-06-23,1.44913090695596,"{""type"":""MultiPoint"",""coordinates"":[]}"
20180624,2018-06-24,0.1567028536994565,"{""type"":""MultiPoint"",""coordinates"":[]}"
20180625,2018-06-25,0.05640618207950511,"{""type"":""MultiPoint"",""coordinates"":[]}"
20180626,2018-06-26,0.7357703219114409,"{""type"":""MultiPoint"",""coordinates"":[]}"
20180627,2018-06-27,1.9088705938020258,"{""type"":""MultiPoint"",""coordinates"":[]}"
20180628,2018-06-28,4.198081718788676,"{""type"":""MultiPoint"",""coordinates"":[]}"
20180629,2018-06-29,0.7542925670326291,"{""type"":""MultiPoint"",""coordinates"":[]}"
20180630,2018-06-30,0.9774447938584352,"{""type"":""MultiPoint"",""coordinates"":[]}"
20180701,2018-07-01,1.212928760804268,"{""type"":""MultiPoint"",""coordinates"":[]}"
20180702,2018-07-02,0.02580471740548846,"{""type"":""MultiPoint"",""coordinates"":[]}"
20180703,2018-07-03,0.8283328489058318,"{""type"":""MultiPoint"",""coordinates"":[]}"
20180704,2018-07-04,0.6205325101342852,"{""type"":""MultiPoint"",""coordinates"":[]}"
20180705,2018-07-05,0.08827338882569986,"{""type"":""MultiPoint"",""coordinates"":[]}"
20180706,2018-07-06,0.9393626358211662,"{""type"":""MultiPoint"",""coordinates"":[]}"
20180707,2018-07-07,1.1075212377531654,"{""type"":""MultiPoint"",""coordinates"":[]}"
20180708,2018-07-08,0.9454094278681814,"{""type"":""MultiPoint"",""coordinates"":[]}"
20180709,2018-07-09,1.0782494358134163,"{""type"":""MultiPoint"",""coordinates"":[]}"
20180710,2018-07-10,2.3122301530192257,"{""type"":""MultiPoint"",""coordinates"":[]}"
20180711,2018-07-11,0.3537324166587691,"{""type"":""MultiPoint"",""coordinates"":[]}"
20180712,2018-07-12,1.722925948832528,"{""type"":""MultiPoint"",""coordinates"":[]}"
20180713,2018-07-13,0.14608483888896087,"{""type"":""MultiPoint"",""coordinates"":[]}"
20180714,2018-07-14,2.0538673660174958,"{""type"":""MultiPoint"",""coordinates"":[]}"
20180715,2018-07-15,0.7242046494592597,"{""type"":""MultiPoint"",""coordinates"":[]}"
20180716,2018-07-16,0.016414119188259933,"{""type"":""MultiPoint"",""coordinates"":[]}"
20180717,2018-07-17,0.0,"{""type"":""MultiPoint"",""coordinates"":[]}"
20180718,2018-07-18,0.0,"{""type"":""MultiPoint"",""coordinates"":[]}"
20180719,2018-07-19,0.006233048972670493,"{""type"":""MultiPoint"",""coordinates"":[]}"
20180720,2018-07-20,0.562761509063109,"{""type"":""MultiPoint"",""coordinates"":[]}"
20180721,2018-07-21,1.5971362770393238,"{""type"":""MultiPoint"",""coordinates"":[]}"
20180722,2018-07-22,1.1463595574502339,"{""type"":""MultiPoint"",""coordinates"":[]}"
20180723,2018-07-23,0.019051198462821307,"{""type"":""MultiPoint"",""coordinates"":[]}"
20180724,2018-07-24,0.0,"{""type"":""MultiPoint"",""coordinates"":[]}"
20180725,2018-07-25,0.006864293939993018,"{""type"":""MultiPoint"",""coordinates"":[]}"
20180726,2018-07-26,0.0,"{""type"":""MultiPoint"",""coordinates"":[]}"
20180727,2018-07-27,0.06927257941902738,"{""type"":""MultiPoint"",""coordinates"":[]}"
20180728,2018-07-28,1.0690949673333683,"{""type"":""MultiPoint"",""coordinates"":[]}"
20180729,2018-07-29,0.013898537168776853,"{""type"":""MultiPoint"",""coordinates"":[]}"
20180730,2018-07-30,0.2817981475357966,"{""type"":""MultiPoint"",""coordinates"":[]}"
20180731,2018-07-31,0.159658838432627,"{""type"":""MultiPoint"",""coordinates"":[]}"
20180801,2018-08-01,0.47263897800901167,"{""type"":""MultiPoint"",""coordinates"":[]}"
20180802,2018-08-02,0.532396142566814,"{""type"":""MultiPoint"",""coordinates"":[]}"
20180803,2018-08-03,0.905127081783994,"{""type"":""MultiPoint"",""coordinates"":[]}"
20180804,2018-08-04,0.9474266887198147,"{""type"":""MultiPoint"",""coordinates"":[]}"
20180805,2018-08-05,0.6515428502001992,"{""type"":""MultiPoint"",""coordinates"":[]}"
20180806,2018-08-06,0.025711796168468554,"{""type"":""MultiPoint"",""coordinates"":[]}"
20180807,2018-08-07,0.4767350306334051,"{""type"":""MultiPoint"",""coordinates"":[]}"
20180808,2018-08-08,0.8874277779003543,"{""type"":""MultiPoint"",""coordinates"":[]}"
20180809,2018-08-09,0.019979500398508113,"{""type"":""MultiPoint"",""coordinates"":[]}"
20180810,2018-08-10,6.044304432770414,"{""type"":""MultiPoint"",""coordinates"":[]}"
20180811,2018-08-11,6.915130000739493,"{""type"":""MultiPoint"",""coordinates"":[]}"
20180812,2018-08-12,3.987871278483083,"{""type"":""MultiPoint"",""coordinates"":[]}"
20180813,2018-08-13,0.8530904602998134,"{""type"":""MultiPoint"",""coordinates"":[]}"
20180814,2018-08-14,0.6268669943392067,"{""type"":""MultiPoint"",""coordinates"":[]}"
20180815,2018-08-15,2.8314596356254302,"{""type"":""MultiPoint"",""coordinates"":[]}"
20180816,2018-08-16,3.14355883958707,"{""type"":""MultiPoint"",""coordinates"":[]}"
20180817,2018-08-17,1.9119744111383297,"{""type"":""MultiPoint"",""coordinates"":[]}"
20180818,2018-08-18,1.2380884080217762,"{""type"":""MultiPoint"",""coordinates"":[]}"
20180819,2018-08-19,1.022053287489243,"{""type"":""MultiPoint"",""coordinates"":[]}"
20180820,2018-08-20,1.3375696789244775,"{""type"":""MultiPoint"",""coordinates"":[]}"
20180821,2018-08-21,0.24933118311282057,"{""type"":""MultiPoint"",""coordinates"":[]}"
20180822,2018-08-22,0.0,"{""type"":""MultiPoint"",""coordinates"":[]}"
20180823,2018-08-23,0.27437874219379726,"{""type"":""MultiPoint"",""coordinates"":[]}"
20180824,2018-08-24,0.8728967525877435,"{""type"":""MultiPoint"",""coordinates"":[]}"
20180825,2018-08-25,1.5081012488015295,"{""type"":""MultiPoint"",""coordinates"":[]}"
20180826,2018-08-26,5.393694481281493,"{""type"":""MultiPoint"",""coordinates"":[]}"
20180827,2018-08-27,1.811341039382746,"{""type"":""MultiPoint"",""coordinates"":[]}"
20180828,2018-08-28,1.3775476791786463,"{""type"":""MultiPoint"",""coordinates"":[]}"
20180829,2018-08-29,1.0790843770989709,"{""type"":""MultiPoint"",""coordinates"":[]}"
20180830,2018-08-30,1.5107570615796675,"{""type"":""MultiPoint"",""coordinates"":[]}"
20180831,2018-08-31,1.309169895078291,"{""type"":""MultiPoint"",""coordinates"":[]}"
20180901,2018-09-01,1.3263542747753132,"{""type"":""MultiPoint"",""coordinates"":[]}"
20180902,2018-09-02,0.5331309983810604,"{""type"":""MultiPoint"",""coordinates"":[]}"
20180903,2018-09-03,0.0,"{""type"":""MultiPoint"",""coordinates"":[]}"
20180904,2018-09-04,0.0,"{""type"":""MultiPoint"",""coordinates"":[]}"
20180905,2018-09-05,0.5124513137237403,"{""type"":""MultiPoint"",""coordinates"":[]}"
20180906,2018-09-06,0.03518610918282113,"{""type"":""MultiPoint"",""coordinates"":[]}"
20180907,2018-09-07,1.3788314948106055,"{""type"":""MultiPoint"",""coordinates"":[]}"
20180908,2018-09-08,0.0,"{""type"":""MultiPoint"",""coordinates"":[]}"
20180909,2018-09-09,0.0,"{""type"":""MultiPoint"",""coordinates"":[]}"
20180910,2018-09-10,0.0,"{""type"":""MultiPoint"",""coordinates"":[]}"
20180911,2018-09-11,6.3410499769548005,"{""type"":""MultiPoint"",""coordinates"":[]}"
20180912,2018-09-12,1.5264674240768905,"{""type"":""MultiPoint"",""coordinates"":[]}"
20180913,2018-09-13,0.9826381572590712,"{""type"":""MultiPoint"",""coordinates"":[]}"
20180914,2018-09-14,4.147000409297452,"{""type"":""MultiPoint"",""coordinates"":[]}"
20180915,2018-09-15,2.3577661317820575,"{""type"":""MultiPoint"",""coordinates"":[]}"
20180916,2018-09-16,7.247290391472615,"{""type"":""MultiPoint"",""coordinates"":[]}"
20180917,2018-09-17,5.182649208807588,"{""type"":""MultiPoint"",""coordinates"":[]}"
20180918,2018-09-18,3.0604347794917874,"{""type"":""MultiPoint"",""coordinates"":[]}"
20180919,2018-09-19,4.818932856834072,"{""type"":""MultiPoint"",""coordinates"":[]}"
20180920,2018-09-20,6.362054726913207,"{""type"":""MultiPoint"",""coordinates"":[]}"
20180921,2018-09-21,6.943391300727909,"{""type"":""MultiPoint"",""coordinates"":[]}"
20180922,2018-09-22,0.0,"{""type"":""MultiPoint"",""coordinates"":[]}"
20180923,2018-09-23,0.28992441361553445,"{""type"":""MultiPoint"",""coordinates"":[]}"
20180924,2018-09-24,0.7145059309814334,"{""type"":""MultiPoint"",""coordinates"":[]}"
20180925,2018-09-25,4.99808646846647,"{""type"":""MultiPoint"",""coordinates"":[]}"
20180926,2018-09-26,12.022256000446296,"{""type"":""MultiPoint"",""coordinates"":[]}"
20180927,2018-09-27,0.6986191159021752,"{""type"":""MultiPoint"",""coordinates"":[]}"
20180928,2018-09-28,0.8930074692353146,"{""type"":""MultiPoint"",""coordinates"":[]}"
20180929,2018-09-29,0.3082369060310025,"{""type"":""MultiPoint"",""coordinates"":[]}"
20180930,2018-09-30,0.0,"{""type"":""MultiPoint"",""coordinates"":[]}"
20181001,2018-10-01,0.2629940682468382,"{""type"":""MultiPoint"",""coordinates"":[]}"
20181002,2018-10-02,0.09028125946871855,"{""type"":""MultiPoint"",""coordinates"":[]}"
20181003,2018-10-03,0.5782791437788402,"{""type"":""MultiPoint"",""coordinates"":[]}"
20181004,2018-10-04,4.3858527103152145,"{""type"":""MultiPoint"",""coordinates"":[]}"
20181005,2018-10-05,0.11717180424562458,"{""type"":""MultiPoint"",""coordinates"":[]}"
20181006,2018-10-06,0.241421672732743,"{""type"":""MultiPoint"",""coordinates"":[]}"
20181007,2018-10-07,0.0,"{""type"":""MultiPoint"",""coordinates"":[]}"
20181008,2018-10-08,0.03475501808021181,"{""type"":""MultiPoint"",""coordinates"":[]}"
20181009,2018-10-09,0.4536104832180569,"{""type"":""MultiPoint"",""coordinates"":[]}"
20181010,2018-10-10,2.815473848271884,"{""type"":""MultiPoint"",""coordinates"":[]}"
20181011,2018-10-11,0.0982381830800917,"{""type"":""MultiPoint"",""coordinates"":[]}"
20181012,2018-10-12,0.0,"{""type"":""MultiPoint"",""coordinates"":[]}"
20181013,2018-10-13,0.0,"{""type"":""MultiPoint"",""coordinates"":[]}"
20181014,2018-10-14,5.266969122021267,"{""type"":""MultiPoint"",""coordinates"":[]}"
20181015,2018-10-15,1.7428955333447864,"{""type"":""MultiPoint"",""coordinates"":[]}"
20181016,2018-10-16,9.200984768025084,"{""type"":""MultiPoint"",""coordinates"":[]}"
20181017,2018-10-17,15.894985494288747,"{""type"":""MultiPoint"",""coordinates"":[]}"
20181018,2018-10-18,5.594377280767284,"{""type"":""MultiPoint"",""coordinates"":[]}"
20181019,2018-10-19,0.0,"{""type"":""MultiPoint"",""coordinates"":[]}"
20181020,2018-10-20,0.0,"{""type"":""MultiPoint"",""coordinates"":[]}"
20181021,2018-10-21,0.0,"{""type"":""MultiPoint"",""coordinates"":[]}"
20181022,2018-10-22,0.0,"{""type"":""MultiPoint"",""coordinates"":[]}"
20181023,2018-10-23,0.0,"{""type"":""MultiPoint"",""coordinates"":[]}"
20181024,2018-10-24,0.0,"{""type"":""MultiPoint"",""coordinates"":[]}"
20181025,2018-10-25,0.0,"{""type"":""MultiPoint"",""coordinates"":[]}"
20181026,2018-10-26,0.0,"{""type"":""MultiPoint"",""coordinates"":[]}"
20181027,2018-10-27,0.0,"{""type"":""MultiPoint"",""coordinates"":[]}"
20181028,2018-10-28,0.027540233110310067,"{""type"":""MultiPoint"",""coordinates"":[]}"
20181029,2018-10-29,0.0,"{""type"":""MultiPoint"",""coordinates"":[]}"
20181030,2018-10-30,0.0,"{""type"":""MultiPoint"",""coordinates"":[]}"
20181031,2018-10-31,0.10051391533172631,"{""type"":""MultiPoint"",""coordinates"":[]}"
20181101,2018-11-01,0.01699729898908204,"{""type"":""MultiPoint"",""coordinates"":[]}"
20181102,2018-11-02,0.3186853140016571,"{""type"":""MultiPoint"",""coordinates"":[]}"
20181103,2018-11-03,0.10356666734366013,"{""type"":""MultiPoint"",""coordinates"":[]}"
20181104,2018-11-04,0.03335903108349429,"{""type"":""MultiPoint"",""coordinates"":[]}"
20181105,2018-11-05,0.7992034591348064,"{""type"":""MultiPoint"",""coordinates"":[]}"
20181106,2018-11-06,0.14438555737469158,"{""type"":""MultiPoint"",""coordinates"":[]}"
20181107,2018-11-07,0.0,"{""type"":""MultiPoint"",""coordinates"":[]}"
20181108,2018-11-08,0.00218371263255045,"{""type"":""MultiPoint"",""coordinates"":[]}"
20181109,2018-11-09,0.0,"{""type"":""MultiPoint"",""coordinates"":[]}"
20181110,2018-11-10,0.0,"{""type"":""MultiPoint"",""coordinates"":[]}"
20181111,2018-11-11,0.6061017837341449,"{""type"":""MultiPoint"",""coordinates"":[]}"
20181112,2018-11-12,1.1412265182804668,"{""type"":""MultiPoint"",""coordinates"":[]}"
20181113,2018-11-13,0.0,"{""type"":""MultiPoint"",""coordinates"":[]}"
20181114,2018-11-14,0.0,"{""type"":""MultiPoint"",""coordinates"":[]}"
20181115,2018-11-15,1.1558930108307301,"{""type"":""MultiPoint"",""coordinates"":[]}"
20181116,2018-11-16,0.44090065798276734,"{""type"":""MultiPoint"",""coordinates"":[]}"
20181117,2018-11-17,0.5426052063527925,"{""type"":""MultiPoint"",""coordinates"":[]}"
20181118,2018-11-18,4.460852642129758,"{""type"":""MultiPoint"",""coordinates"":[]}"
20181119,2018-11-19,0.6238139848927845,"{""type"":""MultiPoint"",""coordinates"":[]}"
20181120,2018-11-20,0.21915747279723918,"{""type"":""MultiPoint"",""coordinates"":[]}"
20181121,2018-11-21,0.0,"{""type"":""MultiPoint"",""coordinates"":[]}"
20181122,2018-11-22,0.0457448371317844,"{""type"":""MultiPoint"",""coordinates"":[]}"
20181123,2018-11-23,0.020839989351578134,"{""type"":""MultiPoint"",""coordinates"":[]}"
20181124,2018-11-24,0.0,"{""type"":""MultiPoint"",""coordinates"":[]}"
20181125,2018-11-25,0.0,"{""type"":""MultiPoint"",""coordinates"":[]}"
20181126,2018-11-26,0.0,"{""type"":""MultiPoint"",""coordinates"":[]}"
20181127,2018-11-27,0.0,"{""type"":""MultiPoint"",""coordinates"":[]}"
20181128,2018-11-28,0.0,"{""type"":""MultiPoint"",""coordinates"":[]}"
20181129,2018-11-29,1.0225146712751687,"{""type"":""MultiPoint"",""coordinates"":[]}"
20181130,2018-11-30,0.20227962258809823,"{""type"":""MultiPoint"",""coordinates"":[]}"
20181201,2018-12-01,0.018781246354020217,"{""type"":""MultiPoint"",""coordinates"":[]}"
20181202,2018-12-02,0.0,"{""type"":""MultiPoint"",""coordinates"":[]}"
20181203,2018-12-03,0.0,"{""type"":""MultiPoint"",""coordinates"":[]}"
20181204,2018-12-04,0.01794469810432229,"{""type"":""MultiPoint"",""coordinates"":[]}"
20181205,2018-12-05,0.027406435685219402,"{""type"":""MultiPoint"",""coordinates"":[]}"
20181206,2018-12-06,0.0,"{""type"":""MultiPoint"",""coordinates"":[]}"
20181207,2018-12-07,0.0,"{""type"":""MultiPoint"",""coordinates"":[]}"
20181208,2018-12-08,0.0,"{""type"":""MultiPoint"",""coordinates"":[]}"
20181209,2018-12-09,0.0,"{""type"":""MultiPoint"",""coordinates"":[]}"
20181210,2018-12-10,0.00902672233979032,"{""type"":""MultiPoint"",""coordinates"":[]}"
20181211,2018-12-11,0.0,"{""type"":""MultiPoint"",""coordinates"":[]}"
20181212,2018-12-12,0.0,"{""type"":""MultiPoint"",""coordinates"":[]}"
20181213,2018-12-13,0.07399669312125647,"{""type"":""MultiPoint"",""coordinates"":[]}"
20181214,2018-12-14,0.0,"{""type"":""MultiPoint"",""coordinates"":[]}"
20181215,2018-12-15,0.0,"{""type"":""MultiPoint"",""coordinates"":[]}"
20181216,2018-12-16,2.7467833681775775,"{""type"":""MultiPoint"",""coordinates"":[]}"
20181217,2018-12-17,0.7696519191194691,"{""type"":""MultiPoint"",""coordinates"":[]}"
20181218,2018-12-18,0.0,"{""type"":""MultiPoint"",""coordinates"":[]}"
20181219,2018-12-19,0.0,"{""type"":""MultiPoint"",""coordinates"":[]}"
20181220,2018-12-20,0.0,"{""type"":""MultiPoint"",""coordinates"":[]}"
20181221,2018-12-21,0.6282132516237181,"{""type"":""MultiPoint"",""coordinates"":[]}"
20181222,2018-12-22,0.024404328498697087,"{""type"":""MultiPoint"",""coordinates"":[]}"
20181223,2018-12-23,0.2775225958924989,"{""type"":""MultiPoint"",""coordinates"":[]}"
20181224,2018-12-24,0.04707683503258315,"{""type"":""MultiPoint"",""coordinates"":[]}"
20181225,2018-12-25,4.976073319048704E-4,"{""type"":""MultiPoint"",""coordinates"":[]}"
20181226,2018-12-26,0.0,"{""type"":""MultiPoint"",""coordinates"":[]}"
20181227,2018-12-27,0.0,"{""type"":""MultiPoint"",""coordinates"":[]}"
20181228,2018-12-28,0.0,"{""type"":""MultiPoint"",""coordinates"":[]}"
20181229,2018-12-29,0.0,"{""type"":""MultiPoint"",""coordinates"":[]}"
20181230,2018-12-30,0.0,"{""type"":""MultiPoint"",""coordinates"":[]}"
20181231,2018-12-31,0.0,"{""type"":""MultiPoint"",""coordinates"":[]}"
20190101,2019-01-01,0.0,"{""type"":""MultiPoint"",""coordinates"":[]}"
20190102,2019-01-02,0.25954461120195466,"{""type"":""MultiPoint"",""coordinates"":[]}"
20190103,2019-01-03,0.0,"{""type"":""MultiPoint"",""coordinates"":[]}"
20190104,2019-01-04,0.0,"{""type"":""MultiPoint"",""coordinates"":[]}"
20190105,2019-01-05,1.1715942819156149,"{""type"":""MultiPoint"",""coordinates"":[]}"
20190106,2019-01-06,1.1514696278542018,"{""type"":""MultiPoint"",""coordinates"":[]}"
20190107,2019-01-07,0.0,"{""type"":""MultiPoint"",""coordinates"":[]}"
20190108,2019-01-08,0.0,"{""type"":""MultiPoint"",""coordinates"":[]}"
20190109,2019-01-09,0.0,"{""type"":""MultiPoint"",""coordinates"":[]}"
20190110,2019-01-10,0.0,"{""type"":""MultiPoint"",""coordinates"":[]}"
20190111,2019-01-11,0.0,"{""type"":""MultiPoint"",""coordinates"":[]}"
20190112,2019-01-12,0.14709954323231858,"{""type"":""MultiPoint"",""coordinates"":[]}"
20190113,2019-01-13,0.04295829872265317,"{""type"":""MultiPoint"",""coordinates"":[]}"
20190114,2019-01-14,0.0,"{""type"":""MultiPoint"",""coordinates"":[]}"
20190115,2019-01-15,0.0,"{""type"":""MultiPoint"",""coordinates"":[]}"
20190116,2019-01-16,0.0,"{""type"":""MultiPoint"",""coordinates"":[]}"
20190117,2019-01-17,0.0,"{""type"":""MultiPoint"",""coordinates"":[]}"
20190118,2019-01-18,0.05281828054344594,"{""type"":""MultiPoint"",""coordinates"":[]}"
20190119,2019-01-19,0.0,"{""type"":""MultiPoint"",""coordinates"":[]}"
20190120,2019-01-20,0.0,"{""type"":""MultiPoint"",""coordinates"":[]}"
20190121,2019-01-21,0.0,"{""type"":""MultiPoint"",""coordinates"":[]}"
20190122,2019-01-22,0.0,"{""type"":""MultiPoint"",""coordinates"":[]}"
20190123,2019-01-23,0.0,"{""type"":""MultiPoint"",""coordinates"":[]}"
20190124,2019-01-24,0.0,"{""type"":""MultiPoint"",""coordinates"":[]}"
20190125,2019-01-25,0.024682876903921982,"{""type"":""MultiPoint"",""coordinates"":[]}"
20190126,2019-01-26,0.0,"{""type"":""MultiPoint"",""coordinates"":[]}"
20190127,2019-01-27,0.0,"{""type"":""MultiPoint"",""coordinates"":[]}"
20190128,2019-01-28,0.0,"{""type"":""MultiPoint"",""coordinates"":[]}"
20190129,2019-01-29,0.0,"{""type"":""MultiPoint"",""coordinates"":[]}"
20190130,2019-01-30,0.0,"{""type"":""MultiPoint"",""coordinates"":[]}"
20190131,2019-01-31,0.0,"{""type"":""MultiPoint"",""coordinates"":[]}"
20190201,2019-02-01,0.0,"{""type"":""MultiPoint"",""coordinates"":[]}"
20190202,2019-02-02,0.014795787757734394,"{""type"":""MultiPoint"",""coordinates"":[]}"
20190203,2019-02-03,0.0,"{""type"":""MultiPoint"",""coordinates"":[]}"
20190204,2019-02-04,0.0632650545276678,"{""type"":""MultiPoint"",""coordinates"":[]}"
20190205,2019-02-05,0.0,"{""type"":""MultiPoint"",""coordinates"":[]}"
20190206,2019-02-06,0.0,"{""type"":""MultiPoint"",""coordinates"":[]}"
20190207,2019-02-07,0.0,"{""type"":""MultiPoint"",""coordinates"":[]}"
20190208,2019-02-08,0.0,"{""type"":""MultiPoint"",""coordinates"":[]}"
20190209,2019-02-09,5.086280972158886E-4,"{""type"":""MultiPoint"",""coordinates"":[]}"
20190210,2019-02-10,0.13751042354442197,"{""type"":""MultiPoint"",""coordinates"":[]}"
20190211,2019-02-11,0.0,"{""type"":""MultiPoint"",""coordinates"":[]}"
20190212,2019-02-12,0.0,"{""type"":""MultiPoint"",""coordinates"":[]}"
20190213,2019-02-13,0.0,"{""type"":""MultiPoint"",""coordinates"":[]}"
20190214,2019-02-14,0.0,"{""type"":""MultiPoint"",""coordinates"":[]}"
20190215,2019-02-15,0.0027677678402997946,"{""type"":""MultiPoint"",""coordinates"":[]}"
20190216,2019-02-16,0.0,"{""type"":""MultiPoint"",""coordinates"":[]}"
20190217,2019-02-17,0.0,"{""type"":""MultiPoint"",""coordinates"":[]}"
20190218,2019-02-18,0.0,"{""type"":""MultiPoint"",""coordinates"":[]}"
20190219,2019-02-19,0.0,"{""type"":""MultiPoint"",""coordinates"":[]}"
20190220,2019-02-20,0.0,"{""type"":""MultiPoint"",""coordinates"":[]}"
20190221,2019-02-21,0.0,"{""type"":""MultiPoint"",""coordinates"":[]}"
20190222,2019-02-22,0.0,"{""type"":""MultiPoint"",""coordinates"":[]}"
20190223,2019-02-23,0.0,"{""type"":""MultiPoint"",""coordinates"":[]}"
20190224,2019-02-24,0.0,"{""type"":""MultiPoint"",""coordinates"":[]}"
20190225,2019-02-25,0.0,"{""type"":""MultiPoint"",""coordinates"":[]}"
20190226,2019-02-26,0.0,"{""type"":""MultiPoint"",""coordinates"":[]}"
20190227,2019-02-27,0.012676752989000674,"{""type"":""MultiPoint"",""coordinates"":[]}"
20190228,2019-02-28,0.0,"{""type"":""MultiPoint"",""coordinates"":[]}"
20190301,2019-03-01,0.0,"{""type"":""MultiPoint"",""coordinates"":[]}"
20190302,2019-03-02,0.0,"{""type"":""MultiPoint"",""coordinates"":[]}"
20190303,2019-03-03,0.0,"{""type"":""MultiPoint"",""coordinates"":[]}"
20190304,2019-03-04,0.0,"{""type"":""MultiPoint"",""coordinates"":[]}"
20190305,2019-03-05,0.0,"{""type"":""MultiPoint"",""coordinates"":[]}"
20190306,2019-03-06,0.0,"{""type"":""MultiPoint"",""coordinates"":[]}"
20190307,2019-03-07,0.0,"{""type"":""MultiPoint"",""coordinates"":[]}"
20190308,2019-03-08,0.0,"{""type"":""MultiPoint"",""coordinates"":[]}"
20190309,2019-03-09,5.034963189993617E-4,"{""type"":""MultiPoint"",""coordinates"":[]}"
20190310,2019-03-10,0.0,"{""type"":""MultiPoint"",""coordinates"":[]}"
20190311,2019-03-11,0.0,"{""type"":""MultiPoint"",""coordinates"":[]}"
20190312,2019-03-12,0.0,"{""type"":""MultiPoint"",""coordinates"":[]}"
20190313,2019-03-13,0.0,"{""type"":""MultiPoint"",""coordinates"":[]}"
20190314,2019-03-14,0.0,"{""type"":""MultiPoint"",""coordinates"":[]}"
20190315,2019-03-15,0.0,"{""type"":""MultiPoint"",""coordinates"":[]}"
20190316,2019-03-16,0.0,"{""type"":""MultiPoint"",""coordinates"":[]}"
20190317,2019-03-17,0.0,"{""type"":""MultiPoint"",""coordinates"":[]}"
20190318,2019-03-18,0.0,"{""type"":""MultiPoint"",""coordinates"":[]}"
20190319,2019-03-19,0.0,"{""type"":""MultiPoint"",""coordinates"":[]}"
20190320,2019-03-20,0.0,"{""type"":""MultiPoint"",""coordinates"":[]}"
20190321,2019-03-21,0.0,"{""type"":""MultiPoint"",""coordinates"":[]}"
20190322,2019-03-22,0.0,"{""type"":""MultiPoint"",""coordinates"":[]}"
20190323,2019-03-23,0.0,"{""type"":""MultiPoint"",""coordinates"":[]}"
20190324,2019-03-24,0.0,"{""type"":""MultiPoint"",""coordinates"":[]}"
20190325,2019-03-25,0.0,"{""type"":""MultiPoint"",""coordinates"":[]}"
20190326,2019-03-26,0.0,"{""type"":""MultiPoint"",""coordinates"":[]}"
20190327,2019-03-27,0.0,"{""type"":""MultiPoint"",""coordinates"":[]}"
20190328,2019-03-28,0.0,"{""type"":""MultiPoint"",""coordinates"":[]}"
20190329,2019-03-29,1.7232717536940072,"{""type"":""MultiPoint"",""coordinates"":[]}"
20190330,2019-03-30,0.0,"{""type"":""MultiPoint"",""coordinates"":[]}"
20190331,2019-03-31,0.0,"{""type"":""MultiPoint"",""coordinates"":[]}"
20190401,2019-04-01,0.009516053570821964,"{""type"":""MultiPoint"",""coordinates"":[]}"
20190402,2019-04-02,0.27733179740256525,"{""type"":""MultiPoint"",""coordinates"":[]}"
20190403,2019-04-03,0.0,"{""type"":""MultiPoint"",""coordinates"":[]}"
20190404,2019-04-04,0.0,"{""type"":""MultiPoint"",""coordinates"":[]}"
20190405,2019-04-05,0.0,"{""type"":""MultiPoint"",""coordinates"":[]}"
20190406,2019-04-06,0.15209651841957056,"{""type"":""MultiPoint"",""coordinates"":[]}"
20190407,2019-04-07,0.0,"{""type"":""MultiPoint"",""coordinates"":[]}"
20190408,2019-04-08,1.70714072562932,"{""type"":""MultiPoint"",""coordinates"":[]}"
20190409,2019-04-09,4.052151350857659,"{""type"":""MultiPoint"",""coordinates"":[]}"
20190410,2019-04-10,1.384504816729615,"{""type"":""MultiPoint"",""coordinates"":[]}"
20190411,2019-04-11,0.5834908631661263,"{""type"":""MultiPoint"",""coordinates"":[]}"
20190412,2019-04-12,0.0,"{""type"":""MultiPoint"",""coordinates"":[]}"
20190413,2019-04-13,0.02246934201598804,"{""type"":""MultiPoint"",""coordinates"":[]}"
20190414,2019-04-14,0.0,"{""type"":""MultiPoint"",""coordinates"":[]}"
20190415,2019-04-15,0.03873049929424286,"{""type"":""MultiPoint"",""coordinates"":[]}"
20190416,2019-04-16,0.0,"{""type"":""MultiPoint"",""coordinates"":[]}"
20190417,2019-04-17,0.14647825549770496,"{""type"":""MultiPoint"",""coordinates"":[]}"
20190418,2019-04-18,0.3383053718477203,"{""type"":""MultiPoint"",""coordinates"":[]}"
20190419,2019-04-19,0.0,"{""type"":""MultiPoint"",""coordinates"":[]}"
20190420,2019-04-20,0.0,"{""type"":""MultiPoint"",""coordinates"":[]}"
20190421,2019-04-21,0.2471288386979566,"{""type"":""MultiPoint"",""coordinates"":[]}"
20190422,2019-04-22,0.7878274771595889,"{""type"":""MultiPoint"",""coordinates"":[]}"
20190423,2019-04-23,0.001845980829516606,"{""type"":""MultiPoint"",""coordinates"":[]}"
20190424,2019-04-24,5.979812479914212E-5,"{""type"":""MultiPoint"",""coordinates"":[]}"
20190425,2019-04-25,4.853098772829749E-7,"{""type"":""MultiPoint"",""coordinates"":[]}"
20190426,2019-04-26,0.10019128868446493,"{""type"":""MultiPoint"",""coordinates"":[]}"
20190427,2019-04-27,0.46529050332703054,"{""type"":""MultiPoint"",""coordinates"":[]}"
20190428,2019-04-28,4.2900762728975605,"{""type"":""MultiPoint"",""coordinates"":[]}"
20190429,2019-04-29,4.771021022186816,"{""type"":""MultiPoint"",""coordinates"":[]}"
20190430,2019-04-30,11.305992862928507,"{""type"":""MultiPoint"",""coordinates"":[]}"
20190501,2019-05-01,6.277535225862968,"{""type"":""MultiPoint"",""coordinates"":[]}"
20190502,2019-05-02,2.2426951059428855,"{""type"":""MultiPoint"",""coordinates"":[]}"
20190503,2019-05-03,0.0,"{""type"":""MultiPoint"",""coordinates"":[]}"
20190504,2019-05-04,0.4209788501394956,"{""type"":""MultiPoint"",""coordinates"":[]}"
20190505,2019-05-05,0.0017331391186608523,"{""type"":""MultiPoint"",""coordinates"":[]}"
20190506,2019-05-06,0.0,"{""type"":""MultiPoint"",""coordinates"":[]}"
20190507,2019-05-07,0.4621870701946435,"{""type"":""MultiPoint"",""coordinates"":[]}"
20190508,2019-05-08,0.0,"{""type"":""MultiPoint"",""coordinates"":[]}"
20190509,2019-05-09,0.0,"{""type"":""MultiPoint"",""coordinates"":[]}"
20190510,2019-05-10,0.0,"{""type"":""MultiPoint"",""coordinates"":[]}"
20190511,2019-05-11,0.0,"{""type"":""MultiPoint"",""coordinates"":[]}"
20190512,2019-05-12,0.10183543135429009,"{""type"":""MultiPoint"",""coordinates"":[]}"
20190513,2019-05-13,0.4455207203726191,"{""type"":""MultiPoint"",""coordinates"":[]}"
20190514,2019-05-14,0.007714652710978823,"{""type"":""MultiPoint"",""coordinates"":[]}"
20190515,2019-05-15,1.8706020793130025,"{""type"":""MultiPoint"",""coordinates"":[]}"
20190516,2019-05-16,0.11401705127876748,"{""type"":""MultiPoint"",""coordinates"":[]}"
20190517,2019-05-17,1.724608165816662,"{""type"":""MultiPoint"",""coordinates"":[]}"
20190518,2019-05-18,0.011397695132559909,"{""type"":""MultiPoint"",""coordinates"":[]}"
20190519,2019-05-19,2.2294235742281554,"{""type"":""MultiPoint"",""coordinates"":[]}"
20190520,2019-05-20,0.22709970253196,"{""type"":""MultiPoint"",""coordinates"":[]}"
20190521,2019-05-21,0.1967251011217862,"{""type"":""MultiPoint"",""coordinates"":[]}"
20190522,2019-05-22,0.12199964087063095,"{""type"":""MultiPoint"",""coordinates"":[]}"
20190523,2019-05-23,2.5467861243918786,"{""type"":""MultiPoint"",""coordinates"":[]}"
20190524,2019-05-24,3.948773378750988,"{""type"":""MultiPoint"",""coordinates"":[]}"
20190525,2019-05-25,0.5133694261341751,"{""type"":""MultiPoint"",""coordinates"":[]}"
20190526,2019-05-26,7.359555022823812,"{""type"":""MultiPoint"",""coordinates"":[]}"
20190527,2019-05-27,3.9041787788264894,"{""type"":""MultiPoint"",""coordinates"":[]}"
20190528,2019-05-28,3.7666907035444233,"{""type"":""MultiPoint"",""coordinates"":[]}"
20190529,2019-05-29,3.190933498867102,"{""type"":""MultiPoint"",""coordinates"":[]}"
20190530,2019-05-30,9.264455743985145,"{""type"":""MultiPoint"",""coordinates"":[]}"
20190531,2019-05-31,5.0568283069773425,"{""type"":""MultiPoint"",""coordinates"":[]}"
20190601,2019-06-01,0.013609503159951592,"{""type"":""MultiPoint"",""coordinates"":[]}"
20190602,2019-06-02,4.495593408800222,"{""type"":""MultiPoint"",""coordinates"":[]}"
20190603,2019-06-03,1.5127951880803683,"{""type"":""MultiPoint"",""coordinates"":[]}"
20190604,2019-06-04,1.520341819085503,"{""type"":""MultiPoint"",""coordinates"":[]}"
20190605,2019-06-05,2.474744353088943,"{""type"":""MultiPoint"",""coordinates"":[]}"
20190606,2019-06-06,2.2350269217876226,"{""type"":""MultiPoint"",""coordinates"":[]}"
20190607,2019-06-07,1.810691501690145,"{""type"":""MultiPoint"",""coordinates"":[]}"
20190608,2019-06-08,0.819391955872298,"{""type"":""MultiPoint"",""coordinates"":[]}"
20190609,2019-06-09,3.8667519341682026,"{""type"":""MultiPoint"",""coordinates"":[]}"
20190610,2019-06-10,0.05921190423512798,"{""type"":""MultiPoint"",""coordinates"":[]}"
20190611,2019-06-11,0.37034652404391155,"{""type"":""MultiPoint"",""coordinates"":[]}"
20190612,2019-06-12,0.07248267426719834,"{""type"":""MultiPoint"",""coordinates"":[]}"
20190613,2019-06-13,0.01742097340083234,"{""type"":""MultiPoint"",""coordinates"":[]}"
20190614,2019-06-14,0.002109072909966857,"{""type"":""MultiPoint"",""coordinates"":[]}"
20190615,2019-06-15,0.01681453038867551,"{""type"":""MultiPoint"",""coordinates"":[]}"
20190616,2019-06-16,0.02437668537323279,"{""type"":""MultiPoint"",""coordinates"":[]}"
20190617,2019-06-17,0.04479755474108731,"{""type"":""MultiPoint"",""coordinates"":[]}"
20190618,2019-06-18,0.0,"{""type"":""MultiPoint"",""coordinates"":[]}"
20190619,2019-06-19,0.018502652478793024,"{""type"":""MultiPoint"",""coordinates"":[]}"
20190620,2019-06-20,0.21281392183643785,"{""type"":""MultiPoint"",""coordinates"":[]}"
20190621,2019-06-21,2.1892351263524024,"{""type"":""MultiPoint"",""coordinates"":[]}"
20190622,2019-06-22,0.9886718299649813,"{""type"":""MultiPoint"",""coordinates"":[]}"
20190623,2019-06-23,0.9517241549858808,"{""type"":""MultiPoint"",""coordinates"":[]}"
20190624,2019-06-24,0.03790837878739346,"{""type"":""MultiPoint"",""coordinates"":[]}"
20190625,2019-06-25,0.00392519477912881,"{""type"":""MultiPoint"",""coordinates"":[]}"
20190626,2019-06-26,0.5795572599067011,"{""type"":""MultiPoint"",""coordinates"":[]}"
20190627,2019-06-27,0.01471770944966192,"{""type"":""MultiPoint"",""coordinates"":[]}"
20190628,2019-06-28,0.5138901261327705,"{""type"":""MultiPoint"",""coordinates"":[]}"
20190629,2019-06-29,2.5521033035026486,"{""type"":""MultiPoint"",""coordinates"":[]}"
20190630,2019-06-30,0.047913027069740856,"{""type"":""MultiPoint"",""coordinates"":[]}"
20190701,2019-07-01,0.4939718991899243,"{""type"":""MultiPoint"",""coordinates"":[]}"
20190702,2019-07-02,1.1128502255583652,"{""type"":""MultiPoint"",""coordinates"":[]}"
20190703,2019-07-03,1.9185497325500058,"{""type"":""MultiPoint"",""coordinates"":[]}"
20190704,2019-07-04,0.47176152338068356,"{""type"":""MultiPoint"",""coordinates"":[]}"
20190705,2019-07-05,0.9836730404169686,"{""type"":""MultiPoint"",""coordinates"":[]}"
20190706,2019-07-06,0.9925483274789364,"{""type"":""MultiPoint"",""coordinates"":[]}"
20190707,2019-07-07,0.1101579494603725,"{""type"":""MultiPoint"",""coordinates"":[]}"
20190708,2019-07-08,0.0038973935150982144,"{""type"":""MultiPoint"",""coordinates"":[]}"
20190709,2019-07-09,0.003742897502274856,"{""type"":""MultiPoint"",""coordinates"":[]}"
20190710,2019-07-10,0.0,"{""type"":""MultiPoint"",""coordinates"":[]}"
20190711,2019-07-11,0.0,"{""type"":""MultiPoint"",""coordinates"":[]}"
20190712,2019-07-12,0.0,"{""type"":""MultiPoint"",""coordinates"":[]}"
20190713,2019-07-13,1.2010725756066114,"{""type"":""MultiPoint"",""coordinates"":[]}"
20190714,2019-07-14,0.6136515982956167,"{""type"":""MultiPoint"",""coordinates"":[]}"
20190715,2019-07-15,0.02503346042949905,"{""type"":""MultiPoint"",""coordinates"":[]}"
20190716,2019-07-16,0.1765907376994481,"{""type"":""MultiPoint"",""coordinates"":[]}"
20190717,2019-07-17,0.30831099273830104,"{""type"":""MultiPoint"",""coordinates"":[]}"
20190718,2019-07-18,0.6448442243730517,"{""type"":""MultiPoint"",""coordinates"":[]}"
20190719,2019-07-19,2.471484913223791,"{""type"":""MultiPoint"",""coordinates"":[]}"
20190720,2019-07-20,1.2856501654397612,"{""type"":""MultiPoint"",""coordinates"":[]}"
20190721,2019-07-21,1.5969379405110136,"{""type"":""MultiPoint"",""coordinates"":[]}"
20190722,2019-07-22,0.174922750875736,"{""type"":""MultiPoint"",""coordinates"":[]}"
20190723,2019-07-23,0.7774173721025294,"{""type"":""MultiPoint"",""coordinates"":[]}"
20190724,2019-07-24,0.04786961123143939,"{""type"":""MultiPoint"",""coordinates"":[]}"
20190725,2019-07-25,2.07404450453286,"{""type"":""MultiPoint"",""coordinates"":[]}"
20190726,2019-07-26,3.27706009799246,"{""type"":""MultiPoint"",""coordinates"":[]}"
20190727,2019-07-27,0.0,"{""type"":""MultiPoint"",""coordinates"":[]}"
20190728,2019-07-28,0.9101193940123475,"{""type"":""MultiPoint"",""coordinates"":[]}"
20190729,2019-07-29,3.1495986390548123,"{""type"":""MultiPoint"",""coordinates"":[]}"
20190730,2019-07-30,1.7171585556495188,"{""type"":""MultiPoint"",""coordinates"":[]}"
20190731,2019-07-31,0.0,"{""type"":""MultiPoint"",""coordinates"":[]}"
20190801,2019-08-01,2.2607492189490914,"{""type"":""MultiPoint"",""coordinates"":[]}"
20190802,2019-08-02,5.9278322824138305,"{""type"":""MultiPoint"",""coordinates"":[]}"
20190803,2019-08-03,4.317345150545799,"{""type"":""MultiPoint"",""coordinates"":[]}"
20190804,2019-08-04,9.929263597854197E-4,"{""type"":""MultiPoint"",""coordinates"":[]}"
20190805,2019-08-05,0.8784920368825763,"{""type"":""MultiPoint"",""coordinates"":[]}"
20190806,2019-08-06,0.04054954301362176,"{""type"":""MultiPoint"",""coordinates"":[]}"
20190807,2019-08-07,2.879825180919024,"{""type"":""MultiPoint"",""coordinates"":[]}"
20190808,2019-08-08,2.8605465259001592,"{""type"":""MultiPoint"",""coordinates"":[]}"
20190809,2019-08-09,0.0,"{""type"":""MultiPoint"",""coordinates"":[]}"
20190810,2019-08-10,0.0,"{""type"":""MultiPoint"",""coordinates"":[]}"
20190811,2019-08-11,0.0,"{""type"":""MultiPoint"",""coordinates"":[]}"
20190812,2019-08-12,0.034974787605541215,"{""type"":""MultiPoint"",""coordinates"":[]}"
20190813,2019-08-13,1.5973437461038515,"{""type"":""MultiPoint"",""coordinates"":[]}"
20190814,2019-08-14,1.1996541853536373,"{""type"":""MultiPoint"",""coordinates"":[]}"
20190815,2019-08-15,0.5442307809488361,"{""type"":""MultiPoint"",""coordinates"":[]}"
20190816,2019-08-16,0.19526707500074172,"{""type"":""MultiPoint"",""coordinates"":[]}"
20190817,2019-08-17,1.378613311477202,"{""type"":""MultiPoint"",""coordinates"":[]}"
20190818,2019-08-18,4.181863338055624,"{""type"":""MultiPoint"",""coordinates"":[]}"
20190819,2019-08-19,5.770650605956348,"{""type"":""MultiPoint"",""coordinates"":[]}"
20190820,2019-08-20,2.2978554621815492,"{""type"":""MultiPoint"",""coordinates"":[]}"
20190821,2019-08-21,10.690775166207407,"{""type"":""MultiPoint"",""coordinates"":[]}"
20190822,2019-08-22,10.787233971195416,"{""type"":""MultiPoint"",""coordinates"":[]}"
20190823,2019-08-23,0.6434432861528643,"{""type"":""MultiPoint"",""coordinates"":[]}"
20190824,2019-08-24,1.5909375443613811,"{""type"":""MultiPoint"",""coordinates"":[]}"
20190825,2019-08-25,0.1410963642923132,"{""type"":""MultiPoint"",""coordinates"":[]}"
20190826,2019-08-26,0.7309393261487305,"{""type"":""MultiPoint"",""coordinates"":[]}"
20190827,2019-08-27,0.0,"{""type"":""MultiPoint"",""coordinates"":[]}"
20190828,2019-08-28,2.267191924193393,"{""type"":""MultiPoint"",""coordinates"":[]}"
20190829,2019-08-29,0.0,"{""type"":""MultiPoint"",""coordinates"":[]}"
20190830,2019-08-30,3.4050236209889815,"{""type"":""MultiPoint"",""coordinates"":[]}"
20190831,2019-08-31,6.323278054845533,"{""type"":""MultiPoint"",""coordinates"":[]}"
20190901,2019-09-01,1.559823771317019,"{""type"":""MultiPoint"",""coordinates"":[]}"
20190902,2019-09-02,0.0,"{""type"":""MultiPoint"",""coordinates"":[]}"
20190903,2019-09-03,0.14197661145048776,"{""type"":""MultiPoint"",""coordinates"":[]}"
20190904,2019-09-04,1.2856074447277057,"{""type"":""MultiPoint"",""coordinates"":[]}"
20190905,2019-09-05,0.0,"{""type"":""MultiPoint"",""coordinates"":[]}"
20190906,2019-09-06,0.020325171010771272,"{""type"":""MultiPoint"",""coordinates"":[]}"
20190907,2019-09-07,0.013002067499944505,"{""type"":""MultiPoint"",""coordinates"":[]}"
20190908,2019-09-08,0.7399363917978227,"{""type"":""MultiPoint"",""coordinates"":[]}"
20190909,2019-09-09,0.0,"{""type"":""MultiPoint"",""coordinates"":[]}"
20190910,2019-09-10,0.15033990250798532,"{""type"":""MultiPoint"",""coordinates"":[]}"
20190911,2019-09-11,0.6694059907034333,"{""type"":""MultiPoint"",""coordinates"":[]}"
20190912,2019-09-12,5.184532476011325,"{""type"":""MultiPoint"",""coordinates"":[]}"
20190913,2019-09-13,0.877705714568767,"{""type"":""MultiPoint"",""coordinates"":[]}"
20190914,2019-09-14,2.1280362029050037,"{""type"":""MultiPoint"",""coordinates"":[]}"
20190915,2019-09-15,5.607521039254657,"{""type"":""MultiPoint"",""coordinates"":[]}"
20190916,2019-09-16,5.978246393609417,"{""type"":""MultiPoint"",""coordinates"":[]}"
20190917,2019-09-17,10.817692201920575,"{""type"":""MultiPoint"",""coordinates"":[]}"
20190918,2019-09-18,8.773694170065257,"{""type"":""MultiPoint"",""coordinates"":[]}"
20190919,2019-09-19,22.636302024688,"{""type"":""MultiPoint"",""coordinates"":[]}"
20190920,2019-09-20,8.36730129928881,"{""type"":""MultiPoint"",""coordinates"":[]}"
20190921,2019-09-21,6.6260841674283215,"{""type"":""MultiPoint"",""coordinates"":[]}"
20190922,2019-09-22,14.673442491562598,"{""type"":""MultiPoint"",""coordinates"":[]}"
20190923,2019-09-23,19.509250523338704,"{""type"":""MultiPoint"",""coordinates"":[]}"
20190924,2019-09-24,16.10565536227347,"{""type"":""MultiPoint"",""coordinates"":[]}"
20190925,2019-09-25,12.84457639180063,"{""type"":""MultiPoint"",""coordinates"":[]}"
20190926,2019-09-26,14.904096818516775,"{""type"":""MultiPoint"",""coordinates"":[]}"
20190927,2019-09-27,7.217230879351032,"{""type"":""MultiPoint"",""coordinates"":[]}"
20190928,2019-09-28,2.146747712495472,"{""type"":""MultiPoint"",""coordinates"":[]}"
20190929,2019-09-29,0.12757266030689593,"{""type"":""MultiPoint"",""coordinates"":[]}"
20190930,2019-09-30,0.004405612904533959,"{""type"":""MultiPoint"",""coordinates"":[]}"
20191001,2019-10-01,4.584632182602685,"{""type"":""MultiPoint"",""coordinates"":[]}"
20191002,2019-10-02,3.061079077998621,"{""type"":""MultiPoint"",""coordinates"":[]}"
20191003,2019-10-03,15.569384478831038,"{""type"":""MultiPoint"",""coordinates"":[]}"
20191004,2019-10-04,12.841175733671523,"{""type"":""MultiPoint"",""coordinates"":[]}"
20191005,2019-10-05,6.500152942022668,"{""type"":""MultiPoint"",""coordinates"":[]}"
20191006,2019-10-06,1.5189677401850294,"{""type"":""MultiPoint"",""coordinates"":[]}"
20191007,2019-10-07,5.666736559098265,"{""type"":""MultiPoint"",""coordinates"":[]}"
20191008,2019-10-08,1.2725302808602552,"{""type"":""MultiPoint"",""coordinates"":[]}"
20191009,2019-10-09,5.6318031337351036,"{""type"":""MultiPoint"",""coordinates"":[]}"
20191010,2019-10-10,8.279893039268556,"{""type"":""MultiPoint"",""coordinates"":[]}"
20191011,2019-10-11,7.823206062601338,"{""type"":""MultiPoint"",""coordinates"":[]}"
20191012,2019-10-12,0.0,"{""type"":""MultiPoint"",""coordinates"":[]}"
20191013,2019-10-13,0.33768739071537074,"{""type"":""MultiPoint"",""coordinates"":[]}"
20191014,2019-10-14,0.5681628382839095,"{""type"":""MultiPoint"",""coordinates"":[]}"
20191015,2019-10-15,0.7268017592935311,"{""type"":""MultiPoint"",""coordinates"":[]}"
20191016,2019-10-16,6.966911404257222,"{""type"":""MultiPoint"",""coordinates"":[]}"
20191017,2019-10-17,0.3801454369500888,"{""type"":""MultiPoint"",""coordinates"":[]}"
20191018,2019-10-18,3.2746054189552454,"{""type"":""MultiPoint"",""coordinates"":[]}"
20191019,2019-10-19,1.1332360599646585,"{""type"":""MultiPoint"",""coordinates"":[]}"
20191020,2019-10-20,2.081380443281062,"{""type"":""MultiPoint"",""coordinates"":[]}"
20191021,2019-10-21,3.00525945923534,"{""type"":""MultiPoint"",""coordinates"":[]}"
20191022,2019-10-22,26.963482876322885,"{""type"":""MultiPoint"",""coordinates"":[]}"
20191023,2019-10-23,12.008112258689346,"{""type"":""MultiPoint"",""coordinates"":[]}"
20191024,2019-10-24,8.722423535170494,"{""type"":""MultiPoint"",""coordinates"":[]}"
20191025,2019-10-25,0.005950251323745207,"{""type"":""MultiPoint"",""coordinates"":[]}"
20191026,2019-10-26,6.548193804381182,"{""type"":""MultiPoint"",""coordinates"":[]}"
20191027,2019-10-27,2.178164229939601,"{""type"":""MultiPoint"",""coordinates"":[]}"
20191028,2019-10-28,0.2883801217127116,"{""type"":""MultiPoint"",""coordinates"":[]}"
20191029,2019-10-29,0.1539500897585184,"{""type"":""MultiPoint"",""coordinates"":[]}"
20191030,2019-10-30,12.036816230997918,"{""type"":""MultiPoint"",""coordinates"":[]}"
20191031,2019-10-31,3.325336755488107,"{""type"":""MultiPoint"",""coordinates"":[]}"
20191101,2019-11-01,0.16753409637839525,"{""type"":""MultiPoint"",""coordinates"":[]}"
20191102,2019-11-02,0.0,"{""type"":""MultiPoint"",""coordinates"":[]}"
20191103,2019-11-03,0.0,"{""type"":""MultiPoint"",""coordinates"":[]}"
20191104,2019-11-04,0.0,"{""type"":""MultiPoint"",""coordinates"":[]}"
20191105,2019-11-05,0.0,"{""type"":""MultiPoint"",""coordinates"":[]}"
20191106,2019-11-06,0.004530901685216604,"{""type"":""MultiPoint"",""coordinates"":[]}"
20191107,2019-11-07,0.5004161914715709,"{""type"":""MultiPoint"",""coordinates"":[]}"
20191108,2019-11-08,0.09628251337081586,"{""type"":""MultiPoint"",""coordinates"":[]}"
20191109,2019-11-09,0.0,"{""type"":""MultiPoint"",""coordinates"":[]}"
20191110,2019-11-10,0.0,"{""type"":""MultiPoint"",""coordinates"":[]}"
20191111,2019-11-11,0.004383966536228017,"{""type"":""MultiPoint"",""coordinates"":[]}"
20191112,2019-11-12,0.0024816768049894787,"{""type"":""MultiPoint"",""coordinates"":[]}"
20191113,2019-11-13,0.024117044882065567,"{""type"":""MultiPoint"",""coordinates"":[]}"
20191114,2019-11-14,0.9243095609850271,"{""type"":""MultiPoint"",""coordinates"":[]}"
20191115,2019-11-15,1.7695350963800869,"{""type"":""MultiPoint"",""coordinates"":[]}"
20191116,2019-11-16,0.003699441874162121,"{""type"":""MultiPoint"",""coordinates"":[]}"
20191117,2019-11-17,0.0,"{""type"":""MultiPoint"",""coordinates"":[]}"
20191118,2019-11-18,0.2650284013604964,"{""type"":""MultiPoint"",""coordinates"":[]}"
20191119,2019-11-19,4.681101753182665,"{""type"":""MultiPoint"",""coordinates"":[]}"
20191120,2019-11-20,0.5478348031834394,"{""type"":""MultiPoint"",""coordinates"":[]}"
20191121,2019-11-21,0.25560465142877775,"{""type"":""MultiPoint"",""coordinates"":[]}"
20191122,2019-11-22,1.6624546851915973,"{""type"":""MultiPoint"",""coordinates"":[]}"
20191123,2019-11-23,0.0,"{""type"":""MultiPoint"",""coordinates"":[]}"
20191124,2019-11-24,0.0,"{""type"":""MultiPoint"",""coordinates"":[]}"
20191125,2019-11-25,0.0,"{""type"":""MultiPoint"",""coordinates"":[]}"
20191126,2019-11-26,0.0,"{""type"":""MultiPoint"",""coordinates"":[]}"
20191127,2019-11-27,0.05585763940387443,"{""type"":""MultiPoint"",""coordinates"":[]}"
20191128,2019-11-28,0.22540460021067044,"{""type"":""MultiPoint"",""coordinates"":[]}"
20191129,2019-11-29,0.0,"{""type"":""MultiPoint"",""coordinates"":[]}"
20191130,2019-11-30,3.5861142715925056,"{""type"":""MultiPoint"",""coordinates"":[]}"
20191201,2019-12-01,3.9920816633453464,"{""type"":""MultiPoint"",""coordinates"":[]}"
20191202,2019-12-02,0.0,"{""type"":""MultiPoint"",""coordinates"":[]}"
20191203,2019-12-03,0.0,"{""type"":""MultiPoint"",""coordinates"":[]}"
20191204,2019-12-04,0.0,"{""type"":""MultiPoint"",""coordinates"":[]}"
20191205,2019-12-05,0.0,"{""type"":""MultiPoint"",""coordinates"":[]}"
20191206,2019-12-06,0.30439063483886625,"{""type"":""MultiPoint"",""coordinates"":[]}"
20191207,2019-12-07,0.00952179413546394,"{""type"":""MultiPoint"",""coordinates"":[]}"
20191208,2019-12-08,0.4072196872162647,"{""type"":""MultiPoint"",""coordinates"":[]}"
20191209,2019-12-09,0.0,"{""type"":""MultiPoint"",""coordinates"":[]}"
20191210,2019-12-10,0.0,"{""type"":""MultiPoint"",""coordinates"":[]}"
20191211,2019-12-11,0.0,"{""type"":""MultiPoint"",""coordinates"":[]}"
20191212,2019-12-12,0.0,"{""type"":""MultiPoint"",""coordinates"":[]}"
20191213,2019-12-13,0.0,"{""type"":""MultiPoint"",""coordinates"":[]}"
20191214,2019-12-14,0.6436086741283693,"{""type"":""MultiPoint"",""coordinates"":[]}"
20191215,2019-12-15,0.0,"{""type"":""MultiPoint"",""coordinates"":[]}"
20191216,2019-12-16,1.5185564577317252,"{""type"":""MultiPoint"",""coordinates"":[]}"
20191217,2019-12-17,0.0,"{""type"":""MultiPoint"",""coordinates"":[]}"
20191218,2019-12-18,0.0,"{""type"":""MultiPoint"",""coordinates"":[]}"
20191219,2019-12-19,0.0,"{""type"":""MultiPoint"",""coordinates"":[]}"
20191220,2019-12-20,0.04027607273285544,"{""type"":""MultiPoint"",""coordinates"":[]}"
20191221,2019-12-21,0.0,"{""type"":""MultiPoint"",""coordinates"":[]}"
20191222,2019-12-22,0.0,"{""type"":""MultiPoint"",""coordinates"":[]}"
20191223,2019-12-23,0.0,"{""type"":""MultiPoint"",""coordinates"":[]}"
20191224,2019-12-24,0.6801860352941818,"{""type"":""MultiPoint"",""coordinates"":[]}"
20191225,2019-12-25,0.0,"{""type"":""MultiPoint"",""coordinates"":[]}"
20191226,2019-12-26,0.0,"{""type"":""MultiPoint"",""coordinates"":[]}"
20191227,2019-12-27,0.0,"{""type"":""MultiPoint"",""coordinates"":[]}"
20191228,2019-12-28,0.0,"{""type"":""MultiPoint"",""coordinates"":[]}"
20191229,2019-12-29,0.0,"{""type"":""MultiPoint"",""coordinates"":[]}"
20191230,2019-12-30,0.0,"{""type"":""MultiPoint"",""coordinates"":[]}"
20191231,2019-12-31,0.05700917110680633,"{""type"":""MultiPoint"",""coordinates"":[]}"
20200101,2020-01-01,0.002023412967200252,"{""type"":""MultiPoint"",""coordinates"":[]}"
20200102,2020-01-02,0.03187689610471858,"{""type"":""MultiPoint"",""coordinates"":[]}"
20200103,2020-01-03,0.0,"{""type"":""MultiPoint"",""coordinates"":[]}"
20200104,2020-01-04,0.0,"{""type"":""MultiPoint"",""coordinates"":[]}"
20200105,2020-01-05,0.0,"{""type"":""MultiPoint"",""coordinates"":[]}"
20200106,2020-01-06,0.31473598313605083,"{""type"":""MultiPoint"",""coordinates"":[]}"
20200107,2020-01-07,0.0,"{""type"":""MultiPoint"",""coordinates"":[]}"
20200108,2020-01-08,0.0,"{""type"":""MultiPoint"",""coordinates"":[]}"
20200109,2020-01-09,0.0,"{""type"":""MultiPoint"",""coordinates"":[]}"
20200110,2020-01-10,0.0,"{""type"":""MultiPoint"",""coordinates"":[]}"
20200111,2020-01-11,0.0,"{""type"":""MultiPoint"",""coordinates"":[]}"
20200112,2020-01-12,0.08395443446957639,"{""type"":""MultiPoint"",""coordinates"":[]}"
20200113,2020-01-13,0.1375332780587437,"{""type"":""MultiPoint"",""coordinates"":[]}"
20200114,2020-01-14,0.0,"{""type"":""MultiPoint"",""coordinates"":[]}"
20200115,2020-01-15,0.0,"{""type"":""MultiPoint"",""coordinates"":[]}"
20200116,2020-01-16,0.0,"{""type"":""MultiPoint"",""coordinates"":[]}"
20200117,2020-01-17,0.0,"{""type"":""MultiPoint"",""coordinates"":[]}"
20200118,2020-01-18,0.0,"{""type"":""MultiPoint"",""coordinates"":[]}"
20200119,2020-01-19,0.0,"{""type"":""MultiPoint"",""coordinates"":[]}"
20200120,2020-01-20,0.0,"{""type"":""MultiPoint"",""coordinates"":[]}"
20200121,2020-01-21,0.0,"{""type"":""MultiPoint"",""coordinates"":[]}"
20200122,2020-01-22,0.0,"{""type"":""MultiPoint"",""coordinates"":[]}"
20200123,2020-01-23,0.01126654727804743,"{""type"":""MultiPoint"",""coordinates"":[]}"
20200124,2020-01-24,0.0,"{""type"":""MultiPoint"",""coordinates"":[]}"
20200125,2020-01-25,0.0,"{""type"":""MultiPoint"",""coordinates"":[]}"
20200126,2020-01-26,0.0416319036070728,"{""type"":""MultiPoint"",""coordinates"":[]}"
20200127,2020-01-27,0.0,"{""type"":""MultiPoint"",""coordinates"":[]}"
20200128,2020-01-28,0.0,"{""type"":""MultiPoint"",""coordinates"":[]}"
20200129,2020-01-29,0.0,"{""type"":""MultiPoint"",""coordinates"":[]}"
20200130,2020-01-30,0.0,"{""type"":""MultiPoint"",""coordinates"":[]}"
20200131,2020-01-31,0.0510384041574824,"{""type"":""MultiPoint"",""coordinates"":[]}"
20200201,2020-02-01,0.0,"{""type"":""MultiPoint"",""coordinates"":[]}"
20200202,2020-02-02,0.0,"{""type"":""MultiPoint"",""coordinates"":[]}"
20200203,2020-02-03,0.0,"{""type"":""MultiPoint"",""coordinates"":[]}"
20200204,2020-02-04,0.0,"{""type"":""MultiPoint"",""coordinates"":[]}"
20200205,2020-02-05,0.0,"{""type"":""MultiPoint"",""coordinates"":[]}"
20200206,2020-02-06,0.0,"{""type"":""MultiPoint"",""coordinates"":[]}"
20200207,2020-02-07,0.0,"{""type"":""MultiPoint"",""coordinates"":[]}"
20200208,2020-02-08,0.0,"{""type"":""MultiPoint"",""coordinates"":[]}"
20200209,2020-02-09,0.0,"{""type"":""MultiPoint"",""coordinates"":[]}"
20200210,2020-02-10,0.0,"{""type"":""MultiPoint"",""coordinates"":[]}"
20200211,2020-02-11,0.0,"{""type"":""MultiPoint"",""coordinates"":[]}"
20200212,2020-02-12,0.0,"{""type"":""MultiPoint"",""coordinates"":[]}"
20200213,2020-02-13,0.0,"{""type"":""MultiPoint"",""coordinates"":[]}"
20200214,2020-02-14,0.0,"{""type"":""MultiPoint"",""coordinates"":[]}"
20200215,2020-02-15,0.0,"{""type"":""MultiPoint"",""coordinates"":[]}"
20200216,2020-02-16,0.0,"{""type"":""MultiPoint"",""coordinates"":[]}"
20200217,2020-02-17,0.0,"{""type"":""MultiPoint"",""coordinates"":[]}"
20200218,2020-02-18,0.0,"{""type"":""MultiPoint"",""coordinates"":[]}"
20200219,2020-02-19,0.0,"{""type"":""MultiPoint"",""coordinates"":[]}"
20200220,2020-02-20,0.0,"{""type"":""MultiPoint"",""coordinates"":[]}"
20200221,2020-02-21,0.0,"{""type"":""MultiPoint"",""coordinates"":[]}"
20200222,2020-02-22,0.0,"{""type"":""MultiPoint"",""coordinates"":[]}"
20200223,2020-02-23,0.0,"{""type"":""MultiPoint"",""coordinates"":[]}"
20200224,2020-02-24,2.8664047614976264E-4,"{""type"":""MultiPoint"",""coordinates"":[]}"
20200225,2020-02-25,0.0,"{""type"":""MultiPoint"",""coordinates"":[]}"
20200226,2020-02-26,0.0,"{""type"":""MultiPoint"",""coordinates"":[]}"
20200227,2020-02-27,0.0,"{""type"":""MultiPoint"",""coordinates"":[]}"
20200228,2020-02-28,0.0,"{""type"":""MultiPoint"",""coordinates"":[]}"
20200229,2020-02-29,0.0,"{""type"":""MultiPoint"",""coordinates"":[]}"
20200301,2020-03-01,0.0,"{""type"":""MultiPoint"",""coordinates"":[]}"
20200302,2020-03-02,0.0,"{""type"":""MultiPoint"",""coordinates"":[]}"
20200303,2020-03-03,0.0,"{""type"":""MultiPoint"",""coordinates"":[]}"
20200304,2020-03-04,0.0,"{""type"":""MultiPoint"",""coordinates"":[]}"
20200305,2020-03-05,0.0,"{""type"":""MultiPoint"",""coordinates"":[]}"
20200306,2020-03-06,0.0,"{""type"":""MultiPoint"",""coordinates"":[]}"
20200307,2020-03-07,0.016476979449925218,"{""type"":""MultiPoint"",""coordinates"":[]}"
20200308,2020-03-08,0.0,"{""type"":""MultiPoint"",""coordinates"":[]}"
20200309,2020-03-09,0.0,"{""type"":""MultiPoint"",""coordinates"":[]}"
20200310,2020-03-10,0.0,"{""type"":""MultiPoint"",""coordinates"":[]}"
20200311,2020-03-11,0.03965163289901222,"{""type"":""MultiPoint"",""coordinates"":[]}"
20200312,2020-03-12,0.015207600909198024,"{""type"":""MultiPoint"",""coordinates"":[]}"
20200313,2020-03-13,0.0,"{""type"":""MultiPoint"",""coordinates"":[]}"
20200314,2020-03-14,0.0,"{""type"":""MultiPoint"",""coordinates"":[]}"
20200315,2020-03-15,0.0,"{""type"":""MultiPoint"",""coordinates"":[]}"
20200316,2020-03-16,0.0,"{""type"":""MultiPoint"",""coordinates"":[]}"
20200317,2020-03-17,0.0,"{""type"":""MultiPoint"",""coordinates"":[]}"
20200318,2020-03-18,0.0,"{""type"":""MultiPoint"",""coordinates"":[]}"
20200319,2020-03-19,0.0,"{""type"":""MultiPoint"",""coordinates"":[]}"
20200320,2020-03-20,0.054214468490423676,"{""type"":""MultiPoint"",""coordinates"":[]}"
20200321,2020-03-21,0.0,"{""type"":""MultiPoint"",""coordinates"":[]}"
20200322,2020-03-22,0.0,"{""type"":""MultiPoint"",""coordinates"":[]}"
20200323,2020-03-23,0.0,"{""type"":""MultiPoint"",""coordinates"":[]}"
20200324,2020-03-24,0.0,"{""type"":""MultiPoint"",""coordinates"":[]}"
20200325,2020-03-25,0.0,"{""type"":""MultiPoint"",""coordinates"":[]}"
20200326,2020-03-26,0.0,"{""type"":""MultiPoint"",""coordinates"":[]}"
20200327,2020-03-27,0.0,"{""type"":""MultiPoint"",""coordinates"":[]}"
20200328,2020-03-28,0.0,"{""type"":""MultiPoint"",""coordinates"":[]}"
20200329,2020-03-29,0.0,"{""type"":""MultiPoint"",""coordinates"":[]}"
20200330,2020-03-30,0.0,"{""type"":""MultiPoint"",""coordinates"":[]}"
20200331,2020-03-31,0.0,"{""type"":""MultiPoint"",""coordinates"":[]}"
20200401,2020-04-01,0.0,"{""type"":""MultiPoint"",""coordinates"":[]}"
20200402,2020-04-02,0.0,"{""type"":""MultiPoint"",""coordinates"":[]}"
20200403,2020-04-03,0.0,"{""type"":""MultiPoint"",""coordinates"":[]}"
20200404,2020-04-04,0.0,"{""type"":""MultiPoint"",""coordinates"":[]}"
20200405,2020-04-05,1.6827195263593584,"{""type"":""MultiPoint"",""coordinates"":[]}"
20200406,2020-04-06,1.3310282083976328,"{""type"":""MultiPoint"",""coordinates"":[]}"
20200407,2020-04-07,8.429574015329635,"{""type"":""MultiPoint"",""coordinates"":[]}"
20200408,2020-04-08,0.8641559238001786,"{""type"":""MultiPoint"",""coordinates"":[]}"
20200409,2020-04-09,0.0,"{""type"":""MultiPoint"",""coordinates"":[]}"
20200410,2020-04-10,0.005723942934033782,"{""type"":""MultiPoint"",""coordinates"":[]}"
20200411,2020-04-11,0.0,"{""type"":""MultiPoint"",""coordinates"":[]}"
20200412,2020-04-12,0.0,"{""type"":""MultiPoint"",""coordinates"":[]}"
20200413,2020-04-13,0.0,"{""type"":""MultiPoint"",""coordinates"":[]}"
20200414,2020-04-14,0.0,"{""type"":""MultiPoint"",""coordinates"":[]}"
20200415,2020-04-15,0.0,"{""type"":""MultiPoint"",""coordinates"":[]}"
20200416,2020-04-16,0.0,"{""type"":""MultiPoint"",""coordinates"":[]}"
20200417,2020-04-17,0.4647515501591682,"{""type"":""MultiPoint"",""coordinates"":[]}"
20200418,2020-04-18,5.8932574757718434,"{""type"":""MultiPoint"",""coordinates"":[]}"
20200419,2020-04-19,0.0,"{""type"":""MultiPoint"",""coordinates"":[]}"
20200420,2020-04-20,0.9982701829057432,"{""type"":""MultiPoint"",""coordinates"":[]}"
20200421,2020-04-21,0.0,"{""type"":""MultiPoint"",""coordinates"":[]}"
20200422,2020-04-22,0.06254886837452554,"{""type"":""MultiPoint"",""coordinates"":[]}"
20200423,2020-04-23,0.6820330664780083,"{""type"":""MultiPoint"",""coordinates"":[]}"
20200424,2020-04-24,1.7692390270987763,"{""type"":""MultiPoint"",""coordinates"":[]}"
20200425,2020-04-25,0.006786642936810541,"{""type"":""MultiPoint"",""coordinates"":[]}"
20200426,2020-04-26,0.042735322498576506,"{""type"":""MultiPoint"",""coordinates"":[]}"
20200427,2020-04-27,0.0,"{""type"":""MultiPoint"",""coordinates"":[]}"
20200428,2020-04-28,5.187225829205797,"{""type"":""MultiPoint"",""coordinates"":[]}"
20200429,2020-04-29,2.8799670410127707,"{""type"":""MultiPoint"",""coordinates"":[]}"
20200430,2020-04-30,0.0,"{""type"":""MultiPoint"",""coordinates"":[]}"
20200501,2020-05-01,0.7058804271675967,"{""type"":""MultiPoint"",""coordinates"":[]}"
20200502,2020-05-02,1.068496214045594,"{""type"":""MultiPoint"",""coordinates"":[]}"
20200503,2020-05-03,0.33171274635582537,"{""type"":""MultiPoint"",""coordinates"":[]}"
20200504,2020-05-04,0.2715415478380202,"{""type"":""MultiPoint"",""coordinates"":[]}"
20200505,2020-05-05,2.481701913043285,"{""type"":""MultiPoint"",""coordinates"":[]}"
20200506,2020-05-06,1.3177834963221116,"{""type"":""MultiPoint"",""coordinates"":[]}"
20200507,2020-05-07,7.15767273520623,"{""type"":""MultiPoint"",""coordinates"":[]}"
20200508,2020-05-08,0.5709017269643482,"{""type"":""MultiPoint"",""coordinates"":[]}"
20200509,2020-05-09,0.0,"{""type"":""MultiPoint"",""coordinates"":[]}"
20200510,2020-05-10,2.96019488938813,"{""type"":""MultiPoint"",""coordinates"":[]}"
20200511,2020-05-11,1.1008326023352275,"{""type"":""MultiPoint"",""coordinates"":[]}"
20200512,2020-05-12,0.4284313887194977,"{""type"":""MultiPoint"",""coordinates"":[]}"
20200513,2020-05-13,0.07848236832994848,"{""type"":""MultiPoint"",""coordinates"":[]}"
20200514,2020-05-14,0.4871391707763195,"{""type"":""MultiPoint"",""coordinates"":[]}"
20200515,2020-05-15,0.004157965398720792,"{""type"":""MultiPoint"",""coordinates"":[]}"
20200516,2020-05-16,6.03159058700233,"{""type"":""MultiPoint"",""coordinates"":[]}"
20200517,2020-05-17,4.9763884113851,"{""type"":""MultiPoint"",""coordinates"":[]}"
20200518,2020-05-18,5.416344179713885,"{""type"":""MultiPoint"",""coordinates"":[]}"
20200519,2020-05-19,1.0196000898917195,"{""type"":""MultiPoint"",""coordinates"":[]}"
20200520,2020-05-20,0.3619857482948135,"{""type"":""MultiPoint"",""coordinates"":[]}"
20200521,2020-05-21,0.001623043824246439,"{""type"":""MultiPoint"",""coordinates"":[]}"
20200522,2020-05-22,2.347617785231318E-4,"{""type"":""MultiPoint"",""coordinates"":[]}"
20200523,2020-05-23,0.18596629495933711,"{""type"":""MultiPoint"",""coordinates"":[]}"
20200524,2020-05-24,0.5167823104299715,"{""type"":""MultiPoint"",""coordinates"":[]}"
20200525,2020-05-25,3.015419220585488,"{""type"":""MultiPoint"",""coordinates"":[]}"
20200526,2020-05-26,0.22047774020950048,"{""type"":""MultiPoint"",""coordinates"":[]}"
20200527,2020-05-27,2.4375704713423305,"{""type"":""MultiPoint"",""coordinates"":[]}"
20200528,2020-05-28,0.07723593859834388,"{""type"":""MultiPoint"",""coordinates"":[]}"
20200529,2020-05-29,6.188204244718113,"{""type"":""MultiPoint"",""coordinates"":[]}"
20200530,2020-05-30,2.5587917017504,"{""type"":""MultiPoint"",""coordinates"":[]}"
20200531,2020-05-31,11.531162455187456,"{""type"":""MultiPoint"",""coordinates"":[]}"
20200601,2020-06-01,5.683177642956839,"{""type"":""MultiPoint"",""coordinates"":[]}"
20200602,2020-06-02,2.4989946153770592,"{""type"":""MultiPoint"",""coordinates"":[]}"
20200603,2020-06-03,0.796668020304822,"{""type"":""MultiPoint"",""coordinates"":[]}"
20200604,2020-06-04,1.423527320295643,"{""type"":""MultiPoint"",""coordinates"":[]}"
20200605,2020-06-05,2.3137868194523876,"{""type"":""MultiPoint"",""coordinates"":[]}"
20200606,2020-06-06,0.0015504335777366933,"{""type"":""MultiPoint"",""coordinates"":[]}"
20200607,2020-06-07,0.0,"{""type"":""MultiPoint"",""coordinates"":[]}"
20200608,2020-06-08,0.0,"{""type"":""MultiPoint"",""coordinates"":[]}"
20200609,2020-06-09,0.5431201383113314,"{""type"":""MultiPoint"",""coordinates"":[]}"
20200610,2020-06-10,4.461504248932788,"{""type"":""MultiPoint"",""coordinates"":[]}"
20200611,2020-06-11,0.7603420021990637,"{""type"":""MultiPoint"",""coordinates"":[]}"
20200612,2020-06-12,0.1853076971717016,"{""type"":""MultiPoint"",""coordinates"":[]}"
20200613,2020-06-13,0.0012666068878744387,"{""type"":""MultiPoint"",""coordinates"":[]}"
20200614,2020-06-14,0.0018736007325068184,"{""type"":""MultiPoint"",""coordinates"":[]}"
20200615,2020-06-15,5.069078541005575E-4,"{""type"":""MultiPoint"",""coordinates"":[]}"
20200616,2020-06-16,1.9925570222438405,"{""type"":""MultiPoint"",""coordinates"":[]}"
20200617,2020-06-17,3.4650318517727188,"{""type"":""MultiPoint"",""coordinates"":[]}"
20200618,2020-06-18,1.127600893063649,"{""type"":""MultiPoint"",""coordinates"":[]}"
20200619,2020-06-19,0.37360347603003724,"{""type"":""MultiPoint"",""coordinates"":[]}"
20200620,2020-06-20,1.3850919808722078,"{""type"":""MultiPoint"",""coordinates"":[]}"
20200621,2020-06-21,1.2969845595505134,"{""type"":""MultiPoint"",""coordinates"":[]}"
20200622,2020-06-22,0.8920699984053413,"{""type"":""MultiPoint"",""coordinates"":[]}"
20200623,2020-06-23,0.022841881384627012,"{""type"":""MultiPoint"",""coordinates"":[]}"
20200624,2020-06-24,1.847608499135431,"{""type"":""MultiPoint"",""coordinates"":[]}"
20200625,2020-06-25,1.4478373982527062,"{""type"":""MultiPoint"",""coordinates"":[]}"
20200626,2020-06-26,0.13708288303800606,"{""type"":""MultiPoint"",""coordinates"":[]}"
20200627,2020-06-27,2.8297264652318104,"{""type"":""MultiPoint"",""coordinates"":[]}"
20200628,2020-06-28,6.089481093609682,"{""type"":""MultiPoint"",""coordinates"":[]}"
20200629,2020-06-29,7.942622966810296,"{""type"":""MultiPoint"",""coordinates"":[]}"
20200630,2020-06-30,3.3991619139484133,"{""type"":""MultiPoint"",""coordinates"":[]}"
20200701,2020-07-01,0.6981911324881169,"{""type"":""MultiPoint"",""coordinates"":[]}"
20200702,2020-07-02,0.3626405841426784,"{""type"":""MultiPoint"",""coordinates"":[]}"
20200703,2020-07-03,0.2618909464867482,"{""type"":""MultiPoint"",""coordinates"":[]}"
20200704,2020-07-04,2.3327799349879323,"{""type"":""MultiPoint"",""coordinates"":[]}"
20200705,2020-07-05,0.14614417028904897,"{""type"":""MultiPoint"",""coordinates"":[]}"
20200706,2020-07-06,3.3011050737143073,"{""type"":""MultiPoint"",""coordinates"":[]}"
20200707,2020-07-07,1.1431810411922199,"{""type"":""MultiPoint"",""coordinates"":[]}"
20200708,2020-07-08,4.375538098388098,"{""type"":""MultiPoint"",""coordinates"":[]}"
20200709,2020-07-09,2.324098046822573,"{""type"":""MultiPoint"",""coordinates"":[]}"
20200710,2020-07-10,2.025166822554213,"{""type"":""MultiPoint"",""coordinates"":[]}"
20200711,2020-07-11,0.3237534547496471,"{""type"":""MultiPoint"",""coordinates"":[]}"
20200712,2020-07-12,0.423745408602115,"{""type"":""MultiPoint"",""coordinates"":[]}"
20200713,2020-07-13,1.532780067221365,"{""type"":""MultiPoint"",""coordinates"":[]}"
20200714,2020-07-14,3.478397555257918,"{""type"":""MultiPoint"",""coordinates"":[]}"
20200715,2020-07-15,4.288939505029623,"{""type"":""MultiPoint"",""coordinates"":[]}"
20200716,2020-07-16,0.48674342955188427,"{""type"":""MultiPoint"",""coordinates"":[]}"
20200717,2020-07-17,0.13009155288565186,"{""type"":""MultiPoint"",""coordinates"":[]}"
20200718,2020-07-18,1.4819978354792056,"{""type"":""MultiPoint"",""coordinates"":[]}"
20200719,2020-07-19,1.5712938357971253,"{""type"":""MultiPoint"",""coordinates"":[]}"
20200720,2020-07-20,2.3130207167070203,"{""type"":""MultiPoint"",""coordinates"":[]}"
20200721,2020-07-21,0.0545574711959546,"{""type"":""MultiPoint"",""coordinates"":[]}"
20200722,2020-07-22,1.0651716821253896,"{""type"":""MultiPoint"",""coordinates"":[]}"
20200723,2020-07-23,3.543374470960553,"{""type"":""MultiPoint"",""coordinates"":[]}"
20200724,2020-07-24,3.8741623246949497,"{""type"":""MultiPoint"",""coordinates"":[]}"
20200725,2020-07-25,3.242172935016783,"{""type"":""MultiPoint"",""coordinates"":[]}"
20200726,2020-07-26,0.09378194962326718,"{""type"":""MultiPoint"",""coordinates"":[]}"
20200727,2020-07-27,0.06024774683886432,"{""type"":""MultiPoint"",""coordinates"":[]}"
20200728,2020-07-28,0.7500388463749097,"{""type"":""MultiPoint"",""coordinates"":[]}"
20200729,2020-07-29,2.4035012630971755,"{""type"":""MultiPoint"",""coordinates"":[]}"
20200730,2020-07-30,0.48015184263877364,"{""type"":""MultiPoint"",""coordinates"":[]}"
20200731,2020-07-31,5.496886493133877,"{""type"":""MultiPoint"",""coordinates"":[]}"
20200801,2020-08-01,4.056584170582399,"{""type"":""MultiPoint"",""coordinates"":[]}"
20200802,2020-08-02,0.8980587867461994,"{""type"":""MultiPoint"",""coordinates"":[]}"
20200803,2020-08-03,3.6626720370663297,"{""type"":""MultiPoint"",""coordinates"":[]}"
20200804,2020-08-04,1.1387569538872184,"{""type"":""MultiPoint"",""coordinates"":[]}"
20200805,2020-08-05,0.7336112778891224,"{""type"":""MultiPoint"",""coordinates"":[]}"
20200806,2020-08-06,0.3318078148233776,"{""type"":""MultiPoint"",""coordinates"":[]}"
20200807,2020-08-07,0.0313848019135609,"{""type"":""MultiPoint"",""coordinates"":[]}"
20200808,2020-08-08,0.4037037569500324,"{""type"":""MultiPoint"",""coordinates"":[]}"
20200809,2020-08-09,9.89932901578478,"{""type"":""MultiPoint"",""coordinates"":[]}"
20200810,2020-08-10,4.3373292110675745,"{""type"":""MultiPoint"",""coordinates"":[]}"
20200811,2020-08-11,0.9365514824645294,"{""type"":""MultiPoint"",""coordinates"":[]}"
20200812,2020-08-12,0.7567800759110789,"{""type"":""MultiPoint"",""coordinates"":[]}"
20200813,2020-08-13,3.3360486362539197,"{""type"":""MultiPoint"",""coordinates"":[]}"
20200814,2020-08-14,3.1584774516780363,"{""type"":""MultiPoint"",""coordinates"":[]}"
20200815,2020-08-15,5.622186184563253,"{""type"":""MultiPoint"",""coordinates"":[]}"
20200816,2020-08-16,3.2928441074345565,"{""type"":""MultiPoint"",""coordinates"":[]}"
20200817,2020-08-17,2.10169237253432,"{""type"":""MultiPoint"",""coordinates"":[]}"
20200818,2020-08-18,0.09548510413465869,"{""type"":""MultiPoint"",""coordinates"":[]}"
20200819,2020-08-19,2.0899537370142878,"{""type"":""MultiPoint"",""coordinates"":[]}"
20200820,2020-08-20,7.683086963284133,"{""type"":""MultiPoint"",""coordinates"":[]}"
20200821,2020-08-21,4.112300776963434,"{""type"":""MultiPoint"",""coordinates"":[]}"
20200822,2020-08-22,0.8225513405472713,"{""type"":""MultiPoint"",""coordinates"":[]}"
20200823,2020-08-23,12.500069049195487,"{""type"":""MultiPoint"",""coordinates"":[]}"
20200824,2020-08-24,2.387501097664162,"{""type"":""MultiPoint"",""coordinates"":[]}"
20200825,2020-08-25,0.15988276802626214,"{""type"":""MultiPoint"",""coordinates"":[]}"
20200826,2020-08-26,0.27576700629962647,"{""type"":""MultiPoint"",""coordinates"":[]}"
20200827,2020-08-27,0.9111728824629427,"{""type"":""MultiPoint"",""coordinates"":[]}"
20200828,2020-08-28,0.05321658658487739,"{""type"":""MultiPoint"",""coordinates"":[]}"
20200829,2020-08-29,0.24147281850296545,"{""type"":""MultiPoint"",""coordinates"":[]}"
20200830,2020-08-30,6.72243542156617,"{""type"":""MultiPoint"",""coordinates"":[]}"
20200831,2020-08-31,0.20257184874924333,"{""type"":""MultiPoint"",""coordinates"":[]}"
20200901,2020-09-01,15.182733785625645,"{""type"":""MultiPoint"",""coordinates"":[]}"
20200902,2020-09-02,8.705272205996993,"{""type"":""MultiPoint"",""coordinates"":[]}"
20200903,2020-09-03,5.645655203637583,"{""type"":""MultiPoint"",""coordinates"":[]}"
20200904,2020-09-04,0.4930052033898908,"{""type"":""MultiPoint"",""coordinates"":[]}"
20200905,2020-09-05,0.0,"{""type"":""MultiPoint"",""coordinates"":[]}"
20200906,2020-09-06,0.014009734792465086,"{""type"":""MultiPoint"",""coordinates"":[]}"
20200907,2020-09-07,14.967193491134084,"{""type"":""MultiPoint"",""coordinates"":[]}"
20200908,2020-09-08,4.42940466848186,"{""type"":""MultiPoint"",""coordinates"":[]}"
20200909,2020-09-09,6.026352984368291,"{""type"":""MultiPoint"",""coordinates"":[]}"
20200910,2020-09-10,10.386935084388547,"{""type"":""MultiPoint"",""coordinates"":[]}"
20200911,2020-09-11,1.0718665851981364,"{""type"":""MultiPoint"",""coordinates"":[]}"
20200912,2020-09-12,16.39076196451951,"{""type"":""MultiPoint"",""coordinates"":[]}"
20200913,2020-09-13,6.538405549634624,"{""type"":""MultiPoint"",""coordinates"":[]}"
20200914,2020-09-14,9.66164194241793,"{""type"":""MultiPoint"",""coordinates"":[]}"
20200915,2020-09-15,7.020462357638711,"{""type"":""MultiPoint"",""coordinates"":[]}"
20200916,2020-09-16,4.815465780915157,"{""type"":""MultiPoint"",""coordinates"":[]}"
20200917,2020-09-17,5.514592374538584,"{""type"":""MultiPoint"",""coordinates"":[]}"
20200918,2020-09-18,8.327397583167832,"{""type"":""MultiPoint"",""coordinates"":[]}"
20200919,2020-09-19,3.3047554189500867,"{""type"":""MultiPoint"",""coordinates"":[]}"
20200920,2020-09-20,8.456409156045018,"{""type"":""MultiPoint"",""coordinates"":[]}"
20200921,2020-09-21,0.19170471756367244,"{""type"":""MultiPoint"",""coordinates"":[]}"
20200922,2020-09-22,0.0,"{""type"":""MultiPoint"",""coordinates"":[]}"
20200923,2020-09-23,0.0,"{""type"":""MultiPoint"",""coordinates"":[]}"
20200924,2020-09-24,0.27862413922508567,"{""type"":""MultiPoint"",""coordinates"":[]}"
20200925,2020-09-25,19.0844517740287,"{""type"":""MultiPoint"",""coordinates"":[]}"
20200926,2020-09-26,35.85344702133229,"{""type"":""MultiPoint"",""coordinates"":[]}"
20200927,2020-09-27,0.0,"{""type"":""MultiPoint"",""coordinates"":[]}"
20200928,2020-09-28,1.8403663512115618,"{""type"":""MultiPoint"",""coordinates"":[]}"
20200929,2020-09-29,9.539950038743683,"{""type"":""MultiPoint"",""coordinates"":[]}"
20200930,2020-09-30,14.68947171859589,"{""type"":""MultiPoint"",""coordinates"":[]}"
20201001,2020-10-01,0.7716455802269921,"{""type"":""MultiPoint"",""coordinates"":[]}"
20201002,2020-10-02,1.4764440220497932,"{""type"":""MultiPoint"",""coordinates"":[]}"
20201003,2020-10-03,2.6575290121344137,"{""type"":""MultiPoint"",""coordinates"":[]}"
20201004,2020-10-04,4.769838879160034,"{""type"":""MultiPoint"",""coordinates"":[]}"
20201005,2020-10-05,4.763869049930202,"{""type"":""MultiPoint"",""coordinates"":[]}"
20201006,2020-10-06,0.0,"{""type"":""MultiPoint"",""coordinates"":[]}"
20201007,2020-10-07,4.556421246208685,"{""type"":""MultiPoint"",""coordinates"":[]}"
20201008,2020-10-08,1.6470123164725705,"{""type"":""MultiPoint"",""coordinates"":[]}"
20201009,2020-10-09,5.35041763077623,"{""type"":""MultiPoint"",""coordinates"":[]}"
20201010,2020-10-10,8.100004968102871,"{""type"":""MultiPoint"",""coordinates"":[]}"
20201011,2020-10-11,30.84366512432751,"{""type"":""MultiPoint"",""coordinates"":[]}"
20201012,2020-10-12,2.5282916617278297,"{""type"":""MultiPoint"",""coordinates"":[]}"
20201013,2020-10-13,4.205180492064792,"{""type"":""MultiPoint"",""coordinates"":[]}"
20201014,2020-10-14,4.820029475626088,"{""type"":""MultiPoint"",""coordinates"":[]}"
20201015,2020-10-15,0.036027527090553055,"{""type"":""MultiPoint"",""coordinates"":[]}"
20201016,2020-10-16,0.0,"{""type"":""MultiPoint"",""coordinates"":[]}"
20201017,2020-10-17,1.3014990923227303,"{""type"":""MultiPoint"",""coordinates"":[]}"
20201018,2020-10-18,3.0898375065398986,"{""type"":""MultiPoint"",""coordinates"":[]}"
20201019,2020-10-19,3.6423442542692266,"{""type"":""MultiPoint"",""coordinates"":[]}"
20201020,2020-10-20,6.476043203325226,"{""type"":""MultiPoint"",""coordinates"":[]}"
20201021,2020-10-21,11.140211487568251,"{""type"":""MultiPoint"",""coordinates"":[]}"
20201022,2020-10-22,13.861840414835138,"{""type"":""MultiPoint"",""coordinates"":[]}"
20201023,2020-10-23,0.8500342057171402,"{""type"":""MultiPoint"",""coordinates"":[]}"
20201024,2020-10-24,0.0,"{""type"":""MultiPoint"",""coordinates"":[]}"
20201025,2020-10-25,0.0,"{""type"":""MultiPoint"",""coordinates"":[]}"
20201026,2020-10-26,0.013844597843682678,"{""type"":""MultiPoint"",""coordinates"":[]}"
20201027,2020-10-27,2.219353242842538,"{""type"":""MultiPoint"",""coordinates"":[]}"
20201028,2020-10-28,0.062313779333866295,"{""type"":""MultiPoint"",""coordinates"":[]}"
20201029,2020-10-29,0.34519337489936625,"{""type"":""MultiPoint"",""coordinates"":[]}"
20201030,2020-10-30,6.07306050223652E-5,"{""type"":""MultiPoint"",""coordinates"":[]}"
20201031,2020-10-31,1.1730765027399894,"{""type"":""MultiPoint"",""coordinates"":[]}"
20201101,2020-11-01,0.0,"{""type"":""MultiPoint"",""coordinates"":[]}"
20201102,2020-11-02,0.0,"{""type"":""MultiPoint"",""coordinates"":[]}"
20201103,2020-11-03,0.0,"{""type"":""MultiPoint"",""coordinates"":[]}"
20201104,2020-11-04,0.0,"{""type"":""MultiPoint"",""coordinates"":[]}"
20201105,2020-11-05,0.0675456905474103,"{""type"":""MultiPoint"",""coordinates"":[]}"
20201106,2020-11-06,0.0,"{""type"":""MultiPoint"",""coordinates"":[]}"
20201107,2020-11-07,0.03294581726853724,"{""type"":""MultiPoint"",""coordinates"":[]}"
20201108,2020-11-08,0.0,"{""type"":""MultiPoint"",""coordinates"":[]}"
20201109,2020-11-09,0.0,"{""type"":""MultiPoint"",""coordinates"":[]}"
20201110,2020-11-10,0.0,"{""type"":""MultiPoint"",""coordinates"":[]}"
20201111,2020-11-11,0.0036763994574621735,"{""type"":""MultiPoint"",""coordinates"":[]}"
20201112,2020-11-12,0.2169723340335327,"{""type"":""MultiPoint"",""coordinates"":[]}"
20201113,2020-11-13,0.18869331936070388,"{""type"":""MultiPoint"",""coordinates"":[]}"
20201114,2020-11-14,0.0,"{""type"":""MultiPoint"",""coordinates"":[]}"
20201115,2020-11-15,0.4211210415597316,"{""type"":""MultiPoint"",""coordinates"":[]}"
20201116,2020-11-16,2.25681813858042,"{""type"":""MultiPoint"",""coordinates"":[]}"
20201117,2020-11-17,0.10601766298611083,"{""type"":""MultiPoint"",""coordinates"":[]}"
20201118,2020-11-18,0.0,"{""type"":""MultiPoint"",""coordinates"":[]}"
20201119,2020-11-19,0.0,"{""type"":""MultiPoint"",""coordinates"":[]}"
20201120,2020-11-20,0.0,"{""type"":""MultiPoint"",""coordinates"":[]}"
20201121,2020-11-21,0.0,"{""type"":""MultiPoint"",""coordinates"":[]}"
20201122,2020-11-22,1.2891614236766475,"{""type"":""MultiPoint"",""coordinates"":[]}"
20201123,2020-11-23,7.906037670530329,"{""type"":""MultiPoint"",""coordinates"":[]}"
20201124,2020-11-24,1.138465277444967,"{""type"":""MultiPoint"",""coordinates"":[]}"
20201125,2020-11-25,6.317544686509093,"{""type"":""MultiPoint"",""coordinates"":[]}"
20201126,2020-11-26,29.489192950742428,"{""type"":""MultiPoint"",""coordinates"":[]}"
20201127,2020-11-27,0.0,"{""type"":""MultiPoint"",""coordinates"":[]}"
20201128,2020-11-28,0.0,"{""type"":""MultiPoint"",""coordinates"":[]}"
20201129,2020-11-29,0.0,"{""type"":""MultiPoint"",""coordinates"":[]}"
20201130,2020-11-30,0.0,"{""type"":""MultiPoint"",""coordinates"":[]}"
20201201,2020-12-01,0.019707843704625614,"{""type"":""MultiPoint"",""coordinates"":[]}"
20201202,2020-12-02,0.6883066668143548,"{""type"":""MultiPoint"",""coordinates"":[]}"
20201203,2020-12-03,4.275579085061357,"{""type"":""MultiPoint"",""coordinates"":[]}"
20201204,2020-12-04,0.7336284641427,"{""type"":""MultiPoint"",""coordinates"":[]}"
20201205,2020-12-05,0.6222540895190583,"{""type"":""MultiPoint"",""coordinates"":[]}"
20201206,2020-12-06,0.0,"{""type"":""MultiPoint"",""coordinates"":[]}"
20201207,2020-12-07,0.13690254121806908,"{""type"":""MultiPoint"",""coordinates"":[]}"
20201208,2020-12-08,0.5421635316375181,"{""type"":""MultiPoint"",""coordinates"":[]}"
20201209,2020-12-09,0.0,"{""type"":""MultiPoint"",""coordinates"":[]}"
20201210,2020-12-10,0.0,"{""type"":""MultiPoint"",""coordinates"":[]}"
20201211,2020-12-11,0.0,"{""type"":""MultiPoint"",""coordinates"":[]}"
20201212,2020-12-12,0.0,"{""type"":""MultiPoint"",""coordinates"":[]}"
20201213,2020-12-13,0.0,"{""type"":""MultiPoint"",""coordinates"":[]}"
20201214,2020-12-14,0.0,"{""type"":""MultiPoint"",""coordinates"":[]}"
20201215,2020-12-15,0.01571167786187117,"{""type"":""MultiPoint"",""coordinates"":[]}"
20201216,2020-12-16,3.044439572197022E-4,"{""type"":""MultiPoint"",""coordinates"":[]}"
20201217,2020-12-17,0.022736421426685586,"{""type"":""MultiPoint"",""coordinates"":[]}"
20201218,2020-12-18,0.0,"{""type"":""MultiPoint"",""coordinates"":[]}"
20201219,2020-12-19,0.0,"{""type"":""MultiPoint"",""coordinates"":[]}"
20201220,2020-12-20,0.0866348437934477,"{""type"":""MultiPoint"",""coordinates"":[]}"
20201221,2020-12-21,0.0,"{""type"":""MultiPoint"",""coordinates"":[]}"
20201222,2020-12-22,0.003178608676946665,"{""type"":""MultiPoint"",""coordinates"":[]}"
20201223,2020-12-23,0.0,"{""type"":""MultiPoint"",""coordinates"":[]}"
20201224,2020-12-24,0.21753599565349735,"{""type"":""MultiPoint"",""coordinates"":[]}"
20201225,2020-12-25,0.0,"{""type"":""MultiPoint"",""coordinates"":[]}"
20201226,2020-12-26,0.0,"{""type"":""MultiPoint"",""coordinates"":[]}"
20201227,2020-12-27,0.0,"{""type"":""MultiPoint"",""coordinates"":[]}"
20201228,2020-12-28,0.0,"{""type"":""MultiPoint"",""coordinates"":[]}"
20201229,2020-12-29,0.0,"{""type"":""MultiPoint"",""coordinates"":[]}"
20201230,2020-12-30,0.0,"{""type"":""MultiPoint"",""coordinates"":[]}"
20201231,2020-12-31,0.04513370587902013,"{""type"":""MultiPoint"",""coordinates"":[]}"
20210101,2021-01-01,5.590912483815199E-4,"{""type"":""MultiPoint"",""coordinates"":[]}"
20210102,2021-01-02,0.0,"{""type"":""MultiPoint"",""coordinates"":[]}"
20210103,2021-01-03,0.028282883474609145,"{""type"":""MultiPoint"",""coordinates"":[]}"
20210104,2021-01-04,0.0,"{""type"":""MultiPoint"",""coordinates"":[]}"
20210105,2021-01-05,0.19788656560183132,"{""type"":""MultiPoint"",""coordinates"":[]}"
20210106,2021-01-06,0.017032997886691822,"{""type"":""MultiPoint"",""coordinates"":[]}"
20210107,2021-01-07,0.0,"{""type"":""MultiPoint"",""coordinates"":[]}"
20210108,2021-01-08,0.015877678508019757,"{""type"":""MultiPoint"",""coordinates"":[]}"
20210109,2021-01-09,0.12112789806292439,"{""type"":""MultiPoint"",""coordinates"":[]}"
20210110,2021-01-10,0.0649490962758772,"{""type"":""MultiPoint"",""coordinates"":[]}"
20210111,2021-01-11,3.4447835436471776,"{""type"":""MultiPoint"",""coordinates"":[]}"
20210112,2021-01-12,0.47355754293402985,"{""type"":""MultiPoint"",""coordinates"":[]}"
20210113,2021-01-13,0.049794426967488765,"{""type"":""MultiPoint"",""coordinates"":[]}"
20210114,2021-01-14,0.006552326206719627,"{""type"":""MultiPoint"",""coordinates"":[]}"
20210115,2021-01-15,0.8723916461601134,"{""type"":""MultiPoint"",""coordinates"":[]}"
20210116,2021-01-16,0.3653935689638918,"{""type"":""MultiPoint"",""coordinates"":[]}"
20210117,2021-01-17,0.0,"{""type"":""MultiPoint"",""coordinates"":[]}"
20210118,2021-01-18,0.0,"{""type"":""MultiPoint"",""coordinates"":[]}"
20210119,2021-01-19,0.0,"{""type"":""MultiPoint"",""coordinates"":[]}"
20210120,2021-01-20,0.0,"{""type"":""MultiPoint"",""coordinates"":[]}"
20210121,2021-01-21,3.335212318122498E-4,"{""type"":""MultiPoint"",""coordinates"":[]}"
20210122,2021-01-22,0.010243783938498858,"{""type"":""MultiPoint"",""coordinates"":[]}"
20210123,2021-01-23,0.0,"{""type"":""MultiPoint"",""coordinates"":[]}"
20210124,2021-01-24,0.0,"{""type"":""MultiPoint"",""coordinates"":[]}"
20210125,2021-01-25,0.0,"{""type"":""MultiPoint"",""coordinates"":[]}"
20210126,2021-01-26,0.0,"{""type"":""MultiPoint"",""coordinates"":[]}"
20210127,2021-01-27,0.03608828608126927,"{""type"":""MultiPoint"",""coordinates"":[]}"
20210128,2021-01-28,0.014111787700085502,"{""type"":""MultiPoint"",""coordinates"":[]}"
20210129,2021-01-29,0.26385805358739106,"{""type"":""MultiPoint"",""coordinates"":[]}"
20210130,2021-01-30,0.0,"{""type"":""MultiPoint"",""coordinates"":[]}"
20210131,2021-01-31,0.0014820641631378756,"{""type"":""MultiPoint"",""coordinates"":[]}"
20210201,2021-02-01,0.036186645659755635,"{""type"":""MultiPoint"",""coordinates"":[]}"
20210202,2021-02-02,0.29927640122031907,"{""type"":""MultiPoint"",""coordinates"":[]}"
20210203,2021-02-03,0.0,"{""type"":""MultiPoint"",""coordinates"":[]}"
20210204,2021-02-04,0.0,"{""type"":""MultiPoint"",""coordinates"":[]}"
20210205,2021-02-05,0.044112577224835185,"{""type"":""MultiPoint"",""coordinates"":[]}"
20210206,2021-02-06,0.0,"{""type"":""MultiPoint"",""coordinates"":[]}"
20210207,2021-02-07,0.0017822008594018265,"{""type"":""MultiPoint"",""coordinates"":[]}"
20210208,2021-02-08,0.0,"{""type"":""MultiPoint"",""coordinates"":[]}"
20210209,2021-02-09,0.0,"{""type"":""MultiPoint"",""coordinates"":[]}"
20210210,2021-02-10,0.0,"{""type"":""MultiPoint"",""coordinates"":[]}"
20210211,2021-02-11,0.0,"{""type"":""MultiPoint"",""coordinates"":[]}"
20210212,2021-02-12,0.0025775733314300016,"{""type"":""MultiPoint"",""coordinates"":[]}"
20210213,2021-02-13,0.0,"{""type"":""MultiPoint"",""coordinates"":[]}"
20210214,2021-02-14,0.0,"{""type"":""MultiPoint"",""coordinates"":[]}"
20210215,2021-02-15,0.0,"{""type"":""MultiPoint"",""coordinates"":[]}"
20210216,2021-02-16,0.0,"{""type"":""MultiPoint"",""coordinates"":[]}"
20210217,2021-02-17,0.0,"{""type"":""MultiPoint"",""coordinates"":[]}"
20210218,2021-02-18,0.0,"{""type"":""MultiPoint"",""coordinates"":[]}"
20210219,2021-02-19,0.007742638351415628,"{""type"":""MultiPoint"",""coordinates"":[]}"
20210220,2021-02-20,0.01088879291216376,"{""type"":""MultiPoint"",""coordinates"":[]}"
20210221,2021-02-21,0.452792642289207,"{""type"":""MultiPoint"",""coordinates"":[]}"
20210222,2021-02-22,0.0,"{""type"":""MultiPoint"",""coordinates"":[]}"
20210223,2021-02-23,0.0,"{""type"":""MultiPoint"",""coordinates"":[]}"
20210224,2021-02-24,0.0,"{""type"":""MultiPoint"",""coordinates"":[]}"
20210225,2021-02-25,0.0,"{""type"":""MultiPoint"",""coordinates"":[]}"
20210226,2021-02-26,0.0,"{""type"":""MultiPoint"",""coordinates"":[]}"
20210227,2021-02-27,0.0,"{""type"":""MultiPoint"",""coordinates"":[]}"
20210228,2021-02-28,0.0,"{""type"":""MultiPoint"",""coordinates"":[]}"
20210301,2021-03-01,0.0,"{""type"":""MultiPoint"",""coordinates"":[]}"
20210302,2021-03-02,0.0,"{""type"":""MultiPoint"",""coordinates"":[]}"
20210303,2021-03-03,0.0,"{""type"":""MultiPoint"",""coordinates"":[]}"
20210304,2021-03-04,0.0,"{""type"":""MultiPoint"",""coordinates"":[]}"
20210305,2021-03-05,0.0,"{""type"":""MultiPoint"",""coordinates"":[]}"
20210306,2021-03-06,0.0,"{""type"":""MultiPoint"",""coordinates"":[]}"
20210307,2021-03-07,0.0,"{""type"":""MultiPoint"",""coordinates"":[]}"
20210308,2021-03-08,0.0,"{""type"":""MultiPoint"",""coordinates"":[]}"
20210309,2021-03-09,0.0,"{""type"":""MultiPoint"",""coordinates"":[]}"
20210310,2021-03-10,0.0,"{""type"":""MultiPoint"",""coordinates"":[]}"
20210311,2021-03-11,0.0,"{""type"":""MultiPoint"",""coordinates"":[]}"
20210312,2021-03-12,0.0,"{""type"":""MultiPoint"",""coordinates"":[]}"
20210313,2021-03-13,0.0,"{""type"":""MultiPoint"",""coordinates"":[]}"
20210314,2021-03-14,0.0,"{""type"":""MultiPoint"",""coordinates"":[]}"
20210315,2021-03-15,0.0,"{""type"":""MultiPoint"",""coordinates"":[]}"
20210316,2021-03-16,0.0,"{""type"":""MultiPoint"",""coordinates"":[]}"
20210317,2021-03-17,0.0,"{""type"":""MultiPoint"",""coordinates"":[]}"
20210318,2021-03-18,0.0,"{""type"":""MultiPoint"",""coordinates"":[]}"
20210319,2021-03-19,0.0,"{""type"":""MultiPoint"",""coordinates"":[]}"
20210320,2021-03-20,0.0,"{""type"":""MultiPoint"",""coordinates"":[]}"
20210321,2021-03-21,0.0,"{""type"":""MultiPoint"",""coordinates"":[]}"
20210322,2021-03-22,0.0,"{""type"":""MultiPoint"",""coordinates"":[]}"
20210323,2021-03-23,0.0,"{""type"":""MultiPoint"",""coordinates"":[]}"
20210324,2021-03-24,0.0,"{""type"":""MultiPoint"",""coordinates"":[]}"
20210325,2021-03-25,0.0,"{""type"":""MultiPoint"",""coordinates"":[]}"
20210326,2021-03-26,0.0,"{""type"":""MultiPoint"",""coordinates"":[]}"
20210327,2021-03-27,0.0,"{""type"":""MultiPoint"",""coordinates"":[]}"
20210328,2021-03-28,0.0,"{""type"":""MultiPoint"",""coordinates"":[]}"
20210329,2021-03-29,0.0,"{""type"":""MultiPoint"",""coordinates"":[]}"
20210330,2021-03-30,0.0,"{""type"":""MultiPoint"",""coordinates"":[]}"
20210331,2021-03-31,0.0,"{""type"":""MultiPoint"",""coordinates"":[]}"
20210401,2021-04-01,0.0,"{""type"":""MultiPoint"",""coordinates"":[]}"
20210402,2021-04-02,0.0,"{""type"":""MultiPoint"",""coordinates"":[]}"
20210403,2021-04-03,0.0,"{""type"":""MultiPoint"",""coordinates"":[]}"
20210404,2021-04-04,0.0,"{""type"":""MultiPoint"",""coordinates"":[]}"
20210405,2021-04-05,0.0,"{""type"":""MultiPoint"",""coordinates"":[]}"
20210406,2021-04-06,0.0,"{""type"":""MultiPoint"",""coordinates"":[]}"
20210407,2021-04-07,0.0,"{""type"":""MultiPoint"",""coordinates"":[]}"
20210408,2021-04-08,0.0,"{""type"":""MultiPoint"",""coordinates"":[]}"
20210409,2021-04-09,0.0,"{""type"":""MultiPoint"",""coordinates"":[]}"
20210410,2021-04-10,0.005427163532723764,"{""type"":""MultiPoint"",""coordinates"":[]}"
20210411,2021-04-11,0.04558949506508524,"{""type"":""MultiPoint"",""coordinates"":[]}"
20210412,2021-04-12,0.0,"{""type"":""MultiPoint"",""coordinates"":[]}"
20210413,2021-04-13,0.2694524803390875,"{""type"":""MultiPoint"",""coordinates"":[]}"
20210414,2021-04-14,3.173847830394838,"{""type"":""MultiPoint"",""coordinates"":[]}"
20210415,2021-04-15,0.030490982260772785,"{""type"":""MultiPoint"",""coordinates"":[]}"
20210416,2021-04-16,0.011933296718672713,"{""type"":""MultiPoint"",""coordinates"":[]}"
20210417,2021-04-17,0.03650929048917321,"{""type"":""MultiPoint"",""coordinates"":[]}"
20210418,2021-04-18,1.2303924257553864,"{""type"":""MultiPoint"",""coordinates"":[]}"
20210419,2021-04-19,0.29875485710261146,"{""type"":""MultiPoint"",""coordinates"":[]}"
20210420,2021-04-20,2.759437078990554,"{""type"":""MultiPoint"",""coordinates"":[]}"
20210421,2021-04-21,3.277609631561424,"{""type"":""MultiPoint"",""coordinates"":[]}"
20210422,2021-04-22,10.452949674919449,"{""type"":""MultiPoint"",""coordinates"":[]}"
20210423,2021-04-23,6.970017105987201,"{""type"":""MultiPoint"",""coordinates"":[]}"
20210424,2021-04-24,0.28498119783267556,"{""type"":""MultiPoint"",""coordinates"":[]}"
20210425,2021-04-25,0.0,"{""type"":""MultiPoint"",""coordinates"":[]}"
20210426,2021-04-26,0.0,"{""type"":""MultiPoint"",""coordinates"":[]}"
20210427,2021-04-27,0.0,"{""type"":""MultiPoint"",""coordinates"":[]}"
20210428,2021-04-28,0.0,"{""type"":""MultiPoint"",""coordinates"":[]}"
20210429,2021-04-29,3.843274438115669,"{""type"":""MultiPoint"",""coordinates"":[]}"
20210430,2021-04-30,0.023687810714325578,"{""type"":""MultiPoint"",""coordinates"":[]}"
20210501,2021-05-01,0.3745813363382156,"{""type"":""MultiPoint"",""coordinates"":[]}"
20210502,2021-05-02,0.8198769553397656,"{""type"":""MultiPoint"",""coordinates"":[]}"
20210503,2021-05-03,0.014028106073279338,"{""type"":""MultiPoint"",""coordinates"":[]}"
20210504,2021-05-04,1.2657788010076445,"{""type"":""MultiPoint"",""coordinates"":[]}"
20210505,2021-05-05,1.2913224579266485,"{""type"":""MultiPoint"",""coordinates"":[]}"
20210506,2021-05-06,0.7504070795408676,"{""type"":""MultiPoint"",""coordinates"":[]}"
20210507,2021-05-07,2.593795103960483,"{""type"":""MultiPoint"",""coordinates"":[]}"
20210508,2021-05-08,0.12553897810869255,"{""type"":""MultiPoint"",""coordinates"":[]}"
20210509,2021-05-09,0.14661926108147272,"{""type"":""MultiPoint"",""coordinates"":[]}"
20210510,2021-05-10,5.983804369394475,"{""type"":""MultiPoint"",""coordinates"":[]}"
20210511,2021-05-11,13.733662743796897,"{""type"":""MultiPoint"",""coordinates"":[]}"
20210512,2021-05-12,12.76785391639616,"{""type"":""MultiPoint"",""coordinates"":[]}"
20210513,2021-05-13,6.89490877421213,"{""type"":""MultiPoint"",""coordinates"":[]}"
20210514,2021-05-14,0.023243206223598215,"{""type"":""MultiPoint"",""coordinates"":[]}"
20210515,2021-05-15,0.34201732735980195,"{""type"":""MultiPoint"",""coordinates"":[]}"
20210516,2021-05-16,0.0,"{""type"":""MultiPoint"",""coordinates"":[]}"
20210517,2021-05-17,0.9715511699380981,"{""type"":""MultiPoint"",""coordinates"":[]}"
20210518,2021-05-18,1.4289881651138148,"{""type"":""MultiPoint"",""coordinates"":[]}"
20210519,2021-05-19,6.0533013565865055,"{""type"":""MultiPoint"",""coordinates"":[]}"
20210520,2021-05-20,4.251301854792668,"{""type"":""MultiPoint"",""coordinates"":[]}"
20210521,2021-05-21,20.98449454757212,"{""type"":""MultiPoint"",""coordinates"":[]}"
20210522,2021-05-22,1.2151862847718853,"{""type"":""MultiPoint"",""coordinates"":[]}"
20210523,2021-05-23,0.36177065021385935,"{""type"":""MultiPoint"",""coordinates"":[]}"
20210524,2021-05-24,1.320091853291733,"{""type"":""MultiPoint"",""coordinates"":[]}"
20210525,2021-05-25,2.01003719183501,"{""type"":""MultiPoint"",""coordinates"":[]}"
20210526,2021-05-26,0.5706166948029674,"{""type"":""MultiPoint"",""coordinates"":[]}"
20210527,2021-05-27,0.0,"{""type"":""MultiPoint"",""coordinates"":[]}"
20210528,2021-05-28,0.0,"{""type"":""MultiPoint"",""coordinates"":[]}"
20210529,2021-05-29,0.0,"{""type"":""MultiPoint"",""coordinates"":[]}"
20210530,2021-05-30,0.0,"{""type"":""MultiPoint"",""coordinates"":[]}"
20210531,2021-05-31,1.4024420599075593,"{""type"":""MultiPoint"",""coordinates"":[]}"
20210601,2021-06-01,1.1176944251861802,"{""type"":""MultiPoint"",""coordinates"":[]}"
20210602,2021-06-02,2.123962757621359,"{""type"":""MultiPoint"",""coordinates"":[]}"
20210603,2021-06-03,6.336142605393629,"{""type"":""MultiPoint"",""coordinates"":[]}"
20210604,2021-06-04,6.38744097989167,"{""type"":""MultiPoint"",""coordinates"":[]}"
20210605,2021-06-05,5.3164217930081055,"{""type"":""MultiPoint"",""coordinates"":[]}"
20210606,2021-06-06,0.11207552492105043,"{""type"":""MultiPoint"",""coordinates"":[]}"
20210607,2021-06-07,0.0,"{""type"":""MultiPoint"",""coordinates"":[]}"
20210608,2021-06-08,0.0,"{""type"":""MultiPoint"",""coordinates"":[]}"
20210609,2021-06-09,0.0,"{""type"":""MultiPoint"",""coordinates"":[]}"
20210610,2021-06-10,0.3830583871370849,"{""type"":""MultiPoint"",""coordinates"":[]}"
20210611,2021-06-11,0.0671643856549922,"{""type"":""MultiPoint"",""coordinates"":[]}"
20210612,2021-06-12,0.42521241522416015,"{""type"":""MultiPoint"",""coordinates"":[]}"
20210613,2021-06-13,0.2694035816888222,"{""type"":""MultiPoint"",""coordinates"":[]}"
20210614,2021-06-14,1.7913483209141978,"{""type"":""MultiPoint"",""coordinates"":[]}"
20210615,2021-06-15,0.24464515874408793,"{""type"":""MultiPoint"",""coordinates"":[]}"
20210616,2021-06-16,0.08780291585789055,"{""type"":""MultiPoint"",""coordinates"":[]}"
20210617,2021-06-17,0.05325153714489592,"{""type"":""MultiPoint"",""coordinates"":[]}"
20210618,2021-06-18,0.1346361024871862,"{""type"":""MultiPoint"",""coordinates"":[]}"
20210619,2021-06-19,0.1191635486544862,"{""type"":""MultiPoint"",""coordinates"":[]}"
20210620,2021-06-20,0.34420506149134783,"{""type"":""MultiPoint"",""coordinates"":[]}"
20210621,2021-06-21,0.012186671767294835,"{""type"":""MultiPoint"",""coordinates"":[]}"
20210622,2021-06-22,0.4469498729938848,"{""type"":""MultiPoint"",""coordinates"":[]}"
20210623,2021-06-23,0.07884547495396454,"{""type"":""MultiPoint"",""coordinates"":[]}"
20210624,2021-06-24,0.031093302299488056,"{""type"":""MultiPoint"",""coordinates"":[]}"
20210625,2021-06-25,0.0,"{""type"":""MultiPoint"",""coordinates"":[]}"
20210626,2021-06-26,0.5962125446851904,"{""type"":""MultiPoint"",""coordinates"":[]}"
20210627,2021-06-27,2.9350706339952892,"{""type"":""MultiPoint"",""coordinates"":[]}"
20210628,2021-06-28,0.0,"{""type"":""MultiPoint"",""coordinates"":[]}"
20210629,2021-06-29,0.0535919334605397,"{""type"":""MultiPoint"",""coordinates"":[]}"
20210630,2021-06-30,0.0,"{""type"":""MultiPoint"",""coordinates"":[]}"
20210701,2021-07-01,2.8383413982895114,"{""type"":""MultiPoint"",""coordinates"":[]}"
20210702,2021-07-02,6.459624093111099,"{""type"":""MultiPoint"",""coordinates"":[]}"
20210703,2021-07-03,0.3942681729045774,"{""type"":""MultiPoint"",""coordinates"":[]}"
20210704,2021-07-04,2.694199835812585,"{""type"":""MultiPoint"",""coordinates"":[]}"
20210705,2021-07-05,4.215506632390772,"{""type"":""MultiPoint"",""coordinates"":[]}"
20210706,2021-07-06,0.2305850798872745,"{""type"":""MultiPoint"",""coordinates"":[]}"
20210707,2021-07-07,1.0160195626278041,"{""type"":""MultiPoint"",""coordinates"":[]}"
20210708,2021-07-08,1.902656072130795,"{""type"":""MultiPoint"",""coordinates"":[]}"
20210709,2021-07-09,1.440182481324833,"{""type"":""MultiPoint"",""coordinates"":[]}"
20210710,2021-07-10,0.002334774044675014,"{""type"":""MultiPoint"",""coordinates"":[]}"
20210711,2021-07-11,2.0869322758999505,"{""type"":""MultiPoint"",""coordinates"":[]}"
20210712,2021-07-12,0.9255215081583542,"{""type"":""MultiPoint"",""coordinates"":[]}"
20210713,2021-07-13,3.134031140316764,"{""type"":""MultiPoint"",""coordinates"":[]}"
20210714,2021-07-14,5.848981791679767,"{""type"":""MultiPoint"",""coordinates"":[]}"
20210715,2021-07-15,0.38819228190902944,"{""type"":""MultiPoint"",""coordinates"":[]}"
20210716,2021-07-16,1.656438931704764,"{""type"":""MultiPoint"",""coordinates"":[]}"
20210717,2021-07-17,0.8161754189080606,"{""type"":""MultiPoint"",""coordinates"":[]}"
20210718,2021-07-18,1.718824400232555,"{""type"":""MultiPoint"",""coordinates"":[]}"
20210719,2021-07-19,0.19629111617398495,"{""type"":""MultiPoint"",""coordinates"":[]}"
20210720,2021-07-20,2.780460058915511,"{""type"":""MultiPoint"",""coordinates"":[]}"
20210721,2021-07-21,4.2109343777837305,"{""type"":""MultiPoint"",""coordinates"":[]}"
20210722,2021-07-22,4.27413427443283,"{""type"":""MultiPoint"",""coordinates"":[]}"
20210723,2021-07-23,0.16244034864761053,"{""type"":""MultiPoint"",""coordinates"":[]}"
20210724,2021-07-24,0.0,"{""type"":""MultiPoint"",""coordinates"":[]}"
20210725,2021-07-25,0.0,"{""type"":""MultiPoint"",""coordinates"":[]}"
20210726,2021-07-26,0.0,"{""type"":""MultiPoint"",""coordinates"":[]}"
20210727,2021-07-27,0.8350740769128059,"{""type"":""MultiPoint"",""coordinates"":[]}"
20210728,2021-07-28,0.0,"{""type"":""MultiPoint"",""coordinates"":[]}"
20210729,2021-07-29,0.25771669301139694,"{""type"":""MultiPoint"",""coordinates"":[]}"
20210730,2021-07-30,2.0667706633198564E-4,"{""type"":""MultiPoint"",""coordinates"":[]}"
20210731,2021-07-31,0.0,"{""type"":""MultiPoint"",""coordinates"":[]}"
20210801,2021-08-01,0.0,"{""type"":""MultiPoint"",""coordinates"":[]}"
20210802,2021-08-02,0.0,"{""type"":""MultiPoint"",""coordinates"":[]}"
20210803,2021-08-03,0.0,"{""type"":""MultiPoint"",""coordinates"":[]}"
20210804,2021-08-04,0.0,"{""type"":""MultiPoint"",""coordinates"":[]}"
20210805,2021-08-05,0.7672439552445518,"{""type"":""MultiPoint"",""coordinates"":[]}"
20210806,2021-08-06,0.0,"{""type"":""MultiPoint"",""coordinates"":[]}"
20210807,2021-08-07,0.0,"{""type"":""MultiPoint"",""coordinates"":[]}"
20210808,2021-08-08,0.07519870417974393,"{""type"":""MultiPoint"",""coordinates"":[]}"
20210809,2021-08-09,2.153829508891897,"{""type"":""MultiPoint"",""coordinates"":[]}"
20210810,2021-08-10,4.533351618074148,"{""type"":""MultiPoint"",""coordinates"":[]}"
20210811,2021-08-11,0.0,"{""type"":""MultiPoint"",""coordinates"":[]}"
20210812,2021-08-12,2.8364847603738435,"{""type"":""MultiPoint"",""coordinates"":[]}"
20210813,2021-08-13,2.5070773194910303,"{""type"":""MultiPoint"",""coordinates"":[]}"
20210814,2021-08-14,3.177040307016797,"{""type"":""MultiPoint"",""coordinates"":[]}"
20210815,2021-08-15,0.5910749032661449,"{""type"":""MultiPoint"",""coordinates"":[]}"
20210816,2021-08-16,1.819004042483898,"{""type"":""MultiPoint"",""coordinates"":[]}"
20210817,2021-08-17,4.211018377204131,"{""type"":""MultiPoint"",""coordinates"":[]}"
20210818,2021-08-18,0.010170339334358111,"{""type"":""MultiPoint"",""coordinates"":[]}"
20210819,2021-08-19,0.1438920652007015,"{""type"":""MultiPoint"",""coordinates"":[]}"
20210820,2021-08-20,1.5164561505212268,"{""type"":""MultiPoint"",""coordinates"":[]}"
20210821,2021-08-21,2.612280830043314,"{""type"":""MultiPoint"",""coordinates"":[]}"
20210822,2021-08-22,1.234076186439015,"{""type"":""MultiPoint"",""coordinates"":[]}"
20210823,2021-08-23,1.6913228905206583,"{""type"":""MultiPoint"",""coordinates"":[]}"
20210824,2021-08-24,1.5321490370848032,"{""type"":""MultiPoint"",""coordinates"":[]}"
20210825,2021-08-25,3.44940900822676,"{""type"":""MultiPoint"",""coordinates"":[]}"
20210826,2021-08-26,4.904986301664148,"{""type"":""MultiPoint"",""coordinates"":[]}"
20210827,2021-08-27,8.553080932607749,"{""type"":""MultiPoint"",""coordinates"":[]}"
20210828,2021-08-28,10.59959404010824,"{""type"":""MultiPoint"",""coordinates"":[]}"
20210829,2021-08-29,0.5916621269971964,"{""type"":""MultiPoint"",""coordinates"":[]}"
20210830,2021-08-30,4.105969841823819,"{""type"":""MultiPoint"",""coordinates"":[]}"
20210831,2021-08-31,0.30499812819199457,"{""type"":""MultiPoint"",""coordinates"":[]}"
20210901,2021-09-01,0.4516390693613392,"{""type"":""MultiPoint"",""coordinates"":[]}"
20210902,2021-09-02,7.378688010868875,"{""type"":""MultiPoint"",""coordinates"":[]}"
20210903,2021-09-03,7.859466534963733,"{""type"":""MultiPoint"",""coordinates"":[]}"
20210904,2021-09-04,2.6174777261456237,"{""type"":""MultiPoint"",""coordinates"":[]}"
20210905,2021-09-05,3.8342942127420603,"{""type"":""MultiPoint"",""coordinates"":[]}"
20210906,2021-09-06,4.554966541470188,"{""type"":""MultiPoint"",""coordinates"":[]}"
20210907,2021-09-07,5.10058653210995,"{""type"":""MultiPoint"",""coordinates"":[]}"
20210908,2021-09-08,0.06264672842576845,"{""type"":""MultiPoint"",""coordinates"":[]}"
20210909,2021-09-09,0.0,"{""type"":""MultiPoint"",""coordinates"":[]}"
20210910,2021-09-10,0.041394388275062935,"{""type"":""MultiPoint"",""coordinates"":[]}"
20210911,2021-09-11,0.7417972948107138,"{""type"":""MultiPoint"",""coordinates"":[]}"
20210912,2021-09-12,0.03989636051069914,"{""type"":""MultiPoint"",""coordinates"":[]}"
20210913,2021-09-13,2.698313675629998,"{""type"":""MultiPoint"",""coordinates"":[]}"
20210914,2021-09-14,3.3945644676391487,"{""type"":""MultiPoint"",""coordinates"":[]}"
20210915,2021-09-15,0.2644715795702038,"{""type"":""MultiPoint"",""coordinates"":[]}"
20210916,2021-09-16,0.005125666410667502,"{""type"":""MultiPoint"",""coordinates"":[]}"
20210917,2021-09-17,0.03548739982580404,"{""type"":""MultiPoint"",""coordinates"":[]}"
20210918,2021-09-18,0.01935233409433976,"{""type"":""MultiPoint"",""coordinates"":[]}"
20210919,2021-09-19,0.12867116212603677,"{""type"":""MultiPoint"",""coordinates"":[]}"
20210920,2021-09-20,0.6474986423127758,"{""type"":""MultiPoint"",""coordinates"":[]}"
20210921,2021-09-21,2.5104414587354573,"{""type"":""MultiPoint"",""coordinates"":[]}"
20210922,2021-09-22,1.5364875718588291,"{""type"":""MultiPoint"",""coordinates"":[]}"
20210923,2021-09-23,3.5019608352527656,"{""type"":""MultiPoint"",""coordinates"":[]}"
20210924,2021-09-24,0.051124126988151095,"{""type"":""MultiPoint"",""coordinates"":[]}"
20210925,2021-09-25,12.592669496981218,"{""type"":""MultiPoint"",""coordinates"":[]}"
20210926,2021-09-26,0.043871502174236604,"{""type"":""MultiPoint"",""coordinates"":[]}"
20210927,2021-09-27,3.606882264395083,"{""type"":""MultiPoint"",""coordinates"":[]}"
20210928,2021-09-28,0.1363265004019545,"{""type"":""MultiPoint"",""coordinates"":[]}"
20210929,2021-09-29,0.396474498851514,"{""type"":""MultiPoint"",""coordinates"":[]}"
20210930,2021-09-30,2.5725304581989406,"{""type"":""MultiPoint"",""coordinates"":[]}"
20211001,2021-10-01,2.2795339430466357,"{""type"":""MultiPoint"",""coordinates"":[]}"
20211002,2021-10-02,0.349383809066967,"{""type"":""MultiPoint"",""coordinates"":[]}"
20211003,2021-10-03,0.2959415255996002,"{""type"":""MultiPoint"",""coordinates"":[]}"
20211004,2021-10-04,0.5786098014191027,"{""type"":""MultiPoint"",""coordinates"":[]}"
20211005,2021-10-05,15.655625653994633,"{""type"":""MultiPoint"",""coordinates"":[]}"
20211006,2021-10-06,18.613255018732467,"{""type"":""MultiPoint"",""coordinates"":[]}"
20211007,2021-10-07,17.012484884075707,"{""type"":""MultiPoint"",""coordinates"":[]}"
20211008,2021-10-08,17.56179085911481,"{""type"":""MultiPoint"",""coordinates"":[]}"
20211009,2021-10-09,8.790413596841205,"{""type"":""MultiPoint"",""coordinates"":[]}"
20211010,2021-10-10,2.757589386229354,"{""type"":""MultiPoint"",""coordinates"":[]}"
20211011,2021-10-11,3.006096367995264,"{""type"":""MultiPoint"",""coordinates"":[]}"
20211012,2021-10-12,2.4449858574933097,"{""type"":""MultiPoint"",""coordinates"":[]}"
20211013,2021-10-13,1.6560048084755237,"{""type"":""MultiPoint"",""coordinates"":[]}"
20211014,2021-10-14,1.3632265849040133,"{""type"":""MultiPoint"",""coordinates"":[]}"
20211015,2021-10-15,1.6349308913026879,"{""type"":""MultiPoint"",""coordinates"":[]}"
20211016,2021-10-16,1.2632380569240134,"{""type"":""MultiPoint"",""coordinates"":[]}"
20211017,2021-10-17,6.4657309408879735,"{""type"":""MultiPoint"",""coordinates"":[]}"
20211018,2021-10-18,0.026626416208663874,"{""type"":""MultiPoint"",""coordinates"":[]}"
20211019,2021-10-19,0.0,"{""type"":""MultiPoint"",""coordinates"":[]}"
20211020,2021-10-20,9.198759966038777,"{""type"":""MultiPoint"",""coordinates"":[]}"
20211021,2021-10-21,1.8524796410196238,"{""type"":""MultiPoint"",""coordinates"":[]}"
20211022,2021-10-22,8.022619187939585,"{""type"":""MultiPoint"",""coordinates"":[]}"
20211023,2021-10-23,15.9036591157439,"{""type"":""MultiPoint"",""coordinates"":[]}"
20211024,2021-10-24,5.62328706232399,"{""type"":""MultiPoint"",""coordinates"":[]}"
20211025,2021-10-25,0.0,"{""type"":""MultiPoint"",""coordinates"":[]}"
20211026,2021-10-26,0.0,"{""type"":""MultiPoint"",""coordinates"":[]}"
20211027,2021-10-27,0.0,"{""type"":""MultiPoint"",""coordinates"":[]}"
20211028,2021-10-28,0.0,"{""type"":""MultiPoint"",""coordinates"":[]}"
20211029,2021-10-29,9.068791655726413,"{""type"":""MultiPoint"",""coordinates"":[]}"
20211030,2021-10-30,0.6459549051223037,"{""type"":""MultiPoint"",""coordinates"":[]}"
20211031,2021-10-31,1.713194667112895,"{""type"":""MultiPoint"",""coordinates"":[]}"
20211101,2021-11-01,3.421906192066112,"{""type"":""MultiPoint"",""coordinates"":[]}"
20211102,2021-11-02,1.0523452292674111,"{""type"":""MultiPoint"",""coordinates"":[]}"
20211103,2021-11-03,1.978372209886876,"{""type"":""MultiPoint"",""coordinates"":[]}"
20211104,2021-11-04,1.5371062991236832,"{""type"":""MultiPoint"",""coordinates"":[]}"
20211105,2021-11-05,6.321903311648061,"{""type"":""MultiPoint"",""coordinates"":[]}"
20211106,2021-11-06,0.25236665704161737,"{""type"":""MultiPoint"",""coordinates"":[]}"
20211107,2021-11-07,3.1822611108951437,"{""type"":""MultiPoint"",""coordinates"":[]}"
20211108,2021-11-08,4.612167513990187,"{""type"":""MultiPoint"",""coordinates"":[]}"
20211109,2021-11-09,0.11554785530035468,"{""type"":""MultiPoint"",""coordinates"":[]}"
20211110,2021-11-10,10.502464946098318,"{""type"":""MultiPoint"",""coordinates"":[]}"
20211111,2021-11-11,40.25182132123213,"{""type"":""MultiPoint"",""coordinates"":[]}"
20211112,2021-11-12,1.749629765299413,"{""type"":""MultiPoint"",""coordinates"":[]}"
20211113,2021-11-13,8.495768588600592,"{""type"":""MultiPoint"",""coordinates"":[]}"
20211114,2021-11-14,8.822619652859096,"{""type"":""MultiPoint"",""coordinates"":[]}"
20211115,2021-11-15,5.076037335585942,"{""type"":""MultiPoint"",""coordinates"":[]}"
20211116,2021-11-16,6.783149596316581,"{""type"":""MultiPoint"",""coordinates"":[]}"
20211117,2021-11-17,2.993398442968614,"{""type"":""MultiPoint"",""coordinates"":[]}"
20211118,2021-11-18,46.19850851370618,"{""type"":""MultiPoint"",""coordinates"":[]}"
20211119,2021-11-19,9.522368611616859,"{""type"":""MultiPoint"",""coordinates"":[]}"
20211120,2021-11-20,5.946826615477931,"{""type"":""MultiPoint"",""coordinates"":[]}"
20211121,2021-11-21,0.001285108143497682,"{""type"":""MultiPoint"",""coordinates"":[]}"
20211122,2021-11-22,0.3345918470102706,"{""type"":""MultiPoint"",""coordinates"":[]}"
20211123,2021-11-23,0.07649368685415561,"{""type"":""MultiPoint"",""coordinates"":[]}"
20211124,2021-11-24,4.597065240629414,"{""type"":""MultiPoint"",""coordinates"":[]}"
20211125,2021-11-25,4.851974280438685,"{""type"":""MultiPoint"",""coordinates"":[]}"
20211126,2021-11-26,3.6625124470364154,"{""type"":""MultiPoint"",""coordinates"":[]}"
20211127,2021-11-27,2.3541681254897227,"{""type"":""MultiPoint"",""coordinates"":[]}"
20211128,2021-11-28,4.352383780646145,"{""type"":""MultiPoint"",""coordinates"":[]}"
20211129,2021-11-29,3.4000775761443407,"{""type"":""MultiPoint"",""coordinates"":[]}"
20211130,2021-11-30,0.23645013361398914,"{""type"":""MultiPoint"",""coordinates"":[]}"
20211201,2021-12-01,0.005271411856190353,"{""type"":""MultiPoint"",""coordinates"":[]}"
20211202,2021-12-02,0.0,"{""type"":""MultiPoint"",""coordinates"":[]}"
20211203,2021-12-03,0.010968318687298811,"{""type"":""MultiPoint"",""coordinates"":[]}"
20211204,2021-12-04,0.461440384790704,"{""type"":""MultiPoint"",""coordinates"":[]}"
20211205,2021-12-05,0.0,"{""type"":""MultiPoint"",""coordinates"":[]}"
20211206,2021-12-06,0.0,"{""type"":""MultiPoint"",""coordinates"":[]}"
20211207,2021-12-07,0.0,"{""type"":""MultiPoint"",""coordinates"":[]}"
20211208,2021-12-08,0.0,"{""type"":""MultiPoint"",""coordinates"":[]}"
20211209,2021-12-09,1.5205285783311537,"{""type"":""MultiPoint"",""coordinates"":[]}"
20211210,2021-12-10,0.0,"{""type"":""MultiPoint"",""coordinates"":[]}"
20211211,2021-12-11,0.004956525067332253,"{""type"":""MultiPoint"",""coordinates"":[]}"
20211212,2021-12-12,0.0,"{""type"":""MultiPoint"",""coordinates"":[]}"
20211213,2021-12-13,0.0,"{""type"":""MultiPoint"",""coordinates"":[]}"
20211214,2021-12-14,0.0,"{""type"":""MultiPoint"",""coordinates"":[]}"
20211215,2021-12-15,0.0,"{""type"":""MultiPoint"",""coordinates"":[]}"
20211216,2021-12-16,0.0,"{""type"":""MultiPoint"",""coordinates"":[]}"
20211217,2021-12-17,0.9417702754319068,"{""type"":""MultiPoint"",""coordinates"":[]}"
20211218,2021-12-18,0.009058570192505132,"{""type"":""MultiPoint"",""coordinates"":[]}"
20211219,2021-12-19,0.0,"{""type"":""MultiPoint"",""coordinates"":[]}"
20211220,2021-12-20,0.0,"{""type"":""MultiPoint"",""coordinates"":[]}"
20211221,2021-12-21,0.05733989734649845,"{""type"":""MultiPoint"",""coordinates"":[]}"
20211222,2021-12-22,0.0,"{""type"":""MultiPoint"",""coordinates"":[]}"
20211223,2021-12-23,0.0,"{""type"":""MultiPoint"",""coordinates"":[]}"
20211224,2021-12-24,0.0,"{""type"":""MultiPoint"",""coordinates"":[]}"
20211225,2021-12-25,0.32092057194942414,"{""type"":""MultiPoint"",""coordinates"":[]}"
20211226,2021-12-26,0.0,"{""type"":""MultiPoint"",""coordinates"":[]}"
20211227,2021-12-27,0.0,"{""type"":""MultiPoint"",""coordinates"":[]}"
20211228,2021-12-28,0.0,"{""type"":""MultiPoint"",""coordinates"":[]}"
20211229,2021-12-29,0.002637420781542114,"{""type"":""MultiPoint"",""coordinates"":[]}"
20211230,2021-12-30,0.0,"{""type"":""MultiPoint"",""coordinates"":[]}"
20211231,2021-12-31,0.16576346790969446,"{""type"":""MultiPoint"",""coordinates"":[]}"
20220101,2022-01-01,1.292922922683438,"{""type"":""MultiPoint"",""coordinates"":[]}"
20220102,2022-01-02,0.0,"{""type"":""MultiPoint"",""coordinates"":[]}"
20220103,2022-01-03,0.0,"{""type"":""MultiPoint"",""coordinates"":[]}"
20220104,2022-01-04,0.0,"{""type"":""MultiPoint"",""coordinates"":[]}"
20220105,2022-01-05,0.0,"{""type"":""MultiPoint"",""coordinates"":[]}"
20220106,2022-01-06,0.0,"{""type"":""MultiPoint"",""coordinates"":[]}"
20220107,2022-01-07,0.013028374382562226,"{""type"":""MultiPoint"",""coordinates"":[]}"
20220108,2022-01-08,0.0,"{""type"":""MultiPoint"",""coordinates"":[]}"
20220109,2022-01-09,0.0,"{""type"":""MultiPoint"",""coordinates"":[]}"
20220110,2022-01-10,0.0,"{""type"":""MultiPoint"",""coordinates"":[]}"
20220111,2022-01-11,0.0,"{""type"":""MultiPoint"",""coordinates"":[]}"
20220112,2022-01-12,0.002335370029483779,"{""type"":""MultiPoint"",""coordinates"":[]}"
20220113,2022-01-13,0.08597353930010837,"{""type"":""MultiPoint"",""coordinates"":[]}"
20220114,2022-01-14,0.0,"{""type"":""MultiPoint"",""coordinates"":[]}"
20220115,2022-01-15,0.0,"{""type"":""MultiPoint"",""coordinates"":[]}"
20220116,2022-01-16,0.43150743323604784,"{""type"":""MultiPoint"",""coordinates"":[]}"
20220117,2022-01-17,0.0,"{""type"":""MultiPoint"",""coordinates"":[]}"
20220118,2022-01-18,0.0,"{""type"":""MultiPoint"",""coordinates"":[]}"
20220119,2022-01-19,0.0,"{""type"":""MultiPoint"",""coordinates"":[]}"
20220120,2022-01-20,0.0,"{""type"":""MultiPoint"",""coordinates"":[]}"
20220121,2022-01-21,0.05567570810927994,"{""type"":""MultiPoint"",""coordinates"":[]}"
20220122,2022-01-22,0.0,"{""type"":""MultiPoint"",""coordinates"":[]}"
20220123,2022-01-23,0.0,"{""type"":""MultiPoint"",""coordinates"":[]}"
20220124,2022-01-24,0.2387096451227813,"{""type"":""MultiPoint"",""coordinates"":[]}"
20220125,2022-01-25,0.03775657935502355,"{""type"":""MultiPoint"",""coordinates"":[]}"
20220126,2022-01-26,0.1537583065819227,"{""type"":""MultiPoint"",""coordinates"":[]}"
20220127,2022-01-27,0.0,"{""type"":""MultiPoint"",""coordinates"":[]}"
20220128,2022-01-28,0.0,"{""type"":""MultiPoint"",""coordinates"":[]}"
20220129,2022-01-29,0.0,"{""type"":""MultiPoint"",""coordinates"":[]}"
20220130,2022-01-30,0.050717180790315244,"{""type"":""MultiPoint"",""coordinates"":[]}"
20220131,2022-01-31,0.0,"{""type"":""MultiPoint"",""coordinates"":[]}"
20220201,2022-02-01,0.005367073475715126,"{""type"":""MultiPoint"",""coordinates"":[]}"
20220202,2022-02-02,0.0,"{""type"":""MultiPoint"",""coordinates"":[]}"
20220203,2022-02-03,0.0,"{""type"":""MultiPoint"",""coordinates"":[]}"
20220204,2022-02-04,0.0,"{""type"":""MultiPoint"",""coordinates"":[]}"
20220205,2022-02-05,0.0,"{""type"":""MultiPoint"",""coordinates"":[]}"
20220206,2022-02-06,0.0,"{""type"":""MultiPoint"",""coordinates"":[]}"
20220207,2022-02-07,0.0,"{""type"":""MultiPoint"",""coordinates"":[]}"
20220208,2022-02-08,0.0,"{""type"":""MultiPoint"",""coordinates"":[]}"
20220209,2022-02-09,0.012664299374703833,"{""type"":""MultiPoint"",""coordinates"":[]}"
20220210,2022-02-10,0.0,"{""type"":""MultiPoint"",""coordinates"":[]}"
20220211,2022-02-11,0.0,"{""type"":""MultiPoint"",""coordinates"":[]}"
20220212,2022-02-12,0.0,"{""type"":""MultiPoint"",""coordinates"":[]}"
20220213,2022-02-13,0.0,"{""type"":""MultiPoint"",""coordinates"":[]}"
20220214,2022-02-14,0.0,"{""type"":""MultiPoint"",""coordinates"":[]}"
20220215,2022-02-15,0.0,"{""type"":""MultiPoint"",""coordinates"":[]}"
20220216,2022-02-16,0.022357147799876218,"{""type"":""MultiPoint"",""coordinates"":[]}"
20220217,2022-02-17,0.0,"{""type"":""MultiPoint"",""coordinates"":[]}"
20220218,2022-02-18,0.0,"{""type"":""MultiPoint"",""coordinates"":[]}"
20220219,2022-02-19,0.008299559551466192,"{""type"":""MultiPoint"",""coordinates"":[]}"
20220220,2022-02-20,0.0,"{""type"":""MultiPoint"",""coordinates"":[]}"
20220221,2022-02-21,0.0,"{""type"":""MultiPoint"",""coordinates"":[]}"
20220222,2022-02-22,0.0,"{""type"":""MultiPoint"",""coordinates"":[]}"
20220223,2022-02-23,0.0,"{""type"":""MultiPoint"",""coordinates"":[]}"
20220224,2022-02-24,0.0,"{""type"":""MultiPoint"",""coordinates"":[]}"
20220225,2022-02-25,0.0,"{""type"":""MultiPoint"",""coordinates"":[]}"
20220226,2022-02-26,0.0,"{""type"":""MultiPoint"",""coordinates"":[]}"
20220227,2022-02-27,0.0,"{""type"":""MultiPoint"",""coordinates"":[]}"
20220228,2022-02-28,0.0,"{""type"":""MultiPoint"",""coordinates"":[]}"
20220301,2022-03-01,0.0,"{""type"":""MultiPoint"",""coordinates"":[]}"
20220302,2022-03-02,0.004298404107335076,"{""type"":""MultiPoint"",""coordinates"":[]}"
20220303,2022-03-03,0.006520317265638609,"{""type"":""MultiPoint"",""coordinates"":[]}"
20220304,2022-03-04,0.005477828582447891,"{""type"":""MultiPoint"",""coordinates"":[]}"
20220305,2022-03-05,0.0,"{""type"":""MultiPoint"",""coordinates"":[]}"
20220306,2022-03-06,0.0,"{""type"":""MultiPoint"",""coordinates"":[]}"
20220307,2022-03-07,0.012435956450096096,"{""type"":""MultiPoint"",""coordinates"":[]}"
20220308,2022-03-08,0.0,"{""type"":""MultiPoint"",""coordinates"":[]}"
20220309,2022-03-09,0.0,"{""type"":""MultiPoint"",""coordinates"":[]}"
20220310,2022-03-10,0.0,"{""type"":""MultiPoint"",""coordinates"":[]}"
20220311,2022-03-11,0.0,"{""type"":""MultiPoint"",""coordinates"":[]}"
20220312,2022-03-12,0.0,"{""type"":""MultiPoint"",""coordinates"":[]}"
20220313,2022-03-13,0.0,"{""type"":""MultiPoint"",""coordinates"":[]}"
20220314,2022-03-14,0.015069877107157638,"{""type"":""MultiPoint"",""coordinates"":[]}"
20220315,2022-03-15,0.0,"{""type"":""MultiPoint"",""coordinates"":[]}"
20220316,2022-03-16,0.0,"{""type"":""MultiPoint"",""coordinates"":[]}"
20220317,2022-03-17,0.0016896097899176351,"{""type"":""MultiPoint"",""coordinates"":[]}"
20220318,2022-03-18,0.0,"{""type"":""MultiPoint"",""coordinates"":[]}"
20220319,2022-03-19,0.0,"{""type"":""MultiPoint"",""coordinates"":[]}"
20220320,2022-03-20,0.0,"{""type"":""MultiPoint"",""coordinates"":[]}"
20220321,2022-03-21,0.0,"{""type"":""MultiPoint"",""coordinates"":[]}"
20220322,2022-03-22,0.009662043591545651,"{""type"":""MultiPoint"",""coordinates"":[]}"
20220323,2022-03-23,0.0,"{""type"":""MultiPoint"",""coordinates"":[]}"
20220324,2022-03-24,0.0,"{""type"":""MultiPoint"",""coordinates"":[]}"
20220325,2022-03-25,0.0,"{""type"":""MultiPoint"",""coordinates"":[]}"
20220326,2022-03-26,0.0,"{""type"":""MultiPoint"",""coordinates"":[]}"
20220327,2022-03-27,0.0,"{""type"":""MultiPoint"",""coordinates"":[]}"
20220328,2022-03-28,0.0,"{""type"":""MultiPoint"",""coordinates"":[]}"
20220329,2022-03-29,0.0,"{""type"":""MultiPoint"",""coordinates"":[]}"
20220330,2022-03-30,0.005090695852384504,"{""type"":""MultiPoint"",""coordinates"":[]}"
20220331,2022-03-31,0.06830008158086794,"{""type"":""MultiPoint"",""coordinates"":[]}"
20220401,2022-04-01,0.0,"{""type"":""MultiPoint"",""coordinates"":[]}"
20220402,2022-04-02,0.0,"{""type"":""MultiPoint"",""coordinates"":[]}"
20220403,2022-04-03,0.0,"{""type"":""MultiPoint"",""coordinates"":[]}"
20220404,2022-04-04,0.0,"{""type"":""MultiPoint"",""coordinates"":[]}"
20220405,2022-04-05,0.0,"{""type"":""MultiPoint"",""coordinates"":[]}"
20220406,2022-04-06,0.0,"{""type"":""MultiPoint"",""coordinates"":[]}"
20220407,2022-04-07,0.0,"{""type"":""MultiPoint"",""coordinates"":[]}"
20220408,2022-04-08,0.05048073733800297,"{""type"":""MultiPoint"",""coordinates"":[]}"
20220409,2022-04-09,0.4006627993988918,"{""type"":""MultiPoint"",""coordinates"":[]}"
20220410,2022-04-10,0.9155350348641155,"{""type"":""MultiPoint"",""coordinates"":[]}"
20220411,2022-04-11,0.039024181841942285,"{""type"":""MultiPoint"",""coordinates"":[]}"
20220412,2022-04-12,0.018343331558029276,"{""type"":""MultiPoint"",""coordinates"":[]}"
20220413,2022-04-13,4.143705067776218,"{""type"":""MultiPoint"",""coordinates"":[]}"
20220414,2022-04-14,4.252745425088026,"{""type"":""MultiPoint"",""coordinates"":[]}"
20220415,2022-04-15,0.04072613452135635,"{""type"":""MultiPoint"",""coordinates"":[]}"
20220416,2022-04-16,2.7858486536253375,"{""type"":""MultiPoint"",""coordinates"":[]}"
20220417,2022-04-17,0.04914020154552591,"{""type"":""MultiPoint"",""coordinates"":[]}"
20220418,2022-04-18,1.6764134060729603,"{""type"":""MultiPoint"",""coordinates"":[]}"
20220419,2022-04-19,3.1887869213530355,"{""type"":""MultiPoint"",""coordinates"":[]}"
20220420,2022-04-20,0.0,"{""type"":""MultiPoint"",""coordinates"":[]}"
20220421,2022-04-21,1.6870030726099503,"{""type"":""MultiPoint"",""coordinates"":[]}"
20220422,2022-04-22,0.44599837333369,"{""type"":""MultiPoint"",""coordinates"":[]}"
20220423,2022-04-23,0.35169068615389504,"{""type"":""MultiPoint"",""coordinates"":[]}"
20220424,2022-04-24,0.0,"{""type"":""MultiPoint"",""coordinates"":[]}"
20220425,2022-04-25,0.29784600362404096,"{""type"":""MultiPoint"",""coordinates"":[]}"
20220426,2022-04-26,0.0791879423117203,"{""type"":""MultiPoint"",""coordinates"":[]}"
20220427,2022-04-27,0.0,"{""type"":""MultiPoint"",""coordinates"":[]}"
20220428,2022-04-28,1.0361865958676562,"{""type"":""MultiPoint"",""coordinates"":[]}"
20220429,2022-04-29,0.0,"{""type"":""MultiPoint"",""coordinates"":[]}"
20220430,2022-04-30,0.7915674204973822,"{""type"":""MultiPoint"",""coordinates"":[]}"
20220501,2022-05-01,0.8929268494904002,"{""type"":""MultiPoint"",""coordinates"":[]}"
20220502,2022-05-02,0.0,"{""type"":""MultiPoint"",""coordinates"":[]}"
20220503,2022-05-03,1.2531597150921696,"{""type"":""MultiPoint"",""coordinates"":[]}"
20220504,2022-05-04,3.8679663575260825,"{""type"":""MultiPoint"",""coordinates"":[]}"
20220505,2022-05-05,0.6032850467087729,"{""type"":""MultiPoint"",""coordinates"":[]}"
20220506,2022-05-06,1.2591753461392914,"{""type"":""MultiPoint"",""coordinates"":[]}"
20220507,2022-05-07,0.013826743813757246,"{""type"":""MultiPoint"",""coordinates"":[]}"
20220508,2022-05-08,3.2604106772248476,"{""type"":""MultiPoint"",""coordinates"":[]}"
20220509,2022-05-09,4.586471959470292,"{""type"":""MultiPoint"",""coordinates"":[]}"
20220510,2022-05-10,16.09979786933415,"{""type"":""MultiPoint"",""coordinates"":[]}"
20220511,2022-05-11,12.972384050172389,"{""type"":""MultiPoint"",""coordinates"":[]}"
20220512,2022-05-12,8.666780883147794,"{""type"":""MultiPoint"",""coordinates"":[]}"
20220513,2022-05-13,3.502183546934984,"{""type"":""MultiPoint"",""coordinates"":[]}"
20220514,2022-05-14,0.7279897655695816,"{""type"":""MultiPoint"",""coordinates"":[]}"
20220515,2022-05-15,1.7608681199884855,"{""type"":""MultiPoint"",""coordinates"":[]}"
20220516,2022-05-16,13.756795795340535,"{""type"":""MultiPoint"",""coordinates"":[]}"
20220517,2022-05-17,9.573759964761502,"{""type"":""MultiPoint"",""coordinates"":[]}"
20220518,2022-05-18,23.171725274925883,"{""type"":""MultiPoint"",""coordinates"":[]}"
20220519,2022-05-19,12.303093952100463,"{""type"":""MultiPoint"",""coordinates"":[]}"
20220520,2022-05-20,0.45240006402561034,"{""type"":""MultiPoint"",""coordinates"":[]}"
20220521,2022-05-21,0.21308699097205708,"{""type"":""MultiPoint"",""coordinates"":[]}"
20220522,2022-05-22,0.0,"{""type"":""MultiPoint"",""coordinates"":[]}"
20220523,2022-05-23,0.0,"{""type"":""MultiPoint"",""coordinates"":[]}"
20220524,2022-05-24,0.0,"{""type"":""MultiPoint"",""coordinates"":[]}"
20220525,2022-05-25,0.0,"{""type"":""MultiPoint"",""coordinates"":[]}"
20220526,2022-05-26,0.4291397772617005,"{""type"":""MultiPoint"",""coordinates"":[]}"
20220527,2022-05-27,0.0,"{""type"":""MultiPoint"",""coordinates"":[]}"
20220528,2022-05-28,0.0,"{""type"":""MultiPoint"",""coordinates"":[]}"
20220529,2022-05-29,0.0,"{""type"":""MultiPoint"",""coordinates"":[]}"
20220530,2022-05-30,0.0,"{""type"":""MultiPoint"",""coordinates"":[]}"
20220531,2022-05-31,3.2657043289212897,"{""type"":""MultiPoint"",""coordinates"":[]}"
20220601,2022-06-01,0.35049576297961993,"{""type"":""MultiPoint"",""coordinates"":[]}"
20220602,2022-06-02,3.213155460701977,"{""type"":""MultiPoint"",""coordinates"":[]}"
20220603,2022-06-03,0.2783329126505283,"{""type"":""MultiPoint"",""coordinates"":[]}"
20220604,2022-06-04,0.0,"{""type"":""MultiPoint"",""coordinates"":[]}"
20220605,2022-06-05,10.177409755465256,"{""type"":""MultiPoint"",""coordinates"":[]}"
20220606,2022-06-06,4.040931501456169,"{""type"":""MultiPoint"",""coordinates"":[]}"
20220607,2022-06-07,1.454962046359186E-4,"{""type"":""MultiPoint"",""coordinates"":[]}"
20220608,2022-06-08,0.0,"{""type"":""MultiPoint"",""coordinates"":[]}"
20220609,2022-06-09,0.001681575464994408,"{""type"":""MultiPoint"",""coordinates"":[]}"
20220610,2022-06-10,0.0,"{""type"":""MultiPoint"",""coordinates"":[]}"
20220611,2022-06-11,0.0,"{""type"":""MultiPoint"",""coordinates"":[]}"
20220612,2022-06-12,0.9713082676106568,"{""type"":""MultiPoint"",""coordinates"":[]}"
20220613,2022-06-13,0.7119669237710076,"{""type"":""MultiPoint"",""coordinates"":[]}"
20220614,2022-06-14,2.418488172918961,"{""type"":""MultiPoint"",""coordinates"":[]}"
20220615,2022-06-15,4.676377596679932,"{""type"":""MultiPoint"",""coordinates"":[]}"
20220616,2022-06-16,3.907703820614999,"{""type"":""MultiPoint"",""coordinates"":[]}"
20220617,2022-06-17,2.7752942836168497,"{""type"":""MultiPoint"",""coordinates"":[]}"
20220618,2022-06-18,3.6331692272956344,"{""type"":""MultiPoint"",""coordinates"":[]}"
20220619,2022-06-19,2.637885927537508,"{""type"":""MultiPoint"",""coordinates"":[]}"
20220620,2022-06-20,0.8285627342292725,"{""type"":""MultiPoint"",""coordinates"":[]}"
20220621,2022-06-21,3.5607730675502323,"{""type"":""MultiPoint"",""coordinates"":[]}"
20220622,2022-06-22,7.339085913601092,"{""type"":""MultiPoint"",""coordinates"":[]}"
20220623,2022-06-23,0.9818886029446234,"{""type"":""MultiPoint"",""coordinates"":[]}"
20220624,2022-06-24,0.44431814420113647,"{""type"":""MultiPoint"",""coordinates"":[]}"
20220625,2022-06-25,0.7222068783914783,"{""type"":""MultiPoint"",""coordinates"":[]}"
20220626,2022-06-26,0.6290580804859555,"{""type"":""MultiPoint"",""coordinates"":[]}"
20220627,2022-06-27,2.5224328896912924,"{""type"":""MultiPoint"",""coordinates"":[]}"
20220628,2022-06-28,4.0298251769857405,"{""type"":""MultiPoint"",""coordinates"":[]}"
20220629,2022-06-29,0.13682519841651206,"{""type"":""MultiPoint"",""coordinates"":[]}"
20220630,2022-06-30,2.799688366312002,"{""type"":""MultiPoint"",""coordinates"":[]}"
20220701,2022-07-01,0.990452500757147,"{""type"":""MultiPoint"",""coordinates"":[]}"
20220702,2022-07-02,0.07372356201634736,"{""type"":""MultiPoint"",""coordinates"":[]}"
20220703,2022-07-03,1.066217863821969,"{""type"":""MultiPoint"",""coordinates"":[]}"
20220704,2022-07-04,1.8006460353108846,"{""type"":""MultiPoint"",""coordinates"":[]}"
20220705,2022-07-05,4.430322671503267,"{""type"":""MultiPoint"",""coordinates"":[]}"
20220706,2022-07-06,3.8724223123646166,"{""type"":""MultiPoint"",""coordinates"":[]}"
20220707,2022-07-07,0.12991014030712406,"{""type"":""MultiPoint"",""coordinates"":[]}"
20220708,2022-07-08,3.639646909405926,"{""type"":""MultiPoint"",""coordinates"":[]}"
20220709,2022-07-09,0.305859776743259,"{""type"":""MultiPoint"",""coordinates"":[]}"
20220710,2022-07-10,0.11413225888602122,"{""type"":""MultiPoint"",""coordinates"":[]}"
20220711,2022-07-11,0.49408646669720524,"{""type"":""MultiPoint"",""coordinates"":[]}"
20220712,2022-07-12,1.170079216601539,"{""type"":""MultiPoint"",""coordinates"":[]}"
20220713,2022-07-13,4.058095072527017,"{""type"":""MultiPoint"",""coordinates"":[]}"
20220714,2022-07-14,0.026287973895751663,"{""type"":""MultiPoint"",""coordinates"":[]}"
20220715,2022-07-15,4.4516159884753386E-4,"{""type"":""MultiPoint"",""coordinates"":[]}"
20220716,2022-07-16,0.020071252463133748,"{""type"":""MultiPoint"",""coordinates"":[]}"
20220717,2022-07-17,1.698672736443517,"{""type"":""MultiPoint"",""coordinates"":[]}"
20220718,2022-07-18,1.6794848876926614,"{""type"":""MultiPoint"",""coordinates"":[]}"
20220719,2022-07-19,0.0,"{""type"":""MultiPoint"",""coordinates"":[]}"
20220720,2022-07-20,0.0,"{""type"":""MultiPoint"",""coordinates"":[]}"
20220721,2022-07-21,0.9435457311972809,"{""type"":""MultiPoint"",""coordinates"":[]}"
20220722,2022-07-22,4.101349061213988,"{""type"":""MultiPoint"",""coordinates"":[]}"
20220723,2022-07-23,3.0492182829169896,"{""type"":""MultiPoint"",""coordinates"":[]}"
20220724,2022-07-24,0.22150228447710885,"{""type"":""MultiPoint"",""coordinates"":[]}"
20220725,2022-07-25,0.1588567053640655,"{""type"":""MultiPoint"",""coordinates"":[]}"
20220726,2022-07-26,4.950841478986299,"{""type"":""MultiPoint"",""coordinates"":[]}"
20220727,2022-07-27,0.25802373618278146,"{""type"":""MultiPoint"",""coordinates"":[]}"
20220728,2022-07-28,0.4788778737044665,"{""type"":""MultiPoint"",""coordinates"":[]}"
20220729,2022-07-29,0.8097288993163357,"{""type"":""MultiPoint"",""coordinates"":[]}"
20220730,2022-07-30,1.9813377983735774,"{""type"":""MultiPoint"",""coordinates"":[]}"
20220731,2022-07-31,4.787186390089748,"{""type"":""MultiPoint"",""coordinates"":[]}"
20220801,2022-08-01,11.359084520963508,"{""type"":""MultiPoint"",""coordinates"":[]}"
20220802,2022-08-02,6.977822046170905,"{""type"":""MultiPoint"",""coordinates"":[]}"
20220803,2022-08-03,3.3669661189864235,"{""type"":""MultiPoint"",""coordinates"":[]}"
20220804,2022-08-04,9.100142785426215,"{""type"":""MultiPoint"",""coordinates"":[]}"
20220805,2022-08-05,4.5076368858559075,"{""type"":""MultiPoint"",""coordinates"":[]}"
20220806,2022-08-06,1.5333991063438748,"{""type"":""MultiPoint"",""coordinates"":[]}"
20220807,2022-08-07,3.1595488763370247,"{""type"":""MultiPoint"",""coordinates"":[]}"
20220808,2022-08-08,1.9031690032505104,"{""type"":""MultiPoint"",""coordinates"":[]}"
20220809,2022-08-09,0.2958894306790882,"{""type"":""MultiPoint"",""coordinates"":[]}"
20220810,2022-08-10,0.0,"{""type"":""MultiPoint"",""coordinates"":[]}"
20220811,2022-08-11,0.0,"{""type"":""MultiPoint"",""coordinates"":[]}"
20220812,2022-08-12,0.0,"{""type"":""MultiPoint"",""coordinates"":[]}"
20220813,2022-08-13,0.16229585685113374,"{""type"":""MultiPoint"",""coordinates"":[]}"
20220814,2022-08-14,1.3825173129296322,"{""type"":""MultiPoint"",""coordinates"":[]}"
20220815,2022-08-15,0.014062336503190298,"{""type"":""MultiPoint"",""coordinates"":[]}"
20220816,2022-08-16,0.8553151585674464,"{""type"":""MultiPoint"",""coordinates"":[]}"
20220817,2022-08-17,0.0,"{""type"":""MultiPoint"",""coordinates"":[]}"
20220818,2022-08-18,0.017318287536520614,"{""type"":""MultiPoint"",""coordinates"":[]}"
20220819,2022-08-19,0.08531484246314844,"{""type"":""MultiPoint"",""coordinates"":[]}"
20220820,2022-08-20,6.85387485942175E-4,"{""type"":""MultiPoint"",""coordinates"":[]}"
20220821,2022-08-21,0.5554433827610984,"{""type"":""MultiPoint"",""coordinates"":[]}"
20220822,2022-08-22,0.016458500024472144,"{""type"":""MultiPoint"",""coordinates"":[]}"
20220823,2022-08-23,0.0,"{""type"":""MultiPoint"",""coordinates"":[]}"
20220824,2022-08-24,2.683408812948871,"{""type"":""MultiPoint"",""coordinates"":[]}"
20220825,2022-08-25,5.9065430613912495,"{""type"":""MultiPoint"",""coordinates"":[]}"
20220826,2022-08-26,14.675117696092785,"{""type"":""MultiPoint"",""coordinates"":[]}"
20220827,2022-08-27,14.671692431492865,"{""type"":""MultiPoint"",""coordinates"":[]}"
20220828,2022-08-28,12.090405267127668,"{""type"":""MultiPoint"",""coordinates"":[]}"
20220829,2022-08-29,7.856707987446385,"{""type"":""MultiPoint"",""coordinates"":[]}"
20220830,2022-08-30,0.5912452507483122,"{""type"":""MultiPoint"",""coordinates"":[]}"
20220831,2022-08-31,1.9926112116560908,"{""type"":""MultiPoint"",""coordinates"":[]}"
20220901,2022-09-01,7.770371582164728,"{""type"":""MultiPoint"",""coordinates"":[]}"
20220902,2022-09-02,0.0,"{""type"":""MultiPoint"",""coordinates"":[]}"
20220903,2022-09-03,0.1759536448166027,"{""type"":""MultiPoint"",""coordinates"":[]}"
20220904,2022-09-04,9.358858937169305,"{""type"":""MultiPoint"",""coordinates"":[]}"
20220905,2022-09-05,6.774025450493974,"{""type"":""MultiPoint"",""coordinates"":[]}"
20220906,2022-09-06,10.637415430009233,"{""type"":""MultiPoint"",""coordinates"":[]}"
20220907,2022-09-07,6.076085710852382,"{""type"":""MultiPoint"",""coordinates"":[]}"
20220908,2022-09-08,15.997290368282647,"{""type"":""MultiPoint"",""coordinates"":[]}"
20220909,2022-09-09,9.755776513009641,"{""type"":""MultiPoint"",""coordinates"":[]}"
20220910,2022-09-10,21.250856808596886,"{""type"":""MultiPoint"",""coordinates"":[]}"
20220911,2022-09-11,3.4634248761063313,"{""type"":""MultiPoint"",""coordinates"":[]}"
20220912,2022-09-12,6.558413159406599,"{""type"":""MultiPoint"",""coordinates"":[]}"
20220913,2022-09-13,0.5669660111660949,"{""type"":""MultiPoint"",""coordinates"":[]}"
20220914,2022-09-14,0.25244420804996526,"{""type"":""MultiPoint"",""coordinates"":[]}"
20220915,2022-09-15,1.7579933910166448,"{""type"":""MultiPoint"",""coordinates"":[]}"
20220916,2022-09-16,0.0,"{""type"":""MultiPoint"",""coordinates"":[]}"
20220917,2022-09-17,0.0,"{""type"":""MultiPoint"",""coordinates"":[]}"
20220918,2022-09-18,0.058726092663521585,"{""type"":""MultiPoint"",""coordinates"":[]}"
20220919,2022-09-19,0.2209790031759901,"{""type"":""MultiPoint"",""coordinates"":[]}"
20220920,2022-09-20,0.013426950416222707,"{""type"":""MultiPoint"",""coordinates"":[]}"
20220921,2022-09-21,0.0,"{""type"":""MultiPoint"",""coordinates"":[]}"
20220922,2022-09-22,0.0,"{""type"":""MultiPoint"",""coordinates"":[]}"
20220923,2022-09-23,0.0,"{""type"":""MultiPoint"",""coordinates"":[]}"
20220924,2022-09-24,0.09644459915715593,"{""type"":""MultiPoint"",""coordinates"":[]}"
20220925,2022-09-25,0.0,"{""type"":""MultiPoint"",""coordinates"":[]}"
20220926,2022-09-26,1.843978619222289,"{""type"":""MultiPoint"",""coordinates"":[]}"
20220927,2022-09-27,3.6554446063079924,"{""type"":""MultiPoint"",""coordinates"":[]}"
20220928,2022-09-28,2.2258879695013607,"{""type"":""MultiPoint"",""coordinates"":[]}"
20220929,2022-09-29,6.280035948111321,"{""type"":""MultiPoint"",""coordinates"":[]}"
20220930,2022-09-30,12.63362118928201,"{""type"":""MultiPoint"",""coordinates"":[]}"
20221001,2022-10-01,3.564480878142284,"{""type"":""MultiPoint"",""coordinates"":[]}"
20221002,2022-10-02,0.01394140313301612,"{""type"":""MultiPoint"",""coordinates"":[]}"
20221003,2022-10-03,2.8618713394404467,"{""type"":""MultiPoint"",""coordinates"":[]}"
20221004,2022-10-04,1.5683544212817617,"{""type"":""MultiPoint"",""coordinates"":[]}"
20221005,2022-10-05,15.561820836368963,"{""type"":""MultiPoint"",""coordinates"":[]}"
20221006,2022-10-06,8.186619153582278,"{""type"":""MultiPoint"",""coordinates"":[]}"
20221007,2022-10-07,0.43004343315659266,"{""type"":""MultiPoint"",""coordinates"":[]}"
20221008,2022-10-08,0.23752042653635003,"{""type"":""MultiPoint"",""coordinates"":[]}"
20221009,2022-10-09,5.64946054675195,"{""type"":""MultiPoint"",""coordinates"":[]}"
20221010,2022-10-10,2.1317273126956073,"{""type"":""MultiPoint"",""coordinates"":[]}"
20221011,2022-10-11,12.466457008865925,"{""type"":""MultiPoint"",""coordinates"":[]}"
20221012,2022-10-12,20.94601854210862,"{""type"":""MultiPoint"",""coordinates"":[]}"
20221013,2022-10-13,22.380366132892593,"{""type"":""MultiPoint"",""coordinates"":[]}"
20221014,2022-10-14,2.191082377352012,"{""type"":""MultiPoint"",""coordinates"":[]}"
20221015,2022-10-15,3.428820354537365,"{""type"":""MultiPoint"",""coordinates"":[]}"
20221016,2022-10-16,4.746350029210655,"{""type"":""MultiPoint"",""coordinates"":[]}"
20221017,2022-10-17,0.3970350303097688,"{""type"":""MultiPoint"",""coordinates"":[]}"
20221018,2022-10-18,0.40020889137935356,"{""type"":""MultiPoint"",""coordinates"":[]}"
20221019,2022-10-19,0.6449425644367127,"{""type"":""MultiPoint"",""coordinates"":[]}"
20221020,2022-10-20,0.11738424593996014,"{""type"":""MultiPoint"",""coordinates"":[]}"
20221021,2022-10-21,0.04248604607738503,"{""type"":""MultiPoint"",""coordinates"":[]}"
20221022,2022-10-22,0.0,"{""type"":""MultiPoint"",""coordinates"":[]}"
20221023,2022-10-23,0.0,"{""type"":""MultiPoint"",""coordinates"":[]}"
20221024,2022-10-24,0.0,"{""type"":""MultiPoint"",""coordinates"":[]}"
20221025,2022-10-25,0.0,"{""type"":""MultiPoint"",""coordinates"":[]}"
20221026,2022-10-26,0.0,"{""type"":""MultiPoint"",""coordinates"":[]}"
20221027,2022-10-27,0.0,"{""type"":""MultiPoint"",""coordinates"":[]}"
20221028,2022-10-28,0.0,"{""type"":""MultiPoint"",""coordinates"":[]}"
20221029,2022-10-29,0.0,"{""type"":""MultiPoint"",""coordinates"":[]}"
20221030,2022-10-30,0.0,"{""type"":""MultiPoint"",""coordinates"":[]}"
20221031,2022-10-31,0.0,"{""type"":""MultiPoint"",""coordinates"":[]}"
20221101,2022-11-01,0.1302877951560906,"{""type"":""MultiPoint"",""coordinates"":[]}"
20221102,2022-11-02,0.0,"{""type"":""MultiPoint"",""coordinates"":[]}"
20221103,2022-11-03,0.0,"{""type"":""MultiPoint"",""coordinates"":[]}"
20221104,2022-11-04,0.0,"{""type"":""MultiPoint"",""coordinates"":[]}"
20221105,2022-11-05,0.0,"{""type"":""MultiPoint"",""coordinates"":[]}"
20221106,2022-11-06,0.11814680139959738,"{""type"":""MultiPoint"",""coordinates"":[]}"
20221107,2022-11-07,0.0,"{""type"":""MultiPoint"",""coordinates"":[]}"
20221108,2022-11-08,0.0,"{""type"":""MultiPoint"",""coordinates"":[]}"
20221109,2022-11-09,0.0,"{""type"":""MultiPoint"",""coordinates"":[]}"
20221110,2022-11-10,0.03760047005823129,"{""type"":""MultiPoint"",""coordinates"":[]}"
20221111,2022-11-11,9.068086135171297,"{""type"":""MultiPoint"",""coordinates"":[]}"
20221112,2022-11-12,8.24290212587875,"{""type"":""MultiPoint"",""coordinates"":[]}"
20221113,2022-11-13,0.4303132519032278,"{""type"":""MultiPoint"",""coordinates"":[]}"
20221114,2022-11-14,0.15489773497765147,"{""type"":""MultiPoint"",""coordinates"":[]}"
20221115,2022-11-15,0.0,"{""type"":""MultiPoint"",""coordinates"":[]}"
20221116,2022-11-16,1.2981525517269583,"{""type"":""MultiPoint"",""coordinates"":[]}"
20221117,2022-11-17,0.6594903833407844,"{""type"":""MultiPoint"",""coordinates"":[]}"
20221118,2022-11-18,1.0297344602008731,"{""type"":""MultiPoint"",""coordinates"":[]}"
20221119,2022-11-19,0.08321726603385488,"{""type"":""MultiPoint"",""coordinates"":[]}"
20221120,2022-11-20,7.532558124649994,"{""type"":""MultiPoint"",""coordinates"":[]}"
20221121,2022-11-21,0.07797869626434999,"{""type"":""MultiPoint"",""coordinates"":[]}"
20221122,2022-11-22,0.5076308324441342,"{""type"":""MultiPoint"",""coordinates"":[]}"
20221123,2022-11-23,0.7351409651240709,"{""type"":""MultiPoint"",""coordinates"":[]}"
20221124,2022-11-24,0.0,"{""type"":""MultiPoint"",""coordinates"":[]}"
20221125,2022-11-25,0.0,"{""type"":""MultiPoint"",""coordinates"":[]}"
20221126,2022-11-26,0.05014274746886706,"{""type"":""MultiPoint"",""coordinates"":[]}"
20221127,2022-11-27,0.18100038153311965,"{""type"":""MultiPoint"",""coordinates"":[]}"
20221128,2022-11-28,0.0,"{""type"":""MultiPoint"",""coordinates"":[]}"
20221129,2022-11-29,0.0,"{""type"":""MultiPoint"",""coordinates"":[]}"
20221130,2022-11-30,0.0,"{""type"":""MultiPoint"",""coordinates"":[]}"
20221201,2022-12-01,0.0,"{""type"":""MultiPoint"",""coordinates"":[]}"
20221202,2022-12-02,5.875298335427086E-4,"{""type"":""MultiPoint"",""coordinates"":[]}"
20221203,2022-12-03,0.0,"{""type"":""MultiPoint"",""coordinates"":[]}"
20221204,2022-12-04,0.0,"{""type"":""MultiPoint"",""coordinates"":[]}"
20221205,2022-12-05,0.006687057746011156,"{""type"":""MultiPoint"",""coordinates"":[]}"
20221206,2022-12-06,3.015220708610041,"{""type"":""MultiPoint"",""coordinates"":[]}"
20221207,2022-12-07,3.9743841395928228,"{""type"":""MultiPoint"",""coordinates"":[]}"
20221208,2022-12-08,0.09787739451335407,"{""type"":""MultiPoint"",""coordinates"":[]}"
20221209,2022-12-09,3.505492561072695,"{""type"":""MultiPoint"",""coordinates"":[]}"
20221210,2022-12-10,9.16303554638819,"{""type"":""MultiPoint"",""coordinates"":[]}"
20221211,2022-12-11,0.017862406516556538,"{""type"":""MultiPoint"",""coordinates"":[]}"
20221212,2022-12-12,1.875832482997904,"{""type"":""MultiPoint"",""coordinates"":[]}"
20221213,2022-12-13,0.08834709999070162,"{""type"":""MultiPoint"",""coordinates"":[]}"
20221214,2022-12-14,0.30380892276876303,"{""type"":""MultiPoint"",""coordinates"":[]}"
20221215,2022-12-15,0.0,"{""type"":""MultiPoint"",""coordinates"":[]}"
20221216,2022-12-16,0.0,"{""type"":""MultiPoint"",""coordinates"":[]}"
20221217,2022-12-17,0.0,"{""type"":""MultiPoint"",""coordinates"":[]}"
20221218,2022-12-18,0.04924820845536794,"{""type"":""MultiPoint"",""coordinates"":[]}"
20221219,2022-12-19,0.0,"{""type"":""MultiPoint"",""coordinates"":[]}"
20221220,2022-12-20,0.0,"{""type"":""MultiPoint"",""coordinates"":[]}"
20221221,2022-12-21,0.08455120476511833,"{""type"":""MultiPoint"",""coordinates"":[]}"
20221222,2022-12-22,0.0,"{""type"":""MultiPoint"",""coordinates"":[]}"
20221223,2022-12-23,0.0,"{""type"":""MultiPoint"",""coordinates"":[]}"
20221224,2022-12-24,0.0,"{""type"":""MultiPoint"",""coordinates"":[]}"
20221225,2022-12-25,0.0,"{""type"":""MultiPoint"",""coordinates"":[]}"
20221226,2022-12-26,0.0,"{""type"":""MultiPoint"",""coordinates"":[]}"
20221227,2022-12-27,0.0,"{""type"":""MultiPoint"",""coordinates"":[]}"
20221228,2022-12-28,0.0,"{""type"":""MultiPoint"",""coordinates"":[]}"
20221229,2022-12-29,0.0,"{""type"":""MultiPoint"",""coordinates"":[]}"
20221230,2022-12-30,0.0,"{""type"":""MultiPoint"",""coordinates"":[]}"
20221231,2022-12-31,0.0,"{""type"":""MultiPoint"",""coordinates"":[]}"
20230101,2023-01-01,0.0,"{""type"":""MultiPoint"",""coordinates"":[]}"
20230102,2023-01-02,0.0,"{""type"":""MultiPoint"",""coordinates"":[]}"
20230103,2023-01-03,0.0,"{""type"":""MultiPoint"",""coordinates"":[]}"
20230104,2023-01-04,0.0013663863551309464,"{""type"":""MultiPoint"",""coordinates"":[]}"
20230105,2023-01-05,0.1818197599660762,"{""type"":""MultiPoint"",""coordinates"":[]}"
20230106,2023-01-06,0.0022153663176792656,"{""type"":""MultiPoint"",""coordinates"":[]}"
20230107,2023-01-07,0.0,"{""type"":""MultiPoint"",""coordinates"":[]}"
20230108,2023-01-08,0.0,"{""type"":""MultiPoint"",""coordinates"":[]}"
20230109,2023-01-09,0.13717502862271236,"{""type"":""MultiPoint"",""coordinates"":[]}"
20230110,2023-01-10,0.0,"{""type"":""MultiPoint"",""coordinates"":[]}"
20230111,2023-01-11,0.0,"{""type"":""MultiPoint"",""coordinates"":[]}"
20230112,2023-01-12,0.0,"{""type"":""MultiPoint"",""coordinates"":[]}"
20230113,2023-01-13,0.0,"{""type"":""MultiPoint"",""coordinates"":[]}"
20230114,2023-01-14,0.0,"{""type"":""MultiPoint"",""coordinates"":[]}"
20230115,2023-01-15,0.0,"{""type"":""MultiPoint"",""coordinates"":[]}"
20230116,2023-01-16,0.001813335330146502,"{""type"":""MultiPoint"",""coordinates"":[]}"
20230117,2023-01-17,0.0,"{""type"":""MultiPoint"",""coordinates"":[]}"
20230118,2023-01-18,0.0,"{""type"":""MultiPoint"",""coordinates"":[]}"
20230119,2023-01-19,6.859498256542336E-4,"{""type"":""MultiPoint"",""coordinates"":[]}"
20230120,2023-01-20,0.0,"{""type"":""MultiPoint"",""coordinates"":[]}"
20230121,2023-01-21,0.0,"{""type"":""MultiPoint"",""coordinates"":[]}"
20230122,2023-01-22,0.0,"{""type"":""MultiPoint"",""coordinates"":[]}"
20230123,2023-01-23,0.0,"{""type"":""MultiPoint"",""coordinates"":[]}"
20230124,2023-01-24,0.0,"{""type"":""MultiPoint"",""coordinates"":[]}"
20230125,2023-01-25,0.0,"{""type"":""MultiPoint"",""coordinates"":[]}"
20230126,2023-01-26,0.0,"{""type"":""MultiPoint"",""coordinates"":[]}"
20230127,2023-01-27,0.0,"{""type"":""MultiPoint"",""coordinates"":[]}"
20230128,2023-01-28,0.0,"{""type"":""MultiPoint"",""coordinates"":[]}"
20230129,2023-01-29,0.0,"{""type"":""MultiPoint"",""coordinates"":[]}"
20230130,2023-01-30,0.00828375672250705,"{""type"":""MultiPoint"",""coordinates"":[]}"
20230131,2023-01-31,0.0018654512048310859,"{""type"":""MultiPoint"",""coordinates"":[]}"
20230201,2023-02-01,0.034004561584996026,"{""type"":""MultiPoint"",""coordinates"":[]}"
20230202,2023-02-02,5.394800763406294E-4,"{""type"":""MultiPoint"",""coordinates"":[]}"
20230203,2023-02-03,0.0,"{""type"":""MultiPoint"",""coordinates"":[]}"
20230204,2023-02-04,0.0,"{""type"":""MultiPoint"",""coordinates"":[]}"
20230205,2023-02-05,0.0,"{""type"":""MultiPoint"",""coordinates"":[]}"
20230206,2023-02-06,0.0,"{""type"":""MultiPoint"",""coordinates"":[]}"
20230207,2023-02-07,0.01992667261874016,"{""type"":""MultiPoint"",""coordinates"":[]}"
20230208,2023-02-08,0.0,"{""type"":""MultiPoint"",""coordinates"":[]}"
20230209,2023-02-09,0.0,"{""type"":""MultiPoint"",""coordinates"":[]}"
20230210,2023-02-10,0.0,"{""type"":""MultiPoint"",""coordinates"":[]}"
20230211,2023-02-11,0.0033662707681254267,"{""type"":""MultiPoint"",""coordinates"":[]}"
20230212,2023-02-12,0.003073854267709589,"{""type"":""MultiPoint"",""coordinates"":[]}"
20230213,2023-02-13,0.0,"{""type"":""MultiPoint"",""coordinates"":[]}"
20230214,2023-02-14,0.0,"{""type"":""MultiPoint"",""coordinates"":[]}"
20230215,2023-02-15,0.0,"{""type"":""MultiPoint"",""coordinates"":[]}"
20230216,2023-02-16,9.18491166916229E-4,"{""type"":""MultiPoint"",""coordinates"":[]}"
20230217,2023-02-17,0.0,"{""type"":""MultiPoint"",""coordinates"":[]}"
20230218,2023-02-18,0.0,"{""type"":""MultiPoint"",""coordinates"":[]}"
20230219,2023-02-19,0.0,"{""type"":""MultiPoint"",""coordinates"":[]}"
20230220,2023-02-20,0.0,"{""type"":""MultiPoint"",""coordinates"":[]}"
20230221,2023-02-21,0.0,"{""type"":""MultiPoint"",""coordinates"":[]}"
20230222,2023-02-22,0.0,"{""type"":""MultiPoint"",""coordinates"":[]}"
20230223,2023-02-23,7.12714429024553E-4,"{""type"":""MultiPoint"",""coordinates"":[]}"
20230224,2023-02-24,0.0,"{""type"":""MultiPoint"",""coordinates"":[]}"
20230225,2023-02-25,0.0,"{""type"":""MultiPoint"",""coordinates"":[]}"
20230226,2023-02-26,0.0,"{""type"":""MultiPoint"",""coordinates"":[]}"
20230227,2023-02-27,0.0,"{""type"":""MultiPoint"",""coordinates"":[]}"
20230228,2023-02-28,0.0,"{""type"":""MultiPoint"",""coordinates"":[]}"
20230301,2023-03-01,0.0,"{""type"":""MultiPoint"",""coordinates"":[]}"
20230302,2023-03-02,0.0,"{""type"":""MultiPoint"",""coordinates"":[]}"
20230303,2023-03-03,0.011591553866001586,"{""type"":""MultiPoint"",""coordinates"":[]}"
20230304,2023-03-04,0.0,"{""type"":""MultiPoint"",""coordinates"":[]}"
20230305,2023-03-05,0.0,"{""type"":""MultiPoint"",""coordinates"":[]}"
20230306,2023-03-06,0.008755978836082645,"{""type"":""MultiPoint"",""coordinates"":[]}"
20230307,2023-03-07,4.2644587516934516E-4,"{""type"":""MultiPoint"",""coordinates"":[]}"
20230308,2023-03-08,0.0,"{""type"":""MultiPoint"",""coordinates"":[]}"
20230309,2023-03-09,0.004267798058870397,"{""type"":""MultiPoint"",""coordinates"":[]}"
20230310,2023-03-10,0.0,"{""type"":""MultiPoint"",""coordinates"":[]}"
20230311,2023-03-11,0.0,"{""type"":""MultiPoint"",""coordinates"":[]}"
20230312,2023-03-12,0.0,"{""type"":""MultiPoint"",""coordinates"":[]}"
20230313,2023-03-13,0.0,"{""type"":""MultiPoint"",""coordinates"":[]}"
20230314,2023-03-14,0.0,"{""type"":""MultiPoint"",""coordinates"":[]}"
20230315,2023-03-15,0.8560862801731977,"{""type"":""MultiPoint"",""coordinates"":[]}"
20230316,2023-03-16,0.3628591461876703,"{""type"":""MultiPoint"",""coordinates"":[]}"
20230317,2023-03-17,0.04821810737689945,"{""type"":""MultiPoint"",""coordinates"":[]}"
20230318,2023-03-18,0.694667689253123,"{""type"":""MultiPoint"",""coordinates"":[]}"
20230319,2023-03-19,0.0,"{""type"":""MultiPoint"",""coordinates"":[]}"
20230320,2023-03-20,0.0,"{""type"":""MultiPoint"",""coordinates"":[]}"
20230321,2023-03-21,0.0,"{""type"":""MultiPoint"",""coordinates"":[]}"
20230322,2023-03-22,0.0,"{""type"":""MultiPoint"",""coordinates"":[]}"
20230323,2023-03-23,0.0,"{""type"":""MultiPoint"",""coordinates"":[]}"
20230324,2023-03-24,0.0,"{""type"":""MultiPoint"",""coordinates"":[]}"
20230325,2023-03-25,0.1661868376304974,"{""type"":""MultiPoint"",""coordinates"":[]}"
20230326,2023-03-26,0.3402130115589349,"{""type"":""MultiPoint"",""coordinates"":[]}"
20230327,2023-03-27,0.0,"{""type"":""MultiPoint"",""coordinates"":[]}"
20230328,2023-03-28,0.0,"{""type"":""MultiPoint"",""coordinates"":[]}"
20230329,2023-03-29,0.006748282193720789,"{""type"":""MultiPoint"",""coordinates"":[]}"
20230330,2023-03-30,0.0,"{""type"":""MultiPoint"",""coordinates"":[]}"
20230331,2023-03-31,0.0,"{""type"":""MultiPoint"",""coordinates"":[]}"
20230401,2023-04-01,0.0,"{""type"":""MultiPoint"",""coordinates"":[]}"
20230402,2023-04-02,0.0,"{""type"":""MultiPoint"",""coordinates"":[]}"
20230403,2023-04-03,0.0,"{""type"":""MultiPoint"",""coordinates"":[]}"
20230404,2023-04-04,0.0,"{""type"":""MultiPoint"",""coordinates"":[]}"
20230405,2023-04-05,0.0,"{""type"":""MultiPoint"",""coordinates"":[]}"
20230406,2023-04-06,0.30236702307585767,"{""type"":""MultiPoint"",""coordinates"":[]}"
20230407,2023-04-07,0.7887065961862146,"{""type"":""MultiPoint"",""coordinates"":[]}"
20230408,2023-04-08,0.0,"{""type"":""MultiPoint"",""coordinates"":[]}"
20230409,2023-04-09,0.0,"{""type"":""MultiPoint"",""coordinates"":[]}"
20230410,2023-04-10,0.0,"{""type"":""MultiPoint"",""coordinates"":[]}"
20230411,2023-04-11,0.0,"{""type"":""MultiPoint"",""coordinates"":[]}"
20230412,2023-04-12,0.0,"{""type"":""MultiPoint"",""coordinates"":[]}"
20230413,2023-04-13,0.0,"{""type"":""MultiPoint"",""coordinates"":[]}"
20230414,2023-04-14,0.045602588759797266,"{""type"":""MultiPoint"",""coordinates"":[]}"
20230415,2023-04-15,0.0,"{""type"":""MultiPoint"",""coordinates"":[]}"
20230416,2023-04-16,0.0,"{""type"":""MultiPoint"",""coordinates"":[]}"
20230417,2023-04-17,0.0,"{""type"":""MultiPoint"",""coordinates"":[]}"
20230418,2023-04-18,0.02500525206833197,"{""type"":""MultiPoint"",""coordinates"":[]}"
20230419,2023-04-19,0.0,"{""type"":""MultiPoint"",""coordinates"":[]}"
20230420,2023-04-20,0.9887318194806953,"{""type"":""MultiPoint"",""coordinates"":[]}"
20230421,2023-04-21,0.04272239496796799,"{""type"":""MultiPoint"",""coordinates"":[]}"
20230422,2023-04-22,0.34925954570814655,"{""type"":""MultiPoint"",""coordinates"":[]}"
20230423,2023-04-23,5.178730267537306E-4,"{""type"":""MultiPoint"",""coordinates"":[]}"
20230424,2023-04-24,0.6763626965732173,"{""type"":""MultiPoint"",""coordinates"":[]}"
20230425,2023-04-25,2.338060837872396,"{""type"":""MultiPoint"",""coordinates"":[]}"
20230426,2023-04-26,0.33726067489714334,"{""type"":""MultiPoint"",""coordinates"":[]}"
20230427,2023-04-27,0.0,"{""type"":""MultiPoint"",""coordinates"":[]}"
20230428,2023-04-28,0.8657473990240611,"{""type"":""MultiPoint"",""coordinates"":[]}"
20230429,2023-04-29,2.3927528349323266,"{""type"":""MultiPoint"",""coordinates"":[]}"
20230430,2023-04-30,5.266724337250612,"{""type"":""MultiPoint"",""coordinates"":[]}"
20230501,2023-05-01,1.1993250237797723,"{""type"":""MultiPoint"",""coordinates"":[]}"
20230502,2023-05-02,0.37425776657201737,"{""type"":""MultiPoint"",""coordinates"":[]}"
20230503,2023-05-03,1.3856067326011174,"{""type"":""MultiPoint"",""coordinates"":[]}"
20230504,2023-05-04,2.4272368725583577,"{""type"":""MultiPoint"",""coordinates"":[]}"
20230505,2023-05-05,19.808021075173613,"{""type"":""MultiPoint"",""coordinates"":[]}"
20230506,2023-05-06,6.687254631379059,"{""type"":""MultiPoint"",""coordinates"":[]}"
20230507,2023-05-07,8.893331735827486,"{""type"":""MultiPoint"",""coordinates"":[]}"
20230508,2023-05-08,7.792082676943795,"{""type"":""MultiPoint"",""coordinates"":[]}"
20230509,2023-05-09,0.6527239171311605,"{""type"":""MultiPoint"",""coordinates"":[]}"
20230510,2023-05-10,0.013991160075912529,"{""type"":""MultiPoint"",""coordinates"":[]}"
20230511,2023-05-11,2.1207930832635316,"{""type"":""MultiPoint"",""coordinates"":[]}"
20230512,2023-05-12,0.4115725258502249,"{""type"":""MultiPoint"",""coordinates"":[]}"
20230513,2023-05-13,1.1038063442338044,"{""type"":""MultiPoint"",""coordinates"":[]}"
20230514,2023-05-14,0.0,"{""type"":""MultiPoint"",""coordinates"":[]}"
20230515,2023-05-15,0.0,"{""type"":""MultiPoint"",""coordinates"":[]}"
20230516,2023-05-16,0.0,"{""type"":""MultiPoint"",""coordinates"":[]}"
20230517,2023-05-17,0.0,"{""type"":""MultiPoint"",""coordinates"":[]}"
20230518,2023-05-18,0.0,"{""type"":""MultiPoint"",""coordinates"":[]}"
20230519,2023-05-19,0.0,"{""type"":""MultiPoint"",""coordinates"":[]}"
20230520,2023-05-20,0.48185434710353814,"{""type"":""MultiPoint"",""coordinates"":[]}"
20230521,2023-05-21,7.653724431734016,"{""type"":""MultiPoint"",""coordinates"":[]}"
20230522,2023-05-22,0.18706814409482408,"{""type"":""MultiPoint"",""coordinates"":[]}"
20230523,2023-05-23,0.17919608152405334,"{""type"":""MultiPoint"",""coordinates"":[]}"
20230524,2023-05-24,1.685808794536656,"{""type"":""MultiPoint"",""coordinates"":[]}"
20230525,2023-05-25,0.8020095443874034,"{""type"":""MultiPoint"",""coordinates"":[]}"
20230526,2023-05-26,0.0,"{""type"":""MultiPoint"",""coordinates"":[]}"
20230527,2023-05-27,0.0,"{""type"":""MultiPoint"",""coordinates"":[]}"
20230528,2023-05-28,0.05515147754741045,"{""type"":""MultiPoint"",""coordinates"":[]}"
20230529,2023-05-29,1.037952731406207,"{""type"":""MultiPoint"",""coordinates"":[]}"
20230530,2023-05-30,8.405734243352573,"{""type"":""MultiPoint"",""coordinates"":[]}"
20230531,2023-05-31,3.3839700584979484,"{""type"":""MultiPoint"",""coordinates"":[]}"
20230601,2023-06-01,3.8884156792852513,"{""type"":""MultiPoint"",""coordinates"":[]}"
20230602,2023-06-02,0.0,"{""type"":""MultiPoint"",""coordinates"":[]}"
20230603,2023-06-03,0.0,"{""type"":""MultiPoint"",""coordinates"":[]}"
20230604,2023-06-04,0.5880232880338041,"{""type"":""MultiPoint"",""coordinates"":[]}"
20230605,2023-06-05,0.23012831136186232,"{""type"":""MultiPoint"",""coordinates"":[]}"
20230606,2023-06-06,0.04932371471931842,"{""type"":""MultiPoint"",""coordinates"":[]}"
20230607,2023-06-07,4.113223657886819,"{""type"":""MultiPoint"",""coordinates"":[]}"
20230608,2023-06-08,0.3636533405919635,"{""type"":""MultiPoint"",""coordinates"":[]}"
20230609,2023-06-09,0.03378891604902757,"{""type"":""MultiPoint"",""coordinates"":[]}"
20230610,2023-06-10,0.3272766273967466,"{""type"":""MultiPoint"",""coordinates"":[]}"
20230611,2023-06-11,0.5764517815843186,"{""type"":""MultiPoint"",""coordinates"":[]}"
20230612,2023-06-12,0.0,"{""type"":""MultiPoint"",""coordinates"":[]}"
20230613,2023-06-13,0.0,"{""type"":""MultiPoint"",""coordinates"":[]}"
20230614,2023-06-14,0.0,"{""type"":""MultiPoint"",""coordinates"":[]}"
20230615,2023-06-15,0.006039191405028385,"{""type"":""MultiPoint"",""coordinates"":[]}"
20230616,2023-06-16,0.0,"{""type"":""MultiPoint"",""coordinates"":[]}"
20230617,2023-06-17,0.9009692599438772,"{""type"":""MultiPoint"",""coordinates"":[]}"
20230618,2023-06-18,1.4391602477451542,"{""type"":""MultiPoint"",""coordinates"":[]}"
20230619,2023-06-19,1.2685151309896512,"{""type"":""MultiPoint"",""coordinates"":[]}"
20230620,2023-06-20,5.097167876141561,"{""type"":""MultiPoint"",""coordinates"":[]}"
20230621,2023-06-21,6.16057523457733,"{""type"":""MultiPoint"",""coordinates"":[]}"
20230622,2023-06-22,0.16407091934836837,"{""type"":""MultiPoint"",""coordinates"":[]}"
20230623,2023-06-23,2.8526440027363,"{""type"":""MultiPoint"",""coordinates"":[]}"
20230624,2023-06-24,2.504904710061882,"{""type"":""MultiPoint"",""coordinates"":[]}"
20230625,2023-06-25,2.1286379665574935,"{""type"":""MultiPoint"",""coordinates"":[]}"
20230626,2023-06-26,0.1255546205461676,"{""type"":""MultiPoint"",""coordinates"":[]}"
20230627,2023-06-27,1.261498614922474,"{""type"":""MultiPoint"",""coordinates"":[]}"
20230628,2023-06-28,1.183067124391531,"{""type"":""MultiPoint"",""coordinates"":[]}"
20230629,2023-06-29,0.0,"{""type"":""MultiPoint"",""coordinates"":[]}"
20230630,2023-06-30,0.0,"{""type"":""MultiPoint"",""coordinates"":[]}"
20230701,2023-07-01,0.10771593613237475,"{""type"":""MultiPoint"",""coordinates"":[]}"
20230702,2023-07-02,1.8363847915908904,"{""type"":""MultiPoint"",""coordinates"":[]}"
20230703,2023-07-03,2.054027622544641,"{""type"":""MultiPoint"",""coordinates"":[]}"
20230704,2023-07-04,1.3372138177943436,"{""type"":""MultiPoint"",""coordinates"":[]}"
20230705,2023-07-05,0.06811821234068878,"{""type"":""MultiPoint"",""coordinates"":[]}"
20230706,2023-07-06,1.3141170021627542,"{""type"":""MultiPoint"",""coordinates"":[]}"
20230707,2023-07-07,0.2043736488066567,"{""type"":""MultiPoint"",""coordinates"":[]}"
20230708,2023-07-08,0.00755738052540259,"{""type"":""MultiPoint"",""coordinates"":[]}"
20230709,2023-07-09,0.00593317628544893,"{""type"":""MultiPoint"",""coordinates"":[]}"
20230710,2023-07-10,1.3668812939205819,"{""type"":""MultiPoint"",""coordinates"":[]}"
20230711,2023-07-11,0.6546129705526323,"{""type"":""MultiPoint"",""coordinates"":[]}"
20230712,2023-07-12,2.5066548638775323,"{""type"":""MultiPoint"",""coordinates"":[]}"
20230713,2023-07-13,0.40686140897962075,"{""type"":""MultiPoint"",""coordinates"":[]}"
20230714,2023-07-14,0.0,"{""type"":""MultiPoint"",""coordinates"":[]}"
20230715,2023-07-15,0.5464604019787687,"{""type"":""MultiPoint"",""coordinates"":[]}"
20230716,2023-07-16,3.730543875849872,"{""type"":""MultiPoint"",""coordinates"":[]}"
20230717,2023-07-17,0.5471191164054415,"{""type"":""MultiPoint"",""coordinates"":[]}"
20230718,2023-07-18,0.32824790666840803,"{""type"":""MultiPoint"",""coordinates"":[]}"
20230719,2023-07-19,1.0413756515119372,"{""type"":""MultiPoint"",""coordinates"":[]}"
20230720,2023-07-20,1.803270999917756,"{""type"":""MultiPoint"",""coordinates"":[]}"
20230721,2023-07-21,0.00779120200667776,"{""type"":""MultiPoint"",""coordinates"":[]}"
20230722,2023-07-22,0.04734339731503078,"{""type"":""MultiPoint"",""coordinates"":[]}"
20230723,2023-07-23,0.0903979429714315,"{""type"":""MultiPoint"",""coordinates"":[]}"
20230724,2023-07-24,3.292690359566105,"{""type"":""MultiPoint"",""coordinates"":[]}"
20230725,2023-07-25,4.730726197776855,"{""type"":""MultiPoint"",""coordinates"":[]}"
20230726,2023-07-26,9.331203278968074,"{""type"":""MultiPoint"",""coordinates"":[]}"
20230727,2023-07-27,5.677744184418457,"{""type"":""MultiPoint"",""coordinates"":[]}"
20230728,2023-07-28,0.0,"{""type"":""MultiPoint"",""coordinates"":[]}"
20230729,2023-07-29,0.0,"{""type"":""MultiPoint"",""coordinates"":[]}"
20230730,2023-07-30,0.0,"{""type"":""MultiPoint"",""coordinates"":[]}"
20230731,2023-07-31,0.0,"{""type"":""MultiPoint"",""coordinates"":[]}"
20230801,2023-08-01,0.0,"{""type"":""MultiPoint"",""coordinates"":[]}"
20230802,2023-08-02,0.10710428672825704,"{""type"":""MultiPoint"",""coordinates"":[]}"
20230803,2023-08-03,0.11254769970084033,"{""type"":""MultiPoint"",""coordinates"":[]}"
20230804,2023-08-04,0.0,"{""type"":""MultiPoint"",""coordinates"":[]}"
20230805,2023-08-05,0.0,"{""type"":""MultiPoint"",""coordinates"":[]}"
20230806,2023-08-06,0.0,"{""type"":""MultiPoint"",""coordinates"":[]}"
20230807,2023-08-07,0.7486930909392958,"{""type"":""MultiPoint"",""coordinates"":[]}"
20230808,2023-08-08,2.1638036754221055,"{""type"":""MultiPoint"",""coordinates"":[]}"
20230809,2023-08-09,0.02624073886790498,"{""type"":""MultiPoint"",""coordinates"":[]}"
20230810,2023-08-10,2.4262548347748836,"{""type"":""MultiPoint"",""coordinates"":[]}"
20230811,2023-08-11,0.10099080078465375,"{""type"":""MultiPoint"",""coordinates"":[]}"
20230812,2023-08-12,0.035300263731098264,"{""type"":""MultiPoint"",""coordinates"":[]}"
20230813,2023-08-13,0.12369095621247717,"{""type"":""MultiPoint"",""coordinates"":[]}"
20230814,2023-08-14,1.216765284712366,"{""type"":""MultiPoint"",""coordinates"":[]}"
20230815,2023-08-15,0.4900460423223231,"{""type"":""MultiPoint"",""coordinates"":[]}"
20230816,2023-08-16,0.0754920883993381,"{""type"":""MultiPoint"",""coordinates"":[]}"
20230817,2023-08-17,0.1918342665357645,"{""type"":""MultiPoint"",""coordinates"":[]}"
20230818,2023-08-18,0.25043770274191507,"{""type"":""MultiPoint"",""coordinates"":[]}"
20230819,2023-08-19,1.7466229603340178,"{""type"":""MultiPoint"",""coordinates"":[]}"
20230820,2023-08-20,0.0,"{""type"":""MultiPoint"",""coordinates"":[]}"
20230821,2023-08-21,0.0,"{""type"":""MultiPoint"",""coordinates"":[]}"
20230822,2023-08-22,0.013331957208256088,"{""type"":""MultiPoint"",""coordinates"":[]}"
20230823,2023-08-23,0.801113086161517,"{""type"":""MultiPoint"",""coordinates"":[]}"
20230824,2023-08-24,0.03686815901412988,"{""type"":""MultiPoint"",""coordinates"":[]}"
20230825,2023-08-25,0.568219364073132,"{""type"":""MultiPoint"",""coordinates"":[]}"
20230826,2023-08-26,8.805172130123063,"{""type"":""MultiPoint"",""coordinates"":[]}"
20230827,2023-08-27,0.0,"{""type"":""MultiPoint"",""coordinates"":[]}"
20230828,2023-08-28,1.0886611224794296,"{""type"":""MultiPoint"",""coordinates"":[]}"
20230829,2023-08-29,0.28815905243453366,"{""type"":""MultiPoint"",""coordinates"":[]}"
20230830,2023-08-30,0.0,"{""type"":""MultiPoint"",""coordinates"":[]}"
20230831,2023-08-31,1.3930921615291643,"{""type"":""MultiPoint"",""coordinates"":[]}"
20230901,2023-09-01,3.742620025375667,"{""type"":""MultiPoint"",""coordinates"":[]}"
20230902,2023-09-02,25.99162314323643,"{""type"":""MultiPoint"",""coordinates"":[]}"
20230903,2023-09-03,19.80998259608819,"{""type"":""MultiPoint"",""coordinates"":[]}"
20230904,2023-09-04,3.02798637393499,"{""type"":""MultiPoint"",""coordinates"":[]}"
20230905,2023-09-05,0.32149951400423776,"{""type"":""MultiPoint"",""coordinates"":[]}"
20230906,2023-09-06,0.1882713643750872,"{""type"":""MultiPoint"",""coordinates"":[]}"
20230907,2023-09-07,0.3776229565921001,"{""type"":""MultiPoint"",""coordinates"":[]}"
20230908,2023-09-08,0.1296058642876403,"{""type"":""MultiPoint"",""coordinates"":[]}"
20230909,2023-09-09,0.0,"{""type"":""MultiPoint"",""coordinates"":[]}"
20230910,2023-09-10,0.3622204002173234,"{""type"":""MultiPoint"",""coordinates"":[]}"
20230911,2023-09-11,1.4876500135855446,"{""type"":""MultiPoint"",""coordinates"":[]}"
20230912,2023-09-12,0.10765578721648185,"{""type"":""MultiPoint"",""coordinates"":[]}"
20230913,2023-09-13,1.6204670134669554,"{""type"":""MultiPoint"",""coordinates"":[]}"
20230914,2023-09-14,0.3468251394589112,"{""type"":""MultiPoint"",""coordinates"":[]}"
20230915,2023-09-15,0.31430697409139896,"{""type"":""MultiPoint"",""coordinates"":[]}"
20230916,2023-09-16,4.3915789983510995,"{""type"":""MultiPoint"",""coordinates"":[]}"
20230917,2023-09-17,0.02414030043172956,"{""type"":""MultiPoint"",""coordinates"":[]}"
20230918,2023-09-18,0.47196507740749416,"{""type"":""MultiPoint"",""coordinates"":[]}"
20230919,2023-09-19,0.0,"{""type"":""MultiPoint"",""coordinates"":[]}"
20230920,2023-09-20,0.1449219091666018,"{""type"":""MultiPoint"",""coordinates"":[]}"
20230921,2023-09-21,7.517130989731203,"{""type"":""MultiPoint"",""coordinates"":[]}"
20230922,2023-09-22,4.179461809391496,"{""type"":""MultiPoint"",""coordinates"":[]}"
20230923,2023-09-23,9.282591646093474,"{""type"":""MultiPoint"",""coordinates"":[]}"
20230924,2023-09-24,13.788625964741522,"{""type"":""MultiPoint"",""coordinates"":[]}"
20230925,2023-09-25,5.897369176399904,"{""type"":""MultiPoint"",""coordinates"":[]}"
20230926,2023-09-26,4.99009782050828,"{""type"":""MultiPoint"",""coordinates"":[]}"
20230927,2023-09-27,0.936647423892501,"{""type"":""MultiPoint"",""coordinates"":[]}"
20230928,2023-09-28,13.642399750359589,"{""type"":""MultiPoint"",""coordinates"":[]}"
20230929,2023-09-29,1.583853871208609,"{""type"":""MultiPoint"",""coordinates"":[]}"
20230930,2023-09-30,0.0,"{""type"":""MultiPoint"",""coordinates"":[]}"
20231001,2023-10-01,0.004363275582051591,"{""type"":""MultiPoint"",""coordinates"":[]}"
20231002,2023-10-02,0.03846136122557968,"{""type"":""MultiPoint"",""coordinates"":[]}"
20231003,2023-10-03,0.0,"{""type"":""MultiPoint"",""coordinates"":[]}"
20231004,2023-10-04,0.5429401651310478,"{""type"":""MultiPoint"",""coordinates"":[]}"
20231005,2023-10-05,0.0,"{""type"":""MultiPoint"",""coordinates"":[]}"
20231006,2023-10-06,0.0,"{""type"":""MultiPoint"",""coordinates"":[]}"
20231007,2023-10-07,0.0,"{""type"":""MultiPoint"",""coordinates"":[]}"
20231008,2023-10-08,0.8374652013154539,"{""type"":""MultiPoint"",""coordinates"":[]}"
20231009,2023-10-09,0.4361325142955458,"{""type"":""MultiPoint"",""coordinates"":[]}"
20231010,2023-10-10,0.10493164631759948,"{""type"":""MultiPoint"",""coordinates"":[]}"
20231011,2023-10-11,5.868541049281058,"{""type"":""MultiPoint"",""coordinates"":[]}"
20231012,2023-10-12,1.3513262145441332,"{""type"":""MultiPoint"",""coordinates"":[]}"
20231013,2023-10-13,0.017500640582094242,"{""type"":""MultiPoint"",""coordinates"":[]}"
20231014,2023-10-14,0.0,"{""type"":""MultiPoint"",""coordinates"":[]}"
20231015,2023-10-15,0.0,"{""type"":""MultiPoint"",""coordinates"":[]}"
20231016,2023-10-16,5.271573178885744,"{""type"":""MultiPoint"",""coordinates"":[]}"
20231017,2023-10-17,0.0,"{""type"":""MultiPoint"",""coordinates"":[]}"
20231018,2023-10-18,0.0,"{""type"":""MultiPoint"",""coordinates"":[]}"
20231019,2023-10-19,0.0,"{""type"":""MultiPoint"",""coordinates"":[]}"
20231020,2023-10-20,0.0,"{""type"":""MultiPoint"",""coordinates"":[]}"
20231021,2023-10-21,6.055143901136996,"{""type"":""MultiPoint"",""coordinates"":[]}"
20231022,2023-10-22,0.0,"{""type"":""MultiPoint"",""coordinates"":[]}"
20231023,2023-10-23,0.0,"{""type"":""MultiPoint"",""coordinates"":[]}"
20231024,2023-10-24,0.0,"{""type"":""MultiPoint"",""coordinates"":[]}"
20231025,2023-10-25,0.0,"{""type"":""MultiPoint"",""coordinates"":[]}"
20231026,2023-10-26,0.0,"{""type"":""MultiPoint"",""coordinates"":[]}"
20231027,2023-10-27,0.0,"{""type"":""MultiPoint"",""coordinates"":[]}"
20231028,2023-10-28,0.0,"{""type"":""MultiPoint"",""coordinates"":[]}"
20231029,2023-10-29,2.3098586260040808,"{""type"":""MultiPoint"",""coordinates"":[]}"
20231030,2023-10-30,0.19341698208839012,"{""type"":""MultiPoint"",""coordinates"":[]}"
20231031,2023-10-31,3.516829974548969,"{""type"":""MultiPoint"",""coordinates"":[]}"
20231101,2023-11-01,0.008860443726341203,"{""type"":""MultiPoint"",""coordinates"":[]}"
20231102,2023-11-02,0.003092168871896361,"{""type"":""MultiPoint"",""coordinates"":[]}"
20231103,2023-11-03,0.07590973305637114,"{""type"":""MultiPoint"",""coordinates"":[]}"
20231104,2023-11-04,4.633370384734618,"{""type"":""MultiPoint"",""coordinates"":[]}"
20231105,2023-11-05,1.8150392769134025,"{""type"":""MultiPoint"",""coordinates"":[]}"
20231106,2023-11-06,22.625142425785707,"{""type"":""MultiPoint"",""coordinates"":[]}"
20231107,2023-11-07,1.2065757308775786,"{""type"":""MultiPoint"",""coordinates"":[]}"
20231108,2023-11-08,14.050433380984693,"{""type"":""MultiPoint"",""coordinates"":[]}"
20231109,2023-11-09,0.036858237399424044,"{""type"":""MultiPoint"",""coordinates"":[]}"
20231110,2023-11-10,0.0,"{""type"":""MultiPoint"",""coordinates"":[]}"
20231111,2023-11-11,0.0,"{""type"":""MultiPoint"",""coordinates"":[]}"
20231112,2023-11-12,0.07886834218038573,"{""type"":""MultiPoint"",""coordinates"":[]}"
20231113,2023-11-13,0.008968653661941746,"{""type"":""MultiPoint"",""coordinates"":[]}"
20231114,2023-11-14,0.12158043048971481,"{""type"":""MultiPoint"",""coordinates"":[]}"
20231115,2023-11-15,0.0,"{""type"":""MultiPoint"",""coordinates"":[]}"
20231116,2023-11-16,0.0,"{""type"":""MultiPoint"",""coordinates"":[]}"
20231117,2023-11-17,0.0,"{""type"":""MultiPoint"",""coordinates"":[]}"
20231118,2023-11-18,0.0,"{""type"":""MultiPoint"",""coordinates"":[]}"
20231119,2023-11-19,0.0,"{""type"":""MultiPoint"",""coordinates"":[]}"
20231120,2023-11-20,0.00577963355490803,"{""type"":""MultiPoint"",""coordinates"":[]}"
20231121,2023-11-21,0.0,"{""type"":""MultiPoint"",""coordinates"":[]}"
20231122,2023-11-22,3.550763644936005,"{""type"":""MultiPoint"",""coordinates"":[]}"
20231123,2023-11-23,0.08936136362560225,"{""type"":""MultiPoint"",""coordinates"":[]}"
20231124,2023-11-24,0.5376322168440076,"{""type"":""MultiPoint"",""coordinates"":[]}"
20231125,2023-11-25,0.022608788116787643,"{""type"":""MultiPoint"",""coordinates"":[]}"
20231126,2023-11-26,0.6150045263019605,"{""type"":""MultiPoint"",""coordinates"":[]}"
20231127,2023-11-27,0.006016996324455714,"{""type"":""MultiPoint"",""coordinates"":[]}"
20231128,2023-11-28,0.0,"{""type"":""MultiPoint"",""coordinates"":[]}"
20231129,2023-11-29,0.0,"{""type"":""MultiPoint"",""coordinates"":[]}"
20231130,2023-11-30,0.0546355131992486,"{""type"":""MultiPoint"",""coordinates"":[]}"
20231201,2023-12-01,0.0,"{""type"":""MultiPoint"",""coordinates"":[]}"
20231202,2023-12-02,0.0045879706318913424,"{""type"":""MultiPoint"",""coordinates"":[]}"
20231203,2023-12-03,1.4855162427891782,"{""type"":""MultiPoint"",""coordinates"":[]}"
20231204,2023-12-04,8.665914428918803,"{""type"":""MultiPoint"",""coordinates"":[]}"
20231205,2023-12-05,0.9145453385596055,"{""type"":""MultiPoint"",""coordinates"":[]}"
20231206,2023-12-06,0.0,"{""type"":""MultiPoint"",""coordinates"":[]}"
20231207,2023-12-07,0.0010409961418862764,"{""type"":""MultiPoint"",""coordinates"":[]}"
20231208,2023-12-08,0.0,"{""type"":""MultiPoint"",""coordinates"":[]}"
20231209,2023-12-09,0.0027567617060168218,"{""type"":""MultiPoint"",""coordinates"":[]}"
20231210,2023-12-10,0.002657273921987954,"{""type"":""MultiPoint"",""coordinates"":[]}"
20231211,2023-12-11,0.007195959405038132,"{""type"":""MultiPoint"",""coordinates"":[]}"
20231212,2023-12-12,0.0,"{""type"":""MultiPoint"",""coordinates"":[]}"
20231213,2023-12-13,0.0,"{""type"":""MultiPoint"",""coordinates"":[]}"
20231214,2023-12-14,0.0,"{""type"":""MultiPoint"",""coordinates"":[]}"
20231215,2023-12-15,0.0028469386291000895,"{""type"":""MultiPoint"",""coordinates"":[]}"
20231216,2023-12-16,0.003421866780733496,"{""type"":""MultiPoint"",""coordinates"":[]}"
20231217,2023-12-17,0.0,"{""type"":""MultiPoint"",""coordinates"":[]}"
20231218,2023-12-18,0.0076514247507512515,"{""type"":""MultiPoint"",""coordinates"":[]}"
20231219,2023-12-19,0.0,"{""type"":""MultiPoint"",""coordinates"":[]}"
20231220,2023-12-20,0.0,"{""type"":""MultiPoint"",""coordinates"":[]}"
20231221,2023-12-21,0.0,"{""type"":""MultiPoint"",""coordinates"":[]}"
20231222,2023-12-22,0.032666453199492115,"{""type"":""MultiPoint"",""coordinates"":[]}"
20231223,2023-12-23,0.0,"{""type"":""MultiPoint"",""coordinates"":[]}"
20231224,2023-12-24,0.0,"{""type"":""MultiPoint"",""coordinates"":[]}"
20231225,2023-12-25,0.0,"{""type"":""MultiPoint"",""coordinates"":[]}"
20231226,2023-12-26,0.0,"{""type"":""MultiPoint"",""coordinates"":[]}"
20231227,2023-12-27,0.0,"{""type"":""MultiPoint"",""coordinates"":[]}"
20231228,2023-12-28,0.0,"{""type"":""MultiPoint"",""coordinates"":[]}"
20231229,2023-12-29,0.0,"{""type"":""MultiPoint"",""coordinates"":[]}"
20231230,2023-12-30,0.0,"{""type"":""MultiPoint"",""coordinates"":[]}"
20231231,2023-12-31,0.0,"{""type"":""MultiPoint"",""coordinates"":[]}"
20240101,2024-01-01,0.0,"{""type"":""MultiPoint"",""coordinates"":[]}"
20240102,2024-01-02,0.0,"{""type"":""MultiPoint"",""coordinates"":[]}"
20240103,2024-01-03,0.0,"{""type"":""MultiPoint"",""coordinates"":[]}"
20240104,2024-01-04,0.2112366406131116,"{""type"":""MultiPoint"",""coordinates"":[]}"
20240105,2024-01-05,0.0,"{""type"":""MultiPoint"",""coordinates"":[]}"
20240106,2024-01-06,0.0,"{""type"":""MultiPoint"",""coordinates"":[]}"
20240107,2024-01-07,0.0,"{""type"":""MultiPoint"",""coordinates"":[]}"
20240108,2024-01-08,0.21102931052984905,"{""type"":""MultiPoint"",""coordinates"":[]}"
20240109,2024-01-09,8.73027159342171E-4,"{""type"":""MultiPoint"",""coordinates"":[]}"
20240110,2024-01-10,0.0,"{""type"":""MultiPoint"",""coordinates"":[]}"
20240111,2024-01-11,0.0,"{""type"":""MultiPoint"",""coordinates"":[]}"
20240112,2024-01-12,0.0,"{""type"":""MultiPoint"",""coordinates"":[]}"
20240113,2024-01-13,0.0,"{""type"":""MultiPoint"",""coordinates"":[]}"
20240114,2024-01-14,0.0,"{""type"":""MultiPoint"",""coordinates"":[]}"
20240115,2024-01-15,0.0,"{""type"":""MultiPoint"",""coordinates"":[]}"
20240116,2024-01-16,0.0,"{""type"":""MultiPoint"",""coordinates"":[]}"
20240117,2024-01-17,0.0020776474748876836,"{""type"":""MultiPoint"",""coordinates"":[]}"
20240118,2024-01-18,0.0,"{""type"":""MultiPoint"",""coordinates"":[]}"
20240119,2024-01-19,0.0,"{""type"":""MultiPoint"",""coordinates"":[]}"
20240120,2024-01-20,0.0,"{""type"":""MultiPoint"",""coordinates"":[]}"
20240121,2024-01-21,0.0,"{""type"":""MultiPoint"",""coordinates"":[]}"
20240122,2024-01-22,0.0,"{""type"":""MultiPoint"",""coordinates"":[]}"
20240123,2024-01-23,0.0,"{""type"":""MultiPoint"",""coordinates"":[]}"
20240124,2024-01-24,0.0,"{""type"":""MultiPoint"",""coordinates"":[]}"
20240125,2024-01-25,0.008044539625908053,"{""type"":""MultiPoint"",""coordinates"":[]}"
20240126,2024-01-26,0.0,"{""type"":""MultiPoint"",""coordinates"":[]}"
20240127,2024-01-27,0.0,"{""type"":""MultiPoint"",""coordinates"":[]}"
20240128,2024-01-28,0.0,"{""type"":""MultiPoint"",""coordinates"":[]}"
20240129,2024-01-29,0.0,"{""type"":""MultiPoint"",""coordinates"":[]}"
20240130,2024-01-30,0.0,"{""type"":""MultiPoint"",""coordinates"":[]}"
20240131,2024-01-31,0.0,"{""type"":""MultiPoint"",""coordinates"":[]}"
20240201,2024-02-01,0.005455193040151404,"{""type"":""MultiPoint"",""coordinates"":[]}"
20240202,2024-02-02,0.0,"{""type"":""MultiPoint"",""coordinates"":[]}"
20240203,2024-02-03,0.0,"{""type"":""MultiPoint"",""coordinates"":[]}"
20240204,2024-02-04,0.0,"{""type"":""MultiPoint"",""coordinates"":[]}"
20240205,2024-02-05,0.0,"{""type"":""MultiPoint"",""coordinates"":[]}"
20240206,2024-02-06,0.0,"{""type"":""MultiPoint"",""coordinates"":[]}"
20240207,2024-02-07,0.0,"{""type"":""MultiPoint"",""coordinates"":[]}"
20240208,2024-02-08,0.0,"{""type"":""MultiPoint"",""coordinates"":[]}"
20240209,2024-02-09,0.0,"{""type"":""MultiPoint"",""coordinates"":[]}"
20240210,2024-02-10,0.0,"{""type"":""MultiPoint"",""coordinates"":[]}"
20240211,2024-02-11,0.0,"{""type"":""MultiPoint"",""coordinates"":[]}"
20240212,2024-02-12,0.0,"{""type"":""MultiPoint"",""coordinates"":[]}"
20240213,2024-02-13,0.0,"{""type"":""MultiPoint"",""coordinates"":[]}"
20240214,2024-02-14,0.008147997602511321,"{""type"":""MultiPoint"",""coordinates"":[]}"
20240215,2024-02-15,0.033141185694018825,"{""type"":""MultiPoint"",""coordinates"":[]}"
20240216,2024-02-16,0.0,"{""type"":""MultiPoint"",""coordinates"":[]}"
20240217,2024-02-17,0.0,"{""type"":""MultiPoint"",""coordinates"":[]}"
20240218,2024-02-18,0.0,"{""type"":""MultiPoint"",""coordinates"":[]}"
20240219,2024-02-19,0.0,"{""type"":""MultiPoint"",""coordinates"":[]}"
20240220,2024-02-20,0.0,"{""type"":""MultiPoint"",""coordinates"":[]}"
20240221,2024-02-21,0.0,"{""type"":""MultiPoint"",""coordinates"":[]}"
20240222,2024-02-22,0.0,"{""type"":""MultiPoint"",""coordinates"":[]}"
20240223,2024-02-23,0.0,"{""type"":""MultiPoint"",""coordinates"":[]}"
20240224,2024-02-24,0.0,"{""type"":""MultiPoint"",""coordinates"":[]}"
20240225,2024-02-25,0.0,"{""type"":""MultiPoint"",""coordinates"":[]}"
20240226,2024-02-26,0.0,"{""type"":""MultiPoint"",""coordinates"":[]}"
20240227,2024-02-27,0.0,"{""type"":""MultiPoint"",""coordinates"":[]}"
20240228,2024-02-28,0.0,"{""type"":""MultiPoint"",""coordinates"":[]}"
20240229,2024-02-29,0.0,"{""type"":""MultiPoint"",""coordinates"":[]}"
20240301,2024-03-01,0.0,"{""type"":""MultiPoint"",""coordinates"":[]}"
20240302,2024-03-02,0.0,"{""type"":""MultiPoint"",""coordinates"":[]}"
20240303,2024-03-03,0.0,"{""type"":""MultiPoint"",""coordinates"":[]}"
20240304,2024-03-04,0.0,"{""type"":""MultiPoint"",""coordinates"":[]}"
20240305,2024-03-05,0.0,"{""type"":""MultiPoint"",""coordinates"":[]}"
20240306,2024-03-06,0.0,"{""type"":""MultiPoint"",""coordinates"":[]}"
20240307,2024-03-07,0.0,"{""type"":""MultiPoint"",""coordinates"":[]}"
20240308,2024-03-08,0.0,"{""type"":""MultiPoint"",""coordinates"":[]}"
20240309,2024-03-09,0.0,"{""type"":""MultiPoint"",""coordinates"":[]}"
20240310,2024-03-10,0.0,"{""type"":""MultiPoint"",""coordinates"":[]}"
20240311,2024-03-11,0.0,"{""type"":""MultiPoint"",""coordinates"":[]}"
20240312,2024-03-12,0.0,"{""type"":""MultiPoint"",""coordinates"":[]}"
20240313,2024-03-13,0.0,"{""type"":""MultiPoint"",""coordinates"":[]}"
20240314,2024-03-14,0.0,"{""type"":""MultiPoint"",""coordinates"":[]}"
20240315,2024-03-15,0.0,"{""type"":""MultiPoint"",""coordinates"":[]}"
20240316,2024-03-16,0.0,"{""type"":""MultiPoint"",""coordinates"":[]}"
20240317,2024-03-17,0.0,"{""type"":""MultiPoint"",""coordinates"":[]}"
20240318,2024-03-18,0.0,"{""type"":""MultiPoint"",""coordinates"":[]}"
20240319,2024-03-19,0.0,"{""type"":""MultiPoint"",""coordinates"":[]}"
20240320,2024-03-20,0.0,"{""type"":""MultiPoint"",""coordinates"":[]}"
20240321,2024-03-21,0.0,"{""type"":""MultiPoint"",""coordinates"":[]}"
20240322,2024-03-22,0.0,"{""type"":""MultiPoint"",""coordinates"":[]}"
20240323,2024-03-23,0.0,"{""type"":""MultiPoint"",""coordinates"":[]}"
20240324,2024-03-24,0.0,"{""type"":""MultiPoint"",""coordinates"":[]}"
20240325,2024-03-25,0.0,"{""type"":""MultiPoint"",""coordinates"":[]}"
20240326,2024-03-26,0.0,"{""type"":""MultiPoint"",""coordinates"":[]}"
20240327,2024-03-27,0.0,"{""type"":""MultiPoint"",""coordinates"":[]}"
20240328,2024-03-28,0.0,"{""type"":""MultiPoint"",""coordinates"":[]}"
20240329,2024-03-29,0.0,"{""type"":""MultiPoint"",""coordinates"":[]}"
20240330,2024-03-30,0.0,"{""type"":""MultiPoint"",""coordinates"":[]}"
20240331,2024-03-31,0.0,"{""type"":""MultiPoint"",""coordinates"":[]}"
20240401,2024-04-01,0.0,"{""type"":""MultiPoint"",""coordinates"":[]}"
20240402,2024-04-02,0.0,"{""type"":""MultiPoint"",""coordinates"":[]}"
20240403,2024-04-03,0.0,"{""type"":""MultiPoint"",""coordinates"":[]}"
20240404,2024-04-04,0.0,"{""type"":""MultiPoint"",""coordinates"":[]}"
20240405,2024-04-05,0.0,"{""type"":""MultiPoint"",""coordinates"":[]}"
20240406,2024-04-06,0.0,"{""type"":""MultiPoint"",""coordinates"":[]}"
20240407,2024-04-07,0.0,"{""type"":""MultiPoint"",""coordinates"":[]}"
20240408,2024-04-08,0.0,"{""type"":""MultiPoint"",""coordinates"":[]}"
20240409,2024-04-09,0.0,"{""type"":""MultiPoint"",""coordinates"":[]}"
20240410,2024-04-10,0.0021295053293164013,"{""type"":""MultiPoint"",""coordinates"":[]}"
20240411,2024-04-11,0.0024272853943628128,"{""type"":""MultiPoint"",""coordinates"":[]}"
20240412,2024-04-12,3.9399662862808684,"{""type"":""MultiPoint"",""coordinates"":[]}"
20240413,2024-04-13,3.8519905773393506E-5,"{""type"":""MultiPoint"",""coordinates"":[]}"
20240414,2024-04-14,9.442268753951713E-8,"{""type"":""MultiPoint"",""coordinates"":[]}"
20240415,2024-04-15,4.2606419479946015E-7,"{""type"":""MultiPoint"",""coordinates"":[]}"
20240416,2024-04-16,0.0,"{""type"":""MultiPoint"",""coordinates"":[]}"
20240417,2024-04-17,0.0,"{""type"":""MultiPoint"",""coordinates"":[]}"
20240418,2024-04-18,3.768696571763494,"{""type"":""MultiPoint"",""coordinates"":[]}"
20240419,2024-04-19,4.69016325372868,"{""type"":""MultiPoint"",""coordinates"":[]}"
20240420,2024-04-20,4.28334143663166,"{""type"":""MultiPoint"",""coordinates"":[]}"
20240421,2024-04-21,0.0,"{""type"":""MultiPoint"",""coordinates"":[]}"
20240422,2024-04-22,0.0,"{""type"":""MultiPoint"",""coordinates"":[]}"
20240423,2024-04-23,0.0,"{""type"":""MultiPoint"",""coordinates"":[]}"
20240424,2024-04-24,0.0,"{""type"":""MultiPoint"",""coordinates"":[]}"
20240425,2024-04-25,0.0,"{""type"":""MultiPoint"",""coordinates"":[]}"
20240426,2024-04-26,0.0,"{""type"":""MultiPoint"",""coordinates"":[]}"
20240427,2024-04-27,0.0,"{""type"":""MultiPoint"",""coordinates"":[]}"
20240428,2024-04-28,0.0,"{""type"":""MultiPoint"",""coordinates"":[]}"
20240429,2024-04-29,0.0,"{""type"":""MultiPoint"",""coordinates"":[]}"
20240430,2024-04-30,0.021239372739471178,"{""type"":""MultiPoint"",""coordinates"":[]}"
20240501,2024-05-01,0.008794316957575356,"{""type"":""MultiPoint"",""coordinates"":[]}"
20240502,2024-05-02,0.0,"{""type"":""MultiPoint"",""coordinates"":[]}"
20240503,2024-05-03,0.0,"{""type"":""MultiPoint"",""coordinates"":[]}"
20240504,2024-05-04,0.0,"{""type"":""MultiPoint"",""coordinates"":[]}"
20240505,2024-05-05,0.0,"{""type"":""MultiPoint"",""coordinates"":[]}"
20240506,2024-05-06,4.22058121311653,"{""type"":""MultiPoint"",""coordinates"":[]}"
20240507,2024-05-07,17.51739806560348,"{""type"":""MultiPoint"",""coordinates"":[]}"
20240508,2024-05-08,4.0735770761849635,"{""type"":""MultiPoint"",""coordinates"":[]}"
20240509,2024-05-09,1.4298781780777743,"{""type"":""MultiPoint"",""coordinates"":[]}"
20240510,2024-05-10,0.9685768000079092,"{""type"":""MultiPoint"",""coordinates"":[]}"
20240511,2024-05-11,0.0,"{""type"":""MultiPoint"",""coordinates"":[]}"
20240512,2024-05-12,4.850770836519833,"{""type"":""MultiPoint"",""coordinates"":[]}"
20240513,2024-05-13,0.45114781049394526,"{""type"":""MultiPoint"",""coordinates"":[]}"
20240514,2024-05-14,0.0,"{""type"":""MultiPoint"",""coordinates"":[]}"
20240515,2024-05-15,0.0,"{""type"":""MultiPoint"",""coordinates"":[]}"
20240516,2024-05-16,2.90967547053499,"{""type"":""MultiPoint"",""coordinates"":[]}"
20240517,2024-05-17,4.464611635821458,"{""type"":""MultiPoint"",""coordinates"":[]}"
20240518,2024-05-18,21.998405994722138,"{""type"":""MultiPoint"",""coordinates"":[]}"
20240519,2024-05-19,6.1402769100862225,"{""type"":""MultiPoint"",""coordinates"":[]}"
20240520,2024-05-20,3.675829965306305,"{""type"":""MultiPoint"",""coordinates"":[]}"
20240521,2024-05-21,2.0918501773503775,"{""type"":""MultiPoint"",""coordinates"":[]}"
20240522,2024-05-22,0.35535652656400823,"{""type"":""MultiPoint"",""coordinates"":[]}"
20240523,2024-05-23,0.7648264327016846,"{""type"":""MultiPoint"",""coordinates"":[]}"
20240524,2024-05-24,6.515434403750997,"{""type"":""MultiPoint"",""coordinates"":[]}"
20240525,2024-05-25,13.298942650997887,"{""type"":""MultiPoint"",""coordinates"":[]}"
20240526,2024-05-26,0.9575572282480957,"{""type"":""MultiPoint"",""coordinates"":[]}"
20240527,2024-05-27,0.8042211532019108,"{""type"":""MultiPoint"",""coordinates"":[]}"
20240528,2024-05-28,0.0,"{""type"":""MultiPoint"",""coordinates"":[]}"
20240529,2024-05-29,0.08931110119815894,"{""type"":""MultiPoint"",""coordinates"":[]}"
20240530,2024-05-30,0.0,"{""type"":""MultiPoint"",""coordinates"":[]}"
20240531,2024-05-31,0.0,"{""type"":""MultiPoint"",""coordinates"":[]}"
20240601,2024-06-01,4.595010248201622,"{""type"":""MultiPoint"",""coordinates"":[]}"
20240602,2024-06-02,7.029594881667875,"{""type"":""MultiPoint"",""coordinates"":[]}"
20240603,2024-06-03,6.394138548350502,"{""type"":""MultiPoint"",""coordinates"":[]}"
20240604,2024-06-04,2.3600944077486594,"{""type"":""MultiPoint"",""coordinates"":[]}"
20240605,2024-06-05,5.286490965249994,"{""type"":""MultiPoint"",""coordinates"":[]}"
20240606,2024-06-06,6.712914426350717,"{""type"":""MultiPoint"",""coordinates"":[]}"
20240607,2024-06-07,6.303255409062238,"{""type"":""MultiPoint"",""coordinates"":[]}"
20240608,2024-06-08,4.335393406983654,"{""type"":""MultiPoint"",""coordinates"":[]}"
20240609,2024-06-09,0.4161909948266886,"{""type"":""MultiPoint"",""coordinates"":[]}"
20240610,2024-06-10,1.5321077980333206,"{""type"":""MultiPoint"",""coordinates"":[]}"
20240611,2024-06-11,2.684431346861825,"{""type"":""MultiPoint"",""coordinates"":[]}"
20240612,2024-06-12,1.8223147565507338,"{""type"":""MultiPoint"",""coordinates"":[]}"
20240613,2024-06-13,1.6149003756626965,"{""type"":""MultiPoint"",""coordinates"":[]}"
20240614,2024-06-14,0.26820727459642685,"{""type"":""MultiPoint"",""coordinates"":[]}"
20240615,2024-06-15,0.007530093677231387,"{""type"":""MultiPoint"",""coordinates"":[]}"
20240616,2024-06-16,0.0,"{""type"":""MultiPoint"",""coordinates"":[]}"
20240617,2024-06-17,0.9468652845290023,"{""type"":""MultiPoint"",""coordinates"":[]}"
20240618,2024-06-18,1.2202827491794117,"{""type"":""MultiPoint"",""coordinates"":[]}"
20240619,2024-06-19,0.07346907606840689,"{""type"":""MultiPoint"",""coordinates"":[]}"
20240620,2024-06-20,0.0,"{""type"":""MultiPoint"",""coordinates"":[]}"
20240621,2024-06-21,0.726271260271925,"{""type"":""MultiPoint"",""coordinates"":[]}"
20240622,2024-06-22,0.35552431160518505,"{""type"":""MultiPoint"",""coordinates"":[]}"
20240623,2024-06-23,0.8664400171252395,"{""type"":""MultiPoint"",""coordinates"":[]}"
20240624,2024-06-24,0.0,"{""type"":""MultiPoint"",""coordinates"":[]}"
20240625,2024-06-25,0.14956788789032527,"{""type"":""MultiPoint"",""coordinates"":[]}"
20240626,2024-06-26,0.1719168990236936,"{""type"":""MultiPoint"",""coordinates"":[]}"
20240627,2024-06-27,1.0219699628867678,"{""type"":""MultiPoint"",""coordinates"":[]}"
20240628,2024-06-28,0.126320452054791,"{""type"":""MultiPoint"",""coordinates"":[]}"
20240629,2024-06-29,0.6199918166710279,"{""type"":""MultiPoint"",""coordinates"":[]}"
20240630,2024-06-30,7.308693981529649,"{""type"":""MultiPoint"",""coordinates"":[]}"
20240701,2024-07-01,2.1419796273767253,"{""type"":""MultiPoint"",""coordinates"":[]}"
20240702,2024-07-02,0.003823962186695568,"{""type"":""MultiPoint"",""coordinates"":[]}"
20240703,2024-07-03,1.0455609664782395,"{""type"":""MultiPoint"",""coordinates"":[]}"
20240704,2024-07-04,0.0849342325801164,"{""type"":""MultiPoint"",""coordinates"":[]}"
20240705,2024-07-05,2.3253523301401957,"{""type"":""MultiPoint"",""coordinates"":[]}"
20240706,2024-07-06,0.5592957381087361,"{""type"":""MultiPoint"",""coordinates"":[]}"
20240707,2024-07-07,0.3543941939840054,"{""type"":""MultiPoint"",""coordinates"":[]}"
20240708,2024-07-08,1.1122460681754835,"{""type"":""MultiPoint"",""coordinates"":[]}"
20240709,2024-07-09,0.15066401911302366,"{""type"":""MultiPoint"",""coordinates"":[]}"
20240710,2024-07-10,1.0709477005693602,"{""type"":""MultiPoint"",""coordinates"":[]}"
20240711,2024-07-11,0.5142423479736534,"{""type"":""MultiPoint"",""coordinates"":[]}"
20240712,2024-07-12,2.017507314878749,"{""type"":""MultiPoint"",""coordinates"":[]}"
20240713,2024-07-13,2.7334556379945076,"{""type"":""MultiPoint"",""coordinates"":[]}"
20240714,2024-07-14,1.5355383640499418,"{""type"":""MultiPoint"",""coordinates"":[]}"
20240715,2024-07-15,0.9905252433843726,"{""type"":""MultiPoint"",""coordinates"":[]}"
20240716,2024-07-16,0.2331780836468774,"{""type"":""MultiPoint"",""coordinates"":[]}"
20240717,2024-07-17,0.16247519548153494,"{""type"":""MultiPoint"",""coordinates"":[]}"
20240718,2024-07-18,1.925927001174828,"{""type"":""MultiPoint"",""coordinates"":[]}"
20240719,2024-07-19,0.802899380670946,"{""type"":""MultiPoint"",""coordinates"":[]}"
20240720,2024-07-20,3.188790604863223,"{""type"":""MultiPoint"",""coordinates"":[]}"
20240721,2024-07-21,1.9207071519573669,"{""type"":""MultiPoint"",""coordinates"":[]}"
20240722,2024-07-22,0.49150581507821356,"{""type"":""MultiPoint"",""coordinates"":[]}"
20240723,2024-07-23,0.28556589906757596,"{""type"":""MultiPoint"",""coordinates"":[]}"
20240724,2024-07-24,0.8939332468893015,"{""type"":""MultiPoint"",""coordinates"":[]}"
20240725,2024-07-25,1.2706979909001577,"{""type"":""MultiPoint"",""coordinates"":[]}"
20240726,2024-07-26,0.5621815200426116,"{""type"":""MultiPoint"",""coordinates"":[]}"
20240727,2024-07-27,0.18763887027823034,"{""type"":""MultiPoint"",""coordinates"":[]}"
20240728,2024-07-28,0.0,"{""type"":""MultiPoint"",""coordinates"":[]}"
20240729,2024-07-29,2.01270220532422,"{""type"":""MultiPoint"",""coordinates"":[]}"
20240730,2024-07-30,0.061680124316868375,"{""type"":""MultiPoint"",""coordinates"":[]}"
20240731,2024-07-31,0.0014386185381086195,"{""type"":""MultiPoint"",""coordinates"":[]}"
20240801,2024-08-01,0.4312271780226501,"{""type"":""MultiPoint"",""coordinates"":[]}"
20240802,2024-08-02,0.7144472310066737,"{""type"":""MultiPoint"",""coordinates"":[]}"
20240803,2024-08-03,0.28147940484410006,"{""type"":""MultiPoint"",""coordinates"":[]}"
20240804,2024-08-04,0.0024616544648283756,"{""type"":""MultiPoint"",""coordinates"":[]}"
20240805,2024-08-05,1.7521234538900334,"{""type"":""MultiPoint"",""coordinates"":[]}"
20240806,2024-08-06,10.27075865761224,"{""type"":""MultiPoint"",""coordinates"":[]}"
20240807,2024-08-07,10.293949694751655,"{""type"":""MultiPoint"",""coordinates"":[]}"
20240808,2024-08-08,1.1535538209080072,"{""type"":""MultiPoint"",""coordinates"":[]}"
20240809,2024-08-09,0.012146648302870976,"{""type"":""MultiPoint"",""coordinates"":[]}"
20240810,2024-08-10,1.5468585167911861,"{""type"":""MultiPoint"",""coordinates"":[]}"
20240811,2024-08-11,2.0360683426416997,"{""type"":""MultiPoint"",""coordinates"":[]}"
20240812,2024-08-12,3.539485619909834,"{""type"":""MultiPoint"",""coordinates"":[]}"
20240813,2024-08-13,1.3318952707455025,"{""type"":""MultiPoint"",""coordinates"":[]}"
20240814,2024-08-14,0.040859304161407824,"{""type"":""MultiPoint"",""coordinates"":[]}"
20240815,2024-08-15,0.39402150062406766,"{""type"":""MultiPoint"",""coordinates"":[]}"
20240816,2024-08-16,5.515767532375142,"{""type"":""MultiPoint"",""coordinates"":[]}"
20240817,2024-08-17,4.155267016114976,"{""type"":""MultiPoint"",""coordinates"":[]}"
20240818,2024-08-18,1.5101629880188012,"{""type"":""MultiPoint"",""coordinates"":[]}"
20240819,2024-08-19,7.805855056353951,"{""type"":""MultiPoint"",""coordinates"":[]}"
20240820,2024-08-20,2.0061257681246776,"{""type"":""MultiPoint"",""coordinates"":[]}"
20240821,2024-08-21,9.638439508694114,"{""type"":""MultiPoint"",""coordinates"":[]}"
20240822,2024-08-22,3.208082393917864,"{""type"":""MultiPoint"",""coordinates"":[]}"
20240823,2024-08-23,2.0166201410881834,"{""type"":""MultiPoint"",""coordinates"":[]}"
20240824,2024-08-24,0.6172633427147141,"{""type"":""MultiPoint"",""coordinates"":[]}"
20240825,2024-08-25,0.4015952862636471,"{""type"":""MultiPoint"",""coordinates"":[]}"
20240826,2024-08-26,0.4128773417627851,"{""type"":""MultiPoint"",""coordinates"":[]}"
20240827,2024-08-27,2.1180060992623555,"{""type"":""MultiPoint"",""coordinates"":[]}"
20240828,2024-08-28,0.929121908762637,"{""type"":""MultiPoint"",""coordinates"":[]}"
20240829,2024-08-29,2.4797874266952857,"{""type"":""MultiPoint"",""coordinates"":[]}"
20240830,2024-08-30,7.369671389406711,"{""type"":""MultiPoint"",""coordinates"":[]}"
20240831,2024-08-31,12.6321013889303,"{""type"":""MultiPoint"",""coordinates"":[]}"
20240901,2024-09-01,9.499785128809952,"{""type"":""MultiPoint"",""coordinates"":[]}"
20240902,2024-09-02,1.2166222163635851,"{""type"":""MultiPoint"",""coordinates"":[]}"
20240903,2024-09-03,6.203045953505354,"{""type"":""MultiPoint"",""coordinates"":[]}"
20240904,2024-09-04,1.006830520339024,"{""type"":""MultiPoint"",""coordinates"":[]}"
20240905,2024-09-05,0.49659691084618834,"{""type"":""MultiPoint"",""coordinates"":[]}"
20240906,2024-09-06,2.120345501287119,"{""type"":""MultiPoint"",""coordinates"":[]}"
20240907,2024-09-07,1.081340633677512,"{""type"":""MultiPoint"",""coordinates"":[]}"
20240908,2024-09-08,0.12731184809580492,"{""type"":""MultiPoint"",""coordinates"":[]}"
20240909,2024-09-09,0.0,"{""type"":""MultiPoint"",""coordinates"":[]}"
20240910,2024-09-10,0.0,"{""type"":""MultiPoint"",""coordinates"":[]}"
20240911,2024-09-11,0.8717909501323674,"{""type"":""MultiPoint"",""coordinates"":[]}"
20240912,2024-09-12,0.6517037476463367,"{""type"":""MultiPoint"",""coordinates"":[]}"
20240913,2024-09-13,0.37859230674740735,"{""type"":""MultiPoint"",""coordinates"":[]}"
20240914,2024-09-14,0.23452513805982242,"{""type"":""MultiPoint"",""coordinates"":[]}"
20240915,2024-09-15,0.11588898531580565,"{""type"":""MultiPoint"",""coordinates"":[]}"
20240916,2024-09-16,0.0,"{""type"":""MultiPoint"",""coordinates"":[]}"
20240917,2024-09-17,0.0,"{""type"":""MultiPoint"",""coordinates"":[]}"
20240918,2024-09-18,0.0,"{""type"":""MultiPoint"",""coordinates"":[]}"
20240919,2024-09-19,0.0,"{""type"":""MultiPoint"",""coordinates"":[]}"
20240920,2024-09-20,0.012819920278415971,"{""type"":""MultiPoint"",""coordinates"":[]}"
20240921,2024-09-21,0.6009954605157891,"{""type"":""MultiPoint"",""coordinates"":[]}"
20240922,2024-09-22,0.4815229545274221,"{""type"":""MultiPoint"",""coordinates"":[]}"
20240923,2024-09-23,2.3407873784412594,"{""type"":""MultiPoint"",""coordinates"":[]}"
20240924,2024-09-24,17.693736343604197,"{""type"":""MultiPoint"",""coordinates"":[]}"
20240925,2024-09-25,9.558690845592869,"{""type"":""MultiPoint"",""coordinates"":[]}"
20240926,2024-09-26,0.2786365698023197,"{""type"":""MultiPoint"",""coordinates"":[]}"
20240927,2024-09-27,1.218035722602133,"{""type"":""MultiPoint"",""coordinates"":[]}"
20240928,2024-09-28,3.101548320665897,"{""type"":""MultiPoint"",""coordinates"":[]}"
20240929,2024-09-29,8.737065912942596,"{""type"":""MultiPoint"",""coordinates"":[]}"
20240930,2024-09-30,0.24375278726313784,"{""type"":""MultiPoint"",""coordinates"":[]}"
20241001,2024-10-01,2.335483130588126,"{""type"":""MultiPoint"",""coordinates"":[]}"
20241002,2024-10-02,12.656461400097553,"{""type"":""MultiPoint"",""coordinates"":[]}"
20241003,2024-10-03,9.2438662654523,"{""type"":""MultiPoint"",""coordinates"":[]}"
20241004,2024-10-04,15.498802301453422,"{""type"":""MultiPoint"",""coordinates"":[]}"
20241005,2024-10-05,9.23570975348222,"{""type"":""MultiPoint"",""coordinates"":[]}"
20241006,2024-10-06,1.9454228761649817,"{""type"":""MultiPoint"",""coordinates"":[]}"
20241007,2024-10-07,0.016617948654161017,"{""type"":""MultiPoint"",""coordinates"":[]}"
20241008,2024-10-08,1.2952639951805585,"{""type"":""MultiPoint"",""coordinates"":[]}"
20241009,2024-10-09,1.4923366792031725,"{""type"":""MultiPoint"",""coordinates"":[]}"
20241010,2024-10-10,5.458086963529894,"{""type"":""MultiPoint"",""coordinates"":[]}"
20241011,2024-10-11,1.1750525398862428,"{""type"":""MultiPoint"",""coordinates"":[]}"
20241012,2024-10-12,0.6284630308366754,"{""type"":""MultiPoint"",""coordinates"":[]}"
20241013,2024-10-13,0.3273459258825898,"{""type"":""MultiPoint"",""coordinates"":[]}"
20241014,2024-10-14,22.85167408436255,"{""type"":""MultiPoint"",""coordinates"":[]}"
20241015,2024-10-15,21.57145911744091,"{""type"":""MultiPoint"",""coordinates"":[]}"
20241016,2024-10-16,42.43594885250818,"{""type"":""MultiPoint"",""coordinates"":[]}"
20241017,2024-10-17,16.945621113903403,"{""type"":""MultiPoint"",""coordinates"":[]}"
20241018,2024-10-18,8.07515918490161,"{""type"":""MultiPoint"",""coordinates"":[]}"
20241019,2024-10-19,2.61958828789494,"{""type"":""MultiPoint"",""coordinates"":[]}"
20241020,2024-10-20,4.300086663786548,"{""type"":""MultiPoint"",""coordinates"":[]}"
20241021,2024-10-21,38.72783814392172,"{""type"":""MultiPoint"",""coordinates"":[]}"
20241022,2024-10-22,1.519480235200307,"{""type"":""MultiPoint"",""coordinates"":[]}"
20241023,2024-10-23,5.31847961702619,"{""type"":""MultiPoint"",""coordinates"":[]}"
20241024,2024-10-24,0.587181209304998,"{""type"":""MultiPoint"",""coordinates"":[]}"
20241025,2024-10-25,0.0,"{""type"":""MultiPoint"",""coordinates"":[]}"
20241026,2024-10-26,0.0,"{""type"":""MultiPoint"",""coordinates"":[]}"
20241027,2024-10-27,0.0,"{""type"":""MultiPoint"",""coordinates"":[]}"
20241028,2024-10-28,0.0,"{""type"":""MultiPoint"",""coordinates"":[]}"
20241029,2024-10-29,0.0,"{""type"":""MultiPoint"",""coordinates"":[]}"
20241030,2024-10-30,0.0,"{""type"":""MultiPoint"",""coordinates"":[]}"
20241031,2024-10-31,0.47289041861760617,"{""type"":""MultiPoint"",""coordinates"":[]}"
20241101,2024-11-01,0.0,"{""type"":""MultiPoint"",""coordinates"":[]}"
20241102,2024-11-02,0.003758897362153983,"{""type"":""MultiPoint"",""coordinates"":[]}"
20241103,2024-11-03,0.0,"{""type"":""MultiPoint"",""coordinates"":[]}"
20241104,2024-11-04,0.0,"{""type"":""MultiPoint"",""coordinates"":[]}"
20241105,2024-11-05,0.0,"{""type"":""MultiPoint"",""coordinates"":[]}"
20241106,2024-11-06,0.0,"{""type"":""MultiPoint"",""coordinates"":[]}"
20241107,2024-11-07,0.0,"{""type"":""MultiPoint"",""coordinates"":[]}"
20241108,2024-11-08,0.0,"{""type"":""MultiPoint"",""coordinates"":[]}"
20241109,2024-11-09,0.0,"{""type"":""MultiPoint"",""coordinates"":[]}"
20241110,2024-11-10,0.0,"{""type"":""MultiPoint"",""coordinates"":[]}"
20241111,2024-11-11,0.0,"{""type"":""MultiPoint"",""coordinates"":[]}"
20241112,2024-11-12,0.12503283203238214,"{""type"":""MultiPoint"",""coordinates"":[]}"
20241113,2024-11-13,0.0,"{""type"":""MultiPoint"",""coordinates"":[]}"
20241114,2024-11-14,5.0885238531019255,"{""type"":""MultiPoint"",""coordinates"":[]}"
20241115,2024-11-15,1.6663633214548637,"{""type"":""MultiPoint"",""coordinates"":[]}"
20241116,2024-11-16,0.0779152178193257,"{""type"":""MultiPoint"",""coordinates"":[]}"
20241117,2024-11-17,0.0,"{""type"":""MultiPoint"",""coordinates"":[]}"
20241118,2024-11-18,0.0,"{""type"":""MultiPoint"",""coordinates"":[]}"
20241119,2024-11-19,0.0,"{""type"":""MultiPoint"",""coordinates"":[]}"
20241120,2024-11-20,0.0,"{""type"":""MultiPoint"",""coordinates"":[]}"
20241121,2024-11-21,0.0,"{""type"":""MultiPoint"",""coordinates"":[]}"
20241122,2024-11-22,0.0,"{""type"":""MultiPoint"",""coordinates"":[]}"
20241123,2024-11-23,0.029516289117181172,"{""type"":""MultiPoint"",""coordinates"":[]}"
20241124,2024-11-24,0.5685792184522049,"{""type"":""MultiPoint"",""coordinates"":[]}"
20241125,2024-11-25,0.21998509019642537,"{""type"":""MultiPoint"",""coordinates"":[]}"
20241126,2024-11-26,0.32422046773946395,"{""type"":""MultiPoint"",""coordinates"":[]}"
20241127,2024-11-27,1.450447433051846,"{""type"":""MultiPoint"",""coordinates"":[]}"
20241128,2024-11-28,0.01795670488705281,"{""type"":""MultiPoint"",""coordinates"":[]}"
20241129,2024-11-29,1.0583543632560577,"{""type"":""MultiPoint"",""coordinates"":[]}"
20241130,2024-11-30,9.82874985770887,"{""type"":""MultiPoint"",""coordinates"":[]}"
20241201,2024-12-01,12.826474545869486,"{""type"":""MultiPoint"",""coordinates"":[]}"
20241202,2024-12-02,6.075705009383237,"{""type"":""MultiPoint"",""coordinates"":[]}"
20241203,2024-12-03,1.3986787830867542,"{""type"":""MultiPoint"",""coordinates"":[]}"
20241204,2024-12-04,0.2648603702034265,"{""type"":""MultiPoint"",""coordinates"":[]}"
20241205,2024-12-05,0.06094146982721615,"{""type"":""MultiPoint"",""coordinates"":[]}"
20241206,2024-12-06,0.0,"{""type"":""MultiPoint"",""coordinates"":[]}"
20241207,2024-12-07,0.0,"{""type"":""MultiPoint"",""coordinates"":[]}"
20241208,2024-12-08,0.0,"{""type"":""MultiPoint"",""coordinates"":[]}"
20241209,2024-12-09,0.0,"{""type"":""MultiPoint"",""coordinates"":[]}"
20241210,2024-12-10,0.08886637483412631,"{""type"":""MultiPoint"",""coordinates"":[]}"
20241211,2024-12-11,0.005137119484846705,"{""type"":""MultiPoint"",""coordinates"":[]}"
20241212,2024-12-12,0.33802644513362456,"{""type"":""MultiPoint"",""coordinates"":[]}"
20241213,2024-12-13,0.0,"{""type"":""MultiPoint"",""coordinates"":[]}"
20241214,2024-12-14,0.0,"{""type"":""MultiPoint"",""coordinates"":[]}"
20241215,2024-12-15,0.016661328521143295,"{""type"":""MultiPoint"",""coordinates"":[]}"
20241216,2024-12-16,5.855198684988495E-4,"{""type"":""MultiPoint"",""coordinates"":[]}"
20241217,2024-12-17,0.006841707970574731,"{""type"":""MultiPoint"",""coordinates"":[]}"
20241218,2024-12-18,0.0,"{""type"":""MultiPoint"",""coordinates"":[]}"
20241219,2024-12-19,0.0,"{""type"":""MultiPoint"",""coordinates"":[]}"
20241220,2024-12-20,0.0,"{""type"":""MultiPoint"",""coordinates"":[]}"
20241221,2024-12-21,0.0,"{""type"":""MultiPoint"",""coordinates"":[]}"
20241222,2024-12-22,0.0,"{""type"":""MultiPoint"",""coordinates"":[]}"
20241223,2024-12-23,0.0,"{""type"":""MultiPoint"",""coordinates"":[]}"
20241224,2024-12-24,0.0,"{""type"":""MultiPoint"",""coordinates"":[]}"
20241225,2024-12-25,0.0,"{""type"":""MultiPoint"",""coordinates"":[]}"
20241226,2024-12-26,0.0,"{""type"":""MultiPoint"",""coordinates"":[]}"
20241227,2024-12-27,0.0,"{""type"":""MultiPoint"",""coordinates"":[]}"
20241228,2024-12-28,0.0,"{""type"":""MultiPoint"",""coordinates"":[]}"
20241229,2024-12-29,0.0,"{""type"":""MultiPoint"",""coordinates"":[]}"
20241230,2024-12-30,0.0,"{""type"":""MultiPoint"",""coordinates"":[]}"
20241231,2024-12-31,0.0,"{""type"":""MultiPoint"",""coordinates"":[]}"
20250101,2025-01-01,0.0,"{""type"":""MultiPoint"",""coordinates"":[]}"
20250102,2025-01-02,0.014802835321218932,"{""type"":""MultiPoint"",""coordinates"":[]}"
20250103,2025-01-03,0.0,"{""type"":""MultiPoint"",""coordinates"":[]}"
20250104,2025-01-04,0.005261071841159306,"{""type"":""MultiPoint"",""coordinates"":[]}"
20250105,2025-01-05,0.28220223938773475,"{""type"":""MultiPoint"",""coordinates"":[]}"
20250106,2025-01-06,0.0,"{""type"":""MultiPoint"",""coordinates"":[]}"
20250107,2025-01-07,0.0,"{""type"":""MultiPoint"",""coordinates"":[]}"
20250108,2025-01-08,0.0,"{""type"":""MultiPoint"",""coordinates"":[]}"
20250109,2025-01-09,0.0,"{""type"":""MultiPoint"",""coordinates"":[]}"
20250110,2025-01-10,0.23403167056527377,"{""type"":""MultiPoint"",""coordinates"":[]}"
20250111,2025-01-11,0.0,"{""type"":""MultiPoint"",""coordinates"":[]}"
20250112,2025-01-12,0.0,"{""type"":""MultiPoint"",""coordinates"":[]}"
20250113,2025-01-13,0.0,"{""type"":""MultiPoint"",""coordinates"":[]}"
20250114,2025-01-14,7.956824447616634E-4,"{""type"":""MultiPoint"",""coordinates"":[]}"
20250115,2025-01-15,0.0,"{""type"":""MultiPoint"",""coordinates"":[]}"
20250116,2025-01-16,0.0,"{""type"":""MultiPoint"",""coordinates"":[]}"
20250117,2025-01-17,0.0,"{""type"":""MultiPoint"",""coordinates"":[]}"
20250118,2025-01-18,0.0,"{""type"":""MultiPoint"",""coordinates"":[]}"
20250119,2025-01-19,0.0,"{""type"":""MultiPoint"",""coordinates"":[]}"
20250120,2025-01-20,0.0,"{""type"":""MultiPoint"",""coordinates"":[]}"
20250121,2025-01-21,7.417618139897594E-6,"{""type"":""MultiPoint"",""coordinates"":[]}"
20250122,2025-01-22,0.021420179177376174,"{""type"":""MultiPoint"",""coordinates"":[]}"
20250123,2025-01-23,0.216613031429915,"{""type"":""MultiPoint"",""coordinates"":[]}"
20250124,2025-01-24,0.3277113891470053,"{""type"":""MultiPoint"",""coordinates"":[]}"
20250125,2025-01-25,0.053798175967847674,"{""type"":""MultiPoint"",""coordinates"":[]}"
20250126,2025-01-26,0.0,"{""type"":""MultiPoint"",""coordinates"":[]}"
20250127,2025-01-27,0.0,"{""type"":""MultiPoint"",""coordinates"":[]}"
20250128,2025-01-28,0.0,"{""type"":""MultiPoint"",""coordinates"":[]}"
20250129,2025-01-29,0.0,"{""type"":""MultiPoint"",""coordinates"":[]}"
20250130,2025-01-30,0.0,"{""type"":""MultiPoint"",""coordinates"":[]}"
20250131,2025-01-31,0.023290949766503647,"{""type"":""MultiPoint"",""coordinates"":[]}"
20250201,2025-02-01,0.0,"{""type"":""MultiPoint"",""coordinates"":[]}"
20250202,2025-02-02,0.0,"{""type"":""MultiPoint"",""coordinates"":[]}"
20250203,2025-02-03,0.0,"{""type"":""MultiPoint"",""coordinates"":[]}"
20250204,2025-02-04,0.0,"{""type"":""MultiPoint"",""coordinates"":[]}"
20250205,2025-02-05,0.0,"{""type"":""MultiPoint"",""coordinates"":[]}"
20250206,2025-02-06,0.0700534935442557,"{""type"":""MultiPoint"",""coordinates"":[]}"
20250207,2025-02-07,0.2408185528326182,"{""type"":""MultiPoint"",""coordinates"":[]}"
20250208,2025-02-08,0.2273590164069805,"{""type"":""MultiPoint"",""coordinates"":[]}"
20250209,2025-02-09,0.06789236649098719,"{""type"":""MultiPoint"",""coordinates"":[]}"
20250210,2025-02-10,0.06692866567295054,"{""type"":""MultiPoint"",""coordinates"":[]}"
20250211,2025-02-11,0.0,"{""type"":""MultiPoint"",""coordinates"":[]}"
20250212,2025-02-12,0.0,"{""type"":""MultiPoint"",""coordinates"":[]}"
20250213,2025-02-13,0.0,"{""type"":""MultiPoint"",""coordinates"":[]}"
20250214,2025-02-14,0.0,"{""type"":""MultiPoint"",""coordinates"":[]}"
20250215,2025-02-15,0.0,"{""type"":""MultiPoint"",""coordinates"":[]}"
20250216,2025-02-16,0.0,"{""type"":""MultiPoint"",""coordinates"":[]}"
20250217,2025-02-17,0.0,"{""type"":""MultiPoint"",""coordinates"":[]}"
20250218,2025-02-18,0.0,"{""type"":""MultiPoint"",""coordinates"":[]}"
20250219,2025-02-19,0.0,"{""type"":""MultiPoint"",""coordinates"":[]}"
20250220,2025-02-20,0.0,"{""type"":""MultiPoint"",""coordinates"":[]}"
20250221,2025-02-21,0.0,"{""type"":""MultiPoint"",""coordinates"":[]}"
20250222,2025-02-22,0.0,"{""type"":""MultiPoint"",""coordinates"":[]}"
20250223,2025-02-23,0.0,"{""type"":""MultiPoint"",""coordinates"":[]}"
20250224,2025-02-24,0.0,"{""type"":""MultiPoint"",""coordinates"":[]}"
20250225,2025-02-25,0.05500851812951575,"{""type"":""MultiPoint"",""coordinates"":[]}"
20250226,2025-02-26,0.013669433068002015,"{""type"":""MultiPoint"",""coordinates"":[]}"
20250227,2025-02-27,0.40318531463032553,"{""type"":""MultiPoint"",""coordinates"":[]}"
20250228,2025-02-28,0.14875381811947327,"{""type"":""MultiPoint"",""coordinates"":[]}"
20250301,2025-03-01,0.011092294481103519,"{""type"":""MultiPoint"",""coordinates"":[]}"
20250302,2025-03-02,0.031727233987083825,"{""type"":""MultiPoint"",""coordinates"":[]}"
20250303,2025-03-03,0.25412304594120305,"{""type"":""MultiPoint"",""coordinates"":[]}"
20250304,2025-03-04,0.637391086071431,"{""type"":""MultiPoint"",""coordinates"":[]}"
20250305,2025-03-05,0.5720237087703348,"{""type"":""MultiPoint"",""coordinates"":[]}"
20250306,2025-03-06,0.0,"{""type"":""MultiPoint"",""coordinates"":[]}"
20250307,2025-03-07,0.0,"{""type"":""MultiPoint"",""coordinates"":[]}"
20250308,2025-03-08,0.01973981244254232,"{""type"":""MultiPoint"",""coordinates"":[]}"
20250309,2025-03-09,0.0,"{""type"":""MultiPoint"",""coordinates"":[]}"
20250310,2025-03-10,0.0,"{""type"":""MultiPoint"",""coordinates"":[]}"
20250311,2025-03-11,0.02725687150630952,"{""type"":""MultiPoint"",""coordinates"":[]}"
20250312,2025-03-12,0.023981533139138606,"{""type"":""MultiPoint"",""coordinates"":[]}"
20250313,2025-03-13,0.03620973678152378,"{""type"":""MultiPoint"",""coordinates"":[]}"
20250314,2025-03-14,0.0,"{""type"":""MultiPoint"",""coordinates"":[]}"
20250315,2025-03-15,0.015584546674597868,"{""type"":""MultiPoint"",""coordinates"":[]}"
20250316,2025-03-16,0.0,"{""type"":""MultiPoint"",""coordinates"":[]}"
20250317,2025-03-17,0.0,"{""type"":""MultiPoint"",""coordinates"":[]}"
20250318,2025-03-18,0.0,"{""type"":""MultiPoint"",""coordinates"":[]}"
20250319,2025-03-19,0.0,"{""type"":""MultiPoint"",""coordinates"":[]}"
20250320,2025-03-20,0.003146432173022172,"{""type"":""MultiPoint"",""coordinates"":[]}"
20250321,2025-03-21,0.0,"{""type"":""MultiPoint"",""coordinates"":[]}"
20250322,2025-03-22,0.1296384353176026,"{""type"":""MultiPoint"",""coordinates"":[]}"
20250323,2025-03-23,0.00618475315697833,"{""type"":""MultiPoint"",""coordinates"":[]}"
20250324,2025-03-24,0.0,"{""type"":""MultiPoint"",""coordinates"":[]}"
20250325,2025-03-25,0.0,"{""type"":""MultiPoint"",""coordinates"":[]}"
20250326,2025-03-26,0.19154738251232248,"{""type"":""MultiPoint"",""coordinates"":[]}"
20250327,2025-03-27,0.0,"{""type"":""MultiPoint"",""coordinates"":[]}"
20250328,2025-03-28,0.14282563625759367,"{""type"":""MultiPoint"",""coordinates"":[]}"
20250329,2025-03-29,0.05996617743901153,"{""type"":""MultiPoint"",""coordinates"":[]}"
20250330,2025-03-30,0.0,"{""type"":""MultiPoint"",""coordinates"":[]}"
20250331,2025-03-31,0.0,"{""type"":""MultiPoint"",""coordinates"":[]}"
20250401,2025-04-01,0.0,"{""type"":""MultiPoint"",""coordinates"":[]}"
20250402,2025-04-02,0.054173496620299896,"{""type"":""MultiPoint"",""coordinates"":[]}"
20250403,2025-04-03,2.723004316429343,"{""type"":""MultiPoint"",""coordinates"":[]}"
20250404,2025-04-04,0.11689421600919148,"{""type"":""MultiPoint"",""coordinates"":[]}"
20250405,2025-04-05,0.004250504946339662,"{""type"":""MultiPoint"",""coordinates"":[]}"
20250406,2025-04-06,0.0,"{""type"":""MultiPoint"",""coordinates"":[]}"
20250407,2025-04-07,0.0,"{""type"":""MultiPoint"",""coordinates"":[]}"
20250408,2025-04-08,0.0,"{""type"":""MultiPoint"",""coordinates"":[]}"
20250409,2025-04-09,0.00433285244741131,"{""type"":""MultiPoint"",""coordinates"":[]}"
20250410,2025-04-10,0.9023724323668938,"{""type"":""MultiPoint"",""coordinates"":[]}"
20250411,2025-04-11,0.04615570668050332,"{""type"":""MultiPoint"",""coordinates"":[]}"
20250412,2025-04-12,0.0,"{""type"":""MultiPoint"",""coordinates"":[]}"
20250413,2025-04-13,0.0,"{""type"":""MultiPoint"",""coordinates"":[]}"
20250414,2025-04-14,0.0,"{""type"":""MultiPoint"",""coordinates"":[]}"
20250415,2025-04-15,0.0,"{""type"":""MultiPoint"",""coordinates"":[]}"
20250416,2025-04-16,0.2164368070872754,"{""type"":""MultiPoint"",""coordinates"":[]}"
20250417,2025-04-17,0.03108501371106286,"{""type"":""MultiPoint"",""coordinates"":[]}"
20250418,2025-04-18,1.7663254515817566,"{""type"":""MultiPoint"",""coordinates"":[]}"
20250419,2025-04-19,0.0652197782251115,"{""type"":""MultiPoint"",""coordinates"":[]}"
20250420,2025-04-20,6.460945687406022,"{""type"":""MultiPoint"",""coordinates"":[]}"
20250421,2025-04-21,0.028837857537304053,"{""type"":""MultiPoint"",""coordinates"":[]}"
20250422,2025-04-22,0.0,"{""type"":""MultiPoint"",""coordinates"":[]}"
20250423,2025-04-23,0.00962417420540719,"{""type"":""MultiPoint"",""coordinates"":[]}"
20250424,2025-04-24,0.0,"{""type"":""MultiPoint"",""coordinates"":[]}"
20250425,2025-04-25,5.274381317601012,"{""type"":""MultiPoint"",""coordinates"":[]}"
20250426,2025-04-26,0.30957419123198526,"{""type"":""MultiPoint"",""coordinates"":[]}"
20250427,2025-04-27,7.442563107226685,"{""type"":""MultiPoint"",""coordinates"":[]}"
20250428,2025-04-28,0.31366395050136453,"{""type"":""MultiPoint"",""coordinates"":[]}"
20250429,2025-04-29,0.0,"{""type"":""MultiPoint"",""coordinates"":[]}"
20250430,2025-04-30,6.94998462680121,"{""type"":""MultiPoint"",""coordinates"":[]}"
20250501,2025-05-01,2.352781953863767,"{""type"":""MultiPoint"",""coordinates"":[]}"
20250502,2025-05-02,15.414138220395776,"{""type"":""MultiPoint"",""coordinates"":[]}"
20250503,2025-05-03,2.1114010361733295,"{""type"":""MultiPoint"",""coordinates"":[]}"
20250504,2025-05-04,0.0,"{""type"":""MultiPoint"",""coordinates"":[]}"
20250505,2025-05-05,0.017790085546517804,"{""type"":""MultiPoint"",""coordinates"":[]}"
20250506,2025-05-06,0.7463183625530793,"{""type"":""MultiPoint"",""coordinates"":[]}"
20250507,2025-05-07,0.13580841992383613,"{""type"":""MultiPoint"",""coordinates"":[]}"
20250508,2025-05-08,0.11065475121905091,"{""type"":""MultiPoint"",""coordinates"":[]}"
20250509,2025-05-09,2.0596032705602925,"{""type"":""MultiPoint"",""coordinates"":[]}"
20250510,2025-05-10,1.8690522544747497,"{""type"":""MultiPoint"",""coordinates"":[]}"
20250511,2025-05-11,0.11643151806621785,"{""type"":""MultiPoint"",""coordinates"":[]}"
20250512,2025-05-12,3.5757237843405836,"{""type"":""MultiPoint"",""coordinates"":[]}"
20250513,2025-05-13,15.092044160348367,"{""type"":""MultiPoint"",""coordinates"":[]}"
20250514,2025-05-14,14.89609514335364,"{""type"":""MultiPoint"",""coordinates"":[]}"
20250515,2025-05-15,7.582334283495809,"{""type"":""MultiPoint"",""coordinates"":[]}"
20250516,2025-05-16,0.3582641815529085,"{""type"":""MultiPoint"",""coordinates"":[]}"
20250517,2025-05-17,2.61342924074454,"{""type"":""MultiPoint"",""coordinates"":[]}"
20250518,2025-05-18,6.4355735958639935,"{""type"":""MultiPoint"",""coordinates"":[]}"
20250519,2025-05-19,6.923830784048295,"{""type"":""MultiPoint"",""coordinates"":[]}"
20250520,2025-05-20,37.59278675963446,"{""type"":""MultiPoint"",""coordinates"":[]}"
20250521,2025-05-21,10.453771072038874,"{""type"":""MultiPoint"",""coordinates"":[]}"
20250522,2025-05-22,2.5349006516815606,"{""type"":""MultiPoint"",""coordinates"":[]}"
20250523,2025-05-23,0.28206326556113964,"{""type"":""MultiPoint"",""coordinates"":[]}"
20250524,2025-05-24,0.012423297247511645,"{""type"":""MultiPoint"",""coordinates"":[]}"
20250525,2025-05-25,5.118490164349058,"{""type"":""MultiPoint"",""coordinates"":[]}"
20250526,2025-05-26,0.06940036823611301,"{""type"":""MultiPoint"",""coordinates"":[]}"
20250527,2025-05-27,1.589189303698197,"{""type"":""MultiPoint"",""coordinates"":[]}"
20250528,2025-05-28,0.24248782239648278,"{""type"":""MultiPoint"",""coordinates"":[]}"
20250529,2025-05-29,2.690099530805915,"{""type"":""MultiPoint"",""coordinates"":[]}"
20250530,2025-05-30,2.8566961971636666,"{""type"":""MultiPoint"",""coordinates"":[]}"
20250531,2025-05-31,0.2939145575218385,"{""type"":""MultiPoint"",""coordinates"":[]}"
20250601,2025-06-01,0.03677151330025535,"{""type"":""MultiPoint"",""coordinates"":[]}"
20250602,2025-06-02,0.0,"{""type"":""MultiPoint"",""coordinates"":[]}"
20250603,2025-06-03,0.0,"{""type"":""MultiPoint"",""coordinates"":[]}"
20250604,2025-06-04,0.0,"{""type"":""MultiPoint"",""coordinates"":[]}"
20250605,2025-06-05,0.0,"{""type"":""MultiPoint"",""coordinates"":[]}"
20250606,2025-06-06,0.39939639092839213,"{""type"":""MultiPoint"",""coordinates"":[]}"
20250607,2025-06-07,0.32292590594743936,"{""type"":""MultiPoint"",""coordinates"":[]}"
20250608,2025-06-08,1.469512939342638,"{""type"":""MultiPoint"",""coordinates"":[]}"
20250609,2025-06-09,0.0650459343730223,"{""type"":""MultiPoint"",""coordinates"":[]}"
20250610,2025-06-10,1.9519035339384454,"{""type"":""MultiPoint"",""coordinates"":[]}"
20250611,2025-06-11,3.173874124959127,"{""type"":""MultiPoint"",""coordinates"":[]}"
20250612,2025-06-12,2.128538491362529,"{""type"":""MultiPoint"",""coordinates"":[]}"
20250613,2025-06-13,0.35997330138170397,"{""type"":""MultiPoint"",""coordinates"":[]}"
20250614,2025-06-14,1.151956321084584,"{""type"":""MultiPoint"",""coordinates"":[]}"
20250615,2025-06-15,0.43603557525278375,"{""type"":""MultiPoint"",""coordinates"":[]}"
20250616,2025-06-16,0.0,"{""type"":""MultiPoint"",""coordinates"":[]}"
20250617,2025-06-17,0.0,"{""type"":""MultiPoint"",""coordinates"":[]}"
20250618,2025-06-18,0.03306568176547061,"{""type"":""MultiPoint"",""coordinates"":[]}"
20250619,2025-06-19,0.5302055490399739,"{""type"":""MultiPoint"",""coordinates"":[]}"
20250620,2025-06-20,1.2169791896807618,"{""type"":""MultiPoint"",""coordinates"":[]}"
20250621,2025-06-21,0.022476048581946066,"{""type"":""MultiPoint"",""coordinates"":[]}"
20250622,2025-06-22,0.3686590777772421,"{""type"":""MultiPoint"",""coordinates"":[]}"
20250623,2025-06-23,0.5176432475661755,"{""type"":""MultiPoint"",""coordinates"":[]}"
20250624,2025-06-24,0.007570034487431693,"{""type"":""MultiPoint"",""coordinates"":[]}"
20250625,2025-06-25,0.2902735086245138,"{""type"":""MultiPoint"",""coordinates"":[]}"
20250626,2025-06-26,0.0,"{""type"":""MultiPoint"",""coordinates"":[]}"
20250627,2025-06-27,0.10214215998510323,"{""type"":""MultiPoint"",""coordinates"":[]}"
20250628,2025-06-28,0.0,"{""type"":""MultiPoint"",""coordinates"":[]}"
20250629,2025-06-29,0.3870183708557839,"{""type"":""MultiPoint"",""coordinates"":[]}"
20250630,2025-06-30,2.375976049799556,"{""type"":""MultiPoint"",""coordinates"":[]}"
20250701,2025-07-01,0.7689215441823546,"{""type"":""MultiPoint"",""coordinates"":[]}"
20250702,2025-07-02,1.2204184459223204,"{""type"":""MultiPoint"",""coordinates"":[]}"
20250703,2025-07-03,2.6489116788940867,"{""type"":""MultiPoint"",""coordinates"":[]}"
20250704,2025-07-04,0.081297077301158,"{""type"":""MultiPoint"",""coordinates"":[]}"
20250705,2025-07-05,0.1554084018899543,"{""type"":""MultiPoint"",""coordinates"":[]}"
20250706,2025-07-06,0.0018219664806440367,"{""type"":""MultiPoint"",""coordinates"":[]}"
20250707,2025-07-07,0.033174946898712886,"{""type"":""MultiPoint"",""coordinates"":[]}"
20250708,2025-07-08,0.007656298572224482,"{""type"":""MultiPoint"",""coordinates"":[]}"
20250709,2025-07-09,0.0,"{""type"":""MultiPoint"",""coordinates"":[]}"
20250710,2025-07-10,0.01531360328717287,"{""type"":""MultiPoint"",""coordinates"":[]}"
20250711,2025-07-11,0.0,"{""type"":""MultiPoint"",""coordinates"":[]}"
20250712,2025-07-12,0.0,"{""type"":""MultiPoint"",""coordinates"":[]}"
20250713,2025-07-13,0.0010496615382446423,"{""type"":""MultiPoint"",""coordinates"":[]}"
20250714,2025-07-14,0.057943754342622,"{""type"":""MultiPoint"",""coordinates"":[]}"
20250715,2025-07-15,0.0,"{""type"":""MultiPoint"",""coordinates"":[]}"
20250716,2025-07-16,0.3398423185273705,"{""type"":""MultiPoint"",""coordinates"":[]}"
20250717,2025-07-17,2.3097209224105386,"{""type"":""MultiPoint"",""coordinates"":[]}"
20250718,2025-07-18,2.870431096896342,"{""type"":""MultiPoint"",""coordinates"":[]}"
20250719,2025-07-19,0.5548710359343414,"{""type"":""MultiPoint"",""coordinates"":[]}"
20250720,2025-07-20,2.991872174263611,"{""type"":""MultiPoint"",""coordinates"":[]}"
20250721,2025-07-21,2.155624002508979,"{""type"":""MultiPoint"",""coordinates"":[]}"
20250722,2025-07-22,0.0,"{""type"":""MultiPoint"",""coordinates"":[]}"
20250723,2025-07-23,1.2111413425087212,"{""type"":""MultiPoint"",""coordinates"":[]}"
20250724,2025-07-24,0.05485696240027445,"{""type"":""MultiPoint"",""coordinates"":[]}"
20250725,2025-07-25,2.386111961823176,"{""type"":""MultiPoint"",""coordinates"":[]}"
20250726,2025-07-26,0.9769748027414169,"{""type"":""MultiPoint"",""coordinates"":[]}"
20250727,2025-07-27,0.10899699091184947,"{""type"":""MultiPoint"",""coordinates"":[]}"
20250728,2025-07-28,0.0,"{""type"":""MultiPoint"",""coordinates"":[]}"
20250729,2025-07-29,1.0473847570010388,"{""type"":""MultiPoint"",""coordinates"":[]}"
20250730,2025-07-30,0.7796247385690478,"{""type"":""MultiPoint"",""coordinates"":[]}"
20250731,2025-07-31,0.0,"{""type"":""MultiPoint"",""coordinates"":[]}"
20250801,2025-08-01,0.0024620653540878695,"{""type"":""MultiPoint"",""coordinates"":[]}"
20250802,2025-08-02,0.22837451329362815,"{""type"":""MultiPoint"",""coordinates"":[]}"
20250803,2025-08-03,0.46738485328740975,"{""type"":""MultiPoint"",""coordinates"":[]}"
20250804,2025-08-04,4.787494222961273,"{""type"":""MultiPoint"",""coordinates"":[]}"
20250805,2025-08-05,5.073585916705028,"{""type"":""MultiPoint"",""coordinates"":[]}"
20250806,2025-08-06,0.622708219109552,"{""type"":""MultiPoint"",""coordinates"":[]}"
20250807,2025-08-07,7.7898116258302315,"{""type"":""MultiPoint"",""coordinates"":[]}"
20250808,2025-08-08,9.412040836097505,"{""type"":""MultiPoint"",""coordinates"":[]}"
20250809,2025-08-09,5.508977610347795,"{""type"":""MultiPoint"",""coordinates"":[]}"
20250810,2025-08-10,7.354216172831392,"{""type"":""MultiPoint"",""coordinates"":[]}"
20250811,2025-08-11,0.47532404734769407,"{""type"":""MultiPoint"",""coordinates"":[]}"
20250812,2025-08-12,8.18994855941499,"{""type"":""MultiPoint"",""coordinates"":[]}"
20250813,2025-08-13,14.538681357347114,"{""type"":""MultiPoint"",""coordinates"":[]}"
20250814,2025-08-14,0.4086431435187777,"{""type"":""MultiPoint"",""coordinates"":[]}"
20250815,2025-08-15,1.2088767332601458,"{""type"":""MultiPoint"",""coordinates"":[]}"
20250816,2025-08-16,2.604295934816488,"{""type"":""MultiPoint"",""coordinates"":[]}"
20250817,2025-08-17,4.928721796597764,"{""type"":""MultiPoint"",""coordinates"":[]}"
20250818,2025-08-18,2.9448612759829476,"{""type"":""MultiPoint"",""coordinates"":[]}"
20250819,2025-08-19,0.33685191250079866,"{""type"":""MultiPoint"",""coordinates"":[]}"
20250820,2025-08-20,0.0,"{""type"":""MultiPoint"",""coordinates"":[]}"
20250821,2025-08-21,0.0,"{""type"":""MultiPoint"",""coordinates"":[]}"
20250822,2025-08-22,1.0350442498187415,"{""type"":""MultiPoint"",""coordinates"":[]}"
20250823,2025-08-23,1.5495002610284931,"{""type"":""MultiPoint"",""coordinates"":[]}"
20250824,2025-08-24,0.14121275864474797,"{""type"":""MultiPoint"",""coordinates"":[]}"
20250825,2025-08-25,0.4533947962747464,"{""type"":""MultiPoint"",""coordinates"":[]}"
20250826,2025-08-26,3.015327077584914,"{""type"":""MultiPoint"",""coordinates"":[]}"
20250827,2025-08-27,2.4274286166357966,"{""type"":""MultiPoint"",""coordinates"":[]}"
20250828,2025-08-28,8.214332129332137,"{""type"":""MultiPoint"",""coordinates"":[]}"
20250829,2025-08-29,4.726267081348776,"{""type"":""MultiPoint"",""coordinates"":[]}"
20250830,2025-08-30,4.2760581081635936,"{""type"":""MultiPoint"",""coordinates"":[]}"
20250831,2025-08-31,1.1674142170142519,"{""type"":""MultiPoint"",""coordinates"":[]}"
20250901,2025-09-01,0.0,"{""type"":""MultiPoint"",""coordinates"":[]}"
20250902,2025-09-02,4.711701313211651,"{""type"":""MultiPoint"",""coordinates"":[]}"
20250903,2025-09-03,0.0,"{""type"":""MultiPoint"",""coordinates"":[]}"
20250904,2025-09-04,0.0,"{""type"":""MultiPoint"",""coordinates"":[]}"
20250905,2025-09-05,0.0,"{""type"":""MultiPoint"",""coordinates"":[]}"
20250906,2025-09-06,0.0,"{""type"":""MultiPoint"",""coordinates"":[]}"
20250907,2025-09-07,0.0,"{""type"":""MultiPoint"",""coordinates"":[]}"
20250908,2025-09-08,0.0,"{""type"":""MultiPoint"",""coordinates"":[]}"
20250909,2025-09-09,0.0,"{""type"":""MultiPoint"",""coordinates"":[]}"
20250910,2025-09-10,11.472937902326782,"{""type"":""MultiPoint"",""coordinates"":[]}"
20250911,2025-09-11,10.02996445509021,"{""type"":""MultiPoint"",""coordinates"":[]}"
20250912,2025-09-12,3.785322976519314,"{""type"":""MultiPoint"",""coordinates"":[]}"
20250913,2025-09-13,16.81206908035324,"{""type"":""MultiPoint"",""coordinates"":[]}"
20250914,2025-09-14,0.7893851143989935,"{""type"":""MultiPoint"",""coordinates"":[]}"
20250915,2025-09-15,2.2848235369969614,"{""type"":""MultiPoint"",""coordinates"":[]}"
20250916,2025-09-16,6.423508503244245,"{""type"":""MultiPoint"",""coordinates"":[]}"
20250917,2025-09-17,12.191538835659694,"{""type"":""MultiPoint"",""coordinates"":[]}"
20250918,2025-09-18,15.053617406480777,"{""type"":""MultiPoint"",""coordinates"":[]}"
20250919,2025-09-19,11.52683615950267,"{""type"":""MultiPoint"",""coordinates"":[]}"
20250920,2025-09-20,1.1352925634200115,"{""type"":""MultiPoint"",""coordinates"":[]}"
20250921,2025-09-21,4.126862056567412,"{""type"":""MultiPoint"",""coordinates"":[]}"
20250922,2025-09-22,4.496013523658385,"{""type"":""MultiPoint"",""coordinates"":[]}"
20250923,2025-09-23,3.490771023155024,"{""type"":""MultiPoint"",""coordinates"":[]}"
20250924,2025-09-24,0.0,"{""type"":""MultiPoint"",""coordinates"":[]}"
20250925,2025-09-25,0.012396769957543168,"{""type"":""MultiPoint"",""coordinates"":[]}"
20250926,2025-09-26,3.0295188405904003,"{""type"":""MultiPoint"",""coordinates"":[]}"
20250927,2025-09-27,1.9799819480806895,"{""type"":""MultiPoint"",""coordinates"":[]}"
20250928,2025-09-28,0.011973413647551119,"{""type"":""MultiPoint"",""coordinates"":[]}"
20250929,2025-09-29,0.02250196773495635,"{""type"":""MultiPoint"",""coordinates"":[]}"
20250930,2025-09-30,0.0,"{""type"":""MultiPoint"",""coordinates"":[]}"
20251001,2025-10-01,0.20885415136167865,"{""type"":""MultiPoint"",""coordinates"":[]}"
20251002,2025-10-02,0.20643366018976345,"{""type"":""MultiPoint"",""coordinates"":[]}"
20251003,2025-10-03,0.0,"{""type"":""MultiPoint"",""coordinates"":[]}"
20251004,2025-10-04,3.901911374462484,"{""type"":""MultiPoint"",""coordinates"":[]}"
20251005,2025-10-05,0.5718641829396535,"{""type"":""MultiPoint"",""coordinates"":[]}"
20251006,2025-10-06,0.41063371304332014,"{""type"":""MultiPoint"",""coordinates"":[]}"
20251007,2025-10-07,0.36615678823590386,"{""type"":""MultiPoint"",""coordinates"":[]}"
20251008,2025-10-08,16.39824556812243,"{""type"":""MultiPoint"",""coordinates"":[]}"
20251009,2025-10-09,7.744608236463248,"{""type"":""MultiPoint"",""coordinates"":[]}"
20251010,2025-10-10,39.7656549520423,"{""type"":""MultiPoint"",""coordinates"":[]}"
20251011,2025-10-11,0.2632687014628888,"{""type"":""MultiPoint"",""coordinates"":[]}"
20251012,2025-10-12,0.5923783417210442,"{""type"":""MultiPoint"",""coordinates"":[]}"
20251013,2025-10-13,1.1547241906824537,"{""type"":""MultiPoint"",""coordinates"":[]}"
20251014,2025-10-14,0.7901071722599915,"{""type"":""MultiPoint"",""coordinates"":[]}"
20251015,2025-10-15,0.3594260256688298,"{""type"":""MultiPoint"",""coordinates"":[]}"
20251016,2025-10-16,4.776543555906515,"{""type"":""MultiPoint"",""coordinates"":[]}"
20251017,2025-10-17,0.008937394495826333,"{""type"":""MultiPoint"",""coordinates"":[]}"
20251018,2025-10-18,0.6210680981965688,"{""type"":""MultiPoint"",""coordinates"":[]}"
20251019,2025-10-19,3.383261865523532,"{""type"":""MultiPoint"",""coordinates"":[]}"
20251020,2025-10-20,2.291245152517019,"{""type"":""MultiPoint"",""coordinates"":[]}"
20251021,2025-10-21,7.289965682399019,"{""type"":""MultiPoint"",""coordinates"":[]}"
20251022,2025-10-22,21.634479846913038,"{""type"":""MultiPoint"",""coordinates"":[]}"
20251023,2025-10-23,27.991538604420533,"{""type"":""MultiPoint"",""coordinates"":[]}"
20251024,2025-10-24,5.865881701639843,"{""type"":""MultiPoint"",""coordinates"":[]}"
20251025,2025-10-25,0.01041618496235776,"{""type"":""MultiPoint"",""coordinates"":[]}"
20251026,2025-10-26,0.6472804541216659,"{""type"":""MultiPoint"",""coordinates"":[]}"
20251027,2025-10-27,16.742193884971933,"{""type"":""MultiPoint"",""coordinates"":[]}"
20251028,2025-10-28,33.96682853180982,"{""type"":""MultiPoint"",""coordinates"":[]}"
20251029,2025-10-29,5.462827093387634,"{""type"":""MultiPoint"",""coordinates"":[]}"
20251030,2025-10-30,0.0,"{""type"":""MultiPoint"",""coordinates"":[]}"
20251031,2025-10-31,0.0,"{""type"":""MultiPoint"",""coordinates"":[]}"
20251101,2025-11-01,0.0,"{""type"":""MultiPoint"",""coordinates"":[]}"
20251102,2025-11-02,0.0,"{""type"":""MultiPoint"",""coordinates"":[]}"
20251103,2025-11-03,0.12036273094850616,"{""type"":""MultiPoint"",""coordinates"":[]}"
20251104,2025-11-04,0.12741082152708808,"{""type"":""MultiPoint"",""coordinates"":[]}"
20251105,2025-11-05,0.6200845519854618,"{""type"":""MultiPoint"",""coordinates"":[]}"
20251106,2025-11-06,0.12408504369572074,"{""type"":""MultiPoint"",""coordinates"":[]}"
20251107,2025-11-07,0.0,"{""type"":""MultiPoint"",""coordinates"":[]}"
20251108,2025-11-08,0.0,"{""type"":""MultiPoint"",""coordinates"":[]}"
20251109,2025-11-09,0.0,"{""type"":""MultiPoint"",""coordinates"":[]}"
20251110,2025-11-10,0.0,"{""type"":""MultiPoint"",""coordinates"":[]}"
20251111,2025-11-11,0.0,"{""type"":""MultiPoint"",""coordinates"":[]}"
20251112,2025-11-12,0.0,"{""type"":""MultiPoint"",""coordinates"":[]}"
20251113,2025-11-13,0.0,"{""type"":""MultiPoint"",""coordinates"":[]}"
20251114,2025-11-14,0.0,"{""type"":""MultiPoint"",""coordinates"":[]}"
20251115,2025-11-15,0.0,"{""type"":""MultiPoint"",""coordinates"":[]}"
20251116,2025-11-16,0.0,"{""type"":""MultiPoint"",""coordinates"":[]}"
20251117,2025-11-17,0.06796254304142248,"{""type"":""MultiPoint"",""coordinates"":[]}"
20251118,2025-11-18,0.0,"{""type"":""MultiPoint"",""coordinates"":[]}"
20251119,2025-11-19,0.0,"{""type"":""MultiPoint"",""coordinates"":[]}"
20251120,2025-11-20,0.0,"{""type"":""MultiPoint"",""coordinates"":[]}"
20251121,2025-11-21,0.44660966712189026,"{""type"":""MultiPoint"",""coordinates"":[]}"
20251122,2025-11-22,5.674999245709962,"{""type"":""MultiPoint"",""coordinates"":[]}"
20251123,2025-11-23,0.6374975901118625,"{""type"":""MultiPoint"",""coordinates"":[]}"
20251124,2025-11-24,0.03020132887942185,"{""type"":""MultiPoint"",""coordinates"":[]}"
20251125,2025-11-25,1.445898528868103,"{""type"":""MultiPoint"",""coordinates"":[]}"
20251126,2025-11-26,0.0,"{""type"":""MultiPoint"",""coordinates"":[]}"
20251127,2025-11-27,0.012133362658998377,"{""type"":""MultiPoint"",""coordinates"":[]}"
20251128,2025-11-28,0.41415502491507283,"{""type"":""MultiPoint"",""coordinates"":[]}"
20251129,2025-11-29,1.892453214387557,"{""type"":""MultiPoint"",""coordinates"":[]}"
20251130,2025-11-30,4.510782722356224,"{""type"":""MultiPoint"",""coordinates"":[]}"
20251201,2025-12-01,0.0,"{""type"":""MultiPoint"",""coordinates"":[]}"
20251202,2025-12-02,0.33342264516315395,"{""type"":""MultiPoint"",""coordinates"":[]}"
20251203,2025-12-03,0.03637078474846503,"{""type"":""MultiPoint"",""coordinates"":[]}"
20251204,2025-12-04,0.0011705446246095905,"{""type"":""MultiPoint"",""coordinates"":[]}"
20251205,2025-12-05,0.0,"{""type"":""MultiPoint"",""coordinates"":[]}"
20251206,2025-12-06,0.590204082984339,"{""type"":""MultiPoint"",""coordinates"":[]}"
20251207,2025-12-07,0.2728160358181002,"{""type"":""MultiPoint"",""coordinates"":[]}"
20251208,2025-12-08,0.0,"{""type"":""MultiPoint"",""coordinates"":[]}"
20251209,2025-12-09,0.0,"{""type"":""MultiPoint"",""coordinates"":[]}"
20251210,2025-12-10,0.0,"{""type"":""MultiPoint"",""coordinates"":[]}"
20251211,2025-12-11,0.0,"{""type"":""MultiPoint"",""coordinates"":[]}"
20251212,2025-12-12,0.0,"{""type"":""MultiPoint"",""coordinates"":[]}"
20251213,2025-12-13,0.0,"{""type"":""MultiPoint"",""coordinates"":[]}"
20251214,2025-12-14,0.0,"{""type"":""MultiPoint"",""coordinates"":[]}"
20251215,2025-12-15,0.2608853105390075,"{""type"":""MultiPoint"",""coordinates"":[]}"
20251216,2025-12-16,0.01611902858736491,"{""type"":""MultiPoint"",""coordinates"":[]}"
20251217,2025-12-17,0.0,"{""type"":""MultiPoint"",""coordinates"":[]}"
20251218,2025-12-18,0.0,"{""type"":""MultiPoint"",""coordinates"":[]}"
20251219,2025-12-19,0.0,"{""type"":""MultiPoint"",""coordinates"":[]}"
20251220,2025-12-20,1.3864413000088094,"{""type"":""MultiPoint"",""coordinates"":[]}"
20251221,2025-12-21,1.560141068190748,"{""type"":""MultiPoint"",""coordinates"":[]}"
20251222,2025-12-22,0.003923170053119706,"{""type"":""MultiPoint"",""coordinates"":[]}"
20251223,2025-12-23,0.0,"{""type"":""MultiPoint"",""coordinates"":[]}"
20251224,2025-12-24,0.0,"{""type"":""MultiPoint"",""coordinates"":[]}"
20251225,2025-12-25,0.0,"{""type"":""MultiPoint"",""coordinates"":[]}"
20251226,2025-12-26,0.0,"{""type"":""MultiPoint"",""coordinates"":[]}"
20251227,2025-12-27,0.0,"{""type"":""MultiPoint"",""coordinates"":[]}"
20251228,2025-12-28,0.0,"{""type"":""MultiPoint"",""coordinates"":[]}"
20251229,2025-12-29,0.0025056116540502402,"{""type"":""MultiPoint"",""coordinates"":[]}"
20251230,2025-12-30,0.0,"{""type"":""MultiPoint"",""coordinates"":[]}"
20251231,2025-12-31,0.31253550757755266,"{""type"":""MultiPoint"",""coordinates"":[]}"
