system:index,date,gpp_mean_kg_C_m2,.geo
1_2001_01_01,2001-01-01,0.02665360735867098,"{""type"":""MultiPoint"",""coordinates"":[]}"
1_2001_01_09,2001-01-09,0.0327273568451654,"{""type"":""MultiPoint"",""coordinates"":[]}"
1_2001_01_17,2001-01-17,0.03026149596776192,"{""type"":""MultiPoint"",""coordinates"":[]}"
1_2001_01_25,2001-01-25,0.02415408041719808,"{""type"":""MultiPoint"",""coordinates"":[]}"
1_2001_02_02,2001-02-02,0.027725714522649207,"{""type"":""MultiPoint"",""coordinates"":[]}"
1_2001_02_10,2001-02-10,0.03206074409101789,"{""type"":""MultiPoint"",""coordinates"":[]}"
1_2001_02_18,2001-02-18,0.024267329131359913,"{""type"":""MultiPoint"",""coordinates"":[]}"
1_2001_02_26,2001-02-26,0.025266059873257127,"{""type"":""MultiPoint"",""coordinates"":[]}"
1_2001_03_06,2001-03-06,0.019181524306469404,"{""type"":""MultiPoint"",""coordinates"":[]}"
1_2001_03_14,2001-03-14,0.014625790385335428,"{""type"":""MultiPoint"",""coordinates"":[]}"
1_2001_03_22,2001-03-22,0.015966800047830177,"{""type"":""MultiPoint"",""coordinates"":[]}"
1_2001_03_30,2001-03-30,0.01738065742224679,"{""type"":""MultiPoint"",""coordinates"":[]}"
1_2001_04_07,2001-04-07,0.010232317691038944,"{""type"":""MultiPoint"",""coordinates"":[]}"
1_2001_04_15,2001-04-15,0.025341436226755963,"{""type"":""MultiPoint"",""coordinates"":[]}"
1_2001_04_23,2001-04-23,0.02255250641138471,"{""type"":""MultiPoint"",""coordinates"":[]}"
1_2001_05_01,2001-05-01,0.019860088975798697,"{""type"":""MultiPoint"",""coordinates"":[]}"
1_2001_05_09,2001-05-09,0.013401420492200534,"{""type"":""MultiPoint"",""coordinates"":[]}"
1_2001_05_17,2001-05-17,0.016546409600142545,"{""type"":""MultiPoint"",""coordinates"":[]}"
1_2001_05_25,2001-05-25,0.010975044398978458,"{""type"":""MultiPoint"",""coordinates"":[]}"
1_2001_06_02,2001-06-02,0.012338141549888253,"{""type"":""MultiPoint"",""coordinates"":[]}"
1_2001_06_10,2001-06-10,0.002443716214403857,"{""type"":""MultiPoint"",""coordinates"":[]}"
1_2001_06_18,2001-06-18,0.0025275833917214824,"{""type"":""MultiPoint"",""coordinates"":[]}"
1_2001_07_04,2001-07-04,0.012585613050779352,"{""type"":""MultiPoint"",""coordinates"":[]}"
1_2001_07_12,2001-07-12,0.020017977972997827,"{""type"":""MultiPoint"",""coordinates"":[]}"
1_2001_07_20,2001-07-20,0.021665381461776746,"{""type"":""MultiPoint"",""coordinates"":[]}"
1_2001_07_28,2001-07-28,0.01754329177244987,"{""type"":""MultiPoint"",""coordinates"":[]}"
1_2001_08_05,2001-08-05,0.007142546203677282,"{""type"":""MultiPoint"",""coordinates"":[]}"
1_2001_08_13,2001-08-13,0.006461025837233134,"{""type"":""MultiPoint"",""coordinates"":[]}"
1_2001_08_21,2001-08-21,0.03336907212595083,"{""type"":""MultiPoint"",""coordinates"":[]}"
1_2001_08_29,2001-08-29,0.031115568671942845,"{""type"":""MultiPoint"",""coordinates"":[]}"
1_2001_09_06,2001-09-06,0.02333672162756628,"{""type"":""MultiPoint"",""coordinates"":[]}"
1_2001_09_14,2001-09-14,0.022826153584946735,"{""type"":""MultiPoint"",""coordinates"":[]}"
1_2001_09_22,2001-09-22,0.02834134421094772,"{""type"":""MultiPoint"",""coordinates"":[]}"
1_2001_09_30,2001-09-30,0.01329643500397283,"{""type"":""MultiPoint"",""coordinates"":[]}"
1_2001_10_08,2001-10-08,0.03235034503717406,"{""type"":""MultiPoint"",""coordinates"":[]}"
1_2001_10_16,2001-10-16,0.04335357971953929,"{""type"":""MultiPoint"",""coordinates"":[]}"
1_2001_10_24,2001-10-24,0.05143397935013961,"{""type"":""MultiPoint"",""coordinates"":[]}"
1_2001_11_01,2001-11-01,0.033844512865952026,"{""type"":""MultiPoint"",""coordinates"":[]}"
1_2001_11_09,2001-11-09,0.03343714822130406,"{""type"":""MultiPoint"",""coordinates"":[]}"
1_2001_11_17,2001-11-17,0.04641971229167167,"{""type"":""MultiPoint"",""coordinates"":[]}"
1_2001_11_25,2001-11-25,0.04237684280939046,"{""type"":""MultiPoint"",""coordinates"":[]}"
1_2001_12_03,2001-12-03,0.04113088127170178,"{""type"":""MultiPoint"",""coordinates"":[]}"
1_2001_12_11,2001-12-11,0.03895233738330547,"{""type"":""MultiPoint"",""coordinates"":[]}"
1_2001_12_19,2001-12-19,0.028489110427714244,"{""type"":""MultiPoint"",""coordinates"":[]}"
1_2001_12_27,2001-12-27,0.01924605491923912,"{""type"":""MultiPoint"",""coordinates"":[]}"
1_2002_01_01,2002-01-01,0.03265028294001342,"{""type"":""MultiPoint"",""coordinates"":[]}"
1_2002_01_09,2002-01-09,0.039999340964406244,"{""type"":""MultiPoint"",""coordinates"":[]}"
1_2002_01_17,2002-01-17,0.044363123787840596,"{""type"":""MultiPoint"",""coordinates"":[]}"
1_2002_01_25,2002-01-25,0.03942917884660203,"{""type"":""MultiPoint"",""coordinates"":[]}"
1_2002_02_02,2002-02-02,0.04622240657153072,"{""type"":""MultiPoint"",""coordinates"":[]}"
1_2002_02_10,2002-02-10,0.04023080680423715,"{""type"":""MultiPoint"",""coordinates"":[]}"
1_2002_02_18,2002-02-18,0.03272886520681326,"{""type"":""MultiPoint"",""coordinates"":[]}"
1_2002_02_26,2002-02-26,0.026361357683673807,"{""type"":""MultiPoint"",""coordinates"":[]}"
1_2002_03_06,2002-03-06,0.024453574502198316,"{""type"":""MultiPoint"",""coordinates"":[]}"
1_2002_03_14,2002-03-14,0.018694632722314804,"{""type"":""MultiPoint"",""coordinates"":[]}"
1_2002_03_22,2002-03-22,0.025778897065997383,"{""type"":""MultiPoint"",""coordinates"":[]}"
1_2002_03_30,2002-03-30,0.020367140167341875,"{""type"":""MultiPoint"",""coordinates"":[]}"
1_2002_04_07,2002-04-07,0.015949776533738302,"{""type"":""MultiPoint"",""coordinates"":[]}"
1_2002_04_15,2002-04-15,0.013358408432086938,"{""type"":""MultiPoint"",""coordinates"":[]}"
1_2002_04_23,2002-04-23,0.012627178453385677,"{""type"":""MultiPoint"",""coordinates"":[]}"
1_2002_05_01,2002-05-01,0.013331738861002333,"{""type"":""MultiPoint"",""coordinates"":[]}"
1_2002_05_09,2002-05-09,0.006359707785696852,"{""type"":""MultiPoint"",""coordinates"":[]}"
1_2002_05_17,2002-05-17,0.008920312256358393,"{""type"":""MultiPoint"",""coordinates"":[]}"
1_2002_05_25,2002-05-25,0.014497942284815603,"{""type"":""MultiPoint"",""coordinates"":[]}"
1_2002_06_02,2002-06-02,0.017848199865214135,"{""type"":""MultiPoint"",""coordinates"":[]}"
1_2002_06_10,2002-06-10,0.017600405626121182,"{""type"":""MultiPoint"",""coordinates"":[]}"
1_2002_06_18,2002-06-18,0.01606055727878408,"{""type"":""MultiPoint"",""coordinates"":[]}"
1_2002_06_26,2002-06-26,0.026163467572263677,"{""type"":""MultiPoint"",""coordinates"":[]}"
1_2002_07_04,2002-07-04,0.024233268602937803,"{""type"":""MultiPoint"",""coordinates"":[]}"
1_2002_07_12,2002-07-12,0.017943995160352232,"{""type"":""MultiPoint"",""coordinates"":[]}"
1_2002_07_20,2002-07-20,0.01874378068933572,"{""type"":""MultiPoint"",""coordinates"":[]}"
1_2002_07_28,2002-07-28,0.014176087297210293,"{""type"":""MultiPoint"",""coordinates"":[]}"
1_2002_08_05,2002-08-05,0.006951911536306308,"{""type"":""MultiPoint"",""coordinates"":[]}"
1_2002_08_13,2002-08-13,0.01821614076168657,"{""type"":""MultiPoint"",""coordinates"":[]}"
1_2002_08_21,2002-08-21,0.020747585044370638,"{""type"":""MultiPoint"",""coordinates"":[]}"
1_2002_08_29,2002-08-29,0.015614058934725152,"{""type"":""MultiPoint"",""coordinates"":[]}"
1_2002_09_06,2002-09-06,0.03575168294604681,"{""type"":""MultiPoint"",""coordinates"":[]}"
1_2002_09_14,2002-09-14,0.03452835122507786,"{""type"":""MultiPoint"",""coordinates"":[]}"
1_2002_09_22,2002-09-22,0.03318913668145146,"{""type"":""MultiPoint"",""coordinates"":[]}"
1_2002_09_30,2002-09-30,0.044559464584918974,"{""type"":""MultiPoint"",""coordinates"":[]}"
1_2002_10_08,2002-10-08,0.022001372858174873,"{""type"":""MultiPoint"",""coordinates"":[]}"
1_2002_10_16,2002-10-16,0.024967156988597413,"{""type"":""MultiPoint"",""coordinates"":[]}"
1_2002_10_24,2002-10-24,0.03534581554058084,"{""type"":""MultiPoint"",""coordinates"":[]}"
1_2002_11_01,2002-11-01,0.04456288407511416,"{""type"":""MultiPoint"",""coordinates"":[]}"
1_2002_11_09,2002-11-09,0.04231410282523424,"{""type"":""MultiPoint"",""coordinates"":[]}"
1_2002_11_17,2002-11-17,0.04213877244524938,"{""type"":""MultiPoint"",""coordinates"":[]}"
1_2002_11_25,2002-11-25,0.03914512110371003,"{""type"":""MultiPoint"",""coordinates"":[]}"
1_2002_12_03,2002-12-03,0.03451236686570203,"{""type"":""MultiPoint"",""coordinates"":[]}"
1_2002_12_11,2002-12-11,0.037480507661971495,"{""type"":""MultiPoint"",""coordinates"":[]}"
1_2002_12_19,2002-12-19,0.033023994460776675,"{""type"":""MultiPoint"",""coordinates"":[]}"
1_2002_12_27,2002-12-27,0.020038543815688384,"{""type"":""MultiPoint"",""coordinates"":[]}"
1_2003_01_01,2003-01-01,0.03140444137168337,"{""type"":""MultiPoint"",""coordinates"":[]}"
1_2003_01_09,2003-01-09,0.02507660413816669,"{""type"":""MultiPoint"",""coordinates"":[]}"
1_2003_01_17,2003-01-17,0.031728159942242075,"{""type"":""MultiPoint"",""coordinates"":[]}"
1_2003_01_25,2003-01-25,0.030805096771842295,"{""type"":""MultiPoint"",""coordinates"":[]}"
1_2003_02_02,2003-02-02,0.033440660611603966,"{""type"":""MultiPoint"",""coordinates"":[]}"
1_2003_02_10,2003-02-10,0.030390173134154333,"{""type"":""MultiPoint"",""coordinates"":[]}"
1_2003_02_18,2003-02-18,0.028425265860837982,"{""type"":""MultiPoint"",""coordinates"":[]}"
1_2003_02_26,2003-02-26,0.019911616010809357,"{""type"":""MultiPoint"",""coordinates"":[]}"
1_2003_03_06,2003-03-06,0.02480807028258824,"{""type"":""MultiPoint"",""coordinates"":[]}"
1_2003_03_14,2003-03-14,0.02238054799565267,"{""type"":""MultiPoint"",""coordinates"":[]}"
1_2003_03_22,2003-03-22,0.01895209591181561,"{""type"":""MultiPoint"",""coordinates"":[]}"
1_2003_03_30,2003-03-30,0.01669896070772673,"{""type"":""MultiPoint"",""coordinates"":[]}"
1_2003_04_07,2003-04-07,0.01696787658857451,"{""type"":""MultiPoint"",""coordinates"":[]}"
1_2003_04_15,2003-04-15,0.012151207028298113,"{""type"":""MultiPoint"",""coordinates"":[]}"
1_2003_04_23,2003-04-23,0.011524127537349464,"{""type"":""MultiPoint"",""coordinates"":[]}"
1_2003_05_01,2003-05-01,0.010155945758915975,"{""type"":""MultiPoint"",""coordinates"":[]}"
1_2003_05_09,2003-05-09,0.007152903852863542,"{""type"":""MultiPoint"",""coordinates"":[]}"
1_2003_05_17,2003-05-17,0.005143855127324248,"{""type"":""MultiPoint"",""coordinates"":[]}"
1_2003_05_25,2003-05-25,0.004550118569222486,"{""type"":""MultiPoint"",""coordinates"":[]}"
1_2003_06_02,2003-06-02,0.004432409313827435,"{""type"":""MultiPoint"",""coordinates"":[]}"
1_2003_06_10,2003-06-10,0.014655119149418295,"{""type"":""MultiPoint"",""coordinates"":[]}"
1_2003_06_18,2003-06-18,0.01409070228646264,"{""type"":""MultiPoint"",""coordinates"":[]}"
1_2003_06_26,2003-06-26,0.008308865529089217,"{""type"":""MultiPoint"",""coordinates"":[]}"
1_2003_07_04,2003-07-04,0.014334530374010591,"{""type"":""MultiPoint"",""coordinates"":[]}"
1_2003_07_12,2003-07-12,0.01306095975091948,"{""type"":""MultiPoint"",""coordinates"":[]}"
1_2003_07_20,2003-07-20,0.007168689796090115,"{""type"":""MultiPoint"",""coordinates"":[]}"
1_2003_07_28,2003-07-28,0.017848939253747996,"{""type"":""MultiPoint"",""coordinates"":[]}"
1_2003_08_05,2003-08-05,0.012200444397543688,"{""type"":""MultiPoint"",""coordinates"":[]}"
1_2003_08_13,2003-08-13,0.024672983716493443,"{""type"":""MultiPoint"",""coordinates"":[]}"
1_2003_08_21,2003-08-21,0.01213351064430758,"{""type"":""MultiPoint"",""coordinates"":[]}"
1_2003_08_29,2003-08-29,0.02326222333970865,"{""type"":""MultiPoint"",""coordinates"":[]}"
1_2003_09_06,2003-09-06,0.0329599919391594,"{""type"":""MultiPoint"",""coordinates"":[]}"
1_2003_09_14,2003-09-14,0.02961150848053599,"{""type"":""MultiPoint"",""coordinates"":[]}"
1_2003_09_22,2003-09-22,0.025022733623126545,"{""type"":""MultiPoint"",""coordinates"":[]}"
1_2003_09_30,2003-09-30,0.03029683537345134,"{""type"":""MultiPoint"",""coordinates"":[]}"
1_2003_10_08,2003-10-08,0.042634222649173145,"{""type"":""MultiPoint"",""coordinates"":[]}"
1_2003_10_16,2003-10-16,0.011053912990675954,"{""type"":""MultiPoint"",""coordinates"":[]}"
1_2003_10_24,2003-10-24,0.05198161332549927,"{""type"":""MultiPoint"",""coordinates"":[]}"
1_2003_11_01,2003-11-01,0.056765114237650946,"{""type"":""MultiPoint"",""coordinates"":[]}"
1_2003_11_09,2003-11-09,0.05114592279573995,"{""type"":""MultiPoint"",""coordinates"":[]}"
1_2003_11_17,2003-11-17,0.04710267893242623,"{""type"":""MultiPoint"",""coordinates"":[]}"
1_2003_11_25,2003-11-25,0.039790112186576784,"{""type"":""MultiPoint"",""coordinates"":[]}"
1_2003_12_03,2003-12-03,0.04171004072768105,"{""type"":""MultiPoint"",""coordinates"":[]}"
1_2003_12_11,2003-12-11,0.019667560875605082,"{""type"":""MultiPoint"",""coordinates"":[]}"
1_2003_12_19,2003-12-19,0.006392624819527826,"{""type"":""MultiPoint"",""coordinates"":[]}"
1_2003_12_27,2003-12-27,0.02324643133218665,"{""type"":""MultiPoint"",""coordinates"":[]}"
1_2004_01_01,2004-01-01,0.04168993093585483,"{""type"":""MultiPoint"",""coordinates"":[]}"
1_2004_01_09,2004-01-09,0.03987549918631291,"{""type"":""MultiPoint"",""coordinates"":[]}"
1_2004_01_17,2004-01-17,0.04112171500252901,"{""type"":""MultiPoint"",""coordinates"":[]}"
1_2004_01_25,2004-01-25,0.03256854785307337,"{""type"":""MultiPoint"",""coordinates"":[]}"
1_2004_02_02,2004-02-02,0.04380636480479556,"{""type"":""MultiPoint"",""coordinates"":[]}"
1_2004_02_10,2004-02-10,0.046464830762585084,"{""type"":""MultiPoint"",""coordinates"":[]}"
1_2004_02_18,2004-02-18,0.03931582417370786,"{""type"":""MultiPoint"",""coordinates"":[]}"
1_2004_02_26,2004-02-26,0.03212242179588018,"{""type"":""MultiPoint"",""coordinates"":[]}"
1_2004_03_05,2004-03-05,0.0326756825949633,"{""type"":""MultiPoint"",""coordinates"":[]}"
1_2004_03_13,2004-03-13,0.015600917170971675,"{""type"":""MultiPoint"",""coordinates"":[]}"
1_2004_03_21,2004-03-21,0.02100324737845887,"{""type"":""MultiPoint"",""coordinates"":[]}"
1_2004_03_29,2004-03-29,0.020559590441057065,"{""type"":""MultiPoint"",""coordinates"":[]}"
1_2004_04_06,2004-04-06,0.019072609380053427,"{""type"":""MultiPoint"",""coordinates"":[]}"
1_2004_04_14,2004-04-14,0.012998648613863791,"{""type"":""MultiPoint"",""coordinates"":[]}"
1_2004_04_22,2004-04-22,0.020196059730227308,"{""type"":""MultiPoint"",""coordinates"":[]}"
1_2004_04_30,2004-04-30,0.01960610768095875,"{""type"":""MultiPoint"",""coordinates"":[]}"
1_2004_05_08,2004-05-08,0.023415008797091057,"{""type"":""MultiPoint"",""coordinates"":[]}"
1_2004_05_16,2004-05-16,0.026241152792334237,"{""type"":""MultiPoint"",""coordinates"":[]}"
1_2004_05_24,2004-05-24,0.027209974343616956,"{""type"":""MultiPoint"",""coordinates"":[]}"
1_2004_06_01,2004-06-01,0.020833550941979338,"{""type"":""MultiPoint"",""coordinates"":[]}"
1_2004_06_09,2004-06-09,0.014419253212009625,"{""type"":""MultiPoint"",""coordinates"":[]}"
1_2004_06_17,2004-06-17,0.030928715410452626,"{""type"":""MultiPoint"",""coordinates"":[]}"
1_2004_06_25,2004-06-25,0.0254476682107262,"{""type"":""MultiPoint"",""coordinates"":[]}"
1_2004_07_03,2004-07-03,0.014715138592017509,"{""type"":""MultiPoint"",""coordinates"":[]}"
1_2004_07_11,2004-07-11,0.010957999094943058,"{""type"":""MultiPoint"",""coordinates"":[]}"
1_2004_07_19,2004-07-19,0.017458774347233554,"{""type"":""MultiPoint"",""coordinates"":[]}"
1_2004_07_27,2004-07-27,0.012440621626421997,"{""type"":""MultiPoint"",""coordinates"":[]}"
1_2004_08_04,2004-08-04,0.016916491972580234,"{""type"":""MultiPoint"",""coordinates"":[]}"
1_2004_08_12,2004-08-12,0.0164112265291358,"{""type"":""MultiPoint"",""coordinates"":[]}"
1_2004_08_20,2004-08-20,0.03084952887320597,"{""type"":""MultiPoint"",""coordinates"":[]}"
1_2004_08_28,2004-08-28,0.035526914728142636,"{""type"":""MultiPoint"",""coordinates"":[]}"
1_2004_09_05,2004-09-05,0.021851069867416535,"{""type"":""MultiPoint"",""coordinates"":[]}"
1_2004_09_13,2004-09-13,0.02374270612644573,"{""type"":""MultiPoint"",""coordinates"":[]}"
1_2004_09_21,2004-09-21,0.0347911252240535,"{""type"":""MultiPoint"",""coordinates"":[]}"
1_2004_09_29,2004-09-29,0.029457331089750995,"{""type"":""MultiPoint"",""coordinates"":[]}"
1_2004_10_07,2004-10-07,0.033284589547003876,"{""type"":""MultiPoint"",""coordinates"":[]}"
1_2004_10_15,2004-10-15,0.057436058162194846,"{""type"":""MultiPoint"",""coordinates"":[]}"
1_2004_10_23,2004-10-23,0.0534716245950736,"{""type"":""MultiPoint"",""coordinates"":[]}"
1_2004_10_31,2004-10-31,0.03373038869507899,"{""type"":""MultiPoint"",""coordinates"":[]}"
1_2004_11_08,2004-11-08,0.04730185324478466,"{""type"":""MultiPoint"",""coordinates"":[]}"
1_2004_11_16,2004-11-16,0.04333832662105653,"{""type"":""MultiPoint"",""coordinates"":[]}"
1_2004_11_24,2004-11-24,0.04279836547405861,"{""type"":""MultiPoint"",""coordinates"":[]}"
1_2004_12_02,2004-12-02,0.03965657421958963,"{""type"":""MultiPoint"",""coordinates"":[]}"
1_2004_12_10,2004-12-10,0.036595072528355865,"{""type"":""MultiPoint"",""coordinates"":[]}"
1_2004_12_18,2004-12-18,0.03600461566318486,"{""type"":""MultiPoint"",""coordinates"":[]}"
1_2004_12_26,2004-12-26,0.023214570023238085,"{""type"":""MultiPoint"",""coordinates"":[]}"
1_2005_01_01,2005-01-01,0.031147738388997797,"{""type"":""MultiPoint"",""coordinates"":[]}"
1_2005_01_09,2005-01-09,0.03213025922437004,"{""type"":""MultiPoint"",""coordinates"":[]}"
1_2005_01_17,2005-01-17,0.032435993878780364,"{""type"":""MultiPoint"",""coordinates"":[]}"
1_2005_01_25,2005-01-25,0.028831006751182903,"{""type"":""MultiPoint"",""coordinates"":[]}"
1_2005_02_02,2005-02-02,0.03494214013175381,"{""type"":""MultiPoint"",""coordinates"":[]}"
1_2005_02_10,2005-02-10,0.024770143060319053,"{""type"":""MultiPoint"",""coordinates"":[]}"
1_2005_02_18,2005-02-18,0.02813335935912732,"{""type"":""MultiPoint"",""coordinates"":[]}"
1_2005_02_26,2005-02-26,0.020725077910359855,"{""type"":""MultiPoint"",""coordinates"":[]}"
1_2005_03_06,2005-03-06,0.02096206860945452,"{""type"":""MultiPoint"",""coordinates"":[]}"
1_2005_03_14,2005-03-14,0.021783487493667923,"{""type"":""MultiPoint"",""coordinates"":[]}"
1_2005_03_22,2005-03-22,0.021049373858116994,"{""type"":""MultiPoint"",""coordinates"":[]}"
1_2005_03_30,2005-03-30,0.01745436627143643,"{""type"":""MultiPoint"",""coordinates"":[]}"
1_2005_04_07,2005-04-07,0.015207257295966486,"{""type"":""MultiPoint"",""coordinates"":[]}"
1_2005_04_15,2005-04-15,0.013240354383081618,"{""type"":""MultiPoint"",""coordinates"":[]}"
1_2005_04_23,2005-04-23,0.016316895927479164,"{""type"":""MultiPoint"",""coordinates"":[]}"
1_2005_05_01,2005-05-01,0.019971481821636963,"{""type"":""MultiPoint"",""coordinates"":[]}"
1_2005_05_09,2005-05-09,0.011639809600049537,"{""type"":""MultiPoint"",""coordinates"":[]}"
1_2005_05_17,2005-05-17,0.015558223305827932,"{""type"":""MultiPoint"",""coordinates"":[]}"
1_2005_05_25,2005-05-25,0.01805301722359289,"{""type"":""MultiPoint"",""coordinates"":[]}"
1_2005_06_02,2005-06-02,0.019170585243364593,"{""type"":""MultiPoint"",""coordinates"":[]}"
1_2005_06_10,2005-06-10,0.0149888941877098,"{""type"":""MultiPoint"",""coordinates"":[]}"
1_2005_06_18,2005-06-18,0.01811067960430605,"{""type"":""MultiPoint"",""coordinates"":[]}"
1_2005_06_26,2005-06-26,0.017845675464151056,"{""type"":""MultiPoint"",""coordinates"":[]}"
1_2005_07_04,2005-07-04,0.017002541626532287,"{""type"":""MultiPoint"",""coordinates"":[]}"
1_2005_07_12,2005-07-12,0.02054974960612514,"{""type"":""MultiPoint"",""coordinates"":[]}"
1_2005_07_20,2005-07-20,0.005624339324080128,"{""type"":""MultiPoint"",""coordinates"":[]}"
1_2005_07_28,2005-07-28,0.007069176696765196,"{""type"":""MultiPoint"",""coordinates"":[]}"
1_2005_08_05,2005-08-05,0.014067371603137722,"{""type"":""MultiPoint"",""coordinates"":[]}"
1_2005_08_13,2005-08-13,0.018024875923085378,"{""type"":""MultiPoint"",""coordinates"":[]}"
1_2005_08_21,2005-08-21,0.023558080188525173,"{""type"":""MultiPoint"",""coordinates"":[]}"
1_2005_08_29,2005-08-29,0.027058148922558003,"{""type"":""MultiPoint"",""coordinates"":[]}"
1_2005_09_06,2005-09-06,0.02098775367043216,"{""type"":""MultiPoint"",""coordinates"":[]}"
1_2005_09_14,2005-09-14,0.022599007482931567,"{""type"":""MultiPoint"",""coordinates"":[]}"
1_2005_09_22,2005-09-22,0.029573756450446863,"{""type"":""MultiPoint"",""coordinates"":[]}"
1_2005_09_30,2005-09-30,0.03253689729508568,"{""type"":""MultiPoint"",""coordinates"":[]}"
1_2005_10_08,2005-10-08,0.03172865365200143,"{""type"":""MultiPoint"",""coordinates"":[]}"
1_2005_10_16,2005-10-16,0.02094702361794061,"{""type"":""MultiPoint"",""coordinates"":[]}"
1_2005_10_24,2005-10-24,0.02048555722707435,"{""type"":""MultiPoint"",""coordinates"":[]}"
1_2005_11_01,2005-11-01,0.03706797250520795,"{""type"":""MultiPoint"",""coordinates"":[]}"
1_2005_11_09,2005-11-09,0.048322288601586535,"{""type"":""MultiPoint"",""coordinates"":[]}"
1_2005_11_17,2005-11-17,0.04125915063560328,"{""type"":""MultiPoint"",""coordinates"":[]}"
1_2005_11_25,2005-11-25,0.037632025893355195,"{""type"":""MultiPoint"",""coordinates"":[]}"
1_2005_12_03,2005-12-03,0.036264179380890785,"{""type"":""MultiPoint"",""coordinates"":[]}"
1_2005_12_11,2005-12-11,0.03372922337027921,"{""type"":""MultiPoint"",""coordinates"":[]}"
1_2005_12_19,2005-12-19,0.036089766056706676,"{""type"":""MultiPoint"",""coordinates"":[]}"
1_2005_12_27,2005-12-27,0.02418641590141651,"{""type"":""MultiPoint"",""coordinates"":[]}"
1_2006_01_01,2006-01-01,0.0322715040059486,"{""type"":""MultiPoint"",""coordinates"":[]}"
1_2006_01_09,2006-01-09,0.038322811927339696,"{""type"":""MultiPoint"",""coordinates"":[]}"
1_2006_01_17,2006-01-17,0.032206930544044235,"{""type"":""MultiPoint"",""coordinates"":[]}"
1_2006_01_25,2006-01-25,0.038548255662698365,"{""type"":""MultiPoint"",""coordinates"":[]}"
1_2006_02_02,2006-02-02,0.03539931859383286,"{""type"":""MultiPoint"",""coordinates"":[]}"
1_2006_02_10,2006-02-10,0.032949343538902984,"{""type"":""MultiPoint"",""coordinates"":[]}"
1_2006_02_18,2006-02-18,0.022293372569501438,"{""type"":""MultiPoint"",""coordinates"":[]}"
1_2006_02_26,2006-02-26,0.029261597885475648,"{""type"":""MultiPoint"",""coordinates"":[]}"
1_2006_03_06,2006-03-06,0.029746868769872516,"{""type"":""MultiPoint"",""coordinates"":[]}"
1_2006_03_14,2006-03-14,0.028191432562246876,"{""type"":""MultiPoint"",""coordinates"":[]}"
1_2006_03_22,2006-03-22,0.015571783766035624,"{""type"":""MultiPoint"",""coordinates"":[]}"
1_2006_03_30,2006-03-30,0.017517982467516555,"{""type"":""MultiPoint"",""coordinates"":[]}"
1_2006_04_07,2006-04-07,0.015080602236272934,"{""type"":""MultiPoint"",""coordinates"":[]}"
1_2006_04_15,2006-04-15,0.016048440947877288,"{""type"":""MultiPoint"",""coordinates"":[]}"
1_2006_04_23,2006-04-23,0.008538783334925089,"{""type"":""MultiPoint"",""coordinates"":[]}"
1_2006_05_01,2006-05-01,0.017160461700917878,"{""type"":""MultiPoint"",""coordinates"":[]}"
1_2006_05_09,2006-05-09,0.016352094816023347,"{""type"":""MultiPoint"",""coordinates"":[]}"
1_2006_05_17,2006-05-17,0.021886744667414054,"{""type"":""MultiPoint"",""coordinates"":[]}"
1_2006_05_25,2006-05-25,0.010725136701733404,"{""type"":""MultiPoint"",""coordinates"":[]}"
1_2006_06_02,2006-06-02,0.023288261335515297,"{""type"":""MultiPoint"",""coordinates"":[]}"
1_2006_06_10,2006-06-10,0.02159938032280991,"{""type"":""MultiPoint"",""coordinates"":[]}"
1_2006_06_18,2006-06-18,0.02302259776718494,"{""type"":""MultiPoint"",""coordinates"":[]}"
1_2006_06_26,2006-06-26,0.011051626774204387,"{""type"":""MultiPoint"",""coordinates"":[]}"
1_2006_07_04,2006-07-04,0.03398407904256546,"{""type"":""MultiPoint"",""coordinates"":[]}"
1_2006_07_12,2006-07-12,0.02164929173293252,"{""type"":""MultiPoint"",""coordinates"":[]}"
1_2006_07_20,2006-07-20,0.005812857154646699,"{""type"":""MultiPoint"",""coordinates"":[]}"
1_2006_07_28,2006-07-28,0.01570400429774389,"{""type"":""MultiPoint"",""coordinates"":[]}"
1_2006_08_05,2006-08-05,0.023244474681786063,"{""type"":""MultiPoint"",""coordinates"":[]}"
1_2006_08_13,2006-08-13,0.02405882379525812,"{""type"":""MultiPoint"",""coordinates"":[]}"
1_2006_08_21,2006-08-21,0.015069681168800544,"{""type"":""MultiPoint"",""coordinates"":[]}"
1_2006_08_29,2006-08-29,0.018493797195698783,"{""type"":""MultiPoint"",""coordinates"":[]}"
1_2006_09_06,2006-09-06,0.04138867873068873,"{""type"":""MultiPoint"",""coordinates"":[]}"
1_2006_09_14,2006-09-14,0.009740926154733383,"{""type"":""MultiPoint"",""coordinates"":[]}"
1_2006_09_22,2006-09-22,0.04211568792391379,"{""type"":""MultiPoint"",""coordinates"":[]}"
1_2006_09_30,2006-09-30,0.042541005312838436,"{""type"":""MultiPoint"",""coordinates"":[]}"
1_2006_10_08,2006-10-08,0.049993197374352365,"{""type"":""MultiPoint"",""coordinates"":[]}"
1_2006_10_16,2006-10-16,0.04741714903298859,"{""type"":""MultiPoint"",""coordinates"":[]}"
1_2006_10_24,2006-10-24,0.03755586046048291,"{""type"":""MultiPoint"",""coordinates"":[]}"
1_2006_11_01,2006-11-01,0.026022666795960193,"{""type"":""MultiPoint"",""coordinates"":[]}"
1_2006_11_09,2006-11-09,0.0405040472614263,"{""type"":""MultiPoint"",""coordinates"":[]}"
1_2006_11_17,2006-11-17,0.04591715669630286,"{""type"":""MultiPoint"",""coordinates"":[]}"
1_2006_11_25,2006-11-25,0.04356126811735103,"{""type"":""MultiPoint"",""coordinates"":[]}"
1_2006_12_03,2006-12-03,0.04026968091335546,"{""type"":""MultiPoint"",""coordinates"":[]}"
1_2006_12_11,2006-12-11,0.03913253034574015,"{""type"":""MultiPoint"",""coordinates"":[]}"
1_2006_12_19,2006-12-19,0.035936237218476406,"{""type"":""MultiPoint"",""coordinates"":[]}"
1_2006_12_27,2006-12-27,0.022232173902962424,"{""type"":""MultiPoint"",""coordinates"":[]}"
1_2007_01_01,2007-01-01,0.033473532175632,"{""type"":""MultiPoint"",""coordinates"":[]}"
1_2007_01_09,2007-01-09,0.036426364499938,"{""type"":""MultiPoint"",""coordinates"":[]}"
1_2007_01_17,2007-01-17,0.03152880043943099,"{""type"":""MultiPoint"",""coordinates"":[]}"
1_2007_01_25,2007-01-25,0.03596631533216827,"{""type"":""MultiPoint"",""coordinates"":[]}"
1_2007_02_02,2007-02-02,0.03457586733524424,"{""type"":""MultiPoint"",""coordinates"":[]}"
1_2007_02_10,2007-02-10,0.03519164510431097,"{""type"":""MultiPoint"",""coordinates"":[]}"
1_2007_02_18,2007-02-18,0.03535823231029675,"{""type"":""MultiPoint"",""coordinates"":[]}"
1_2007_02_26,2007-02-26,0.031549070065399046,"{""type"":""MultiPoint"",""coordinates"":[]}"
1_2007_03_06,2007-03-06,0.03019777789108733,"{""type"":""MultiPoint"",""coordinates"":[]}"
1_2007_03_14,2007-03-14,0.024066198508854865,"{""type"":""MultiPoint"",""coordinates"":[]}"
1_2007_03_22,2007-03-22,0.016386169823234417,"{""type"":""MultiPoint"",""coordinates"":[]}"
1_2007_03_30,2007-03-30,0.016702499956035403,"{""type"":""MultiPoint"",""coordinates"":[]}"
1_2007_04_07,2007-04-07,0.017251920904004424,"{""type"":""MultiPoint"",""coordinates"":[]}"
1_2007_04_15,2007-04-15,0.022454998404007612,"{""type"":""MultiPoint"",""coordinates"":[]}"
1_2007_04_23,2007-04-23,0.016357403622239985,"{""type"":""MultiPoint"",""coordinates"":[]}"
1_2007_05_01,2007-05-01,0.01922005766204639,"{""type"":""MultiPoint"",""coordinates"":[]}"
1_2007_05_09,2007-05-09,0.010432104129253642,"{""type"":""MultiPoint"",""coordinates"":[]}"
1_2007_05_17,2007-05-17,0.01420964384264706,"{""type"":""MultiPoint"",""coordinates"":[]}"
1_2007_05_25,2007-05-25,0.01677044906583112,"{""type"":""MultiPoint"",""coordinates"":[]}"
1_2007_06_02,2007-06-02,0.01579998932075176,"{""type"":""MultiPoint"",""coordinates"":[]}"
1_2007_06_10,2007-06-10,0.02331894692197529,"{""type"":""MultiPoint"",""coordinates"":[]}"
1_2007_06_18,2007-06-18,0.01112876748800599,"{""type"":""MultiPoint"",""coordinates"":[]}"
1_2007_06_26,2007-06-26,0.022713296636803434,"{""type"":""MultiPoint"",""coordinates"":[]}"
1_2007_07_04,2007-07-04,0.027719730201120816,"{""type"":""MultiPoint"",""coordinates"":[]}"
1_2007_07_12,2007-07-12,0.016500487905087426,"{""type"":""MultiPoint"",""coordinates"":[]}"
1_2007_07_20,2007-07-20,0.015564899187207496,"{""type"":""MultiPoint"",""coordinates"":[]}"
1_2007_07_28,2007-07-28,0.013392136015701012,"{""type"":""MultiPoint"",""coordinates"":[]}"
1_2007_08_05,2007-08-05,0.01659304018551025,"{""type"":""MultiPoint"",""coordinates"":[]}"
1_2007_08_13,2007-08-13,0.019792214827964363,"{""type"":""MultiPoint"",""coordinates"":[]}"
1_2007_08_21,2007-08-21,0.022859002964939985,"{""type"":""MultiPoint"",""coordinates"":[]}"
1_2007_08_29,2007-08-29,0.01478429177867845,"{""type"":""MultiPoint"",""coordinates"":[]}"
1_2007_09_06,2007-09-06,0.022963223842055493,"{""type"":""MultiPoint"",""coordinates"":[]}"
1_2007_09_14,2007-09-14,0.009594665573001477,"{""type"":""MultiPoint"",""coordinates"":[]}"
1_2007_09_22,2007-09-22,0.01847129298188668,"{""type"":""MultiPoint"",""coordinates"":[]}"
1_2007_09_30,2007-09-30,0.016495621547481295,"{""type"":""MultiPoint"",""coordinates"":[]}"
1_2007_10_08,2007-10-08,0.04907238123364191,"{""type"":""MultiPoint"",""coordinates"":[]}"
1_2007_10_16,2007-10-16,0.03281814278538183,"{""type"":""MultiPoint"",""coordinates"":[]}"
1_2007_10_24,2007-10-24,0.04721327839267775,"{""type"":""MultiPoint"",""coordinates"":[]}"
1_2007_11_01,2007-11-01,0.053825853517064585,"{""type"":""MultiPoint"",""coordinates"":[]}"
1_2007_11_09,2007-11-09,0.05124282030794038,"{""type"":""MultiPoint"",""coordinates"":[]}"
1_2007_11_17,2007-11-17,0.04226548463008627,"{""type"":""MultiPoint"",""coordinates"":[]}"
1_2007_11_25,2007-11-25,0.04019609581614076,"{""type"":""MultiPoint"",""coordinates"":[]}"
1_2007_12_03,2007-12-03,0.03830401124160308,"{""type"":""MultiPoint"",""coordinates"":[]}"
1_2007_12_11,2007-12-11,0.03004622473834567,"{""type"":""MultiPoint"",""coordinates"":[]}"
1_2007_12_19,2007-12-19,0.03336270112870952,"{""type"":""MultiPoint"",""coordinates"":[]}"
1_2007_12_27,2007-12-27,0.020279209075414847,"{""type"":""MultiPoint"",""coordinates"":[]}"
1_2008_01_01,2008-01-01,0.032974773188779304,"{""type"":""MultiPoint"",""coordinates"":[]}"
1_2008_01_09,2008-01-09,0.029260858973107765,"{""type"":""MultiPoint"",""coordinates"":[]}"
1_2008_01_17,2008-01-17,0.03656188617532523,"{""type"":""MultiPoint"",""coordinates"":[]}"
1_2008_01_25,2008-01-25,0.03206703939895978,"{""type"":""MultiPoint"",""coordinates"":[]}"
1_2008_02_02,2008-02-02,0.03538399581514939,"{""type"":""MultiPoint"",""coordinates"":[]}"
1_2008_02_10,2008-02-10,0.031351236125451126,"{""type"":""MultiPoint"",""coordinates"":[]}"
1_2008_02_18,2008-02-18,0.042623847282230225,"{""type"":""MultiPoint"",""coordinates"":[]}"
1_2008_02_26,2008-02-26,0.03768928243605546,"{""type"":""MultiPoint"",""coordinates"":[]}"
1_2008_03_05,2008-03-05,0.022439351477838085,"{""type"":""MultiPoint"",""coordinates"":[]}"
1_2008_03_13,2008-03-13,0.026862325822392955,"{""type"":""MultiPoint"",""coordinates"":[]}"
1_2008_03_21,2008-03-21,0.021291401092820062,"{""type"":""MultiPoint"",""coordinates"":[]}"
1_2008_03_29,2008-03-29,0.03440568164502462,"{""type"":""MultiPoint"",""coordinates"":[]}"
1_2008_04_06,2008-04-06,0.02216499769762499,"{""type"":""MultiPoint"",""coordinates"":[]}"
1_2008_04_14,2008-04-14,0.016667935522490945,"{""type"":""MultiPoint"",""coordinates"":[]}"
1_2008_04_22,2008-04-22,0.016041345166765707,"{""type"":""MultiPoint"",""coordinates"":[]}"
1_2008_04_30,2008-04-30,0.006952481844541054,"{""type"":""MultiPoint"",""coordinates"":[]}"
1_2008_05_08,2008-05-08,0.012385759531818441,"{""type"":""MultiPoint"",""coordinates"":[]}"
1_2008_05_16,2008-05-16,0.0070054979757078325,"{""type"":""MultiPoint"",""coordinates"":[]}"
1_2008_05_24,2008-05-24,0.017124764538293136,"{""type"":""MultiPoint"",""coordinates"":[]}"
1_2008_06_01,2008-06-01,0.01892261403044942,"{""type"":""MultiPoint"",""coordinates"":[]}"
1_2008_06_09,2008-06-09,0.004943871933904317,"{""type"":""MultiPoint"",""coordinates"":[]}"
1_2008_06_17,2008-06-17,0.014799120607618977,"{""type"":""MultiPoint"",""coordinates"":[]}"
1_2008_06_25,2008-06-25,0.017553503820115033,"{""type"":""MultiPoint"",""coordinates"":[]}"
1_2008_07_03,2008-07-03,0.018359483256027813,"{""type"":""MultiPoint"",""coordinates"":[]}"
1_2008_07_11,2008-07-11,0.02026033400012248,"{""type"":""MultiPoint"",""coordinates"":[]}"
1_2008_07_19,2008-07-19,0.014581179106910076,"{""type"":""MultiPoint"",""coordinates"":[]}"
1_2008_07_27,2008-07-27,0.002901559248852051,"{""type"":""MultiPoint"",""coordinates"":[]}"
1_2008_08_04,2008-08-04,0.004512962583627433,"{""type"":""MultiPoint"",""coordinates"":[]}"
1_2008_08_12,2008-08-12,0.011048376258114858,"{""type"":""MultiPoint"",""coordinates"":[]}"
1_2008_08_20,2008-08-20,0.027373621303636478,"{""type"":""MultiPoint"",""coordinates"":[]}"
1_2008_08_28,2008-08-28,0.031001626586081847,"{""type"":""MultiPoint"",""coordinates"":[]}"
1_2008_09_05,2008-09-05,0.01835102138119114,"{""type"":""MultiPoint"",""coordinates"":[]}"
1_2008_09_13,2008-09-13,0.019737210607843857,"{""type"":""MultiPoint"",""coordinates"":[]}"
1_2008_09_21,2008-09-21,0.03625269542950754,"{""type"":""MultiPoint"",""coordinates"":[]}"
1_2008_09_29,2008-09-29,0.0502002186642404,"{""type"":""MultiPoint"",""coordinates"":[]}"
1_2008_10_07,2008-10-07,0.04531736057710826,"{""type"":""MultiPoint"",""coordinates"":[]}"
1_2008_10_15,2008-10-15,0.04325980160962863,"{""type"":""MultiPoint"",""coordinates"":[]}"
1_2008_10_23,2008-10-23,0.04753799130314283,"{""type"":""MultiPoint"",""coordinates"":[]}"
1_2008_10_31,2008-10-31,0.046719628802296895,"{""type"":""MultiPoint"",""coordinates"":[]}"
1_2008_11_08,2008-11-08,0.03865223700779041,"{""type"":""MultiPoint"",""coordinates"":[]}"
1_2008_11_16,2008-11-16,0.03578515909673087,"{""type"":""MultiPoint"",""coordinates"":[]}"
1_2008_11_24,2008-11-24,0.02504708915816589,"{""type"":""MultiPoint"",""coordinates"":[]}"
1_2008_12_02,2008-12-02,0.03658428790782021,"{""type"":""MultiPoint"",""coordinates"":[]}"
1_2008_12_10,2008-12-10,0.035320555234458734,"{""type"":""MultiPoint"",""coordinates"":[]}"
1_2008_12_18,2008-12-18,0.030914587843400905,"{""type"":""MultiPoint"",""coordinates"":[]}"
1_2008_12_26,2008-12-26,0.024604956664552705,"{""type"":""MultiPoint"",""coordinates"":[]}"
1_2009_01_01,2009-01-01,0.032880173312313105,"{""type"":""MultiPoint"",""coordinates"":[]}"
1_2009_01_09,2009-01-09,0.03197707972957832,"{""type"":""MultiPoint"",""coordinates"":[]}"
1_2009_01_17,2009-01-17,0.03180672466471174,"{""type"":""MultiPoint"",""coordinates"":[]}"
1_2009_01_25,2009-01-25,0.027976386236678762,"{""type"":""MultiPoint"",""coordinates"":[]}"
1_2009_02_02,2009-02-02,0.031775866284021285,"{""type"":""MultiPoint"",""coordinates"":[]}"
1_2009_02_10,2009-02-10,0.028380201312181764,"{""type"":""MultiPoint"",""coordinates"":[]}"
1_2009_02_18,2009-02-18,0.02438167303442629,"{""type"":""MultiPoint"",""coordinates"":[]}"
1_2009_02_26,2009-02-26,0.017640800888607852,"{""type"":""MultiPoint"",""coordinates"":[]}"
1_2009_03_06,2009-03-06,0.01557495018725032,"{""type"":""MultiPoint"",""coordinates"":[]}"
1_2009_03_14,2009-03-14,0.015883402365291458,"{""type"":""MultiPoint"",""coordinates"":[]}"
1_2009_03_22,2009-03-22,0.02125541794029241,"{""type"":""MultiPoint"",""coordinates"":[]}"
1_2009_03_30,2009-03-30,0.015049855162080563,"{""type"":""MultiPoint"",""coordinates"":[]}"
1_2009_04_07,2009-04-07,0.013875122135920261,"{""type"":""MultiPoint"",""coordinates"":[]}"
1_2009_04_15,2009-04-15,0.011643501402302355,"{""type"":""MultiPoint"",""coordinates"":[]}"
1_2009_04_23,2009-04-23,0.011935069531534514,"{""type"":""MultiPoint"",""coordinates"":[]}"
1_2009_05_01,2009-05-01,0.010263478267533148,"{""type"":""MultiPoint"",""coordinates"":[]}"
1_2009_05_09,2009-05-09,0.010730581123038449,"{""type"":""MultiPoint"",""coordinates"":[]}"
1_2009_05_17,2009-05-17,0.014056178063055595,"{""type"":""MultiPoint"",""coordinates"":[]}"
1_2009_05_25,2009-05-25,0.015154758528637059,"{""type"":""MultiPoint"",""coordinates"":[]}"
1_2009_06_02,2009-06-02,0.015323941184948503,"{""type"":""MultiPoint"",""coordinates"":[]}"
1_2009_06_10,2009-06-10,0.019210281689490277,"{""type"":""MultiPoint"",""coordinates"":[]}"
1_2009_06_18,2009-06-18,0.017631893442518923,"{""type"":""MultiPoint"",""coordinates"":[]}"
1_2009_06_26,2009-06-26,0.013588966676127199,"{""type"":""MultiPoint"",""coordinates"":[]}"
1_2009_07_04,2009-07-04,0.007089018520096174,"{""type"":""MultiPoint"",""coordinates"":[]}"
1_2009_07_12,2009-07-12,0.015355398684241899,"{""type"":""MultiPoint"",""coordinates"":[]}"
1_2009_07_20,2009-07-20,0.020853669657937016,"{""type"":""MultiPoint"",""coordinates"":[]}"
1_2009_07_28,2009-07-28,0.01974291093909704,"{""type"":""MultiPoint"",""coordinates"":[]}"
1_2009_08_05,2009-08-05,0.02738344296018886,"{""type"":""MultiPoint"",""coordinates"":[]}"
1_2009_08_13,2009-08-13,0.01854877178328406,"{""type"":""MultiPoint"",""coordinates"":[]}"
1_2009_08_21,2009-08-21,0.013977608917280422,"{""type"":""MultiPoint"",""coordinates"":[]}"
1_2009_08_29,2009-08-29,0.030759661914843302,"{""type"":""MultiPoint"",""coordinates"":[]}"
1_2009_09_06,2009-09-06,0.03698978142319685,"{""type"":""MultiPoint"",""coordinates"":[]}"
1_2009_09_14,2009-09-14,0.035475922106918543,"{""type"":""MultiPoint"",""coordinates"":[]}"
1_2009_09_22,2009-09-22,0.022993626640313198,"{""type"":""MultiPoint"",""coordinates"":[]}"
1_2009_09_30,2009-09-30,0.01782787077500402,"{""type"":""MultiPoint"",""coordinates"":[]}"
1_2009_10_08,2009-10-08,0.04305051284462137,"{""type"":""MultiPoint"",""coordinates"":[]}"
1_2009_10_16,2009-10-16,0.04699231325978599,"{""type"":""MultiPoint"",""coordinates"":[]}"
1_2009_10_24,2009-10-24,0.04767422961798726,"{""type"":""MultiPoint"",""coordinates"":[]}"
1_2009_11_01,2009-11-01,0.044119341582586034,"{""type"":""MultiPoint"",""coordinates"":[]}"
1_2009_11_09,2009-11-09,0.0356581461591208,"{""type"":""MultiPoint"",""coordinates"":[]}"
1_2009_11_17,2009-11-17,0.028298667255351177,"{""type"":""MultiPoint"",""coordinates"":[]}"
1_2009_11_25,2009-11-25,0.04075234467465569,"{""type"":""MultiPoint"",""coordinates"":[]}"
1_2009_12_03,2009-12-03,0.03986502045120194,"{""type"":""MultiPoint"",""coordinates"":[]}"
1_2009_12_11,2009-12-11,0.03573923301383006,"{""type"":""MultiPoint"",""coordinates"":[]}"
1_2009_12_19,2009-12-19,0.03633107526669326,"{""type"":""MultiPoint"",""coordinates"":[]}"
1_2009_12_27,2009-12-27,0.02051636420688483,"{""type"":""MultiPoint"",""coordinates"":[]}"
1_2010_01_01,2010-01-01,0.031491460354297084,"{""type"":""MultiPoint"",""coordinates"":[]}"
1_2010_01_09,2010-01-09,0.02681523709650587,"{""type"":""MultiPoint"",""coordinates"":[]}"
1_2010_01_17,2010-01-17,0.03195914027236878,"{""type"":""MultiPoint"",""coordinates"":[]}"
1_2010_01_25,2010-01-25,0.030202023447385318,"{""type"":""MultiPoint"",""coordinates"":[]}"
1_2010_02_02,2010-02-02,0.03127212136538331,"{""type"":""MultiPoint"",""coordinates"":[]}"
1_2010_02_10,2010-02-10,0.02958408264421717,"{""type"":""MultiPoint"",""coordinates"":[]}"
1_2010_02_18,2010-02-18,0.023163915016369472,"{""type"":""MultiPoint"",""coordinates"":[]}"
1_2010_02_26,2010-02-26,0.020153747310907418,"{""type"":""MultiPoint"",""coordinates"":[]}"
1_2010_03_06,2010-03-06,0.019309168866621138,"{""type"":""MultiPoint"",""coordinates"":[]}"
1_2010_03_14,2010-03-14,0.011252243511619773,"{""type"":""MultiPoint"",""coordinates"":[]}"
1_2010_03_22,2010-03-22,0.018456005230179234,"{""type"":""MultiPoint"",""coordinates"":[]}"
1_2010_03_30,2010-03-30,0.017157865403941406,"{""type"":""MultiPoint"",""coordinates"":[]}"
1_2010_04_07,2010-04-07,0.011789834328212923,"{""type"":""MultiPoint"",""coordinates"":[]}"
1_2010_04_15,2010-04-15,0.01618163335320837,"{""type"":""MultiPoint"",""coordinates"":[]}"
1_2010_04_23,2010-04-23,0.015901056724885645,"{""type"":""MultiPoint"",""coordinates"":[]}"
1_2010_05_01,2010-05-01,0.012205826890661657,"{""type"":""MultiPoint"",""coordinates"":[]}"
1_2010_05_09,2010-05-09,0.012626367663432628,"{""type"":""MultiPoint"",""coordinates"":[]}"
1_2010_05_17,2010-05-17,0.013910890141383539,"{""type"":""MultiPoint"",""coordinates"":[]}"
1_2010_05_25,2010-05-25,0.0232962057917671,"{""type"":""MultiPoint"",""coordinates"":[]}"
1_2010_06_02,2010-06-02,0.02008999835832302,"{""type"":""MultiPoint"",""coordinates"":[]}"
1_2010_06_10,2010-06-10,0.015269621006542824,"{""type"":""MultiPoint"",""coordinates"":[]}"
1_2010_06_18,2010-06-18,0.015469573760448113,"{""type"":""MultiPoint"",""coordinates"":[]}"
1_2010_06_26,2010-06-26,0.02099165908459683,"{""type"":""MultiPoint"",""coordinates"":[]}"
1_2010_07_04,2010-07-04,0.012973118681424372,"{""type"":""MultiPoint"",""coordinates"":[]}"
1_2010_07_12,2010-07-12,0.017728320403779505,"{""type"":""MultiPoint"",""coordinates"":[]}"
1_2010_07_20,2010-07-20,0.014377120295003055,"{""type"":""MultiPoint"",""coordinates"":[]}"
1_2010_07_28,2010-07-28,0.011257240682650667,"{""type"":""MultiPoint"",""coordinates"":[]}"
1_2010_08_05,2010-08-05,0.03305364712049913,"{""type"":""MultiPoint"",""coordinates"":[]}"
1_2010_08_13,2010-08-13,0.026112560692172444,"{""type"":""MultiPoint"",""coordinates"":[]}"
1_2010_08_21,2010-08-21,0.028731506346784317,"{""type"":""MultiPoint"",""coordinates"":[]}"
1_2010_08_29,2010-08-29,0.016665525274106443,"{""type"":""MultiPoint"",""coordinates"":[]}"
1_2010_09_06,2010-09-06,0.021718740754517425,"{""type"":""MultiPoint"",""coordinates"":[]}"
1_2010_09_14,2010-09-14,0.019870862363548628,"{""type"":""MultiPoint"",""coordinates"":[]}"
1_2010_09_22,2010-09-22,0.03535608794277547,"{""type"":""MultiPoint"",""coordinates"":[]}"
1_2010_09_30,2010-09-30,0.03231583174495469,"{""type"":""MultiPoint"",""coordinates"":[]}"
1_2010_10_08,2010-10-08,0.036866550079141774,"{""type"":""MultiPoint"",""coordinates"":[]}"
1_2010_10_16,2010-10-16,0.036830375810314495,"{""type"":""MultiPoint"",""coordinates"":[]}"
1_2010_10_24,2010-10-24,0.02536052101959977,"{""type"":""MultiPoint"",""coordinates"":[]}"
1_2010_11_01,2010-11-01,0.03978380386376534,"{""type"":""MultiPoint"",""coordinates"":[]}"
1_2010_11_09,2010-11-09,0.047845146546893175,"{""type"":""MultiPoint"",""coordinates"":[]}"
1_2010_11_17,2010-11-17,0.0378153700909719,"{""type"":""MultiPoint"",""coordinates"":[]}"
1_2010_11_25,2010-11-25,0.040788870798680224,"{""type"":""MultiPoint"",""coordinates"":[]}"
1_2010_12_03,2010-12-03,0.023701761486502926,"{""type"":""MultiPoint"",""coordinates"":[]}"
1_2010_12_11,2010-12-11,0.03826522020325223,"{""type"":""MultiPoint"",""coordinates"":[]}"
1_2010_12_19,2010-12-19,0.0431822020551109,"{""type"":""MultiPoint"",""coordinates"":[]}"
1_2010_12_27,2010-12-27,0.024309280168556734,"{""type"":""MultiPoint"",""coordinates"":[]}"
1_2011_01_01,2011-01-01,0.0376843008663557,"{""type"":""MultiPoint"",""coordinates"":[]}"
1_2011_01_09,2011-01-09,0.0407449398587364,"{""type"":""MultiPoint"",""coordinates"":[]}"
1_2011_01_17,2011-01-17,0.039276071321658675,"{""type"":""MultiPoint"",""coordinates"":[]}"
1_2011_01_25,2011-01-25,0.04346616113639875,"{""type"":""MultiPoint"",""coordinates"":[]}"
1_2011_02_02,2011-02-02,0.04172364645930815,"{""type"":""MultiPoint"",""coordinates"":[]}"
1_2011_02_10,2011-02-10,0.04262477499157844,"{""type"":""MultiPoint"",""coordinates"":[]}"
1_2011_02_18,2011-02-18,0.03884156931308673,"{""type"":""MultiPoint"",""coordinates"":[]}"
1_2011_02_26,2011-02-26,0.03511718005163595,"{""type"":""MultiPoint"",""coordinates"":[]}"
1_2011_03_06,2011-03-06,0.027245801213307903,"{""type"":""MultiPoint"",""coordinates"":[]}"
1_2011_03_14,2011-03-14,0.03210009190834234,"{""type"":""MultiPoint"",""coordinates"":[]}"
1_2011_03_22,2011-03-22,0.025753584400791563,"{""type"":""MultiPoint"",""coordinates"":[]}"
1_2011_03_30,2011-03-30,0.02314508502577806,"{""type"":""MultiPoint"",""coordinates"":[]}"
1_2011_04_07,2011-04-07,0.02202235594042811,"{""type"":""MultiPoint"",""coordinates"":[]}"
1_2011_04_15,2011-04-15,0.019438767675654424,"{""type"":""MultiPoint"",""coordinates"":[]}"
1_2011_04_23,2011-04-23,0.02555284978247088,"{""type"":""MultiPoint"",""coordinates"":[]}"
1_2011_05_01,2011-05-01,0.012350401758824167,"{""type"":""MultiPoint"",""coordinates"":[]}"
1_2011_05_09,2011-05-09,0.009877336296800283,"{""type"":""MultiPoint"",""coordinates"":[]}"
1_2011_05_17,2011-05-17,0.016188875504623793,"{""type"":""MultiPoint"",""coordinates"":[]}"
1_2011_05_25,2011-05-25,0.018215168560686647,"{""type"":""MultiPoint"",""coordinates"":[]}"
1_2011_06_02,2011-06-02,0.025507270583563692,"{""type"":""MultiPoint"",""coordinates"":[]}"
1_2011_06_10,2011-06-10,0.019500372879660763,"{""type"":""MultiPoint"",""coordinates"":[]}"
1_2011_06_18,2011-06-18,0.01677409962982194,"{""type"":""MultiPoint"",""coordinates"":[]}"
1_2011_06_26,2011-06-26,0.015576717067413346,"{""type"":""MultiPoint"",""coordinates"":[]}"
1_2011_07_04,2011-07-04,0.024430821440511778,"{""type"":""MultiPoint"",""coordinates"":[]}"
1_2011_07_12,2011-07-12,0.010185348631282846,"{""type"":""MultiPoint"",""coordinates"":[]}"
1_2011_07_20,2011-07-20,0.017892393673444668,"{""type"":""MultiPoint"",""coordinates"":[]}"
1_2011_07_28,2011-07-28,0.020466247611783426,"{""type"":""MultiPoint"",""coordinates"":[]}"
1_2011_08_05,2011-08-05,0.022603298227391527,"{""type"":""MultiPoint"",""coordinates"":[]}"
1_2011_08_13,2011-08-13,0.017170268304570357,"{""type"":""MultiPoint"",""coordinates"":[]}"
1_2011_08_21,2011-08-21,0.011140243121390381,"{""type"":""MultiPoint"",""coordinates"":[]}"
1_2011_08_29,2011-08-29,0.009120302145114115,"{""type"":""MultiPoint"",""coordinates"":[]}"
1_2011_09_06,2011-09-06,0.021033267342062532,"{""type"":""MultiPoint"",""coordinates"":[]}"
1_2011_09_14,2011-09-14,0.02049156241136434,"{""type"":""MultiPoint"",""coordinates"":[]}"
1_2011_09_22,2011-09-22,0.04794657190724956,"{""type"":""MultiPoint"",""coordinates"":[]}"
1_2011_09_30,2011-09-30,0.0474382390283005,"{""type"":""MultiPoint"",""coordinates"":[]}"
1_2011_10_08,2011-10-08,0.03610631463855805,"{""type"":""MultiPoint"",""coordinates"":[]}"
1_2011_10_16,2011-10-16,0.05092903827130107,"{""type"":""MultiPoint"",""coordinates"":[]}"
1_2011_10_24,2011-10-24,0.04650959411094906,"{""type"":""MultiPoint"",""coordinates"":[]}"
1_2011_11_01,2011-11-01,0.04557316445384129,"{""type"":""MultiPoint"",""coordinates"":[]}"
1_2011_11_09,2011-11-09,0.04766908541325636,"{""type"":""MultiPoint"",""coordinates"":[]}"
1_2011_11_17,2011-11-17,0.04189862314327688,"{""type"":""MultiPoint"",""coordinates"":[]}"
1_2011_11_25,2011-11-25,0.039679420646356475,"{""type"":""MultiPoint"",""coordinates"":[]}"
1_2011_12_03,2011-12-03,0.03331987951410819,"{""type"":""MultiPoint"",""coordinates"":[]}"
1_2011_12_11,2011-12-11,0.03114388288823802,"{""type"":""MultiPoint"",""coordinates"":[]}"
1_2011_12_19,2011-12-19,0.025929092934905733,"{""type"":""MultiPoint"",""coordinates"":[]}"
1_2011_12_27,2011-12-27,0.015048871855798656,"{""type"":""MultiPoint"",""coordinates"":[]}"
1_2012_01_01,2012-01-01,0.0291957482247835,"{""type"":""MultiPoint"",""coordinates"":[]}"
1_2012_01_09,2012-01-09,0.02947997859041572,"{""type"":""MultiPoint"",""coordinates"":[]}"
1_2012_01_17,2012-01-17,0.0323696791087278,"{""type"":""MultiPoint"",""coordinates"":[]}"
1_2012_01_25,2012-01-25,0.031146990254768112,"{""type"":""MultiPoint"",""coordinates"":[]}"
1_2012_02_02,2012-02-02,0.028458180554748896,"{""type"":""MultiPoint"",""coordinates"":[]}"
1_2012_02_10,2012-02-10,0.03078694683433912,"{""type"":""MultiPoint"",""coordinates"":[]}"
1_2012_02_18,2012-02-18,0.021016936207161344,"{""type"":""MultiPoint"",""coordinates"":[]}"
1_2012_02_26,2012-02-26,0.022263409004699197,"{""type"":""MultiPoint"",""coordinates"":[]}"
1_2012_03_05,2012-03-05,0.020789587634629014,"{""type"":""MultiPoint"",""coordinates"":[]}"
1_2012_03_13,2012-03-13,0.01823928431745019,"{""type"":""MultiPoint"",""coordinates"":[]}"
1_2012_03_21,2012-03-21,0.01754204609682318,"{""type"":""MultiPoint"",""coordinates"":[]}"
1_2012_03_29,2012-03-29,0.015094423683605928,"{""type"":""MultiPoint"",""coordinates"":[]}"
1_2012_04_06,2012-04-06,0.01912328116417357,"{""type"":""MultiPoint"",""coordinates"":[]}"
1_2012_04_14,2012-04-14,0.013469832194328124,"{""type"":""MultiPoint"",""coordinates"":[]}"
1_2012_04_22,2012-04-22,0.017046218873110593,"{""type"":""MultiPoint"",""coordinates"":[]}"
1_2012_04_30,2012-04-30,0.017066351545332314,"{""type"":""MultiPoint"",""coordinates"":[]}"
1_2012_05_08,2012-05-08,0.01572736747489997,"{""type"":""MultiPoint"",""coordinates"":[]}"
1_2012_05_16,2012-05-16,0.012119240419550257,"{""type"":""MultiPoint"",""coordinates"":[]}"
1_2012_05_24,2012-05-24,0.011069080235736625,"{""type"":""MultiPoint"",""coordinates"":[]}"
1_2012_06_01,2012-06-01,0.009598213176070404,"{""type"":""MultiPoint"",""coordinates"":[]}"
1_2012_06_09,2012-06-09,0.009664013222225962,"{""type"":""MultiPoint"",""coordinates"":[]}"
1_2012_06_17,2012-06-17,0.016335790434832336,"{""type"":""MultiPoint"",""coordinates"":[]}"
1_2012_06_25,2012-06-25,0.022370161433491326,"{""type"":""MultiPoint"",""coordinates"":[]}"
1_2012_07_03,2012-07-03,0.02157747428212022,"{""type"":""MultiPoint"",""coordinates"":[]}"
1_2012_07_11,2012-07-11,0.02847086896562272,"{""type"":""MultiPoint"",""coordinates"":[]}"
1_2012_07_19,2012-07-19,0.009640367863262549,"{""type"":""MultiPoint"",""coordinates"":[]}"
1_2012_07_27,2012-07-27,0.007285525256422272,"{""type"":""MultiPoint"",""coordinates"":[]}"
1_2012_08_04,2012-08-04,0.016698862380053713,"{""type"":""MultiPoint"",""coordinates"":[]}"
1_2012_08_12,2012-08-12,0.018074162614790695,"{""type"":""MultiPoint"",""coordinates"":[]}"
1_2012_08_20,2012-08-20,0.021653908216821866,"{""type"":""MultiPoint"",""coordinates"":[]}"
1_2012_08_28,2012-08-28,0.01879324434876681,"{""type"":""MultiPoint"",""coordinates"":[]}"
1_2012_09_05,2012-09-05,0.012922219143873757,"{""type"":""MultiPoint"",""coordinates"":[]}"
1_2012_09_13,2012-09-13,0.028403712694226847,"{""type"":""MultiPoint"",""coordinates"":[]}"
1_2012_09_21,2012-09-21,0.03416710099867153,"{""type"":""MultiPoint"",""coordinates"":[]}"
1_2012_09_29,2012-09-29,0.03156812107811439,"{""type"":""MultiPoint"",""coordinates"":[]}"
1_2012_10_07,2012-10-07,0.04910727338354986,"{""type"":""MultiPoint"",""coordinates"":[]}"
1_2012_10_15,2012-10-15,0.04795377213745775,"{""type"":""MultiPoint"",""coordinates"":[]}"
1_2012_10_23,2012-10-23,0.055168450621836757,"{""type"":""MultiPoint"",""coordinates"":[]}"
1_2012_10_31,2012-10-31,0.02136393769135026,"{""type"":""MultiPoint"",""coordinates"":[]}"
1_2012_11_08,2012-11-08,0.05079208734505162,"{""type"":""MultiPoint"",""coordinates"":[]}"
1_2012_11_16,2012-11-16,0.04490901020069612,"{""type"":""MultiPoint"",""coordinates"":[]}"
1_2012_11_24,2012-11-24,0.03955755710082041,"{""type"":""MultiPoint"",""coordinates"":[]}"
1_2012_12_02,2012-12-02,0.03972932786854617,"{""type"":""MultiPoint"",""coordinates"":[]}"
1_2012_12_10,2012-12-10,0.042431149923186876,"{""type"":""MultiPoint"",""coordinates"":[]}"
1_2012_12_18,2012-12-18,0.03991275949124319,"{""type"":""MultiPoint"",""coordinates"":[]}"
1_2012_12_26,2012-12-26,0.02728319749466947,"{""type"":""MultiPoint"",""coordinates"":[]}"
1_2013_01_01,2013-01-01,0.03467265557341295,"{""type"":""MultiPoint"",""coordinates"":[]}"
1_2013_01_09,2013-01-09,0.032513908694293554,"{""type"":""MultiPoint"",""coordinates"":[]}"
1_2013_01_17,2013-01-17,0.03487504474821209,"{""type"":""MultiPoint"",""coordinates"":[]}"
1_2013_01_25,2013-01-25,0.031223323999060894,"{""type"":""MultiPoint"",""coordinates"":[]}"
1_2013_02_02,2013-02-02,0.03337459176927644,"{""type"":""MultiPoint"",""coordinates"":[]}"
1_2013_02_10,2013-02-10,0.029480973666466886,"{""type"":""MultiPoint"",""coordinates"":[]}"
1_2013_02_18,2013-02-18,0.03629906188648937,"{""type"":""MultiPoint"",""coordinates"":[]}"
1_2013_02_26,2013-02-26,0.02790872881674797,"{""type"":""MultiPoint"",""coordinates"":[]}"
1_2013_03_06,2013-03-06,0.02977783633516484,"{""type"":""MultiPoint"",""coordinates"":[]}"
1_2013_03_14,2013-03-14,0.020954494484958928,"{""type"":""MultiPoint"",""coordinates"":[]}"
1_2013_03_22,2013-03-22,0.02083169011434653,"{""type"":""MultiPoint"",""coordinates"":[]}"
1_2013_03_30,2013-03-30,0.019725753257882842,"{""type"":""MultiPoint"",""coordinates"":[]}"
1_2013_04_07,2013-04-07,0.020944347224313882,"{""type"":""MultiPoint"",""coordinates"":[]}"
1_2013_04_15,2013-04-15,0.022447770301648937,"{""type"":""MultiPoint"",""coordinates"":[]}"
1_2013_04_23,2013-04-23,0.018951245350671234,"{""type"":""MultiPoint"",""coordinates"":[]}"
1_2013_05_01,2013-05-01,0.0191008539567108,"{""type"":""MultiPoint"",""coordinates"":[]}"
1_2013_05_09,2013-05-09,0.012942701755512931,"{""type"":""MultiPoint"",""coordinates"":[]}"
1_2013_05_17,2013-05-17,0.015350213069179662,"{""type"":""MultiPoint"",""coordinates"":[]}"
1_2013_05_25,2013-05-25,0.015171645544449365,"{""type"":""MultiPoint"",""coordinates"":[]}"
1_2013_06_02,2013-06-02,0.021125303835421713,"{""type"":""MultiPoint"",""coordinates"":[]}"
1_2013_06_10,2013-06-10,0.02654171990326,"{""type"":""MultiPoint"",""coordinates"":[]}"
1_2013_06_18,2013-06-18,0.019669641942585553,"{""type"":""MultiPoint"",""coordinates"":[]}"
1_2013_06_26,2013-06-26,0.026648222759885386,"{""type"":""MultiPoint"",""coordinates"":[]}"
1_2013_07_04,2013-07-04,0.01511655943699226,"{""type"":""MultiPoint"",""coordinates"":[]}"
1_2013_07_12,2013-07-12,0.009937052501916056,"{""type"":""MultiPoint"",""coordinates"":[]}"
1_2013_07_20,2013-07-20,0.010726799342818727,"{""type"":""MultiPoint"",""coordinates"":[]}"
1_2013_07_28,2013-07-28,0.022386504731142755,"{""type"":""MultiPoint"",""coordinates"":[]}"
1_2013_08_05,2013-08-05,0.018996869683401578,"{""type"":""MultiPoint"",""coordinates"":[]}"
1_2013_08_13,2013-08-13,0.019360299742037942,"{""type"":""MultiPoint"",""coordinates"":[]}"
1_2013_08_21,2013-08-21,0.03051121777915057,"{""type"":""MultiPoint"",""coordinates"":[]}"
1_2013_08_29,2013-08-29,0.035102539647077845,"{""type"":""MultiPoint"",""coordinates"":[]}"
1_2013_09_06,2013-09-06,0.035792170912380565,"{""type"":""MultiPoint"",""coordinates"":[]}"
1_2013_09_14,2013-09-14,0.023496858237841544,"{""type"":""MultiPoint"",""coordinates"":[]}"
1_2013_09_22,2013-09-22,0.04196949805273157,"{""type"":""MultiPoint"",""coordinates"":[]}"
1_2013_09_30,2013-09-30,0.024887046219137794,"{""type"":""MultiPoint"",""coordinates"":[]}"
1_2013_10_08,2013-10-08,0.0380104422024245,"{""type"":""MultiPoint"",""coordinates"":[]}"
1_2013_10_16,2013-10-16,0.036128982104547396,"{""type"":""MultiPoint"",""coordinates"":[]}"
1_2013_10_24,2013-10-24,0.03175672709627908,"{""type"":""MultiPoint"",""coordinates"":[]}"
1_2013_11_01,2013-11-01,0.05438173578360727,"{""type"":""MultiPoint"",""coordinates"":[]}"
1_2013_11_09,2013-11-09,0.04879570780672659,"{""type"":""MultiPoint"",""coordinates"":[]}"
1_2013_11_17,2013-11-17,0.04156847602803542,"{""type"":""MultiPoint"",""coordinates"":[]}"
1_2013_11_25,2013-11-25,0.041208462307116826,"{""type"":""MultiPoint"",""coordinates"":[]}"
1_2013_12_03,2013-12-03,0.04210622050004944,"{""type"":""MultiPoint"",""coordinates"":[]}"
1_2013_12_11,2013-12-11,0.04044649273147996,"{""type"":""MultiPoint"",""coordinates"":[]}"
1_2013_12_19,2013-12-19,0.04017164971986797,"{""type"":""MultiPoint"",""coordinates"":[]}"
1_2013_12_27,2013-12-27,0.024737974070942845,"{""type"":""MultiPoint"",""coordinates"":[]}"
1_2014_01_01,2014-01-01,0.04055289664540959,"{""type"":""MultiPoint"",""coordinates"":[]}"
1_2014_01_09,2014-01-09,0.034968336686931695,"{""type"":""MultiPoint"",""coordinates"":[]}"
1_2014_01_17,2014-01-17,0.037371322239292966,"{""type"":""MultiPoint"",""coordinates"":[]}"
1_2014_01_25,2014-01-25,0.037631807910287,"{""type"":""MultiPoint"",""coordinates"":[]}"
1_2014_02_02,2014-02-02,0.036403125718724734,"{""type"":""MultiPoint"",""coordinates"":[]}"
1_2014_02_10,2014-02-10,0.036537394974701265,"{""type"":""MultiPoint"",""coordinates"":[]}"
1_2014_02_18,2014-02-18,0.04120276074779878,"{""type"":""MultiPoint"",""coordinates"":[]}"
1_2014_02_26,2014-02-26,0.03801309138302575,"{""type"":""MultiPoint"",""coordinates"":[]}"
1_2014_03_06,2014-03-06,0.027948128523132564,"{""type"":""MultiPoint"",""coordinates"":[]}"
1_2014_03_14,2014-03-14,0.021591295842785747,"{""type"":""MultiPoint"",""coordinates"":[]}"
1_2014_03_22,2014-03-22,0.019038775034216533,"{""type"":""MultiPoint"",""coordinates"":[]}"
1_2014_03_30,2014-03-30,0.014961886872865454,"{""type"":""MultiPoint"",""coordinates"":[]}"
1_2014_04_07,2014-04-07,0.015222222454735711,"{""type"":""MultiPoint"",""coordinates"":[]}"
1_2014_04_15,2014-04-15,0.011919056170586646,"{""type"":""MultiPoint"",""coordinates"":[]}"
1_2014_04_23,2014-04-23,0.01289185244088613,"{""type"":""MultiPoint"",""coordinates"":[]}"
1_2014_05_01,2014-05-01,0.01667887757661427,"{""type"":""MultiPoint"",""coordinates"":[]}"
1_2014_05_09,2014-05-09,0.015068043739529023,"{""type"":""MultiPoint"",""coordinates"":[]}"
1_2014_05_17,2014-05-17,0.01223978504353071,"{""type"":""MultiPoint"",""coordinates"":[]}"
1_2014_05_25,2014-05-25,0.01975893186492205,"{""type"":""MultiPoint"",""coordinates"":[]}"
1_2014_06_02,2014-06-02,0.01786490313666331,"{""type"":""MultiPoint"",""coordinates"":[]}"
1_2014_06_10,2014-06-10,0.010034078473710439,"{""type"":""MultiPoint"",""coordinates"":[]}"
1_2014_06_18,2014-06-18,0.011586984737320446,"{""type"":""MultiPoint"",""coordinates"":[]}"
1_2014_06_26,2014-06-26,0.013692907348236394,"{""type"":""MultiPoint"",""coordinates"":[]}"
1_2014_07_04,2014-07-04,0.015959100139223085,"{""type"":""MultiPoint"",""coordinates"":[]}"
1_2014_07_12,2014-07-12,0.009278659099039126,"{""type"":""MultiPoint"",""coordinates"":[]}"
1_2014_07_20,2014-07-20,0.016380442150354772,"{""type"":""MultiPoint"",""coordinates"":[]}"
1_2014_07_28,2014-07-28,0.01021825575748509,"{""type"":""MultiPoint"",""coordinates"":[]}"
1_2014_08_05,2014-08-05,0.024522505096221777,"{""type"":""MultiPoint"",""coordinates"":[]}"
1_2014_08_13,2014-08-13,0.026283482346671726,"{""type"":""MultiPoint"",""coordinates"":[]}"
1_2014_08_21,2014-08-21,0.025539663966202233,"{""type"":""MultiPoint"",""coordinates"":[]}"
1_2014_08_29,2014-08-29,0.016075031534238504,"{""type"":""MultiPoint"",""coordinates"":[]}"
1_2014_09_06,2014-09-06,0.039354034304653576,"{""type"":""MultiPoint"",""coordinates"":[]}"
1_2014_09_14,2014-09-14,0.02616668076484614,"{""type"":""MultiPoint"",""coordinates"":[]}"
1_2014_09_22,2014-09-22,0.04165786553165988,"{""type"":""MultiPoint"",""coordinates"":[]}"
1_2014_09_30,2014-09-30,0.055966017983382875,"{""type"":""MultiPoint"",""coordinates"":[]}"
1_2014_10_08,2014-10-08,0.027677182002784538,"{""type"":""MultiPoint"",""coordinates"":[]}"
1_2014_10_16,2014-10-16,0.05464144088702002,"{""type"":""MultiPoint"",""coordinates"":[]}"
1_2014_10_24,2014-10-24,0.044093933970806805,"{""type"":""MultiPoint"",""coordinates"":[]}"
1_2014_11_01,2014-11-01,0.03455477474891258,"{""type"":""MultiPoint"",""coordinates"":[]}"
1_2014_11_09,2014-11-09,0.03745509971441134,"{""type"":""MultiPoint"",""coordinates"":[]}"
1_2014_11_17,2014-11-17,0.04724526688738356,"{""type"":""MultiPoint"",""coordinates"":[]}"
1_2014_11_25,2014-11-25,0.039359854838853695,"{""type"":""MultiPoint"",""coordinates"":[]}"
1_2014_12_03,2014-12-03,0.04028203901727639,"{""type"":""MultiPoint"",""coordinates"":[]}"
1_2014_12_11,2014-12-11,0.03142424263055672,"{""type"":""MultiPoint"",""coordinates"":[]}"
1_2014_12_19,2014-12-19,0.03592865640220913,"{""type"":""MultiPoint"",""coordinates"":[]}"
1_2014_12_27,2014-12-27,0.01734493608612397,"{""type"":""MultiPoint"",""coordinates"":[]}"
1_2015_01_01,2015-01-01,0.03489600646217347,"{""type"":""MultiPoint"",""coordinates"":[]}"
1_2015_01_09,2015-01-09,0.03608643400445574,"{""type"":""MultiPoint"",""coordinates"":[]}"
1_2015_01_17,2015-01-17,0.03631468533206744,"{""type"":""MultiPoint"",""coordinates"":[]}"
1_2015_01_25,2015-01-25,0.03871262818659423,"{""type"":""MultiPoint"",""coordinates"":[]}"
1_2015_02_02,2015-02-02,0.035249327015776544,"{""type"":""MultiPoint"",""coordinates"":[]}"
1_2015_02_10,2015-02-10,0.03443586839236243,"{""type"":""MultiPoint"",""coordinates"":[]}"
1_2015_02_18,2015-02-18,0.031014993320803444,"{""type"":""MultiPoint"",""coordinates"":[]}"
1_2015_02_26,2015-02-26,0.03523888759368994,"{""type"":""MultiPoint"",""coordinates"":[]}"
1_2015_03_06,2015-03-06,0.03006708326542183,"{""type"":""MultiPoint"",""coordinates"":[]}"
1_2015_03_14,2015-03-14,0.022012572383345957,"{""type"":""MultiPoint"",""coordinates"":[]}"
1_2015_03_22,2015-03-22,0.023808114224532797,"{""type"":""MultiPoint"",""coordinates"":[]}"
1_2015_03_30,2015-03-30,0.024120707229536825,"{""type"":""MultiPoint"",""coordinates"":[]}"
1_2015_04_07,2015-04-07,0.021040141673443133,"{""type"":""MultiPoint"",""coordinates"":[]}"
1_2015_04_15,2015-04-15,0.021456833819990917,"{""type"":""MultiPoint"",""coordinates"":[]}"
1_2015_04_23,2015-04-23,0.020751230063724608,"{""type"":""MultiPoint"",""coordinates"":[]}"
1_2015_05_01,2015-05-01,0.017575113618065286,"{""type"":""MultiPoint"",""coordinates"":[]}"
1_2015_05_09,2015-05-09,0.014837960768548542,"{""type"":""MultiPoint"",""coordinates"":[]}"
1_2015_05_17,2015-05-17,0.012390200782640538,"{""type"":""MultiPoint"",""coordinates"":[]}"
1_2015_05_25,2015-05-25,0.014132935646770744,"{""type"":""MultiPoint"",""coordinates"":[]}"
1_2015_06_02,2015-06-02,0.009456286447110189,"{""type"":""MultiPoint"",""coordinates"":[]}"
1_2015_06_10,2015-06-10,0.02202479834445074,"{""type"":""MultiPoint"",""coordinates"":[]}"
1_2015_06_18,2015-06-18,0.019956676549146717,"{""type"":""MultiPoint"",""coordinates"":[]}"
1_2015_06_26,2015-06-26,0.025920714185293733,"{""type"":""MultiPoint"",""coordinates"":[]}"
1_2015_07_04,2015-07-04,0.02617840776828406,"{""type"":""MultiPoint"",""coordinates"":[]}"
1_2015_07_12,2015-07-12,0.024110466616345135,"{""type"":""MultiPoint"",""coordinates"":[]}"
1_2015_07_20,2015-07-20,0.022708842083587342,"{""type"":""MultiPoint"",""coordinates"":[]}"
1_2015_07_28,2015-07-28,0.025161920433410614,"{""type"":""MultiPoint"",""coordinates"":[]}"
1_2015_08_05,2015-08-05,0.028221393540714967,"{""type"":""MultiPoint"",""coordinates"":[]}"
1_2015_08_13,2015-08-13,0.022378000709133438,"{""type"":""MultiPoint"",""coordinates"":[]}"
1_2015_08_21,2015-08-21,0.024103108280209663,"{""type"":""MultiPoint"",""coordinates"":[]}"
1_2015_08_29,2015-08-29,0.024319181659123095,"{""type"":""MultiPoint"",""coordinates"":[]}"
1_2015_09_06,2015-09-06,0.025671056898779684,"{""type"":""MultiPoint"",""coordinates"":[]}"
1_2015_09_14,2015-09-14,0.01381650818249477,"{""type"":""MultiPoint"",""coordinates"":[]}"
1_2015_09_22,2015-09-22,0.04566565714857794,"{""type"":""MultiPoint"",""coordinates"":[]}"
1_2015_09_30,2015-09-30,0.04115960260424446,"{""type"":""MultiPoint"",""coordinates"":[]}"
1_2015_10_08,2015-10-08,0.050582758987245686,"{""type"":""MultiPoint"",""coordinates"":[]}"
1_2015_10_16,2015-10-16,0.05565380412608153,"{""type"":""MultiPoint"",""coordinates"":[]}"
1_2015_10_24,2015-10-24,0.04705240194175556,"{""type"":""MultiPoint"",""coordinates"":[]}"
1_2015_11_01,2015-11-01,0.052426874726326386,"{""type"":""MultiPoint"",""coordinates"":[]}"
1_2015_11_09,2015-11-09,0.03798069230216842,"{""type"":""MultiPoint"",""coordinates"":[]}"
1_2015_11_17,2015-11-17,0.038191813221419735,"{""type"":""MultiPoint"",""coordinates"":[]}"
1_2015_11_25,2015-11-25,0.0335807322093501,"{""type"":""MultiPoint"",""coordinates"":[]}"
1_2015_12_03,2015-12-03,0.04198831284479693,"{""type"":""MultiPoint"",""coordinates"":[]}"
1_2015_12_11,2015-12-11,0.04032072148490896,"{""type"":""MultiPoint"",""coordinates"":[]}"
1_2015_12_19,2015-12-19,0.03375345205474424,"{""type"":""MultiPoint"",""coordinates"":[]}"
1_2015_12_27,2015-12-27,0.01954679501217231,"{""type"":""MultiPoint"",""coordinates"":[]}"
1_2016_01_01,2016-01-01,0.05026680620426035,"{""type"":""MultiPoint"",""coordinates"":[]}"
1_2016_01_09,2016-01-09,0.0310404288145572,"{""type"":""MultiPoint"",""coordinates"":[]}"
1_2016_01_17,2016-01-17,0.030894325821606596,"{""type"":""MultiPoint"",""coordinates"":[]}"
1_2016_01_25,2016-01-25,0.03331349284220183,"{""type"":""MultiPoint"",""coordinates"":[]}"
1_2016_02_02,2016-02-02,0.03594045855336569,"{""type"":""MultiPoint"",""coordinates"":[]}"
1_2016_02_10,2016-02-10,0.03670004496680747,"{""type"":""MultiPoint"",""coordinates"":[]}"
1_2016_02_18,2016-02-18,0.03107365705504823,"{""type"":""MultiPoint"",""coordinates"":[]}"
1_2016_02_26,2016-02-26,0.02207163080767582,"{""type"":""MultiPoint"",""coordinates"":[]}"
1_2016_03_05,2016-03-05,0.02233939457798745,"{""type"":""MultiPoint"",""coordinates"":[]}"
1_2016_03_13,2016-03-13,0.024545433216431448,"{""type"":""MultiPoint"",""coordinates"":[]}"
1_2016_03_21,2016-03-21,0.02214935072233281,"{""type"":""MultiPoint"",""coordinates"":[]}"
1_2016_03_29,2016-03-29,0.021140600252352485,"{""type"":""MultiPoint"",""coordinates"":[]}"
1_2016_04_06,2016-04-06,0.014211192677513466,"{""type"":""MultiPoint"",""coordinates"":[]}"
1_2016_04_14,2016-04-14,0.01615345308631778,"{""type"":""MultiPoint"",""coordinates"":[]}"
1_2016_04_22,2016-04-22,0.012740023779257138,"{""type"":""MultiPoint"",""coordinates"":[]}"
1_2016_04_30,2016-04-30,0.011219098248986318,"{""type"":""MultiPoint"",""coordinates"":[]}"
1_2016_05_08,2016-05-08,0.01363373333848138,"{""type"":""MultiPoint"",""coordinates"":[]}"
1_2016_05_16,2016-05-16,0.010671177042779735,"{""type"":""MultiPoint"",""coordinates"":[]}"
1_2016_05_24,2016-05-24,0.008807130908426879,"{""type"":""MultiPoint"",""coordinates"":[]}"
1_2016_06_01,2016-06-01,0.016214023965332797,"{""type"":""MultiPoint"",""coordinates"":[]}"
1_2016_06_09,2016-06-09,0.02580303671843853,"{""type"":""MultiPoint"",""coordinates"":[]}"
1_2016_06_17,2016-06-17,0.02510101929348152,"{""type"":""MultiPoint"",""coordinates"":[]}"
1_2016_06_25,2016-06-25,0.02228158130292531,"{""type"":""MultiPoint"",""coordinates"":[]}"
1_2016_07_03,2016-07-03,0.016923628568865905,"{""type"":""MultiPoint"",""coordinates"":[]}"
1_2016_07_11,2016-07-11,0.023320767060835967,"{""type"":""MultiPoint"",""coordinates"":[]}"
1_2016_07_19,2016-07-19,0.011114533798739841,"{""type"":""MultiPoint"",""coordinates"":[]}"
1_2016_07_27,2016-07-27,0.009957071917123923,"{""type"":""MultiPoint"",""coordinates"":[]}"
1_2016_08_04,2016-08-04,0.02198391284711604,"{""type"":""MultiPoint"",""coordinates"":[]}"
1_2016_08_12,2016-08-12,0.035847686282392585,"{""type"":""MultiPoint"",""coordinates"":[]}"
1_2016_08_20,2016-08-20,0.02951024044617482,"{""type"":""MultiPoint"",""coordinates"":[]}"
1_2016_08_28,2016-08-28,0.01785103546954646,"{""type"":""MultiPoint"",""coordinates"":[]}"
1_2016_09_05,2016-09-05,0.03553406564289326,"{""type"":""MultiPoint"",""coordinates"":[]}"
1_2016_09_13,2016-09-13,0.023666739810184155,"{""type"":""MultiPoint"",""coordinates"":[]}"
1_2016_09_21,2016-09-21,0.008765438592406154,"{""type"":""MultiPoint"",""coordinates"":[]}"
1_2016_09_29,2016-09-29,0.035339823987910295,"{""type"":""MultiPoint"",""coordinates"":[]}"
1_2016_10_07,2016-10-07,0.03814992190001473,"{""type"":""MultiPoint"",""coordinates"":[]}"
1_2016_10_15,2016-10-15,0.05148659533282415,"{""type"":""MultiPoint"",""coordinates"":[]}"
1_2016_10_23,2016-10-23,0.043643711214655254,"{""type"":""MultiPoint"",""coordinates"":[]}"
1_2016_10_31,2016-10-31,0.0503185080608674,"{""type"":""MultiPoint"",""coordinates"":[]}"
1_2016_11_08,2016-11-08,0.04811783068017461,"{""type"":""MultiPoint"",""coordinates"":[]}"
1_2016_11_16,2016-11-16,0.04470871184981013,"{""type"":""MultiPoint"",""coordinates"":[]}"
1_2016_11_24,2016-11-24,0.04192778608767893,"{""type"":""MultiPoint"",""coordinates"":[]}"
1_2016_12_02,2016-12-02,0.03687500509646818,"{""type"":""MultiPoint"",""coordinates"":[]}"
1_2016_12_10,2016-12-10,0.03235799871279146,"{""type"":""MultiPoint"",""coordinates"":[]}"
1_2016_12_18,2016-12-18,0.034182095498417546,"{""type"":""MultiPoint"",""coordinates"":[]}"
1_2016_12_26,2016-12-26,0.02500945399370934,"{""type"":""MultiPoint"",""coordinates"":[]}"
1_2017_01_01,2017-01-01,0.032300770802011027,"{""type"":""MultiPoint"",""coordinates"":[]}"
1_2017_01_09,2017-01-09,0.03294223979697033,"{""type"":""MultiPoint"",""coordinates"":[]}"
1_2017_01_17,2017-01-17,0.027967780668477656,"{""type"":""MultiPoint"",""coordinates"":[]}"
1_2017_01_25,2017-01-25,0.03253159364742882,"{""type"":""MultiPoint"",""coordinates"":[]}"
1_2017_02_02,2017-02-02,0.034057270657247396,"{""type"":""MultiPoint"",""coordinates"":[]}"
1_2017_02_10,2017-02-10,0.03589667125766292,"{""type"":""MultiPoint"",""coordinates"":[]}"
1_2017_02_18,2017-02-18,0.029582785759050274,"{""type"":""MultiPoint"",""coordinates"":[]}"
1_2017_02_26,2017-02-26,0.02909489072142274,"{""type"":""MultiPoint"",""coordinates"":[]}"
1_2017_03_06,2017-03-06,0.03128289364205493,"{""type"":""MultiPoint"",""coordinates"":[]}"
1_2017_03_14,2017-03-14,0.027923719435809524,"{""type"":""MultiPoint"",""coordinates"":[]}"
1_2017_03_22,2017-03-22,0.022373344753350392,"{""type"":""MultiPoint"",""coordinates"":[]}"
1_2017_03_30,2017-03-30,0.020355750195581505,"{""type"":""MultiPoint"",""coordinates"":[]}"
1_2017_04_07,2017-04-07,0.01584468097292967,"{""type"":""MultiPoint"",""coordinates"":[]}"
1_2017_04_15,2017-04-15,0.01635397152599984,"{""type"":""MultiPoint"",""coordinates"":[]}"
1_2017_04_23,2017-04-23,0.010200808459379429,"{""type"":""MultiPoint"",""coordinates"":[]}"
1_2017_05_01,2017-05-01,0.01513526683727905,"{""type"":""MultiPoint"",""coordinates"":[]}"
1_2017_05_09,2017-05-09,0.015091597170500357,"{""type"":""MultiPoint"",""coordinates"":[]}"
1_2017_05_17,2017-05-17,0.008660685157780259,"{""type"":""MultiPoint"",""coordinates"":[]}"
1_2017_05_25,2017-05-25,0.010355053922344414,"{""type"":""MultiPoint"",""coordinates"":[]}"
1_2017_06_02,2017-06-02,0.014478258985820999,"{""type"":""MultiPoint"",""coordinates"":[]}"
1_2017_06_10,2017-06-10,0.008584460632626103,"{""type"":""MultiPoint"",""coordinates"":[]}"
1_2017_06_18,2017-06-18,0.014660905354645782,"{""type"":""MultiPoint"",""coordinates"":[]}"
1_2017_06_26,2017-06-26,0.007922511040053978,"{""type"":""MultiPoint"",""coordinates"":[]}"
1_2017_07_04,2017-07-04,0.021185461868648173,"{""type"":""MultiPoint"",""coordinates"":[]}"
1_2017_07_12,2017-07-12,0.005202048833933004,"{""type"":""MultiPoint"",""coordinates"":[]}"
1_2017_07_20,2017-07-20,0.02515239461266731,"{""type"":""MultiPoint"",""coordinates"":[]}"
1_2017_07_28,2017-07-28,0.02581591391720281,"{""type"":""MultiPoint"",""coordinates"":[]}"
1_2017_08_05,2017-08-05,0.027754114944276945,"{""type"":""MultiPoint"",""coordinates"":[]}"
1_2017_08_13,2017-08-13,0.022452294343663,"{""type"":""MultiPoint"",""coordinates"":[]}"
1_2017_08_21,2017-08-21,0.046088979172911174,"{""type"":""MultiPoint"",""coordinates"":[]}"
1_2017_08_29,2017-08-29,0.031665068473434116,"{""type"":""MultiPoint"",""coordinates"":[]}"
1_2017_09_06,2017-09-06,0.029696609147076045,"{""type"":""MultiPoint"",""coordinates"":[]}"
1_2017_09_14,2017-09-14,0.025209557416384348,"{""type"":""MultiPoint"",""coordinates"":[]}"
1_2017_09_22,2017-09-22,0.03299641571219064,"{""type"":""MultiPoint"",""coordinates"":[]}"
1_2017_09_30,2017-09-30,0.023402236943930947,"{""type"":""MultiPoint"",""coordinates"":[]}"
1_2017_10_08,2017-10-08,0.03930478052081532,"{""type"":""MultiPoint"",""coordinates"":[]}"
1_2017_10_16,2017-10-16,0.02854331640667489,"{""type"":""MultiPoint"",""coordinates"":[]}"
1_2017_10_24,2017-10-24,0.055598991179451836,"{""type"":""MultiPoint"",""coordinates"":[]}"
1_2017_11_01,2017-11-01,0.05396773490588513,"{""type"":""MultiPoint"",""coordinates"":[]}"
1_2017_11_09,2017-11-09,0.040341729786722735,"{""type"":""MultiPoint"",""coordinates"":[]}"
1_2017_11_17,2017-11-17,0.0423009667323245,"{""type"":""MultiPoint"",""coordinates"":[]}"
1_2017_11_25,2017-11-25,0.0422718648079861,"{""type"":""MultiPoint"",""coordinates"":[]}"
1_2017_12_03,2017-12-03,0.03336869942769286,"{""type"":""MultiPoint"",""coordinates"":[]}"
1_2017_12_11,2017-12-11,0.03684447924615314,"{""type"":""MultiPoint"",""coordinates"":[]}"
1_2017_12_19,2017-12-19,0.03388074093351916,"{""type"":""MultiPoint"",""coordinates"":[]}"
1_2017_12_27,2017-12-27,0.02143569679737435,"{""type"":""MultiPoint"",""coordinates"":[]}"
1_2018_01_01,2018-01-01,0.030795658133976906,"{""type"":""MultiPoint"",""coordinates"":[]}"
1_2018_01_09,2018-01-09,0.030743672781149943,"{""type"":""MultiPoint"",""coordinates"":[]}"
1_2018_01_17,2018-01-17,0.03227871247563114,"{""type"":""MultiPoint"",""coordinates"":[]}"
1_2018_01_25,2018-01-25,0.030319044145379566,"{""type"":""MultiPoint"",""coordinates"":[]}"
1_2018_02_02,2018-02-02,0.029859565821257452,"{""type"":""MultiPoint"",""coordinates"":[]}"
1_2018_02_10,2018-02-10,0.024737865539519507,"{""type"":""MultiPoint"",""coordinates"":[]}"
1_2018_02_18,2018-02-18,0.03167860758910431,"{""type"":""MultiPoint"",""coordinates"":[]}"
1_2018_02_26,2018-02-26,0.01901094414674533,"{""type"":""MultiPoint"",""coordinates"":[]}"
1_2018_03_06,2018-03-06,0.019130561808041093,"{""type"":""MultiPoint"",""coordinates"":[]}"
1_2018_03_14,2018-03-14,0.018161513256366058,"{""type"":""MultiPoint"",""coordinates"":[]}"
1_2018_03_22,2018-03-22,0.019070868012645,"{""type"":""MultiPoint"",""coordinates"":[]}"
1_2018_03_30,2018-03-30,0.0224275164735023,"{""type"":""MultiPoint"",""coordinates"":[]}"
1_2018_04_07,2018-04-07,0.02244918442275888,"{""type"":""MultiPoint"",""coordinates"":[]}"
1_2018_04_15,2018-04-15,0.01605626735807671,"{""type"":""MultiPoint"",""coordinates"":[]}"
1_2018_04_23,2018-04-23,0.01725414610764001,"{""type"":""MultiPoint"",""coordinates"":[]}"
1_2018_05_01,2018-05-01,0.01796264259424566,"{""type"":""MultiPoint"",""coordinates"":[]}"
1_2018_05_09,2018-05-09,0.016829245548929832,"{""type"":""MultiPoint"",""coordinates"":[]}"
1_2018_05_17,2018-05-17,0.015034403154298107,"{""type"":""MultiPoint"",""coordinates"":[]}"
1_2018_05_25,2018-05-25,0.01778660746610144,"{""type"":""MultiPoint"",""coordinates"":[]}"
1_2018_06_02,2018-06-02,0.015998350306656892,"{""type"":""MultiPoint"",""coordinates"":[]}"
1_2018_06_10,2018-06-10,0.028395600316702452,"{""type"":""MultiPoint"",""coordinates"":[]}"
1_2018_06_18,2018-06-18,0.02755261027060685,"{""type"":""MultiPoint"",""coordinates"":[]}"
1_2018_06_26,2018-06-26,0.01500851836580204,"{""type"":""MultiPoint"",""coordinates"":[]}"
1_2018_07_04,2018-07-04,0.00585871471365586,"{""type"":""MultiPoint"",""coordinates"":[]}"
1_2018_07_12,2018-07-12,0.010748723859297525,"{""type"":""MultiPoint"",""coordinates"":[]}"
1_2018_07_20,2018-07-20,0.021463754542733228,"{""type"":""MultiPoint"",""coordinates"":[]}"
1_2018_07_28,2018-07-28,0.021124689311978254,"{""type"":""MultiPoint"",""coordinates"":[]}"
1_2018_08_05,2018-08-05,0.010887471345572155,"{""type"":""MultiPoint"",""coordinates"":[]}"
1_2018_08_13,2018-08-13,0.015387969320789103,"{""type"":""MultiPoint"",""coordinates"":[]}"
1_2018_08_21,2018-08-21,0.0274157108739405,"{""type"":""MultiPoint"",""coordinates"":[]}"
1_2018_08_29,2018-08-29,0.02552959894657603,"{""type"":""MultiPoint"",""coordinates"":[]}"
1_2018_09_06,2018-09-06,0.040649611347079735,"{""type"":""MultiPoint"",""coordinates"":[]}"
1_2018_09_14,2018-09-14,0.026758717228731552,"{""type"":""MultiPoint"",""coordinates"":[]}"
1_2018_09_22,2018-09-22,0.04051873596015329,"{""type"":""MultiPoint"",""coordinates"":[]}"
1_2018_09_30,2018-09-30,0.062007888673306186,"{""type"":""MultiPoint"",""coordinates"":[]}"
1_2018_10_08,2018-10-08,0.038425237284154166,"{""type"":""MultiPoint"",""coordinates"":[]}"
1_2018_10_16,2018-10-16,0.044339011785390486,"{""type"":""MultiPoint"",""coordinates"":[]}"
1_2018_10_24,2018-10-24,0.05052586830295983,"{""type"":""MultiPoint"",""coordinates"":[]}"
1_2018_11_01,2018-11-01,0.051534673731279214,"{""type"":""MultiPoint"",""coordinates"":[]}"
1_2018_11_09,2018-11-09,0.04215986389705675,"{""type"":""MultiPoint"",""coordinates"":[]}"
1_2018_11_17,2018-11-17,0.036300375070529106,"{""type"":""MultiPoint"",""coordinates"":[]}"
1_2018_11_25,2018-11-25,0.03575633809458885,"{""type"":""MultiPoint"",""coordinates"":[]}"
1_2018_12_03,2018-12-03,0.030028753350528178,"{""type"":""MultiPoint"",""coordinates"":[]}"
1_2018_12_11,2018-12-11,0.026191235382717355,"{""type"":""MultiPoint"",""coordinates"":[]}"
1_2018_12_19,2018-12-19,0.03633511074537814,"{""type"":""MultiPoint"",""coordinates"":[]}"
1_2018_12_27,2018-12-27,0.021187393437164376,"{""type"":""MultiPoint"",""coordinates"":[]}"
1_2019_01_01,2019-01-01,0.03197008136368976,"{""type"":""MultiPoint"",""coordinates"":[]}"
1_2019_01_09,2019-01-09,0.03246976365850791,"{""type"":""MultiPoint"",""coordinates"":[]}"
1_2019_01_17,2019-01-17,0.0351509465183832,"{""type"":""MultiPoint"",""coordinates"":[]}"
1_2019_01_25,2019-01-25,0.0353614189410176,"{""type"":""MultiPoint"",""coordinates"":[]}"
1_2019_02_02,2019-02-02,0.03683337570646869,"{""type"":""MultiPoint"",""coordinates"":[]}"
1_2019_02_10,2019-02-10,0.0391713188203627,"{""type"":""MultiPoint"",""coordinates"":[]}"
1_2019_02_18,2019-02-18,0.032207619894211566,"{""type"":""MultiPoint"",""coordinates"":[]}"
1_2019_02_26,2019-02-26,0.03453314772858701,"{""type"":""MultiPoint"",""coordinates"":[]}"
1_2019_03_06,2019-03-06,0.030627870863424722,"{""type"":""MultiPoint"",""coordinates"":[]}"
1_2019_03_14,2019-03-14,0.026804452765154193,"{""type"":""MultiPoint"",""coordinates"":[]}"
1_2019_03_22,2019-03-22,0.020564296944408544,"{""type"":""MultiPoint"",""coordinates"":[]}"
1_2019_03_30,2019-03-30,0.01884697165696049,"{""type"":""MultiPoint"",""coordinates"":[]}"
1_2019_04_07,2019-04-07,0.015895723997528623,"{""type"":""MultiPoint"",""coordinates"":[]}"
1_2019_04_15,2019-04-15,0.01721417466357641,"{""type"":""MultiPoint"",""coordinates"":[]}"
1_2019_04_23,2019-04-23,0.011101934004996166,"{""type"":""MultiPoint"",""coordinates"":[]}"
1_2019_05_01,2019-05-01,0.008843907311984056,"{""type"":""MultiPoint"",""coordinates"":[]}"
1_2019_05_09,2019-05-09,0.012442942721404664,"{""type"":""MultiPoint"",""coordinates"":[]}"
1_2019_05_17,2019-05-17,0.017831120488938593,"{""type"":""MultiPoint"",""coordinates"":[]}"
1_2019_05_25,2019-05-25,0.01419465774286293,"{""type"":""MultiPoint"",""coordinates"":[]}"
1_2019_06_02,2019-06-02,0.013120150808277645,"{""type"":""MultiPoint"",""coordinates"":[]}"
1_2019_06_10,2019-06-10,0.01425937273022969,"{""type"":""MultiPoint"",""coordinates"":[]}"
1_2019_06_18,2019-06-18,0.017275638767891285,"{""type"":""MultiPoint"",""coordinates"":[]}"
1_2019_06_26,2019-06-26,0.024543860557114872,"{""type"":""MultiPoint"",""coordinates"":[]}"
1_2019_07_04,2019-07-04,0.018858375748221735,"{""type"":""MultiPoint"",""coordinates"":[]}"
1_2019_07_12,2019-07-12,0.02227530944030884,"{""type"":""MultiPoint"",""coordinates"":[]}"
1_2019_07_20,2019-07-20,0.02286016568652357,"{""type"":""MultiPoint"",""coordinates"":[]}"
1_2019_07_28,2019-07-28,0.015107235264430311,"{""type"":""MultiPoint"",""coordinates"":[]}"
1_2019_08_05,2019-08-05,0.01988893795906881,"{""type"":""MultiPoint"",""coordinates"":[]}"
1_2019_08_13,2019-08-13,0.02404559715812132,"{""type"":""MultiPoint"",""coordinates"":[]}"
1_2019_08_21,2019-08-21,0.031736588499873895,"{""type"":""MultiPoint"",""coordinates"":[]}"
1_2019_08_29,2019-08-29,0.024632487069218677,"{""type"":""MultiPoint"",""coordinates"":[]}"
1_2019_09_06,2019-09-06,0.020784976409864667,"{""type"":""MultiPoint"",""coordinates"":[]}"
1_2019_09_14,2019-09-14,0.0341469895670522,"{""type"":""MultiPoint"",""coordinates"":[]}"
1_2019_09_22,2019-09-22,0.034025222115102574,"{""type"":""MultiPoint"",""coordinates"":[]}"
1_2019_09_30,2019-09-30,0.028710131285983098,"{""type"":""MultiPoint"",""coordinates"":[]}"
1_2019_10_08,2019-10-08,0.038670774630625196,"{""type"":""MultiPoint"",""coordinates"":[]}"
1_2019_10_16,2019-10-16,0.016612153092673405,"{""type"":""MultiPoint"",""coordinates"":[]}"
1_2019_10_24,2019-10-24,0.03423677950810404,"{""type"":""MultiPoint"",""coordinates"":[]}"
1_2019_11_01,2019-11-01,0.05020784166299979,"{""type"":""MultiPoint"",""coordinates"":[]}"
1_2019_11_09,2019-11-09,0.05419666571663572,"{""type"":""MultiPoint"",""coordinates"":[]}"
1_2019_11_17,2019-11-17,0.04604681598751327,"{""type"":""MultiPoint"",""coordinates"":[]}"
1_2019_11_25,2019-11-25,0.043305566914333335,"{""type"":""MultiPoint"",""coordinates"":[]}"
1_2019_12_03,2019-12-03,0.04299687651144029,"{""type"":""MultiPoint"",""coordinates"":[]}"
1_2019_12_11,2019-12-11,0.039708256729129775,"{""type"":""MultiPoint"",""coordinates"":[]}"
1_2019_12_19,2019-12-19,0.034901863690939144,"{""type"":""MultiPoint"",""coordinates"":[]}"
1_2019_12_27,2019-12-27,0.0218586175590225,"{""type"":""MultiPoint"",""coordinates"":[]}"
1_2020_01_01,2020-01-01,0.03336798450752511,"{""type"":""MultiPoint"",""coordinates"":[]}"
1_2020_01_09,2020-01-09,0.037291878495500794,"{""type"":""MultiPoint"",""coordinates"":[]}"
1_2020_01_17,2020-01-17,0.03711940159072643,"{""type"":""MultiPoint"",""coordinates"":[]}"
1_2020_01_25,2020-01-25,0.03695917952130832,"{""type"":""MultiPoint"",""coordinates"":[]}"
1_2020_02_02,2020-02-02,0.038113090420222685,"{""type"":""MultiPoint"",""coordinates"":[]}"
1_2020_02_10,2020-02-10,0.04067929337958264,"{""type"":""MultiPoint"",""coordinates"":[]}"
1_2020_02_18,2020-02-18,0.039260485110995856,"{""type"":""MultiPoint"",""coordinates"":[]}"
1_2020_02_26,2020-02-26,0.03464775314804497,"{""type"":""MultiPoint"",""coordinates"":[]}"
1_2020_03_05,2020-03-05,0.031243893429943853,"{""type"":""MultiPoint"",""coordinates"":[]}"
1_2020_03_13,2020-03-13,0.030724743641549087,"{""type"":""MultiPoint"",""coordinates"":[]}"
1_2020_03_21,2020-03-21,0.024846378197277932,"{""type"":""MultiPoint"",""coordinates"":[]}"
1_2020_03_29,2020-03-29,0.016101131086643357,"{""type"":""MultiPoint"",""coordinates"":[]}"
1_2020_04_06,2020-04-06,0.01404767499402438,"{""type"":""MultiPoint"",""coordinates"":[]}"
1_2020_04_14,2020-04-14,0.014873369707619523,"{""type"":""MultiPoint"",""coordinates"":[]}"
1_2020_04_22,2020-04-22,0.01708808293148609,"{""type"":""MultiPoint"",""coordinates"":[]}"
1_2020_04_30,2020-04-30,0.013935471118429679,"{""type"":""MultiPoint"",""coordinates"":[]}"
1_2020_05_08,2020-05-08,0.012354228780937846,"{""type"":""MultiPoint"",""coordinates"":[]}"
1_2020_05_16,2020-05-16,0.006516379628709902,"{""type"":""MultiPoint"",""coordinates"":[]}"
1_2020_05_24,2020-05-24,0.013527411095749087,"{""type"":""MultiPoint"",""coordinates"":[]}"
1_2020_06_01,2020-06-01,0.018347537067651257,"{""type"":""MultiPoint"",""coordinates"":[]}"
1_2020_06_09,2020-06-09,0.012784428712775152,"{""type"":""MultiPoint"",""coordinates"":[]}"
1_2020_06_17,2020-06-17,0.022362112355320495,"{""type"":""MultiPoint"",""coordinates"":[]}"
1_2020_06_25,2020-06-25,0.025440861260255136,"{""type"":""MultiPoint"",""coordinates"":[]}"
1_2020_07_03,2020-07-03,0.023291706379814293,"{""type"":""MultiPoint"",""coordinates"":[]}"
1_2020_07_11,2020-07-11,0.01775989392077565,"{""type"":""MultiPoint"",""coordinates"":[]}"
1_2020_07_19,2020-07-19,0.026542740100596676,"{""type"":""MultiPoint"",""coordinates"":[]}"
1_2020_07_27,2020-07-27,0.028640820360797705,"{""type"":""MultiPoint"",""coordinates"":[]}"
1_2020_08_04,2020-08-04,0.010136842994123235,"{""type"":""MultiPoint"",""coordinates"":[]}"
1_2020_08_12,2020-08-12,0.008235413389576776,"{""type"":""MultiPoint"",""coordinates"":[]}"
1_2020_08_20,2020-08-20,0.01588688305358549,"{""type"":""MultiPoint"",""coordinates"":[]}"
1_2020_08_28,2020-08-28,0.03374389926570599,"{""type"":""MultiPoint"",""coordinates"":[]}"
1_2020_09_05,2020-09-05,0.0390845914165762,"{""type"":""MultiPoint"",""coordinates"":[]}"
1_2020_09_13,2020-09-13,0.025933005351707984,"{""type"":""MultiPoint"",""coordinates"":[]}"
1_2020_09_21,2020-09-21,0.036509055982937404,"{""type"":""MultiPoint"",""coordinates"":[]}"
1_2020_09_29,2020-09-29,0.021332277954406117,"{""type"":""MultiPoint"",""coordinates"":[]}"
1_2020_10_07,2020-10-07,0.01653342789429509,"{""type"":""MultiPoint"",""coordinates"":[]}"
1_2020_10_15,2020-10-15,0.02832280584429068,"{""type"":""MultiPoint"",""coordinates"":[]}"
1_2020_10_23,2020-10-23,0.04523647506601817,"{""type"":""MultiPoint"",""coordinates"":[]}"
1_2020_10_31,2020-10-31,0.04758188071485864,"{""type"":""MultiPoint"",""coordinates"":[]}"
1_2020_11_08,2020-11-08,0.05203912131891356,"{""type"":""MultiPoint"",""coordinates"":[]}"
1_2020_11_16,2020-11-16,0.04618541708850704,"{""type"":""MultiPoint"",""coordinates"":[]}"
1_2020_11_24,2020-11-24,0.035059377622838034,"{""type"":""MultiPoint"",""coordinates"":[]}"
1_2020_12_02,2020-12-02,0.042304837709320496,"{""type"":""MultiPoint"",""coordinates"":[]}"
1_2020_12_10,2020-12-10,0.041562186628657266,"{""type"":""MultiPoint"",""coordinates"":[]}"
1_2020_12_18,2020-12-18,0.0362893967934162,"{""type"":""MultiPoint"",""coordinates"":[]}"
1_2020_12_26,2020-12-26,0.026009767808381653,"{""type"":""MultiPoint"",""coordinates"":[]}"
2_2021_01_01,2021-01-01,0.03514937638491171,"{""type"":""MultiPoint"",""coordinates"":[]}"
2_2021_01_09,2021-01-09,0.03357283018048379,"{""type"":""MultiPoint"",""coordinates"":[]}"
2_2021_01_17,2021-01-17,0.0354474043986367,"{""type"":""MultiPoint"",""coordinates"":[]}"
2_2021_01_25,2021-01-25,0.03510109113400653,"{""type"":""MultiPoint"",""coordinates"":[]}"
2_2021_02_02,2021-02-02,0.03902811093279228,"{""type"":""MultiPoint"",""coordinates"":[]}"
2_2021_02_10,2021-02-10,0.03914499183042448,"{""type"":""MultiPoint"",""coordinates"":[]}"
2_2021_02_18,2021-02-18,0.032552750495916306,"{""type"":""MultiPoint"",""coordinates"":[]}"
2_2021_02_26,2021-02-26,0.02261365550670485,"{""type"":""MultiPoint"",""coordinates"":[]}"
2_2021_03_06,2021-03-06,0.026067357624840966,"{""type"":""MultiPoint"",""coordinates"":[]}"
2_2021_03_14,2021-03-14,0.019012997588376282,"{""type"":""MultiPoint"",""coordinates"":[]}"
2_2021_03_22,2021-03-22,0.01307198181796572,"{""type"":""MultiPoint"",""coordinates"":[]}"
2_2021_03_30,2021-03-30,0.014479068692913894,"{""type"":""MultiPoint"",""coordinates"":[]}"
2_2021_04_07,2021-04-07,0.019723230911776808,"{""type"":""MultiPoint"",""coordinates"":[]}"
2_2021_04_15,2021-04-15,0.015618659220862623,"{""type"":""MultiPoint"",""coordinates"":[]}"
2_2021_04_23,2021-04-23,0.015578051099073238,"{""type"":""MultiPoint"",""coordinates"":[]}"
2_2021_05_01,2021-05-01,0.022070283640639305,"{""type"":""MultiPoint"",""coordinates"":[]}"
2_2021_05_09,2021-05-09,0.022326866955133792,"{""type"":""MultiPoint"",""coordinates"":[]}"
2_2021_05_17,2021-05-17,0.018421185545897566,"{""type"":""MultiPoint"",""coordinates"":[]}"
2_2021_05_25,2021-05-25,0.011396618657206592,"{""type"":""MultiPoint"",""coordinates"":[]}"
2_2021_06_02,2021-06-02,0.021238501342864025,"{""type"":""MultiPoint"",""coordinates"":[]}"
2_2021_06_10,2021-06-10,0.026398195973343384,"{""type"":""MultiPoint"",""coordinates"":[]}"
2_2021_06_18,2021-06-18,0.02794859990338623,"{""type"":""MultiPoint"",""coordinates"":[]}"
2_2021_06_26,2021-06-26,0.028418496094607594,"{""type"":""MultiPoint"",""coordinates"":[]}"
2_2021_07_04,2021-07-04,0.029240294857288525,"{""type"":""MultiPoint"",""coordinates"":[]}"
2_2021_07_12,2021-07-12,0.03685984957291354,"{""type"":""MultiPoint"",""coordinates"":[]}"
2_2021_07_20,2021-07-20,0.02951743701183855,"{""type"":""MultiPoint"",""coordinates"":[]}"
2_2021_07_28,2021-07-28,0.03637158875875018,"{""type"":""MultiPoint"",""coordinates"":[]}"
2_2021_08_05,2021-08-05,0.030739125749769773,"{""type"":""MultiPoint"",""coordinates"":[]}"
2_2021_08_13,2021-08-13,0.03498003564137727,"{""type"":""MultiPoint"",""coordinates"":[]}"
2_2021_08_21,2021-08-21,0.036904593717477965,"{""type"":""MultiPoint"",""coordinates"":[]}"
2_2021_08_29,2021-08-29,0.03469682999235948,"{""type"":""MultiPoint"",""coordinates"":[]}"
2_2021_09_06,2021-09-06,0.035248696419426295,"{""type"":""MultiPoint"",""coordinates"":[]}"
2_2021_09_14,2021-09-14,0.035657441338554724,"{""type"":""MultiPoint"",""coordinates"":[]}"
2_2021_09_22,2021-09-22,0.03408121912216219,"{""type"":""MultiPoint"",""coordinates"":[]}"
2_2021_09_30,2021-09-30,0.05042887953660451,"{""type"":""MultiPoint"",""coordinates"":[]}"
2_2021_10_08,2021-10-08,0.035164247065344004,"{""type"":""MultiPoint"",""coordinates"":[]}"
2_2021_10_16,2021-10-16,0.036002939720997884,"{""type"":""MultiPoint"",""coordinates"":[]}"
2_2021_10_24,2021-10-24,0.04560815885730631,"{""type"":""MultiPoint"",""coordinates"":[]}"
2_2021_11_01,2021-11-01,0.040432426696849696,"{""type"":""MultiPoint"",""coordinates"":[]}"
2_2021_11_09,2021-11-09,0.0364452038620164,"{""type"":""MultiPoint"",""coordinates"":[]}"
2_2021_11_17,2021-11-17,0.03840173249080953,"{""type"":""MultiPoint"",""coordinates"":[]}"
2_2021_11_25,2021-11-25,0.04201604393388404,"{""type"":""MultiPoint"",""coordinates"":[]}"
2_2021_12_03,2021-12-03,0.035057706543913554,"{""type"":""MultiPoint"",""coordinates"":[]}"
2_2021_12_11,2021-12-11,0.038378964340023185,"{""type"":""MultiPoint"",""coordinates"":[]}"
2_2021_12_19,2021-12-19,0.03860764152618252,"{""type"":""MultiPoint"",""coordinates"":[]}"
2_2021_12_27,2021-12-27,0.025179770019492273,"{""type"":""MultiPoint"",""coordinates"":[]}"
2_2022_01_01,2022-01-01,0.03544505145562555,"{""type"":""MultiPoint"",""coordinates"":[]}"
2_2022_01_09,2022-01-09,0.03545953554894759,"{""type"":""MultiPoint"",""coordinates"":[]}"
2_2022_01_17,2022-01-17,0.035459535548947596,"{""type"":""MultiPoint"",""coordinates"":[]}"
2_2022_01_25,2022-01-25,0.03545953554894759,"{""type"":""MultiPoint"",""coordinates"":[]}"
2_2022_02_02,2022-02-02,0.03545953554894759,"{""type"":""MultiPoint"",""coordinates"":[]}"
2_2022_02_10,2022-02-10,0.03544384197895576,"{""type"":""MultiPoint"",""coordinates"":[]}"
2_2022_02_18,2022-02-18,0.03544384197895576,"{""type"":""MultiPoint"",""coordinates"":[]}"
2_2022_02_26,2022-02-26,0.03544384197895576,"{""type"":""MultiPoint"",""coordinates"":[]}"
2_2022_03_06,2022-03-06,0.03544384197895576,"{""type"":""MultiPoint"",""coordinates"":[]}"
2_2022_03_14,2022-03-14,0.03544384197895576,"{""type"":""MultiPoint"",""coordinates"":[]}"
2_2022_03_22,2022-03-22,0.03544384197895576,"{""type"":""MultiPoint"",""coordinates"":[]}"
2_2022_03_30,2022-03-30,0.03544384197895576,"{""type"":""MultiPoint"",""coordinates"":[]}"
2_2022_04_07,2022-04-07,0.03544384197895576,"{""type"":""MultiPoint"",""coordinates"":[]}"
2_2022_04_15,2022-04-15,0.03544384197895576,"{""type"":""MultiPoint"",""coordinates"":[]}"
2_2022_04_23,2022-04-23,0.03544384197895576,"{""type"":""MultiPoint"",""coordinates"":[]}"
2_2022_05_01,2022-05-01,0.03544384197895576,"{""type"":""MultiPoint"",""coordinates"":[]}"
2_2022_05_09,2022-05-09,0.03544384197895576,"{""type"":""MultiPoint"",""coordinates"":[]}"
2_2022_05_17,2022-05-17,0.03544384197895576,"{""type"":""MultiPoint"",""coordinates"":[]}"
2_2022_05_25,2022-05-25,0.03544384197895576,"{""type"":""MultiPoint"",""coordinates"":[]}"
2_2022_06_02,2022-06-02,0.03544384197895576,"{""type"":""MultiPoint"",""coordinates"":[]}"
2_2022_06_10,2022-06-10,0.03544384197895576,"{""type"":""MultiPoint"",""coordinates"":[]}"
2_2022_06_18,2022-06-18,0.03544384197895576,"{""type"":""MultiPoint"",""coordinates"":[]}"
2_2022_06_26,2022-06-26,0.03544384197895576,"{""type"":""MultiPoint"",""coordinates"":[]}"
2_2022_07_04,2022-07-04,0.03544384197895576,"{""type"":""MultiPoint"",""coordinates"":[]}"
2_2022_07_12,2022-07-12,0.03544384197895576,"{""type"":""MultiPoint"",""coordinates"":[]}"
2_2022_07_20,2022-07-20,0.03544384197895576,"{""type"":""MultiPoint"",""coordinates"":[]}"
2_2022_07_28,2022-07-28,0.03544384197895576,"{""type"":""MultiPoint"",""coordinates"":[]}"
2_2022_08_05,2022-08-05,0.03544384197895576,"{""type"":""MultiPoint"",""coordinates"":[]}"
2_2022_08_13,2022-08-13,0.03544384197895576,"{""type"":""MultiPoint"",""coordinates"":[]}"
2_2022_08_21,2022-08-21,0.03544384197895576,"{""type"":""MultiPoint"",""coordinates"":[]}"
2_2022_08_29,2022-08-29,0.03544384197895576,"{""type"":""MultiPoint"",""coordinates"":[]}"
2_2022_09_06,2022-09-06,0.03544384197895576,"{""type"":""MultiPoint"",""coordinates"":[]}"
2_2022_09_14,2022-09-14,0.03544384197895576,"{""type"":""MultiPoint"",""coordinates"":[]}"
2_2022_09_22,2022-09-22,0.03544384197895576,"{""type"":""MultiPoint"",""coordinates"":[]}"
2_2022_09_30,2022-09-30,0.03544384197895576,"{""type"":""MultiPoint"",""coordinates"":[]}"
2_2022_10_08,2022-10-08,0.03544384197895576,"{""type"":""MultiPoint"",""coordinates"":[]}"
2_2022_10_16,2022-10-16,0.03544384197895576,"{""type"":""MultiPoint"",""coordinates"":[]}"
2_2022_10_24,2022-10-24,0.03544384197895576,"{""type"":""MultiPoint"",""coordinates"":[]}"
2_2022_11_01,2022-11-01,0.03544384197895576,"{""type"":""MultiPoint"",""coordinates"":[]}"
2_2022_11_09,2022-11-09,0.03545953554894759,"{""type"":""MultiPoint"",""coordinates"":[]}"
2_2022_11_17,2022-11-17,0.035459535548947596,"{""type"":""MultiPoint"",""coordinates"":[]}"
2_2022_11_25,2022-11-25,0.03545953554894759,"{""type"":""MultiPoint"",""coordinates"":[]}"
2_2022_12_03,2022-12-03,0.035459535548947596,"{""type"":""MultiPoint"",""coordinates"":[]}"
2_2022_12_11,2022-12-11,0.03544505145562555,"{""type"":""MultiPoint"",""coordinates"":[]}"
2_2022_12_19,2022-12-19,0.03544505145562555,"{""type"":""MultiPoint"",""coordinates"":[]}"
2_2022_12_27,2022-12-27,0.022151325236714283,"{""type"":""MultiPoint"",""coordinates"":[]}"
2_2023_01_01,2023-01-01,0.03394604848912718,"{""type"":""MultiPoint"",""coordinates"":[]}"
2_2023_01_09,2023-01-09,0.03537492360155474,"{""type"":""MultiPoint"",""coordinates"":[]}"
2_2023_01_17,2023-01-17,0.03802647767618608,"{""type"":""MultiPoint"",""coordinates"":[]}"
2_2023_01_25,2023-01-25,0.033871068326256824,"{""type"":""MultiPoint"",""coordinates"":[]}"
2_2023_02_02,2023-02-02,0.0330400316747556,"{""type"":""MultiPoint"",""coordinates"":[]}"
2_2023_02_10,2023-02-10,0.02919112344218811,"{""type"":""MultiPoint"",""coordinates"":[]}"
2_2023_02_18,2023-02-18,0.030420761647528206,"{""type"":""MultiPoint"",""coordinates"":[]}"
2_2023_02_26,2023-02-26,0.02510109735908175,"{""type"":""MultiPoint"",""coordinates"":[]}"
2_2023_03_06,2023-03-06,0.020323699963620007,"{""type"":""MultiPoint"",""coordinates"":[]}"
2_2023_03_14,2023-03-14,0.029947227516817245,"{""type"":""MultiPoint"",""coordinates"":[]}"
2_2023_03_22,2023-03-22,0.03778569770614258,"{""type"":""MultiPoint"",""coordinates"":[]}"
2_2023_03_30,2023-03-30,0.03520616550241217,"{""type"":""MultiPoint"",""coordinates"":[]}"
2_2023_04_07,2023-04-07,0.01829250615432219,"{""type"":""MultiPoint"",""coordinates"":[]}"
2_2023_04_15,2023-04-15,0.012989008459792008,"{""type"":""MultiPoint"",""coordinates"":[]}"
2_2023_04_23,2023-04-23,0.021946233629532325,"{""type"":""MultiPoint"",""coordinates"":[]}"
2_2023_05_01,2023-05-01,0.022822647738361866,"{""type"":""MultiPoint"",""coordinates"":[]}"
2_2023_05_09,2023-05-09,0.008474020542472439,"{""type"":""MultiPoint"",""coordinates"":[]}"
2_2023_05_17,2023-05-17,0.015496650753898965,"{""type"":""MultiPoint"",""coordinates"":[]}"
2_2023_05_25,2023-05-25,0.0109208722420989,"{""type"":""MultiPoint"",""coordinates"":[]}"
2_2023_06_02,2023-06-02,0.009480531838356418,"{""type"":""MultiPoint"",""coordinates"":[]}"
2_2023_06_10,2023-06-10,0.012711522997373197,"{""type"":""MultiPoint"",""coordinates"":[]}"
2_2023_06_18,2023-06-18,0.022579542578418283,"{""type"":""MultiPoint"",""coordinates"":[]}"
2_2023_06_26,2023-06-26,0.03381773328975226,"{""type"":""MultiPoint"",""coordinates"":[]}"
2_2023_07_04,2023-07-04,0.02806337829326348,"{""type"":""MultiPoint"",""coordinates"":[]}"
2_2023_07_12,2023-07-12,0.030114656438167322,"{""type"":""MultiPoint"",""coordinates"":[]}"
2_2023_07_20,2023-07-20,0.03226598978702297,"{""type"":""MultiPoint"",""coordinates"":[]}"
2_2023_07_28,2023-07-28,0.03344306653977387,"{""type"":""MultiPoint"",""coordinates"":[]}"
2_2023_08_05,2023-08-05,0.036053476124806465,"{""type"":""MultiPoint"",""coordinates"":[]}"
2_2023_08_13,2023-08-13,0.03166652784626286,"{""type"":""MultiPoint"",""coordinates"":[]}"
2_2023_08_21,2023-08-21,0.029106193119125354,"{""type"":""MultiPoint"",""coordinates"":[]}"
2_2023_08_29,2023-08-29,0.034973664669047895,"{""type"":""MultiPoint"",""coordinates"":[]}"
2_2023_09_06,2023-09-06,0.03773395013606464,"{""type"":""MultiPoint"",""coordinates"":[]}"
2_2023_09_14,2023-09-14,0.03676485415162887,"{""type"":""MultiPoint"",""coordinates"":[]}"
2_2023_09_22,2023-09-22,0.03213032269898297,"{""type"":""MultiPoint"",""coordinates"":[]}"
2_2023_09_30,2023-09-30,0.04365528773598869,"{""type"":""MultiPoint"",""coordinates"":[]}"
2_2023_10_08,2023-10-08,0.05402028200485781,"{""type"":""MultiPoint"",""coordinates"":[]}"
2_2023_10_16,2023-10-16,0.0579508132783047,"{""type"":""MultiPoint"",""coordinates"":[]}"
2_2023_10_24,2023-10-24,0.05314443033971488,"{""type"":""MultiPoint"",""coordinates"":[]}"
2_2023_11_01,2023-11-01,0.04623596502629698,"{""type"":""MultiPoint"",""coordinates"":[]}"
2_2023_11_09,2023-11-09,0.04478362098116465,"{""type"":""MultiPoint"",""coordinates"":[]}"
2_2023_11_17,2023-11-17,0.0431446509787266,"{""type"":""MultiPoint"",""coordinates"":[]}"
2_2023_11_25,2023-11-25,0.04147689479297566,"{""type"":""MultiPoint"",""coordinates"":[]}"
2_2023_12_03,2023-12-03,0.030587712657529905,"{""type"":""MultiPoint"",""coordinates"":[]}"
2_2023_12_11,2023-12-11,0.03914737637371207,"{""type"":""MultiPoint"",""coordinates"":[]}"
2_2023_12_19,2023-12-19,0.03805091480216181,"{""type"":""MultiPoint"",""coordinates"":[]}"
2_2023_12_27,2023-12-27,0.02419452673036769,"{""type"":""MultiPoint"",""coordinates"":[]}"
2_2024_01_01,2024-01-01,0.034985247140570774,"{""type"":""MultiPoint"",""coordinates"":[]}"
2_2024_01_09,2024-01-09,0.033036336807447594,"{""type"":""MultiPoint"",""coordinates"":[]}"
2_2024_01_17,2024-01-17,0.03873218404573811,"{""type"":""MultiPoint"",""coordinates"":[]}"
2_2024_01_25,2024-01-25,0.03825052147091871,"{""type"":""MultiPoint"",""coordinates"":[]}"
2_2024_02_02,2024-02-02,0.03622697748323124,"{""type"":""MultiPoint"",""coordinates"":[]}"
2_2024_02_10,2024-02-10,0.03887661532473118,"{""type"":""MultiPoint"",""coordinates"":[]}"
2_2024_02_18,2024-02-18,0.03452538093821985,"{""type"":""MultiPoint"",""coordinates"":[]}"
2_2024_02_26,2024-02-26,0.034559362335892595,"{""type"":""MultiPoint"",""coordinates"":[]}"
2_2024_03_05,2024-03-05,0.028075295440373592,"{""type"":""MultiPoint"",""coordinates"":[]}"
2_2024_03_13,2024-03-13,0.02497391234508321,"{""type"":""MultiPoint"",""coordinates"":[]}"
2_2024_03_21,2024-03-21,0.02843549419621642,"{""type"":""MultiPoint"",""coordinates"":[]}"
2_2024_03_29,2024-03-29,0.01680692443640938,"{""type"":""MultiPoint"",""coordinates"":[]}"
2_2024_04_06,2024-04-06,0.017155909421504023,"{""type"":""MultiPoint"",""coordinates"":[]}"
2_2024_04_14,2024-04-14,0.010127012014105288,"{""type"":""MultiPoint"",""coordinates"":[]}"
2_2024_04_22,2024-04-22,0.007736906008565564,"{""type"":""MultiPoint"",""coordinates"":[]}"
2_2024_04_30,2024-04-30,0.011531692049776169,"{""type"":""MultiPoint"",""coordinates"":[]}"
2_2024_05_08,2024-05-08,0.019434630012185664,"{""type"":""MultiPoint"",""coordinates"":[]}"
2_2024_05_16,2024-05-16,0.02142641437900385,"{""type"":""MultiPoint"",""coordinates"":[]}"
2_2024_05_24,2024-05-24,0.010605702188086692,"{""type"":""MultiPoint"",""coordinates"":[]}"
2_2024_06_01,2024-06-01,0.021766944258351635,"{""type"":""MultiPoint"",""coordinates"":[]}"
2_2024_06_09,2024-06-09,0.022854201684923997,"{""type"":""MultiPoint"",""coordinates"":[]}"
2_2024_06_17,2024-06-17,0.022570933276901146,"{""type"":""MultiPoint"",""coordinates"":[]}"
2_2024_06_25,2024-06-25,0.030155600853121925,"{""type"":""MultiPoint"",""coordinates"":[]}"
2_2024_07_03,2024-07-03,0.025697736971980245,"{""type"":""MultiPoint"",""coordinates"":[]}"
2_2024_07_11,2024-07-11,0.027492179390937312,"{""type"":""MultiPoint"",""coordinates"":[]}"
2_2024_07_19,2024-07-19,0.031891233683076364,"{""type"":""MultiPoint"",""coordinates"":[]}"
2_2024_07_27,2024-07-27,0.03494229250549657,"{""type"":""MultiPoint"",""coordinates"":[]}"
2_2024_08_04,2024-08-04,0.031100098058488963,"{""type"":""MultiPoint"",""coordinates"":[]}"
2_2024_08_12,2024-08-12,0.03264532464571054,"{""type"":""MultiPoint"",""coordinates"":[]}"
2_2024_08_20,2024-08-20,0.0365410923918076,"{""type"":""MultiPoint"",""coordinates"":[]}"
2_2024_08_28,2024-08-28,0.039457058084206124,"{""type"":""MultiPoint"",""coordinates"":[]}"
2_2024_09_05,2024-09-05,0.03857502356655645,"{""type"":""MultiPoint"",""coordinates"":[]}"
2_2024_09_13,2024-09-13,0.050974750739761085,"{""type"":""MultiPoint"",""coordinates"":[]}"
2_2024_09_21,2024-09-21,0.038128669134781204,"{""type"":""MultiPoint"",""coordinates"":[]}"
2_2024_09_29,2024-09-29,0.04002537421825088,"{""type"":""MultiPoint"",""coordinates"":[]}"
2_2024_10_07,2024-10-07,0.04630352696176152,"{""type"":""MultiPoint"",""coordinates"":[]}"
2_2024_10_15,2024-10-15,0.044030669091749824,"{""type"":""MultiPoint"",""coordinates"":[]}"
2_2024_10_23,2024-10-23,0.04890987712576698,"{""type"":""MultiPoint"",""coordinates"":[]}"
2_2024_10_31,2024-10-31,0.05490489626343244,"{""type"":""MultiPoint"",""coordinates"":[]}"
2_2024_11_08,2024-11-08,0.04638058745493791,"{""type"":""MultiPoint"",""coordinates"":[]}"
2_2024_11_16,2024-11-16,0.045690173883116234,"{""type"":""MultiPoint"",""coordinates"":[]}"
2_2024_11_24,2024-11-24,0.02989745246796626,"{""type"":""MultiPoint"",""coordinates"":[]}"
2_2024_12_02,2024-12-02,0.035765071879938146,"{""type"":""MultiPoint"",""coordinates"":[]}"
2_2024_12_10,2024-12-10,0.03693316743291124,"{""type"":""MultiPoint"",""coordinates"":[]}"
2_2024_12_18,2024-12-18,0.030001086422440978,"{""type"":""MultiPoint"",""coordinates"":[]}"
2_2024_12_26,2024-12-26,0.030462247959887306,"{""type"":""MultiPoint"",""coordinates"":[]}"
2_2025_01_01,2025-01-01,0.03629783231330551,"{""type"":""MultiPoint"",""coordinates"":[]}"
2_2025_01_09,2025-01-09,0.0383142218313572,"{""type"":""MultiPoint"",""coordinates"":[]}"
2_2025_01_17,2025-01-17,0.03608611846370362,"{""type"":""MultiPoint"",""coordinates"":[]}"
2_2025_01_25,2025-01-25,0.039447556404443446,"{""type"":""MultiPoint"",""coordinates"":[]}"
2_2025_02_02,2025-02-02,0.032482133362395284,"{""type"":""MultiPoint"",""coordinates"":[]}"
2_2025_02_10,2025-02-10,0.03411183884572151,"{""type"":""MultiPoint"",""coordinates"":[]}"
2_2025_02_18,2025-02-18,0.03242014672127919,"{""type"":""MultiPoint"",""coordinates"":[]}"
2_2025_02_26,2025-02-26,0.02625653789575988,"{""type"":""MultiPoint"",""coordinates"":[]}"
2_2025_03_06,2025-03-06,0.024560398448944885,"{""type"":""MultiPoint"",""coordinates"":[]}"
2_2025_03_14,2025-03-14,0.025066416062925617,"{""type"":""MultiPoint"",""coordinates"":[]}"
2_2025_03_22,2025-03-22,0.02172287896815879,"{""type"":""MultiPoint"",""coordinates"":[]}"
2_2025_03_30,2025-03-30,0.022331083155779592,"{""type"":""MultiPoint"",""coordinates"":[]}"
2_2025_04_07,2025-04-07,0.01972392248889566,"{""type"":""MultiPoint"",""coordinates"":[]}"
2_2025_04_15,2025-04-15,0.019052894906470143,"{""type"":""MultiPoint"",""coordinates"":[]}"
2_2025_04_23,2025-04-23,0.020408979656277672,"{""type"":""MultiPoint"",""coordinates"":[]}"
2_2025_05_01,2025-05-01,0.020527760259028787,"{""type"":""MultiPoint"",""coordinates"":[]}"
2_2025_05_09,2025-05-09,0.01596696902595536,"{""type"":""MultiPoint"",""coordinates"":[]}"
2_2025_05_17,2025-05-17,0.023664696143946347,"{""type"":""MultiPoint"",""coordinates"":[]}"
2_2025_05_25,2025-05-25,0.02581493875544365,"{""type"":""MultiPoint"",""coordinates"":[]}"
2_2025_06_02,2025-06-02,0.027685926106478957,"{""type"":""MultiPoint"",""coordinates"":[]}"
2_2025_06_10,2025-06-10,0.03187264863730592,"{""type"":""MultiPoint"",""coordinates"":[]}"
2_2025_06_18,2025-06-18,0.029318154987429932,"{""type"":""MultiPoint"",""coordinates"":[]}"
2_2025_06_26,2025-06-26,0.036712069613765025,"{""type"":""MultiPoint"",""coordinates"":[]}"
2_2025_07_04,2025-07-04,0.03496842172793786,"{""type"":""MultiPoint"",""coordinates"":[]}"
2_2025_07_12,2025-07-12,0.02767066460587618,"{""type"":""MultiPoint"",""coordinates"":[]}"
2_2025_07_20,2025-07-20,0.027727592200867276,"{""type"":""MultiPoint"",""coordinates"":[]}"
2_2025_07_28,2025-07-28,0.03887478673678599,"{""type"":""MultiPoint"",""coordinates"":[]}"
2_2025_08_05,2025-08-05,0.029374076905717805,"{""type"":""MultiPoint"",""coordinates"":[]}"
2_2025_08_13,2025-08-13,0.03472291519114727,"{""type"":""MultiPoint"",""coordinates"":[]}"
2_2025_08_21,2025-08-21,0.034645078659491874,"{""type"":""MultiPoint"",""coordinates"":[]}"
2_2025_08_29,2025-08-29,0.04388846093954454,"{""type"":""MultiPoint"",""coordinates"":[]}"
2_2025_09_06,2025-09-06,0.03525595197148085,"{""type"":""MultiPoint"",""coordinates"":[]}"
2_2025_09_14,2025-09-14,0.04827278083598631,"{""type"":""MultiPoint"",""coordinates"":[]}"
2_2025_09_22,2025-09-22,0.041167165201880386,"{""type"":""MultiPoint"",""coordinates"":[]}"
2_2025_09_30,2025-09-30,0.03331170431863111,"{""type"":""MultiPoint"",""coordinates"":[]}"
2_2025_10_08,2025-10-08,0.04427350254489363,"{""type"":""MultiPoint"",""coordinates"":[]}"
2_2025_10_16,2025-10-16,0.041247118877325725,"{""type"":""MultiPoint"",""coordinates"":[]}"
2_2025_10_24,2025-10-24,0.04794924400844487,"{""type"":""MultiPoint"",""coordinates"":[]}"
2_2025_11_01,2025-11-01,0.04624457364009839,"{""type"":""MultiPoint"",""coordinates"":[]}"
2_2025_11_09,2025-11-09,0.05093827603126563,"{""type"":""MultiPoint"",""coordinates"":[]}"
2_2025_11_17,2025-11-17,0.05090284808450372,"{""type"":""MultiPoint"",""coordinates"":[]}"
2_2025_11_25,2025-11-25,0.038768932982714714,"{""type"":""MultiPoint"",""coordinates"":[]}"
2_2025_12_03,2025-12-03,0.03799355390596217,"{""type"":""MultiPoint"",""coordinates"":[]}"
2_2025_12_11,2025-12-11,0.041547514848949564,"{""type"":""MultiPoint"",""coordinates"":[]}"
2_2025_12_19,2025-12-19,0.038208929992386474,"{""type"":""MultiPoint"",""coordinates"":[]}"
2_2025_12_27,2025-12-27,0.023262224035721202,"{""type"":""MultiPoint"",""coordinates"":[]}"
