system:index,date,precipitation_mm,.geo
20010101,2001-01-01,0.0,"{""type"":""MultiPoint"",""coordinates"":[]}"
20010102,2001-01-02,0.018719244372203844,"{""type"":""MultiPoint"",""coordinates"":[]}"
20010103,2001-01-03,0.055177204609285116,"{""type"":""MultiPoint"",""coordinates"":[]}"
20010104,2001-01-04,0.0,"{""type"":""MultiPoint"",""coordinates"":[]}"
20010105,2001-01-05,0.0,"{""type"":""MultiPoint"",""coordinates"":[]}"
20010106,2001-01-06,0.03430249940022381,"{""type"":""MultiPoint"",""coordinates"":[]}"
20010107,2001-01-07,0.0,"{""type"":""MultiPoint"",""coordinates"":[]}"
20010108,2001-01-08,0.0,"{""type"":""MultiPoint"",""coordinates"":[]}"
20010109,2001-01-09,0.0,"{""type"":""MultiPoint"",""coordinates"":[]}"
20010110,2001-01-10,0.0,"{""type"":""MultiPoint"",""coordinates"":[]}"
20010111,2001-01-11,0.0,"{""type"":""MultiPoint"",""coordinates"":[]}"
20010112,2001-01-12,0.0,"{""type"":""MultiPoint"",""coordinates"":[]}"
20010113,2001-01-13,0.0,"{""type"":""MultiPoint"",""coordinates"":[]}"
20010114,2001-01-14,0.0,"{""type"":""MultiPoint"",""coordinates"":[]}"
20010115,2001-01-15,0.0,"{""type"":""MultiPoint"",""coordinates"":[]}"
20010116,2001-01-16,1.446198890553355E-4,"{""type"":""MultiPoint"",""coordinates"":[]}"
20010117,2001-01-17,0.0,"{""type"":""MultiPoint"",""coordinates"":[]}"
20010118,2001-01-18,0.0,"{""type"":""MultiPoint"",""coordinates"":[]}"
20010119,2001-01-19,0.0,"{""type"":""MultiPoint"",""coordinates"":[]}"
20010120,2001-01-20,0.0,"{""type"":""MultiPoint"",""coordinates"":[]}"
20010121,2001-01-21,0.05673642923020082,"{""type"":""MultiPoint"",""coordinates"":[]}"
20010122,2001-01-22,0.0,"{""type"":""MultiPoint"",""coordinates"":[]}"
20010123,2001-01-23,0.0,"{""type"":""MultiPoint"",""coordinates"":[]}"
20010124,2001-01-24,0.0,"{""type"":""MultiPoint"",""coordinates"":[]}"
20010125,2001-01-25,0.0,"{""type"":""MultiPoint"",""coordinates"":[]}"
20010126,2001-01-26,0.0,"{""type"":""MultiPoint"",""coordinates"":[]}"
20010127,2001-01-27,0.8954543153399608,"{""type"":""MultiPoint"",""coordinates"":[]}"
20010128,2001-01-28,2.4798279934446135,"{""type"":""MultiPoint"",""coordinates"":[]}"
20010129,2001-01-29,0.8359254147260402,"{""type"":""MultiPoint"",""coordinates"":[]}"
20010130,2001-01-30,0.036417079698642975,"{""type"":""MultiPoint"",""coordinates"":[]}"
20010131,2001-01-31,0.036417079698642975,"{""type"":""MultiPoint"",""coordinates"":[]}"
20010201,2001-02-01,0.0,"{""type"":""MultiPoint"",""coordinates"":[]}"
20010202,2001-02-02,0.0,"{""type"":""MultiPoint"",""coordinates"":[]}"
20010203,2001-02-03,0.0,"{""type"":""MultiPoint"",""coordinates"":[]}"
20010204,2001-02-04,0.0,"{""type"":""MultiPoint"",""coordinates"":[]}"
20010205,2001-02-05,0.01521948977279134,"{""type"":""MultiPoint"",""coordinates"":[]}"
20010206,2001-02-06,0.0,"{""type"":""MultiPoint"",""coordinates"":[]}"
20010207,2001-02-07,0.0,"{""type"":""MultiPoint"",""coordinates"":[]}"
20010208,2001-02-08,0.0,"{""type"":""MultiPoint"",""coordinates"":[]}"
20010209,2001-02-09,0.0,"{""type"":""MultiPoint"",""coordinates"":[]}"
20010210,2001-02-10,0.0,"{""type"":""MultiPoint"",""coordinates"":[]}"
20010211,2001-02-11,0.0,"{""type"":""MultiPoint"",""coordinates"":[]}"
20010212,2001-02-12,0.0,"{""type"":""MultiPoint"",""coordinates"":[]}"
20010213,2001-02-13,0.670177920588965,"{""type"":""MultiPoint"",""coordinates"":[]}"
20010214,2001-02-14,1.806298342929082,"{""type"":""MultiPoint"",""coordinates"":[]}"
20010215,2001-02-15,0.0,"{""type"":""MultiPoint"",""coordinates"":[]}"
20010216,2001-02-16,0.0,"{""type"":""MultiPoint"",""coordinates"":[]}"
20010217,2001-02-17,0.0,"{""type"":""MultiPoint"",""coordinates"":[]}"
20010218,2001-02-18,0.0,"{""type"":""MultiPoint"",""coordinates"":[]}"
20010219,2001-02-19,0.0,"{""type"":""MultiPoint"",""coordinates"":[]}"
20010220,2001-02-20,9.721834313948569E-5,"{""type"":""MultiPoint"",""coordinates"":[]}"
20010221,2001-02-21,0.0,"{""type"":""MultiPoint"",""coordinates"":[]}"
20010222,2001-02-22,0.0,"{""type"":""MultiPoint"",""coordinates"":[]}"
20010223,2001-02-23,0.0,"{""type"":""MultiPoint"",""coordinates"":[]}"
20010224,2001-02-24,0.0,"{""type"":""MultiPoint"",""coordinates"":[]}"
20010225,2001-02-25,0.23381489256950777,"{""type"":""MultiPoint"",""coordinates"":[]}"
20010226,2001-02-26,0.0,"{""type"":""MultiPoint"",""coordinates"":[]}"
20010227,2001-02-27,0.0,"{""type"":""MultiPoint"",""coordinates"":[]}"
20010228,2001-02-28,0.0,"{""type"":""MultiPoint"",""coordinates"":[]}"
20010301,2001-03-01,0.0,"{""type"":""MultiPoint"",""coordinates"":[]}"
20010302,2001-03-02,0.0,"{""type"":""MultiPoint"",""coordinates"":[]}"
20010303,2001-03-03,0.0,"{""type"":""MultiPoint"",""coordinates"":[]}"
20010304,2001-03-04,0.0,"{""type"":""MultiPoint"",""coordinates"":[]}"
20010305,2001-03-05,2.8593158632061648E-5,"{""type"":""MultiPoint"",""coordinates"":[]}"
20010306,2001-03-06,0.015943444926175034,"{""type"":""MultiPoint"",""coordinates"":[]}"
20010307,2001-03-07,0.0,"{""type"":""MultiPoint"",""coordinates"":[]}"
20010308,2001-03-08,0.0,"{""type"":""MultiPoint"",""coordinates"":[]}"
20010309,2001-03-09,0.0,"{""type"":""MultiPoint"",""coordinates"":[]}"
20010310,2001-03-10,9.457778607902463E-5,"{""type"":""MultiPoint"",""coordinates"":[]}"
20010311,2001-03-11,0.0,"{""type"":""MultiPoint"",""coordinates"":[]}"
20010312,2001-03-12,0.0,"{""type"":""MultiPoint"",""coordinates"":[]}"
20010313,2001-03-13,0.0,"{""type"":""MultiPoint"",""coordinates"":[]}"
20010314,2001-03-14,0.0,"{""type"":""MultiPoint"",""coordinates"":[]}"
20010315,2001-03-15,0.0,"{""type"":""MultiPoint"",""coordinates"":[]}"
20010316,2001-03-16,0.0,"{""type"":""MultiPoint"",""coordinates"":[]}"
20010317,2001-03-17,0.0,"{""type"":""MultiPoint"",""coordinates"":[]}"
20010318,2001-03-18,0.0,"{""type"":""MultiPoint"",""coordinates"":[]}"
20010319,2001-03-19,0.0,"{""type"":""MultiPoint"",""coordinates"":[]}"
20010320,2001-03-20,0.0,"{""type"":""MultiPoint"",""coordinates"":[]}"
20010321,2001-03-21,0.0,"{""type"":""MultiPoint"",""coordinates"":[]}"
20010322,2001-03-22,0.0,"{""type"":""MultiPoint"",""coordinates"":[]}"
20010323,2001-03-23,0.03274521560817561,"{""type"":""MultiPoint"",""coordinates"":[]}"
20010324,2001-03-24,0.0,"{""type"":""MultiPoint"",""coordinates"":[]}"
20010325,2001-03-25,0.0,"{""type"":""MultiPoint"",""coordinates"":[]}"
20010326,2001-03-26,2.046311320442515,"{""type"":""MultiPoint"",""coordinates"":[]}"
20010327,2001-03-27,0.24466179737759608,"{""type"":""MultiPoint"",""coordinates"":[]}"
20010328,2001-03-28,0.06452898541542383,"{""type"":""MultiPoint"",""coordinates"":[]}"
20010329,2001-03-29,0.0,"{""type"":""MultiPoint"",""coordinates"":[]}"
20010330,2001-03-30,3.579917793484762,"{""type"":""MultiPoint"",""coordinates"":[]}"
20010331,2001-03-31,0.9944359838073128,"{""type"":""MultiPoint"",""coordinates"":[]}"
20010401,2001-04-01,0.9375593226555154,"{""type"":""MultiPoint"",""coordinates"":[]}"
20010402,2001-04-02,0.0,"{""type"":""MultiPoint"",""coordinates"":[]}"
20010403,2001-04-03,0.0,"{""type"":""MultiPoint"",""coordinates"":[]}"
20010404,2001-04-04,0.0,"{""type"":""MultiPoint"",""coordinates"":[]}"
20010405,2001-04-05,0.0,"{""type"":""MultiPoint"",""coordinates"":[]}"
20010406,2001-04-06,0.0,"{""type"":""MultiPoint"",""coordinates"":[]}"
20010407,2001-04-07,0.0,"{""type"":""MultiPoint"",""coordinates"":[]}"
20010408,2001-04-08,0.0,"{""type"":""MultiPoint"",""coordinates"":[]}"
20010409,2001-04-09,0.0,"{""type"":""MultiPoint"",""coordinates"":[]}"
20010410,2001-04-10,1.1626056701233274,"{""type"":""MultiPoint"",""coordinates"":[]}"
20010411,2001-04-11,1.0353047584414803,"{""type"":""MultiPoint"",""coordinates"":[]}"
20010412,2001-04-12,2.9194548153518296,"{""type"":""MultiPoint"",""coordinates"":[]}"
20010413,2001-04-13,0.05577139488050589,"{""type"":""MultiPoint"",""coordinates"":[]}"
20010414,2001-04-14,6.655702741844848,"{""type"":""MultiPoint"",""coordinates"":[]}"
20010415,2001-04-15,0.22503862436895702,"{""type"":""MultiPoint"",""coordinates"":[]}"
20010416,2001-04-16,1.3648599535565122,"{""type"":""MultiPoint"",""coordinates"":[]}"
20010417,2001-04-17,4.49113214517166,"{""type"":""MultiPoint"",""coordinates"":[]}"
20010418,2001-04-18,0.4769630672444578,"{""type"":""MultiPoint"",""coordinates"":[]}"
20010419,2001-04-19,0.6013679875273134,"{""type"":""MultiPoint"",""coordinates"":[]}"
20010420,2001-04-20,2.3511694129131504,"{""type"":""MultiPoint"",""coordinates"":[]}"
20010421,2001-04-21,3.0337960207768955,"{""type"":""MultiPoint"",""coordinates"":[]}"
20010422,2001-04-22,0.22172506517203533,"{""type"":""MultiPoint"",""coordinates"":[]}"
20010423,2001-04-23,0.0,"{""type"":""MultiPoint"",""coordinates"":[]}"
20010424,2001-04-24,0.0,"{""type"":""MultiPoint"",""coordinates"":[]}"
20010425,2001-04-25,0.0,"{""type"":""MultiPoint"",""coordinates"":[]}"
20010426,2001-04-26,0.0,"{""type"":""MultiPoint"",""coordinates"":[]}"
20010427,2001-04-27,0.0,"{""type"":""MultiPoint"",""coordinates"":[]}"
20010428,2001-04-28,0.0,"{""type"":""MultiPoint"",""coordinates"":[]}"
20010429,2001-04-29,0.0,"{""type"":""MultiPoint"",""coordinates"":[]}"
20010430,2001-04-30,0.15700659082339952,"{""type"":""MultiPoint"",""coordinates"":[]}"
20010501,2001-05-01,1.197297784931831,"{""type"":""MultiPoint"",""coordinates"":[]}"
20010502,2001-05-02,0.0,"{""type"":""MultiPoint"",""coordinates"":[]}"
20010503,2001-05-03,2.4894769715951206,"{""type"":""MultiPoint"",""coordinates"":[]}"
20010504,2001-05-04,0.07027381685092329,"{""type"":""MultiPoint"",""coordinates"":[]}"
20010505,2001-05-05,0.0,"{""type"":""MultiPoint"",""coordinates"":[]}"
20010506,2001-05-06,3.515317249060041,"{""type"":""MultiPoint"",""coordinates"":[]}"
20010507,2001-05-07,0.0,"{""type"":""MultiPoint"",""coordinates"":[]}"
20010508,2001-05-08,0.0850875050840433,"{""type"":""MultiPoint"",""coordinates"":[]}"
20010509,2001-05-09,0.0,"{""type"":""MultiPoint"",""coordinates"":[]}"
20010510,2001-05-10,0.0,"{""type"":""MultiPoint"",""coordinates"":[]}"
20010511,2001-05-11,0.0,"{""type"":""MultiPoint"",""coordinates"":[]}"
20010512,2001-05-12,0.0,"{""type"":""MultiPoint"",""coordinates"":[]}"
20010513,2001-05-13,1.7344092429308284,"{""type"":""MultiPoint"",""coordinates"":[]}"
20010514,2001-05-14,0.0,"{""type"":""MultiPoint"",""coordinates"":[]}"
20010515,2001-05-15,0.0,"{""type"":""MultiPoint"",""coordinates"":[]}"
20010516,2001-05-16,4.062125673920792,"{""type"":""MultiPoint"",""coordinates"":[]}"
20010517,2001-05-17,6.276365895867651,"{""type"":""MultiPoint"",""coordinates"":[]}"
20010518,2001-05-18,1.8588696755159297,"{""type"":""MultiPoint"",""coordinates"":[]}"
20010519,2001-05-19,0.0,"{""type"":""MultiPoint"",""coordinates"":[]}"
20010520,2001-05-20,0.06728899567723529,"{""type"":""MultiPoint"",""coordinates"":[]}"
20010521,2001-05-21,0.0,"{""type"":""MultiPoint"",""coordinates"":[]}"
20010522,2001-05-22,0.4032111140975334,"{""type"":""MultiPoint"",""coordinates"":[]}"
20010523,2001-05-23,0.12800811637125556,"{""type"":""MultiPoint"",""coordinates"":[]}"
20010524,2001-05-24,0.03666430588645527,"{""type"":""MultiPoint"",""coordinates"":[]}"
20010525,2001-05-25,0.0,"{""type"":""MultiPoint"",""coordinates"":[]}"
20010526,2001-05-26,0.6546931413717234,"{""type"":""MultiPoint"",""coordinates"":[]}"
20010527,2001-05-27,5.810112969376992,"{""type"":""MultiPoint"",""coordinates"":[]}"
20010528,2001-05-28,7.165281200243922,"{""type"":""MultiPoint"",""coordinates"":[]}"
20010529,2001-05-29,1.8395019961348316,"{""type"":""MultiPoint"",""coordinates"":[]}"
20010530,2001-05-30,1.0835126568545939,"{""type"":""MultiPoint"",""coordinates"":[]}"
20010531,2001-05-31,6.647610815843274,"{""type"":""MultiPoint"",""coordinates"":[]}"
20010601,2001-06-01,3.8563947974551684,"{""type"":""MultiPoint"",""coordinates"":[]}"
20010602,2001-06-02,7.059681314042495,"{""type"":""MultiPoint"",""coordinates"":[]}"
20010603,2001-06-03,8.343928526651213,"{""type"":""MultiPoint"",""coordinates"":[]}"
20010604,2001-06-04,3.3161001311557925,"{""type"":""MultiPoint"",""coordinates"":[]}"
20010605,2001-06-05,3.3891931464414644,"{""type"":""MultiPoint"",""coordinates"":[]}"
20010606,2001-06-06,3.898128448501906,"{""type"":""MultiPoint"",""coordinates"":[]}"
20010607,2001-06-07,8.640222846522358,"{""type"":""MultiPoint"",""coordinates"":[]}"
20010608,2001-06-08,7.184590228465385,"{""type"":""MultiPoint"",""coordinates"":[]}"
20010609,2001-06-09,13.093507016642357,"{""type"":""MultiPoint"",""coordinates"":[]}"
20010610,2001-06-10,11.15371385828341,"{""type"":""MultiPoint"",""coordinates"":[]}"
20010611,2001-06-11,14.980427101208162,"{""type"":""MultiPoint"",""coordinates"":[]}"
20010612,2001-06-12,22.051926600945972,"{""type"":""MultiPoint"",""coordinates"":[]}"
20010613,2001-06-13,21.29134943112727,"{""type"":""MultiPoint"",""coordinates"":[]}"
20010614,2001-06-14,1.9085519481936015,"{""type"":""MultiPoint"",""coordinates"":[]}"
20010615,2001-06-15,0.4046830501499433,"{""type"":""MultiPoint"",""coordinates"":[]}"
20010616,2001-06-16,0.17884330674468915,"{""type"":""MultiPoint"",""coordinates"":[]}"
20010617,2001-06-17,0.0,"{""type"":""MultiPoint"",""coordinates"":[]}"
20010618,2001-06-18,2.2172580035826037,"{""type"":""MultiPoint"",""coordinates"":[]}"
20010619,2001-06-19,5.674266156175135,"{""type"":""MultiPoint"",""coordinates"":[]}"
20010620,2001-06-20,10.396510017966836,"{""type"":""MultiPoint"",""coordinates"":[]}"
20010621,2001-06-21,1.3889109560999226E-4,"{""type"":""MultiPoint"",""coordinates"":[]}"
20010622,2001-06-22,0.021114118248615112,"{""type"":""MultiPoint"",""coordinates"":[]}"
20010623,2001-06-23,0.21915331511461877,"{""type"":""MultiPoint"",""coordinates"":[]}"
20010624,2001-06-24,0.8793816302937215,"{""type"":""MultiPoint"",""coordinates"":[]}"
20010625,2001-06-25,0.0,"{""type"":""MultiPoint"",""coordinates"":[]}"
20010626,2001-06-26,0.40261484769499023,"{""type"":""MultiPoint"",""coordinates"":[]}"
20010627,2001-06-27,0.07461222393832395,"{""type"":""MultiPoint"",""coordinates"":[]}"
20010628,2001-06-28,2.213273179265979,"{""type"":""MultiPoint"",""coordinates"":[]}"
20010629,2001-06-29,7.077354099802602,"{""type"":""MultiPoint"",""coordinates"":[]}"
20010630,2001-06-30,1.7291621241316442,"{""type"":""MultiPoint"",""coordinates"":[]}"
20010701,2001-07-01,0.0,"{""type"":""MultiPoint"",""coordinates"":[]}"
20010702,2001-07-02,0.3233008942296853,"{""type"":""MultiPoint"",""coordinates"":[]}"
20010703,2001-07-03,2.02657522452527,"{""type"":""MultiPoint"",""coordinates"":[]}"
20010704,2001-07-04,7.109086804546663,"{""type"":""MultiPoint"",""coordinates"":[]}"
20010705,2001-07-05,6.322897516211535,"{""type"":""MultiPoint"",""coordinates"":[]}"
20010706,2001-07-06,13.383106910091184,"{""type"":""MultiPoint"",""coordinates"":[]}"
20010707,2001-07-07,7.929165843344032,"{""type"":""MultiPoint"",""coordinates"":[]}"
20010708,2001-07-08,21.42284584477381,"{""type"":""MultiPoint"",""coordinates"":[]}"
20010709,2001-07-09,2.7682069926772805,"{""type"":""MultiPoint"",""coordinates"":[]}"
20010710,2001-07-10,1.3322425685966997,"{""type"":""MultiPoint"",""coordinates"":[]}"
20010711,2001-07-11,10.228073148355461,"{""type"":""MultiPoint"",""coordinates"":[]}"
20010712,2001-07-12,2.04406903630833,"{""type"":""MultiPoint"",""coordinates"":[]}"
20010713,2001-07-13,0.0,"{""type"":""MultiPoint"",""coordinates"":[]}"
20010714,2001-07-14,0.0,"{""type"":""MultiPoint"",""coordinates"":[]}"
20010715,2001-07-15,2.762042617463627,"{""type"":""MultiPoint"",""coordinates"":[]}"
20010716,2001-07-16,24.485543319448485,"{""type"":""MultiPoint"",""coordinates"":[]}"
20010717,2001-07-17,0.1959251255620062,"{""type"":""MultiPoint"",""coordinates"":[]}"
20010718,2001-07-18,0.5141494006313294,"{""type"":""MultiPoint"",""coordinates"":[]}"
20010719,2001-07-19,2.739781324670941,"{""type"":""MultiPoint"",""coordinates"":[]}"
20010720,2001-07-20,2.972739920982117,"{""type"":""MultiPoint"",""coordinates"":[]}"
20010721,2001-07-21,1.586359162651085,"{""type"":""MultiPoint"",""coordinates"":[]}"
20010722,2001-07-22,13.108827749239104,"{""type"":""MultiPoint"",""coordinates"":[]}"
20010723,2001-07-23,1.9543744951572644,"{""type"":""MultiPoint"",""coordinates"":[]}"
20010724,2001-07-24,2.694805125843455,"{""type"":""MultiPoint"",""coordinates"":[]}"
20010725,2001-07-25,2.9465925756954148,"{""type"":""MultiPoint"",""coordinates"":[]}"
20010726,2001-07-26,6.182841015281417,"{""type"":""MultiPoint"",""coordinates"":[]}"
20010727,2001-07-27,2.5271719687700087,"{""type"":""MultiPoint"",""coordinates"":[]}"
20010728,2001-07-28,4.388946134362145,"{""type"":""MultiPoint"",""coordinates"":[]}"
20010729,2001-07-29,10.93424823511485,"{""type"":""MultiPoint"",""coordinates"":[]}"
20010730,2001-07-30,0.7686844425484775,"{""type"":""MultiPoint"",""coordinates"":[]}"
20010731,2001-07-31,4.499634723926191,"{""type"":""MultiPoint"",""coordinates"":[]}"
20010801,2001-08-01,6.830756700870009,"{""type"":""MultiPoint"",""coordinates"":[]}"
20010802,2001-08-02,35.11080853399728,"{""type"":""MultiPoint"",""coordinates"":[]}"
20010803,2001-08-03,30.38787581106136,"{""type"":""MultiPoint"",""coordinates"":[]}"
20010804,2001-08-04,3.332704842475543,"{""type"":""MultiPoint"",""coordinates"":[]}"
20010805,2001-08-05,0.7058051204546868,"{""type"":""MultiPoint"",""coordinates"":[]}"
20010806,2001-08-06,8.67732698447741,"{""type"":""MultiPoint"",""coordinates"":[]}"
20010807,2001-08-07,12.527975700186886,"{""type"":""MultiPoint"",""coordinates"":[]}"
20010808,2001-08-08,22.002129847877963,"{""type"":""MultiPoint"",""coordinates"":[]}"
20010809,2001-08-09,29.891931113100792,"{""type"":""MultiPoint"",""coordinates"":[]}"
20010810,2001-08-10,21.318763901215203,"{""type"":""MultiPoint"",""coordinates"":[]}"
20010811,2001-08-11,9.620596825625885,"{""type"":""MultiPoint"",""coordinates"":[]}"
20010812,2001-08-12,7.386865758031941,"{""type"":""MultiPoint"",""coordinates"":[]}"
20010813,2001-08-13,18.429998756734648,"{""type"":""MultiPoint"",""coordinates"":[]}"
20010814,2001-08-14,23.025763646713752,"{""type"":""MultiPoint"",""coordinates"":[]}"
20010815,2001-08-15,20.05464208190444,"{""type"":""MultiPoint"",""coordinates"":[]}"
20010816,2001-08-16,8.509786019802105,"{""type"":""MultiPoint"",""coordinates"":[]}"
20010817,2001-08-17,15.175590495566741,"{""type"":""MultiPoint"",""coordinates"":[]}"
20010818,2001-08-18,8.812686706385966,"{""type"":""MultiPoint"",""coordinates"":[]}"
20010819,2001-08-19,18.436601975188598,"{""type"":""MultiPoint"",""coordinates"":[]}"
20010820,2001-08-20,1.8961722763039417,"{""type"":""MultiPoint"",""coordinates"":[]}"
20010821,2001-08-21,0.0,"{""type"":""MultiPoint"",""coordinates"":[]}"
20010822,2001-08-22,0.014932799800166605,"{""type"":""MultiPoint"",""coordinates"":[]}"
20010823,2001-08-23,2.6730536519292154,"{""type"":""MultiPoint"",""coordinates"":[]}"
20010824,2001-08-24,1.332871185080255,"{""type"":""MultiPoint"",""coordinates"":[]}"
20010825,2001-08-25,1.4472883876734415,"{""type"":""MultiPoint"",""coordinates"":[]}"
20010826,2001-08-26,3.720253228709006,"{""type"":""MultiPoint"",""coordinates"":[]}"
20010827,2001-08-27,0.0,"{""type"":""MultiPoint"",""coordinates"":[]}"
20010828,2001-08-28,0.24703535066902396,"{""type"":""MultiPoint"",""coordinates"":[]}"
20010829,2001-08-29,0.5748677037508675,"{""type"":""MultiPoint"",""coordinates"":[]}"
20010830,2001-08-30,4.660809755887614,"{""type"":""MultiPoint"",""coordinates"":[]}"
20010831,2001-08-31,0.0,"{""type"":""MultiPoint"",""coordinates"":[]}"
20010901,2001-09-01,0.0,"{""type"":""MultiPoint"",""coordinates"":[]}"
20010902,2001-09-02,0.010678940483160027,"{""type"":""MultiPoint"",""coordinates"":[]}"
20010903,2001-09-03,2.460224260362971,"{""type"":""MultiPoint"",""coordinates"":[]}"
20010904,2001-09-04,9.273425482232717,"{""type"":""MultiPoint"",""coordinates"":[]}"
20010905,2001-09-05,1.2545629981995137,"{""type"":""MultiPoint"",""coordinates"":[]}"
20010906,2001-09-06,6.447719255321185,"{""type"":""MultiPoint"",""coordinates"":[]}"
20010907,2001-09-07,1.463330953005416,"{""type"":""MultiPoint"",""coordinates"":[]}"
20010908,2001-09-08,0.8979550651078892,"{""type"":""MultiPoint"",""coordinates"":[]}"
20010909,2001-09-09,6.958328203705243,"{""type"":""MultiPoint"",""coordinates"":[]}"
20010910,2001-09-10,7.1421925059104625,"{""type"":""MultiPoint"",""coordinates"":[]}"
20010911,2001-09-11,13.158884115674631,"{""type"":""MultiPoint"",""coordinates"":[]}"
20010912,2001-09-12,0.824836278917371,"{""type"":""MultiPoint"",""coordinates"":[]}"
20010913,2001-09-13,3.7438591594587685,"{""type"":""MultiPoint"",""coordinates"":[]}"
20010914,2001-09-14,2.2975000298142274,"{""type"":""MultiPoint"",""coordinates"":[]}"
20010915,2001-09-15,3.4125656608448045,"{""type"":""MultiPoint"",""coordinates"":[]}"
20010916,2001-09-16,6.245271517818492,"{""type"":""MultiPoint"",""coordinates"":[]}"
20010917,2001-09-17,8.17206461219813,"{""type"":""MultiPoint"",""coordinates"":[]}"
20010918,2001-09-18,0.6016961754651937,"{""type"":""MultiPoint"",""coordinates"":[]}"
20010919,2001-09-19,2.998018686885008,"{""type"":""MultiPoint"",""coordinates"":[]}"
20010920,2001-09-20,3.447722318528803,"{""type"":""MultiPoint"",""coordinates"":[]}"
20010921,2001-09-21,0.11933291872528987,"{""type"":""MultiPoint"",""coordinates"":[]}"
20010922,2001-09-22,1.5392454778013793,"{""type"":""MultiPoint"",""coordinates"":[]}"
20010923,2001-09-23,3.1101059832916946,"{""type"":""MultiPoint"",""coordinates"":[]}"
20010924,2001-09-24,7.074250016227391,"{""type"":""MultiPoint"",""coordinates"":[]}"
20010925,2001-09-25,1.8338607746076694,"{""type"":""MultiPoint"",""coordinates"":[]}"
20010926,2001-09-26,15.101892819195772,"{""type"":""MultiPoint"",""coordinates"":[]}"
20010927,2001-09-27,14.98244389437912,"{""type"":""MultiPoint"",""coordinates"":[]}"
20010928,2001-09-28,23.850209071366155,"{""type"":""MultiPoint"",""coordinates"":[]}"
20010929,2001-09-29,21.760406400368648,"{""type"":""MultiPoint"",""coordinates"":[]}"
20010930,2001-09-30,9.109362079041505,"{""type"":""MultiPoint"",""coordinates"":[]}"
20011001,2001-10-01,19.106690208366793,"{""type"":""MultiPoint"",""coordinates"":[]}"
20011002,2001-10-02,17.831565958288675,"{""type"":""MultiPoint"",""coordinates"":[]}"
20011003,2001-10-03,13.387559748528338,"{""type"":""MultiPoint"",""coordinates"":[]}"
20011004,2001-10-04,3.069096984818929,"{""type"":""MultiPoint"",""coordinates"":[]}"
20011005,2001-10-05,2.712103559566793,"{""type"":""MultiPoint"",""coordinates"":[]}"
20011006,2001-10-06,35.5471946027302,"{""type"":""MultiPoint"",""coordinates"":[]}"
20011007,2001-10-07,5.785908877367423,"{""type"":""MultiPoint"",""coordinates"":[]}"
20011008,2001-10-08,0.7105295376175522,"{""type"":""MultiPoint"",""coordinates"":[]}"
20011009,2001-10-09,0.9991413270135192,"{""type"":""MultiPoint"",""coordinates"":[]}"
20011010,2001-10-10,19.776812562087194,"{""type"":""MultiPoint"",""coordinates"":[]}"
20011011,2001-10-11,18.81340965147059,"{""type"":""MultiPoint"",""coordinates"":[]}"
20011012,2001-10-12,7.9467341173879955,"{""type"":""MultiPoint"",""coordinates"":[]}"
20011013,2001-10-13,6.697381025987744,"{""type"":""MultiPoint"",""coordinates"":[]}"
20011014,2001-10-14,18.461055695696608,"{""type"":""MultiPoint"",""coordinates"":[]}"
20011015,2001-10-15,26.26258384482238,"{""type"":""MultiPoint"",""coordinates"":[]}"
20011016,2001-10-16,37.91247885642199,"{""type"":""MultiPoint"",""coordinates"":[]}"
20011017,2001-10-17,8.431329866432975,"{""type"":""MultiPoint"",""coordinates"":[]}"
20011018,2001-10-18,0.38968100838187303,"{""type"":""MultiPoint"",""coordinates"":[]}"
20011019,2001-10-19,17.265822098131096,"{""type"":""MultiPoint"",""coordinates"":[]}"
20011020,2001-10-20,7.454721979794428,"{""type"":""MultiPoint"",""coordinates"":[]}"
20011021,2001-10-21,0.0,"{""type"":""MultiPoint"",""coordinates"":[]}"
20011022,2001-10-22,0.0,"{""type"":""MultiPoint"",""coordinates"":[]}"
20011023,2001-10-23,0.22276948062666602,"{""type"":""MultiPoint"",""coordinates"":[]}"
20011024,2001-10-24,0.8714899590018094,"{""type"":""MultiPoint"",""coordinates"":[]}"
20011025,2001-10-25,0.7108900348542507,"{""type"":""MultiPoint"",""coordinates"":[]}"
20011026,2001-10-26,0.0,"{""type"":""MultiPoint"",""coordinates"":[]}"
20011027,2001-10-27,0.0,"{""type"":""MultiPoint"",""coordinates"":[]}"
20011028,2001-10-28,0.0,"{""type"":""MultiPoint"",""coordinates"":[]}"
20011029,2001-10-29,0.0,"{""type"":""MultiPoint"",""coordinates"":[]}"
20011030,2001-10-30,0.0,"{""type"":""MultiPoint"",""coordinates"":[]}"
20011031,2001-10-31,0.0,"{""type"":""MultiPoint"",""coordinates"":[]}"
20011101,2001-11-01,0.521398037503223,"{""type"":""MultiPoint"",""coordinates"":[]}"
20011102,2001-11-02,0.0,"{""type"":""MultiPoint"",""coordinates"":[]}"
20011103,2001-11-03,5.095845206958784,"{""type"":""MultiPoint"",""coordinates"":[]}"
20011104,2001-11-04,3.544380067525652,"{""type"":""MultiPoint"",""coordinates"":[]}"
20011105,2001-11-05,6.4833035471525085,"{""type"":""MultiPoint"",""coordinates"":[]}"
20011106,2001-11-06,6.985375788844594,"{""type"":""MultiPoint"",""coordinates"":[]}"
20011107,2001-11-07,7.572773319452191,"{""type"":""MultiPoint"",""coordinates"":[]}"
20011108,2001-11-08,0.07727408954072405,"{""type"":""MultiPoint"",""coordinates"":[]}"
20011109,2001-11-09,1.9481961011240234,"{""type"":""MultiPoint"",""coordinates"":[]}"
20011110,2001-11-10,36.590158447452794,"{""type"":""MultiPoint"",""coordinates"":[]}"
20011111,2001-11-11,22.832994133078348,"{""type"":""MultiPoint"",""coordinates"":[]}"
20011112,2001-11-12,0.0,"{""type"":""MultiPoint"",""coordinates"":[]}"
20011113,2001-11-13,0.0,"{""type"":""MultiPoint"",""coordinates"":[]}"
20011114,2001-11-14,1.291499088225617,"{""type"":""MultiPoint"",""coordinates"":[]}"
20011115,2001-11-15,0.0,"{""type"":""MultiPoint"",""coordinates"":[]}"
20011116,2001-11-16,0.0,"{""type"":""MultiPoint"",""coordinates"":[]}"
20011117,2001-11-17,0.0,"{""type"":""MultiPoint"",""coordinates"":[]}"
20011118,2001-11-18,0.0,"{""type"":""MultiPoint"",""coordinates"":[]}"
20011119,2001-11-19,0.0,"{""type"":""MultiPoint"",""coordinates"":[]}"
20011120,2001-11-20,0.0,"{""type"":""MultiPoint"",""coordinates"":[]}"
20011121,2001-11-21,0.0,"{""type"":""MultiPoint"",""coordinates"":[]}"
20011122,2001-11-22,0.010216912718987321,"{""type"":""MultiPoint"",""coordinates"":[]}"
20011123,2001-11-23,0.0,"{""type"":""MultiPoint"",""coordinates"":[]}"
20011124,2001-11-24,0.0,"{""type"":""MultiPoint"",""coordinates"":[]}"
20011125,2001-11-25,0.0,"{""type"":""MultiPoint"",""coordinates"":[]}"
20011126,2001-11-26,0.78525909319073,"{""type"":""MultiPoint"",""coordinates"":[]}"
20011127,2001-11-27,0.0,"{""type"":""MultiPoint"",""coordinates"":[]}"
20011128,2001-11-28,0.0,"{""type"":""MultiPoint"",""coordinates"":[]}"
20011129,2001-11-29,0.0,"{""type"":""MultiPoint"",""coordinates"":[]}"
20011130,2001-11-30,0.0,"{""type"":""MultiPoint"",""coordinates"":[]}"
20011201,2001-12-01,0.0,"{""type"":""MultiPoint"",""coordinates"":[]}"
20011202,2001-12-02,0.0,"{""type"":""MultiPoint"",""coordinates"":[]}"
20011203,2001-12-03,0.0,"{""type"":""MultiPoint"",""coordinates"":[]}"
20011204,2001-12-04,0.0,"{""type"":""MultiPoint"",""coordinates"":[]}"
20011205,2001-12-05,0.0,"{""type"":""MultiPoint"",""coordinates"":[]}"
20011206,2001-12-06,0.0,"{""type"":""MultiPoint"",""coordinates"":[]}"
20011207,2001-12-07,0.0,"{""type"":""MultiPoint"",""coordinates"":[]}"
20011208,2001-12-08,0.0,"{""type"":""MultiPoint"",""coordinates"":[]}"
20011209,2001-12-09,0.0,"{""type"":""MultiPoint"",""coordinates"":[]}"
20011210,2001-12-10,0.0,"{""type"":""MultiPoint"",""coordinates"":[]}"
20011211,2001-12-11,0.0,"{""type"":""MultiPoint"",""coordinates"":[]}"
20011212,2001-12-12,0.0,"{""type"":""MultiPoint"",""coordinates"":[]}"
20011213,2001-12-13,0.0,"{""type"":""MultiPoint"",""coordinates"":[]}"
20011214,2001-12-14,0.0,"{""type"":""MultiPoint"",""coordinates"":[]}"
20011215,2001-12-15,0.0,"{""type"":""MultiPoint"",""coordinates"":[]}"
20011216,2001-12-16,0.0,"{""type"":""MultiPoint"",""coordinates"":[]}"
20011217,2001-12-17,0.0,"{""type"":""MultiPoint"",""coordinates"":[]}"
20011218,2001-12-18,0.0,"{""type"":""MultiPoint"",""coordinates"":[]}"
20011219,2001-12-19,0.1253366745979986,"{""type"":""MultiPoint"",""coordinates"":[]}"
20011220,2001-12-20,5.789600828962261,"{""type"":""MultiPoint"",""coordinates"":[]}"
20011221,2001-12-21,0.11162012399665774,"{""type"":""MultiPoint"",""coordinates"":[]}"
20011222,2001-12-22,0.04081412682589705,"{""type"":""MultiPoint"",""coordinates"":[]}"
20011223,2001-12-23,5.524082252574585E-4,"{""type"":""MultiPoint"",""coordinates"":[]}"
20011224,2001-12-24,0.0,"{""type"":""MultiPoint"",""coordinates"":[]}"
20011225,2001-12-25,0.0,"{""type"":""MultiPoint"",""coordinates"":[]}"
20011226,2001-12-26,0.0,"{""type"":""MultiPoint"",""coordinates"":[]}"
20011227,2001-12-27,0.0,"{""type"":""MultiPoint"",""coordinates"":[]}"
20011228,2001-12-28,0.0,"{""type"":""MultiPoint"",""coordinates"":[]}"
20011229,2001-12-29,0.021920523743550743,"{""type"":""MultiPoint"",""coordinates"":[]}"
20011230,2001-12-30,0.0,"{""type"":""MultiPoint"",""coordinates"":[]}"
20011231,2001-12-31,0.0,"{""type"":""MultiPoint"",""coordinates"":[]}"
20020101,2002-01-01,0.0,"{""type"":""MultiPoint"",""coordinates"":[]}"
20020102,2002-01-02,0.0,"{""type"":""MultiPoint"",""coordinates"":[]}"
20020103,2002-01-03,0.0,"{""type"":""MultiPoint"",""coordinates"":[]}"
20020104,2002-01-04,0.0,"{""type"":""MultiPoint"",""coordinates"":[]}"
20020105,2002-01-05,0.2153525159668451,"{""type"":""MultiPoint"",""coordinates"":[]}"
20020106,2002-01-06,0.9907813646731409,"{""type"":""MultiPoint"",""coordinates"":[]}"
20020107,2002-01-07,0.6883432015669235,"{""type"":""MultiPoint"",""coordinates"":[]}"
20020108,2002-01-08,0.0,"{""type"":""MultiPoint"",""coordinates"":[]}"
20020109,2002-01-09,0.0,"{""type"":""MultiPoint"",""coordinates"":[]}"
20020110,2002-01-10,0.0,"{""type"":""MultiPoint"",""coordinates"":[]}"
20020111,2002-01-11,0.0,"{""type"":""MultiPoint"",""coordinates"":[]}"
20020112,2002-01-12,0.0,"{""type"":""MultiPoint"",""coordinates"":[]}"
20020113,2002-01-13,0.0,"{""type"":""MultiPoint"",""coordinates"":[]}"
20020114,2002-01-14,0.0,"{""type"":""MultiPoint"",""coordinates"":[]}"
20020115,2002-01-15,0.0012121053510720258,"{""type"":""MultiPoint"",""coordinates"":[]}"
20020116,2002-01-16,0.0,"{""type"":""MultiPoint"",""coordinates"":[]}"
20020117,2002-01-17,0.0,"{""type"":""MultiPoint"",""coordinates"":[]}"
20020118,2002-01-18,0.0,"{""type"":""MultiPoint"",""coordinates"":[]}"
20020119,2002-01-19,0.0,"{""type"":""MultiPoint"",""coordinates"":[]}"
20020120,2002-01-20,0.0,"{""type"":""MultiPoint"",""coordinates"":[]}"
20020121,2002-01-21,0.0,"{""type"":""MultiPoint"",""coordinates"":[]}"
20020122,2002-01-22,0.0,"{""type"":""MultiPoint"",""coordinates"":[]}"
20020123,2002-01-23,0.0,"{""type"":""MultiPoint"",""coordinates"":[]}"
20020124,2002-01-24,0.0,"{""type"":""MultiPoint"",""coordinates"":[]}"
20020125,2002-01-25,0.0,"{""type"":""MultiPoint"",""coordinates"":[]}"
20020126,2002-01-26,0.0,"{""type"":""MultiPoint"",""coordinates"":[]}"
20020127,2002-01-27,0.03756873501062095,"{""type"":""MultiPoint"",""coordinates"":[]}"
20020128,2002-01-28,0.304383951709722,"{""type"":""MultiPoint"",""coordinates"":[]}"
20020129,2002-01-29,0.0,"{""type"":""MultiPoint"",""coordinates"":[]}"
20020130,2002-01-30,0.0,"{""type"":""MultiPoint"",""coordinates"":[]}"
20020131,2002-01-31,0.0012122497808946665,"{""type"":""MultiPoint"",""coordinates"":[]}"
20020201,2002-02-01,0.05568832440847036,"{""type"":""MultiPoint"",""coordinates"":[]}"
20020202,2002-02-02,0.0,"{""type"":""MultiPoint"",""coordinates"":[]}"
20020203,2002-02-03,0.0,"{""type"":""MultiPoint"",""coordinates"":[]}"
20020204,2002-02-04,0.3099941815411156,"{""type"":""MultiPoint"",""coordinates"":[]}"
20020205,2002-02-05,0.3099941815411156,"{""type"":""MultiPoint"",""coordinates"":[]}"
20020206,2002-02-06,0.0,"{""type"":""MultiPoint"",""coordinates"":[]}"
20020207,2002-02-07,0.0,"{""type"":""MultiPoint"",""coordinates"":[]}"
20020208,2002-02-08,0.0,"{""type"":""MultiPoint"",""coordinates"":[]}"
20020209,2002-02-09,0.0,"{""type"":""MultiPoint"",""coordinates"":[]}"
20020210,2002-02-10,0.0,"{""type"":""MultiPoint"",""coordinates"":[]}"
20020211,2002-02-11,0.0,"{""type"":""MultiPoint"",""coordinates"":[]}"
20020212,2002-02-12,0.0,"{""type"":""MultiPoint"",""coordinates"":[]}"
20020213,2002-02-13,0.0,"{""type"":""MultiPoint"",""coordinates"":[]}"
20020214,2002-02-14,0.0,"{""type"":""MultiPoint"",""coordinates"":[]}"
20020215,2002-02-15,0.0,"{""type"":""MultiPoint"",""coordinates"":[]}"
20020216,2002-02-16,0.0,"{""type"":""MultiPoint"",""coordinates"":[]}"
20020217,2002-02-17,0.0,"{""type"":""MultiPoint"",""coordinates"":[]}"
20020218,2002-02-18,0.0,"{""type"":""MultiPoint"",""coordinates"":[]}"
20020219,2002-02-19,0.040931250599257854,"{""type"":""MultiPoint"",""coordinates"":[]}"
20020220,2002-02-20,0.0,"{""type"":""MultiPoint"",""coordinates"":[]}"
20020221,2002-02-21,0.0,"{""type"":""MultiPoint"",""coordinates"":[]}"
20020222,2002-02-22,0.0,"{""type"":""MultiPoint"",""coordinates"":[]}"
20020223,2002-02-23,0.0,"{""type"":""MultiPoint"",""coordinates"":[]}"
20020224,2002-02-24,0.9615561162564401,"{""type"":""MultiPoint"",""coordinates"":[]}"
20020225,2002-02-25,0.9615561162564401,"{""type"":""MultiPoint"",""coordinates"":[]}"
20020226,2002-02-26,0.0,"{""type"":""MultiPoint"",""coordinates"":[]}"
20020227,2002-02-27,0.0,"{""type"":""MultiPoint"",""coordinates"":[]}"
20020228,2002-02-28,0.0,"{""type"":""MultiPoint"",""coordinates"":[]}"
20020301,2002-03-01,0.0,"{""type"":""MultiPoint"",""coordinates"":[]}"
20020302,2002-03-02,0.0,"{""type"":""MultiPoint"",""coordinates"":[]}"
20020303,2002-03-03,0.0,"{""type"":""MultiPoint"",""coordinates"":[]}"
20020304,2002-03-04,0.0,"{""type"":""MultiPoint"",""coordinates"":[]}"
20020305,2002-03-05,0.0,"{""type"":""MultiPoint"",""coordinates"":[]}"
20020306,2002-03-06,0.0,"{""type"":""MultiPoint"",""coordinates"":[]}"
20020307,2002-03-07,0.0,"{""type"":""MultiPoint"",""coordinates"":[]}"
20020308,2002-03-08,0.5309096584452709,"{""type"":""MultiPoint"",""coordinates"":[]}"
20020309,2002-03-09,0.0,"{""type"":""MultiPoint"",""coordinates"":[]}"
20020310,2002-03-10,0.007458918773567506,"{""type"":""MultiPoint"",""coordinates"":[]}"
20020311,2002-03-11,0.0,"{""type"":""MultiPoint"",""coordinates"":[]}"
20020312,2002-03-12,0.0,"{""type"":""MultiPoint"",""coordinates"":[]}"
20020313,2002-03-13,0.0,"{""type"":""MultiPoint"",""coordinates"":[]}"
20020314,2002-03-14,0.0,"{""type"":""MultiPoint"",""coordinates"":[]}"
20020315,2002-03-15,0.0,"{""type"":""MultiPoint"",""coordinates"":[]}"
20020316,2002-03-16,0.0,"{""type"":""MultiPoint"",""coordinates"":[]}"
20020317,2002-03-17,0.0,"{""type"":""MultiPoint"",""coordinates"":[]}"
20020318,2002-03-18,0.0,"{""type"":""MultiPoint"",""coordinates"":[]}"
20020319,2002-03-19,0.0,"{""type"":""MultiPoint"",""coordinates"":[]}"
20020320,2002-03-20,0.0,"{""type"":""MultiPoint"",""coordinates"":[]}"
20020321,2002-03-21,0.0,"{""type"":""MultiPoint"",""coordinates"":[]}"
20020322,2002-03-22,0.0,"{""type"":""MultiPoint"",""coordinates"":[]}"
20020323,2002-03-23,0.0,"{""type"":""MultiPoint"",""coordinates"":[]}"
20020324,2002-03-24,0.0,"{""type"":""MultiPoint"",""coordinates"":[]}"
20020325,2002-03-25,0.0,"{""type"":""MultiPoint"",""coordinates"":[]}"
20020326,2002-03-26,0.22770364454347045,"{""type"":""MultiPoint"",""coordinates"":[]}"
20020327,2002-03-27,0.0,"{""type"":""MultiPoint"",""coordinates"":[]}"
20020328,2002-03-28,0.24197942500812036,"{""type"":""MultiPoint"",""coordinates"":[]}"
20020329,2002-03-29,0.4324304628985463,"{""type"":""MultiPoint"",""coordinates"":[]}"
20020330,2002-03-30,1.6980777539662804,"{""type"":""MultiPoint"",""coordinates"":[]}"
20020331,2002-03-31,0.4487356895501201,"{""type"":""MultiPoint"",""coordinates"":[]}"
20020401,2002-04-01,0.09991406097647856,"{""type"":""MultiPoint"",""coordinates"":[]}"
20020402,2002-04-02,0.7828822641807387,"{""type"":""MultiPoint"",""coordinates"":[]}"
20020403,2002-04-03,0.04740336154198753,"{""type"":""MultiPoint"",""coordinates"":[]}"
20020404,2002-04-04,12.563176972762689,"{""type"":""MultiPoint"",""coordinates"":[]}"
20020405,2002-04-05,0.07588509843385668,"{""type"":""MultiPoint"",""coordinates"":[]}"
20020406,2002-04-06,0.024547752639400185,"{""type"":""MultiPoint"",""coordinates"":[]}"
20020407,2002-04-07,0.0,"{""type"":""MultiPoint"",""coordinates"":[]}"
20020408,2002-04-08,0.0,"{""type"":""MultiPoint"",""coordinates"":[]}"
20020409,2002-04-09,0.0,"{""type"":""MultiPoint"",""coordinates"":[]}"
20020410,2002-04-10,0.0,"{""type"":""MultiPoint"",""coordinates"":[]}"
20020411,2002-04-11,0.0,"{""type"":""MultiPoint"",""coordinates"":[]}"
20020412,2002-04-12,1.4871547743995046,"{""type"":""MultiPoint"",""coordinates"":[]}"
20020413,2002-04-13,2.135650695739224,"{""type"":""MultiPoint"",""coordinates"":[]}"
20020414,2002-04-14,0.7207756331924746,"{""type"":""MultiPoint"",""coordinates"":[]}"
20020415,2002-04-15,0.0,"{""type"":""MultiPoint"",""coordinates"":[]}"
20020416,2002-04-16,0.0,"{""type"":""MultiPoint"",""coordinates"":[]}"
20020417,2002-04-17,0.6343375227409496,"{""type"":""MultiPoint"",""coordinates"":[]}"
20020418,2002-04-18,0.10485560980288045,"{""type"":""MultiPoint"",""coordinates"":[]}"
20020419,2002-04-19,1.2091219250469385E-4,"{""type"":""MultiPoint"",""coordinates"":[]}"
20020420,2002-04-20,0.0,"{""type"":""MultiPoint"",""coordinates"":[]}"
20020421,2002-04-21,0.0,"{""type"":""MultiPoint"",""coordinates"":[]}"
20020422,2002-04-22,0.01753403487841688,"{""type"":""MultiPoint"",""coordinates"":[]}"
20020423,2002-04-23,0.9997831301973821,"{""type"":""MultiPoint"",""coordinates"":[]}"
20020424,2002-04-24,7.401012218732382E-4,"{""type"":""MultiPoint"",""coordinates"":[]}"
20020425,2002-04-25,0.0015987060037403683,"{""type"":""MultiPoint"",""coordinates"":[]}"
20020426,2002-04-26,0.0,"{""type"":""MultiPoint"",""coordinates"":[]}"
20020427,2002-04-27,0.1558123505197752,"{""type"":""MultiPoint"",""coordinates"":[]}"
20020428,2002-04-28,0.26167837185295184,"{""type"":""MultiPoint"",""coordinates"":[]}"
20020429,2002-04-29,0.0,"{""type"":""MultiPoint"",""coordinates"":[]}"
20020430,2002-04-30,0.0,"{""type"":""MultiPoint"",""coordinates"":[]}"
20020501,2002-05-01,0.030432607118142066,"{""type"":""MultiPoint"",""coordinates"":[]}"
20020502,2002-05-02,0.0,"{""type"":""MultiPoint"",""coordinates"":[]}"
20020503,2002-05-03,0.8847499327467377,"{""type"":""MultiPoint"",""coordinates"":[]}"
20020504,2002-05-04,0.0,"{""type"":""MultiPoint"",""coordinates"":[]}"
20020505,2002-05-05,0.44672613886702867,"{""type"":""MultiPoint"",""coordinates"":[]}"
20020506,2002-05-06,0.0,"{""type"":""MultiPoint"",""coordinates"":[]}"
20020507,2002-05-07,0.21778997898380337,"{""type"":""MultiPoint"",""coordinates"":[]}"
20020508,2002-05-08,2.6918926047872604,"{""type"":""MultiPoint"",""coordinates"":[]}"
20020509,2002-05-09,0.4937421648228929,"{""type"":""MultiPoint"",""coordinates"":[]}"
20020510,2002-05-10,0.0,"{""type"":""MultiPoint"",""coordinates"":[]}"
20020511,2002-05-11,0.0,"{""type"":""MultiPoint"",""coordinates"":[]}"
20020512,2002-05-12,0.0,"{""type"":""MultiPoint"",""coordinates"":[]}"
20020513,2002-05-13,0.0,"{""type"":""MultiPoint"",""coordinates"":[]}"
20020514,2002-05-14,6.622705045898904,"{""type"":""MultiPoint"",""coordinates"":[]}"
20020515,2002-05-15,1.0206611373249592,"{""type"":""MultiPoint"",""coordinates"":[]}"
20020516,2002-05-16,1.097212713107741,"{""type"":""MultiPoint"",""coordinates"":[]}"
20020517,2002-05-17,14.523982447506265,"{""type"":""MultiPoint"",""coordinates"":[]}"
20020518,2002-05-18,0.04006564741440071,"{""type"":""MultiPoint"",""coordinates"":[]}"
20020519,2002-05-19,0.0,"{""type"":""MultiPoint"",""coordinates"":[]}"
20020520,2002-05-20,0.0,"{""type"":""MultiPoint"",""coordinates"":[]}"
20020521,2002-05-21,0.0,"{""type"":""MultiPoint"",""coordinates"":[]}"
20020522,2002-05-22,0.0,"{""type"":""MultiPoint"",""coordinates"":[]}"
20020523,2002-05-23,0.0,"{""type"":""MultiPoint"",""coordinates"":[]}"
20020524,2002-05-24,2.9968879371917616,"{""type"":""MultiPoint"",""coordinates"":[]}"
20020525,2002-05-25,5.764637710871087,"{""type"":""MultiPoint"",""coordinates"":[]}"
20020526,2002-05-26,2.0345952025026137,"{""type"":""MultiPoint"",""coordinates"":[]}"
20020527,2002-05-27,1.1893579112248223,"{""type"":""MultiPoint"",""coordinates"":[]}"
20020528,2002-05-28,0.006078559906850714,"{""type"":""MultiPoint"",""coordinates"":[]}"
20020529,2002-05-29,7.887629520580686,"{""type"":""MultiPoint"",""coordinates"":[]}"
20020530,2002-05-30,8.85973482391665,"{""type"":""MultiPoint"",""coordinates"":[]}"
20020531,2002-05-31,6.646958202400194,"{""type"":""MultiPoint"",""coordinates"":[]}"
20020601,2002-06-01,2.8844635255588655,"{""type"":""MultiPoint"",""coordinates"":[]}"
20020602,2002-06-02,1.3221872538730848,"{""type"":""MultiPoint"",""coordinates"":[]}"
20020603,2002-06-03,5.03360119610273,"{""type"":""MultiPoint"",""coordinates"":[]}"
20020604,2002-06-04,2.0115748687361075,"{""type"":""MultiPoint"",""coordinates"":[]}"
20020605,2002-06-05,3.33319055580836,"{""type"":""MultiPoint"",""coordinates"":[]}"
20020606,2002-06-06,4.559322712737725,"{""type"":""MultiPoint"",""coordinates"":[]}"
20020607,2002-06-07,2.514258694348152,"{""type"":""MultiPoint"",""coordinates"":[]}"
20020608,2002-06-08,7.9385526183683135,"{""type"":""MultiPoint"",""coordinates"":[]}"
20020609,2002-06-09,5.85833412339856,"{""type"":""MultiPoint"",""coordinates"":[]}"
20020610,2002-06-10,14.339584272453129,"{""type"":""MultiPoint"",""coordinates"":[]}"
20020611,2002-06-11,4.954885969715034,"{""type"":""MultiPoint"",""coordinates"":[]}"
20020612,2002-06-12,0.631104351787424,"{""type"":""MultiPoint"",""coordinates"":[]}"
20020613,2002-06-13,13.542170842890629,"{""type"":""MultiPoint"",""coordinates"":[]}"
20020614,2002-06-14,0.0,"{""type"":""MultiPoint"",""coordinates"":[]}"
20020615,2002-06-15,3.4222868009352365,"{""type"":""MultiPoint"",""coordinates"":[]}"
20020616,2002-06-16,6.90989593207086,"{""type"":""MultiPoint"",""coordinates"":[]}"
20020617,2002-06-17,4.410897686476799,"{""type"":""MultiPoint"",""coordinates"":[]}"
20020618,2002-06-18,5.644723691799525,"{""type"":""MultiPoint"",""coordinates"":[]}"
20020619,2002-06-19,12.038782107096706,"{""type"":""MultiPoint"",""coordinates"":[]}"
20020620,2002-06-20,12.911467110903903,"{""type"":""MultiPoint"",""coordinates"":[]}"
20020621,2002-06-21,10.73959044399181,"{""type"":""MultiPoint"",""coordinates"":[]}"
20020622,2002-06-22,6.7530030244773975,"{""type"":""MultiPoint"",""coordinates"":[]}"
20020623,2002-06-23,6.160678099268481,"{""type"":""MultiPoint"",""coordinates"":[]}"
20020624,2002-06-24,3.4060388981472265,"{""type"":""MultiPoint"",""coordinates"":[]}"
20020625,2002-06-25,0.03459238913815497,"{""type"":""MultiPoint"",""coordinates"":[]}"
20020626,2002-06-26,0.0,"{""type"":""MultiPoint"",""coordinates"":[]}"
20020627,2002-06-27,0.38195230197595403,"{""type"":""MultiPoint"",""coordinates"":[]}"
20020628,2002-06-28,0.04824422831973512,"{""type"":""MultiPoint"",""coordinates"":[]}"
20020629,2002-06-29,0.7638755907719476,"{""type"":""MultiPoint"",""coordinates"":[]}"
20020630,2002-06-30,0.5181179480058276,"{""type"":""MultiPoint"",""coordinates"":[]}"
20020701,2002-07-01,0.02279286675820098,"{""type"":""MultiPoint"",""coordinates"":[]}"
20020702,2002-07-02,0.8370165286557816,"{""type"":""MultiPoint"",""coordinates"":[]}"
20020703,2002-07-03,7.17756106114441,"{""type"":""MultiPoint"",""coordinates"":[]}"
20020704,2002-07-04,0.28911994025644927,"{""type"":""MultiPoint"",""coordinates"":[]}"
20020705,2002-07-05,0.0,"{""type"":""MultiPoint"",""coordinates"":[]}"
20020706,2002-07-06,0.0,"{""type"":""MultiPoint"",""coordinates"":[]}"
20020707,2002-07-07,0.21378709997635043,"{""type"":""MultiPoint"",""coordinates"":[]}"
20020708,2002-07-08,0.0,"{""type"":""MultiPoint"",""coordinates"":[]}"
20020709,2002-07-09,0.0,"{""type"":""MultiPoint"",""coordinates"":[]}"
20020710,2002-07-10,2.1301710446917363,"{""type"":""MultiPoint"",""coordinates"":[]}"
20020711,2002-07-11,0.23898198120116187,"{""type"":""MultiPoint"",""coordinates"":[]}"
20020712,2002-07-12,2.225780834674826,"{""type"":""MultiPoint"",""coordinates"":[]}"
20020713,2002-07-13,0.0,"{""type"":""MultiPoint"",""coordinates"":[]}"
20020714,2002-07-14,0.27795585404862533,"{""type"":""MultiPoint"",""coordinates"":[]}"
20020715,2002-07-15,13.408808795162807,"{""type"":""MultiPoint"",""coordinates"":[]}"
20020716,2002-07-16,14.276448640959165,"{""type"":""MultiPoint"",""coordinates"":[]}"
20020717,2002-07-17,22.533132706717645,"{""type"":""MultiPoint"",""coordinates"":[]}"
20020718,2002-07-18,2.8507992778435787,"{""type"":""MultiPoint"",""coordinates"":[]}"
20020719,2002-07-19,0.0,"{""type"":""MultiPoint"",""coordinates"":[]}"
20020720,2002-07-20,0.09599942010039,"{""type"":""MultiPoint"",""coordinates"":[]}"
20020721,2002-07-21,2.7734321283640933,"{""type"":""MultiPoint"",""coordinates"":[]}"
20020722,2002-07-22,2.5834108027128786,"{""type"":""MultiPoint"",""coordinates"":[]}"
20020723,2002-07-23,2.5675907971779166,"{""type"":""MultiPoint"",""coordinates"":[]}"
20020724,2002-07-24,12.962813505631056,"{""type"":""MultiPoint"",""coordinates"":[]}"
20020725,2002-07-25,0.0,"{""type"":""MultiPoint"",""coordinates"":[]}"
20020726,2002-07-26,0.0,"{""type"":""MultiPoint"",""coordinates"":[]}"
20020727,2002-07-27,0.08215765228753695,"{""type"":""MultiPoint"",""coordinates"":[]}"
20020728,2002-07-28,1.6328670898143132,"{""type"":""MultiPoint"",""coordinates"":[]}"
20020729,2002-07-29,7.194681997897646,"{""type"":""MultiPoint"",""coordinates"":[]}"
20020730,2002-07-30,22.38873605474435,"{""type"":""MultiPoint"",""coordinates"":[]}"
20020731,2002-07-31,11.60835658086637,"{""type"":""MultiPoint"",""coordinates"":[]}"
20020801,2002-08-01,0.0,"{""type"":""MultiPoint"",""coordinates"":[]}"
20020802,2002-08-02,10.140399566833189,"{""type"":""MultiPoint"",""coordinates"":[]}"
20020803,2002-08-03,9.611651247477171,"{""type"":""MultiPoint"",""coordinates"":[]}"
20020804,2002-08-04,15.642643335815745,"{""type"":""MultiPoint"",""coordinates"":[]}"
20020805,2002-08-05,10.047675269286819,"{""type"":""MultiPoint"",""coordinates"":[]}"
20020806,2002-08-06,7.27455621773719,"{""type"":""MultiPoint"",""coordinates"":[]}"
20020807,2002-08-07,22.008094837578902,"{""type"":""MultiPoint"",""coordinates"":[]}"
20020808,2002-08-08,18.506163884108904,"{""type"":""MultiPoint"",""coordinates"":[]}"
20020809,2002-08-09,7.631197310683778,"{""type"":""MultiPoint"",""coordinates"":[]}"
20020810,2002-08-10,0.09671549856020319,"{""type"":""MultiPoint"",""coordinates"":[]}"
20020811,2002-08-11,1.3296860609179852,"{""type"":""MultiPoint"",""coordinates"":[]}"
20020812,2002-08-12,28.49094323371075,"{""type"":""MultiPoint"",""coordinates"":[]}"
20020813,2002-08-13,6.517284169256784,"{""type"":""MultiPoint"",""coordinates"":[]}"
20020814,2002-08-14,2.3692391297624327,"{""type"":""MultiPoint"",""coordinates"":[]}"
20020815,2002-08-15,0.5103747475669868,"{""type"":""MultiPoint"",""coordinates"":[]}"
20020816,2002-08-16,0.10615233314888918,"{""type"":""MultiPoint"",""coordinates"":[]}"
20020817,2002-08-17,1.7288854694757447,"{""type"":""MultiPoint"",""coordinates"":[]}"
20020818,2002-08-18,0.5221653197109064,"{""type"":""MultiPoint"",""coordinates"":[]}"
20020819,2002-08-19,0.0,"{""type"":""MultiPoint"",""coordinates"":[]}"
20020820,2002-08-20,4.414198619036231,"{""type"":""MultiPoint"",""coordinates"":[]}"
20020821,2002-08-21,6.32921476744763,"{""type"":""MultiPoint"",""coordinates"":[]}"
20020822,2002-08-22,18.73298064728134,"{""type"":""MultiPoint"",""coordinates"":[]}"
20020823,2002-08-23,5.043943157167196,"{""type"":""MultiPoint"",""coordinates"":[]}"
20020824,2002-08-24,0.0,"{""type"":""MultiPoint"",""coordinates"":[]}"
20020825,2002-08-25,0.7095169753598877,"{""type"":""MultiPoint"",""coordinates"":[]}"
20020826,2002-08-26,5.119858133377463,"{""type"":""MultiPoint"",""coordinates"":[]}"
20020827,2002-08-27,13.92129709639998,"{""type"":""MultiPoint"",""coordinates"":[]}"
20020828,2002-08-28,14.903498062623651,"{""type"":""MultiPoint"",""coordinates"":[]}"
20020829,2002-08-29,21.4404701885809,"{""type"":""MultiPoint"",""coordinates"":[]}"
20020830,2002-08-30,4.537902925125327,"{""type"":""MultiPoint"",""coordinates"":[]}"
20020831,2002-08-31,16.61386964379679,"{""type"":""MultiPoint"",""coordinates"":[]}"
20020901,2002-09-01,9.494212038151405,"{""type"":""MultiPoint"",""coordinates"":[]}"
20020902,2002-09-02,2.6990191119587816,"{""type"":""MultiPoint"",""coordinates"":[]}"
20020903,2002-09-03,18.218541822927662,"{""type"":""MultiPoint"",""coordinates"":[]}"
20020904,2002-09-04,14.443305511046221,"{""type"":""MultiPoint"",""coordinates"":[]}"
20020905,2002-09-05,4.273215941118018,"{""type"":""MultiPoint"",""coordinates"":[]}"
20020906,2002-09-06,3.521467543363799,"{""type"":""MultiPoint"",""coordinates"":[]}"
20020907,2002-09-07,0.0,"{""type"":""MultiPoint"",""coordinates"":[]}"
20020908,2002-09-08,0.2873621671677856,"{""type"":""MultiPoint"",""coordinates"":[]}"
20020909,2002-09-09,0.0,"{""type"":""MultiPoint"",""coordinates"":[]}"
20020910,2002-09-10,0.7688502379121581,"{""type"":""MultiPoint"",""coordinates"":[]}"
20020911,2002-09-11,0.47118884583709714,"{""type"":""MultiPoint"",""coordinates"":[]}"
20020912,2002-09-12,0.07358490966442557,"{""type"":""MultiPoint"",""coordinates"":[]}"
20020913,2002-09-13,2.265723754798721,"{""type"":""MultiPoint"",""coordinates"":[]}"
20020914,2002-09-14,4.60798014255799,"{""type"":""MultiPoint"",""coordinates"":[]}"
20020915,2002-09-15,4.54676626361794,"{""type"":""MultiPoint"",""coordinates"":[]}"
20020916,2002-09-16,0.812676971224066,"{""type"":""MultiPoint"",""coordinates"":[]}"
20020917,2002-09-17,0.05695289515942385,"{""type"":""MultiPoint"",""coordinates"":[]}"
20020918,2002-09-18,0.3635269890086364,"{""type"":""MultiPoint"",""coordinates"":[]}"
20020919,2002-09-19,1.4492482796865467,"{""type"":""MultiPoint"",""coordinates"":[]}"
20020920,2002-09-20,2.7751504588916447,"{""type"":""MultiPoint"",""coordinates"":[]}"
20020921,2002-09-21,3.67224965138428,"{""type"":""MultiPoint"",""coordinates"":[]}"
20020922,2002-09-22,2.2307810758963176,"{""type"":""MultiPoint"",""coordinates"":[]}"
20020923,2002-09-23,0.0,"{""type"":""MultiPoint"",""coordinates"":[]}"
20020924,2002-09-24,1.361464271727973,"{""type"":""MultiPoint"",""coordinates"":[]}"
20020925,2002-09-25,0.8454026974895794,"{""type"":""MultiPoint"",""coordinates"":[]}"
20020926,2002-09-26,0.0,"{""type"":""MultiPoint"",""coordinates"":[]}"
20020927,2002-09-27,2.9125336073004826,"{""type"":""MultiPoint"",""coordinates"":[]}"
20020928,2002-09-28,0.0,"{""type"":""MultiPoint"",""coordinates"":[]}"
20020929,2002-09-29,0.060217428942848567,"{""type"":""MultiPoint"",""coordinates"":[]}"
20020930,2002-09-30,0.24501256818833803,"{""type"":""MultiPoint"",""coordinates"":[]}"
20021001,2002-10-01,0.03605265647219568,"{""type"":""MultiPoint"",""coordinates"":[]}"
20021002,2002-10-02,2.6461706421974576,"{""type"":""MultiPoint"",""coordinates"":[]}"
20021003,2002-10-03,0.04765464557260595,"{""type"":""MultiPoint"",""coordinates"":[]}"
20021004,2002-10-04,0.0,"{""type"":""MultiPoint"",""coordinates"":[]}"
20021005,2002-10-05,0.0,"{""type"":""MultiPoint"",""coordinates"":[]}"
20021006,2002-10-06,0.8442274097537726,"{""type"":""MultiPoint"",""coordinates"":[]}"
20021007,2002-10-07,1.1963310516593444,"{""type"":""MultiPoint"",""coordinates"":[]}"
20021008,2002-10-08,2.076283180211004,"{""type"":""MultiPoint"",""coordinates"":[]}"
20021009,2002-10-09,6.176707495086299,"{""type"":""MultiPoint"",""coordinates"":[]}"
20021010,2002-10-10,19.923454286565065,"{""type"":""MultiPoint"",""coordinates"":[]}"
20021011,2002-10-11,16.368175896415035,"{""type"":""MultiPoint"",""coordinates"":[]}"
20021012,2002-10-12,22.122887129123484,"{""type"":""MultiPoint"",""coordinates"":[]}"
20021013,2002-10-13,24.992211053426566,"{""type"":""MultiPoint"",""coordinates"":[]}"
20021014,2002-10-14,29.409763312743923,"{""type"":""MultiPoint"",""coordinates"":[]}"
20021015,2002-10-15,24.53467572379396,"{""type"":""MultiPoint"",""coordinates"":[]}"
20021016,2002-10-16,5.864168736882586,"{""type"":""MultiPoint"",""coordinates"":[]}"
20021017,2002-10-17,4.0049015116183435,"{""type"":""MultiPoint"",""coordinates"":[]}"
20021018,2002-10-18,12.861899725905113,"{""type"":""MultiPoint"",""coordinates"":[]}"
20021019,2002-10-19,0.0,"{""type"":""MultiPoint"",""coordinates"":[]}"
20021020,2002-10-20,0.9802789363502901,"{""type"":""MultiPoint"",""coordinates"":[]}"
20021021,2002-10-21,6.987161548256067,"{""type"":""MultiPoint"",""coordinates"":[]}"
20021022,2002-10-22,11.349135276373653,"{""type"":""MultiPoint"",""coordinates"":[]}"
20021023,2002-10-23,12.665505170493711,"{""type"":""MultiPoint"",""coordinates"":[]}"
20021024,2002-10-24,16.065336565650927,"{""type"":""MultiPoint"",""coordinates"":[]}"
20021025,2002-10-25,3.390214498177749,"{""type"":""MultiPoint"",""coordinates"":[]}"
20021026,2002-10-26,8.755420731437692,"{""type"":""MultiPoint"",""coordinates"":[]}"
20021027,2002-10-27,0.8449361197294567,"{""type"":""MultiPoint"",""coordinates"":[]}"
20021028,2002-10-28,1.2316246705183576,"{""type"":""MultiPoint"",""coordinates"":[]}"
20021029,2002-10-29,0.0,"{""type"":""MultiPoint"",""coordinates"":[]}"
20021030,2002-10-30,0.3196743053052953,"{""type"":""MultiPoint"",""coordinates"":[]}"
20021031,2002-10-31,1.0150739197040606,"{""type"":""MultiPoint"",""coordinates"":[]}"
20021101,2002-11-01,0.08137827994459859,"{""type"":""MultiPoint"",""coordinates"":[]}"
20021102,2002-11-02,0.0,"{""type"":""MultiPoint"",""coordinates"":[]}"
20021103,2002-11-03,0.0,"{""type"":""MultiPoint"",""coordinates"":[]}"
20021104,2002-11-04,0.0,"{""type"":""MultiPoint"",""coordinates"":[]}"
20021105,2002-11-05,0.0,"{""type"":""MultiPoint"",""coordinates"":[]}"
20021106,2002-11-06,1.5131776694327201,"{""type"":""MultiPoint"",""coordinates"":[]}"
20021107,2002-11-07,0.40677680355758056,"{""type"":""MultiPoint"",""coordinates"":[]}"
20021108,2002-11-08,0.6775234823527104,"{""type"":""MultiPoint"",""coordinates"":[]}"
20021109,2002-11-09,1.8801294121223788,"{""type"":""MultiPoint"",""coordinates"":[]}"
20021110,2002-11-10,13.228869089374724,"{""type"":""MultiPoint"",""coordinates"":[]}"
20021111,2002-11-11,9.378576837965678,"{""type"":""MultiPoint"",""coordinates"":[]}"
20021112,2002-11-12,0.0,"{""type"":""MultiPoint"",""coordinates"":[]}"
20021113,2002-11-13,0.0,"{""type"":""MultiPoint"",""coordinates"":[]}"
20021114,2002-11-14,0.0,"{""type"":""MultiPoint"",""coordinates"":[]}"
20021115,2002-11-15,0.0,"{""type"":""MultiPoint"",""coordinates"":[]}"
20021116,2002-11-16,0.0,"{""type"":""MultiPoint"",""coordinates"":[]}"
20021117,2002-11-17,0.02417270900074939,"{""type"":""MultiPoint"",""coordinates"":[]}"
20021118,2002-11-18,4.664824215610239,"{""type"":""MultiPoint"",""coordinates"":[]}"
20021119,2002-11-19,0.48676610766925654,"{""type"":""MultiPoint"",""coordinates"":[]}"
20021120,2002-11-20,0.0,"{""type"":""MultiPoint"",""coordinates"":[]}"
20021121,2002-11-21,0.0,"{""type"":""MultiPoint"",""coordinates"":[]}"
20021122,2002-11-22,0.13553656624235272,"{""type"":""MultiPoint"",""coordinates"":[]}"
20021123,2002-11-23,3.3090861747101905,"{""type"":""MultiPoint"",""coordinates"":[]}"
20021124,2002-11-24,0.46842539923002796,"{""type"":""MultiPoint"",""coordinates"":[]}"
20021125,2002-11-25,0.04566052240009398,"{""type"":""MultiPoint"",""coordinates"":[]}"
20021126,2002-11-26,0.0,"{""type"":""MultiPoint"",""coordinates"":[]}"
20021127,2002-11-27,0.0,"{""type"":""MultiPoint"",""coordinates"":[]}"
20021128,2002-11-28,0.0,"{""type"":""MultiPoint"",""coordinates"":[]}"
20021129,2002-11-29,0.0,"{""type"":""MultiPoint"",""coordinates"":[]}"
20021130,2002-11-30,0.0,"{""type"":""MultiPoint"",""coordinates"":[]}"
20021201,2002-12-01,0.0,"{""type"":""MultiPoint"",""coordinates"":[]}"
20021202,2002-12-02,0.0,"{""type"":""MultiPoint"",""coordinates"":[]}"
20021203,2002-12-03,0.0,"{""type"":""MultiPoint"",""coordinates"":[]}"
20021204,2002-12-04,0.40851440688685065,"{""type"":""MultiPoint"",""coordinates"":[]}"
20021205,2002-12-05,0.056427613774065716,"{""type"":""MultiPoint"",""coordinates"":[]}"
20021206,2002-12-06,1.0599666317474605,"{""type"":""MultiPoint"",""coordinates"":[]}"
20021207,2002-12-07,0.42533600300489066,"{""type"":""MultiPoint"",""coordinates"":[]}"
20021208,2002-12-08,0.17550338881183528,"{""type"":""MultiPoint"",""coordinates"":[]}"
20021209,2002-12-09,0.04789328249055397,"{""type"":""MultiPoint"",""coordinates"":[]}"
20021210,2002-12-10,0.04789328249055397,"{""type"":""MultiPoint"",""coordinates"":[]}"
20021211,2002-12-11,3.0496404104917043,"{""type"":""MultiPoint"",""coordinates"":[]}"
20021212,2002-12-12,0.0,"{""type"":""MultiPoint"",""coordinates"":[]}"
20021213,2002-12-13,0.0,"{""type"":""MultiPoint"",""coordinates"":[]}"
20021214,2002-12-14,0.022001374818609802,"{""type"":""MultiPoint"",""coordinates"":[]}"
20021215,2002-12-15,0.06480274112626754,"{""type"":""MultiPoint"",""coordinates"":[]}"
20021216,2002-12-16,0.0,"{""type"":""MultiPoint"",""coordinates"":[]}"
20021217,2002-12-17,0.03534042101361044,"{""type"":""MultiPoint"",""coordinates"":[]}"
20021218,2002-12-18,0.0,"{""type"":""MultiPoint"",""coordinates"":[]}"
20021219,2002-12-19,0.0,"{""type"":""MultiPoint"",""coordinates"":[]}"
20021220,2002-12-20,0.0,"{""type"":""MultiPoint"",""coordinates"":[]}"
20021221,2002-12-21,0.0,"{""type"":""MultiPoint"",""coordinates"":[]}"
20021222,2002-12-22,0.0,"{""type"":""MultiPoint"",""coordinates"":[]}"
20021223,2002-12-23,0.0,"{""type"":""MultiPoint"",""coordinates"":[]}"
20021224,2002-12-24,0.0,"{""type"":""MultiPoint"",""coordinates"":[]}"
20021225,2002-12-25,0.0,"{""type"":""MultiPoint"",""coordinates"":[]}"
20021226,2002-12-26,0.0,"{""type"":""MultiPoint"",""coordinates"":[]}"
20021227,2002-12-27,0.0,"{""type"":""MultiPoint"",""coordinates"":[]}"
20021228,2002-12-28,0.0,"{""type"":""MultiPoint"",""coordinates"":[]}"
20021229,2002-12-29,0.0,"{""type"":""MultiPoint"",""coordinates"":[]}"
20021230,2002-12-30,0.0,"{""type"":""MultiPoint"",""coordinates"":[]}"
20021231,2002-12-31,0.05326728228656247,"{""type"":""MultiPoint"",""coordinates"":[]}"
20030101,2003-01-01,0.13207952289884628,"{""type"":""MultiPoint"",""coordinates"":[]}"
20030102,2003-01-02,0.1501764029244087,"{""type"":""MultiPoint"",""coordinates"":[]}"
20030103,2003-01-03,0.0,"{""type"":""MultiPoint"",""coordinates"":[]}"
20030104,2003-01-04,0.0,"{""type"":""MultiPoint"",""coordinates"":[]}"
20030105,2003-01-05,0.0,"{""type"":""MultiPoint"",""coordinates"":[]}"
20030106,2003-01-06,0.0,"{""type"":""MultiPoint"",""coordinates"":[]}"
20030107,2003-01-07,0.0,"{""type"":""MultiPoint"",""coordinates"":[]}"
20030108,2003-01-08,0.0,"{""type"":""MultiPoint"",""coordinates"":[]}"
20030109,2003-01-09,0.0,"{""type"":""MultiPoint"",""coordinates"":[]}"
20030110,2003-01-10,0.0,"{""type"":""MultiPoint"",""coordinates"":[]}"
20030111,2003-01-11,0.0,"{""type"":""MultiPoint"",""coordinates"":[]}"
20030112,2003-01-12,0.0,"{""type"":""MultiPoint"",""coordinates"":[]}"
20030113,2003-01-13,0.2008352485919147,"{""type"":""MultiPoint"",""coordinates"":[]}"
20030114,2003-01-14,0.0682612801037471,"{""type"":""MultiPoint"",""coordinates"":[]}"
20030115,2003-01-15,1.1312069904700708,"{""type"":""MultiPoint"",""coordinates"":[]}"
20030116,2003-01-16,3.4188222473769296,"{""type"":""MultiPoint"",""coordinates"":[]}"
20030117,2003-01-17,0.0,"{""type"":""MultiPoint"",""coordinates"":[]}"
20030118,2003-01-18,0.0,"{""type"":""MultiPoint"",""coordinates"":[]}"
20030119,2003-01-19,0.0,"{""type"":""MultiPoint"",""coordinates"":[]}"
20030120,2003-01-20,9.10998617812649E-5,"{""type"":""MultiPoint"",""coordinates"":[]}"
20030121,2003-01-21,0.0,"{""type"":""MultiPoint"",""coordinates"":[]}"
20030122,2003-01-22,0.0,"{""type"":""MultiPoint"",""coordinates"":[]}"
20030123,2003-01-23,0.0,"{""type"":""MultiPoint"",""coordinates"":[]}"
20030124,2003-01-24,0.0,"{""type"":""MultiPoint"",""coordinates"":[]}"
20030125,2003-01-25,0.0,"{""type"":""MultiPoint"",""coordinates"":[]}"
20030126,2003-01-26,0.0,"{""type"":""MultiPoint"",""coordinates"":[]}"
20030127,2003-01-27,0.0,"{""type"":""MultiPoint"",""coordinates"":[]}"
20030128,2003-01-28,0.0,"{""type"":""MultiPoint"",""coordinates"":[]}"
20030129,2003-01-29,0.0,"{""type"":""MultiPoint"",""coordinates"":[]}"
20030130,2003-01-30,0.0,"{""type"":""MultiPoint"",""coordinates"":[]}"
20030131,2003-01-31,0.0,"{""type"":""MultiPoint"",""coordinates"":[]}"
20030201,2003-02-01,0.0,"{""type"":""MultiPoint"",""coordinates"":[]}"
20030202,2003-02-02,0.0,"{""type"":""MultiPoint"",""coordinates"":[]}"
20030203,2003-02-03,0.0,"{""type"":""MultiPoint"",""coordinates"":[]}"
20030204,2003-02-04,0.0,"{""type"":""MultiPoint"",""coordinates"":[]}"
20030205,2003-02-05,0.0,"{""type"":""MultiPoint"",""coordinates"":[]}"
20030206,2003-02-06,0.0,"{""type"":""MultiPoint"",""coordinates"":[]}"
20030207,2003-02-07,0.0,"{""type"":""MultiPoint"",""coordinates"":[]}"
20030208,2003-02-08,0.0,"{""type"":""MultiPoint"",""coordinates"":[]}"
20030209,2003-02-09,0.0,"{""type"":""MultiPoint"",""coordinates"":[]}"
20030210,2003-02-10,0.0,"{""type"":""MultiPoint"",""coordinates"":[]}"
20030211,2003-02-11,0.0,"{""type"":""MultiPoint"",""coordinates"":[]}"
20030212,2003-02-12,0.0,"{""type"":""MultiPoint"",""coordinates"":[]}"
20030213,2003-02-13,0.0,"{""type"":""MultiPoint"",""coordinates"":[]}"
20030214,2003-02-14,0.0,"{""type"":""MultiPoint"",""coordinates"":[]}"
20030215,2003-02-15,0.9349721154349669,"{""type"":""MultiPoint"",""coordinates"":[]}"
20030216,2003-02-16,0.6155965118643213,"{""type"":""MultiPoint"",""coordinates"":[]}"
20030217,2003-02-17,1.0437188315295374,"{""type"":""MultiPoint"",""coordinates"":[]}"
20030218,2003-02-18,0.06548530704567493,"{""type"":""MultiPoint"",""coordinates"":[]}"
20030219,2003-02-19,0.0,"{""type"":""MultiPoint"",""coordinates"":[]}"
20030220,2003-02-20,0.673692537497312,"{""type"":""MultiPoint"",""coordinates"":[]}"
20030221,2003-02-21,0.5548918091172742,"{""type"":""MultiPoint"",""coordinates"":[]}"
20030222,2003-02-22,0.0,"{""type"":""MultiPoint"",""coordinates"":[]}"
20030223,2003-02-23,0.0,"{""type"":""MultiPoint"",""coordinates"":[]}"
20030224,2003-02-24,0.39408587406816675,"{""type"":""MultiPoint"",""coordinates"":[]}"
20030225,2003-02-25,0.02261578613414436,"{""type"":""MultiPoint"",""coordinates"":[]}"
20030226,2003-02-26,0.0,"{""type"":""MultiPoint"",""coordinates"":[]}"
20030227,2003-02-27,0.0,"{""type"":""MultiPoint"",""coordinates"":[]}"
20030228,2003-02-28,0.0,"{""type"":""MultiPoint"",""coordinates"":[]}"
20030301,2003-03-01,0.0,"{""type"":""MultiPoint"",""coordinates"":[]}"
20030302,2003-03-02,0.0,"{""type"":""MultiPoint"",""coordinates"":[]}"
20030303,2003-03-03,0.0,"{""type"":""MultiPoint"",""coordinates"":[]}"
20030304,2003-03-04,0.0,"{""type"":""MultiPoint"",""coordinates"":[]}"
20030305,2003-03-05,0.0,"{""type"":""MultiPoint"",""coordinates"":[]}"
20030306,2003-03-06,0.0,"{""type"":""MultiPoint"",""coordinates"":[]}"
20030307,2003-03-07,0.0,"{""type"":""MultiPoint"",""coordinates"":[]}"
20030308,2003-03-08,0.0,"{""type"":""MultiPoint"",""coordinates"":[]}"
20030309,2003-03-09,0.0,"{""type"":""MultiPoint"",""coordinates"":[]}"
20030310,2003-03-10,0.0,"{""type"":""MultiPoint"",""coordinates"":[]}"
20030311,2003-03-11,0.0,"{""type"":""MultiPoint"",""coordinates"":[]}"
20030312,2003-03-12,0.0,"{""type"":""MultiPoint"",""coordinates"":[]}"
20030313,2003-03-13,0.4819019134129414,"{""type"":""MultiPoint"",""coordinates"":[]}"
20030314,2003-03-14,0.09972906673324257,"{""type"":""MultiPoint"",""coordinates"":[]}"
20030315,2003-03-15,0.10831483901033127,"{""type"":""MultiPoint"",""coordinates"":[]}"
20030316,2003-03-16,1.4339253994557188,"{""type"":""MultiPoint"",""coordinates"":[]}"
20030317,2003-03-17,6.204102436824959,"{""type"":""MultiPoint"",""coordinates"":[]}"
20030318,2003-03-18,0.22676136971883734,"{""type"":""MultiPoint"",""coordinates"":[]}"
20030319,2003-03-19,0.0,"{""type"":""MultiPoint"",""coordinates"":[]}"
20030320,2003-03-20,0.0,"{""type"":""MultiPoint"",""coordinates"":[]}"
20030321,2003-03-21,0.04979249840959176,"{""type"":""MultiPoint"",""coordinates"":[]}"
20030322,2003-03-22,0.0,"{""type"":""MultiPoint"",""coordinates"":[]}"
20030323,2003-03-23,0.0,"{""type"":""MultiPoint"",""coordinates"":[]}"
20030324,2003-03-24,0.0,"{""type"":""MultiPoint"",""coordinates"":[]}"
20030325,2003-03-25,0.0,"{""type"":""MultiPoint"",""coordinates"":[]}"
20030326,2003-03-26,0.0,"{""type"":""MultiPoint"",""coordinates"":[]}"
20030327,2003-03-27,0.0,"{""type"":""MultiPoint"",""coordinates"":[]}"
20030328,2003-03-28,0.0,"{""type"":""MultiPoint"",""coordinates"":[]}"
20030329,2003-03-29,0.0,"{""type"":""MultiPoint"",""coordinates"":[]}"
20030330,2003-03-30,0.0,"{""type"":""MultiPoint"",""coordinates"":[]}"
20030331,2003-03-31,0.0,"{""type"":""MultiPoint"",""coordinates"":[]}"
20030401,2003-04-01,0.0,"{""type"":""MultiPoint"",""coordinates"":[]}"
20030402,2003-04-02,0.0,"{""type"":""MultiPoint"",""coordinates"":[]}"
20030403,2003-04-03,2.458606032418534,"{""type"":""MultiPoint"",""coordinates"":[]}"
20030404,2003-04-04,0.25615990356794244,"{""type"":""MultiPoint"",""coordinates"":[]}"
20030405,2003-04-05,0.018453555151364636,"{""type"":""MultiPoint"",""coordinates"":[]}"
20030406,2003-04-06,0.0,"{""type"":""MultiPoint"",""coordinates"":[]}"
20030407,2003-04-07,0.20323815280390736,"{""type"":""MultiPoint"",""coordinates"":[]}"
20030408,2003-04-08,0.0,"{""type"":""MultiPoint"",""coordinates"":[]}"
20030409,2003-04-09,0.0410168664277634,"{""type"":""MultiPoint"",""coordinates"":[]}"
20030410,2003-04-10,1.034926350374913,"{""type"":""MultiPoint"",""coordinates"":[]}"
20030411,2003-04-11,0.0,"{""type"":""MultiPoint"",""coordinates"":[]}"
20030412,2003-04-12,0.43891428905626695,"{""type"":""MultiPoint"",""coordinates"":[]}"
20030413,2003-04-13,0.11131595965902562,"{""type"":""MultiPoint"",""coordinates"":[]}"
20030414,2003-04-14,0.0,"{""type"":""MultiPoint"",""coordinates"":[]}"
20030415,2003-04-15,0.09285912285214941,"{""type"":""MultiPoint"",""coordinates"":[]}"
20030416,2003-04-16,0.16435011727160012,"{""type"":""MultiPoint"",""coordinates"":[]}"
20030417,2003-04-17,0.0,"{""type"":""MultiPoint"",""coordinates"":[]}"
20030418,2003-04-18,0.0,"{""type"":""MultiPoint"",""coordinates"":[]}"
20030419,2003-04-19,0.0,"{""type"":""MultiPoint"",""coordinates"":[]}"
20030420,2003-04-20,0.0,"{""type"":""MultiPoint"",""coordinates"":[]}"
20030421,2003-04-21,0.06153272452612249,"{""type"":""MultiPoint"",""coordinates"":[]}"
20030422,2003-04-22,0.0,"{""type"":""MultiPoint"",""coordinates"":[]}"
20030423,2003-04-23,2.2753735037920864,"{""type"":""MultiPoint"",""coordinates"":[]}"
20030424,2003-04-24,0.23892674389035587,"{""type"":""MultiPoint"",""coordinates"":[]}"
20030425,2003-04-25,0.0,"{""type"":""MultiPoint"",""coordinates"":[]}"
20030426,2003-04-26,0.0,"{""type"":""MultiPoint"",""coordinates"":[]}"
20030427,2003-04-27,0.0,"{""type"":""MultiPoint"",""coordinates"":[]}"
20030428,2003-04-28,0.0,"{""type"":""MultiPoint"",""coordinates"":[]}"
20030429,2003-04-29,0.0,"{""type"":""MultiPoint"",""coordinates"":[]}"
20030430,2003-04-30,0.0,"{""type"":""MultiPoint"",""coordinates"":[]}"
20030501,2003-05-01,0.1329067580986692,"{""type"":""MultiPoint"",""coordinates"":[]}"
20030502,2003-05-02,0.0,"{""type"":""MultiPoint"",""coordinates"":[]}"
20030503,2003-05-03,0.0,"{""type"":""MultiPoint"",""coordinates"":[]}"
20030504,2003-05-04,0.0,"{""type"":""MultiPoint"",""coordinates"":[]}"
20030505,2003-05-05,0.9485048398780487,"{""type"":""MultiPoint"",""coordinates"":[]}"
20030506,2003-05-06,0.0,"{""type"":""MultiPoint"",""coordinates"":[]}"
20030507,2003-05-07,1.7624389959765328,"{""type"":""MultiPoint"",""coordinates"":[]}"
20030508,2003-05-08,0.04829609963726201,"{""type"":""MultiPoint"",""coordinates"":[]}"
20030509,2003-05-09,0.027207451891023093,"{""type"":""MultiPoint"",""coordinates"":[]}"
20030510,2003-05-10,0.13945527231904264,"{""type"":""MultiPoint"",""coordinates"":[]}"
20030511,2003-05-11,0.3658356183943233,"{""type"":""MultiPoint"",""coordinates"":[]}"
20030512,2003-05-12,0.4186091278732941,"{""type"":""MultiPoint"",""coordinates"":[]}"
20030513,2003-05-13,5.233182796786834,"{""type"":""MultiPoint"",""coordinates"":[]}"
20030514,2003-05-14,5.115060186530099,"{""type"":""MultiPoint"",""coordinates"":[]}"
20030515,2003-05-15,5.2848268918934975,"{""type"":""MultiPoint"",""coordinates"":[]}"
20030516,2003-05-16,1.362478641049906,"{""type"":""MultiPoint"",""coordinates"":[]}"
20030517,2003-05-17,0.3098778799424192,"{""type"":""MultiPoint"",""coordinates"":[]}"
20030518,2003-05-18,0.0,"{""type"":""MultiPoint"",""coordinates"":[]}"
20030519,2003-05-19,0.0,"{""type"":""MultiPoint"",""coordinates"":[]}"
20030520,2003-05-20,0.0,"{""type"":""MultiPoint"",""coordinates"":[]}"
20030521,2003-05-21,0.10203153313411004,"{""type"":""MultiPoint"",""coordinates"":[]}"
20030522,2003-05-22,0.0,"{""type"":""MultiPoint"",""coordinates"":[]}"
20030523,2003-05-23,1.9234495680958974,"{""type"":""MultiPoint"",""coordinates"":[]}"
20030524,2003-05-24,0.09500067420700421,"{""type"":""MultiPoint"",""coordinates"":[]}"
20030525,2003-05-25,0.2895168946831897,"{""type"":""MultiPoint"",""coordinates"":[]}"
20030526,2003-05-26,0.0,"{""type"":""MultiPoint"",""coordinates"":[]}"
20030527,2003-05-27,0.0,"{""type"":""MultiPoint"",""coordinates"":[]}"
20030528,2003-05-28,0.0,"{""type"":""MultiPoint"",""coordinates"":[]}"
20030529,2003-05-29,0.0,"{""type"":""MultiPoint"",""coordinates"":[]}"
20030530,2003-05-30,0.3166046238536231,"{""type"":""MultiPoint"",""coordinates"":[]}"
20030531,2003-05-31,0.2734075641508061,"{""type"":""MultiPoint"",""coordinates"":[]}"
20030601,2003-06-01,0.400609978779452,"{""type"":""MultiPoint"",""coordinates"":[]}"
20030602,2003-06-02,0.9357825146539341,"{""type"":""MultiPoint"",""coordinates"":[]}"
20030603,2003-06-03,0.0,"{""type"":""MultiPoint"",""coordinates"":[]}"
20030604,2003-06-04,0.0,"{""type"":""MultiPoint"",""coordinates"":[]}"
20030605,2003-06-05,0.25743052741040245,"{""type"":""MultiPoint"",""coordinates"":[]}"
20030606,2003-06-06,0.0,"{""type"":""MultiPoint"",""coordinates"":[]}"
20030607,2003-06-07,0.0,"{""type"":""MultiPoint"",""coordinates"":[]}"
20030608,2003-06-08,0.0,"{""type"":""MultiPoint"",""coordinates"":[]}"
20030609,2003-06-09,0.12228795987791591,"{""type"":""MultiPoint"",""coordinates"":[]}"
20030610,2003-06-10,3.4305486619287273,"{""type"":""MultiPoint"",""coordinates"":[]}"
20030611,2003-06-11,2.7110223201723853,"{""type"":""MultiPoint"",""coordinates"":[]}"
20030612,2003-06-12,4.713113571564405,"{""type"":""MultiPoint"",""coordinates"":[]}"
20030613,2003-06-13,7.995809816166436,"{""type"":""MultiPoint"",""coordinates"":[]}"
20030614,2003-06-14,12.257718009029503,"{""type"":""MultiPoint"",""coordinates"":[]}"
20030615,2003-06-15,7.400092956807968,"{""type"":""MultiPoint"",""coordinates"":[]}"
20030616,2003-06-16,0.9984466947381789,"{""type"":""MultiPoint"",""coordinates"":[]}"
20030617,2003-06-17,1.7829822532852506,"{""type"":""MultiPoint"",""coordinates"":[]}"
20030618,2003-06-18,10.957587786980374,"{""type"":""MultiPoint"",""coordinates"":[]}"
20030619,2003-06-19,7.946569283049202,"{""type"":""MultiPoint"",""coordinates"":[]}"
20030620,2003-06-20,1.3356665178344171,"{""type"":""MultiPoint"",""coordinates"":[]}"
20030621,2003-06-21,4.56415699931086,"{""type"":""MultiPoint"",""coordinates"":[]}"
20030622,2003-06-22,0.2119003465869355,"{""type"":""MultiPoint"",""coordinates"":[]}"
20030623,2003-06-23,3.646129805727621,"{""type"":""MultiPoint"",""coordinates"":[]}"
20030624,2003-06-24,14.011039742011096,"{""type"":""MultiPoint"",""coordinates"":[]}"
20030625,2003-06-25,2.019704522779441,"{""type"":""MultiPoint"",""coordinates"":[]}"
20030626,2003-06-26,1.9545936695197592,"{""type"":""MultiPoint"",""coordinates"":[]}"
20030627,2003-06-27,1.5630174255683251,"{""type"":""MultiPoint"",""coordinates"":[]}"
20030628,2003-06-28,5.745682233893752,"{""type"":""MultiPoint"",""coordinates"":[]}"
20030629,2003-06-29,5.696466839435163,"{""type"":""MultiPoint"",""coordinates"":[]}"
20030630,2003-06-30,13.046330251972039,"{""type"":""MultiPoint"",""coordinates"":[]}"
20030701,2003-07-01,6.366577437515233,"{""type"":""MultiPoint"",""coordinates"":[]}"
20030702,2003-07-02,6.288696137211166,"{""type"":""MultiPoint"",""coordinates"":[]}"
20030703,2003-07-03,16.848542433124106,"{""type"":""MultiPoint"",""coordinates"":[]}"
20030704,2003-07-04,17.107464315903417,"{""type"":""MultiPoint"",""coordinates"":[]}"
20030705,2003-07-05,16.780746410951906,"{""type"":""MultiPoint"",""coordinates"":[]}"
20030706,2003-07-06,14.696152461902281,"{""type"":""MultiPoint"",""coordinates"":[]}"
20030707,2003-07-07,0.5172075011037628,"{""type"":""MultiPoint"",""coordinates"":[]}"
20030708,2003-07-08,0.0,"{""type"":""MultiPoint"",""coordinates"":[]}"
20030709,2003-07-09,19.264962509648598,"{""type"":""MultiPoint"",""coordinates"":[]}"
20030710,2003-07-10,10.440429063851148,"{""type"":""MultiPoint"",""coordinates"":[]}"
20030711,2003-07-11,0.0,"{""type"":""MultiPoint"",""coordinates"":[]}"
20030712,2003-07-12,2.9291142509277326,"{""type"":""MultiPoint"",""coordinates"":[]}"
20030713,2003-07-13,5.138639075857657,"{""type"":""MultiPoint"",""coordinates"":[]}"
20030714,2003-07-14,20.61546785794824,"{""type"":""MultiPoint"",""coordinates"":[]}"
20030715,2003-07-15,14.257439232053345,"{""type"":""MultiPoint"",""coordinates"":[]}"
20030716,2003-07-16,6.118883540367638,"{""type"":""MultiPoint"",""coordinates"":[]}"
20030717,2003-07-17,19.72435807941605,"{""type"":""MultiPoint"",""coordinates"":[]}"
20030718,2003-07-18,12.774369555512447,"{""type"":""MultiPoint"",""coordinates"":[]}"
20030719,2003-07-19,0.1593499111292075,"{""type"":""MultiPoint"",""coordinates"":[]}"
20030720,2003-07-20,5.684234898144334,"{""type"":""MultiPoint"",""coordinates"":[]}"
20030721,2003-07-21,2.617862310851816,"{""type"":""MultiPoint"",""coordinates"":[]}"
20030722,2003-07-22,3.887368186438923,"{""type"":""MultiPoint"",""coordinates"":[]}"
20030723,2003-07-23,10.824349897392173,"{""type"":""MultiPoint"",""coordinates"":[]}"
20030724,2003-07-24,19.18308887783018,"{""type"":""MultiPoint"",""coordinates"":[]}"
20030725,2003-07-25,14.783466828839247,"{""type"":""MultiPoint"",""coordinates"":[]}"
20030726,2003-07-26,21.524465468044983,"{""type"":""MultiPoint"",""coordinates"":[]}"
20030727,2003-07-27,9.894247809756852,"{""type"":""MultiPoint"",""coordinates"":[]}"
20030728,2003-07-28,0.16843269166065872,"{""type"":""MultiPoint"",""coordinates"":[]}"
20030729,2003-07-29,3.4807776275306774,"{""type"":""MultiPoint"",""coordinates"":[]}"
20030730,2003-07-30,16.311115049985315,"{""type"":""MultiPoint"",""coordinates"":[]}"
20030731,2003-07-31,23.028905349904566,"{""type"":""MultiPoint"",""coordinates"":[]}"
20030801,2003-08-01,16.223051746998983,"{""type"":""MultiPoint"",""coordinates"":[]}"
20030802,2003-08-02,7.8294803604410435,"{""type"":""MultiPoint"",""coordinates"":[]}"
20030803,2003-08-03,0.0,"{""type"":""MultiPoint"",""coordinates"":[]}"
20030804,2003-08-04,2.1100097055981086,"{""type"":""MultiPoint"",""coordinates"":[]}"
20030805,2003-08-05,12.433198320430506,"{""type"":""MultiPoint"",""coordinates"":[]}"
20030806,2003-08-06,10.056329177292449,"{""type"":""MultiPoint"",""coordinates"":[]}"
20030807,2003-08-07,12.590345912562057,"{""type"":""MultiPoint"",""coordinates"":[]}"
20030808,2003-08-08,0.4322762241330735,"{""type"":""MultiPoint"",""coordinates"":[]}"
20030809,2003-08-09,5.085470639294847,"{""type"":""MultiPoint"",""coordinates"":[]}"
20030810,2003-08-10,22.326203289528916,"{""type"":""MultiPoint"",""coordinates"":[]}"
20030811,2003-08-11,3.7372794845163146,"{""type"":""MultiPoint"",""coordinates"":[]}"
20030812,2003-08-12,2.8460509949239277,"{""type"":""MultiPoint"",""coordinates"":[]}"
20030813,2003-08-13,3.7727342035565004,"{""type"":""MultiPoint"",""coordinates"":[]}"
20030814,2003-08-14,10.339462649068397,"{""type"":""MultiPoint"",""coordinates"":[]}"
20030815,2003-08-15,1.5923368333627224,"{""type"":""MultiPoint"",""coordinates"":[]}"
20030816,2003-08-16,0.7159793369118789,"{""type"":""MultiPoint"",""coordinates"":[]}"
20030817,2003-08-17,0.0,"{""type"":""MultiPoint"",""coordinates"":[]}"
20030818,2003-08-18,2.037623209711995,"{""type"":""MultiPoint"",""coordinates"":[]}"
20030819,2003-08-19,18.116052547291858,"{""type"":""MultiPoint"",""coordinates"":[]}"
20030820,2003-08-20,18.334430377518952,"{""type"":""MultiPoint"",""coordinates"":[]}"
20030821,2003-08-21,21.356358347246207,"{""type"":""MultiPoint"",""coordinates"":[]}"
20030822,2003-08-22,32.7353694891556,"{""type"":""MultiPoint"",""coordinates"":[]}"
20030823,2003-08-23,9.942252805085912,"{""type"":""MultiPoint"",""coordinates"":[]}"
20030824,2003-08-24,0.0,"{""type"":""MultiPoint"",""coordinates"":[]}"
20030825,2003-08-25,8.69159493590287,"{""type"":""MultiPoint"",""coordinates"":[]}"
20030826,2003-08-26,6.076463193720172,"{""type"":""MultiPoint"",""coordinates"":[]}"
20030827,2003-08-27,19.333681843093135,"{""type"":""MultiPoint"",""coordinates"":[]}"
20030828,2003-08-28,8.696408697196372,"{""type"":""MultiPoint"",""coordinates"":[]}"
20030829,2003-08-29,0.034850407890610426,"{""type"":""MultiPoint"",""coordinates"":[]}"
20030830,2003-08-30,1.71395825222225,"{""type"":""MultiPoint"",""coordinates"":[]}"
20030831,2003-08-31,3.2966559691989237,"{""type"":""MultiPoint"",""coordinates"":[]}"
20030901,2003-09-01,2.996442110459815,"{""type"":""MultiPoint"",""coordinates"":[]}"
20030902,2003-09-02,0.9374277187483124,"{""type"":""MultiPoint"",""coordinates"":[]}"
20030903,2003-09-03,0.0,"{""type"":""MultiPoint"",""coordinates"":[]}"
20030904,2003-09-04,1.3424393613605066,"{""type"":""MultiPoint"",""coordinates"":[]}"
20030905,2003-09-05,13.210765419634019,"{""type"":""MultiPoint"",""coordinates"":[]}"
20030906,2003-09-06,10.767733008417643,"{""type"":""MultiPoint"",""coordinates"":[]}"
20030907,2003-09-07,0.9754036119036832,"{""type"":""MultiPoint"",""coordinates"":[]}"
20030908,2003-09-08,0.0,"{""type"":""MultiPoint"",""coordinates"":[]}"
20030909,2003-09-09,0.0,"{""type"":""MultiPoint"",""coordinates"":[]}"
20030910,2003-09-10,0.25347645748504777,"{""type"":""MultiPoint"",""coordinates"":[]}"
20030911,2003-09-11,0.6237917055401884,"{""type"":""MultiPoint"",""coordinates"":[]}"
20030912,2003-09-12,5.781257920684664,"{""type"":""MultiPoint"",""coordinates"":[]}"
20030913,2003-09-13,11.048408178724634,"{""type"":""MultiPoint"",""coordinates"":[]}"
20030914,2003-09-14,1.4675519035009088,"{""type"":""MultiPoint"",""coordinates"":[]}"
20030915,2003-09-15,0.030671148114771025,"{""type"":""MultiPoint"",""coordinates"":[]}"
20030916,2003-09-16,4.117717843371139,"{""type"":""MultiPoint"",""coordinates"":[]}"
20030917,2003-09-17,8.145904295103277,"{""type"":""MultiPoint"",""coordinates"":[]}"
20030918,2003-09-18,6.804321941979631,"{""type"":""MultiPoint"",""coordinates"":[]}"
20030919,2003-09-19,6.390594065211697,"{""type"":""MultiPoint"",""coordinates"":[]}"
20030920,2003-09-20,4.836154347809376,"{""type"":""MultiPoint"",""coordinates"":[]}"
20030921,2003-09-21,8.362344209196007,"{""type"":""MultiPoint"",""coordinates"":[]}"
20030922,2003-09-22,7.448690397867271,"{""type"":""MultiPoint"",""coordinates"":[]}"
20030923,2003-09-23,4.016336637956476,"{""type"":""MultiPoint"",""coordinates"":[]}"
20030924,2003-09-24,7.176925968620933,"{""type"":""MultiPoint"",""coordinates"":[]}"
20030925,2003-09-25,13.79815992524646,"{""type"":""MultiPoint"",""coordinates"":[]}"
20030926,2003-09-26,17.151267038364608,"{""type"":""MultiPoint"",""coordinates"":[]}"
20030927,2003-09-27,12.591731764935023,"{""type"":""MultiPoint"",""coordinates"":[]}"
20030928,2003-09-28,1.2771606234320287,"{""type"":""MultiPoint"",""coordinates"":[]}"
20030929,2003-09-29,0.3635864663768887,"{""type"":""MultiPoint"",""coordinates"":[]}"
20030930,2003-09-30,0.00429935955502573,"{""type"":""MultiPoint"",""coordinates"":[]}"
20031001,2003-10-01,2.399729979387966,"{""type"":""MultiPoint"",""coordinates"":[]}"
20031002,2003-10-02,1.613966610165816,"{""type"":""MultiPoint"",""coordinates"":[]}"
20031003,2003-10-03,5.750115152166697,"{""type"":""MultiPoint"",""coordinates"":[]}"
20031004,2003-10-04,16.55917765037987,"{""type"":""MultiPoint"",""coordinates"":[]}"
20031005,2003-10-05,36.06444104956066,"{""type"":""MultiPoint"",""coordinates"":[]}"
20031006,2003-10-06,62.33644401106175,"{""type"":""MultiPoint"",""coordinates"":[]}"
20031007,2003-10-07,19.622054672106675,"{""type"":""MultiPoint"",""coordinates"":[]}"
20031008,2003-10-08,24.884466724437377,"{""type"":""MultiPoint"",""coordinates"":[]}"
20031009,2003-10-09,27.246227353031546,"{""type"":""MultiPoint"",""coordinates"":[]}"
20031010,2003-10-10,6.020808043496003,"{""type"":""MultiPoint"",""coordinates"":[]}"
20031011,2003-10-11,0.0,"{""type"":""MultiPoint"",""coordinates"":[]}"
20031012,2003-10-12,0.0,"{""type"":""MultiPoint"",""coordinates"":[]}"
20031013,2003-10-13,1.1534674903202384,"{""type"":""MultiPoint"",""coordinates"":[]}"
20031014,2003-10-14,0.0,"{""type"":""MultiPoint"",""coordinates"":[]}"
20031015,2003-10-15,0.0,"{""type"":""MultiPoint"",""coordinates"":[]}"
20031016,2003-10-16,5.89330183729228,"{""type"":""MultiPoint"",""coordinates"":[]}"
20031017,2003-10-17,1.0301142644739267,"{""type"":""MultiPoint"",""coordinates"":[]}"
20031018,2003-10-18,5.479792417085008,"{""type"":""MultiPoint"",""coordinates"":[]}"
20031019,2003-10-19,30.542479915314548,"{""type"":""MultiPoint"",""coordinates"":[]}"
20031020,2003-10-20,13.118735627523295,"{""type"":""MultiPoint"",""coordinates"":[]}"
20031021,2003-10-21,25.696918905655014,"{""type"":""MultiPoint"",""coordinates"":[]}"
20031022,2003-10-22,29.73894986713454,"{""type"":""MultiPoint"",""coordinates"":[]}"
20031023,2003-10-23,61.02125664199178,"{""type"":""MultiPoint"",""coordinates"":[]}"
20031024,2003-10-24,55.467053099619726,"{""type"":""MultiPoint"",""coordinates"":[]}"
20031025,2003-10-25,0.0,"{""type"":""MultiPoint"",""coordinates"":[]}"
20031026,2003-10-26,0.0,"{""type"":""MultiPoint"",""coordinates"":[]}"
20031027,2003-10-27,0.0,"{""type"":""MultiPoint"",""coordinates"":[]}"
20031028,2003-10-28,23.915873516249416,"{""type"":""MultiPoint"",""coordinates"":[]}"
20031029,2003-10-29,0.0,"{""type"":""MultiPoint"",""coordinates"":[]}"
20031030,2003-10-30,0.031306046480414566,"{""type"":""MultiPoint"",""coordinates"":[]}"
20031031,2003-10-31,1.8402814849347013E-4,"{""type"":""MultiPoint"",""coordinates"":[]}"
20031101,2003-11-01,0.0,"{""type"":""MultiPoint"",""coordinates"":[]}"
20031102,2003-11-02,1.5714932229597247,"{""type"":""MultiPoint"",""coordinates"":[]}"
20031103,2003-11-03,1.9462921433831477,"{""type"":""MultiPoint"",""coordinates"":[]}"
20031104,2003-11-04,1.766140315015531,"{""type"":""MultiPoint"",""coordinates"":[]}"
20031105,2003-11-05,0.15806647243986174,"{""type"":""MultiPoint"",""coordinates"":[]}"
20031106,2003-11-06,0.0,"{""type"":""MultiPoint"",""coordinates"":[]}"
20031107,2003-11-07,0.0,"{""type"":""MultiPoint"",""coordinates"":[]}"
20031108,2003-11-08,0.026545664711240705,"{""type"":""MultiPoint"",""coordinates"":[]}"
20031109,2003-11-09,0.0,"{""type"":""MultiPoint"",""coordinates"":[]}"
20031110,2003-11-10,0.004070453401118365,"{""type"":""MultiPoint"",""coordinates"":[]}"
20031111,2003-11-11,0.0,"{""type"":""MultiPoint"",""coordinates"":[]}"
20031112,2003-11-12,0.0,"{""type"":""MultiPoint"",""coordinates"":[]}"
20031113,2003-11-13,0.5274563719351368,"{""type"":""MultiPoint"",""coordinates"":[]}"
20031114,2003-11-14,0.0,"{""type"":""MultiPoint"",""coordinates"":[]}"
20031115,2003-11-15,0.0,"{""type"":""MultiPoint"",""coordinates"":[]}"
20031116,2003-11-16,0.0,"{""type"":""MultiPoint"",""coordinates"":[]}"
20031117,2003-11-17,0.0,"{""type"":""MultiPoint"",""coordinates"":[]}"
20031118,2003-11-18,0.0,"{""type"":""MultiPoint"",""coordinates"":[]}"
20031119,2003-11-19,0.0,"{""type"":""MultiPoint"",""coordinates"":[]}"
20031120,2003-11-20,0.0,"{""type"":""MultiPoint"",""coordinates"":[]}"
20031121,2003-11-21,0.5878062050428061,"{""type"":""MultiPoint"",""coordinates"":[]}"
20031122,2003-11-22,0.3891058634486183,"{""type"":""MultiPoint"",""coordinates"":[]}"
20031123,2003-11-23,0.0,"{""type"":""MultiPoint"",""coordinates"":[]}"
20031124,2003-11-24,0.0,"{""type"":""MultiPoint"",""coordinates"":[]}"
20031125,2003-11-25,0.011139383397546627,"{""type"":""MultiPoint"",""coordinates"":[]}"
20031126,2003-11-26,0.0,"{""type"":""MultiPoint"",""coordinates"":[]}"
20031127,2003-11-27,0.0,"{""type"":""MultiPoint"",""coordinates"":[]}"
20031128,2003-11-28,0.07551804574513528,"{""type"":""MultiPoint"",""coordinates"":[]}"
20031129,2003-11-29,0.0,"{""type"":""MultiPoint"",""coordinates"":[]}"
20031130,2003-11-30,0.0,"{""type"":""MultiPoint"",""coordinates"":[]}"
20031201,2003-12-01,0.0,"{""type"":""MultiPoint"",""coordinates"":[]}"
20031202,2003-12-02,0.0,"{""type"":""MultiPoint"",""coordinates"":[]}"
20031203,2003-12-03,0.0,"{""type"":""MultiPoint"",""coordinates"":[]}"
20031204,2003-12-04,0.0,"{""type"":""MultiPoint"",""coordinates"":[]}"
20031205,2003-12-05,0.0,"{""type"":""MultiPoint"",""coordinates"":[]}"
20031206,2003-12-06,0.0,"{""type"":""MultiPoint"",""coordinates"":[]}"
20031207,2003-12-07,0.0,"{""type"":""MultiPoint"",""coordinates"":[]}"
20031208,2003-12-08,0.0,"{""type"":""MultiPoint"",""coordinates"":[]}"
20031209,2003-12-09,0.0,"{""type"":""MultiPoint"",""coordinates"":[]}"
20031210,2003-12-10,0.0,"{""type"":""MultiPoint"",""coordinates"":[]}"
20031211,2003-12-11,0.0,"{""type"":""MultiPoint"",""coordinates"":[]}"
20031212,2003-12-12,0.10796626313548174,"{""type"":""MultiPoint"",""coordinates"":[]}"
20031213,2003-12-13,0.11176618862999549,"{""type"":""MultiPoint"",""coordinates"":[]}"
20031214,2003-12-14,1.7479887050758853,"{""type"":""MultiPoint"",""coordinates"":[]}"
20031215,2003-12-15,3.093111335055723,"{""type"":""MultiPoint"",""coordinates"":[]}"
20031216,2003-12-16,0.26609738022024154,"{""type"":""MultiPoint"",""coordinates"":[]}"
20031217,2003-12-17,0.0,"{""type"":""MultiPoint"",""coordinates"":[]}"
20031218,2003-12-18,0.0,"{""type"":""MultiPoint"",""coordinates"":[]}"
20031219,2003-12-19,0.0,"{""type"":""MultiPoint"",""coordinates"":[]}"
20031220,2003-12-20,0.0,"{""type"":""MultiPoint"",""coordinates"":[]}"
20031221,2003-12-21,0.0,"{""type"":""MultiPoint"",""coordinates"":[]}"
20031222,2003-12-22,0.0,"{""type"":""MultiPoint"",""coordinates"":[]}"
20031223,2003-12-23,0.0,"{""type"":""MultiPoint"",""coordinates"":[]}"
20031224,2003-12-24,0.0,"{""type"":""MultiPoint"",""coordinates"":[]}"
20031225,2003-12-25,0.0,"{""type"":""MultiPoint"",""coordinates"":[]}"
20031226,2003-12-26,0.0,"{""type"":""MultiPoint"",""coordinates"":[]}"
20031227,2003-12-27,0.0,"{""type"":""MultiPoint"",""coordinates"":[]}"
20031228,2003-12-28,0.0,"{""type"":""MultiPoint"",""coordinates"":[]}"
20031229,2003-12-29,0.0,"{""type"":""MultiPoint"",""coordinates"":[]}"
20031230,2003-12-30,0.0,"{""type"":""MultiPoint"",""coordinates"":[]}"
20031231,2003-12-31,0.0,"{""type"":""MultiPoint"",""coordinates"":[]}"
20040101,2004-01-01,0.0,"{""type"":""MultiPoint"",""coordinates"":[]}"
20040102,2004-01-02,0.008785219046833546,"{""type"":""MultiPoint"",""coordinates"":[]}"
20040103,2004-01-03,0.0,"{""type"":""MultiPoint"",""coordinates"":[]}"
20040104,2004-01-04,0.0,"{""type"":""MultiPoint"",""coordinates"":[]}"
20040105,2004-01-05,0.0,"{""type"":""MultiPoint"",""coordinates"":[]}"
20040106,2004-01-06,0.0,"{""type"":""MultiPoint"",""coordinates"":[]}"
20040107,2004-01-07,0.0,"{""type"":""MultiPoint"",""coordinates"":[]}"
20040108,2004-01-08,0.0,"{""type"":""MultiPoint"",""coordinates"":[]}"
20040109,2004-01-09,0.0,"{""type"":""MultiPoint"",""coordinates"":[]}"
20040110,2004-01-10,0.0,"{""type"":""MultiPoint"",""coordinates"":[]}"
20040111,2004-01-11,0.0,"{""type"":""MultiPoint"",""coordinates"":[]}"
20040112,2004-01-12,0.0,"{""type"":""MultiPoint"",""coordinates"":[]}"
20040113,2004-01-13,0.0,"{""type"":""MultiPoint"",""coordinates"":[]}"
20040114,2004-01-14,0.0,"{""type"":""MultiPoint"",""coordinates"":[]}"
20040115,2004-01-15,0.0,"{""type"":""MultiPoint"",""coordinates"":[]}"
20040116,2004-01-16,0.0,"{""type"":""MultiPoint"",""coordinates"":[]}"
20040117,2004-01-17,0.0,"{""type"":""MultiPoint"",""coordinates"":[]}"
20040118,2004-01-18,0.0,"{""type"":""MultiPoint"",""coordinates"":[]}"
20040119,2004-01-19,0.0,"{""type"":""MultiPoint"",""coordinates"":[]}"
20040120,2004-01-20,0.0,"{""type"":""MultiPoint"",""coordinates"":[]}"
20040121,2004-01-21,0.0,"{""type"":""MultiPoint"",""coordinates"":[]}"
20040122,2004-01-22,0.0,"{""type"":""MultiPoint"",""coordinates"":[]}"
20040123,2004-01-23,0.0,"{""type"":""MultiPoint"",""coordinates"":[]}"
20040124,2004-01-24,0.29914418088795725,"{""type"":""MultiPoint"",""coordinates"":[]}"
20040125,2004-01-25,0.30707293359584165,"{""type"":""MultiPoint"",""coordinates"":[]}"
20040126,2004-01-26,0.2955687726087092,"{""type"":""MultiPoint"",""coordinates"":[]}"
20040127,2004-01-27,0.0,"{""type"":""MultiPoint"",""coordinates"":[]}"
20040128,2004-01-28,0.0,"{""type"":""MultiPoint"",""coordinates"":[]}"
20040129,2004-01-29,0.0,"{""type"":""MultiPoint"",""coordinates"":[]}"
20040130,2004-01-30,0.08487069613612636,"{""type"":""MultiPoint"",""coordinates"":[]}"
20040131,2004-01-31,0.341121344517578,"{""type"":""MultiPoint"",""coordinates"":[]}"
20040201,2004-02-01,1.345905300622032,"{""type"":""MultiPoint"",""coordinates"":[]}"
20040202,2004-02-02,1.9156727275543817,"{""type"":""MultiPoint"",""coordinates"":[]}"
20040203,2004-02-03,0.15200403094063095,"{""type"":""MultiPoint"",""coordinates"":[]}"
20040204,2004-02-04,0.0,"{""type"":""MultiPoint"",""coordinates"":[]}"
20040205,2004-02-05,0.0,"{""type"":""MultiPoint"",""coordinates"":[]}"
20040206,2004-02-06,0.06761024943206098,"{""type"":""MultiPoint"",""coordinates"":[]}"
20040207,2004-02-07,0.0,"{""type"":""MultiPoint"",""coordinates"":[]}"
20040208,2004-02-08,0.0,"{""type"":""MultiPoint"",""coordinates"":[]}"
20040209,2004-02-09,0.0,"{""type"":""MultiPoint"",""coordinates"":[]}"
20040210,2004-02-10,0.0,"{""type"":""MultiPoint"",""coordinates"":[]}"
20040211,2004-02-11,0.0,"{""type"":""MultiPoint"",""coordinates"":[]}"
20040212,2004-02-12,0.0,"{""type"":""MultiPoint"",""coordinates"":[]}"
20040213,2004-02-13,0.0,"{""type"":""MultiPoint"",""coordinates"":[]}"
20040214,2004-02-14,0.0,"{""type"":""MultiPoint"",""coordinates"":[]}"
20040215,2004-02-15,0.0,"{""type"":""MultiPoint"",""coordinates"":[]}"
20040216,2004-02-16,0.0,"{""type"":""MultiPoint"",""coordinates"":[]}"
20040217,2004-02-17,0.0,"{""type"":""MultiPoint"",""coordinates"":[]}"
20040218,2004-02-18,0.0,"{""type"":""MultiPoint"",""coordinates"":[]}"
20040219,2004-02-19,0.0,"{""type"":""MultiPoint"",""coordinates"":[]}"
20040220,2004-02-20,0.0,"{""type"":""MultiPoint"",""coordinates"":[]}"
20040221,2004-02-21,0.0,"{""type"":""MultiPoint"",""coordinates"":[]}"
20040222,2004-02-22,0.0,"{""type"":""MultiPoint"",""coordinates"":[]}"
20040223,2004-02-23,0.0,"{""type"":""MultiPoint"",""coordinates"":[]}"
20040224,2004-02-24,0.010626729520712684,"{""type"":""MultiPoint"",""coordinates"":[]}"
20040225,2004-02-25,0.03174687512858597,"{""type"":""MultiPoint"",""coordinates"":[]}"
20040226,2004-02-26,0.0,"{""type"":""MultiPoint"",""coordinates"":[]}"
20040227,2004-02-27,0.0,"{""type"":""MultiPoint"",""coordinates"":[]}"
20040228,2004-02-28,0.0,"{""type"":""MultiPoint"",""coordinates"":[]}"
20040229,2004-02-29,0.0,"{""type"":""MultiPoint"",""coordinates"":[]}"
20040301,2004-03-01,0.0,"{""type"":""MultiPoint"",""coordinates"":[]}"
20040302,2004-03-02,0.0,"{""type"":""MultiPoint"",""coordinates"":[]}"
20040303,2004-03-03,0.0,"{""type"":""MultiPoint"",""coordinates"":[]}"
20040304,2004-03-04,0.0,"{""type"":""MultiPoint"",""coordinates"":[]}"
20040305,2004-03-05,0.0,"{""type"":""MultiPoint"",""coordinates"":[]}"
20040306,2004-03-06,0.0,"{""type"":""MultiPoint"",""coordinates"":[]}"
20040307,2004-03-07,0.0,"{""type"":""MultiPoint"",""coordinates"":[]}"
20040308,2004-03-08,0.237472280677661,"{""type"":""MultiPoint"",""coordinates"":[]}"
20040309,2004-03-09,0.0,"{""type"":""MultiPoint"",""coordinates"":[]}"
20040310,2004-03-10,0.0,"{""type"":""MultiPoint"",""coordinates"":[]}"
20040311,2004-03-11,0.0,"{""type"":""MultiPoint"",""coordinates"":[]}"
20040312,2004-03-12,0.0,"{""type"":""MultiPoint"",""coordinates"":[]}"
20040313,2004-03-13,0.0,"{""type"":""MultiPoint"",""coordinates"":[]}"
20040314,2004-03-14,0.0,"{""type"":""MultiPoint"",""coordinates"":[]}"
20040315,2004-03-15,0.0,"{""type"":""MultiPoint"",""coordinates"":[]}"
20040316,2004-03-16,0.0,"{""type"":""MultiPoint"",""coordinates"":[]}"
20040317,2004-03-17,0.0,"{""type"":""MultiPoint"",""coordinates"":[]}"
20040318,2004-03-18,0.0,"{""type"":""MultiPoint"",""coordinates"":[]}"
20040319,2004-03-19,0.0,"{""type"":""MultiPoint"",""coordinates"":[]}"
20040320,2004-03-20,0.0,"{""type"":""MultiPoint"",""coordinates"":[]}"
20040321,2004-03-21,0.0,"{""type"":""MultiPoint"",""coordinates"":[]}"
20040322,2004-03-22,0.0,"{""type"":""MultiPoint"",""coordinates"":[]}"
20040323,2004-03-23,0.0,"{""type"":""MultiPoint"",""coordinates"":[]}"
20040324,2004-03-24,0.0,"{""type"":""MultiPoint"",""coordinates"":[]}"
20040325,2004-03-25,0.0,"{""type"":""MultiPoint"",""coordinates"":[]}"
20040326,2004-03-26,0.0,"{""type"":""MultiPoint"",""coordinates"":[]}"
20040327,2004-03-27,0.0,"{""type"":""MultiPoint"",""coordinates"":[]}"
20040328,2004-03-28,0.0,"{""type"":""MultiPoint"",""coordinates"":[]}"
20040329,2004-03-29,0.0,"{""type"":""MultiPoint"",""coordinates"":[]}"
20040330,2004-03-30,0.2463672759395298,"{""type"":""MultiPoint"",""coordinates"":[]}"
20040331,2004-03-31,2.0801284090333176,"{""type"":""MultiPoint"",""coordinates"":[]}"
20040401,2004-04-01,5.649145011339862,"{""type"":""MultiPoint"",""coordinates"":[]}"
20040402,2004-04-02,0.3946062681505167,"{""type"":""MultiPoint"",""coordinates"":[]}"
20040403,2004-04-03,0.14107880878499465,"{""type"":""MultiPoint"",""coordinates"":[]}"
20040404,2004-04-04,0.8992508644370603,"{""type"":""MultiPoint"",""coordinates"":[]}"
20040405,2004-04-05,1.4608615853437452,"{""type"":""MultiPoint"",""coordinates"":[]}"
20040406,2004-04-06,3.6054346874127723,"{""type"":""MultiPoint"",""coordinates"":[]}"
20040407,2004-04-07,0.0,"{""type"":""MultiPoint"",""coordinates"":[]}"
20040408,2004-04-08,0.8276752895865044,"{""type"":""MultiPoint"",""coordinates"":[]}"
20040409,2004-04-09,0.12982605077698592,"{""type"":""MultiPoint"",""coordinates"":[]}"
20040410,2004-04-10,0.03484329874560886,"{""type"":""MultiPoint"",""coordinates"":[]}"
20040411,2004-04-11,0.0,"{""type"":""MultiPoint"",""coordinates"":[]}"
20040412,2004-04-12,0.12265324239447695,"{""type"":""MultiPoint"",""coordinates"":[]}"
20040413,2004-04-13,0.5067941647213215,"{""type"":""MultiPoint"",""coordinates"":[]}"
20040414,2004-04-14,0.0,"{""type"":""MultiPoint"",""coordinates"":[]}"
20040415,2004-04-15,0.0,"{""type"":""MultiPoint"",""coordinates"":[]}"
20040416,2004-04-16,0.0,"{""type"":""MultiPoint"",""coordinates"":[]}"
20040417,2004-04-17,0.01930013822461876,"{""type"":""MultiPoint"",""coordinates"":[]}"
20040418,2004-04-18,3.126446337735522,"{""type"":""MultiPoint"",""coordinates"":[]}"
20040419,2004-04-19,1.020493711756048,"{""type"":""MultiPoint"",""coordinates"":[]}"
20040420,2004-04-20,0.0,"{""type"":""MultiPoint"",""coordinates"":[]}"
20040421,2004-04-21,0.0,"{""type"":""MultiPoint"",""coordinates"":[]}"
20040422,2004-04-22,0.0,"{""type"":""MultiPoint"",""coordinates"":[]}"
20040423,2004-04-23,0.0,"{""type"":""MultiPoint"",""coordinates"":[]}"
20040424,2004-04-24,2.007159707485487,"{""type"":""MultiPoint"",""coordinates"":[]}"
20040425,2004-04-25,0.0,"{""type"":""MultiPoint"",""coordinates"":[]}"
20040426,2004-04-26,0.4228520822082547,"{""type"":""MultiPoint"",""coordinates"":[]}"
20040427,2004-04-27,0.0,"{""type"":""MultiPoint"",""coordinates"":[]}"
20040428,2004-04-28,5.861699827655048,"{""type"":""MultiPoint"",""coordinates"":[]}"
20040429,2004-04-29,0.504087963768808,"{""type"":""MultiPoint"",""coordinates"":[]}"
20040430,2004-04-30,0.0,"{""type"":""MultiPoint"",""coordinates"":[]}"
20040501,2004-05-01,0.7778465399262551,"{""type"":""MultiPoint"",""coordinates"":[]}"
20040502,2004-05-02,0.03399963462357221,"{""type"":""MultiPoint"",""coordinates"":[]}"
20040503,2004-05-03,2.560597543186298,"{""type"":""MultiPoint"",""coordinates"":[]}"
20040504,2004-05-04,12.793587042794591,"{""type"":""MultiPoint"",""coordinates"":[]}"
20040505,2004-05-05,3.3223276373602744,"{""type"":""MultiPoint"",""coordinates"":[]}"
20040506,2004-05-06,3.1607363325058824,"{""type"":""MultiPoint"",""coordinates"":[]}"
20040507,2004-05-07,0.1031341518681335,"{""type"":""MultiPoint"",""coordinates"":[]}"
20040508,2004-05-08,0.0,"{""type"":""MultiPoint"",""coordinates"":[]}"
20040509,2004-05-09,0.0,"{""type"":""MultiPoint"",""coordinates"":[]}"
20040510,2004-05-10,0.0,"{""type"":""MultiPoint"",""coordinates"":[]}"
20040511,2004-05-11,0.0016691525651058622,"{""type"":""MultiPoint"",""coordinates"":[]}"
20040512,2004-05-12,3.5553542694168088,"{""type"":""MultiPoint"",""coordinates"":[]}"
20040513,2004-05-13,0.12025359402560727,"{""type"":""MultiPoint"",""coordinates"":[]}"
20040514,2004-05-14,3.577480858232126,"{""type"":""MultiPoint"",""coordinates"":[]}"
20040515,2004-05-15,1.445390984129934,"{""type"":""MultiPoint"",""coordinates"":[]}"
20040516,2004-05-16,4.157944741763089,"{""type"":""MultiPoint"",""coordinates"":[]}"
20040517,2004-05-17,0.7731154624333888,"{""type"":""MultiPoint"",""coordinates"":[]}"
20040518,2004-05-18,0.995214796500619,"{""type"":""MultiPoint"",""coordinates"":[]}"
20040519,2004-05-19,0.5656791284426482,"{""type"":""MultiPoint"",""coordinates"":[]}"
20040520,2004-05-20,0.0,"{""type"":""MultiPoint"",""coordinates"":[]}"
20040521,2004-05-21,0.0,"{""type"":""MultiPoint"",""coordinates"":[]}"
20040522,2004-05-22,0.0,"{""type"":""MultiPoint"",""coordinates"":[]}"
20040523,2004-05-23,0.0,"{""type"":""MultiPoint"",""coordinates"":[]}"
20040524,2004-05-24,0.10525336229750469,"{""type"":""MultiPoint"",""coordinates"":[]}"
20040525,2004-05-25,0.40852375746025577,"{""type"":""MultiPoint"",""coordinates"":[]}"
20040526,2004-05-26,0.15773219715051484,"{""type"":""MultiPoint"",""coordinates"":[]}"
20040527,2004-05-27,0.8670053080145708,"{""type"":""MultiPoint"",""coordinates"":[]}"
20040528,2004-05-28,3.394815638525738,"{""type"":""MultiPoint"",""coordinates"":[]}"
20040529,2004-05-29,2.9273330719260935,"{""type"":""MultiPoint"",""coordinates"":[]}"
20040530,2004-05-30,0.0018985943397070125,"{""type"":""MultiPoint"",""coordinates"":[]}"
20040531,2004-05-31,0.0,"{""type"":""MultiPoint"",""coordinates"":[]}"
20040601,2004-06-01,0.0,"{""type"":""MultiPoint"",""coordinates"":[]}"
20040602,2004-06-02,0.0916507112207127,"{""type"":""MultiPoint"",""coordinates"":[]}"
20040603,2004-06-03,0.25501682740253767,"{""type"":""MultiPoint"",""coordinates"":[]}"
20040604,2004-06-04,9.636950972733494,"{""type"":""MultiPoint"",""coordinates"":[]}"
20040605,2004-06-05,0.0,"{""type"":""MultiPoint"",""coordinates"":[]}"
20040606,2004-06-06,2.0982288263040054,"{""type"":""MultiPoint"",""coordinates"":[]}"
20040607,2004-06-07,8.025873058478494,"{""type"":""MultiPoint"",""coordinates"":[]}"
20040608,2004-06-08,11.61731093916065,"{""type"":""MultiPoint"",""coordinates"":[]}"
20040609,2004-06-09,6.749087973329833,"{""type"":""MultiPoint"",""coordinates"":[]}"
20040610,2004-06-10,13.004846033151063,"{""type"":""MultiPoint"",""coordinates"":[]}"
20040611,2004-06-11,22.041965770002562,"{""type"":""MultiPoint"",""coordinates"":[]}"
20040612,2004-06-12,32.18986644403083,"{""type"":""MultiPoint"",""coordinates"":[]}"
20040613,2004-06-13,32.16121057463586,"{""type"":""MultiPoint"",""coordinates"":[]}"
20040614,2004-06-14,18.697493927860677,"{""type"":""MultiPoint"",""coordinates"":[]}"
20040615,2004-06-15,3.003708929244537,"{""type"":""MultiPoint"",""coordinates"":[]}"
20040616,2004-06-16,0.0,"{""type"":""MultiPoint"",""coordinates"":[]}"
20040617,2004-06-17,0.6594345692343431,"{""type"":""MultiPoint"",""coordinates"":[]}"
20040618,2004-06-18,0.0969373227563628,"{""type"":""MultiPoint"",""coordinates"":[]}"
20040619,2004-06-19,0.0,"{""type"":""MultiPoint"",""coordinates"":[]}"
20040620,2004-06-20,0.0,"{""type"":""MultiPoint"",""coordinates"":[]}"
20040621,2004-06-21,0.0,"{""type"":""MultiPoint"",""coordinates"":[]}"
20040622,2004-06-22,0.0,"{""type"":""MultiPoint"",""coordinates"":[]}"
20040623,2004-06-23,0.0,"{""type"":""MultiPoint"",""coordinates"":[]}"
20040624,2004-06-24,0.0,"{""type"":""MultiPoint"",""coordinates"":[]}"
20040625,2004-06-25,0.0,"{""type"":""MultiPoint"",""coordinates"":[]}"
20040626,2004-06-26,0.0,"{""type"":""MultiPoint"",""coordinates"":[]}"
20040627,2004-06-27,0.013425055725000799,"{""type"":""MultiPoint"",""coordinates"":[]}"
20040628,2004-06-28,4.893420547044612,"{""type"":""MultiPoint"",""coordinates"":[]}"
20040629,2004-06-29,0.7938598117502765,"{""type"":""MultiPoint"",""coordinates"":[]}"
20040630,2004-06-30,0.17921227077591848,"{""type"":""MultiPoint"",""coordinates"":[]}"
20040701,2004-07-01,2.2974180603240706,"{""type"":""MultiPoint"",""coordinates"":[]}"
20040702,2004-07-02,16.155695037368424,"{""type"":""MultiPoint"",""coordinates"":[]}"
20040703,2004-07-03,12.15250329017093,"{""type"":""MultiPoint"",""coordinates"":[]}"
20040704,2004-07-04,5.522927220162678,"{""type"":""MultiPoint"",""coordinates"":[]}"
20040705,2004-07-05,4.163269461093318,"{""type"":""MultiPoint"",""coordinates"":[]}"
20040706,2004-07-06,3.022672468108407,"{""type"":""MultiPoint"",""coordinates"":[]}"
20040707,2004-07-07,18.14611132840861,"{""type"":""MultiPoint"",""coordinates"":[]}"
20040708,2004-07-08,7.907057360766806,"{""type"":""MultiPoint"",""coordinates"":[]}"
20040709,2004-07-09,6.938846330676967,"{""type"":""MultiPoint"",""coordinates"":[]}"
20040710,2004-07-10,13.136547018089116,"{""type"":""MultiPoint"",""coordinates"":[]}"
20040711,2004-07-11,15.894858595314316,"{""type"":""MultiPoint"",""coordinates"":[]}"
20040712,2004-07-12,13.609451368636037,"{""type"":""MultiPoint"",""coordinates"":[]}"
20040713,2004-07-13,20.769562085711314,"{""type"":""MultiPoint"",""coordinates"":[]}"
20040714,2004-07-14,30.913742473708844,"{""type"":""MultiPoint"",""coordinates"":[]}"
20040715,2004-07-15,26.481727774861227,"{""type"":""MultiPoint"",""coordinates"":[]}"
20040716,2004-07-16,2.2800532094980723,"{""type"":""MultiPoint"",""coordinates"":[]}"
20040717,2004-07-17,4.870350046788871,"{""type"":""MultiPoint"",""coordinates"":[]}"
20040718,2004-07-18,0.04785394586599562,"{""type"":""MultiPoint"",""coordinates"":[]}"
20040719,2004-07-19,7.123334947037346,"{""type"":""MultiPoint"",""coordinates"":[]}"
20040720,2004-07-20,23.60425866827058,"{""type"":""MultiPoint"",""coordinates"":[]}"
20040721,2004-07-21,18.35382054124244,"{""type"":""MultiPoint"",""coordinates"":[]}"
20040722,2004-07-22,11.187846981159286,"{""type"":""MultiPoint"",""coordinates"":[]}"
20040723,2004-07-23,12.230909286942905,"{""type"":""MultiPoint"",""coordinates"":[]}"
20040724,2004-07-24,7.242008504859361,"{""type"":""MultiPoint"",""coordinates"":[]}"
20040725,2004-07-25,9.544377544618396,"{""type"":""MultiPoint"",""coordinates"":[]}"
20040726,2004-07-26,7.917234487681659,"{""type"":""MultiPoint"",""coordinates"":[]}"
20040727,2004-07-27,13.776784159549715,"{""type"":""MultiPoint"",""coordinates"":[]}"
20040728,2004-07-28,0.9103760461957131,"{""type"":""MultiPoint"",""coordinates"":[]}"
20040729,2004-07-29,8.306674408976777,"{""type"":""MultiPoint"",""coordinates"":[]}"
20040730,2004-07-30,0.30781996753065555,"{""type"":""MultiPoint"",""coordinates"":[]}"
20040731,2004-07-31,5.564731488941173,"{""type"":""MultiPoint"",""coordinates"":[]}"
20040801,2004-08-01,16.010258188125565,"{""type"":""MultiPoint"",""coordinates"":[]}"
20040802,2004-08-02,42.49858913804414,"{""type"":""MultiPoint"",""coordinates"":[]}"
20040803,2004-08-03,28.508568211884494,"{""type"":""MultiPoint"",""coordinates"":[]}"
20040804,2004-08-04,19.245736501554735,"{""type"":""MultiPoint"",""coordinates"":[]}"
20040805,2004-08-05,3.435659029413956,"{""type"":""MultiPoint"",""coordinates"":[]}"
20040806,2004-08-06,3.898157862984863,"{""type"":""MultiPoint"",""coordinates"":[]}"
20040807,2004-08-07,14.816522391838447,"{""type"":""MultiPoint"",""coordinates"":[]}"
20040808,2004-08-08,1.550213343893135,"{""type"":""MultiPoint"",""coordinates"":[]}"
20040809,2004-08-09,6.942408932799292,"{""type"":""MultiPoint"",""coordinates"":[]}"
20040810,2004-08-10,13.908641486276814,"{""type"":""MultiPoint"",""coordinates"":[]}"
20040811,2004-08-11,1.5320258154030157,"{""type"":""MultiPoint"",""coordinates"":[]}"
20040812,2004-08-12,0.06203940840441582,"{""type"":""MultiPoint"",""coordinates"":[]}"
20040813,2004-08-13,6.391433099959519,"{""type"":""MultiPoint"",""coordinates"":[]}"
20040814,2004-08-14,1.655962455352552,"{""type"":""MultiPoint"",""coordinates"":[]}"
20040815,2004-08-15,0.04691276153743212,"{""type"":""MultiPoint"",""coordinates"":[]}"
20040816,2004-08-16,0.7172922775040631,"{""type"":""MultiPoint"",""coordinates"":[]}"
20040817,2004-08-17,0.10751365517111136,"{""type"":""MultiPoint"",""coordinates"":[]}"
20040818,2004-08-18,0.0,"{""type"":""MultiPoint"",""coordinates"":[]}"
20040819,2004-08-19,2.109590690376483,"{""type"":""MultiPoint"",""coordinates"":[]}"
20040820,2004-08-20,11.720566215053012,"{""type"":""MultiPoint"",""coordinates"":[]}"
20040821,2004-08-21,4.006956251931583,"{""type"":""MultiPoint"",""coordinates"":[]}"
20040822,2004-08-22,0.0,"{""type"":""MultiPoint"",""coordinates"":[]}"
20040823,2004-08-23,0.0,"{""type"":""MultiPoint"",""coordinates"":[]}"
20040824,2004-08-24,0.0,"{""type"":""MultiPoint"",""coordinates"":[]}"
20040825,2004-08-25,6.81287102581671,"{""type"":""MultiPoint"",""coordinates"":[]}"
20040826,2004-08-26,3.481373739732855,"{""type"":""MultiPoint"",""coordinates"":[]}"
20040827,2004-08-27,0.0,"{""type"":""MultiPoint"",""coordinates"":[]}"
20040828,2004-08-28,0.0,"{""type"":""MultiPoint"",""coordinates"":[]}"
20040829,2004-08-29,0.0,"{""type"":""MultiPoint"",""coordinates"":[]}"
20040830,2004-08-30,0.0,"{""type"":""MultiPoint"",""coordinates"":[]}"
20040831,2004-08-31,0.0,"{""type"":""MultiPoint"",""coordinates"":[]}"
20040901,2004-09-01,0.0,"{""type"":""MultiPoint"",""coordinates"":[]}"
20040902,2004-09-02,1.3050315940289976,"{""type"":""MultiPoint"",""coordinates"":[]}"
20040903,2004-09-03,10.141884296113666,"{""type"":""MultiPoint"",""coordinates"":[]}"
20040904,2004-09-04,28.201226178742495,"{""type"":""MultiPoint"",""coordinates"":[]}"
20040905,2004-09-05,18.64848180545451,"{""type"":""MultiPoint"",""coordinates"":[]}"
20040906,2004-09-06,8.94158013047119,"{""type"":""MultiPoint"",""coordinates"":[]}"
20040907,2004-09-07,2.5301187754691616,"{""type"":""MultiPoint"",""coordinates"":[]}"
20040908,2004-09-08,4.6955254052581825,"{""type"":""MultiPoint"",""coordinates"":[]}"
20040909,2004-09-09,26.900442896485423,"{""type"":""MultiPoint"",""coordinates"":[]}"
20040910,2004-09-10,8.978743203419032,"{""type"":""MultiPoint"",""coordinates"":[]}"
20040911,2004-09-11,0.0,"{""type"":""MultiPoint"",""coordinates"":[]}"
20040912,2004-09-12,0.1470803880765626,"{""type"":""MultiPoint"",""coordinates"":[]}"
20040913,2004-09-13,3.2322483897175003,"{""type"":""MultiPoint"",""coordinates"":[]}"
20040914,2004-09-14,9.981588913375472,"{""type"":""MultiPoint"",""coordinates"":[]}"
20040915,2004-09-15,4.7809843141187764,"{""type"":""MultiPoint"",""coordinates"":[]}"
20040916,2004-09-16,1.1636875297691684,"{""type"":""MultiPoint"",""coordinates"":[]}"
20040917,2004-09-17,1.0355728246840974,"{""type"":""MultiPoint"",""coordinates"":[]}"
20040918,2004-09-18,6.153257777036687,"{""type"":""MultiPoint"",""coordinates"":[]}"
20040919,2004-09-19,2.5187273175532634,"{""type"":""MultiPoint"",""coordinates"":[]}"
20040920,2004-09-20,4.298938747052098,"{""type"":""MultiPoint"",""coordinates"":[]}"
20040921,2004-09-21,2.12342604269636,"{""type"":""MultiPoint"",""coordinates"":[]}"
20040922,2004-09-22,0.9352771077331276,"{""type"":""MultiPoint"",""coordinates"":[]}"
20040923,2004-09-23,0.016318644295738507,"{""type"":""MultiPoint"",""coordinates"":[]}"
20040924,2004-09-24,2.853810954941057,"{""type"":""MultiPoint"",""coordinates"":[]}"
20040925,2004-09-25,8.550564095348042,"{""type"":""MultiPoint"",""coordinates"":[]}"
20040926,2004-09-26,0.739727894102527,"{""type"":""MultiPoint"",""coordinates"":[]}"
20040927,2004-09-27,0.0,"{""type"":""MultiPoint"",""coordinates"":[]}"
20040928,2004-09-28,0.5072469403262957,"{""type"":""MultiPoint"",""coordinates"":[]}"
20040929,2004-09-29,0.0,"{""type"":""MultiPoint"",""coordinates"":[]}"
20040930,2004-09-30,2.217093458710419,"{""type"":""MultiPoint"",""coordinates"":[]}"
20041001,2004-10-01,7.143189746656831,"{""type"":""MultiPoint"",""coordinates"":[]}"
20041002,2004-10-02,26.06655985526727,"{""type"":""MultiPoint"",""coordinates"":[]}"
20041003,2004-10-03,48.37534516914342,"{""type"":""MultiPoint"",""coordinates"":[]}"
20041004,2004-10-04,30.516339167742697,"{""type"":""MultiPoint"",""coordinates"":[]}"
20041005,2004-10-05,16.581330999819063,"{""type"":""MultiPoint"",""coordinates"":[]}"
20041006,2004-10-06,1.4273291173275868,"{""type"":""MultiPoint"",""coordinates"":[]}"
20041007,2004-10-07,21.7825876406616,"{""type"":""MultiPoint"",""coordinates"":[]}"
20041008,2004-10-08,9.777257333883012,"{""type"":""MultiPoint"",""coordinates"":[]}"
20041009,2004-10-09,6.579256106485558,"{""type"":""MultiPoint"",""coordinates"":[]}"
20041010,2004-10-10,0.5902174863704113,"{""type"":""MultiPoint"",""coordinates"":[]}"
20041011,2004-10-11,1.0874092033513785,"{""type"":""MultiPoint"",""coordinates"":[]}"
20041012,2004-10-12,5.352305711339138,"{""type"":""MultiPoint"",""coordinates"":[]}"
20041013,2004-10-13,5.3117932166066115,"{""type"":""MultiPoint"",""coordinates"":[]}"
20041014,2004-10-14,8.106732722521022,"{""type"":""MultiPoint"",""coordinates"":[]}"
20041015,2004-10-15,8.82811794047365,"{""type"":""MultiPoint"",""coordinates"":[]}"
20041016,2004-10-16,0.7533691193048018,"{""type"":""MultiPoint"",""coordinates"":[]}"
20041017,2004-10-17,0.0,"{""type"":""MultiPoint"",""coordinates"":[]}"
20041018,2004-10-18,0.0,"{""type"":""MultiPoint"",""coordinates"":[]}"
20041019,2004-10-19,0.0,"{""type"":""MultiPoint"",""coordinates"":[]}"
20041020,2004-10-20,0.0,"{""type"":""MultiPoint"",""coordinates"":[]}"
20041021,2004-10-21,0.32945246394724403,"{""type"":""MultiPoint"",""coordinates"":[]}"
20041022,2004-10-22,0.0,"{""type"":""MultiPoint"",""coordinates"":[]}"
20041023,2004-10-23,0.0,"{""type"":""MultiPoint"",""coordinates"":[]}"
20041024,2004-10-24,0.0,"{""type"":""MultiPoint"",""coordinates"":[]}"
20041025,2004-10-25,0.0,"{""type"":""MultiPoint"",""coordinates"":[]}"
20041026,2004-10-26,0.0,"{""type"":""MultiPoint"",""coordinates"":[]}"
20041027,2004-10-27,0.0,"{""type"":""MultiPoint"",""coordinates"":[]}"
20041028,2004-10-28,0.0,"{""type"":""MultiPoint"",""coordinates"":[]}"
20041029,2004-10-29,0.07077161064304344,"{""type"":""MultiPoint"",""coordinates"":[]}"
20041030,2004-10-30,0.03037025994238602,"{""type"":""MultiPoint"",""coordinates"":[]}"
20041031,2004-10-31,0.5753723201097136,"{""type"":""MultiPoint"",""coordinates"":[]}"
20041101,2004-11-01,0.0,"{""type"":""MultiPoint"",""coordinates"":[]}"
20041102,2004-11-02,0.0,"{""type"":""MultiPoint"",""coordinates"":[]}"
20041103,2004-11-03,0.0,"{""type"":""MultiPoint"",""coordinates"":[]}"
20041104,2004-11-04,0.1733767681580702,"{""type"":""MultiPoint"",""coordinates"":[]}"
20041105,2004-11-05,0.18154902674595894,"{""type"":""MultiPoint"",""coordinates"":[]}"
20041106,2004-11-06,9.794907771759883,"{""type"":""MultiPoint"",""coordinates"":[]}"
20041107,2004-11-07,3.8145732996590898,"{""type"":""MultiPoint"",""coordinates"":[]}"
20041108,2004-11-08,0.13666385612041326,"{""type"":""MultiPoint"",""coordinates"":[]}"
20041109,2004-11-09,0.5420448242909889,"{""type"":""MultiPoint"",""coordinates"":[]}"
20041110,2004-11-10,0.05340383685093146,"{""type"":""MultiPoint"",""coordinates"":[]}"
20041111,2004-11-11,0.0,"{""type"":""MultiPoint"",""coordinates"":[]}"
20041112,2004-11-12,0.0,"{""type"":""MultiPoint"",""coordinates"":[]}"
20041113,2004-11-13,0.0,"{""type"":""MultiPoint"",""coordinates"":[]}"
20041114,2004-11-14,0.0,"{""type"":""MultiPoint"",""coordinates"":[]}"
20041115,2004-11-15,0.0,"{""type"":""MultiPoint"",""coordinates"":[]}"
20041116,2004-11-16,0.0,"{""type"":""MultiPoint"",""coordinates"":[]}"
20041117,2004-11-17,0.0,"{""type"":""MultiPoint"",""coordinates"":[]}"
20041118,2004-11-18,0.02577329490048625,"{""type"":""MultiPoint"",""coordinates"":[]}"
20041119,2004-11-19,0.0,"{""type"":""MultiPoint"",""coordinates"":[]}"
20041120,2004-11-20,0.0,"{""type"":""MultiPoint"",""coordinates"":[]}"
20041121,2004-11-21,0.0,"{""type"":""MultiPoint"",""coordinates"":[]}"
20041122,2004-11-22,0.0,"{""type"":""MultiPoint"",""coordinates"":[]}"
20041123,2004-11-23,0.0,"{""type"":""MultiPoint"",""coordinates"":[]}"
20041124,2004-11-24,0.0,"{""type"":""MultiPoint"",""coordinates"":[]}"
20041125,2004-11-25,0.0,"{""type"":""MultiPoint"",""coordinates"":[]}"
20041126,2004-11-26,0.0,"{""type"":""MultiPoint"",""coordinates"":[]}"
20041127,2004-11-27,0.0,"{""type"":""MultiPoint"",""coordinates"":[]}"
20041128,2004-11-28,0.0,"{""type"":""MultiPoint"",""coordinates"":[]}"
20041129,2004-11-29,0.0,"{""type"":""MultiPoint"",""coordinates"":[]}"
20041130,2004-11-30,0.0,"{""type"":""MultiPoint"",""coordinates"":[]}"
20041201,2004-12-01,0.0,"{""type"":""MultiPoint"",""coordinates"":[]}"
20041202,2004-12-02,0.0,"{""type"":""MultiPoint"",""coordinates"":[]}"
20041203,2004-12-03,0.0,"{""type"":""MultiPoint"",""coordinates"":[]}"
20041204,2004-12-04,0.0,"{""type"":""MultiPoint"",""coordinates"":[]}"
20041205,2004-12-05,0.025071417746196742,"{""type"":""MultiPoint"",""coordinates"":[]}"
20041206,2004-12-06,0.0,"{""type"":""MultiPoint"",""coordinates"":[]}"
20041207,2004-12-07,0.0,"{""type"":""MultiPoint"",""coordinates"":[]}"
20041208,2004-12-08,0.0,"{""type"":""MultiPoint"",""coordinates"":[]}"
20041209,2004-12-09,0.0,"{""type"":""MultiPoint"",""coordinates"":[]}"
20041210,2004-12-10,0.007802846357162328,"{""type"":""MultiPoint"",""coordinates"":[]}"
20041211,2004-12-11,0.032935605149715906,"{""type"":""MultiPoint"",""coordinates"":[]}"
20041212,2004-12-12,0.0,"{""type"":""MultiPoint"",""coordinates"":[]}"
20041213,2004-12-13,0.0,"{""type"":""MultiPoint"",""coordinates"":[]}"
20041214,2004-12-14,0.0,"{""type"":""MultiPoint"",""coordinates"":[]}"
20041215,2004-12-15,0.0,"{""type"":""MultiPoint"",""coordinates"":[]}"
20041216,2004-12-16,0.0,"{""type"":""MultiPoint"",""coordinates"":[]}"
20041217,2004-12-17,0.0,"{""type"":""MultiPoint"",""coordinates"":[]}"
20041218,2004-12-18,0.0,"{""type"":""MultiPoint"",""coordinates"":[]}"
20041219,2004-12-19,0.0,"{""type"":""MultiPoint"",""coordinates"":[]}"
20041220,2004-12-20,0.0,"{""type"":""MultiPoint"",""coordinates"":[]}"
20041221,2004-12-21,0.0,"{""type"":""MultiPoint"",""coordinates"":[]}"
20041222,2004-12-22,0.0,"{""type"":""MultiPoint"",""coordinates"":[]}"
20041223,2004-12-23,0.0,"{""type"":""MultiPoint"",""coordinates"":[]}"
20041224,2004-12-24,0.0,"{""type"":""MultiPoint"",""coordinates"":[]}"
20041225,2004-12-25,0.0,"{""type"":""MultiPoint"",""coordinates"":[]}"
20041226,2004-12-26,0.0,"{""type"":""MultiPoint"",""coordinates"":[]}"
20041227,2004-12-27,0.023750135907733966,"{""type"":""MultiPoint"",""coordinates"":[]}"
20041228,2004-12-28,0.04750027181546793,"{""type"":""MultiPoint"",""coordinates"":[]}"
20041229,2004-12-29,0.0,"{""type"":""MultiPoint"",""coordinates"":[]}"
20041230,2004-12-30,0.0,"{""type"":""MultiPoint"",""coordinates"":[]}"
20041231,2004-12-31,0.22466483129077452,"{""type"":""MultiPoint"",""coordinates"":[]}"
20050101,2005-01-01,0.0,"{""type"":""MultiPoint"",""coordinates"":[]}"
20050102,2005-01-02,0.0,"{""type"":""MultiPoint"",""coordinates"":[]}"
20050103,2005-01-03,0.0,"{""type"":""MultiPoint"",""coordinates"":[]}"
20050104,2005-01-04,0.0,"{""type"":""MultiPoint"",""coordinates"":[]}"
20050105,2005-01-05,0.0,"{""type"":""MultiPoint"",""coordinates"":[]}"
20050106,2005-01-06,0.0,"{""type"":""MultiPoint"",""coordinates"":[]}"
20050107,2005-01-07,0.0,"{""type"":""MultiPoint"",""coordinates"":[]}"
20050108,2005-01-08,0.0,"{""type"":""MultiPoint"",""coordinates"":[]}"
20050109,2005-01-09,0.0,"{""type"":""MultiPoint"",""coordinates"":[]}"
20050110,2005-01-10,0.0,"{""type"":""MultiPoint"",""coordinates"":[]}"
20050111,2005-01-11,0.0,"{""type"":""MultiPoint"",""coordinates"":[]}"
20050112,2005-01-12,0.0,"{""type"":""MultiPoint"",""coordinates"":[]}"
20050113,2005-01-13,0.0,"{""type"":""MultiPoint"",""coordinates"":[]}"
20050114,2005-01-14,0.0,"{""type"":""MultiPoint"",""coordinates"":[]}"
20050115,2005-01-15,0.0,"{""type"":""MultiPoint"",""coordinates"":[]}"
20050116,2005-01-16,0.0,"{""type"":""MultiPoint"",""coordinates"":[]}"
20050117,2005-01-17,0.0,"{""type"":""MultiPoint"",""coordinates"":[]}"
20050118,2005-01-18,0.0,"{""type"":""MultiPoint"",""coordinates"":[]}"
20050119,2005-01-19,0.0,"{""type"":""MultiPoint"",""coordinates"":[]}"
20050120,2005-01-20,0.0,"{""type"":""MultiPoint"",""coordinates"":[]}"
20050121,2005-01-21,0.0,"{""type"":""MultiPoint"",""coordinates"":[]}"
20050122,2005-01-22,0.0,"{""type"":""MultiPoint"",""coordinates"":[]}"
20050123,2005-01-23,0.006697016253260438,"{""type"":""MultiPoint"",""coordinates"":[]}"
20050124,2005-01-24,0.0,"{""type"":""MultiPoint"",""coordinates"":[]}"
20050125,2005-01-25,0.06502852743441158,"{""type"":""MultiPoint"",""coordinates"":[]}"
20050126,2005-01-26,0.5711795785801312,"{""type"":""MultiPoint"",""coordinates"":[]}"
20050127,2005-01-27,0.0,"{""type"":""MultiPoint"",""coordinates"":[]}"
20050128,2005-01-28,0.3860839952207359,"{""type"":""MultiPoint"",""coordinates"":[]}"
20050129,2005-01-29,0.1500634707374332,"{""type"":""MultiPoint"",""coordinates"":[]}"
20050130,2005-01-30,0.0,"{""type"":""MultiPoint"",""coordinates"":[]}"
20050131,2005-01-31,0.0,"{""type"":""MultiPoint"",""coordinates"":[]}"
20050201,2005-02-01,4.833989386288527,"{""type"":""MultiPoint"",""coordinates"":[]}"
20050202,2005-02-02,0.038958785277403665,"{""type"":""MultiPoint"",""coordinates"":[]}"
20050203,2005-02-03,0.0,"{""type"":""MultiPoint"",""coordinates"":[]}"
20050204,2005-02-04,0.0,"{""type"":""MultiPoint"",""coordinates"":[]}"
20050205,2005-02-05,0.0,"{""type"":""MultiPoint"",""coordinates"":[]}"
20050206,2005-02-06,0.0,"{""type"":""MultiPoint"",""coordinates"":[]}"
20050207,2005-02-07,0.0,"{""type"":""MultiPoint"",""coordinates"":[]}"
20050208,2005-02-08,0.0,"{""type"":""MultiPoint"",""coordinates"":[]}"
20050209,2005-02-09,0.018894142111628577,"{""type"":""MultiPoint"",""coordinates"":[]}"
20050210,2005-02-10,0.03124513505907955,"{""type"":""MultiPoint"",""coordinates"":[]}"
20050211,2005-02-11,0.0,"{""type"":""MultiPoint"",""coordinates"":[]}"
20050212,2005-02-12,0.0,"{""type"":""MultiPoint"",""coordinates"":[]}"
20050213,2005-02-13,0.0,"{""type"":""MultiPoint"",""coordinates"":[]}"
20050214,2005-02-14,0.0,"{""type"":""MultiPoint"",""coordinates"":[]}"
20050215,2005-02-15,0.0,"{""type"":""MultiPoint"",""coordinates"":[]}"
20050216,2005-02-16,0.0,"{""type"":""MultiPoint"",""coordinates"":[]}"
20050217,2005-02-17,0.0,"{""type"":""MultiPoint"",""coordinates"":[]}"
20050218,2005-02-18,0.0,"{""type"":""MultiPoint"",""coordinates"":[]}"
20050219,2005-02-19,0.0,"{""type"":""MultiPoint"",""coordinates"":[]}"
20050220,2005-02-20,0.001967157359351197,"{""type"":""MultiPoint"",""coordinates"":[]}"
20050221,2005-02-21,0.0,"{""type"":""MultiPoint"",""coordinates"":[]}"
20050222,2005-02-22,0.0,"{""type"":""MultiPoint"",""coordinates"":[]}"
20050223,2005-02-23,0.0,"{""type"":""MultiPoint"",""coordinates"":[]}"
20050224,2005-02-24,0.01867608045916306,"{""type"":""MultiPoint"",""coordinates"":[]}"
20050225,2005-02-25,0.367065998922762,"{""type"":""MultiPoint"",""coordinates"":[]}"
20050226,2005-02-26,0.0,"{""type"":""MultiPoint"",""coordinates"":[]}"
20050227,2005-02-27,0.0,"{""type"":""MultiPoint"",""coordinates"":[]}"
20050228,2005-02-28,0.0,"{""type"":""MultiPoint"",""coordinates"":[]}"
20050301,2005-03-01,0.0,"{""type"":""MultiPoint"",""coordinates"":[]}"
20050302,2005-03-02,0.0,"{""type"":""MultiPoint"",""coordinates"":[]}"
20050303,2005-03-03,0.0,"{""type"":""MultiPoint"",""coordinates"":[]}"
20050304,2005-03-04,0.0,"{""type"":""MultiPoint"",""coordinates"":[]}"
20050305,2005-03-05,0.0,"{""type"":""MultiPoint"",""coordinates"":[]}"
20050306,2005-03-06,0.0,"{""type"":""MultiPoint"",""coordinates"":[]}"
20050307,2005-03-07,0.0,"{""type"":""MultiPoint"",""coordinates"":[]}"
20050308,2005-03-08,0.0,"{""type"":""MultiPoint"",""coordinates"":[]}"
20050309,2005-03-09,0.19755704171594146,"{""type"":""MultiPoint"",""coordinates"":[]}"
20050310,2005-03-10,0.9837059479600693,"{""type"":""MultiPoint"",""coordinates"":[]}"
20050311,2005-03-11,0.0,"{""type"":""MultiPoint"",""coordinates"":[]}"
20050312,2005-03-12,0.04931139215131018,"{""type"":""MultiPoint"",""coordinates"":[]}"
20050313,2005-03-13,3.243541196131529,"{""type"":""MultiPoint"",""coordinates"":[]}"
20050314,2005-03-14,0.0,"{""type"":""MultiPoint"",""coordinates"":[]}"
20050315,2005-03-15,0.0,"{""type"":""MultiPoint"",""coordinates"":[]}"
20050316,2005-03-16,0.11910046528770382,"{""type"":""MultiPoint"",""coordinates"":[]}"
20050317,2005-03-17,0.0,"{""type"":""MultiPoint"",""coordinates"":[]}"
20050318,2005-03-18,0.0,"{""type"":""MultiPoint"",""coordinates"":[]}"
20050319,2005-03-19,0.0,"{""type"":""MultiPoint"",""coordinates"":[]}"
20050320,2005-03-20,0.0,"{""type"":""MultiPoint"",""coordinates"":[]}"
20050321,2005-03-21,0.0,"{""type"":""MultiPoint"",""coordinates"":[]}"
20050322,2005-03-22,0.0,"{""type"":""MultiPoint"",""coordinates"":[]}"
20050323,2005-03-23,0.0,"{""type"":""MultiPoint"",""coordinates"":[]}"
20050324,2005-03-24,0.0038396424210256296,"{""type"":""MultiPoint"",""coordinates"":[]}"
20050325,2005-03-25,0.0,"{""type"":""MultiPoint"",""coordinates"":[]}"
20050326,2005-03-26,0.0,"{""type"":""MultiPoint"",""coordinates"":[]}"
20050327,2005-03-27,0.0,"{""type"":""MultiPoint"",""coordinates"":[]}"
20050328,2005-03-28,0.0,"{""type"":""MultiPoint"",""coordinates"":[]}"
20050329,2005-03-29,0.3841345339718563,"{""type"":""MultiPoint"",""coordinates"":[]}"
20050330,2005-03-30,0.08715604897590547,"{""type"":""MultiPoint"",""coordinates"":[]}"
20050331,2005-03-31,0.0,"{""type"":""MultiPoint"",""coordinates"":[]}"
20050401,2005-04-01,0.0,"{""type"":""MultiPoint"",""coordinates"":[]}"
20050402,2005-04-02,0.047232558464562036,"{""type"":""MultiPoint"",""coordinates"":[]}"
20050403,2005-04-03,0.5148215844362451,"{""type"":""MultiPoint"",""coordinates"":[]}"
20050404,2005-04-04,0.0,"{""type"":""MultiPoint"",""coordinates"":[]}"
20050405,2005-04-05,0.0,"{""type"":""MultiPoint"",""coordinates"":[]}"
20050406,2005-04-06,0.0,"{""type"":""MultiPoint"",""coordinates"":[]}"
20050407,2005-04-07,0.0,"{""type"":""MultiPoint"",""coordinates"":[]}"
20050408,2005-04-08,0.0,"{""type"":""MultiPoint"",""coordinates"":[]}"
20050409,2005-04-09,0.7039884996528749,"{""type"":""MultiPoint"",""coordinates"":[]}"
20050410,2005-04-10,3.978851949034627,"{""type"":""MultiPoint"",""coordinates"":[]}"
20050411,2005-04-11,2.353344738800542,"{""type"":""MultiPoint"",""coordinates"":[]}"
20050412,2005-04-12,0.37487986614478225,"{""type"":""MultiPoint"",""coordinates"":[]}"
20050413,2005-04-13,0.0,"{""type"":""MultiPoint"",""coordinates"":[]}"
20050414,2005-04-14,0.14844395312276773,"{""type"":""MultiPoint"",""coordinates"":[]}"
20050415,2005-04-15,0.0,"{""type"":""MultiPoint"",""coordinates"":[]}"
20050416,2005-04-16,0.0,"{""type"":""MultiPoint"",""coordinates"":[]}"
20050417,2005-04-17,4.84239381169106,"{""type"":""MultiPoint"",""coordinates"":[]}"
20050418,2005-04-18,0.5714397675044777,"{""type"":""MultiPoint"",""coordinates"":[]}"
20050419,2005-04-19,0.0,"{""type"":""MultiPoint"",""coordinates"":[]}"
20050420,2005-04-20,3.6993737167300123,"{""type"":""MultiPoint"",""coordinates"":[]}"
20050421,2005-04-21,0.0,"{""type"":""MultiPoint"",""coordinates"":[]}"
20050422,2005-04-22,0.6201531063199464,"{""type"":""MultiPoint"",""coordinates"":[]}"
20050423,2005-04-23,0.13759473656418544,"{""type"":""MultiPoint"",""coordinates"":[]}"
20050424,2005-04-24,0.6789807435974554,"{""type"":""MultiPoint"",""coordinates"":[]}"
20050425,2005-04-25,0.323444527103778,"{""type"":""MultiPoint"",""coordinates"":[]}"
20050426,2005-04-26,0.0,"{""type"":""MultiPoint"",""coordinates"":[]}"
20050427,2005-04-27,0.3855135356659441,"{""type"":""MultiPoint"",""coordinates"":[]}"
20050428,2005-04-28,0.7867200192244774,"{""type"":""MultiPoint"",""coordinates"":[]}"
20050429,2005-04-29,3.1301534719460236,"{""type"":""MultiPoint"",""coordinates"":[]}"
20050430,2005-04-30,1.6854444833648055,"{""type"":""MultiPoint"",""coordinates"":[]}"
20050501,2005-05-01,3.0030388472065477,"{""type"":""MultiPoint"",""coordinates"":[]}"
20050502,2005-05-02,0.2065425673169413,"{""type"":""MultiPoint"",""coordinates"":[]}"
20050503,2005-05-03,0.2577590341396573,"{""type"":""MultiPoint"",""coordinates"":[]}"
20050504,2005-05-04,0.0,"{""type"":""MultiPoint"",""coordinates"":[]}"
20050505,2005-05-05,0.1579037183056657,"{""type"":""MultiPoint"",""coordinates"":[]}"
20050506,2005-05-06,1.2183081432311553,"{""type"":""MultiPoint"",""coordinates"":[]}"
20050507,2005-05-07,3.896486051547322,"{""type"":""MultiPoint"",""coordinates"":[]}"
20050508,2005-05-08,0.9471045478676897,"{""type"":""MultiPoint"",""coordinates"":[]}"
20050509,2005-05-09,0.0,"{""type"":""MultiPoint"",""coordinates"":[]}"
20050510,2005-05-10,4.289368822039175,"{""type"":""MultiPoint"",""coordinates"":[]}"
20050511,2005-05-11,0.0,"{""type"":""MultiPoint"",""coordinates"":[]}"
20050512,2005-05-12,2.2483467858304187,"{""type"":""MultiPoint"",""coordinates"":[]}"
20050513,2005-05-13,0.0,"{""type"":""MultiPoint"",""coordinates"":[]}"
20050514,2005-05-14,0.09270971479029964,"{""type"":""MultiPoint"",""coordinates"":[]}"
20050515,2005-05-15,0.07007899436550458,"{""type"":""MultiPoint"",""coordinates"":[]}"
20050516,2005-05-16,0.0,"{""type"":""MultiPoint"",""coordinates"":[]}"
20050517,2005-05-17,0.0,"{""type"":""MultiPoint"",""coordinates"":[]}"
20050518,2005-05-18,0.0,"{""type"":""MultiPoint"",""coordinates"":[]}"
20050519,2005-05-19,0.0,"{""type"":""MultiPoint"",""coordinates"":[]}"
20050520,2005-05-20,0.0,"{""type"":""MultiPoint"",""coordinates"":[]}"
20050521,2005-05-21,0.0,"{""type"":""MultiPoint"",""coordinates"":[]}"
20050522,2005-05-22,0.0,"{""type"":""MultiPoint"",""coordinates"":[]}"
20050523,2005-05-23,0.0,"{""type"":""MultiPoint"",""coordinates"":[]}"
20050524,2005-05-24,0.0,"{""type"":""MultiPoint"",""coordinates"":[]}"
20050525,2005-05-25,0.6408820112107486,"{""type"":""MultiPoint"",""coordinates"":[]}"
20050526,2005-05-26,9.948897949015299,"{""type"":""MultiPoint"",""coordinates"":[]}"
20050527,2005-05-27,0.8966882207778377,"{""type"":""MultiPoint"",""coordinates"":[]}"
20050528,2005-05-28,0.059274003562934836,"{""type"":""MultiPoint"",""coordinates"":[]}"
20050529,2005-05-29,4.797839754242993,"{""type"":""MultiPoint"",""coordinates"":[]}"
20050530,2005-05-30,0.8789525776270558,"{""type"":""MultiPoint"",""coordinates"":[]}"
20050531,2005-05-31,1.894782318865852,"{""type"":""MultiPoint"",""coordinates"":[]}"
20050601,2005-06-01,7.706827397929183,"{""type"":""MultiPoint"",""coordinates"":[]}"
20050602,2005-06-02,3.804744643056634,"{""type"":""MultiPoint"",""coordinates"":[]}"
20050603,2005-06-03,1.6923762919339518,"{""type"":""MultiPoint"",""coordinates"":[]}"
20050604,2005-06-04,2.346048900844554,"{""type"":""MultiPoint"",""coordinates"":[]}"
20050605,2005-06-05,0.0,"{""type"":""MultiPoint"",""coordinates"":[]}"
20050606,2005-06-06,6.2371326940651795,"{""type"":""MultiPoint"",""coordinates"":[]}"
20050607,2005-06-07,1.3458312933948786,"{""type"":""MultiPoint"",""coordinates"":[]}"
20050608,2005-06-08,5.103041293073537,"{""type"":""MultiPoint"",""coordinates"":[]}"
20050609,2005-06-09,0.0,"{""type"":""MultiPoint"",""coordinates"":[]}"
20050610,2005-06-10,0.19339405000768164,"{""type"":""MultiPoint"",""coordinates"":[]}"
20050611,2005-06-11,0.0,"{""type"":""MultiPoint"",""coordinates"":[]}"
20050612,2005-06-12,0.0,"{""type"":""MultiPoint"",""coordinates"":[]}"
20050613,2005-06-13,0.2610029721528607,"{""type"":""MultiPoint"",""coordinates"":[]}"
20050614,2005-06-14,0.0,"{""type"":""MultiPoint"",""coordinates"":[]}"
20050615,2005-06-15,3.258221600580363,"{""type"":""MultiPoint"",""coordinates"":[]}"
20050616,2005-06-16,3.3611322184179113,"{""type"":""MultiPoint"",""coordinates"":[]}"
20050617,2005-06-17,3.1166873637751666,"{""type"":""MultiPoint"",""coordinates"":[]}"
20050618,2005-06-18,0.0,"{""type"":""MultiPoint"",""coordinates"":[]}"
20050619,2005-06-19,0.18803464055741884,"{""type"":""MultiPoint"",""coordinates"":[]}"
20050620,2005-06-20,3.9252529728811756,"{""type"":""MultiPoint"",""coordinates"":[]}"
20050621,2005-06-21,7.424720534388843,"{""type"":""MultiPoint"",""coordinates"":[]}"
20050622,2005-06-22,4.216289266805001,"{""type"":""MultiPoint"",""coordinates"":[]}"
20050623,2005-06-23,0.4368713373714215,"{""type"":""MultiPoint"",""coordinates"":[]}"
20050624,2005-06-24,3.8825619177707527,"{""type"":""MultiPoint"",""coordinates"":[]}"
20050625,2005-06-25,14.792129973164553,"{""type"":""MultiPoint"",""coordinates"":[]}"
20050626,2005-06-26,7.513928054536181,"{""type"":""MultiPoint"",""coordinates"":[]}"
20050627,2005-06-27,9.443375631464324,"{""type"":""MultiPoint"",""coordinates"":[]}"
20050628,2005-06-28,9.067858685618207,"{""type"":""MultiPoint"",""coordinates"":[]}"
20050629,2005-06-29,8.293921213031888,"{""type"":""MultiPoint"",""coordinates"":[]}"
20050630,2005-06-30,5.032274443158534,"{""type"":""MultiPoint"",""coordinates"":[]}"
20050701,2005-07-01,0.03659179615358005,"{""type"":""MultiPoint"",""coordinates"":[]}"
20050702,2005-07-02,0.09714103539627099,"{""type"":""MultiPoint"",""coordinates"":[]}"
20050703,2005-07-03,7.522103401159405,"{""type"":""MultiPoint"",""coordinates"":[]}"
20050704,2005-07-04,1.1606844700169212,"{""type"":""MultiPoint"",""coordinates"":[]}"
20050705,2005-07-05,10.555941274996469,"{""type"":""MultiPoint"",""coordinates"":[]}"
20050706,2005-07-06,18.322570720656767,"{""type"":""MultiPoint"",""coordinates"":[]}"
20050707,2005-07-07,15.186187534809015,"{""type"":""MultiPoint"",""coordinates"":[]}"
20050708,2005-07-08,7.199263470859571,"{""type"":""MultiPoint"",""coordinates"":[]}"
20050709,2005-07-09,1.1172823726588306,"{""type"":""MultiPoint"",""coordinates"":[]}"
20050710,2005-07-10,0.0,"{""type"":""MultiPoint"",""coordinates"":[]}"
20050711,2005-07-11,0.0,"{""type"":""MultiPoint"",""coordinates"":[]}"
20050712,2005-07-12,0.0,"{""type"":""MultiPoint"",""coordinates"":[]}"
20050713,2005-07-13,1.7525908844858133,"{""type"":""MultiPoint"",""coordinates"":[]}"
20050714,2005-07-14,14.742372615843596,"{""type"":""MultiPoint"",""coordinates"":[]}"
20050715,2005-07-15,4.72801643473631,"{""type"":""MultiPoint"",""coordinates"":[]}"
20050716,2005-07-16,7.530937831663374,"{""type"":""MultiPoint"",""coordinates"":[]}"
20050717,2005-07-17,2.3814507429488736,"{""type"":""MultiPoint"",""coordinates"":[]}"
20050718,2005-07-18,0.1946239587520681,"{""type"":""MultiPoint"",""coordinates"":[]}"
20050719,2005-07-19,0.04629749989435488,"{""type"":""MultiPoint"",""coordinates"":[]}"
20050720,2005-07-20,15.78702441802951,"{""type"":""MultiPoint"",""coordinates"":[]}"
20050721,2005-07-21,15.96251151310492,"{""type"":""MultiPoint"",""coordinates"":[]}"
20050722,2005-07-22,23.62678767511836,"{""type"":""MultiPoint"",""coordinates"":[]}"
20050723,2005-07-23,20.120151662787663,"{""type"":""MultiPoint"",""coordinates"":[]}"
20050724,2005-07-24,26.43116963766018,"{""type"":""MultiPoint"",""coordinates"":[]}"
20050725,2005-07-25,6.232707465175034,"{""type"":""MultiPoint"",""coordinates"":[]}"
20050726,2005-07-26,1.140478225859376,"{""type"":""MultiPoint"",""coordinates"":[]}"
20050727,2005-07-27,0.0,"{""type"":""MultiPoint"",""coordinates"":[]}"
20050728,2005-07-28,1.134968356691629,"{""type"":""MultiPoint"",""coordinates"":[]}"
20050729,2005-07-29,3.0356793949998107,"{""type"":""MultiPoint"",""coordinates"":[]}"
20050730,2005-07-30,12.95252413030167,"{""type"":""MultiPoint"",""coordinates"":[]}"
20050731,2005-07-31,19.476120775851477,"{""type"":""MultiPoint"",""coordinates"":[]}"
20050801,2005-08-01,8.538135964414476,"{""type"":""MultiPoint"",""coordinates"":[]}"
20050802,2005-08-02,8.140789867311915,"{""type"":""MultiPoint"",""coordinates"":[]}"
20050803,2005-08-03,18.413377450103113,"{""type"":""MultiPoint"",""coordinates"":[]}"
20050804,2005-08-04,19.86592870602681,"{""type"":""MultiPoint"",""coordinates"":[]}"
20050805,2005-08-05,0.6274199266746292,"{""type"":""MultiPoint"",""coordinates"":[]}"
20050806,2005-08-06,0.16999245980856442,"{""type"":""MultiPoint"",""coordinates"":[]}"
20050807,2005-08-07,6.164766246035602,"{""type"":""MultiPoint"",""coordinates"":[]}"
20050808,2005-08-08,8.932228741870155,"{""type"":""MultiPoint"",""coordinates"":[]}"
20050809,2005-08-09,0.012266831870548747,"{""type"":""MultiPoint"",""coordinates"":[]}"
20050810,2005-08-10,0.025024427783563074,"{""type"":""MultiPoint"",""coordinates"":[]}"
20050811,2005-08-11,0.16093508388317748,"{""type"":""MultiPoint"",""coordinates"":[]}"
20050812,2005-08-12,0.0,"{""type"":""MultiPoint"",""coordinates"":[]}"
20050813,2005-08-13,0.0,"{""type"":""MultiPoint"",""coordinates"":[]}"
20050814,2005-08-14,5.5722645400073345,"{""type"":""MultiPoint"",""coordinates"":[]}"
20050815,2005-08-15,13.593748510660324,"{""type"":""MultiPoint"",""coordinates"":[]}"
20050816,2005-08-16,2.5929810670435938,"{""type"":""MultiPoint"",""coordinates"":[]}"
20050817,2005-08-17,0.0,"{""type"":""MultiPoint"",""coordinates"":[]}"
20050818,2005-08-18,18.38484480961753,"{""type"":""MultiPoint"",""coordinates"":[]}"
20050819,2005-08-19,12.038302760184747,"{""type"":""MultiPoint"",""coordinates"":[]}"
20050820,2005-08-20,0.8899440357322438,"{""type"":""MultiPoint"",""coordinates"":[]}"
20050821,2005-08-21,0.0,"{""type"":""MultiPoint"",""coordinates"":[]}"
20050822,2005-08-22,4.177942969739713,"{""type"":""MultiPoint"",""coordinates"":[]}"
20050823,2005-08-23,0.04860132319524309,"{""type"":""MultiPoint"",""coordinates"":[]}"
20050824,2005-08-24,5.8207466406651855,"{""type"":""MultiPoint"",""coordinates"":[]}"
20050825,2005-08-25,0.0,"{""type"":""MultiPoint"",""coordinates"":[]}"
20050826,2005-08-26,0.0,"{""type"":""MultiPoint"",""coordinates"":[]}"
20050827,2005-08-27,3.4009706005869567,"{""type"":""MultiPoint"",""coordinates"":[]}"
20050828,2005-08-28,3.0537897487874264,"{""type"":""MultiPoint"",""coordinates"":[]}"
20050829,2005-08-29,1.533364215966359,"{""type"":""MultiPoint"",""coordinates"":[]}"
20050830,2005-08-30,5.606348936854001,"{""type"":""MultiPoint"",""coordinates"":[]}"
20050831,2005-08-31,0.1476918213761963,"{""type"":""MultiPoint"",""coordinates"":[]}"
20050901,2005-09-01,0.143837583769479,"{""type"":""MultiPoint"",""coordinates"":[]}"
20050902,2005-09-02,0.0,"{""type"":""MultiPoint"",""coordinates"":[]}"
20050903,2005-09-03,0.06708995212695434,"{""type"":""MultiPoint"",""coordinates"":[]}"
20050904,2005-09-04,0.055688865637668374,"{""type"":""MultiPoint"",""coordinates"":[]}"
20050905,2005-09-05,0.02673699603612251,"{""type"":""MultiPoint"",""coordinates"":[]}"
20050906,2005-09-06,0.14506850604375754,"{""type"":""MultiPoint"",""coordinates"":[]}"
20050907,2005-09-07,15.575092426367222,"{""type"":""MultiPoint"",""coordinates"":[]}"
20050908,2005-09-08,39.726633214375674,"{""type"":""MultiPoint"",""coordinates"":[]}"
20050909,2005-09-09,39.75252862449481,"{""type"":""MultiPoint"",""coordinates"":[]}"
20050910,2005-09-10,17.88618093598562,"{""type"":""MultiPoint"",""coordinates"":[]}"
20050911,2005-09-11,43.55627890454446,"{""type"":""MultiPoint"",""coordinates"":[]}"
20050912,2005-09-12,39.270563932604375,"{""type"":""MultiPoint"",""coordinates"":[]}"
20050913,2005-09-13,34.16718908941099,"{""type"":""MultiPoint"",""coordinates"":[]}"
20050914,2005-09-14,4.62509223830406,"{""type"":""MultiPoint"",""coordinates"":[]}"
20050915,2005-09-15,6.136903195576761,"{""type"":""MultiPoint"",""coordinates"":[]}"
20050916,2005-09-16,9.12490762816388,"{""type"":""MultiPoint"",""coordinates"":[]}"
20050917,2005-09-17,0.24983753614958118,"{""type"":""MultiPoint"",""coordinates"":[]}"
20050918,2005-09-18,64.24972745892906,"{""type"":""MultiPoint"",""coordinates"":[]}"
20050919,2005-09-19,72.14640243215977,"{""type"":""MultiPoint"",""coordinates"":[]}"
20050920,2005-09-20,10.805070624325966,"{""type"":""MultiPoint"",""coordinates"":[]}"
20050921,2005-09-21,1.7816743478016406,"{""type"":""MultiPoint"",""coordinates"":[]}"
20050922,2005-09-22,7.099293840893435,"{""type"":""MultiPoint"",""coordinates"":[]}"
20050923,2005-09-23,2.4993878506839544,"{""type"":""MultiPoint"",""coordinates"":[]}"
20050924,2005-09-24,0.0,"{""type"":""MultiPoint"",""coordinates"":[]}"
20050925,2005-09-25,6.313738718213403,"{""type"":""MultiPoint"",""coordinates"":[]}"
20050926,2005-09-26,0.0,"{""type"":""MultiPoint"",""coordinates"":[]}"
20050927,2005-09-27,3.4260452282605054,"{""type"":""MultiPoint"",""coordinates"":[]}"
20050928,2005-09-28,19.02843496320152,"{""type"":""MultiPoint"",""coordinates"":[]}"
20050929,2005-09-29,19.072725129517963,"{""type"":""MultiPoint"",""coordinates"":[]}"
20050930,2005-09-30,16.05035167309649,"{""type"":""MultiPoint"",""coordinates"":[]}"
20051001,2005-10-01,17.544279806740416,"{""type"":""MultiPoint"",""coordinates"":[]}"
20051002,2005-10-02,0.6070366520384944,"{""type"":""MultiPoint"",""coordinates"":[]}"
20051003,2005-10-03,0.0,"{""type"":""MultiPoint"",""coordinates"":[]}"
20051004,2005-10-04,0.0,"{""type"":""MultiPoint"",""coordinates"":[]}"
20051005,2005-10-05,2.4568753187905346,"{""type"":""MultiPoint"",""coordinates"":[]}"
20051006,2005-10-06,5.429856903296457,"{""type"":""MultiPoint"",""coordinates"":[]}"
20051007,2005-10-07,1.5311690004500065,"{""type"":""MultiPoint"",""coordinates"":[]}"
20051008,2005-10-08,1.3805234263045694,"{""type"":""MultiPoint"",""coordinates"":[]}"
20051009,2005-10-09,1.0192935900417115,"{""type"":""MultiPoint"",""coordinates"":[]}"
20051010,2005-10-10,6.981592453292809,"{""type"":""MultiPoint"",""coordinates"":[]}"
20051011,2005-10-11,10.933560193461288,"{""type"":""MultiPoint"",""coordinates"":[]}"
20051012,2005-10-12,21.26476666520016,"{""type"":""MultiPoint"",""coordinates"":[]}"
20051013,2005-10-13,39.29864412349489,"{""type"":""MultiPoint"",""coordinates"":[]}"
20051014,2005-10-14,33.98990377366326,"{""type"":""MultiPoint"",""coordinates"":[]}"
20051015,2005-10-15,41.996522804289185,"{""type"":""MultiPoint"",""coordinates"":[]}"
20051016,2005-10-16,0.6809214592799778,"{""type"":""MultiPoint"",""coordinates"":[]}"
20051017,2005-10-17,13.196623415483359,"{""type"":""MultiPoint"",""coordinates"":[]}"
20051018,2005-10-18,36.376459803931546,"{""type"":""MultiPoint"",""coordinates"":[]}"
20051019,2005-10-19,19.217395008268518,"{""type"":""MultiPoint"",""coordinates"":[]}"
20051020,2005-10-20,34.11183080091164,"{""type"":""MultiPoint"",""coordinates"":[]}"
20051021,2005-10-21,37.43806801930304,"{""type"":""MultiPoint"",""coordinates"":[]}"
20051022,2005-10-22,31.273612222041137,"{""type"":""MultiPoint"",""coordinates"":[]}"
20051023,2005-10-23,2.5585194477161273,"{""type"":""MultiPoint"",""coordinates"":[]}"
20051024,2005-10-24,22.30775637832544,"{""type"":""MultiPoint"",""coordinates"":[]}"
20051025,2005-10-25,16.48015637237907,"{""type"":""MultiPoint"",""coordinates"":[]}"
20051026,2005-10-26,52.298724555262964,"{""type"":""MultiPoint"",""coordinates"":[]}"
20051027,2005-10-27,56.06107661862249,"{""type"":""MultiPoint"",""coordinates"":[]}"
20051028,2005-10-28,0.0,"{""type"":""MultiPoint"",""coordinates"":[]}"
20051029,2005-10-29,0.6746407351848767,"{""type"":""MultiPoint"",""coordinates"":[]}"
20051030,2005-10-30,0.9541211684434526,"{""type"":""MultiPoint"",""coordinates"":[]}"
20051031,2005-10-31,10.068236617825065,"{""type"":""MultiPoint"",""coordinates"":[]}"
20051101,2005-11-01,18.006969720581743,"{""type"":""MultiPoint"",""coordinates"":[]}"
20051102,2005-11-02,7.12892643954846,"{""type"":""MultiPoint"",""coordinates"":[]}"
20051103,2005-11-03,2.3286894868203163,"{""type"":""MultiPoint"",""coordinates"":[]}"
20051104,2005-11-04,0.0,"{""type"":""MultiPoint"",""coordinates"":[]}"
20051105,2005-11-05,0.02704587446542075,"{""type"":""MultiPoint"",""coordinates"":[]}"
20051106,2005-11-06,3.3776324811825518,"{""type"":""MultiPoint"",""coordinates"":[]}"
20051107,2005-11-07,0.006039934678159574,"{""type"":""MultiPoint"",""coordinates"":[]}"
20051108,2005-11-08,0.15917902636127057,"{""type"":""MultiPoint"",""coordinates"":[]}"
20051109,2005-11-09,1.9750285842149147,"{""type"":""MultiPoint"",""coordinates"":[]}"
20051110,2005-11-10,0.4772481690973111,"{""type"":""MultiPoint"",""coordinates"":[]}"
20051111,2005-11-11,0.0,"{""type"":""MultiPoint"",""coordinates"":[]}"
20051112,2005-11-12,0.0,"{""type"":""MultiPoint"",""coordinates"":[]}"
20051113,2005-11-13,0.0,"{""type"":""MultiPoint"",""coordinates"":[]}"
20051114,2005-11-14,0.0,"{""type"":""MultiPoint"",""coordinates"":[]}"
20051115,2005-11-15,0.0,"{""type"":""MultiPoint"",""coordinates"":[]}"
20051116,2005-11-16,0.0,"{""type"":""MultiPoint"",""coordinates"":[]}"
20051117,2005-11-17,0.0,"{""type"":""MultiPoint"",""coordinates"":[]}"
20051118,2005-11-18,0.0,"{""type"":""MultiPoint"",""coordinates"":[]}"
20051119,2005-11-19,0.0,"{""type"":""MultiPoint"",""coordinates"":[]}"
20051120,2005-11-20,0.07465865884033948,"{""type"":""MultiPoint"",""coordinates"":[]}"
20051121,2005-11-21,1.4961539006810762,"{""type"":""MultiPoint"",""coordinates"":[]}"
20051122,2005-11-22,2.6549174949310346,"{""type"":""MultiPoint"",""coordinates"":[]}"
20051123,2005-11-23,0.25202574588084325,"{""type"":""MultiPoint"",""coordinates"":[]}"
20051124,2005-11-24,0.0,"{""type"":""MultiPoint"",""coordinates"":[]}"
20051125,2005-11-25,0.0,"{""type"":""MultiPoint"",""coordinates"":[]}"
20051126,2005-11-26,0.0,"{""type"":""MultiPoint"",""coordinates"":[]}"
20051127,2005-11-27,0.0,"{""type"":""MultiPoint"",""coordinates"":[]}"
20051128,2005-11-28,0.0,"{""type"":""MultiPoint"",""coordinates"":[]}"
20051129,2005-11-29,0.46423672510161956,"{""type"":""MultiPoint"",""coordinates"":[]}"
20051130,2005-11-30,0.5465904060445667,"{""type"":""MultiPoint"",""coordinates"":[]}"
20051201,2005-12-01,0.0,"{""type"":""MultiPoint"",""coordinates"":[]}"
20051202,2005-12-02,0.8957827937314234,"{""type"":""MultiPoint"",""coordinates"":[]}"
20051203,2005-12-03,0.2634926192077674,"{""type"":""MultiPoint"",""coordinates"":[]}"
20051204,2005-12-04,0.6322416487715251,"{""type"":""MultiPoint"",""coordinates"":[]}"
20051205,2005-12-05,0.0,"{""type"":""MultiPoint"",""coordinates"":[]}"
20051206,2005-12-06,0.0,"{""type"":""MultiPoint"",""coordinates"":[]}"
20051207,2005-12-07,0.0,"{""type"":""MultiPoint"",""coordinates"":[]}"
20051208,2005-12-08,0.0,"{""type"":""MultiPoint"",""coordinates"":[]}"
20051209,2005-12-09,0.0,"{""type"":""MultiPoint"",""coordinates"":[]}"
20051210,2005-12-10,0.0,"{""type"":""MultiPoint"",""coordinates"":[]}"
20051211,2005-12-11,0.0,"{""type"":""MultiPoint"",""coordinates"":[]}"
20051212,2005-12-12,0.0011875594544330308,"{""type"":""MultiPoint"",""coordinates"":[]}"
20051213,2005-12-13,0.0,"{""type"":""MultiPoint"",""coordinates"":[]}"
20051214,2005-12-14,0.0,"{""type"":""MultiPoint"",""coordinates"":[]}"
20051215,2005-12-15,0.0,"{""type"":""MultiPoint"",""coordinates"":[]}"
20051216,2005-12-16,0.0,"{""type"":""MultiPoint"",""coordinates"":[]}"
20051217,2005-12-17,0.0,"{""type"":""MultiPoint"",""coordinates"":[]}"
20051218,2005-12-18,0.0,"{""type"":""MultiPoint"",""coordinates"":[]}"
20051219,2005-12-19,0.30186164252800446,"{""type"":""MultiPoint"",""coordinates"":[]}"
20051220,2005-12-20,0.01278643901859856,"{""type"":""MultiPoint"",""coordinates"":[]}"
20051221,2005-12-21,0.14940615348034594,"{""type"":""MultiPoint"",""coordinates"":[]}"
20051222,2005-12-22,0.1192748000654693,"{""type"":""MultiPoint"",""coordinates"":[]}"
20051223,2005-12-23,0.007980288875570967,"{""type"":""MultiPoint"",""coordinates"":[]}"
20051224,2005-12-24,0.0,"{""type"":""MultiPoint"",""coordinates"":[]}"
20051225,2005-12-25,0.0,"{""type"":""MultiPoint"",""coordinates"":[]}"
20051226,2005-12-26,0.0,"{""type"":""MultiPoint"",""coordinates"":[]}"
20051227,2005-12-27,0.0,"{""type"":""MultiPoint"",""coordinates"":[]}"
20051228,2005-12-28,0.0,"{""type"":""MultiPoint"",""coordinates"":[]}"
20051229,2005-12-29,0.0,"{""type"":""MultiPoint"",""coordinates"":[]}"
20051230,2005-12-30,0.0,"{""type"":""MultiPoint"",""coordinates"":[]}"
20051231,2005-12-31,0.0,"{""type"":""MultiPoint"",""coordinates"":[]}"
20060101,2006-01-01,0.0,"{""type"":""MultiPoint"",""coordinates"":[]}"
20060102,2006-01-02,0.06167955896112331,"{""type"":""MultiPoint"",""coordinates"":[]}"
20060103,2006-01-03,0.11578410795165929,"{""type"":""MultiPoint"",""coordinates"":[]}"
20060104,2006-01-04,0.015586981546040895,"{""type"":""MultiPoint"",""coordinates"":[]}"
20060105,2006-01-05,0.3132567906170022,"{""type"":""MultiPoint"",""coordinates"":[]}"
20060106,2006-01-06,0.0,"{""type"":""MultiPoint"",""coordinates"":[]}"
20060107,2006-01-07,0.006228449976875953,"{""type"":""MultiPoint"",""coordinates"":[]}"
20060108,2006-01-08,0.0,"{""type"":""MultiPoint"",""coordinates"":[]}"
20060109,2006-01-09,0.10779197854948858,"{""type"":""MultiPoint"",""coordinates"":[]}"
20060110,2006-01-10,0.13052574119991123,"{""type"":""MultiPoint"",""coordinates"":[]}"
20060111,2006-01-11,0.0,"{""type"":""MultiPoint"",""coordinates"":[]}"
20060112,2006-01-12,0.0,"{""type"":""MultiPoint"",""coordinates"":[]}"
20060113,2006-01-13,0.0,"{""type"":""MultiPoint"",""coordinates"":[]}"
20060114,2006-01-14,0.02558444831639791,"{""type"":""MultiPoint"",""coordinates"":[]}"
20060115,2006-01-15,0.02558444831639791,"{""type"":""MultiPoint"",""coordinates"":[]}"
20060116,2006-01-16,0.0,"{""type"":""MultiPoint"",""coordinates"":[]}"
20060117,2006-01-17,0.04192446209712821,"{""type"":""MultiPoint"",""coordinates"":[]}"
20060118,2006-01-18,0.22043815353369767,"{""type"":""MultiPoint"",""coordinates"":[]}"
20060119,2006-01-19,0.0,"{""type"":""MultiPoint"",""coordinates"":[]}"
20060120,2006-01-20,0.0,"{""type"":""MultiPoint"",""coordinates"":[]}"
20060121,2006-01-21,0.0,"{""type"":""MultiPoint"",""coordinates"":[]}"
20060122,2006-01-22,0.0,"{""type"":""MultiPoint"",""coordinates"":[]}"
20060123,2006-01-23,0.0,"{""type"":""MultiPoint"",""coordinates"":[]}"
20060124,2006-01-24,0.0,"{""type"":""MultiPoint"",""coordinates"":[]}"
20060125,2006-01-25,0.0,"{""type"":""MultiPoint"",""coordinates"":[]}"
20060126,2006-01-26,0.0,"{""type"":""MultiPoint"",""coordinates"":[]}"
20060127,2006-01-27,0.0,"{""type"":""MultiPoint"",""coordinates"":[]}"
20060128,2006-01-28,0.0,"{""type"":""MultiPoint"",""coordinates"":[]}"
20060129,2006-01-29,0.0,"{""type"":""MultiPoint"",""coordinates"":[]}"
20060130,2006-01-30,0.17397851846908058,"{""type"":""MultiPoint"",""coordinates"":[]}"
20060131,2006-01-31,0.17397851846908058,"{""type"":""MultiPoint"",""coordinates"":[]}"
20060201,2006-02-01,0.0,"{""type"":""MultiPoint"",""coordinates"":[]}"
20060202,2006-02-02,0.0,"{""type"":""MultiPoint"",""coordinates"":[]}"
20060203,2006-02-03,0.0,"{""type"":""MultiPoint"",""coordinates"":[]}"
20060204,2006-02-04,0.1314420530254724,"{""type"":""MultiPoint"",""coordinates"":[]}"
20060205,2006-02-05,0.23752919309786005,"{""type"":""MultiPoint"",""coordinates"":[]}"
20060206,2006-02-06,0.0,"{""type"":""MultiPoint"",""coordinates"":[]}"
20060207,2006-02-07,0.0,"{""type"":""MultiPoint"",""coordinates"":[]}"
20060208,2006-02-08,0.0,"{""type"":""MultiPoint"",""coordinates"":[]}"
20060209,2006-02-09,1.474106468520909,"{""type"":""MultiPoint"",""coordinates"":[]}"
20060210,2006-02-10,0.5386334906445448,"{""type"":""MultiPoint"",""coordinates"":[]}"
20060211,2006-02-11,0.0,"{""type"":""MultiPoint"",""coordinates"":[]}"
20060212,2006-02-12,0.0,"{""type"":""MultiPoint"",""coordinates"":[]}"
20060213,2006-02-13,0.0,"{""type"":""MultiPoint"",""coordinates"":[]}"
20060214,2006-02-14,0.0,"{""type"":""MultiPoint"",""coordinates"":[]}"
20060215,2006-02-15,0.0,"{""type"":""MultiPoint"",""coordinates"":[]}"
20060216,2006-02-16,0.0,"{""type"":""MultiPoint"",""coordinates"":[]}"
20060217,2006-02-17,0.0,"{""type"":""MultiPoint"",""coordinates"":[]}"
20060218,2006-02-18,0.0,"{""type"":""MultiPoint"",""coordinates"":[]}"
20060219,2006-02-19,0.0,"{""type"":""MultiPoint"",""coordinates"":[]}"
20060220,2006-02-20,0.0,"{""type"":""MultiPoint"",""coordinates"":[]}"
20060221,2006-02-21,0.0,"{""type"":""MultiPoint"",""coordinates"":[]}"
20060222,2006-02-22,0.0,"{""type"":""MultiPoint"",""coordinates"":[]}"
20060223,2006-02-23,0.0,"{""type"":""MultiPoint"",""coordinates"":[]}"
20060224,2006-02-24,0.35622915334505434,"{""type"":""MultiPoint"",""coordinates"":[]}"
20060225,2006-02-25,0.6351725152040107,"{""type"":""MultiPoint"",""coordinates"":[]}"
20060226,2006-02-26,0.0,"{""type"":""MultiPoint"",""coordinates"":[]}"
20060227,2006-02-27,0.0,"{""type"":""MultiPoint"",""coordinates"":[]}"
20060228,2006-02-28,7.127792893035116E-4,"{""type"":""MultiPoint"",""coordinates"":[]}"
20060301,2006-03-01,0.0,"{""type"":""MultiPoint"",""coordinates"":[]}"
20060302,2006-03-02,0.0,"{""type"":""MultiPoint"",""coordinates"":[]}"
20060303,2006-03-03,3.7485894542670706,"{""type"":""MultiPoint"",""coordinates"":[]}"
20060304,2006-03-04,0.012081253412720044,"{""type"":""MultiPoint"",""coordinates"":[]}"
20060305,2006-03-05,2.016674078975167,"{""type"":""MultiPoint"",""coordinates"":[]}"
20060306,2006-03-06,0.0,"{""type"":""MultiPoint"",""coordinates"":[]}"
20060307,2006-03-07,0.0,"{""type"":""MultiPoint"",""coordinates"":[]}"
20060308,2006-03-08,0.0,"{""type"":""MultiPoint"",""coordinates"":[]}"
20060309,2006-03-09,0.0,"{""type"":""MultiPoint"",""coordinates"":[]}"
20060310,2006-03-10,1.8539077928071572,"{""type"":""MultiPoint"",""coordinates"":[]}"
20060311,2006-03-11,0.0,"{""type"":""MultiPoint"",""coordinates"":[]}"
20060312,2006-03-12,0.0,"{""type"":""MultiPoint"",""coordinates"":[]}"
20060313,2006-03-13,0.0,"{""type"":""MultiPoint"",""coordinates"":[]}"
20060314,2006-03-14,0.0,"{""type"":""MultiPoint"",""coordinates"":[]}"
20060315,2006-03-15,1.6727680180672346,"{""type"":""MultiPoint"",""coordinates"":[]}"
20060316,2006-03-16,1.1201233424280967,"{""type"":""MultiPoint"",""coordinates"":[]}"
20060317,2006-03-17,7.692516623880446E-4,"{""type"":""MultiPoint"",""coordinates"":[]}"
20060318,2006-03-18,0.0,"{""type"":""MultiPoint"",""coordinates"":[]}"
20060319,2006-03-19,0.0,"{""type"":""MultiPoint"",""coordinates"":[]}"
20060320,2006-03-20,0.0,"{""type"":""MultiPoint"",""coordinates"":[]}"
20060321,2006-03-21,0.0,"{""type"":""MultiPoint"",""coordinates"":[]}"
20060322,2006-03-22,0.0,"{""type"":""MultiPoint"",""coordinates"":[]}"
20060323,2006-03-23,0.0,"{""type"":""MultiPoint"",""coordinates"":[]}"
20060324,2006-03-24,0.0,"{""type"":""MultiPoint"",""coordinates"":[]}"
20060325,2006-03-25,0.0,"{""type"":""MultiPoint"",""coordinates"":[]}"
20060326,2006-03-26,0.0,"{""type"":""MultiPoint"",""coordinates"":[]}"
20060327,2006-03-27,0.0,"{""type"":""MultiPoint"",""coordinates"":[]}"
20060328,2006-03-28,0.0,"{""type"":""MultiPoint"",""coordinates"":[]}"
20060329,2006-03-29,0.0,"{""type"":""MultiPoint"",""coordinates"":[]}"
20060330,2006-03-30,0.0,"{""type"":""MultiPoint"",""coordinates"":[]}"
20060331,2006-03-31,0.0,"{""type"":""MultiPoint"",""coordinates"":[]}"
20060401,2006-04-01,0.0,"{""type"":""MultiPoint"",""coordinates"":[]}"
20060402,2006-04-02,0.0,"{""type"":""MultiPoint"",""coordinates"":[]}"
20060403,2006-04-03,0.0,"{""type"":""MultiPoint"",""coordinates"":[]}"
20060404,2006-04-04,0.00753816990225528,"{""type"":""MultiPoint"",""coordinates"":[]}"
20060405,2006-04-05,0.0,"{""type"":""MultiPoint"",""coordinates"":[]}"
20060406,2006-04-06,0.0,"{""type"":""MultiPoint"",""coordinates"":[]}"
20060407,2006-04-07,0.30113352293213475,"{""type"":""MultiPoint"",""coordinates"":[]}"
20060408,2006-04-08,0.36572917968007823,"{""type"":""MultiPoint"",""coordinates"":[]}"
20060409,2006-04-09,0.10575336239557535,"{""type"":""MultiPoint"",""coordinates"":[]}"
20060410,2006-04-10,0.748997347475336,"{""type"":""MultiPoint"",""coordinates"":[]}"
20060411,2006-04-11,0.0,"{""type"":""MultiPoint"",""coordinates"":[]}"
20060412,2006-04-12,0.0,"{""type"":""MultiPoint"",""coordinates"":[]}"
20060413,2006-04-13,0.0,"{""type"":""MultiPoint"",""coordinates"":[]}"
20060414,2006-04-14,0.0,"{""type"":""MultiPoint"",""coordinates"":[]}"
20060415,2006-04-15,0.0,"{""type"":""MultiPoint"",""coordinates"":[]}"
20060416,2006-04-16,21.785818452566442,"{""type"":""MultiPoint"",""coordinates"":[]}"
20060417,2006-04-17,16.540850347418587,"{""type"":""MultiPoint"",""coordinates"":[]}"
20060418,2006-04-18,0.0,"{""type"":""MultiPoint"",""coordinates"":[]}"
20060419,2006-04-19,0.16264415251317713,"{""type"":""MultiPoint"",""coordinates"":[]}"
20060420,2006-04-20,0.0,"{""type"":""MultiPoint"",""coordinates"":[]}"
20060421,2006-04-21,0.0,"{""type"":""MultiPoint"",""coordinates"":[]}"
20060422,2006-04-22,0.0,"{""type"":""MultiPoint"",""coordinates"":[]}"
20060423,2006-04-23,0.0,"{""type"":""MultiPoint"",""coordinates"":[]}"
20060424,2006-04-24,0.0,"{""type"":""MultiPoint"",""coordinates"":[]}"
20060425,2006-04-25,0.0,"{""type"":""MultiPoint"",""coordinates"":[]}"
20060426,2006-04-26,0.0,"{""type"":""MultiPoint"",""coordinates"":[]}"
20060427,2006-04-27,3.5084214116128694,"{""type"":""MultiPoint"",""coordinates"":[]}"
20060428,2006-04-28,0.40061918801171886,"{""type"":""MultiPoint"",""coordinates"":[]}"
20060429,2006-04-29,0.6710759896246621,"{""type"":""MultiPoint"",""coordinates"":[]}"
20060430,2006-04-30,7.930771446768781,"{""type"":""MultiPoint"",""coordinates"":[]}"
20060501,2006-05-01,3.9988895630005667,"{""type"":""MultiPoint"",""coordinates"":[]}"
20060502,2006-05-02,0.06648040124707832,"{""type"":""MultiPoint"",""coordinates"":[]}"
20060503,2006-05-03,0.7539773057350503,"{""type"":""MultiPoint"",""coordinates"":[]}"
20060504,2006-05-04,0.2408321008722401,"{""type"":""MultiPoint"",""coordinates"":[]}"
20060505,2006-05-05,0.08444060375866562,"{""type"":""MultiPoint"",""coordinates"":[]}"
20060506,2006-05-06,1.0830967629659243,"{""type"":""MultiPoint"",""coordinates"":[]}"
20060507,2006-05-07,0.0,"{""type"":""MultiPoint"",""coordinates"":[]}"
20060508,2006-05-08,0.2903455823555453,"{""type"":""MultiPoint"",""coordinates"":[]}"
20060509,2006-05-09,0.0,"{""type"":""MultiPoint"",""coordinates"":[]}"
20060510,2006-05-10,0.0,"{""type"":""MultiPoint"",""coordinates"":[]}"
20060511,2006-05-11,2.5340249943681727,"{""type"":""MultiPoint"",""coordinates"":[]}"
20060512,2006-05-12,0.6497416449953162,"{""type"":""MultiPoint"",""coordinates"":[]}"
20060513,2006-05-13,7.423996673287933,"{""type"":""MultiPoint"",""coordinates"":[]}"
20060514,2006-05-14,0.22740284515269588,"{""type"":""MultiPoint"",""coordinates"":[]}"
20060515,2006-05-15,0.0,"{""type"":""MultiPoint"",""coordinates"":[]}"
20060516,2006-05-16,7.704846248388336,"{""type"":""MultiPoint"",""coordinates"":[]}"
20060517,2006-05-17,8.293038126734919,"{""type"":""MultiPoint"",""coordinates"":[]}"
20060518,2006-05-18,0.009984574015974154,"{""type"":""MultiPoint"",""coordinates"":[]}"
20060519,2006-05-19,5.669056838301662,"{""type"":""MultiPoint"",""coordinates"":[]}"
20060520,2006-05-20,10.337992477544168,"{""type"":""MultiPoint"",""coordinates"":[]}"
20060521,2006-05-21,0.0,"{""type"":""MultiPoint"",""coordinates"":[]}"
20060522,2006-05-22,0.3071164741129129,"{""type"":""MultiPoint"",""coordinates"":[]}"
20060523,2006-05-23,0.0,"{""type"":""MultiPoint"",""coordinates"":[]}"
20060524,2006-05-24,7.4732926252454845,"{""type"":""MultiPoint"",""coordinates"":[]}"
20060525,2006-05-25,12.15651158677012,"{""type"":""MultiPoint"",""coordinates"":[]}"
20060526,2006-05-26,2.8179341342611637,"{""type"":""MultiPoint"",""coordinates"":[]}"
20060527,2006-05-27,6.753376307322269,"{""type"":""MultiPoint"",""coordinates"":[]}"
20060528,2006-05-28,4.985798711542252,"{""type"":""MultiPoint"",""coordinates"":[]}"
20060529,2006-05-29,4.539265183995037,"{""type"":""MultiPoint"",""coordinates"":[]}"
20060530,2006-05-30,0.12342414545196768,"{""type"":""MultiPoint"",""coordinates"":[]}"
20060531,2006-05-31,0.22954846648175242,"{""type"":""MultiPoint"",""coordinates"":[]}"
20060601,2006-06-01,0.01769823652958733,"{""type"":""MultiPoint"",""coordinates"":[]}"
20060602,2006-06-02,0.2356392596438474,"{""type"":""MultiPoint"",""coordinates"":[]}"
20060603,2006-06-03,1.7895431510120268,"{""type"":""MultiPoint"",""coordinates"":[]}"
20060604,2006-06-04,6.8721281907922585,"{""type"":""MultiPoint"",""coordinates"":[]}"
20060605,2006-06-05,12.168869858734636,"{""type"":""MultiPoint"",""coordinates"":[]}"
20060606,2006-06-06,0.3109594215168338,"{""type"":""MultiPoint"",""coordinates"":[]}"
20060607,2006-06-07,0.39098357382585625,"{""type"":""MultiPoint"",""coordinates"":[]}"
20060608,2006-06-08,0.0,"{""type"":""MultiPoint"",""coordinates"":[]}"
20060609,2006-06-09,0.8466216177434724,"{""type"":""MultiPoint"",""coordinates"":[]}"
20060610,2006-06-10,0.0,"{""type"":""MultiPoint"",""coordinates"":[]}"
20060611,2006-06-11,1.2814237872693817,"{""type"":""MultiPoint"",""coordinates"":[]}"
20060612,2006-06-12,1.664555249276919,"{""type"":""MultiPoint"",""coordinates"":[]}"
20060613,2006-06-13,0.22871570629829616,"{""type"":""MultiPoint"",""coordinates"":[]}"
20060614,2006-06-14,2.961702292248578,"{""type"":""MultiPoint"",""coordinates"":[]}"
20060615,2006-06-15,2.956205403082993,"{""type"":""MultiPoint"",""coordinates"":[]}"
20060616,2006-06-16,2.5449530887893848,"{""type"":""MultiPoint"",""coordinates"":[]}"
20060617,2006-06-17,0.32947301328866707,"{""type"":""MultiPoint"",""coordinates"":[]}"
20060618,2006-06-18,2.417547189085003,"{""type"":""MultiPoint"",""coordinates"":[]}"
20060619,2006-06-19,2.7905476879941133,"{""type"":""MultiPoint"",""coordinates"":[]}"
20060620,2006-06-20,2.7744801646987485,"{""type"":""MultiPoint"",""coordinates"":[]}"
20060621,2006-06-21,18.9555410596681,"{""type"":""MultiPoint"",""coordinates"":[]}"
20060622,2006-06-22,2.0300716091651165,"{""type"":""MultiPoint"",""coordinates"":[]}"
20060623,2006-06-23,19.82189222038924,"{""type"":""MultiPoint"",""coordinates"":[]}"
20060624,2006-06-24,10.871602422179098,"{""type"":""MultiPoint"",""coordinates"":[]}"
20060625,2006-06-25,4.874411040457671,"{""type"":""MultiPoint"",""coordinates"":[]}"
20060626,2006-06-26,3.3811773290664444,"{""type"":""MultiPoint"",""coordinates"":[]}"
20060627,2006-06-27,11.560785395354605,"{""type"":""MultiPoint"",""coordinates"":[]}"
20060628,2006-06-28,18.01117959327108,"{""type"":""MultiPoint"",""coordinates"":[]}"
20060629,2006-06-29,9.466073086143563,"{""type"":""MultiPoint"",""coordinates"":[]}"
20060630,2006-06-30,8.445191158522421,"{""type"":""MultiPoint"",""coordinates"":[]}"
20060701,2006-07-01,19.947501719890017,"{""type"":""MultiPoint"",""coordinates"":[]}"
20060702,2006-07-02,21.92600077727656,"{""type"":""MultiPoint"",""coordinates"":[]}"
20060703,2006-07-03,21.59389454908187,"{""type"":""MultiPoint"",""coordinates"":[]}"
20060704,2006-07-04,6.578851732944107,"{""type"":""MultiPoint"",""coordinates"":[]}"
20060705,2006-07-05,0.0,"{""type"":""MultiPoint"",""coordinates"":[]}"
20060706,2006-07-06,0.0,"{""type"":""MultiPoint"",""coordinates"":[]}"
20060707,2006-07-07,0.0,"{""type"":""MultiPoint"",""coordinates"":[]}"
20060708,2006-07-08,0.0,"{""type"":""MultiPoint"",""coordinates"":[]}"
20060709,2006-07-09,0.05577482717153709,"{""type"":""MultiPoint"",""coordinates"":[]}"
20060710,2006-07-10,1.1392438426926164,"{""type"":""MultiPoint"",""coordinates"":[]}"
20060711,2006-07-11,0.18527327312429215,"{""type"":""MultiPoint"",""coordinates"":[]}"
20060712,2006-07-12,0.08061724334305558,"{""type"":""MultiPoint"",""coordinates"":[]}"
20060713,2006-07-13,0.20191513400288136,"{""type"":""MultiPoint"",""coordinates"":[]}"
20060714,2006-07-14,12.112109485292967,"{""type"":""MultiPoint"",""coordinates"":[]}"
20060715,2006-07-15,6.694907322791033,"{""type"":""MultiPoint"",""coordinates"":[]}"
20060716,2006-07-16,0.0,"{""type"":""MultiPoint"",""coordinates"":[]}"
20060717,2006-07-17,0.8309948037070022,"{""type"":""MultiPoint"",""coordinates"":[]}"
20060718,2006-07-18,0.4192489679601364,"{""type"":""MultiPoint"",""coordinates"":[]}"
20060719,2006-07-19,0.1643262051451359,"{""type"":""MultiPoint"",""coordinates"":[]}"
20060720,2006-07-20,13.048407715795095,"{""type"":""MultiPoint"",""coordinates"":[]}"
20060721,2006-07-21,32.362917788698404,"{""type"":""MultiPoint"",""coordinates"":[]}"
20060722,2006-07-22,16.15556781008029,"{""type"":""MultiPoint"",""coordinates"":[]}"
20060723,2006-07-23,4.468279592124152,"{""type"":""MultiPoint"",""coordinates"":[]}"
20060724,2006-07-24,0.0,"{""type"":""MultiPoint"",""coordinates"":[]}"
20060725,2006-07-25,0.38081321943013563,"{""type"":""MultiPoint"",""coordinates"":[]}"
20060726,2006-07-26,35.71236894078633,"{""type"":""MultiPoint"",""coordinates"":[]}"
20060727,2006-07-27,34.35937413833199,"{""type"":""MultiPoint"",""coordinates"":[]}"
20060728,2006-07-28,1.728769016785074,"{""type"":""MultiPoint"",""coordinates"":[]}"
20060729,2006-07-29,8.046200947921404,"{""type"":""MultiPoint"",""coordinates"":[]}"
20060730,2006-07-30,0.030954682826207596,"{""type"":""MultiPoint"",""coordinates"":[]}"
20060731,2006-07-31,2.9907532234940652,"{""type"":""MultiPoint"",""coordinates"":[]}"
20060801,2006-08-01,36.799325234605845,"{""type"":""MultiPoint"",""coordinates"":[]}"
20060802,2006-08-02,65.64185973667726,"{""type"":""MultiPoint"",""coordinates"":[]}"
20060803,2006-08-03,65.48824989446483,"{""type"":""MultiPoint"",""coordinates"":[]}"
20060804,2006-08-04,56.41987733334984,"{""type"":""MultiPoint"",""coordinates"":[]}"
20060805,2006-08-05,11.848824954153244,"{""type"":""MultiPoint"",""coordinates"":[]}"
20060806,2006-08-06,0.18637870162565837,"{""type"":""MultiPoint"",""coordinates"":[]}"
20060807,2006-08-07,0.0,"{""type"":""MultiPoint"",""coordinates"":[]}"
20060808,2006-08-08,0.0,"{""type"":""MultiPoint"",""coordinates"":[]}"
20060809,2006-08-09,2.955407875407516,"{""type"":""MultiPoint"",""coordinates"":[]}"
20060810,2006-08-10,10.183719803871861,"{""type"":""MultiPoint"",""coordinates"":[]}"
20060811,2006-08-11,1.6193722032521136,"{""type"":""MultiPoint"",""coordinates"":[]}"
20060812,2006-08-12,6.670885059224412,"{""type"":""MultiPoint"",""coordinates"":[]}"
20060813,2006-08-13,6.01369940173059,"{""type"":""MultiPoint"",""coordinates"":[]}"
20060814,2006-08-14,0.0,"{""type"":""MultiPoint"",""coordinates"":[]}"
20060815,2006-08-15,14.054475649747584,"{""type"":""MultiPoint"",""coordinates"":[]}"
20060816,2006-08-16,12.835614520264459,"{""type"":""MultiPoint"",""coordinates"":[]}"
20060817,2006-08-17,6.134160278044172,"{""type"":""MultiPoint"",""coordinates"":[]}"
20060818,2006-08-18,0.11449075868192848,"{""type"":""MultiPoint"",""coordinates"":[]}"
20060819,2006-08-19,8.87967143888505,"{""type"":""MultiPoint"",""coordinates"":[]}"
20060820,2006-08-20,16.72892685599087,"{""type"":""MultiPoint"",""coordinates"":[]}"
20060821,2006-08-21,8.391544701221772,"{""type"":""MultiPoint"",""coordinates"":[]}"
20060822,2006-08-22,19.54075216573306,"{""type"":""MultiPoint"",""coordinates"":[]}"
20060823,2006-08-23,6.6813827545096505,"{""type"":""MultiPoint"",""coordinates"":[]}"
20060824,2006-08-24,2.5109702718746894,"{""type"":""MultiPoint"",""coordinates"":[]}"
20060825,2006-08-25,0.2539259372004182,"{""type"":""MultiPoint"",""coordinates"":[]}"
20060826,2006-08-26,2.697242706407778,"{""type"":""MultiPoint"",""coordinates"":[]}"
20060827,2006-08-27,2.3168491244476397,"{""type"":""MultiPoint"",""coordinates"":[]}"
20060828,2006-08-28,9.261463197299895,"{""type"":""MultiPoint"",""coordinates"":[]}"
20060829,2006-08-29,13.957825181632371,"{""type"":""MultiPoint"",""coordinates"":[]}"
20060830,2006-08-30,5.395805330214902,"{""type"":""MultiPoint"",""coordinates"":[]}"
20060831,2006-08-31,0.3009697388340387,"{""type"":""MultiPoint"",""coordinates"":[]}"
20060901,2006-09-01,2.024837667656328,"{""type"":""MultiPoint"",""coordinates"":[]}"
20060902,2006-09-02,6.955326128348615,"{""type"":""MultiPoint"",""coordinates"":[]}"
20060903,2006-09-03,8.885049409034355,"{""type"":""MultiPoint"",""coordinates"":[]}"
20060904,2006-09-04,16.749337368911778,"{""type"":""MultiPoint"",""coordinates"":[]}"
20060905,2006-09-05,5.281222276599971,"{""type"":""MultiPoint"",""coordinates"":[]}"
20060906,2006-09-06,1.5794207205056452,"{""type"":""MultiPoint"",""coordinates"":[]}"
20060907,2006-09-07,0.10747172550342761,"{""type"":""MultiPoint"",""coordinates"":[]}"
20060908,2006-09-08,0.5642558547460359,"{""type"":""MultiPoint"",""coordinates"":[]}"
20060909,2006-09-09,0.7998087717549334,"{""type"":""MultiPoint"",""coordinates"":[]}"
20060910,2006-09-10,3.470509942858212E-4,"{""type"":""MultiPoint"",""coordinates"":[]}"
20060911,2006-09-11,0.09296373265339637,"{""type"":""MultiPoint"",""coordinates"":[]}"
20060912,2006-09-12,0.47265634132048023,"{""type"":""MultiPoint"",""coordinates"":[]}"
20060913,2006-09-13,1.9883058534478553,"{""type"":""MultiPoint"",""coordinates"":[]}"
20060914,2006-09-14,7.713250497965114,"{""type"":""MultiPoint"",""coordinates"":[]}"
20060915,2006-09-15,11.818208065753753,"{""type"":""MultiPoint"",""coordinates"":[]}"
20060916,2006-09-16,33.76441237149202,"{""type"":""MultiPoint"",""coordinates"":[]}"
20060917,2006-09-17,22.681285423142477,"{""type"":""MultiPoint"",""coordinates"":[]}"
20060918,2006-09-18,11.700112662344486,"{""type"":""MultiPoint"",""coordinates"":[]}"
20060919,2006-09-19,9.02587129622051,"{""type"":""MultiPoint"",""coordinates"":[]}"
20060920,2006-09-20,18.92882568281432,"{""type"":""MultiPoint"",""coordinates"":[]}"
20060921,2006-09-21,11.094203042296645,"{""type"":""MultiPoint"",""coordinates"":[]}"
20060922,2006-09-22,6.90000710552214,"{""type"":""MultiPoint"",""coordinates"":[]}"
20060923,2006-09-23,4.752265446864342,"{""type"":""MultiPoint"",""coordinates"":[]}"
20060924,2006-09-24,13.948453417947672,"{""type"":""MultiPoint"",""coordinates"":[]}"
20060925,2006-09-25,1.5012025129787463,"{""type"":""MultiPoint"",""coordinates"":[]}"
20060926,2006-09-26,0.0,"{""type"":""MultiPoint"",""coordinates"":[]}"
20060927,2006-09-27,0.0,"{""type"":""MultiPoint"",""coordinates"":[]}"
20060928,2006-09-28,5.176479948544699,"{""type"":""MultiPoint"",""coordinates"":[]}"
20060929,2006-09-29,27.420506309413522,"{""type"":""MultiPoint"",""coordinates"":[]}"
20060930,2006-09-30,0.0,"{""type"":""MultiPoint"",""coordinates"":[]}"
20061001,2006-10-01,0.0,"{""type"":""MultiPoint"",""coordinates"":[]}"
20061002,2006-10-02,0.02561697590676659,"{""type"":""MultiPoint"",""coordinates"":[]}"
20061003,2006-10-03,0.0,"{""type"":""MultiPoint"",""coordinates"":[]}"
20061004,2006-10-04,0.12545587769310165,"{""type"":""MultiPoint"",""coordinates"":[]}"
20061005,2006-10-05,1.9054942397975232,"{""type"":""MultiPoint"",""coordinates"":[]}"
20061006,2006-10-06,0.18848607943144152,"{""type"":""MultiPoint"",""coordinates"":[]}"
20061007,2006-10-07,0.0,"{""type"":""MultiPoint"",""coordinates"":[]}"
20061008,2006-10-08,0.059398912543193606,"{""type"":""MultiPoint"",""coordinates"":[]}"
20061009,2006-10-09,0.0,"{""type"":""MultiPoint"",""coordinates"":[]}"
20061010,2006-10-10,0.0,"{""type"":""MultiPoint"",""coordinates"":[]}"
20061011,2006-10-11,0.008245797248095708,"{""type"":""MultiPoint"",""coordinates"":[]}"
20061012,2006-10-12,0.0,"{""type"":""MultiPoint"",""coordinates"":[]}"
20061013,2006-10-13,0.014279489076414228,"{""type"":""MultiPoint"",""coordinates"":[]}"
20061014,2006-10-14,1.2117389765432989,"{""type"":""MultiPoint"",""coordinates"":[]}"
20061015,2006-10-15,4.377742221576207,"{""type"":""MultiPoint"",""coordinates"":[]}"
20061016,2006-10-16,0.3795799387226781,"{""type"":""MultiPoint"",""coordinates"":[]}"
20061017,2006-10-17,8.282865646030302,"{""type"":""MultiPoint"",""coordinates"":[]}"
20061018,2006-10-18,0.9769980631994182,"{""type"":""MultiPoint"",""coordinates"":[]}"
20061019,2006-10-19,0.0,"{""type"":""MultiPoint"",""coordinates"":[]}"
20061020,2006-10-20,0.0,"{""type"":""MultiPoint"",""coordinates"":[]}"
20061021,2006-10-21,0.0,"{""type"":""MultiPoint"",""coordinates"":[]}"
20061022,2006-10-22,0.10292250419714574,"{""type"":""MultiPoint"",""coordinates"":[]}"
20061023,2006-10-23,0.0,"{""type"":""MultiPoint"",""coordinates"":[]}"
20061024,2006-10-24,6.517724409134192,"{""type"":""MultiPoint"",""coordinates"":[]}"
20061025,2006-10-25,1.1042638710732844,"{""type"":""MultiPoint"",""coordinates"":[]}"
20061026,2006-10-26,6.069417010589849,"{""type"":""MultiPoint"",""coordinates"":[]}"
20061027,2006-10-27,20.14486771465023,"{""type"":""MultiPoint"",""coordinates"":[]}"
20061028,2006-10-28,22.545426711146135,"{""type"":""MultiPoint"",""coordinates"":[]}"
20061029,2006-10-29,69.4416988362251,"{""type"":""MultiPoint"",""coordinates"":[]}"
20061030,2006-10-30,92.32634024874511,"{""type"":""MultiPoint"",""coordinates"":[]}"
20061031,2006-10-31,22.504823687971573,"{""type"":""MultiPoint"",""coordinates"":[]}"
20061101,2006-11-01,11.288670379112997,"{""type"":""MultiPoint"",""coordinates"":[]}"
20061102,2006-11-02,13.72404982882392,"{""type"":""MultiPoint"",""coordinates"":[]}"
20061103,2006-11-03,9.015580346600139,"{""type"":""MultiPoint"",""coordinates"":[]}"
20061104,2006-11-04,0.0,"{""type"":""MultiPoint"",""coordinates"":[]}"
20061105,2006-11-05,0.0,"{""type"":""MultiPoint"",""coordinates"":[]}"
20061106,2006-11-06,1.6250657494239624,"{""type"":""MultiPoint"",""coordinates"":[]}"
20061107,2006-11-07,13.995212506258921,"{""type"":""MultiPoint"",""coordinates"":[]}"
20061108,2006-11-08,6.234642143516892,"{""type"":""MultiPoint"",""coordinates"":[]}"
20061109,2006-11-09,8.950041572628654,"{""type"":""MultiPoint"",""coordinates"":[]}"
20061110,2006-11-10,0.026833087546811386,"{""type"":""MultiPoint"",""coordinates"":[]}"
20061111,2006-11-11,0.0,"{""type"":""MultiPoint"",""coordinates"":[]}"
20061112,2006-11-12,0.0,"{""type"":""MultiPoint"",""coordinates"":[]}"
20061113,2006-11-13,6.115918999055221,"{""type"":""MultiPoint"",""coordinates"":[]}"
20061114,2006-11-14,0.0,"{""type"":""MultiPoint"",""coordinates"":[]}"
20061115,2006-11-15,1.2450602887345186,"{""type"":""MultiPoint"",""coordinates"":[]}"
20061116,2006-11-16,0.10093929056120815,"{""type"":""MultiPoint"",""coordinates"":[]}"
20061117,2006-11-17,0.0,"{""type"":""MultiPoint"",""coordinates"":[]}"
20061118,2006-11-18,0.0,"{""type"":""MultiPoint"",""coordinates"":[]}"
20061119,2006-11-19,0.0,"{""type"":""MultiPoint"",""coordinates"":[]}"
20061120,2006-11-20,0.0,"{""type"":""MultiPoint"",""coordinates"":[]}"
20061121,2006-11-21,0.0,"{""type"":""MultiPoint"",""coordinates"":[]}"
20061122,2006-11-22,0.0,"{""type"":""MultiPoint"",""coordinates"":[]}"
20061123,2006-11-23,0.0,"{""type"":""MultiPoint"",""coordinates"":[]}"
20061124,2006-11-24,0.0,"{""type"":""MultiPoint"",""coordinates"":[]}"
20061125,2006-11-25,0.0,"{""type"":""MultiPoint"",""coordinates"":[]}"
20061126,2006-11-26,0.0,"{""type"":""MultiPoint"",""coordinates"":[]}"
20061127,2006-11-27,0.0,"{""type"":""MultiPoint"",""coordinates"":[]}"
20061128,2006-11-28,0.0,"{""type"":""MultiPoint"",""coordinates"":[]}"
20061129,2006-11-29,0.0,"{""type"":""MultiPoint"",""coordinates"":[]}"
20061130,2006-11-30,0.0,"{""type"":""MultiPoint"",""coordinates"":[]}"
20061201,2006-12-01,0.008447834228796124,"{""type"":""MultiPoint"",""coordinates"":[]}"
20061202,2006-12-02,0.22792418321501856,"{""type"":""MultiPoint"",""coordinates"":[]}"
20061203,2006-12-03,0.0,"{""type"":""MultiPoint"",""coordinates"":[]}"
20061204,2006-12-04,0.0,"{""type"":""MultiPoint"",""coordinates"":[]}"
20061205,2006-12-05,0.0,"{""type"":""MultiPoint"",""coordinates"":[]}"
20061206,2006-12-06,0.0,"{""type"":""MultiPoint"",""coordinates"":[]}"
20061207,2006-12-07,0.0,"{""type"":""MultiPoint"",""coordinates"":[]}"
20061208,2006-12-08,0.0,"{""type"":""MultiPoint"",""coordinates"":[]}"
20061209,2006-12-09,0.0,"{""type"":""MultiPoint"",""coordinates"":[]}"
20061210,2006-12-10,0.0,"{""type"":""MultiPoint"",""coordinates"":[]}"
20061211,2006-12-11,0.0,"{""type"":""MultiPoint"",""coordinates"":[]}"
20061212,2006-12-12,0.0,"{""type"":""MultiPoint"",""coordinates"":[]}"
20061213,2006-12-13,0.0,"{""type"":""MultiPoint"",""coordinates"":[]}"
20061214,2006-12-14,0.0,"{""type"":""MultiPoint"",""coordinates"":[]}"
20061215,2006-12-15,0.0,"{""type"":""MultiPoint"",""coordinates"":[]}"
20061216,2006-12-16,0.0,"{""type"":""MultiPoint"",""coordinates"":[]}"
20061217,2006-12-17,0.0,"{""type"":""MultiPoint"",""coordinates"":[]}"
20061218,2006-12-18,0.0,"{""type"":""MultiPoint"",""coordinates"":[]}"
20061219,2006-12-19,0.0,"{""type"":""MultiPoint"",""coordinates"":[]}"
20061220,2006-12-20,0.0,"{""type"":""MultiPoint"",""coordinates"":[]}"
20061221,2006-12-21,0.23860316431483752,"{""type"":""MultiPoint"",""coordinates"":[]}"
20061222,2006-12-22,0.006021111354242675,"{""type"":""MultiPoint"",""coordinates"":[]}"
20061223,2006-12-23,0.0,"{""type"":""MultiPoint"",""coordinates"":[]}"
20061224,2006-12-24,0.34451512679342394,"{""type"":""MultiPoint"",""coordinates"":[]}"
20061225,2006-12-25,0.09150642132033368,"{""type"":""MultiPoint"",""coordinates"":[]}"
20061226,2006-12-26,0.0,"{""type"":""MultiPoint"",""coordinates"":[]}"
20061227,2006-12-27,0.0,"{""type"":""MultiPoint"",""coordinates"":[]}"
20061228,2006-12-28,0.0,"{""type"":""MultiPoint"",""coordinates"":[]}"
20061229,2006-12-29,0.0,"{""type"":""MultiPoint"",""coordinates"":[]}"
20061230,2006-12-30,0.0,"{""type"":""MultiPoint"",""coordinates"":[]}"
20061231,2006-12-31,0.0,"{""type"":""MultiPoint"",""coordinates"":[]}"
20070101,2007-01-01,0.0,"{""type"":""MultiPoint"",""coordinates"":[]}"
20070102,2007-01-02,0.0,"{""type"":""MultiPoint"",""coordinates"":[]}"
20070103,2007-01-03,0.0,"{""type"":""MultiPoint"",""coordinates"":[]}"
20070104,2007-01-04,0.0,"{""type"":""MultiPoint"",""coordinates"":[]}"
20070105,2007-01-05,0.006554108156158696,"{""type"":""MultiPoint"",""coordinates"":[]}"
20070106,2007-01-06,0.0,"{""type"":""MultiPoint"",""coordinates"":[]}"
20070107,2007-01-07,0.0,"{""type"":""MultiPoint"",""coordinates"":[]}"
20070108,2007-01-08,0.0,"{""type"":""MultiPoint"",""coordinates"":[]}"
20070109,2007-01-09,0.0,"{""type"":""MultiPoint"",""coordinates"":[]}"
20070110,2007-01-10,0.040192876145056115,"{""type"":""MultiPoint"",""coordinates"":[]}"
20070111,2007-01-11,0.0,"{""type"":""MultiPoint"",""coordinates"":[]}"
20070112,2007-01-12,8.172489289355204E-4,"{""type"":""MultiPoint"",""coordinates"":[]}"
20070113,2007-01-13,0.0,"{""type"":""MultiPoint"",""coordinates"":[]}"
20070114,2007-01-14,0.0,"{""type"":""MultiPoint"",""coordinates"":[]}"
20070115,2007-01-15,0.012651727715289848,"{""type"":""MultiPoint"",""coordinates"":[]}"
20070116,2007-01-16,0.0,"{""type"":""MultiPoint"",""coordinates"":[]}"
20070117,2007-01-17,0.0,"{""type"":""MultiPoint"",""coordinates"":[]}"
20070118,2007-01-18,0.0,"{""type"":""MultiPoint"",""coordinates"":[]}"
20070119,2007-01-19,0.0,"{""type"":""MultiPoint"",""coordinates"":[]}"
20070120,2007-01-20,0.07450045547722045,"{""type"":""MultiPoint"",""coordinates"":[]}"
20070121,2007-01-21,0.0,"{""type"":""MultiPoint"",""coordinates"":[]}"
20070122,2007-01-22,0.0,"{""type"":""MultiPoint"",""coordinates"":[]}"
20070123,2007-01-23,0.0,"{""type"":""MultiPoint"",""coordinates"":[]}"
20070124,2007-01-24,0.32792651753136687,"{""type"":""MultiPoint"",""coordinates"":[]}"
20070125,2007-01-25,0.1309768339186029,"{""type"":""MultiPoint"",""coordinates"":[]}"
20070126,2007-01-26,0.0,"{""type"":""MultiPoint"",""coordinates"":[]}"
20070127,2007-01-27,0.0,"{""type"":""MultiPoint"",""coordinates"":[]}"
20070128,2007-01-28,0.0,"{""type"":""MultiPoint"",""coordinates"":[]}"
20070129,2007-01-29,0.0,"{""type"":""MultiPoint"",""coordinates"":[]}"
20070130,2007-01-30,0.18587222732596165,"{""type"":""MultiPoint"",""coordinates"":[]}"
20070131,2007-01-31,0.18107542200693266,"{""type"":""MultiPoint"",""coordinates"":[]}"
20070201,2007-02-01,0.0,"{""type"":""MultiPoint"",""coordinates"":[]}"
20070202,2007-02-02,0.0,"{""type"":""MultiPoint"",""coordinates"":[]}"
20070203,2007-02-03,0.0,"{""type"":""MultiPoint"",""coordinates"":[]}"
20070204,2007-02-04,0.0,"{""type"":""MultiPoint"",""coordinates"":[]}"
20070205,2007-02-05,0.0,"{""type"":""MultiPoint"",""coordinates"":[]}"
20070206,2007-02-06,0.0,"{""type"":""MultiPoint"",""coordinates"":[]}"
20070207,2007-02-07,0.031767917046188233,"{""type"":""MultiPoint"",""coordinates"":[]}"
20070208,2007-02-08,0.0,"{""type"":""MultiPoint"",""coordinates"":[]}"
20070209,2007-02-09,0.0,"{""type"":""MultiPoint"",""coordinates"":[]}"
20070210,2007-02-10,0.0,"{""type"":""MultiPoint"",""coordinates"":[]}"
20070211,2007-02-11,0.0,"{""type"":""MultiPoint"",""coordinates"":[]}"
20070212,2007-02-12,0.0,"{""type"":""MultiPoint"",""coordinates"":[]}"
20070213,2007-02-13,3.7716655186378802,"{""type"":""MultiPoint"",""coordinates"":[]}"
20070214,2007-02-14,0.0,"{""type"":""MultiPoint"",""coordinates"":[]}"
20070215,2007-02-15,0.0,"{""type"":""MultiPoint"",""coordinates"":[]}"
20070216,2007-02-16,3.588714673811372,"{""type"":""MultiPoint"",""coordinates"":[]}"
20070217,2007-02-17,0.31187884562804175,"{""type"":""MultiPoint"",""coordinates"":[]}"
20070218,2007-02-18,0.0,"{""type"":""MultiPoint"",""coordinates"":[]}"
20070219,2007-02-19,0.0,"{""type"":""MultiPoint"",""coordinates"":[]}"
20070220,2007-02-20,0.0,"{""type"":""MultiPoint"",""coordinates"":[]}"
20070221,2007-02-21,0.0,"{""type"":""MultiPoint"",""coordinates"":[]}"
20070222,2007-02-22,0.0,"{""type"":""MultiPoint"",""coordinates"":[]}"
20070223,2007-02-23,0.0,"{""type"":""MultiPoint"",""coordinates"":[]}"
20070224,2007-02-24,0.0,"{""type"":""MultiPoint"",""coordinates"":[]}"
20070225,2007-02-25,0.0,"{""type"":""MultiPoint"",""coordinates"":[]}"
20070226,2007-02-26,0.0,"{""type"":""MultiPoint"",""coordinates"":[]}"
20070227,2007-02-27,0.0,"{""type"":""MultiPoint"",""coordinates"":[]}"
20070228,2007-02-28,0.0,"{""type"":""MultiPoint"",""coordinates"":[]}"
20070301,2007-03-01,0.0,"{""type"":""MultiPoint"",""coordinates"":[]}"
20070302,2007-03-02,0.0,"{""type"":""MultiPoint"",""coordinates"":[]}"
20070303,2007-03-03,0.0,"{""type"":""MultiPoint"",""coordinates"":[]}"
20070304,2007-03-04,0.006783722514774503,"{""type"":""MultiPoint"",""coordinates"":[]}"
20070305,2007-03-05,0.0,"{""type"":""MultiPoint"",""coordinates"":[]}"
20070306,2007-03-06,0.0,"{""type"":""MultiPoint"",""coordinates"":[]}"
20070307,2007-03-07,0.0,"{""type"":""MultiPoint"",""coordinates"":[]}"
20070308,2007-03-08,0.0,"{""type"":""MultiPoint"",""coordinates"":[]}"
20070309,2007-03-09,0.0,"{""type"":""MultiPoint"",""coordinates"":[]}"
20070310,2007-03-10,0.0,"{""type"":""MultiPoint"",""coordinates"":[]}"
20070311,2007-03-11,0.0,"{""type"":""MultiPoint"",""coordinates"":[]}"
20070312,2007-03-12,0.0,"{""type"":""MultiPoint"",""coordinates"":[]}"
20070313,2007-03-13,0.0,"{""type"":""MultiPoint"",""coordinates"":[]}"
20070314,2007-03-14,0.0,"{""type"":""MultiPoint"",""coordinates"":[]}"
20070315,2007-03-15,0.0,"{""type"":""MultiPoint"",""coordinates"":[]}"
20070316,2007-03-16,0.0,"{""type"":""MultiPoint"",""coordinates"":[]}"
20070317,2007-03-17,0.0,"{""type"":""MultiPoint"",""coordinates"":[]}"
20070318,2007-03-18,0.0,"{""type"":""MultiPoint"",""coordinates"":[]}"
20070319,2007-03-19,0.0,"{""type"":""MultiPoint"",""coordinates"":[]}"
20070320,2007-03-20,0.0,"{""type"":""MultiPoint"",""coordinates"":[]}"
20070321,2007-03-21,0.13818935958006823,"{""type"":""MultiPoint"",""coordinates"":[]}"
20070322,2007-03-22,0.0,"{""type"":""MultiPoint"",""coordinates"":[]}"
20070323,2007-03-23,0.0,"{""type"":""MultiPoint"",""coordinates"":[]}"
20070324,2007-03-24,0.0,"{""type"":""MultiPoint"",""coordinates"":[]}"
20070325,2007-03-25,0.004384223087229823,"{""type"":""MultiPoint"",""coordinates"":[]}"
20070326,2007-03-26,0.0,"{""type"":""MultiPoint"",""coordinates"":[]}"
20070327,2007-03-27,0.0,"{""type"":""MultiPoint"",""coordinates"":[]}"
20070328,2007-03-28,0.0,"{""type"":""MultiPoint"",""coordinates"":[]}"
20070329,2007-03-29,0.0,"{""type"":""MultiPoint"",""coordinates"":[]}"
20070330,2007-03-30,0.0,"{""type"":""MultiPoint"",""coordinates"":[]}"
20070331,2007-03-31,0.0,"{""type"":""MultiPoint"",""coordinates"":[]}"
20070401,2007-04-01,0.0,"{""type"":""MultiPoint"",""coordinates"":[]}"
20070402,2007-04-02,0.0,"{""type"":""MultiPoint"",""coordinates"":[]}"
20070403,2007-04-03,0.0,"{""type"":""MultiPoint"",""coordinates"":[]}"
20070404,2007-04-04,0.0,"{""type"":""MultiPoint"",""coordinates"":[]}"
20070405,2007-04-05,0.0,"{""type"":""MultiPoint"",""coordinates"":[]}"
20070406,2007-04-06,0.0,"{""type"":""MultiPoint"",""coordinates"":[]}"
20070407,2007-04-07,1.2028359292250423,"{""type"":""MultiPoint"",""coordinates"":[]}"
20070408,2007-04-08,0.0,"{""type"":""MultiPoint"",""coordinates"":[]}"
20070409,2007-04-09,0.0,"{""type"":""MultiPoint"",""coordinates"":[]}"
20070410,2007-04-10,0.02329004910068089,"{""type"":""MultiPoint"",""coordinates"":[]}"
20070411,2007-04-11,0.3037676275776242,"{""type"":""MultiPoint"",""coordinates"":[]}"
20070412,2007-04-12,0.0,"{""type"":""MultiPoint"",""coordinates"":[]}"
20070413,2007-04-13,2.377245327396573,"{""type"":""MultiPoint"",""coordinates"":[]}"
20070414,2007-04-14,0.0,"{""type"":""MultiPoint"",""coordinates"":[]}"
20070415,2007-04-15,0.18088174495701442,"{""type"":""MultiPoint"",""coordinates"":[]}"
20070416,2007-04-16,0.0,"{""type"":""MultiPoint"",""coordinates"":[]}"
20070417,2007-04-17,0.07777863819451906,"{""type"":""MultiPoint"",""coordinates"":[]}"
20070418,2007-04-18,0.027683912752290506,"{""type"":""MultiPoint"",""coordinates"":[]}"
20070419,2007-04-19,0.9618733845627014,"{""type"":""MultiPoint"",""coordinates"":[]}"
20070420,2007-04-20,0.591013008031461,"{""type"":""MultiPoint"",""coordinates"":[]}"
20070421,2007-04-21,3.2773606771968917,"{""type"":""MultiPoint"",""coordinates"":[]}"
20070422,2007-04-22,0.10989248594941033,"{""type"":""MultiPoint"",""coordinates"":[]}"
20070423,2007-04-23,0.0,"{""type"":""MultiPoint"",""coordinates"":[]}"
20070424,2007-04-24,1.174394445403126,"{""type"":""MultiPoint"",""coordinates"":[]}"
20070425,2007-04-25,0.06063972270239913,"{""type"":""MultiPoint"",""coordinates"":[]}"
20070426,2007-04-26,0.0,"{""type"":""MultiPoint"",""coordinates"":[]}"
20070427,2007-04-27,0.0,"{""type"":""MultiPoint"",""coordinates"":[]}"
20070428,2007-04-28,0.0,"{""type"":""MultiPoint"",""coordinates"":[]}"
20070429,2007-04-29,1.0701500767938295,"{""type"":""MultiPoint"",""coordinates"":[]}"
20070430,2007-04-30,2.0497924566949464,"{""type"":""MultiPoint"",""coordinates"":[]}"
20070501,2007-05-01,0.0,"{""type"":""MultiPoint"",""coordinates"":[]}"
20070502,2007-05-02,3.629662349873016,"{""type"":""MultiPoint"",""coordinates"":[]}"
20070503,2007-05-03,0.5890883583533697,"{""type"":""MultiPoint"",""coordinates"":[]}"
20070504,2007-05-04,2.417327922171679,"{""type"":""MultiPoint"",""coordinates"":[]}"
20070505,2007-05-05,0.7691024575789661,"{""type"":""MultiPoint"",""coordinates"":[]}"
20070506,2007-05-06,1.3589072091646863,"{""type"":""MultiPoint"",""coordinates"":[]}"
20070507,2007-05-07,0.264945127582815,"{""type"":""MultiPoint"",""coordinates"":[]}"
20070508,2007-05-08,0.016638019871671274,"{""type"":""MultiPoint"",""coordinates"":[]}"
20070509,2007-05-09,0.0,"{""type"":""MultiPoint"",""coordinates"":[]}"
20070510,2007-05-10,1.7257541869843276,"{""type"":""MultiPoint"",""coordinates"":[]}"
20070511,2007-05-11,0.0,"{""type"":""MultiPoint"",""coordinates"":[]}"
20070512,2007-05-12,0.06836828084227332,"{""type"":""MultiPoint"",""coordinates"":[]}"
20070513,2007-05-13,0.0,"{""type"":""MultiPoint"",""coordinates"":[]}"
20070514,2007-05-14,0.10947012178204557,"{""type"":""MultiPoint"",""coordinates"":[]}"
20070515,2007-05-15,0.0,"{""type"":""MultiPoint"",""coordinates"":[]}"
20070516,2007-05-16,0.0,"{""type"":""MultiPoint"",""coordinates"":[]}"
20070517,2007-05-17,0.9339145246165915,"{""type"":""MultiPoint"",""coordinates"":[]}"
20070518,2007-05-18,0.11498593415915292,"{""type"":""MultiPoint"",""coordinates"":[]}"
20070519,2007-05-19,0.0,"{""type"":""MultiPoint"",""coordinates"":[]}"
20070520,2007-05-20,0.12176229204047201,"{""type"":""MultiPoint"",""coordinates"":[]}"
20070521,2007-05-21,0.0,"{""type"":""MultiPoint"",""coordinates"":[]}"
20070522,2007-05-22,0.0,"{""type"":""MultiPoint"",""coordinates"":[]}"
20070523,2007-05-23,10.830977598458244,"{""type"":""MultiPoint"",""coordinates"":[]}"
20070524,2007-05-24,1.3305593251645988,"{""type"":""MultiPoint"",""coordinates"":[]}"
20070525,2007-05-25,0.688624421668764,"{""type"":""MultiPoint"",""coordinates"":[]}"
20070526,2007-05-26,3.8930690930427776,"{""type"":""MultiPoint"",""coordinates"":[]}"
20070527,2007-05-27,2.1724745087105037,"{""type"":""MultiPoint"",""coordinates"":[]}"
20070528,2007-05-28,0.0,"{""type"":""MultiPoint"",""coordinates"":[]}"
20070529,2007-05-29,0.6173171214809441,"{""type"":""MultiPoint"",""coordinates"":[]}"
20070530,2007-05-30,0.09282522493432555,"{""type"":""MultiPoint"",""coordinates"":[]}"
20070531,2007-05-31,1.4124331720794616,"{""type"":""MultiPoint"",""coordinates"":[]}"
20070601,2007-06-01,0.09304809416075352,"{""type"":""MultiPoint"",""coordinates"":[]}"
20070602,2007-06-02,1.9503032473927788,"{""type"":""MultiPoint"",""coordinates"":[]}"
20070603,2007-06-03,3.689777263931525,"{""type"":""MultiPoint"",""coordinates"":[]}"
20070604,2007-06-04,0.0,"{""type"":""MultiPoint"",""coordinates"":[]}"
20070605,2007-06-05,12.863570951643505,"{""type"":""MultiPoint"",""coordinates"":[]}"
20070606,2007-06-06,3.36807143049182,"{""type"":""MultiPoint"",""coordinates"":[]}"
20070607,2007-06-07,9.668784233662416,"{""type"":""MultiPoint"",""coordinates"":[]}"
20070608,2007-06-08,1.6741900112145003,"{""type"":""MultiPoint"",""coordinates"":[]}"
20070609,2007-06-09,2.0082511574594197,"{""type"":""MultiPoint"",""coordinates"":[]}"
20070610,2007-06-10,4.834615530145607,"{""type"":""MultiPoint"",""coordinates"":[]}"
20070611,2007-06-11,0.21141463363905552,"{""type"":""MultiPoint"",""coordinates"":[]}"
20070612,2007-06-12,1.5572253755641965,"{""type"":""MultiPoint"",""coordinates"":[]}"
20070613,2007-06-13,2.578883540634875,"{""type"":""MultiPoint"",""coordinates"":[]}"
20070614,2007-06-14,5.069456204774628,"{""type"":""MultiPoint"",""coordinates"":[]}"
20070615,2007-06-15,0.17614585416606915,"{""type"":""MultiPoint"",""coordinates"":[]}"
20070616,2007-06-16,0.16494508667633737,"{""type"":""MultiPoint"",""coordinates"":[]}"
20070617,2007-06-17,0.35859213178795635,"{""type"":""MultiPoint"",""coordinates"":[]}"
20070618,2007-06-18,9.122505974335002,"{""type"":""MultiPoint"",""coordinates"":[]}"
20070619,2007-06-19,5.47185266030789,"{""type"":""MultiPoint"",""coordinates"":[]}"
20070620,2007-06-20,8.567475619910248,"{""type"":""MultiPoint"",""coordinates"":[]}"
20070621,2007-06-21,22.727181078782333,"{""type"":""MultiPoint"",""coordinates"":[]}"
20070622,2007-06-22,13.147664885300339,"{""type"":""MultiPoint"",""coordinates"":[]}"
20070623,2007-06-23,44.11291002163078,"{""type"":""MultiPoint"",""coordinates"":[]}"
20070624,2007-06-24,24.697210095652853,"{""type"":""MultiPoint"",""coordinates"":[]}"
20070625,2007-06-25,9.659637252145522,"{""type"":""MultiPoint"",""coordinates"":[]}"
20070626,2007-06-26,17.38505667374604,"{""type"":""MultiPoint"",""coordinates"":[]}"
20070627,2007-06-27,37.0852897134887,"{""type"":""MultiPoint"",""coordinates"":[]}"
20070628,2007-06-28,39.80555209330726,"{""type"":""MultiPoint"",""coordinates"":[]}"
20070629,2007-06-29,24.387440420247568,"{""type"":""MultiPoint"",""coordinates"":[]}"
20070630,2007-06-30,3.352312921129791,"{""type"":""MultiPoint"",""coordinates"":[]}"
20070701,2007-07-01,0.0,"{""type"":""MultiPoint"",""coordinates"":[]}"
20070702,2007-07-02,0.0,"{""type"":""MultiPoint"",""coordinates"":[]}"
20070703,2007-07-03,1.1280819730910647,"{""type"":""MultiPoint"",""coordinates"":[]}"
20070704,2007-07-04,3.0137559657778032,"{""type"":""MultiPoint"",""coordinates"":[]}"
20070705,2007-07-05,1.63303527803864,"{""type"":""MultiPoint"",""coordinates"":[]}"
20070706,2007-07-06,12.311475958176,"{""type"":""MultiPoint"",""coordinates"":[]}"
20070707,2007-07-07,7.606469998936375,"{""type"":""MultiPoint"",""coordinates"":[]}"
20070708,2007-07-08,7.138632788930675,"{""type"":""MultiPoint"",""coordinates"":[]}"
20070709,2007-07-09,3.1127812516347975,"{""type"":""MultiPoint"",""coordinates"":[]}"
20070710,2007-07-10,3.963046021168149,"{""type"":""MultiPoint"",""coordinates"":[]}"
20070711,2007-07-11,3.436649737299973,"{""type"":""MultiPoint"",""coordinates"":[]}"
20070712,2007-07-12,10.799755595990497,"{""type"":""MultiPoint"",""coordinates"":[]}"
20070713,2007-07-13,3.1048337323593787,"{""type"":""MultiPoint"",""coordinates"":[]}"
20070714,2007-07-14,6.823809416856554,"{""type"":""MultiPoint"",""coordinates"":[]}"
20070715,2007-07-15,20.316911766255778,"{""type"":""MultiPoint"",""coordinates"":[]}"
20070716,2007-07-16,6.522661158179286,"{""type"":""MultiPoint"",""coordinates"":[]}"
20070717,2007-07-17,0.0,"{""type"":""MultiPoint"",""coordinates"":[]}"
20070718,2007-07-18,3.2969281151232237,"{""type"":""MultiPoint"",""coordinates"":[]}"
20070719,2007-07-19,18.411446416440306,"{""type"":""MultiPoint"",""coordinates"":[]}"
20070720,2007-07-20,22.44003546312832,"{""type"":""MultiPoint"",""coordinates"":[]}"
20070721,2007-07-21,7.540640528791315,"{""type"":""MultiPoint"",""coordinates"":[]}"
20070722,2007-07-22,4.73623509099778,"{""type"":""MultiPoint"",""coordinates"":[]}"
20070723,2007-07-23,7.583737347657247,"{""type"":""MultiPoint"",""coordinates"":[]}"
20070724,2007-07-24,1.678240259919343,"{""type"":""MultiPoint"",""coordinates"":[]}"
20070725,2007-07-25,1.1545008765836353,"{""type"":""MultiPoint"",""coordinates"":[]}"
20070726,2007-07-26,0.8384760011482405,"{""type"":""MultiPoint"",""coordinates"":[]}"
20070727,2007-07-27,10.415677840584252,"{""type"":""MultiPoint"",""coordinates"":[]}"
20070728,2007-07-28,51.847088507199274,"{""type"":""MultiPoint"",""coordinates"":[]}"
20070729,2007-07-29,11.623807471866701,"{""type"":""MultiPoint"",""coordinates"":[]}"
20070730,2007-07-30,8.445690431531581,"{""type"":""MultiPoint"",""coordinates"":[]}"
20070731,2007-07-31,2.9991669035795563,"{""type"":""MultiPoint"",""coordinates"":[]}"
20070801,2007-08-01,4.6002720282936425,"{""type"":""MultiPoint"",""coordinates"":[]}"
20070802,2007-08-02,16.249611992352428,"{""type"":""MultiPoint"",""coordinates"":[]}"
20070803,2007-08-03,13.790314122019257,"{""type"":""MultiPoint"",""coordinates"":[]}"
20070804,2007-08-04,6.070311695215775,"{""type"":""MultiPoint"",""coordinates"":[]}"
20070805,2007-08-05,11.834476200856216,"{""type"":""MultiPoint"",""coordinates"":[]}"
20070806,2007-08-06,29.8117254518444,"{""type"":""MultiPoint"",""coordinates"":[]}"
20070807,2007-08-07,4.441494818702702,"{""type"":""MultiPoint"",""coordinates"":[]}"
20070808,2007-08-08,0.6502960626127157,"{""type"":""MultiPoint"",""coordinates"":[]}"
20070809,2007-08-09,1.7676809658732313,"{""type"":""MultiPoint"",""coordinates"":[]}"
20070810,2007-08-10,9.794117535505135,"{""type"":""MultiPoint"",""coordinates"":[]}"
20070811,2007-08-11,13.28893804692848,"{""type"":""MultiPoint"",""coordinates"":[]}"
20070812,2007-08-12,20.628447492904247,"{""type"":""MultiPoint"",""coordinates"":[]}"
20070813,2007-08-13,9.498830195288498,"{""type"":""MultiPoint"",""coordinates"":[]}"
20070814,2007-08-14,0.0,"{""type"":""MultiPoint"",""coordinates"":[]}"
20070815,2007-08-15,0.061387333023022364,"{""type"":""MultiPoint"",""coordinates"":[]}"
20070816,2007-08-16,7.2753877165524115,"{""type"":""MultiPoint"",""coordinates"":[]}"
20070817,2007-08-17,16.512045725247624,"{""type"":""MultiPoint"",""coordinates"":[]}"
20070818,2007-08-18,7.999889287690272,"{""type"":""MultiPoint"",""coordinates"":[]}"
20070819,2007-08-19,3.542163260820886,"{""type"":""MultiPoint"",""coordinates"":[]}"
20070820,2007-08-20,0.7913186410617509,"{""type"":""MultiPoint"",""coordinates"":[]}"
20070821,2007-08-21,11.241192492013749,"{""type"":""MultiPoint"",""coordinates"":[]}"
20070822,2007-08-22,7.677909888879405,"{""type"":""MultiPoint"",""coordinates"":[]}"
20070823,2007-08-23,9.553123870681366,"{""type"":""MultiPoint"",""coordinates"":[]}"
20070824,2007-08-24,13.582518139121774,"{""type"":""MultiPoint"",""coordinates"":[]}"
20070825,2007-08-25,1.5568463931823284,"{""type"":""MultiPoint"",""coordinates"":[]}"
20070826,2007-08-26,0.5194993569785813,"{""type"":""MultiPoint"",""coordinates"":[]}"
20070827,2007-08-27,10.627821574312236,"{""type"":""MultiPoint"",""coordinates"":[]}"
20070828,2007-08-28,2.841892945033102,"{""type"":""MultiPoint"",""coordinates"":[]}"
20070829,2007-08-29,16.142236605977317,"{""type"":""MultiPoint"",""coordinates"":[]}"
20070830,2007-08-30,16.27758254622891,"{""type"":""MultiPoint"",""coordinates"":[]}"
20070831,2007-08-31,22.01604778407343,"{""type"":""MultiPoint"",""coordinates"":[]}"
20070901,2007-09-01,26.099421324462252,"{""type"":""MultiPoint"",""coordinates"":[]}"
20070902,2007-09-02,21.015615989597027,"{""type"":""MultiPoint"",""coordinates"":[]}"
20070903,2007-09-03,3.158018251760672,"{""type"":""MultiPoint"",""coordinates"":[]}"
20070904,2007-09-04,11.272254227228224,"{""type"":""MultiPoint"",""coordinates"":[]}"
20070905,2007-09-05,35.372497692861536,"{""type"":""MultiPoint"",""coordinates"":[]}"
20070906,2007-09-06,19.246661509091542,"{""type"":""MultiPoint"",""coordinates"":[]}"
20070907,2007-09-07,5.890604031002151,"{""type"":""MultiPoint"",""coordinates"":[]}"
20070908,2007-09-08,9.99223839068981,"{""type"":""MultiPoint"",""coordinates"":[]}"
20070909,2007-09-09,2.505515848067113,"{""type"":""MultiPoint"",""coordinates"":[]}"
20070910,2007-09-10,0.3282134211710551,"{""type"":""MultiPoint"",""coordinates"":[]}"
20070911,2007-09-11,0.837857165838261,"{""type"":""MultiPoint"",""coordinates"":[]}"
20070912,2007-09-12,5.439988663772052,"{""type"":""MultiPoint"",""coordinates"":[]}"
20070913,2007-09-13,1.4935177447589931,"{""type"":""MultiPoint"",""coordinates"":[]}"
20070914,2007-09-14,13.3116339701957,"{""type"":""MultiPoint"",""coordinates"":[]}"
20070915,2007-09-15,1.070731111748276,"{""type"":""MultiPoint"",""coordinates"":[]}"
20070916,2007-09-16,14.373370492029272,"{""type"":""MultiPoint"",""coordinates"":[]}"
20070917,2007-09-17,1.7048516718001074,"{""type"":""MultiPoint"",""coordinates"":[]}"
20070918,2007-09-18,5.183430769137197,"{""type"":""MultiPoint"",""coordinates"":[]}"
20070919,2007-09-19,19.041172474917676,"{""type"":""MultiPoint"",""coordinates"":[]}"
20070920,2007-09-20,26.712705791003128,"{""type"":""MultiPoint"",""coordinates"":[]}"
20070921,2007-09-21,24.113923814813884,"{""type"":""MultiPoint"",""coordinates"":[]}"
20070922,2007-09-22,15.73158422179402,"{""type"":""MultiPoint"",""coordinates"":[]}"
20070923,2007-09-23,6.013106353455978,"{""type"":""MultiPoint"",""coordinates"":[]}"
20070924,2007-09-24,3.018543704729682,"{""type"":""MultiPoint"",""coordinates"":[]}"
20070925,2007-09-25,4.493395131129707,"{""type"":""MultiPoint"",""coordinates"":[]}"
20070926,2007-09-26,5.69679342330142,"{""type"":""MultiPoint"",""coordinates"":[]}"
20070927,2007-09-27,7.6124870788849,"{""type"":""MultiPoint"",""coordinates"":[]}"
20070928,2007-09-28,4.0877072797384635,"{""type"":""MultiPoint"",""coordinates"":[]}"
20070929,2007-09-29,9.911193286464247,"{""type"":""MultiPoint"",""coordinates"":[]}"
20070930,2007-09-30,6.410507756293357,"{""type"":""MultiPoint"",""coordinates"":[]}"
20071001,2007-10-01,3.8890348080590926,"{""type"":""MultiPoint"",""coordinates"":[]}"
20071002,2007-10-02,6.089803223981042,"{""type"":""MultiPoint"",""coordinates"":[]}"
20071003,2007-10-03,5.100048422027781,"{""type"":""MultiPoint"",""coordinates"":[]}"
20071004,2007-10-04,37.29070158935334,"{""type"":""MultiPoint"",""coordinates"":[]}"
20071005,2007-10-05,19.568477149122064,"{""type"":""MultiPoint"",""coordinates"":[]}"
20071006,2007-10-06,5.302563838306165,"{""type"":""MultiPoint"",""coordinates"":[]}"
20071007,2007-10-07,17.46608578864236,"{""type"":""MultiPoint"",""coordinates"":[]}"
20071008,2007-10-08,0.17966590120745682,"{""type"":""MultiPoint"",""coordinates"":[]}"
20071009,2007-10-09,0.0,"{""type"":""MultiPoint"",""coordinates"":[]}"
20071010,2007-10-10,0.0,"{""type"":""MultiPoint"",""coordinates"":[]}"
20071011,2007-10-11,0.05488096567539153,"{""type"":""MultiPoint"",""coordinates"":[]}"
20071012,2007-10-12,0.14270563060867536,"{""type"":""MultiPoint"",""coordinates"":[]}"
20071013,2007-10-13,0.0,"{""type"":""MultiPoint"",""coordinates"":[]}"
20071014,2007-10-14,0.0,"{""type"":""MultiPoint"",""coordinates"":[]}"
20071015,2007-10-15,0.0,"{""type"":""MultiPoint"",""coordinates"":[]}"
20071016,2007-10-16,3.5974540632148253,"{""type"":""MultiPoint"",""coordinates"":[]}"
20071017,2007-10-17,15.17603207460624,"{""type"":""MultiPoint"",""coordinates"":[]}"
20071018,2007-10-18,8.366138576386579,"{""type"":""MultiPoint"",""coordinates"":[]}"
20071019,2007-10-19,11.932745868474598,"{""type"":""MultiPoint"",""coordinates"":[]}"
20071020,2007-10-20,16.88234957951015,"{""type"":""MultiPoint"",""coordinates"":[]}"
20071021,2007-10-21,6.534200667047464,"{""type"":""MultiPoint"",""coordinates"":[]}"
20071022,2007-10-22,26.394849769554504,"{""type"":""MultiPoint"",""coordinates"":[]}"
20071023,2007-10-23,9.67988534096821,"{""type"":""MultiPoint"",""coordinates"":[]}"
20071024,2007-10-24,0.025954380447189944,"{""type"":""MultiPoint"",""coordinates"":[]}"
20071025,2007-10-25,0.0,"{""type"":""MultiPoint"",""coordinates"":[]}"
20071026,2007-10-26,0.0,"{""type"":""MultiPoint"",""coordinates"":[]}"
20071027,2007-10-27,0.14056344889814631,"{""type"":""MultiPoint"",""coordinates"":[]}"
20071028,2007-10-28,3.421132729092333,"{""type"":""MultiPoint"",""coordinates"":[]}"
20071029,2007-10-29,15.335833390753487,"{""type"":""MultiPoint"",""coordinates"":[]}"
20071030,2007-10-30,20.77416508686877,"{""type"":""MultiPoint"",""coordinates"":[]}"
20071031,2007-10-31,3.1430661019745236,"{""type"":""MultiPoint"",""coordinates"":[]}"
20071101,2007-11-01,0.4953900676220413,"{""type"":""MultiPoint"",""coordinates"":[]}"
20071102,2007-11-02,0.009269666334375589,"{""type"":""MultiPoint"",""coordinates"":[]}"
20071103,2007-11-03,1.8616550574842592,"{""type"":""MultiPoint"",""coordinates"":[]}"
20071104,2007-11-04,0.6216768600077346,"{""type"":""MultiPoint"",""coordinates"":[]}"
20071105,2007-11-05,3.5515738995196267,"{""type"":""MultiPoint"",""coordinates"":[]}"
20071106,2007-11-06,0.0,"{""type"":""MultiPoint"",""coordinates"":[]}"
20071107,2007-11-07,0.0,"{""type"":""MultiPoint"",""coordinates"":[]}"
20071108,2007-11-08,0.0,"{""type"":""MultiPoint"",""coordinates"":[]}"
20071109,2007-11-09,0.0,"{""type"":""MultiPoint"",""coordinates"":[]}"
20071110,2007-11-10,0.0,"{""type"":""MultiPoint"",""coordinates"":[]}"
20071111,2007-11-11,0.0,"{""type"":""MultiPoint"",""coordinates"":[]}"
20071112,2007-11-12,0.0,"{""type"":""MultiPoint"",""coordinates"":[]}"
20071113,2007-11-13,0.0,"{""type"":""MultiPoint"",""coordinates"":[]}"
20071114,2007-11-14,0.0,"{""type"":""MultiPoint"",""coordinates"":[]}"
20071115,2007-11-15,0.0,"{""type"":""MultiPoint"",""coordinates"":[]}"
20071116,2007-11-16,0.0,"{""type"":""MultiPoint"",""coordinates"":[]}"
20071117,2007-11-17,0.0,"{""type"":""MultiPoint"",""coordinates"":[]}"
20071118,2007-11-18,0.0,"{""type"":""MultiPoint"",""coordinates"":[]}"
20071119,2007-11-19,0.12624978532280137,"{""type"":""MultiPoint"",""coordinates"":[]}"
20071120,2007-11-20,0.0,"{""type"":""MultiPoint"",""coordinates"":[]}"
20071121,2007-11-21,0.0,"{""type"":""MultiPoint"",""coordinates"":[]}"
20071122,2007-11-22,0.0,"{""type"":""MultiPoint"",""coordinates"":[]}"
20071123,2007-11-23,0.0,"{""type"":""MultiPoint"",""coordinates"":[]}"
20071124,2007-11-24,0.0,"{""type"":""MultiPoint"",""coordinates"":[]}"
20071125,2007-11-25,0.33796270956647645,"{""type"":""MultiPoint"",""coordinates"":[]}"
20071126,2007-11-26,1.5496112797725843,"{""type"":""MultiPoint"",""coordinates"":[]}"
20071127,2007-11-27,1.5841110391399162,"{""type"":""MultiPoint"",""coordinates"":[]}"
20071128,2007-11-28,0.0,"{""type"":""MultiPoint"",""coordinates"":[]}"
20071129,2007-11-29,0.0,"{""type"":""MultiPoint"",""coordinates"":[]}"
20071130,2007-11-30,0.0,"{""type"":""MultiPoint"",""coordinates"":[]}"
20071201,2007-12-01,2.707065699699918,"{""type"":""MultiPoint"",""coordinates"":[]}"
20071202,2007-12-02,0.4578413141210211,"{""type"":""MultiPoint"",""coordinates"":[]}"
20071203,2007-12-03,0.1475978342540711,"{""type"":""MultiPoint"",""coordinates"":[]}"
20071204,2007-12-04,0.0,"{""type"":""MultiPoint"",""coordinates"":[]}"
20071205,2007-12-05,0.0,"{""type"":""MultiPoint"",""coordinates"":[]}"
20071206,2007-12-06,0.0,"{""type"":""MultiPoint"",""coordinates"":[]}"
20071207,2007-12-07,0.0,"{""type"":""MultiPoint"",""coordinates"":[]}"
20071208,2007-12-08,0.0,"{""type"":""MultiPoint"",""coordinates"":[]}"
20071209,2007-12-09,0.0,"{""type"":""MultiPoint"",""coordinates"":[]}"
20071210,2007-12-10,0.0,"{""type"":""MultiPoint"",""coordinates"":[]}"
20071211,2007-12-11,0.016511058892899787,"{""type"":""MultiPoint"",""coordinates"":[]}"
20071212,2007-12-12,0.0,"{""type"":""MultiPoint"",""coordinates"":[]}"
20071213,2007-12-13,0.0,"{""type"":""MultiPoint"",""coordinates"":[]}"
20071214,2007-12-14,0.0,"{""type"":""MultiPoint"",""coordinates"":[]}"
20071215,2007-12-15,0.0,"{""type"":""MultiPoint"",""coordinates"":[]}"
20071216,2007-12-16,0.0,"{""type"":""MultiPoint"",""coordinates"":[]}"
20071217,2007-12-17,0.0,"{""type"":""MultiPoint"",""coordinates"":[]}"
20071218,2007-12-18,0.398965848494891,"{""type"":""MultiPoint"",""coordinates"":[]}"
20071219,2007-12-19,1.4971217734540847,"{""type"":""MultiPoint"",""coordinates"":[]}"
20071220,2007-12-20,0.0,"{""type"":""MultiPoint"",""coordinates"":[]}"
20071221,2007-12-21,0.0,"{""type"":""MultiPoint"",""coordinates"":[]}"
20071222,2007-12-22,0.0,"{""type"":""MultiPoint"",""coordinates"":[]}"
20071223,2007-12-23,0.0,"{""type"":""MultiPoint"",""coordinates"":[]}"
20071224,2007-12-24,0.0,"{""type"":""MultiPoint"",""coordinates"":[]}"
20071225,2007-12-25,0.0,"{""type"":""MultiPoint"",""coordinates"":[]}"
20071226,2007-12-26,0.0,"{""type"":""MultiPoint"",""coordinates"":[]}"
20071227,2007-12-27,0.0,"{""type"":""MultiPoint"",""coordinates"":[]}"
20071228,2007-12-28,0.0,"{""type"":""MultiPoint"",""coordinates"":[]}"
20071229,2007-12-29,0.0,"{""type"":""MultiPoint"",""coordinates"":[]}"
20071230,2007-12-30,0.0,"{""type"":""MultiPoint"",""coordinates"":[]}"
20071231,2007-12-31,0.0,"{""type"":""MultiPoint"",""coordinates"":[]}"
20080101,2008-01-01,0.0,"{""type"":""MultiPoint"",""coordinates"":[]}"
20080102,2008-01-02,0.0,"{""type"":""MultiPoint"",""coordinates"":[]}"
20080103,2008-01-03,0.0,"{""type"":""MultiPoint"",""coordinates"":[]}"
20080104,2008-01-04,0.0,"{""type"":""MultiPoint"",""coordinates"":[]}"
20080105,2008-01-05,0.0,"{""type"":""MultiPoint"",""coordinates"":[]}"
20080106,2008-01-06,0.0,"{""type"":""MultiPoint"",""coordinates"":[]}"
20080107,2008-01-07,0.0,"{""type"":""MultiPoint"",""coordinates"":[]}"
20080108,2008-01-08,0.008836266249250756,"{""type"":""MultiPoint"",""coordinates"":[]}"
20080109,2008-01-09,0.0,"{""type"":""MultiPoint"",""coordinates"":[]}"
20080110,2008-01-10,0.0,"{""type"":""MultiPoint"",""coordinates"":[]}"
20080111,2008-01-11,0.0,"{""type"":""MultiPoint"",""coordinates"":[]}"
20080112,2008-01-12,0.0,"{""type"":""MultiPoint"",""coordinates"":[]}"
20080113,2008-01-13,0.0,"{""type"":""MultiPoint"",""coordinates"":[]}"
20080114,2008-01-14,0.0,"{""type"":""MultiPoint"",""coordinates"":[]}"
20080115,2008-01-15,0.0,"{""type"":""MultiPoint"",""coordinates"":[]}"
20080116,2008-01-16,0.0,"{""type"":""MultiPoint"",""coordinates"":[]}"
20080117,2008-01-17,0.0,"{""type"":""MultiPoint"",""coordinates"":[]}"
20080118,2008-01-18,0.0,"{""type"":""MultiPoint"",""coordinates"":[]}"
20080119,2008-01-19,0.0,"{""type"":""MultiPoint"",""coordinates"":[]}"
20080120,2008-01-20,0.0,"{""type"":""MultiPoint"",""coordinates"":[]}"
20080121,2008-01-21,0.0,"{""type"":""MultiPoint"",""coordinates"":[]}"
20080122,2008-01-22,0.0,"{""type"":""MultiPoint"",""coordinates"":[]}"
20080123,2008-01-23,0.0,"{""type"":""MultiPoint"",""coordinates"":[]}"
20080124,2008-01-24,0.0,"{""type"":""MultiPoint"",""coordinates"":[]}"
20080125,2008-01-25,0.5081258217828707,"{""type"":""MultiPoint"",""coordinates"":[]}"
20080126,2008-01-26,1.098384438927046,"{""type"":""MultiPoint"",""coordinates"":[]}"
20080127,2008-01-27,0.0,"{""type"":""MultiPoint"",""coordinates"":[]}"
20080128,2008-01-28,0.0,"{""type"":""MultiPoint"",""coordinates"":[]}"
20080129,2008-01-29,0.0,"{""type"":""MultiPoint"",""coordinates"":[]}"
20080130,2008-01-30,0.0043378496633018175,"{""type"":""MultiPoint"",""coordinates"":[]}"
20080131,2008-01-31,0.032147917075317875,"{""type"":""MultiPoint"",""coordinates"":[]}"
20080201,2008-02-01,0.0,"{""type"":""MultiPoint"",""coordinates"":[]}"
20080202,2008-02-02,0.0,"{""type"":""MultiPoint"",""coordinates"":[]}"
20080203,2008-02-03,0.0,"{""type"":""MultiPoint"",""coordinates"":[]}"
20080204,2008-02-04,0.6259924021640402,"{""type"":""MultiPoint"",""coordinates"":[]}"
20080205,2008-02-05,0.0,"{""type"":""MultiPoint"",""coordinates"":[]}"
20080206,2008-02-06,0.0,"{""type"":""MultiPoint"",""coordinates"":[]}"
20080207,2008-02-07,0.0,"{""type"":""MultiPoint"",""coordinates"":[]}"
20080208,2008-02-08,1.2343345084676258,"{""type"":""MultiPoint"",""coordinates"":[]}"
20080209,2008-02-09,16.296140278244124,"{""type"":""MultiPoint"",""coordinates"":[]}"
20080210,2008-02-10,0.14311257190045784,"{""type"":""MultiPoint"",""coordinates"":[]}"
20080211,2008-02-11,1.557498154371873,"{""type"":""MultiPoint"",""coordinates"":[]}"
20080212,2008-02-12,2.6180615462105776,"{""type"":""MultiPoint"",""coordinates"":[]}"
20080213,2008-02-13,0.22579422251732412,"{""type"":""MultiPoint"",""coordinates"":[]}"
20080214,2008-02-14,0.0,"{""type"":""MultiPoint"",""coordinates"":[]}"
20080215,2008-02-15,0.0,"{""type"":""MultiPoint"",""coordinates"":[]}"
20080216,2008-02-16,0.0,"{""type"":""MultiPoint"",""coordinates"":[]}"
20080217,2008-02-17,0.0,"{""type"":""MultiPoint"",""coordinates"":[]}"
20080218,2008-02-18,0.0,"{""type"":""MultiPoint"",""coordinates"":[]}"
20080219,2008-02-19,0.0,"{""type"":""MultiPoint"",""coordinates"":[]}"
20080220,2008-02-20,0.0,"{""type"":""MultiPoint"",""coordinates"":[]}"
20080221,2008-02-21,0.0,"{""type"":""MultiPoint"",""coordinates"":[]}"
20080222,2008-02-22,0.0,"{""type"":""MultiPoint"",""coordinates"":[]}"
20080223,2008-02-23,0.0,"{""type"":""MultiPoint"",""coordinates"":[]}"
20080224,2008-02-24,0.0,"{""type"":""MultiPoint"",""coordinates"":[]}"
20080225,2008-02-25,0.0,"{""type"":""MultiPoint"",""coordinates"":[]}"
20080226,2008-02-26,0.0,"{""type"":""MultiPoint"",""coordinates"":[]}"
20080227,2008-02-27,0.0,"{""type"":""MultiPoint"",""coordinates"":[]}"
20080228,2008-02-28,0.0,"{""type"":""MultiPoint"",""coordinates"":[]}"
20080229,2008-02-29,0.0,"{""type"":""MultiPoint"",""coordinates"":[]}"
20080301,2008-03-01,0.0,"{""type"":""MultiPoint"",""coordinates"":[]}"
20080302,2008-03-02,0.0,"{""type"":""MultiPoint"",""coordinates"":[]}"
20080303,2008-03-03,0.0,"{""type"":""MultiPoint"",""coordinates"":[]}"
20080304,2008-03-04,0.0,"{""type"":""MultiPoint"",""coordinates"":[]}"
20080305,2008-03-05,0.0,"{""type"":""MultiPoint"",""coordinates"":[]}"
20080306,2008-03-06,0.0,"{""type"":""MultiPoint"",""coordinates"":[]}"
20080307,2008-03-07,0.0,"{""type"":""MultiPoint"",""coordinates"":[]}"
20080308,2008-03-08,0.0,"{""type"":""MultiPoint"",""coordinates"":[]}"
20080309,2008-03-09,1.002323029994119,"{""type"":""MultiPoint"",""coordinates"":[]}"
20080310,2008-03-10,0.007511094348836173,"{""type"":""MultiPoint"",""coordinates"":[]}"
20080311,2008-03-11,0.10463916731008441,"{""type"":""MultiPoint"",""coordinates"":[]}"
20080312,2008-03-12,0.061140214094404885,"{""type"":""MultiPoint"",""coordinates"":[]}"
20080313,2008-03-13,0.0,"{""type"":""MultiPoint"",""coordinates"":[]}"
20080314,2008-03-14,0.0,"{""type"":""MultiPoint"",""coordinates"":[]}"
20080315,2008-03-15,0.0,"{""type"":""MultiPoint"",""coordinates"":[]}"
20080316,2008-03-16,0.0,"{""type"":""MultiPoint"",""coordinates"":[]}"
20080317,2008-03-17,0.0,"{""type"":""MultiPoint"",""coordinates"":[]}"
20080318,2008-03-18,0.0,"{""type"":""MultiPoint"",""coordinates"":[]}"
20080319,2008-03-19,0.0,"{""type"":""MultiPoint"",""coordinates"":[]}"
20080320,2008-03-20,0.0,"{""type"":""MultiPoint"",""coordinates"":[]}"
20080321,2008-03-21,1.942267878325318,"{""type"":""MultiPoint"",""coordinates"":[]}"
20080322,2008-03-22,1.348586152441961,"{""type"":""MultiPoint"",""coordinates"":[]}"
20080323,2008-03-23,5.323327594236005,"{""type"":""MultiPoint"",""coordinates"":[]}"
20080324,2008-03-24,6.8194983130884115,"{""type"":""MultiPoint"",""coordinates"":[]}"
20080325,2008-03-25,4.313044308967088,"{""type"":""MultiPoint"",""coordinates"":[]}"
20080326,2008-03-26,4.848441449134782,"{""type"":""MultiPoint"",""coordinates"":[]}"
20080327,2008-03-27,7.137582313147608,"{""type"":""MultiPoint"",""coordinates"":[]}"
20080328,2008-03-28,14.346741348254755,"{""type"":""MultiPoint"",""coordinates"":[]}"
20080329,2008-03-29,0.0,"{""type"":""MultiPoint"",""coordinates"":[]}"
20080330,2008-03-30,1.2763350364742492,"{""type"":""MultiPoint"",""coordinates"":[]}"
20080331,2008-03-31,5.154391876072428,"{""type"":""MultiPoint"",""coordinates"":[]}"
20080401,2008-04-01,0.011276740218441713,"{""type"":""MultiPoint"",""coordinates"":[]}"
20080402,2008-04-02,4.743726374839902,"{""type"":""MultiPoint"",""coordinates"":[]}"
20080403,2008-04-03,0.0,"{""type"":""MultiPoint"",""coordinates"":[]}"
20080404,2008-04-04,0.01691637865233557,"{""type"":""MultiPoint"",""coordinates"":[]}"
20080405,2008-04-05,0.37025905188323566,"{""type"":""MultiPoint"",""coordinates"":[]}"
20080406,2008-04-06,0.05007924429548277,"{""type"":""MultiPoint"",""coordinates"":[]}"
20080407,2008-04-07,0.4016003257886354,"{""type"":""MultiPoint"",""coordinates"":[]}"
20080408,2008-04-08,0.5497218621552524,"{""type"":""MultiPoint"",""coordinates"":[]}"
20080409,2008-04-09,1.1170299455397703,"{""type"":""MultiPoint"",""coordinates"":[]}"
20080410,2008-04-10,0.6602377636858735,"{""type"":""MultiPoint"",""coordinates"":[]}"
20080411,2008-04-11,0.0,"{""type"":""MultiPoint"",""coordinates"":[]}"
20080412,2008-04-12,0.0,"{""type"":""MultiPoint"",""coordinates"":[]}"
20080413,2008-04-13,0.0,"{""type"":""MultiPoint"",""coordinates"":[]}"
20080414,2008-04-14,0.007844593901513246,"{""type"":""MultiPoint"",""coordinates"":[]}"
20080415,2008-04-15,0.0,"{""type"":""MultiPoint"",""coordinates"":[]}"
20080416,2008-04-16,0.053003095201567464,"{""type"":""MultiPoint"",""coordinates"":[]}"
20080417,2008-04-17,0.0,"{""type"":""MultiPoint"",""coordinates"":[]}"
20080418,2008-04-18,0.0,"{""type"":""MultiPoint"",""coordinates"":[]}"
20080419,2008-04-19,0.0,"{""type"":""MultiPoint"",""coordinates"":[]}"
20080420,2008-04-20,0.07130430255726271,"{""type"":""MultiPoint"",""coordinates"":[]}"
20080421,2008-04-21,0.0,"{""type"":""MultiPoint"",""coordinates"":[]}"
20080422,2008-04-22,0.0,"{""type"":""MultiPoint"",""coordinates"":[]}"
20080423,2008-04-23,0.0,"{""type"":""MultiPoint"",""coordinates"":[]}"
20080424,2008-04-24,0.0,"{""type"":""MultiPoint"",""coordinates"":[]}"
20080425,2008-04-25,0.0,"{""type"":""MultiPoint"",""coordinates"":[]}"
20080426,2008-04-26,0.10560414572573897,"{""type"":""MultiPoint"",""coordinates"":[]}"
20080427,2008-04-27,0.08787450090110804,"{""type"":""MultiPoint"",""coordinates"":[]}"
20080428,2008-04-28,1.7907121948903273,"{""type"":""MultiPoint"",""coordinates"":[]}"
20080429,2008-04-29,1.4637738525527202,"{""type"":""MultiPoint"",""coordinates"":[]}"
20080430,2008-04-30,0.07871898659878045,"{""type"":""MultiPoint"",""coordinates"":[]}"
20080501,2008-05-01,0.6299782127510468,"{""type"":""MultiPoint"",""coordinates"":[]}"
20080502,2008-05-02,0.0,"{""type"":""MultiPoint"",""coordinates"":[]}"
20080503,2008-05-03,0.0,"{""type"":""MultiPoint"",""coordinates"":[]}"
20080504,2008-05-04,0.0,"{""type"":""MultiPoint"",""coordinates"":[]}"
20080505,2008-05-05,0.0,"{""type"":""MultiPoint"",""coordinates"":[]}"
20080506,2008-05-06,0.0,"{""type"":""MultiPoint"",""coordinates"":[]}"
20080507,2008-05-07,0.0,"{""type"":""MultiPoint"",""coordinates"":[]}"
20080508,2008-05-08,0.9042926399500062,"{""type"":""MultiPoint"",""coordinates"":[]}"
20080509,2008-05-09,0.0,"{""type"":""MultiPoint"",""coordinates"":[]}"
20080510,2008-05-10,0.3523203427955188,"{""type"":""MultiPoint"",""coordinates"":[]}"
20080511,2008-05-11,0.0,"{""type"":""MultiPoint"",""coordinates"":[]}"
20080512,2008-05-12,3.1415471298578117,"{""type"":""MultiPoint"",""coordinates"":[]}"
20080513,2008-05-13,0.924456549698724,"{""type"":""MultiPoint"",""coordinates"":[]}"
20080514,2008-05-14,0.0,"{""type"":""MultiPoint"",""coordinates"":[]}"
20080515,2008-05-15,0.0,"{""type"":""MultiPoint"",""coordinates"":[]}"
20080516,2008-05-16,0.0,"{""type"":""MultiPoint"",""coordinates"":[]}"
20080517,2008-05-17,0.0,"{""type"":""MultiPoint"",""coordinates"":[]}"
20080518,2008-05-18,0.0,"{""type"":""MultiPoint"",""coordinates"":[]}"
20080519,2008-05-19,0.0,"{""type"":""MultiPoint"",""coordinates"":[]}"
20080520,2008-05-20,0.0,"{""type"":""MultiPoint"",""coordinates"":[]}"
20080521,2008-05-21,0.0,"{""type"":""MultiPoint"",""coordinates"":[]}"
20080522,2008-05-22,0.0011392228306817815,"{""type"":""MultiPoint"",""coordinates"":[]}"
20080523,2008-05-23,0.25719646913920313,"{""type"":""MultiPoint"",""coordinates"":[]}"
20080524,2008-05-24,5.628913124562648,"{""type"":""MultiPoint"",""coordinates"":[]}"
20080525,2008-05-25,0.0,"{""type"":""MultiPoint"",""coordinates"":[]}"
20080526,2008-05-26,10.0979115320126,"{""type"":""MultiPoint"",""coordinates"":[]}"
20080527,2008-05-27,9.403145450032147,"{""type"":""MultiPoint"",""coordinates"":[]}"
20080528,2008-05-28,0.07523084876320238,"{""type"":""MultiPoint"",""coordinates"":[]}"
20080529,2008-05-29,8.164631088222638,"{""type"":""MultiPoint"",""coordinates"":[]}"
20080530,2008-05-30,0.1684831031327493,"{""type"":""MultiPoint"",""coordinates"":[]}"
20080531,2008-05-31,4.436137863801374,"{""type"":""MultiPoint"",""coordinates"":[]}"
20080601,2008-06-01,9.01826438779999,"{""type"":""MultiPoint"",""coordinates"":[]}"
20080602,2008-06-02,0.0,"{""type"":""MultiPoint"",""coordinates"":[]}"
20080603,2008-06-03,0.9348068776793139,"{""type"":""MultiPoint"",""coordinates"":[]}"
20080604,2008-06-04,0.04509934382346277,"{""type"":""MultiPoint"",""coordinates"":[]}"
20080605,2008-06-05,4.559823090584122,"{""type"":""MultiPoint"",""coordinates"":[]}"
20080606,2008-06-06,19.018945926949286,"{""type"":""MultiPoint"",""coordinates"":[]}"
20080607,2008-06-07,7.2620143987863,"{""type"":""MultiPoint"",""coordinates"":[]}"
20080608,2008-06-08,21.333191559595303,"{""type"":""MultiPoint"",""coordinates"":[]}"
20080609,2008-06-09,11.04200793107719,"{""type"":""MultiPoint"",""coordinates"":[]}"
20080610,2008-06-10,9.988330151311711,"{""type"":""MultiPoint"",""coordinates"":[]}"
20080611,2008-06-11,12.755779474422551,"{""type"":""MultiPoint"",""coordinates"":[]}"
20080612,2008-06-12,10.182230955035324,"{""type"":""MultiPoint"",""coordinates"":[]}"
20080613,2008-06-13,0.3131328614919624,"{""type"":""MultiPoint"",""coordinates"":[]}"
20080614,2008-06-14,7.716249706720501,"{""type"":""MultiPoint"",""coordinates"":[]}"
20080615,2008-06-15,10.233463285070176,"{""type"":""MultiPoint"",""coordinates"":[]}"
20080616,2008-06-16,1.1289662039328026,"{""type"":""MultiPoint"",""coordinates"":[]}"
20080617,2008-06-17,1.468571329432653,"{""type"":""MultiPoint"",""coordinates"":[]}"
20080618,2008-06-18,0.807232999478316,"{""type"":""MultiPoint"",""coordinates"":[]}"
20080619,2008-06-19,0.30548294477698296,"{""type"":""MultiPoint"",""coordinates"":[]}"
20080620,2008-06-20,0.05981954122205034,"{""type"":""MultiPoint"",""coordinates"":[]}"
20080621,2008-06-21,0.0,"{""type"":""MultiPoint"",""coordinates"":[]}"
20080622,2008-06-22,6.517660568446206,"{""type"":""MultiPoint"",""coordinates"":[]}"
20080623,2008-06-23,9.592407051291824,"{""type"":""MultiPoint"",""coordinates"":[]}"
20080624,2008-06-24,3.650453801435611,"{""type"":""MultiPoint"",""coordinates"":[]}"
20080625,2008-06-25,5.078663741849383,"{""type"":""MultiPoint"",""coordinates"":[]}"
20080626,2008-06-26,0.5024025144774409,"{""type"":""MultiPoint"",""coordinates"":[]}"
20080627,2008-06-27,10.221179763849172,"{""type"":""MultiPoint"",""coordinates"":[]}"
20080628,2008-06-28,15.022720019674255,"{""type"":""MultiPoint"",""coordinates"":[]}"
20080629,2008-06-29,2.3516996108362886,"{""type"":""MultiPoint"",""coordinates"":[]}"
20080630,2008-06-30,3.936646513945842,"{""type"":""MultiPoint"",""coordinates"":[]}"
20080701,2008-07-01,2.0648602798734514,"{""type"":""MultiPoint"",""coordinates"":[]}"
20080702,2008-07-02,1.0008797916469196,"{""type"":""MultiPoint"",""coordinates"":[]}"
20080703,2008-07-03,0.23923786000379985,"{""type"":""MultiPoint"",""coordinates"":[]}"
20080704,2008-07-04,9.712713020789437,"{""type"":""MultiPoint"",""coordinates"":[]}"
20080705,2008-07-05,10.360662751696108,"{""type"":""MultiPoint"",""coordinates"":[]}"
20080706,2008-07-06,4.609525142545995,"{""type"":""MultiPoint"",""coordinates"":[]}"
20080707,2008-07-07,4.534075053066792,"{""type"":""MultiPoint"",""coordinates"":[]}"
20080708,2008-07-08,2.1844557474749897,"{""type"":""MultiPoint"",""coordinates"":[]}"
20080709,2008-07-09,4.200172648152089,"{""type"":""MultiPoint"",""coordinates"":[]}"
20080710,2008-07-10,11.672363229319116,"{""type"":""MultiPoint"",""coordinates"":[]}"
20080711,2008-07-11,0.37886357326615205,"{""type"":""MultiPoint"",""coordinates"":[]}"
20080712,2008-07-12,0.28571540498389847,"{""type"":""MultiPoint"",""coordinates"":[]}"
20080713,2008-07-13,1.7909199608155562,"{""type"":""MultiPoint"",""coordinates"":[]}"
20080714,2008-07-14,2.968057766509116,"{""type"":""MultiPoint"",""coordinates"":[]}"
20080715,2008-07-15,10.444731031664125,"{""type"":""MultiPoint"",""coordinates"":[]}"
20080716,2008-07-16,14.924907785970298,"{""type"":""MultiPoint"",""coordinates"":[]}"
20080717,2008-07-17,4.670998901983382,"{""type"":""MultiPoint"",""coordinates"":[]}"
20080718,2008-07-18,14.668673990086479,"{""type"":""MultiPoint"",""coordinates"":[]}"
20080719,2008-07-19,12.735806310423062,"{""type"":""MultiPoint"",""coordinates"":[]}"
20080720,2008-07-20,0.7415438216306802,"{""type"":""MultiPoint"",""coordinates"":[]}"
20080721,2008-07-21,12.080831217433165,"{""type"":""MultiPoint"",""coordinates"":[]}"
20080722,2008-07-22,2.20504751168974,"{""type"":""MultiPoint"",""coordinates"":[]}"
20080723,2008-07-23,5.187702518452857,"{""type"":""MultiPoint"",""coordinates"":[]}"
20080724,2008-07-24,4.079561977608348,"{""type"":""MultiPoint"",""coordinates"":[]}"
20080725,2008-07-25,12.372582466986113,"{""type"":""MultiPoint"",""coordinates"":[]}"
20080726,2008-07-26,30.603270910675867,"{""type"":""MultiPoint"",""coordinates"":[]}"
20080727,2008-07-27,21.894853042887256,"{""type"":""MultiPoint"",""coordinates"":[]}"
20080728,2008-07-28,16.386320432284695,"{""type"":""MultiPoint"",""coordinates"":[]}"
20080729,2008-07-29,9.261172926227033,"{""type"":""MultiPoint"",""coordinates"":[]}"
20080730,2008-07-30,17.997512791286013,"{""type"":""MultiPoint"",""coordinates"":[]}"
20080731,2008-07-31,2.3994987931859337,"{""type"":""MultiPoint"",""coordinates"":[]}"
20080801,2008-08-01,10.965873697472551,"{""type"":""MultiPoint"",""coordinates"":[]}"
20080802,2008-08-02,21.686969845964832,"{""type"":""MultiPoint"",""coordinates"":[]}"
20080803,2008-08-03,1.352991582568568,"{""type"":""MultiPoint"",""coordinates"":[]}"
20080804,2008-08-04,13.900468148620057,"{""type"":""MultiPoint"",""coordinates"":[]}"
20080805,2008-08-05,0.0,"{""type"":""MultiPoint"",""coordinates"":[]}"
20080806,2008-08-06,0.8078632449669694,"{""type"":""MultiPoint"",""coordinates"":[]}"
20080807,2008-08-07,26.811493477918816,"{""type"":""MultiPoint"",""coordinates"":[]}"
20080808,2008-08-08,35.201321799123086,"{""type"":""MultiPoint"",""coordinates"":[]}"
20080809,2008-08-09,40.86990666466718,"{""type"":""MultiPoint"",""coordinates"":[]}"
20080810,2008-08-10,13.513236302677736,"{""type"":""MultiPoint"",""coordinates"":[]}"
20080811,2008-08-11,0.0,"{""type"":""MultiPoint"",""coordinates"":[]}"
20080812,2008-08-12,0.0,"{""type"":""MultiPoint"",""coordinates"":[]}"
20080813,2008-08-13,3.6556085527367577,"{""type"":""MultiPoint"",""coordinates"":[]}"
20080814,2008-08-14,6.523203531689525,"{""type"":""MultiPoint"",""coordinates"":[]}"
20080815,2008-08-15,7.694424359963813,"{""type"":""MultiPoint"",""coordinates"":[]}"
20080816,2008-08-16,21.124531797518355,"{""type"":""MultiPoint"",""coordinates"":[]}"
20080817,2008-08-17,3.5405924918041003,"{""type"":""MultiPoint"",""coordinates"":[]}"
20080818,2008-08-18,3.9352057599682944,"{""type"":""MultiPoint"",""coordinates"":[]}"
20080819,2008-08-19,20.875448552224608,"{""type"":""MultiPoint"",""coordinates"":[]}"
20080820,2008-08-20,17.613146069469256,"{""type"":""MultiPoint"",""coordinates"":[]}"
20080821,2008-08-21,0.0,"{""type"":""MultiPoint"",""coordinates"":[]}"
20080822,2008-08-22,9.803977940558614,"{""type"":""MultiPoint"",""coordinates"":[]}"
20080823,2008-08-23,0.7374579602876566,"{""type"":""MultiPoint"",""coordinates"":[]}"
20080824,2008-08-24,25.615666017346538,"{""type"":""MultiPoint"",""coordinates"":[]}"
20080825,2008-08-25,38.95475614268748,"{""type"":""MultiPoint"",""coordinates"":[]}"
20080826,2008-08-26,5.127019969068933,"{""type"":""MultiPoint"",""coordinates"":[]}"
20080827,2008-08-27,0.0,"{""type"":""MultiPoint"",""coordinates"":[]}"
20080828,2008-08-28,0.7271099790345137,"{""type"":""MultiPoint"",""coordinates"":[]}"
20080829,2008-08-29,5.698405947982997,"{""type"":""MultiPoint"",""coordinates"":[]}"
20080830,2008-08-30,20.377712335413978,"{""type"":""MultiPoint"",""coordinates"":[]}"
20080831,2008-08-31,0.6805150853641379,"{""type"":""MultiPoint"",""coordinates"":[]}"
20080901,2008-09-01,0.002406597810103824,"{""type"":""MultiPoint"",""coordinates"":[]}"
20080902,2008-09-02,0.08812405039439135,"{""type"":""MultiPoint"",""coordinates"":[]}"
20080903,2008-09-03,0.01538784061615099,"{""type"":""MultiPoint"",""coordinates"":[]}"
20080904,2008-09-04,5.640236233135164,"{""type"":""MultiPoint"",""coordinates"":[]}"
20080905,2008-09-05,3.806543528140297,"{""type"":""MultiPoint"",""coordinates"":[]}"
20080906,2008-09-06,2.651925073185719,"{""type"":""MultiPoint"",""coordinates"":[]}"
20080907,2008-09-07,9.729148857930236,"{""type"":""MultiPoint"",""coordinates"":[]}"
20080908,2008-09-08,18.0431325976651,"{""type"":""MultiPoint"",""coordinates"":[]}"
20080909,2008-09-09,24.934812989800708,"{""type"":""MultiPoint"",""coordinates"":[]}"
20080910,2008-09-10,27.97992957572433,"{""type"":""MultiPoint"",""coordinates"":[]}"
20080911,2008-09-11,22.69978714973014,"{""type"":""MultiPoint"",""coordinates"":[]}"
20080912,2008-09-12,5.154458706233741,"{""type"":""MultiPoint"",""coordinates"":[]}"
20080913,2008-09-13,1.6854456064497148,"{""type"":""MultiPoint"",""coordinates"":[]}"
20080914,2008-09-14,2.7436110792740425,"{""type"":""MultiPoint"",""coordinates"":[]}"
20080915,2008-09-15,3.3623507039384974,"{""type"":""MultiPoint"",""coordinates"":[]}"
20080916,2008-09-16,18.55246956337804,"{""type"":""MultiPoint"",""coordinates"":[]}"
20080917,2008-09-17,24.308925464135502,"{""type"":""MultiPoint"",""coordinates"":[]}"
20080918,2008-09-18,10.693898795285271,"{""type"":""MultiPoint"",""coordinates"":[]}"
20080919,2008-09-19,0.090067217318423,"{""type"":""MultiPoint"",""coordinates"":[]}"
20080920,2008-09-20,4.0991217337238215,"{""type"":""MultiPoint"",""coordinates"":[]}"
20080921,2008-09-21,3.2956844200697804,"{""type"":""MultiPoint"",""coordinates"":[]}"
20080922,2008-09-22,7.254290103405239,"{""type"":""MultiPoint"",""coordinates"":[]}"
20080923,2008-09-23,0.339271444114185,"{""type"":""MultiPoint"",""coordinates"":[]}"
20080924,2008-09-24,0.0,"{""type"":""MultiPoint"",""coordinates"":[]}"
20080925,2008-09-25,0.0,"{""type"":""MultiPoint"",""coordinates"":[]}"
20080926,2008-09-26,0.8721444769058461,"{""type"":""MultiPoint"",""coordinates"":[]}"
20080927,2008-09-27,0.9461798976933804,"{""type"":""MultiPoint"",""coordinates"":[]}"
20080928,2008-09-28,0.5648577303057581,"{""type"":""MultiPoint"",""coordinates"":[]}"
20080929,2008-09-29,0.0,"{""type"":""MultiPoint"",""coordinates"":[]}"
20080930,2008-09-30,0.0,"{""type"":""MultiPoint"",""coordinates"":[]}"
20081001,2008-10-01,0.2965221223216016,"{""type"":""MultiPoint"",""coordinates"":[]}"
20081002,2008-10-02,0.4366853611814373,"{""type"":""MultiPoint"",""coordinates"":[]}"
20081003,2008-10-03,0.0,"{""type"":""MultiPoint"",""coordinates"":[]}"
20081004,2008-10-04,0.007372855044448614,"{""type"":""MultiPoint"",""coordinates"":[]}"
20081005,2008-10-05,0.46669506063675514,"{""type"":""MultiPoint"",""coordinates"":[]}"
20081006,2008-10-06,5.175116442387132,"{""type"":""MultiPoint"",""coordinates"":[]}"
20081007,2008-10-07,5.166811692393216,"{""type"":""MultiPoint"",""coordinates"":[]}"
20081008,2008-10-08,3.016120766962247,"{""type"":""MultiPoint"",""coordinates"":[]}"
20081009,2008-10-09,0.7069308815167663,"{""type"":""MultiPoint"",""coordinates"":[]}"
20081010,2008-10-10,0.7238266695672703,"{""type"":""MultiPoint"",""coordinates"":[]}"
20081011,2008-10-11,0.0,"{""type"":""MultiPoint"",""coordinates"":[]}"
20081012,2008-10-12,0.10805343060252895,"{""type"":""MultiPoint"",""coordinates"":[]}"
20081013,2008-10-13,0.007368072233168756,"{""type"":""MultiPoint"",""coordinates"":[]}"
20081014,2008-10-14,0.0,"{""type"":""MultiPoint"",""coordinates"":[]}"
20081015,2008-10-15,0.0,"{""type"":""MultiPoint"",""coordinates"":[]}"
20081016,2008-10-16,2.559745161282268,"{""type"":""MultiPoint"",""coordinates"":[]}"
20081017,2008-10-17,3.458129749933385,"{""type"":""MultiPoint"",""coordinates"":[]}"
20081018,2008-10-18,0.2374350930929274,"{""type"":""MultiPoint"",""coordinates"":[]}"
20081019,2008-10-19,0.0,"{""type"":""MultiPoint"",""coordinates"":[]}"
20081020,2008-10-20,0.30842390891571253,"{""type"":""MultiPoint"",""coordinates"":[]}"
20081021,2008-10-21,5.89866627772192,"{""type"":""MultiPoint"",""coordinates"":[]}"
20081022,2008-10-22,14.902696704858721,"{""type"":""MultiPoint"",""coordinates"":[]}"
20081023,2008-10-23,22.579018742557505,"{""type"":""MultiPoint"",""coordinates"":[]}"
20081024,2008-10-24,3.849675696675323,"{""type"":""MultiPoint"",""coordinates"":[]}"
20081025,2008-10-25,10.274617661135796,"{""type"":""MultiPoint"",""coordinates"":[]}"
20081026,2008-10-26,0.5046789951377962,"{""type"":""MultiPoint"",""coordinates"":[]}"
20081027,2008-10-27,0.0,"{""type"":""MultiPoint"",""coordinates"":[]}"
20081028,2008-10-28,0.0,"{""type"":""MultiPoint"",""coordinates"":[]}"
20081029,2008-10-29,0.0,"{""type"":""MultiPoint"",""coordinates"":[]}"
20081030,2008-10-30,0.0,"{""type"":""MultiPoint"",""coordinates"":[]}"
20081031,2008-10-31,0.0,"{""type"":""MultiPoint"",""coordinates"":[]}"
20081101,2008-11-01,0.0,"{""type"":""MultiPoint"",""coordinates"":[]}"
20081102,2008-11-02,0.0,"{""type"":""MultiPoint"",""coordinates"":[]}"
20081103,2008-11-03,0.0,"{""type"":""MultiPoint"",""coordinates"":[]}"
20081104,2008-11-04,0.0,"{""type"":""MultiPoint"",""coordinates"":[]}"
20081105,2008-11-05,0.0,"{""type"":""MultiPoint"",""coordinates"":[]}"
20081106,2008-11-06,0.0,"{""type"":""MultiPoint"",""coordinates"":[]}"
20081107,2008-11-07,0.0,"{""type"":""MultiPoint"",""coordinates"":[]}"
20081108,2008-11-08,0.0,"{""type"":""MultiPoint"",""coordinates"":[]}"
20081109,2008-11-09,0.0,"{""type"":""MultiPoint"",""coordinates"":[]}"
20081110,2008-11-10,0.0,"{""type"":""MultiPoint"",""coordinates"":[]}"
20081111,2008-11-11,0.0,"{""type"":""MultiPoint"",""coordinates"":[]}"
20081112,2008-11-12,0.014120794190763291,"{""type"":""MultiPoint"",""coordinates"":[]}"
20081113,2008-11-13,0.039669675010278925,"{""type"":""MultiPoint"",""coordinates"":[]}"
20081114,2008-11-14,8.464994151790531,"{""type"":""MultiPoint"",""coordinates"":[]}"
20081115,2008-11-15,16.9422068339858,"{""type"":""MultiPoint"",""coordinates"":[]}"
20081116,2008-11-16,10.36215994654661,"{""type"":""MultiPoint"",""coordinates"":[]}"
20081117,2008-11-17,1.1038631793539282,"{""type"":""MultiPoint"",""coordinates"":[]}"
20081118,2008-11-18,0.0,"{""type"":""MultiPoint"",""coordinates"":[]}"
20081119,2008-11-19,0.0,"{""type"":""MultiPoint"",""coordinates"":[]}"
20081120,2008-11-20,0.48112006319762385,"{""type"":""MultiPoint"",""coordinates"":[]}"
20081121,2008-11-21,0.0,"{""type"":""MultiPoint"",""coordinates"":[]}"
20081122,2008-11-22,0.029997740056411804,"{""type"":""MultiPoint"",""coordinates"":[]}"
20081123,2008-11-23,0.0,"{""type"":""MultiPoint"",""coordinates"":[]}"
20081124,2008-11-24,0.0,"{""type"":""MultiPoint"",""coordinates"":[]}"
20081125,2008-11-25,0.0026060202635210337,"{""type"":""MultiPoint"",""coordinates"":[]}"
20081126,2008-11-26,2.560255329111102,"{""type"":""MultiPoint"",""coordinates"":[]}"
20081127,2008-11-27,7.169513131665201,"{""type"":""MultiPoint"",""coordinates"":[]}"
20081128,2008-11-28,9.036325153284702,"{""type"":""MultiPoint"",""coordinates"":[]}"
20081129,2008-11-29,4.859877123860872,"{""type"":""MultiPoint"",""coordinates"":[]}"
20081130,2008-11-30,0.0,"{""type"":""MultiPoint"",""coordinates"":[]}"
20081201,2008-12-01,0.010462635102461535,"{""type"":""MultiPoint"",""coordinates"":[]}"
20081202,2008-12-02,0.0,"{""type"":""MultiPoint"",""coordinates"":[]}"
20081203,2008-12-03,0.0,"{""type"":""MultiPoint"",""coordinates"":[]}"
20081204,2008-12-04,0.0,"{""type"":""MultiPoint"",""coordinates"":[]}"
20081205,2008-12-05,0.06497542595933763,"{""type"":""MultiPoint"",""coordinates"":[]}"
20081206,2008-12-06,0.07831639489318491,"{""type"":""MultiPoint"",""coordinates"":[]}"
20081207,2008-12-07,0.0,"{""type"":""MultiPoint"",""coordinates"":[]}"
20081208,2008-12-08,0.0,"{""type"":""MultiPoint"",""coordinates"":[]}"
20081209,2008-12-09,0.04558520935970629,"{""type"":""MultiPoint"",""coordinates"":[]}"
20081210,2008-12-10,0.07745454468971268,"{""type"":""MultiPoint"",""coordinates"":[]}"
20081211,2008-12-11,0.0,"{""type"":""MultiPoint"",""coordinates"":[]}"
20081212,2008-12-12,0.0,"{""type"":""MultiPoint"",""coordinates"":[]}"
20081213,2008-12-13,0.0,"{""type"":""MultiPoint"",""coordinates"":[]}"
20081214,2008-12-14,0.0,"{""type"":""MultiPoint"",""coordinates"":[]}"
20081215,2008-12-15,0.0,"{""type"":""MultiPoint"",""coordinates"":[]}"
20081216,2008-12-16,0.0,"{""type"":""MultiPoint"",""coordinates"":[]}"
20081217,2008-12-17,0.0,"{""type"":""MultiPoint"",""coordinates"":[]}"
20081218,2008-12-18,0.0,"{""type"":""MultiPoint"",""coordinates"":[]}"
20081219,2008-12-19,0.0,"{""type"":""MultiPoint"",""coordinates"":[]}"
20081220,2008-12-20,0.0,"{""type"":""MultiPoint"",""coordinates"":[]}"
20081221,2008-12-21,0.0,"{""type"":""MultiPoint"",""coordinates"":[]}"
20081222,2008-12-22,0.0,"{""type"":""MultiPoint"",""coordinates"":[]}"
20081223,2008-12-23,0.12255581000590676,"{""type"":""MultiPoint"",""coordinates"":[]}"
20081224,2008-12-24,0.17889678682795696,"{""type"":""MultiPoint"",""coordinates"":[]}"
20081225,2008-12-25,0.0,"{""type"":""MultiPoint"",""coordinates"":[]}"
20081226,2008-12-26,0.04457247097214908,"{""type"":""MultiPoint"",""coordinates"":[]}"
20081227,2008-12-27,0.0,"{""type"":""MultiPoint"",""coordinates"":[]}"
20081228,2008-12-28,0.0,"{""type"":""MultiPoint"",""coordinates"":[]}"
20081229,2008-12-29,0.0,"{""type"":""MultiPoint"",""coordinates"":[]}"
20081230,2008-12-30,0.0,"{""type"":""MultiPoint"",""coordinates"":[]}"
20081231,2008-12-31,0.0027608446289620727,"{""type"":""MultiPoint"",""coordinates"":[]}"
20090101,2009-01-01,0.08378177692188667,"{""type"":""MultiPoint"",""coordinates"":[]}"
20090102,2009-01-02,0.0,"{""type"":""MultiPoint"",""coordinates"":[]}"
20090103,2009-01-03,0.0,"{""type"":""MultiPoint"",""coordinates"":[]}"
20090104,2009-01-04,0.04608268023782692,"{""type"":""MultiPoint"",""coordinates"":[]}"
20090105,2009-01-05,0.05195496482035003,"{""type"":""MultiPoint"",""coordinates"":[]}"
20090106,2009-01-06,0.0,"{""type"":""MultiPoint"",""coordinates"":[]}"
20090107,2009-01-07,0.0,"{""type"":""MultiPoint"",""coordinates"":[]}"
20090108,2009-01-08,0.0,"{""type"":""MultiPoint"",""coordinates"":[]}"
20090109,2009-01-09,0.11185595050088587,"{""type"":""MultiPoint"",""coordinates"":[]}"
20090110,2009-01-10,0.13483951015120743,"{""type"":""MultiPoint"",""coordinates"":[]}"
20090111,2009-01-11,0.0,"{""type"":""MultiPoint"",""coordinates"":[]}"
20090112,2009-01-12,0.0,"{""type"":""MultiPoint"",""coordinates"":[]}"
20090113,2009-01-13,0.0,"{""type"":""MultiPoint"",""coordinates"":[]}"
20090114,2009-01-14,0.0222750524597052,"{""type"":""MultiPoint"",""coordinates"":[]}"
20090115,2009-01-15,0.04028101194847905,"{""type"":""MultiPoint"",""coordinates"":[]}"
20090116,2009-01-16,0.0,"{""type"":""MultiPoint"",""coordinates"":[]}"
20090117,2009-01-17,0.0,"{""type"":""MultiPoint"",""coordinates"":[]}"
20090118,2009-01-18,0.0,"{""type"":""MultiPoint"",""coordinates"":[]}"
20090119,2009-01-19,0.0,"{""type"":""MultiPoint"",""coordinates"":[]}"
20090120,2009-01-20,0.0,"{""type"":""MultiPoint"",""coordinates"":[]}"
20090121,2009-01-21,0.10171568925786036,"{""type"":""MultiPoint"",""coordinates"":[]}"
20090122,2009-01-22,0.0,"{""type"":""MultiPoint"",""coordinates"":[]}"
20090123,2009-01-23,0.0,"{""type"":""MultiPoint"",""coordinates"":[]}"
20090124,2009-01-24,0.0,"{""type"":""MultiPoint"",""coordinates"":[]}"
20090125,2009-01-25,0.0,"{""type"":""MultiPoint"",""coordinates"":[]}"
20090126,2009-01-26,0.0,"{""type"":""MultiPoint"",""coordinates"":[]}"
20090127,2009-01-27,0.0,"{""type"":""MultiPoint"",""coordinates"":[]}"
20090128,2009-01-28,0.0,"{""type"":""MultiPoint"",""coordinates"":[]}"
20090129,2009-01-29,0.0,"{""type"":""MultiPoint"",""coordinates"":[]}"
20090130,2009-01-30,0.18116383488281415,"{""type"":""MultiPoint"",""coordinates"":[]}"
20090131,2009-01-31,0.18116383488281415,"{""type"":""MultiPoint"",""coordinates"":[]}"
20090201,2009-02-01,0.0,"{""type"":""MultiPoint"",""coordinates"":[]}"
20090202,2009-02-02,0.0,"{""type"":""MultiPoint"",""coordinates"":[]}"
20090203,2009-02-03,0.0,"{""type"":""MultiPoint"",""coordinates"":[]}"
20090204,2009-02-04,0.32897175245165866,"{""type"":""MultiPoint"",""coordinates"":[]}"
20090205,2009-02-05,0.32897175245165866,"{""type"":""MultiPoint"",""coordinates"":[]}"
20090206,2009-02-06,0.0,"{""type"":""MultiPoint"",""coordinates"":[]}"
20090207,2009-02-07,0.0,"{""type"":""MultiPoint"",""coordinates"":[]}"
20090208,2009-02-08,0.0,"{""type"":""MultiPoint"",""coordinates"":[]}"
20090209,2009-02-09,0.0,"{""type"":""MultiPoint"",""coordinates"":[]}"
20090210,2009-02-10,0.0,"{""type"":""MultiPoint"",""coordinates"":[]}"
20090211,2009-02-11,0.0,"{""type"":""MultiPoint"",""coordinates"":[]}"
20090212,2009-02-12,0.0,"{""type"":""MultiPoint"",""coordinates"":[]}"
20090213,2009-02-13,0.0,"{""type"":""MultiPoint"",""coordinates"":[]}"
20090214,2009-02-14,0.0,"{""type"":""MultiPoint"",""coordinates"":[]}"
20090215,2009-02-15,0.0,"{""type"":""MultiPoint"",""coordinates"":[]}"
20090216,2009-02-16,0.0,"{""type"":""MultiPoint"",""coordinates"":[]}"
20090217,2009-02-17,0.0,"{""type"":""MultiPoint"",""coordinates"":[]}"
20090218,2009-02-18,0.0,"{""type"":""MultiPoint"",""coordinates"":[]}"
20090219,2009-02-19,0.0,"{""type"":""MultiPoint"",""coordinates"":[]}"
20090220,2009-02-20,0.0,"{""type"":""MultiPoint"",""coordinates"":[]}"
20090221,2009-02-21,0.0,"{""type"":""MultiPoint"",""coordinates"":[]}"
20090222,2009-02-22,0.0,"{""type"":""MultiPoint"",""coordinates"":[]}"
20090223,2009-02-23,0.0,"{""type"":""MultiPoint"",""coordinates"":[]}"
20090224,2009-02-24,1.0338244855163483,"{""type"":""MultiPoint"",""coordinates"":[]}"
20090225,2009-02-25,1.0338244855163483,"{""type"":""MultiPoint"",""coordinates"":[]}"
20090226,2009-02-26,0.0,"{""type"":""MultiPoint"",""coordinates"":[]}"
20090227,2009-02-27,0.0,"{""type"":""MultiPoint"",""coordinates"":[]}"
20090228,2009-02-28,0.0,"{""type"":""MultiPoint"",""coordinates"":[]}"
20090301,2009-03-01,0.0,"{""type"":""MultiPoint"",""coordinates"":[]}"
20090302,2009-03-02,0.0,"{""type"":""MultiPoint"",""coordinates"":[]}"
20090303,2009-03-03,0.0,"{""type"":""MultiPoint"",""coordinates"":[]}"
20090304,2009-03-04,0.0,"{""type"":""MultiPoint"",""coordinates"":[]}"
20090305,2009-03-05,0.0,"{""type"":""MultiPoint"",""coordinates"":[]}"
20090306,2009-03-06,0.0,"{""type"":""MultiPoint"",""coordinates"":[]}"
20090307,2009-03-07,0.026919724075627226,"{""type"":""MultiPoint"",""coordinates"":[]}"
20090308,2009-03-08,0.0,"{""type"":""MultiPoint"",""coordinates"":[]}"
20090309,2009-03-09,0.5311183044701491,"{""type"":""MultiPoint"",""coordinates"":[]}"
20090310,2009-03-10,0.05238252929327769,"{""type"":""MultiPoint"",""coordinates"":[]}"
20090311,2009-03-11,0.0,"{""type"":""MultiPoint"",""coordinates"":[]}"
20090312,2009-03-12,0.1850072125348146,"{""type"":""MultiPoint"",""coordinates"":[]}"
20090313,2009-03-13,0.08073439559511074,"{""type"":""MultiPoint"",""coordinates"":[]}"
20090314,2009-03-14,0.8519459856980887,"{""type"":""MultiPoint"",""coordinates"":[]}"
20090315,2009-03-15,2.9868071888040153,"{""type"":""MultiPoint"",""coordinates"":[]}"
20090316,2009-03-16,0.0,"{""type"":""MultiPoint"",""coordinates"":[]}"
20090317,2009-03-17,0.0,"{""type"":""MultiPoint"",""coordinates"":[]}"
20090318,2009-03-18,0.0,"{""type"":""MultiPoint"",""coordinates"":[]}"
20090319,2009-03-19,2.4869612221726356E-4,"{""type"":""MultiPoint"",""coordinates"":[]}"
20090320,2009-03-20,0.0,"{""type"":""MultiPoint"",""coordinates"":[]}"
20090321,2009-03-21,0.0,"{""type"":""MultiPoint"",""coordinates"":[]}"
20090322,2009-03-22,0.0,"{""type"":""MultiPoint"",""coordinates"":[]}"
20090323,2009-03-23,3.341103028913723E-5,"{""type"":""MultiPoint"",""coordinates"":[]}"
20090324,2009-03-24,0.06209102135484423,"{""type"":""MultiPoint"",""coordinates"":[]}"
20090325,2009-03-25,1.972154643038535E-5,"{""type"":""MultiPoint"",""coordinates"":[]}"
20090326,2009-03-26,0.0,"{""type"":""MultiPoint"",""coordinates"":[]}"
20090327,2009-03-27,0.0,"{""type"":""MultiPoint"",""coordinates"":[]}"
20090328,2009-03-28,0.3213491923800802,"{""type"":""MultiPoint"",""coordinates"":[]}"
20090329,2009-03-29,0.14328923081202927,"{""type"":""MultiPoint"",""coordinates"":[]}"
20090330,2009-03-30,0.010290018364305278,"{""type"":""MultiPoint"",""coordinates"":[]}"
20090331,2009-03-31,0.42098093412517823,"{""type"":""MultiPoint"",""coordinates"":[]}"
20090401,2009-04-01,0.014523920259113322,"{""type"":""MultiPoint"",""coordinates"":[]}"
20090402,2009-04-02,0.7987620382427045,"{""type"":""MultiPoint"",""coordinates"":[]}"
20090403,2009-04-03,0.2656032072713187,"{""type"":""MultiPoint"",""coordinates"":[]}"
20090404,2009-04-04,0.0,"{""type"":""MultiPoint"",""coordinates"":[]}"
20090405,2009-04-05,0.0,"{""type"":""MultiPoint"",""coordinates"":[]}"
20090406,2009-04-06,0.0,"{""type"":""MultiPoint"",""coordinates"":[]}"
20090407,2009-04-07,0.1254263602391117,"{""type"":""MultiPoint"",""coordinates"":[]}"
20090408,2009-04-08,0.0,"{""type"":""MultiPoint"",""coordinates"":[]}"
20090409,2009-04-09,0.0,"{""type"":""MultiPoint"",""coordinates"":[]}"
20090410,2009-04-10,0.1453713234680273,"{""type"":""MultiPoint"",""coordinates"":[]}"
20090411,2009-04-11,0.0,"{""type"":""MultiPoint"",""coordinates"":[]}"
20090412,2009-04-12,2.7748581678336745E-4,"{""type"":""MultiPoint"",""coordinates"":[]}"
20090413,2009-04-13,0.13256356776537098,"{""type"":""MultiPoint"",""coordinates"":[]}"
20090414,2009-04-14,0.0,"{""type"":""MultiPoint"",""coordinates"":[]}"
20090415,2009-04-15,0.7900263953516086,"{""type"":""MultiPoint"",""coordinates"":[]}"
20090416,2009-04-16,1.248089258151183,"{""type"":""MultiPoint"",""coordinates"":[]}"
20090417,2009-04-17,0.8199106928202275,"{""type"":""MultiPoint"",""coordinates"":[]}"
20090418,2009-04-18,0.3851563901319402,"{""type"":""MultiPoint"",""coordinates"":[]}"
20090419,2009-04-19,0.06580704300968362,"{""type"":""MultiPoint"",""coordinates"":[]}"
20090420,2009-04-20,0.1586316649785669,"{""type"":""MultiPoint"",""coordinates"":[]}"
20090421,2009-04-21,2.04435601907404,"{""type"":""MultiPoint"",""coordinates"":[]}"
20090422,2009-04-22,0.9603540977962897,"{""type"":""MultiPoint"",""coordinates"":[]}"
20090423,2009-04-23,1.1493170455664061,"{""type"":""MultiPoint"",""coordinates"":[]}"
20090424,2009-04-24,0.09416652937857592,"{""type"":""MultiPoint"",""coordinates"":[]}"
20090425,2009-04-25,0.04836080515948812,"{""type"":""MultiPoint"",""coordinates"":[]}"
20090426,2009-04-26,0.0,"{""type"":""MultiPoint"",""coordinates"":[]}"
20090427,2009-04-27,0.8583187915590212,"{""type"":""MultiPoint"",""coordinates"":[]}"
20090428,2009-04-28,0.1392616993870839,"{""type"":""MultiPoint"",""coordinates"":[]}"
20090429,2009-04-29,0.0,"{""type"":""MultiPoint"",""coordinates"":[]}"
20090430,2009-04-30,0.0,"{""type"":""MultiPoint"",""coordinates"":[]}"
20090501,2009-05-01,0.33116226645573754,"{""type"":""MultiPoint"",""coordinates"":[]}"
20090502,2009-05-02,0.0,"{""type"":""MultiPoint"",""coordinates"":[]}"
20090503,2009-05-03,0.0,"{""type"":""MultiPoint"",""coordinates"":[]}"
20090504,2009-05-04,7.503443404453114,"{""type"":""MultiPoint"",""coordinates"":[]}"
20090505,2009-05-05,0.0,"{""type"":""MultiPoint"",""coordinates"":[]}"
20090506,2009-05-06,0.0,"{""type"":""MultiPoint"",""coordinates"":[]}"
20090507,2009-05-07,0.006083680737911692,"{""type"":""MultiPoint"",""coordinates"":[]}"
20090508,2009-05-08,1.5913094927620925,"{""type"":""MultiPoint"",""coordinates"":[]}"
20090509,2009-05-09,0.14651649884900778,"{""type"":""MultiPoint"",""coordinates"":[]}"
20090510,2009-05-10,0.5609377693009558,"{""type"":""MultiPoint"",""coordinates"":[]}"
20090511,2009-05-11,0.0,"{""type"":""MultiPoint"",""coordinates"":[]}"
20090512,2009-05-12,0.0,"{""type"":""MultiPoint"",""coordinates"":[]}"
20090513,2009-05-13,0.4296511548273167,"{""type"":""MultiPoint"",""coordinates"":[]}"
20090514,2009-05-14,5.530567554995165,"{""type"":""MultiPoint"",""coordinates"":[]}"
20090515,2009-05-15,0.038577639233398894,"{""type"":""MultiPoint"",""coordinates"":[]}"
20090516,2009-05-16,0.02790592262061689,"{""type"":""MultiPoint"",""coordinates"":[]}"
20090517,2009-05-17,0.8534394223147341,"{""type"":""MultiPoint"",""coordinates"":[]}"
20090518,2009-05-18,0.17693375008225373,"{""type"":""MultiPoint"",""coordinates"":[]}"
20090519,2009-05-19,5.617606001636877,"{""type"":""MultiPoint"",""coordinates"":[]}"
20090520,2009-05-20,1.5629828208607286,"{""type"":""MultiPoint"",""coordinates"":[]}"
20090521,2009-05-21,9.363311619187279,"{""type"":""MultiPoint"",""coordinates"":[]}"
20090522,2009-05-22,0.0,"{""type"":""MultiPoint"",""coordinates"":[]}"
20090523,2009-05-23,12.5544927640411,"{""type"":""MultiPoint"",""coordinates"":[]}"
20090524,2009-05-24,8.04406745280254,"{""type"":""MultiPoint"",""coordinates"":[]}"
20090525,2009-05-25,2.3605314310117964,"{""type"":""MultiPoint"",""coordinates"":[]}"
20090526,2009-05-26,0.0975144040306307,"{""type"":""MultiPoint"",""coordinates"":[]}"
20090527,2009-05-27,1.712477941460406,"{""type"":""MultiPoint"",""coordinates"":[]}"
20090528,2009-05-28,0.0,"{""type"":""MultiPoint"",""coordinates"":[]}"
20090529,2009-05-29,5.8585902596931545,"{""type"":""MultiPoint"",""coordinates"":[]}"
20090530,2009-05-30,3.998760492449735,"{""type"":""MultiPoint"",""coordinates"":[]}"
20090531,2009-05-31,2.5926579280286277,"{""type"":""MultiPoint"",""coordinates"":[]}"
20090601,2009-06-01,0.0,"{""type"":""MultiPoint"",""coordinates"":[]}"
20090602,2009-06-02,0.0,"{""type"":""MultiPoint"",""coordinates"":[]}"
20090603,2009-06-03,0.0,"{""type"":""MultiPoint"",""coordinates"":[]}"
20090604,2009-06-04,7.682593968429111,"{""type"":""MultiPoint"",""coordinates"":[]}"
20090605,2009-06-05,4.7958611542737835,"{""type"":""MultiPoint"",""coordinates"":[]}"
20090606,2009-06-06,8.684240594981528,"{""type"":""MultiPoint"",""coordinates"":[]}"
20090607,2009-06-07,0.5970433064861217,"{""type"":""MultiPoint"",""coordinates"":[]}"
20090608,2009-06-08,0.250038558646589,"{""type"":""MultiPoint"",""coordinates"":[]}"
20090609,2009-06-09,1.3530284501637646,"{""type"":""MultiPoint"",""coordinates"":[]}"
20090610,2009-06-10,4.059113239675242,"{""type"":""MultiPoint"",""coordinates"":[]}"
20090611,2009-06-11,4.727801256344401,"{""type"":""MultiPoint"",""coordinates"":[]}"
20090612,2009-06-12,8.566622124646523,"{""type"":""MultiPoint"",""coordinates"":[]}"
20090613,2009-06-13,1.267346500412368,"{""type"":""MultiPoint"",""coordinates"":[]}"
20090614,2009-06-14,0.026001077623305727,"{""type"":""MultiPoint"",""coordinates"":[]}"
20090615,2009-06-15,0.0,"{""type"":""MultiPoint"",""coordinates"":[]}"
20090616,2009-06-16,0.2746784020249021,"{""type"":""MultiPoint"",""coordinates"":[]}"
20090617,2009-06-17,0.0,"{""type"":""MultiPoint"",""coordinates"":[]}"
20090618,2009-06-18,4.3341875702097425,"{""type"":""MultiPoint"",""coordinates"":[]}"
20090619,2009-06-19,2.0890334403160926,"{""type"":""MultiPoint"",""coordinates"":[]}"
20090620,2009-06-20,10.407518946926633,"{""type"":""MultiPoint"",""coordinates"":[]}"
20090621,2009-06-21,0.028274801489028247,"{""type"":""MultiPoint"",""coordinates"":[]}"
20090622,2009-06-22,0.07599647981751767,"{""type"":""MultiPoint"",""coordinates"":[]}"
20090623,2009-06-23,0.0,"{""type"":""MultiPoint"",""coordinates"":[]}"
20090624,2009-06-24,16.571246992391128,"{""type"":""MultiPoint"",""coordinates"":[]}"
20090625,2009-06-25,16.668541886366175,"{""type"":""MultiPoint"",""coordinates"":[]}"
20090626,2009-06-26,0.0,"{""type"":""MultiPoint"",""coordinates"":[]}"
20090627,2009-06-27,4.181136608517912,"{""type"":""MultiPoint"",""coordinates"":[]}"
20090628,2009-06-28,12.687957913768013,"{""type"":""MultiPoint"",""coordinates"":[]}"
20090629,2009-06-29,4.69379623330539,"{""type"":""MultiPoint"",""coordinates"":[]}"
20090630,2009-06-30,9.971515579670742,"{""type"":""MultiPoint"",""coordinates"":[]}"
20090701,2009-07-01,11.864953682227627,"{""type"":""MultiPoint"",""coordinates"":[]}"
20090702,2009-07-02,12.919422601265639,"{""type"":""MultiPoint"",""coordinates"":[]}"
20090703,2009-07-03,15.11583240022371,"{""type"":""MultiPoint"",""coordinates"":[]}"
20090704,2009-07-04,8.58108850928458,"{""type"":""MultiPoint"",""coordinates"":[]}"
20090705,2009-07-05,10.662294651426278,"{""type"":""MultiPoint"",""coordinates"":[]}"
20090706,2009-07-06,21.12353875364893,"{""type"":""MultiPoint"",""coordinates"":[]}"
20090707,2009-07-07,16.78983211184687,"{""type"":""MultiPoint"",""coordinates"":[]}"
20090708,2009-07-08,5.864426268019674,"{""type"":""MultiPoint"",""coordinates"":[]}"
20090709,2009-07-09,10.443136900621996,"{""type"":""MultiPoint"",""coordinates"":[]}"
20090710,2009-07-10,1.1695087733069365,"{""type"":""MultiPoint"",""coordinates"":[]}"
20090711,2009-07-11,0.2720237558851659,"{""type"":""MultiPoint"",""coordinates"":[]}"
20090712,2009-07-12,5.562834277583198,"{""type"":""MultiPoint"",""coordinates"":[]}"
20090713,2009-07-13,25.479238604439843,"{""type"":""MultiPoint"",""coordinates"":[]}"
20090714,2009-07-14,18.814773594705912,"{""type"":""MultiPoint"",""coordinates"":[]}"
20090715,2009-07-15,5.1684883681532146,"{""type"":""MultiPoint"",""coordinates"":[]}"
20090716,2009-07-16,0.05746878138580455,"{""type"":""MultiPoint"",""coordinates"":[]}"
20090717,2009-07-17,0.42295279456676343,"{""type"":""MultiPoint"",""coordinates"":[]}"
20090718,2009-07-18,1.679282991402513,"{""type"":""MultiPoint"",""coordinates"":[]}"
20090719,2009-07-19,16.653187695393324,"{""type"":""MultiPoint"",""coordinates"":[]}"
20090720,2009-07-20,9.644634079916361,"{""type"":""MultiPoint"",""coordinates"":[]}"
20090721,2009-07-21,15.235782259667085,"{""type"":""MultiPoint"",""coordinates"":[]}"
20090722,2009-07-22,0.0,"{""type"":""MultiPoint"",""coordinates"":[]}"
20090723,2009-07-23,0.0,"{""type"":""MultiPoint"",""coordinates"":[]}"
20090724,2009-07-24,0.628364474043106,"{""type"":""MultiPoint"",""coordinates"":[]}"
20090725,2009-07-25,0.12011997824914007,"{""type"":""MultiPoint"",""coordinates"":[]}"
20090726,2009-07-26,7.179555228536937,"{""type"":""MultiPoint"",""coordinates"":[]}"
20090727,2009-07-27,1.0269229714352146,"{""type"":""MultiPoint"",""coordinates"":[]}"
20090728,2009-07-28,9.30344568540354,"{""type"":""MultiPoint"",""coordinates"":[]}"
20090729,2009-07-29,3.529161085342858,"{""type"":""MultiPoint"",""coordinates"":[]}"
20090730,2009-07-30,2.463913588992726,"{""type"":""MultiPoint"",""coordinates"":[]}"
20090731,2009-07-31,4.551099979971277,"{""type"":""MultiPoint"",""coordinates"":[]}"
20090801,2009-08-01,0.2939376691269059,"{""type"":""MultiPoint"",""coordinates"":[]}"
20090802,2009-08-02,0.0,"{""type"":""MultiPoint"",""coordinates"":[]}"
20090803,2009-08-03,0.0,"{""type"":""MultiPoint"",""coordinates"":[]}"
20090804,2009-08-04,1.286630485397258,"{""type"":""MultiPoint"",""coordinates"":[]}"
20090805,2009-08-05,0.0,"{""type"":""MultiPoint"",""coordinates"":[]}"
20090806,2009-08-06,0.0,"{""type"":""MultiPoint"",""coordinates"":[]}"
20090807,2009-08-07,0.0,"{""type"":""MultiPoint"",""coordinates"":[]}"
20090808,2009-08-08,0.0,"{""type"":""MultiPoint"",""coordinates"":[]}"
20090809,2009-08-09,0.8757930990092492,"{""type"":""MultiPoint"",""coordinates"":[]}"
20090810,2009-08-10,4.974860918326395,"{""type"":""MultiPoint"",""coordinates"":[]}"
20090811,2009-08-11,0.1482630078904874,"{""type"":""MultiPoint"",""coordinates"":[]}"
20090812,2009-08-12,1.1167062351425072,"{""type"":""MultiPoint"",""coordinates"":[]}"
20090813,2009-08-13,3.74721806175049,"{""type"":""MultiPoint"",""coordinates"":[]}"
20090814,2009-08-14,25.49460294777493,"{""type"":""MultiPoint"",""coordinates"":[]}"
20090815,2009-08-15,9.391024977525149,"{""type"":""MultiPoint"",""coordinates"":[]}"
20090816,2009-08-16,1.9601847212647097,"{""type"":""MultiPoint"",""coordinates"":[]}"
20090817,2009-08-17,2.8014261263163966,"{""type"":""MultiPoint"",""coordinates"":[]}"
20090818,2009-08-18,4.590758903882271,"{""type"":""MultiPoint"",""coordinates"":[]}"
20090819,2009-08-19,9.216602575519097,"{""type"":""MultiPoint"",""coordinates"":[]}"
20090820,2009-08-20,38.64227188031062,"{""type"":""MultiPoint"",""coordinates"":[]}"
20090821,2009-08-21,5.095874834093253,"{""type"":""MultiPoint"",""coordinates"":[]}"
20090822,2009-08-22,10.446741561747867,"{""type"":""MultiPoint"",""coordinates"":[]}"
20090823,2009-08-23,10.44556331321318,"{""type"":""MultiPoint"",""coordinates"":[]}"
20090824,2009-08-24,30.29709082620505,"{""type"":""MultiPoint"",""coordinates"":[]}"
20090825,2009-08-25,8.297463201531114,"{""type"":""MultiPoint"",""coordinates"":[]}"
20090826,2009-08-26,5.085551984635601,"{""type"":""MultiPoint"",""coordinates"":[]}"
20090827,2009-08-27,6.9114015090772725,"{""type"":""MultiPoint"",""coordinates"":[]}"
20090828,2009-08-28,0.0,"{""type"":""MultiPoint"",""coordinates"":[]}"
20090829,2009-08-29,15.501177017020673,"{""type"":""MultiPoint"",""coordinates"":[]}"
20090830,2009-08-30,35.93974537301743,"{""type"":""MultiPoint"",""coordinates"":[]}"
20090831,2009-08-31,5.49818130662925,"{""type"":""MultiPoint"",""coordinates"":[]}"
20090901,2009-09-01,3.973764182227519,"{""type"":""MultiPoint"",""coordinates"":[]}"
20090902,2009-09-02,9.110869317899347,"{""type"":""MultiPoint"",""coordinates"":[]}"
20090903,2009-09-03,8.325712846720121,"{""type"":""MultiPoint"",""coordinates"":[]}"
20090904,2009-09-04,2.5529889881462435,"{""type"":""MultiPoint"",""coordinates"":[]}"
20090905,2009-09-05,12.44617297782128,"{""type"":""MultiPoint"",""coordinates"":[]}"
20090906,2009-09-06,5.945482561628962,"{""type"":""MultiPoint"",""coordinates"":[]}"
20090907,2009-09-07,1.1164429141910788,"{""type"":""MultiPoint"",""coordinates"":[]}"
20090908,2009-09-08,1.5238583695384302,"{""type"":""MultiPoint"",""coordinates"":[]}"
20090909,2009-09-09,0.01191617398399813,"{""type"":""MultiPoint"",""coordinates"":[]}"
20090910,2009-09-10,1.2857717025030126,"{""type"":""MultiPoint"",""coordinates"":[]}"
20090911,2009-09-11,2.4412991211835484,"{""type"":""MultiPoint"",""coordinates"":[]}"
20090912,2009-09-12,1.4553787471894997,"{""type"":""MultiPoint"",""coordinates"":[]}"
20090913,2009-09-13,0.8429410143329902,"{""type"":""MultiPoint"",""coordinates"":[]}"
20090914,2009-09-14,4.967075912608715,"{""type"":""MultiPoint"",""coordinates"":[]}"
20090915,2009-09-15,1.3596462074516713,"{""type"":""MultiPoint"",""coordinates"":[]}"
20090916,2009-09-16,0.0,"{""type"":""MultiPoint"",""coordinates"":[]}"
20090917,2009-09-17,0.8875794867872892,"{""type"":""MultiPoint"",""coordinates"":[]}"
20090918,2009-09-18,1.0355230585683604,"{""type"":""MultiPoint"",""coordinates"":[]}"
20090919,2009-09-19,8.037818254111043,"{""type"":""MultiPoint"",""coordinates"":[]}"
20090920,2009-09-20,2.8592733320490655,"{""type"":""MultiPoint"",""coordinates"":[]}"
20090921,2009-09-21,1.4136364322123947,"{""type"":""MultiPoint"",""coordinates"":[]}"
20090922,2009-09-22,7.071953745973646,"{""type"":""MultiPoint"",""coordinates"":[]}"
20090923,2009-09-23,1.3064775892174685,"{""type"":""MultiPoint"",""coordinates"":[]}"
20090924,2009-09-24,0.44755974575200935,"{""type"":""MultiPoint"",""coordinates"":[]}"
20090925,2009-09-25,2.1166410006052474,"{""type"":""MultiPoint"",""coordinates"":[]}"
20090926,2009-09-26,11.38554346475774,"{""type"":""MultiPoint"",""coordinates"":[]}"
20090927,2009-09-27,6.526414123625464,"{""type"":""MultiPoint"",""coordinates"":[]}"
20090928,2009-09-28,15.41503407311473,"{""type"":""MultiPoint"",""coordinates"":[]}"
20090929,2009-09-29,33.12222305169545,"{""type"":""MultiPoint"",""coordinates"":[]}"
20090930,2009-09-30,22.994860015217842,"{""type"":""MultiPoint"",""coordinates"":[]}"
20091001,2009-10-01,18.702530440382617,"{""type"":""MultiPoint"",""coordinates"":[]}"
20091002,2009-10-02,0.966941852582613,"{""type"":""MultiPoint"",""coordinates"":[]}"
20091003,2009-10-03,26.388247917536592,"{""type"":""MultiPoint"",""coordinates"":[]}"
20091004,2009-10-04,9.761398522123246,"{""type"":""MultiPoint"",""coordinates"":[]}"
20091005,2009-10-05,0.5627124526680481,"{""type"":""MultiPoint"",""coordinates"":[]}"
20091006,2009-10-06,5.889699457436342,"{""type"":""MultiPoint"",""coordinates"":[]}"
20091007,2009-10-07,8.167951210166974,"{""type"":""MultiPoint"",""coordinates"":[]}"
20091008,2009-10-08,2.2649619805626027,"{""type"":""MultiPoint"",""coordinates"":[]}"
20091009,2009-10-09,0.0,"{""type"":""MultiPoint"",""coordinates"":[]}"
20091010,2009-10-10,0.6051304825092868,"{""type"":""MultiPoint"",""coordinates"":[]}"
20091011,2009-10-11,0.3595599416265589,"{""type"":""MultiPoint"",""coordinates"":[]}"
20091012,2009-10-12,0.0,"{""type"":""MultiPoint"",""coordinates"":[]}"
20091013,2009-10-13,1.7493675430639397,"{""type"":""MultiPoint"",""coordinates"":[]}"
20091014,2009-10-14,0.0,"{""type"":""MultiPoint"",""coordinates"":[]}"
20091015,2009-10-15,0.0,"{""type"":""MultiPoint"",""coordinates"":[]}"
20091016,2009-10-16,0.0,"{""type"":""MultiPoint"",""coordinates"":[]}"
20091017,2009-10-17,0.0,"{""type"":""MultiPoint"",""coordinates"":[]}"
20091018,2009-10-18,0.0,"{""type"":""MultiPoint"",""coordinates"":[]}"
20091019,2009-10-19,0.026855840627069156,"{""type"":""MultiPoint"",""coordinates"":[]}"
20091020,2009-10-20,0.0,"{""type"":""MultiPoint"",""coordinates"":[]}"
20091021,2009-10-21,0.0,"{""type"":""MultiPoint"",""coordinates"":[]}"
20091022,2009-10-22,0.0,"{""type"":""MultiPoint"",""coordinates"":[]}"
20091023,2009-10-23,0.0,"{""type"":""MultiPoint"",""coordinates"":[]}"
20091024,2009-10-24,0.0,"{""type"":""MultiPoint"",""coordinates"":[]}"
20091025,2009-10-25,0.0,"{""type"":""MultiPoint"",""coordinates"":[]}"
20091026,2009-10-26,0.0,"{""type"":""MultiPoint"",""coordinates"":[]}"
20091027,2009-10-27,0.0,"{""type"":""MultiPoint"",""coordinates"":[]}"
20091028,2009-10-28,1.2894036367326378,"{""type"":""MultiPoint"",""coordinates"":[]}"
20091029,2009-10-29,0.8947326745278344,"{""type"":""MultiPoint"",""coordinates"":[]}"
20091030,2009-10-30,0.0,"{""type"":""MultiPoint"",""coordinates"":[]}"
20091031,2009-10-31,0.0,"{""type"":""MultiPoint"",""coordinates"":[]}"
20091101,2009-11-01,0.0,"{""type"":""MultiPoint"",""coordinates"":[]}"
20091102,2009-11-02,0.0,"{""type"":""MultiPoint"",""coordinates"":[]}"
20091103,2009-11-03,0.0,"{""type"":""MultiPoint"",""coordinates"":[]}"
20091104,2009-11-04,0.0,"{""type"":""MultiPoint"",""coordinates"":[]}"
20091105,2009-11-05,1.1849905838084882,"{""type"":""MultiPoint"",""coordinates"":[]}"
20091106,2009-11-06,1.4006843757477268,"{""type"":""MultiPoint"",""coordinates"":[]}"
20091107,2009-11-07,5.752568652665378,"{""type"":""MultiPoint"",""coordinates"":[]}"
20091108,2009-11-08,1.2321342299092208,"{""type"":""MultiPoint"",""coordinates"":[]}"
20091109,2009-11-09,0.03520194847611257,"{""type"":""MultiPoint"",""coordinates"":[]}"
20091110,2009-11-10,0.34384485531996006,"{""type"":""MultiPoint"",""coordinates"":[]}"
20091111,2009-11-11,6.277576000417355,"{""type"":""MultiPoint"",""coordinates"":[]}"
20091112,2009-11-12,4.983442289912442,"{""type"":""MultiPoint"",""coordinates"":[]}"
20091113,2009-11-13,0.0,"{""type"":""MultiPoint"",""coordinates"":[]}"
20091114,2009-11-14,0.0,"{""type"":""MultiPoint"",""coordinates"":[]}"
20091115,2009-11-15,0.0,"{""type"":""MultiPoint"",""coordinates"":[]}"
20091116,2009-11-16,0.5388212877157655,"{""type"":""MultiPoint"",""coordinates"":[]}"
20091117,2009-11-17,10.230570278572584,"{""type"":""MultiPoint"",""coordinates"":[]}"
20091118,2009-11-18,8.393651480571643,"{""type"":""MultiPoint"",""coordinates"":[]}"
20091119,2009-11-19,18.386111480842015,"{""type"":""MultiPoint"",""coordinates"":[]}"
20091120,2009-11-20,4.221686484008664,"{""type"":""MultiPoint"",""coordinates"":[]}"
20091121,2009-11-21,0.7549535990780846,"{""type"":""MultiPoint"",""coordinates"":[]}"
20091122,2009-11-22,0.0,"{""type"":""MultiPoint"",""coordinates"":[]}"
20091123,2009-11-23,0.0,"{""type"":""MultiPoint"",""coordinates"":[]}"
20091124,2009-11-24,0.0,"{""type"":""MultiPoint"",""coordinates"":[]}"
20091125,2009-11-25,0.0,"{""type"":""MultiPoint"",""coordinates"":[]}"
20091126,2009-11-26,0.0,"{""type"":""MultiPoint"",""coordinates"":[]}"
20091127,2009-11-27,0.0,"{""type"":""MultiPoint"",""coordinates"":[]}"
20091128,2009-11-28,0.0,"{""type"":""MultiPoint"",""coordinates"":[]}"
20091129,2009-11-29,0.0,"{""type"":""MultiPoint"",""coordinates"":[]}"
20091130,2009-11-30,0.0,"{""type"":""MultiPoint"",""coordinates"":[]}"
20091201,2009-12-01,0.8572457197916232,"{""type"":""MultiPoint"",""coordinates"":[]}"
20091202,2009-12-02,0.0,"{""type"":""MultiPoint"",""coordinates"":[]}"
20091203,2009-12-03,0.0,"{""type"":""MultiPoint"",""coordinates"":[]}"
20091204,2009-12-04,0.21420413740343025,"{""type"":""MultiPoint"",""coordinates"":[]}"
20091205,2009-12-05,0.3306909271385824,"{""type"":""MultiPoint"",""coordinates"":[]}"
20091206,2009-12-06,0.007941682300510036,"{""type"":""MultiPoint"",""coordinates"":[]}"
20091207,2009-12-07,0.07557072255107404,"{""type"":""MultiPoint"",""coordinates"":[]}"
20091208,2009-12-08,0.0,"{""type"":""MultiPoint"",""coordinates"":[]}"
20091209,2009-12-09,0.013117681341775184,"{""type"":""MultiPoint"",""coordinates"":[]}"
20091210,2009-12-10,0.026990248978856615,"{""type"":""MultiPoint"",""coordinates"":[]}"
20091211,2009-12-11,0.0,"{""type"":""MultiPoint"",""coordinates"":[]}"
20091212,2009-12-12,0.0,"{""type"":""MultiPoint"",""coordinates"":[]}"
20091213,2009-12-13,0.0,"{""type"":""MultiPoint"",""coordinates"":[]}"
20091214,2009-12-14,0.0,"{""type"":""MultiPoint"",""coordinates"":[]}"
20091215,2009-12-15,0.0,"{""type"":""MultiPoint"",""coordinates"":[]}"
20091216,2009-12-16,0.016460041674105873,"{""type"":""MultiPoint"",""coordinates"":[]}"
20091217,2009-12-17,0.3627648893301588,"{""type"":""MultiPoint"",""coordinates"":[]}"
20091218,2009-12-18,0.0,"{""type"":""MultiPoint"",""coordinates"":[]}"
20091219,2009-12-19,0.0,"{""type"":""MultiPoint"",""coordinates"":[]}"
20091220,2009-12-20,0.4201063647320705,"{""type"":""MultiPoint"",""coordinates"":[]}"
20091221,2009-12-21,0.2631218389946736,"{""type"":""MultiPoint"",""coordinates"":[]}"
20091222,2009-12-22,0.0,"{""type"":""MultiPoint"",""coordinates"":[]}"
20091223,2009-12-23,0.0,"{""type"":""MultiPoint"",""coordinates"":[]}"
20091224,2009-12-24,0.0,"{""type"":""MultiPoint"",""coordinates"":[]}"
20091225,2009-12-25,0.0,"{""type"":""MultiPoint"",""coordinates"":[]}"
20091226,2009-12-26,0.0,"{""type"":""MultiPoint"",""coordinates"":[]}"
20091227,2009-12-27,0.0,"{""type"":""MultiPoint"",""coordinates"":[]}"
20091228,2009-12-28,0.0,"{""type"":""MultiPoint"",""coordinates"":[]}"
20091229,2009-12-29,0.0,"{""type"":""MultiPoint"",""coordinates"":[]}"
20091230,2009-12-30,0.11394210493313153,"{""type"":""MultiPoint"",""coordinates"":[]}"
20091231,2009-12-31,0.0,"{""type"":""MultiPoint"",""coordinates"":[]}"
20100101,2010-01-01,0.0,"{""type"":""MultiPoint"",""coordinates"":[]}"
20100102,2010-01-02,0.0,"{""type"":""MultiPoint"",""coordinates"":[]}"
20100103,2010-01-03,0.0,"{""type"":""MultiPoint"",""coordinates"":[]}"
20100104,2010-01-04,0.0,"{""type"":""MultiPoint"",""coordinates"":[]}"
20100105,2010-01-05,0.0,"{""type"":""MultiPoint"",""coordinates"":[]}"
20100106,2010-01-06,0.0,"{""type"":""MultiPoint"",""coordinates"":[]}"
20100107,2010-01-07,0.0,"{""type"":""MultiPoint"",""coordinates"":[]}"
20100108,2010-01-08,0.0,"{""type"":""MultiPoint"",""coordinates"":[]}"
20100109,2010-01-09,0.006499129221483454,"{""type"":""MultiPoint"",""coordinates"":[]}"
20100110,2010-01-10,0.1612815711262255,"{""type"":""MultiPoint"",""coordinates"":[]}"
20100111,2010-01-11,0.0,"{""type"":""MultiPoint"",""coordinates"":[]}"
20100112,2010-01-12,0.012186979259013474,"{""type"":""MultiPoint"",""coordinates"":[]}"
20100113,2010-01-13,0.27870160959656587,"{""type"":""MultiPoint"",""coordinates"":[]}"
20100114,2010-01-14,0.5968390459785117,"{""type"":""MultiPoint"",""coordinates"":[]}"
20100115,2010-01-15,0.7588053050567027,"{""type"":""MultiPoint"",""coordinates"":[]}"
20100116,2010-01-16,0.0,"{""type"":""MultiPoint"",""coordinates"":[]}"
20100117,2010-01-17,0.0,"{""type"":""MultiPoint"",""coordinates"":[]}"
20100118,2010-01-18,0.0,"{""type"":""MultiPoint"",""coordinates"":[]}"
20100119,2010-01-19,0.0,"{""type"":""MultiPoint"",""coordinates"":[]}"
20100120,2010-01-20,0.0,"{""type"":""MultiPoint"",""coordinates"":[]}"
20100121,2010-01-21,0.0,"{""type"":""MultiPoint"",""coordinates"":[]}"
20100122,2010-01-22,0.0,"{""type"":""MultiPoint"",""coordinates"":[]}"
20100123,2010-01-23,0.0,"{""type"":""MultiPoint"",""coordinates"":[]}"
20100124,2010-01-24,0.0,"{""type"":""MultiPoint"",""coordinates"":[]}"
20100125,2010-01-25,0.0,"{""type"":""MultiPoint"",""coordinates"":[]}"
20100126,2010-01-26,0.0,"{""type"":""MultiPoint"",""coordinates"":[]}"
20100127,2010-01-27,0.0,"{""type"":""MultiPoint"",""coordinates"":[]}"
20100128,2010-01-28,0.0,"{""type"":""MultiPoint"",""coordinates"":[]}"
20100129,2010-01-29,0.0,"{""type"":""MultiPoint"",""coordinates"":[]}"
20100130,2010-01-30,0.0,"{""type"":""MultiPoint"",""coordinates"":[]}"
20100131,2010-01-31,0.0,"{""type"":""MultiPoint"",""coordinates"":[]}"
20100201,2010-02-01,0.0,"{""type"":""MultiPoint"",""coordinates"":[]}"
20100202,2010-02-02,0.0,"{""type"":""MultiPoint"",""coordinates"":[]}"
20100203,2010-02-03,0.0,"{""type"":""MultiPoint"",""coordinates"":[]}"
20100204,2010-02-04,0.0,"{""type"":""MultiPoint"",""coordinates"":[]}"
20100205,2010-02-05,0.0036154554483476395,"{""type"":""MultiPoint"",""coordinates"":[]}"
20100206,2010-02-06,0.0,"{""type"":""MultiPoint"",""coordinates"":[]}"
20100207,2010-02-07,0.0,"{""type"":""MultiPoint"",""coordinates"":[]}"
20100208,2010-02-08,0.0,"{""type"":""MultiPoint"",""coordinates"":[]}"
20100209,2010-02-09,0.0,"{""type"":""MultiPoint"",""coordinates"":[]}"
20100210,2010-02-10,0.032252988936385105,"{""type"":""MultiPoint"",""coordinates"":[]}"
20100211,2010-02-11,0.0,"{""type"":""MultiPoint"",""coordinates"":[]}"
20100212,2010-02-12,0.0,"{""type"":""MultiPoint"",""coordinates"":[]}"
20100213,2010-02-13,0.0,"{""type"":""MultiPoint"",""coordinates"":[]}"
20100214,2010-02-14,0.0,"{""type"":""MultiPoint"",""coordinates"":[]}"
20100215,2010-02-15,0.0,"{""type"":""MultiPoint"",""coordinates"":[]}"
20100216,2010-02-16,0.0,"{""type"":""MultiPoint"",""coordinates"":[]}"
20100217,2010-02-17,0.32749874434726234,"{""type"":""MultiPoint"",""coordinates"":[]}"
20100218,2010-02-18,0.005788285578452547,"{""type"":""MultiPoint"",""coordinates"":[]}"
20100219,2010-02-19,0.36084582454908265,"{""type"":""MultiPoint"",""coordinates"":[]}"
20100220,2010-02-20,0.003419503592265581,"{""type"":""MultiPoint"",""coordinates"":[]}"
20100221,2010-02-21,0.0,"{""type"":""MultiPoint"",""coordinates"":[]}"
20100222,2010-02-22,0.0,"{""type"":""MultiPoint"",""coordinates"":[]}"
20100223,2010-02-23,0.0,"{""type"":""MultiPoint"",""coordinates"":[]}"
20100224,2010-02-24,1.7603212039338094,"{""type"":""MultiPoint"",""coordinates"":[]}"
20100225,2010-02-25,0.0,"{""type"":""MultiPoint"",""coordinates"":[]}"
20100226,2010-02-26,0.3362884069966284,"{""type"":""MultiPoint"",""coordinates"":[]}"
20100227,2010-02-27,0.018718630734312736,"{""type"":""MultiPoint"",""coordinates"":[]}"
20100228,2010-02-28,0.38795366575066353,"{""type"":""MultiPoint"",""coordinates"":[]}"
20100301,2010-03-01,0.0,"{""type"":""MultiPoint"",""coordinates"":[]}"
20100302,2010-03-02,0.0,"{""type"":""MultiPoint"",""coordinates"":[]}"
20100303,2010-03-03,0.0,"{""type"":""MultiPoint"",""coordinates"":[]}"
20100304,2010-03-04,0.0,"{""type"":""MultiPoint"",""coordinates"":[]}"
20100305,2010-03-05,0.0,"{""type"":""MultiPoint"",""coordinates"":[]}"
20100306,2010-03-06,0.0,"{""type"":""MultiPoint"",""coordinates"":[]}"
20100307,2010-03-07,0.0,"{""type"":""MultiPoint"",""coordinates"":[]}"
20100308,2010-03-08,0.0,"{""type"":""MultiPoint"",""coordinates"":[]}"
20100309,2010-03-09,0.0,"{""type"":""MultiPoint"",""coordinates"":[]}"
20100310,2010-03-10,0.0,"{""type"":""MultiPoint"",""coordinates"":[]}"
20100311,2010-03-11,0.0037623266256857457,"{""type"":""MultiPoint"",""coordinates"":[]}"
20100312,2010-03-12,0.0,"{""type"":""MultiPoint"",""coordinates"":[]}"
20100313,2010-03-13,1.3856690579971906,"{""type"":""MultiPoint"",""coordinates"":[]}"
20100314,2010-03-14,2.9251916512116836,"{""type"":""MultiPoint"",""coordinates"":[]}"
20100315,2010-03-15,1.312895132195929,"{""type"":""MultiPoint"",""coordinates"":[]}"
20100316,2010-03-16,0.1541439267028729,"{""type"":""MultiPoint"",""coordinates"":[]}"
20100317,2010-03-17,0.22197248016963678,"{""type"":""MultiPoint"",""coordinates"":[]}"
20100318,2010-03-18,0.02226156775850856,"{""type"":""MultiPoint"",""coordinates"":[]}"
20100319,2010-03-19,0.11962226607527372,"{""type"":""MultiPoint"",""coordinates"":[]}"
20100320,2010-03-20,0.0,"{""type"":""MultiPoint"",""coordinates"":[]}"
20100321,2010-03-21,0.0,"{""type"":""MultiPoint"",""coordinates"":[]}"
20100322,2010-03-22,0.0,"{""type"":""MultiPoint"",""coordinates"":[]}"
20100323,2010-03-23,0.0,"{""type"":""MultiPoint"",""coordinates"":[]}"
20100324,2010-03-24,0.0,"{""type"":""MultiPoint"",""coordinates"":[]}"
20100325,2010-03-25,0.0,"{""type"":""MultiPoint"",""coordinates"":[]}"
20100326,2010-03-26,0.0,"{""type"":""MultiPoint"",""coordinates"":[]}"
20100327,2010-03-27,0.0,"{""type"":""MultiPoint"",""coordinates"":[]}"
20100328,2010-03-28,0.024689837564025575,"{""type"":""MultiPoint"",""coordinates"":[]}"
20100329,2010-03-29,0.4740066156679725,"{""type"":""MultiPoint"",""coordinates"":[]}"
20100330,2010-03-30,0.2593251022051498,"{""type"":""MultiPoint"",""coordinates"":[]}"
20100331,2010-03-31,2.3788983675829707,"{""type"":""MultiPoint"",""coordinates"":[]}"
20100401,2010-04-01,0.8694722006478558,"{""type"":""MultiPoint"",""coordinates"":[]}"
20100402,2010-04-02,0.0,"{""type"":""MultiPoint"",""coordinates"":[]}"
20100403,2010-04-03,0.3535452901629944,"{""type"":""MultiPoint"",""coordinates"":[]}"
20100404,2010-04-04,0.0016539386703527204,"{""type"":""MultiPoint"",""coordinates"":[]}"
20100405,2010-04-05,0.0,"{""type"":""MultiPoint"",""coordinates"":[]}"
20100406,2010-04-06,0.0,"{""type"":""MultiPoint"",""coordinates"":[]}"
20100407,2010-04-07,0.0,"{""type"":""MultiPoint"",""coordinates"":[]}"
20100408,2010-04-08,0.0,"{""type"":""MultiPoint"",""coordinates"":[]}"
20100409,2010-04-09,0.0,"{""type"":""MultiPoint"",""coordinates"":[]}"
20100410,2010-04-10,0.0,"{""type"":""MultiPoint"",""coordinates"":[]}"
20100411,2010-04-11,0.0,"{""type"":""MultiPoint"",""coordinates"":[]}"
20100412,2010-04-12,0.0,"{""type"":""MultiPoint"",""coordinates"":[]}"
20100413,2010-04-13,0.0,"{""type"":""MultiPoint"",""coordinates"":[]}"
20100414,2010-04-14,2.9954365264557783,"{""type"":""MultiPoint"",""coordinates"":[]}"
20100415,2010-04-15,0.0,"{""type"":""MultiPoint"",""coordinates"":[]}"
20100416,2010-04-16,0.18699009308550887,"{""type"":""MultiPoint"",""coordinates"":[]}"
20100417,2010-04-17,0.0,"{""type"":""MultiPoint"",""coordinates"":[]}"
20100418,2010-04-18,0.35792101719004804,"{""type"":""MultiPoint"",""coordinates"":[]}"
20100419,2010-04-19,0.0,"{""type"":""MultiPoint"",""coordinates"":[]}"
20100420,2010-04-20,1.5264781796962967,"{""type"":""MultiPoint"",""coordinates"":[]}"
20100421,2010-04-21,8.638932504695763,"{""type"":""MultiPoint"",""coordinates"":[]}"
20100422,2010-04-22,0.0,"{""type"":""MultiPoint"",""coordinates"":[]}"
20100423,2010-04-23,1.5225529468866992,"{""type"":""MultiPoint"",""coordinates"":[]}"
20100424,2010-04-24,0.0,"{""type"":""MultiPoint"",""coordinates"":[]}"
20100425,2010-04-25,0.051532143581567574,"{""type"":""MultiPoint"",""coordinates"":[]}"
20100426,2010-04-26,0.1716133411837822,"{""type"":""MultiPoint"",""coordinates"":[]}"
20100427,2010-04-27,2.8852883060113705,"{""type"":""MultiPoint"",""coordinates"":[]}"
20100428,2010-04-28,0.05273271863488762,"{""type"":""MultiPoint"",""coordinates"":[]}"
20100429,2010-04-29,0.03506253504732619,"{""type"":""MultiPoint"",""coordinates"":[]}"
20100430,2010-04-30,1.7028164302919944,"{""type"":""MultiPoint"",""coordinates"":[]}"
20100501,2010-05-01,1.1508784531580059,"{""type"":""MultiPoint"",""coordinates"":[]}"
20100502,2010-05-02,0.0056462471647362854,"{""type"":""MultiPoint"",""coordinates"":[]}"
20100503,2010-05-03,0.28335971671889787,"{""type"":""MultiPoint"",""coordinates"":[]}"
20100504,2010-05-04,1.96554127829068,"{""type"":""MultiPoint"",""coordinates"":[]}"
20100505,2010-05-05,1.45500536382247,"{""type"":""MultiPoint"",""coordinates"":[]}"
20100506,2010-05-06,2.2205976257693343,"{""type"":""MultiPoint"",""coordinates"":[]}"
20100507,2010-05-07,0.5975910304555364,"{""type"":""MultiPoint"",""coordinates"":[]}"
20100508,2010-05-08,0.33022159739092866,"{""type"":""MultiPoint"",""coordinates"":[]}"
20100509,2010-05-09,0.0,"{""type"":""MultiPoint"",""coordinates"":[]}"
20100510,2010-05-10,0.0,"{""type"":""MultiPoint"",""coordinates"":[]}"
20100511,2010-05-11,0.7995662996737373,"{""type"":""MultiPoint"",""coordinates"":[]}"
20100512,2010-05-12,0.0,"{""type"":""MultiPoint"",""coordinates"":[]}"
20100513,2010-05-13,0.0,"{""type"":""MultiPoint"",""coordinates"":[]}"
20100514,2010-05-14,0.0,"{""type"":""MultiPoint"",""coordinates"":[]}"
20100515,2010-05-15,0.0,"{""type"":""MultiPoint"",""coordinates"":[]}"
20100516,2010-05-16,1.8601825510434211,"{""type"":""MultiPoint"",""coordinates"":[]}"
20100517,2010-05-17,0.5767481057654246,"{""type"":""MultiPoint"",""coordinates"":[]}"
20100518,2010-05-18,14.4019339041008,"{""type"":""MultiPoint"",""coordinates"":[]}"
20100519,2010-05-19,31.944504835661903,"{""type"":""MultiPoint"",""coordinates"":[]}"
20100520,2010-05-20,32.314717893611615,"{""type"":""MultiPoint"",""coordinates"":[]}"
20100521,2010-05-21,15.136874534406974,"{""type"":""MultiPoint"",""coordinates"":[]}"
20100522,2010-05-22,2.5205354527564876,"{""type"":""MultiPoint"",""coordinates"":[]}"
20100523,2010-05-23,15.641731142808561,"{""type"":""MultiPoint"",""coordinates"":[]}"
20100524,2010-05-24,0.38835758974927964,"{""type"":""MultiPoint"",""coordinates"":[]}"
20100525,2010-05-25,0.9822150783711819,"{""type"":""MultiPoint"",""coordinates"":[]}"
20100526,2010-05-26,0.0,"{""type"":""MultiPoint"",""coordinates"":[]}"
20100527,2010-05-27,0.0,"{""type"":""MultiPoint"",""coordinates"":[]}"
20100528,2010-05-28,0.0,"{""type"":""MultiPoint"",""coordinates"":[]}"
20100529,2010-05-29,0.0,"{""type"":""MultiPoint"",""coordinates"":[]}"
20100530,2010-05-30,0.0,"{""type"":""MultiPoint"",""coordinates"":[]}"
20100531,2010-05-31,0.0,"{""type"":""MultiPoint"",""coordinates"":[]}"
20100601,2010-06-01,0.0,"{""type"":""MultiPoint"",""coordinates"":[]}"
20100602,2010-06-02,0.0,"{""type"":""MultiPoint"",""coordinates"":[]}"
20100603,2010-06-03,0.0,"{""type"":""MultiPoint"",""coordinates"":[]}"
20100604,2010-06-04,8.185653327095702,"{""type"":""MultiPoint"",""coordinates"":[]}"
20100605,2010-06-05,2.19842349982918,"{""type"":""MultiPoint"",""coordinates"":[]}"
20100606,2010-06-06,0.17206407767705972,"{""type"":""MultiPoint"",""coordinates"":[]}"
20100607,2010-06-07,1.2657653653768037,"{""type"":""MultiPoint"",""coordinates"":[]}"
20100608,2010-06-08,0.0,"{""type"":""MultiPoint"",""coordinates"":[]}"
20100609,2010-06-09,5.919133886372052,"{""type"":""MultiPoint"",""coordinates"":[]}"
20100610,2010-06-10,2.961633990591275,"{""type"":""MultiPoint"",""coordinates"":[]}"
20100611,2010-06-11,7.498273955887296,"{""type"":""MultiPoint"",""coordinates"":[]}"
20100612,2010-06-12,10.717203012336551,"{""type"":""MultiPoint"",""coordinates"":[]}"
20100613,2010-06-13,10.256906295756,"{""type"":""MultiPoint"",""coordinates"":[]}"
20100614,2010-06-14,10.90802650823827,"{""type"":""MultiPoint"",""coordinates"":[]}"
20100615,2010-06-15,5.713733890704093,"{""type"":""MultiPoint"",""coordinates"":[]}"
20100616,2010-06-16,5.396114006186264,"{""type"":""MultiPoint"",""coordinates"":[]}"
20100617,2010-06-17,6.2883761165955,"{""type"":""MultiPoint"",""coordinates"":[]}"
20100618,2010-06-18,8.2894921413862,"{""type"":""MultiPoint"",""coordinates"":[]}"
20100619,2010-06-19,20.04487073970375,"{""type"":""MultiPoint"",""coordinates"":[]}"
20100620,2010-06-20,10.405874364933482,"{""type"":""MultiPoint"",""coordinates"":[]}"
20100621,2010-06-21,6.3335019125028555,"{""type"":""MultiPoint"",""coordinates"":[]}"
20100622,2010-06-22,8.27635563469072E-4,"{""type"":""MultiPoint"",""coordinates"":[]}"
20100623,2010-06-23,11.916599145178706,"{""type"":""MultiPoint"",""coordinates"":[]}"
20100624,2010-06-24,9.333804595236323,"{""type"":""MultiPoint"",""coordinates"":[]}"
20100625,2010-06-25,0.5419448881118922,"{""type"":""MultiPoint"",""coordinates"":[]}"
20100626,2010-06-26,5.304167002442784,"{""type"":""MultiPoint"",""coordinates"":[]}"
20100627,2010-06-27,1.983864342628492,"{""type"":""MultiPoint"",""coordinates"":[]}"
20100628,2010-06-28,3.354669594142506,"{""type"":""MultiPoint"",""coordinates"":[]}"
20100629,2010-06-29,4.712933631512322,"{""type"":""MultiPoint"",""coordinates"":[]}"
20100630,2010-06-30,27.724353765163816,"{""type"":""MultiPoint"",""coordinates"":[]}"
20100701,2010-07-01,6.294083432911719,"{""type"":""MultiPoint"",""coordinates"":[]}"
20100702,2010-07-02,12.564501304376746,"{""type"":""MultiPoint"",""coordinates"":[]}"
20100703,2010-07-03,4.150202911237861,"{""type"":""MultiPoint"",""coordinates"":[]}"
20100704,2010-07-04,13.298981233605245,"{""type"":""MultiPoint"",""coordinates"":[]}"
20100705,2010-07-05,23.24936101612609,"{""type"":""MultiPoint"",""coordinates"":[]}"
20100706,2010-07-06,6.665420318832766,"{""type"":""MultiPoint"",""coordinates"":[]}"
20100707,2010-07-07,37.39658648146532,"{""type"":""MultiPoint"",""coordinates"":[]}"
20100708,2010-07-08,0.25896795647473664,"{""type"":""MultiPoint"",""coordinates"":[]}"
20100709,2010-07-09,3.8278709207586643,"{""type"":""MultiPoint"",""coordinates"":[]}"
20100710,2010-07-10,5.918683282304637,"{""type"":""MultiPoint"",""coordinates"":[]}"
20100711,2010-07-11,16.309614564851746,"{""type"":""MultiPoint"",""coordinates"":[]}"
20100712,2010-07-12,17.71412153223944,"{""type"":""MultiPoint"",""coordinates"":[]}"
20100713,2010-07-13,2.69705322188228,"{""type"":""MultiPoint"",""coordinates"":[]}"
20100714,2010-07-14,1.0964129506752083,"{""type"":""MultiPoint"",""coordinates"":[]}"
20100715,2010-07-15,5.871831744234669,"{""type"":""MultiPoint"",""coordinates"":[]}"
20100716,2010-07-16,21.712668756555928,"{""type"":""MultiPoint"",""coordinates"":[]}"
20100717,2010-07-17,1.1041438630218483,"{""type"":""MultiPoint"",""coordinates"":[]}"
20100718,2010-07-18,2.4064795136512163,"{""type"":""MultiPoint"",""coordinates"":[]}"
20100719,2010-07-19,6.500573093022109,"{""type"":""MultiPoint"",""coordinates"":[]}"
20100720,2010-07-20,9.754916115359343,"{""type"":""MultiPoint"",""coordinates"":[]}"
20100721,2010-07-21,17.95204917306574,"{""type"":""MultiPoint"",""coordinates"":[]}"
20100722,2010-07-22,1.4448463973113228,"{""type"":""MultiPoint"",""coordinates"":[]}"
20100723,2010-07-23,9.677899157851966,"{""type"":""MultiPoint"",""coordinates"":[]}"
20100724,2010-07-24,54.30178933090123,"{""type"":""MultiPoint"",""coordinates"":[]}"
20100725,2010-07-25,35.87795565105153,"{""type"":""MultiPoint"",""coordinates"":[]}"
20100726,2010-07-26,1.5231646597878077,"{""type"":""MultiPoint"",""coordinates"":[]}"
20100727,2010-07-27,4.419322307851486,"{""type"":""MultiPoint"",""coordinates"":[]}"
20100728,2010-07-28,22.578918493328228,"{""type"":""MultiPoint"",""coordinates"":[]}"
20100729,2010-07-29,9.395154219086333,"{""type"":""MultiPoint"",""coordinates"":[]}"
20100730,2010-07-30,2.5123785219071846,"{""type"":""MultiPoint"",""coordinates"":[]}"
20100731,2010-07-31,3.653695052173883,"{""type"":""MultiPoint"",""coordinates"":[]}"
20100801,2010-08-01,0.3501184043734193,"{""type"":""MultiPoint"",""coordinates"":[]}"
20100802,2010-08-02,13.200200285972842,"{""type"":""MultiPoint"",""coordinates"":[]}"
20100803,2010-08-03,14.924189432530904,"{""type"":""MultiPoint"",""coordinates"":[]}"
20100804,2010-08-04,28.05771668349494,"{""type"":""MultiPoint"",""coordinates"":[]}"
20100805,2010-08-05,15.29962100964064,"{""type"":""MultiPoint"",""coordinates"":[]}"
20100806,2010-08-06,0.727635156554157,"{""type"":""MultiPoint"",""coordinates"":[]}"
20100807,2010-08-07,2.130085203456276,"{""type"":""MultiPoint"",""coordinates"":[]}"
20100808,2010-08-08,0.0020163391698447023,"{""type"":""MultiPoint"",""coordinates"":[]}"
20100809,2010-08-09,0.0767983927021827,"{""type"":""MultiPoint"",""coordinates"":[]}"
20100810,2010-08-10,0.0,"{""type"":""MultiPoint"",""coordinates"":[]}"
20100811,2010-08-11,8.467590369016639,"{""type"":""MultiPoint"",""coordinates"":[]}"
20100812,2010-08-12,18.965873626891316,"{""type"":""MultiPoint"",""coordinates"":[]}"
20100813,2010-08-13,23.168267286626026,"{""type"":""MultiPoint"",""coordinates"":[]}"
20100814,2010-08-14,10.349983774180268,"{""type"":""MultiPoint"",""coordinates"":[]}"
20100815,2010-08-15,19.59311473317836,"{""type"":""MultiPoint"",""coordinates"":[]}"
20100816,2010-08-16,3.6990616879103446,"{""type"":""MultiPoint"",""coordinates"":[]}"
20100817,2010-08-17,8.356780835110706,"{""type"":""MultiPoint"",""coordinates"":[]}"
20100818,2010-08-18,2.8584241946890403,"{""type"":""MultiPoint"",""coordinates"":[]}"
20100819,2010-08-19,11.005862165176342,"{""type"":""MultiPoint"",""coordinates"":[]}"
20100820,2010-08-20,35.85994953447473,"{""type"":""MultiPoint"",""coordinates"":[]}"
20100821,2010-08-21,0.13003848539114177,"{""type"":""MultiPoint"",""coordinates"":[]}"
20100822,2010-08-22,1.7661490138463234,"{""type"":""MultiPoint"",""coordinates"":[]}"
20100823,2010-08-23,1.37930883382032,"{""type"":""MultiPoint"",""coordinates"":[]}"
20100824,2010-08-24,0.9008593014416489,"{""type"":""MultiPoint"",""coordinates"":[]}"
20100825,2010-08-25,18.49225691167869,"{""type"":""MultiPoint"",""coordinates"":[]}"
20100826,2010-08-26,36.22945541124633,"{""type"":""MultiPoint"",""coordinates"":[]}"
20100827,2010-08-27,21.606334587677896,"{""type"":""MultiPoint"",""coordinates"":[]}"
20100828,2010-08-28,15.693136362042686,"{""type"":""MultiPoint"",""coordinates"":[]}"
20100829,2010-08-29,31.53578786089669,"{""type"":""MultiPoint"",""coordinates"":[]}"
20100830,2010-08-30,33.9939618089111,"{""type"":""MultiPoint"",""coordinates"":[]}"
20100831,2010-08-31,4.175815274731244,"{""type"":""MultiPoint"",""coordinates"":[]}"
20100901,2010-09-01,0.2896245030346362,"{""type"":""MultiPoint"",""coordinates"":[]}"
20100902,2010-09-02,1.8378440387958075,"{""type"":""MultiPoint"",""coordinates"":[]}"
20100903,2010-09-03,28.43776431902739,"{""type"":""MultiPoint"",""coordinates"":[]}"
20100904,2010-09-04,8.075453189911324,"{""type"":""MultiPoint"",""coordinates"":[]}"
20100905,2010-09-05,0.05827764206817157,"{""type"":""MultiPoint"",""coordinates"":[]}"
20100906,2010-09-06,11.666036871364602,"{""type"":""MultiPoint"",""coordinates"":[]}"
20100907,2010-09-07,28.746723529389655,"{""type"":""MultiPoint"",""coordinates"":[]}"
20100908,2010-09-08,3.3646392013085533,"{""type"":""MultiPoint"",""coordinates"":[]}"
20100909,2010-09-09,2.5878768391993776,"{""type"":""MultiPoint"",""coordinates"":[]}"
20100910,2010-09-10,5.092302850136254,"{""type"":""MultiPoint"",""coordinates"":[]}"
20100911,2010-09-11,4.7613291639256845,"{""type"":""MultiPoint"",""coordinates"":[]}"
20100912,2010-09-12,15.359977509136783,"{""type"":""MultiPoint"",""coordinates"":[]}"
20100913,2010-09-13,9.995181738322632,"{""type"":""MultiPoint"",""coordinates"":[]}"
20100914,2010-09-14,6.809866457451711,"{""type"":""MultiPoint"",""coordinates"":[]}"
20100915,2010-09-15,21.906064463175703,"{""type"":""MultiPoint"",""coordinates"":[]}"
20100916,2010-09-16,13.439927706685557,"{""type"":""MultiPoint"",""coordinates"":[]}"
20100917,2010-09-17,25.69645328529508,"{""type"":""MultiPoint"",""coordinates"":[]}"
20100918,2010-09-18,5.072679655418798,"{""type"":""MultiPoint"",""coordinates"":[]}"
20100919,2010-09-19,4.763625712506547,"{""type"":""MultiPoint"",""coordinates"":[]}"
20100920,2010-09-20,0.9914282533389857,"{""type"":""MultiPoint"",""coordinates"":[]}"
20100921,2010-09-21,2.177934480061854,"{""type"":""MultiPoint"",""coordinates"":[]}"
20100922,2010-09-22,4.324235052441184,"{""type"":""MultiPoint"",""coordinates"":[]}"
20100923,2010-09-23,0.899992405439417,"{""type"":""MultiPoint"",""coordinates"":[]}"
20100924,2010-09-24,5.711073889594994,"{""type"":""MultiPoint"",""coordinates"":[]}"
20100925,2010-09-25,4.203759584838566,"{""type"":""MultiPoint"",""coordinates"":[]}"
20100926,2010-09-26,0.33818590121555214,"{""type"":""MultiPoint"",""coordinates"":[]}"
20100927,2010-09-27,0.6821631333577253,"{""type"":""MultiPoint"",""coordinates"":[]}"
20100928,2010-09-28,6.114158624700844,"{""type"":""MultiPoint"",""coordinates"":[]}"
20100929,2010-09-29,10.412500957573078,"{""type"":""MultiPoint"",""coordinates"":[]}"
20100930,2010-09-30,6.965217726909423,"{""type"":""MultiPoint"",""coordinates"":[]}"
20101001,2010-10-01,10.312041275669788,"{""type"":""MultiPoint"",""coordinates"":[]}"
20101002,2010-10-02,6.390768081080505,"{""type"":""MultiPoint"",""coordinates"":[]}"
20101003,2010-10-03,1.461301094838943,"{""type"":""MultiPoint"",""coordinates"":[]}"
20101004,2010-10-04,3.506393254437808,"{""type"":""MultiPoint"",""coordinates"":[]}"
20101005,2010-10-05,57.094781917798294,"{""type"":""MultiPoint"",""coordinates"":[]}"
20101006,2010-10-06,36.454687395537064,"{""type"":""MultiPoint"",""coordinates"":[]}"
20101007,2010-10-07,32.7771996516585,"{""type"":""MultiPoint"",""coordinates"":[]}"
20101008,2010-10-08,5.2020788038774635,"{""type"":""MultiPoint"",""coordinates"":[]}"
20101009,2010-10-09,7.878237043842476,"{""type"":""MultiPoint"",""coordinates"":[]}"
20101010,2010-10-10,7.089464848293098,"{""type"":""MultiPoint"",""coordinates"":[]}"
20101011,2010-10-11,4.527257604058146,"{""type"":""MultiPoint"",""coordinates"":[]}"
20101012,2010-10-12,0.0050058526725208245,"{""type"":""MultiPoint"",""coordinates"":[]}"
20101013,2010-10-13,0.10357097281239676,"{""type"":""MultiPoint"",""coordinates"":[]}"
20101014,2010-10-14,3.3765596952912165,"{""type"":""MultiPoint"",""coordinates"":[]}"
20101015,2010-10-15,26.325114438210562,"{""type"":""MultiPoint"",""coordinates"":[]}"
20101016,2010-10-16,0.0,"{""type"":""MultiPoint"",""coordinates"":[]}"
20101017,2010-10-17,0.0,"{""type"":""MultiPoint"",""coordinates"":[]}"
20101018,2010-10-18,3.696615874253619,"{""type"":""MultiPoint"",""coordinates"":[]}"
20101019,2010-10-19,0.0,"{""type"":""MultiPoint"",""coordinates"":[]}"
20101020,2010-10-20,2.3280524702609644,"{""type"":""MultiPoint"",""coordinates"":[]}"
20101021,2010-10-21,6.705763037717801,"{""type"":""MultiPoint"",""coordinates"":[]}"
20101022,2010-10-22,1.0348594280023806,"{""type"":""MultiPoint"",""coordinates"":[]}"
20101023,2010-10-23,7.820988090172466,"{""type"":""MultiPoint"",""coordinates"":[]}"
20101024,2010-10-24,30.382347782476558,"{""type"":""MultiPoint"",""coordinates"":[]}"
20101025,2010-10-25,31.53461647142998,"{""type"":""MultiPoint"",""coordinates"":[]}"
20101026,2010-10-26,13.699238871347795,"{""type"":""MultiPoint"",""coordinates"":[]}"
20101027,2010-10-27,0.0,"{""type"":""MultiPoint"",""coordinates"":[]}"
20101028,2010-10-28,1.9739886317107762,"{""type"":""MultiPoint"",""coordinates"":[]}"
20101029,2010-10-29,48.77974564751308,"{""type"":""MultiPoint"",""coordinates"":[]}"
20101030,2010-10-30,47.37132775784854,"{""type"":""MultiPoint"",""coordinates"":[]}"
20101031,2010-10-31,42.26319293582328,"{""type"":""MultiPoint"",""coordinates"":[]}"
20101101,2010-11-01,61.54007880360689,"{""type"":""MultiPoint"",""coordinates"":[]}"
20101102,2010-11-02,33.32758410117953,"{""type"":""MultiPoint"",""coordinates"":[]}"
20101103,2010-11-03,1.4366694179656752,"{""type"":""MultiPoint"",""coordinates"":[]}"
20101104,2010-11-04,2.1306925780998776,"{""type"":""MultiPoint"",""coordinates"":[]}"
20101105,2010-11-05,20.243085692181065,"{""type"":""MultiPoint"",""coordinates"":[]}"
20101106,2010-11-06,11.989255955731695,"{""type"":""MultiPoint"",""coordinates"":[]}"
20101107,2010-11-07,39.58094281888987,"{""type"":""MultiPoint"",""coordinates"":[]}"
20101108,2010-11-08,0.9456155281064376,"{""type"":""MultiPoint"",""coordinates"":[]}"
20101109,2010-11-09,0.0,"{""type"":""MultiPoint"",""coordinates"":[]}"
20101110,2010-11-10,11.991193767573387,"{""type"":""MultiPoint"",""coordinates"":[]}"
20101111,2010-11-11,0.1851385172764666,"{""type"":""MultiPoint"",""coordinates"":[]}"
20101112,2010-11-12,8.845735283440703,"{""type"":""MultiPoint"",""coordinates"":[]}"
20101113,2010-11-13,9.512301475029707,"{""type"":""MultiPoint"",""coordinates"":[]}"
20101114,2010-11-14,7.744108980728687,"{""type"":""MultiPoint"",""coordinates"":[]}"
20101115,2010-11-15,2.650008878865749,"{""type"":""MultiPoint"",""coordinates"":[]}"
20101116,2010-11-16,8.953476393752787,"{""type"":""MultiPoint"",""coordinates"":[]}"
20101117,2010-11-17,0.04906848553124646,"{""type"":""MultiPoint"",""coordinates"":[]}"
20101118,2010-11-18,0.018497833739184875,"{""type"":""MultiPoint"",""coordinates"":[]}"
20101119,2010-11-19,0.0,"{""type"":""MultiPoint"",""coordinates"":[]}"
20101120,2010-11-20,1.103628819771127,"{""type"":""MultiPoint"",""coordinates"":[]}"
20101121,2010-11-21,0.06100880850083736,"{""type"":""MultiPoint"",""coordinates"":[]}"
20101122,2010-11-22,0.0,"{""type"":""MultiPoint"",""coordinates"":[]}"
20101123,2010-11-23,0.0,"{""type"":""MultiPoint"",""coordinates"":[]}"
20101124,2010-11-24,0.03547691334184393,"{""type"":""MultiPoint"",""coordinates"":[]}"
20101125,2010-11-25,0.05334376632062385,"{""type"":""MultiPoint"",""coordinates"":[]}"
20101126,2010-11-26,0.2682724377232902,"{""type"":""MultiPoint"",""coordinates"":[]}"
20101127,2010-11-27,6.8925712904680765,"{""type"":""MultiPoint"",""coordinates"":[]}"
20101128,2010-11-28,0.0,"{""type"":""MultiPoint"",""coordinates"":[]}"
20101129,2010-11-29,0.21953603864470242,"{""type"":""MultiPoint"",""coordinates"":[]}"
20101130,2010-11-30,0.0,"{""type"":""MultiPoint"",""coordinates"":[]}"
20101201,2010-12-01,0.0,"{""type"":""MultiPoint"",""coordinates"":[]}"
20101202,2010-12-02,0.0,"{""type"":""MultiPoint"",""coordinates"":[]}"
20101203,2010-12-03,0.008666898644113168,"{""type"":""MultiPoint"",""coordinates"":[]}"
20101204,2010-12-04,9.679214994745896,"{""type"":""MultiPoint"",""coordinates"":[]}"
20101205,2010-12-05,14.255022299933719,"{""type"":""MultiPoint"",""coordinates"":[]}"
20101206,2010-12-06,12.559441867339439,"{""type"":""MultiPoint"",""coordinates"":[]}"
20101207,2010-12-07,18.030959214902285,"{""type"":""MultiPoint"",""coordinates"":[]}"
20101208,2010-12-08,1.183206750755311,"{""type"":""MultiPoint"",""coordinates"":[]}"
20101209,2010-12-09,0.0,"{""type"":""MultiPoint"",""coordinates"":[]}"
20101210,2010-12-10,0.0,"{""type"":""MultiPoint"",""coordinates"":[]}"
20101211,2010-12-11,0.0,"{""type"":""MultiPoint"",""coordinates"":[]}"
20101212,2010-12-12,0.0,"{""type"":""MultiPoint"",""coordinates"":[]}"
20101213,2010-12-13,0.0,"{""type"":""MultiPoint"",""coordinates"":[]}"
20101214,2010-12-14,0.0,"{""type"":""MultiPoint"",""coordinates"":[]}"
20101215,2010-12-15,0.0,"{""type"":""MultiPoint"",""coordinates"":[]}"
20101216,2010-12-16,0.0,"{""type"":""MultiPoint"",""coordinates"":[]}"
20101217,2010-12-17,0.0,"{""type"":""MultiPoint"",""coordinates"":[]}"
20101218,2010-12-18,0.0,"{""type"":""MultiPoint"",""coordinates"":[]}"
20101219,2010-12-19,0.0,"{""type"":""MultiPoint"",""coordinates"":[]}"
20101220,2010-12-20,0.0,"{""type"":""MultiPoint"",""coordinates"":[]}"
20101221,2010-12-21,0.0,"{""type"":""MultiPoint"",""coordinates"":[]}"
20101222,2010-12-22,0.0,"{""type"":""MultiPoint"",""coordinates"":[]}"
20101223,2010-12-23,0.0,"{""type"":""MultiPoint"",""coordinates"":[]}"
20101224,2010-12-24,0.0,"{""type"":""MultiPoint"",""coordinates"":[]}"
20101225,2010-12-25,0.0,"{""type"":""MultiPoint"",""coordinates"":[]}"
20101226,2010-12-26,0.0,"{""type"":""MultiPoint"",""coordinates"":[]}"
20101227,2010-12-27,0.0,"{""type"":""MultiPoint"",""coordinates"":[]}"
20101228,2010-12-28,0.0,"{""type"":""MultiPoint"",""coordinates"":[]}"
20101229,2010-12-29,0.3518089088123669,"{""type"":""MultiPoint"",""coordinates"":[]}"
20101230,2010-12-30,0.0,"{""type"":""MultiPoint"",""coordinates"":[]}"
20101231,2010-12-31,0.0,"{""type"":""MultiPoint"",""coordinates"":[]}"
20110101,2011-01-01,0.0,"{""type"":""MultiPoint"",""coordinates"":[]}"
20110102,2011-01-02,0.0,"{""type"":""MultiPoint"",""coordinates"":[]}"
20110103,2011-01-03,0.36300285878223826,"{""type"":""MultiPoint"",""coordinates"":[]}"
20110104,2011-01-04,1.0793322638981446,"{""type"":""MultiPoint"",""coordinates"":[]}"
20110105,2011-01-05,0.10586264456694501,"{""type"":""MultiPoint"",""coordinates"":[]}"
20110106,2011-01-06,0.0,"{""type"":""MultiPoint"",""coordinates"":[]}"
20110107,2011-01-07,0.0,"{""type"":""MultiPoint"",""coordinates"":[]}"
20110108,2011-01-08,0.0,"{""type"":""MultiPoint"",""coordinates"":[]}"
20110109,2011-01-09,0.0,"{""type"":""MultiPoint"",""coordinates"":[]}"
20110110,2011-01-10,0.0,"{""type"":""MultiPoint"",""coordinates"":[]}"
20110111,2011-01-11,0.0,"{""type"":""MultiPoint"",""coordinates"":[]}"
20110112,2011-01-12,0.0,"{""type"":""MultiPoint"",""coordinates"":[]}"
20110113,2011-01-13,0.0,"{""type"":""MultiPoint"",""coordinates"":[]}"
20110114,2011-01-14,0.0,"{""type"":""MultiPoint"",""coordinates"":[]}"
20110115,2011-01-15,0.0,"{""type"":""MultiPoint"",""coordinates"":[]}"
20110116,2011-01-16,0.0,"{""type"":""MultiPoint"",""coordinates"":[]}"
20110117,2011-01-17,0.0,"{""type"":""MultiPoint"",""coordinates"":[]}"
20110118,2011-01-18,0.0,"{""type"":""MultiPoint"",""coordinates"":[]}"
20110119,2011-01-19,0.12641134692530112,"{""type"":""MultiPoint"",""coordinates"":[]}"
20110120,2011-01-20,0.0,"{""type"":""MultiPoint"",""coordinates"":[]}"
20110121,2011-01-21,0.1179578903220134,"{""type"":""MultiPoint"",""coordinates"":[]}"
20110122,2011-01-22,0.0,"{""type"":""MultiPoint"",""coordinates"":[]}"
20110123,2011-01-23,0.0,"{""type"":""MultiPoint"",""coordinates"":[]}"
20110124,2011-01-24,0.0,"{""type"":""MultiPoint"",""coordinates"":[]}"
20110125,2011-01-25,0.0,"{""type"":""MultiPoint"",""coordinates"":[]}"
20110126,2011-01-26,0.0,"{""type"":""MultiPoint"",""coordinates"":[]}"
20110127,2011-01-27,0.0,"{""type"":""MultiPoint"",""coordinates"":[]}"
20110128,2011-01-28,0.0,"{""type"":""MultiPoint"",""coordinates"":[]}"
20110129,2011-01-29,0.0,"{""type"":""MultiPoint"",""coordinates"":[]}"
20110130,2011-01-30,0.17207643408948645,"{""type"":""MultiPoint"",""coordinates"":[]}"
20110131,2011-01-31,0.17207643408948645,"{""type"":""MultiPoint"",""coordinates"":[]}"
20110201,2011-02-01,0.0,"{""type"":""MultiPoint"",""coordinates"":[]}"
20110202,2011-02-02,0.0,"{""type"":""MultiPoint"",""coordinates"":[]}"
20110203,2011-02-03,0.0,"{""type"":""MultiPoint"",""coordinates"":[]}"
20110204,2011-02-04,0.0,"{""type"":""MultiPoint"",""coordinates"":[]}"
20110205,2011-02-05,0.0,"{""type"":""MultiPoint"",""coordinates"":[]}"
20110206,2011-02-06,0.0,"{""type"":""MultiPoint"",""coordinates"":[]}"
20110207,2011-02-07,0.0,"{""type"":""MultiPoint"",""coordinates"":[]}"
20110208,2011-02-08,0.0,"{""type"":""MultiPoint"",""coordinates"":[]}"
20110209,2011-02-09,0.0,"{""type"":""MultiPoint"",""coordinates"":[]}"
20110210,2011-02-10,0.0,"{""type"":""MultiPoint"",""coordinates"":[]}"
20110211,2011-02-11,0.0,"{""type"":""MultiPoint"",""coordinates"":[]}"
20110212,2011-02-12,0.0,"{""type"":""MultiPoint"",""coordinates"":[]}"
20110213,2011-02-13,0.0,"{""type"":""MultiPoint"",""coordinates"":[]}"
20110214,2011-02-14,0.0,"{""type"":""MultiPoint"",""coordinates"":[]}"
20110215,2011-02-15,0.0,"{""type"":""MultiPoint"",""coordinates"":[]}"
20110216,2011-02-16,0.0,"{""type"":""MultiPoint"",""coordinates"":[]}"
20110217,2011-02-17,0.0,"{""type"":""MultiPoint"",""coordinates"":[]}"
20110218,2011-02-18,0.0,"{""type"":""MultiPoint"",""coordinates"":[]}"
20110219,2011-02-19,1.6865903954942212,"{""type"":""MultiPoint"",""coordinates"":[]}"
20110220,2011-02-20,0.20385785596061543,"{""type"":""MultiPoint"",""coordinates"":[]}"
20110221,2011-02-21,5.498241732906104,"{""type"":""MultiPoint"",""coordinates"":[]}"
20110222,2011-02-22,0.1014072580716312,"{""type"":""MultiPoint"",""coordinates"":[]}"
20110223,2011-02-23,0.0,"{""type"":""MultiPoint"",""coordinates"":[]}"
20110224,2011-02-24,0.003192456876254939,"{""type"":""MultiPoint"",""coordinates"":[]}"
20110225,2011-02-25,0.0,"{""type"":""MultiPoint"",""coordinates"":[]}"
20110226,2011-02-26,1.2257776849157254E-5,"{""type"":""MultiPoint"",""coordinates"":[]}"
20110227,2011-02-27,0.0,"{""type"":""MultiPoint"",""coordinates"":[]}"
20110228,2011-02-28,0.0,"{""type"":""MultiPoint"",""coordinates"":[]}"
20110301,2011-03-01,0.0,"{""type"":""MultiPoint"",""coordinates"":[]}"
20110302,2011-03-02,0.0,"{""type"":""MultiPoint"",""coordinates"":[]}"
20110303,2011-03-03,0.0,"{""type"":""MultiPoint"",""coordinates"":[]}"
20110304,2011-03-04,0.0,"{""type"":""MultiPoint"",""coordinates"":[]}"
20110305,2011-03-05,0.0,"{""type"":""MultiPoint"",""coordinates"":[]}"
20110306,2011-03-06,0.0,"{""type"":""MultiPoint"",""coordinates"":[]}"
20110307,2011-03-07,0.0,"{""type"":""MultiPoint"",""coordinates"":[]}"
20110308,2011-03-08,0.0,"{""type"":""MultiPoint"",""coordinates"":[]}"
20110309,2011-03-09,0.0,"{""type"":""MultiPoint"",""coordinates"":[]}"
20110310,2011-03-10,0.0,"{""type"":""MultiPoint"",""coordinates"":[]}"
20110311,2011-03-11,0.0,"{""type"":""MultiPoint"",""coordinates"":[]}"
20110312,2011-03-12,0.0,"{""type"":""MultiPoint"",""coordinates"":[]}"
20110313,2011-03-13,0.0,"{""type"":""MultiPoint"",""coordinates"":[]}"
20110314,2011-03-14,0.0,"{""type"":""MultiPoint"",""coordinates"":[]}"
20110315,2011-03-15,0.0,"{""type"":""MultiPoint"",""coordinates"":[]}"
20110316,2011-03-16,0.0,"{""type"":""MultiPoint"",""coordinates"":[]}"
20110317,2011-03-17,0.0,"{""type"":""MultiPoint"",""coordinates"":[]}"
20110318,2011-03-18,0.0,"{""type"":""MultiPoint"",""coordinates"":[]}"
20110319,2011-03-19,0.0,"{""type"":""MultiPoint"",""coordinates"":[]}"
20110320,2011-03-20,0.0,"{""type"":""MultiPoint"",""coordinates"":[]}"
20110321,2011-03-21,0.0,"{""type"":""MultiPoint"",""coordinates"":[]}"
20110322,2011-03-22,0.0,"{""type"":""MultiPoint"",""coordinates"":[]}"
20110323,2011-03-23,0.0,"{""type"":""MultiPoint"",""coordinates"":[]}"
20110324,2011-03-24,0.0,"{""type"":""MultiPoint"",""coordinates"":[]}"
20110325,2011-03-25,0.0,"{""type"":""MultiPoint"",""coordinates"":[]}"
20110326,2011-03-26,0.0,"{""type"":""MultiPoint"",""coordinates"":[]}"
20110327,2011-03-27,0.013003299761754945,"{""type"":""MultiPoint"",""coordinates"":[]}"
20110328,2011-03-28,0.0,"{""type"":""MultiPoint"",""coordinates"":[]}"
20110329,2011-03-29,0.0,"{""type"":""MultiPoint"",""coordinates"":[]}"
20110330,2011-03-30,0.0,"{""type"":""MultiPoint"",""coordinates"":[]}"
20110331,2011-03-31,0.0,"{""type"":""MultiPoint"",""coordinates"":[]}"
20110401,2011-04-01,0.0,"{""type"":""MultiPoint"",""coordinates"":[]}"
20110402,2011-04-02,0.0,"{""type"":""MultiPoint"",""coordinates"":[]}"
20110403,2011-04-03,0.0,"{""type"":""MultiPoint"",""coordinates"":[]}"
20110404,2011-04-04,0.0,"{""type"":""MultiPoint"",""coordinates"":[]}"
20110405,2011-04-05,0.7985092233413615,"{""type"":""MultiPoint"",""coordinates"":[]}"
20110406,2011-04-06,0.6701524408927935,"{""type"":""MultiPoint"",""coordinates"":[]}"
20110407,2011-04-07,0.0,"{""type"":""MultiPoint"",""coordinates"":[]}"
20110408,2011-04-08,0.0,"{""type"":""MultiPoint"",""coordinates"":[]}"
20110409,2011-04-09,4.035099403415023,"{""type"":""MultiPoint"",""coordinates"":[]}"
20110410,2011-04-10,0.0,"{""type"":""MultiPoint"",""coordinates"":[]}"
20110411,2011-04-11,0.6888556659215741,"{""type"":""MultiPoint"",""coordinates"":[]}"
20110412,2011-04-12,0.30357838358851036,"{""type"":""MultiPoint"",""coordinates"":[]}"
20110413,2011-04-13,0.0,"{""type"":""MultiPoint"",""coordinates"":[]}"
20110414,2011-04-14,0.0,"{""type"":""MultiPoint"",""coordinates"":[]}"
20110415,2011-04-15,0.0012016251110757844,"{""type"":""MultiPoint"",""coordinates"":[]}"
20110416,2011-04-16,0.036578258493468,"{""type"":""MultiPoint"",""coordinates"":[]}"
20110417,2011-04-17,0.7571349288208123,"{""type"":""MultiPoint"",""coordinates"":[]}"
20110418,2011-04-18,1.082546241009784,"{""type"":""MultiPoint"",""coordinates"":[]}"
20110419,2011-04-19,1.6923703416643654,"{""type"":""MultiPoint"",""coordinates"":[]}"
20110420,2011-04-20,0.0,"{""type"":""MultiPoint"",""coordinates"":[]}"
20110421,2011-04-21,6.802674035363967,"{""type"":""MultiPoint"",""coordinates"":[]}"
20110422,2011-04-22,20.09813976784449,"{""type"":""MultiPoint"",""coordinates"":[]}"
20110423,2011-04-23,0.018374846714106132,"{""type"":""MultiPoint"",""coordinates"":[]}"
20110424,2011-04-24,0.16675392589595583,"{""type"":""MultiPoint"",""coordinates"":[]}"
20110425,2011-04-25,0.3658688149265864,"{""type"":""MultiPoint"",""coordinates"":[]}"
20110426,2011-04-26,0.1835659764610691,"{""type"":""MultiPoint"",""coordinates"":[]}"
20110427,2011-04-27,0.0,"{""type"":""MultiPoint"",""coordinates"":[]}"
20110428,2011-04-28,0.6884753500961478,"{""type"":""MultiPoint"",""coordinates"":[]}"
20110429,2011-04-29,12.175102180116557,"{""type"":""MultiPoint"",""coordinates"":[]}"
20110430,2011-04-30,5.853577163967832,"{""type"":""MultiPoint"",""coordinates"":[]}"
20110501,2011-05-01,2.1787744064961565,"{""type"":""MultiPoint"",""coordinates"":[]}"
20110502,2011-05-02,0.0,"{""type"":""MultiPoint"",""coordinates"":[]}"
20110503,2011-05-03,0.15112929314985177,"{""type"":""MultiPoint"",""coordinates"":[]}"
20110504,2011-05-04,0.0,"{""type"":""MultiPoint"",""coordinates"":[]}"
20110505,2011-05-05,0.2792803968309414,"{""type"":""MultiPoint"",""coordinates"":[]}"
20110506,2011-05-06,0.0,"{""type"":""MultiPoint"",""coordinates"":[]}"
20110507,2011-05-07,0.0,"{""type"":""MultiPoint"",""coordinates"":[]}"
20110508,2011-05-08,0.005278297472684338,"{""type"":""MultiPoint"",""coordinates"":[]}"
20110509,2011-05-09,1.2332297703916553,"{""type"":""MultiPoint"",""coordinates"":[]}"
20110510,2011-05-10,0.0,"{""type"":""MultiPoint"",""coordinates"":[]}"
20110511,2011-05-11,0.0,"{""type"":""MultiPoint"",""coordinates"":[]}"
20110512,2011-05-12,3.063466422468862,"{""type"":""MultiPoint"",""coordinates"":[]}"
20110513,2011-05-13,0.0,"{""type"":""MultiPoint"",""coordinates"":[]}"
20110514,2011-05-14,0.0,"{""type"":""MultiPoint"",""coordinates"":[]}"
20110515,2011-05-15,1.2994338057413184,"{""type"":""MultiPoint"",""coordinates"":[]}"
20110516,2011-05-16,0.13451279685843545,"{""type"":""MultiPoint"",""coordinates"":[]}"
20110517,2011-05-17,0.034034832555628836,"{""type"":""MultiPoint"",""coordinates"":[]}"
20110518,2011-05-18,0.0,"{""type"":""MultiPoint"",""coordinates"":[]}"
20110519,2011-05-19,0.0,"{""type"":""MultiPoint"",""coordinates"":[]}"
20110520,2011-05-20,14.707584138254894,"{""type"":""MultiPoint"",""coordinates"":[]}"
20110521,2011-05-21,0.0,"{""type"":""MultiPoint"",""coordinates"":[]}"
20110522,2011-05-22,0.0,"{""type"":""MultiPoint"",""coordinates"":[]}"
20110523,2011-05-23,0.0868511359180667,"{""type"":""MultiPoint"",""coordinates"":[]}"
20110524,2011-05-24,0.524148214407013,"{""type"":""MultiPoint"",""coordinates"":[]}"
20110525,2011-05-25,7.565354444852977,"{""type"":""MultiPoint"",""coordinates"":[]}"
20110526,2011-05-26,0.0,"{""type"":""MultiPoint"",""coordinates"":[]}"
20110527,2011-05-27,0.43373566909932476,"{""type"":""MultiPoint"",""coordinates"":[]}"
20110528,2011-05-28,20.85410579484941,"{""type"":""MultiPoint"",""coordinates"":[]}"
20110529,2011-05-29,14.466822678002993,"{""type"":""MultiPoint"",""coordinates"":[]}"
20110530,2011-05-30,5.58467504621832,"{""type"":""MultiPoint"",""coordinates"":[]}"
20110531,2011-05-31,1.3962536363064195,"{""type"":""MultiPoint"",""coordinates"":[]}"
20110601,2011-06-01,9.431592528722136,"{""type"":""MultiPoint"",""coordinates"":[]}"
20110602,2011-06-02,2.249646768313183,"{""type"":""MultiPoint"",""coordinates"":[]}"
20110603,2011-06-03,1.4820272085010772E-4,"{""type"":""MultiPoint"",""coordinates"":[]}"
20110604,2011-06-04,0.34918217009834235,"{""type"":""MultiPoint"",""coordinates"":[]}"
20110605,2011-06-05,1.4245852454033578,"{""type"":""MultiPoint"",""coordinates"":[]}"
20110606,2011-06-06,11.717566636964024,"{""type"":""MultiPoint"",""coordinates"":[]}"
20110607,2011-06-07,12.855099443520263,"{""type"":""MultiPoint"",""coordinates"":[]}"
20110608,2011-06-08,0.47555881870434347,"{""type"":""MultiPoint"",""coordinates"":[]}"
20110609,2011-06-09,4.98960076018174,"{""type"":""MultiPoint"",""coordinates"":[]}"
20110610,2011-06-10,3.6370967658128532,"{""type"":""MultiPoint"",""coordinates"":[]}"
20110611,2011-06-11,0.0043974759157298475,"{""type"":""MultiPoint"",""coordinates"":[]}"
20110612,2011-06-12,4.657501474682052,"{""type"":""MultiPoint"",""coordinates"":[]}"
20110613,2011-06-13,11.838598977245347,"{""type"":""MultiPoint"",""coordinates"":[]}"
20110614,2011-06-14,2.172053451844879,"{""type"":""MultiPoint"",""coordinates"":[]}"
20110615,2011-06-15,4.169910605673085,"{""type"":""MultiPoint"",""coordinates"":[]}"
20110616,2011-06-16,2.9621199602543444,"{""type"":""MultiPoint"",""coordinates"":[]}"
20110617,2011-06-17,0.09704325521934785,"{""type"":""MultiPoint"",""coordinates"":[]}"
20110618,2011-06-18,1.3499390186150382,"{""type"":""MultiPoint"",""coordinates"":[]}"
20110619,2011-06-19,0.9715389889459901,"{""type"":""MultiPoint"",""coordinates"":[]}"
20110620,2011-06-20,0.4282020583448951,"{""type"":""MultiPoint"",""coordinates"":[]}"
20110621,2011-06-21,0.0,"{""type"":""MultiPoint"",""coordinates"":[]}"
20110622,2011-06-22,0.0,"{""type"":""MultiPoint"",""coordinates"":[]}"
20110623,2011-06-23,2.072534718752386,"{""type"":""MultiPoint"",""coordinates"":[]}"
20110624,2011-06-24,0.38560318917409836,"{""type"":""MultiPoint"",""coordinates"":[]}"
20110625,2011-06-25,13.958409696010097,"{""type"":""MultiPoint"",""coordinates"":[]}"
20110626,2011-06-26,2.014375791681797,"{""type"":""MultiPoint"",""coordinates"":[]}"
20110627,2011-06-27,1.5883537217038282,"{""type"":""MultiPoint"",""coordinates"":[]}"
20110628,2011-06-28,1.245126998425319,"{""type"":""MultiPoint"",""coordinates"":[]}"
20110629,2011-06-29,0.9972053124287739,"{""type"":""MultiPoint"",""coordinates"":[]}"
20110630,2011-06-30,0.0,"{""type"":""MultiPoint"",""coordinates"":[]}"
20110701,2011-07-01,1.4045130326677537,"{""type"":""MultiPoint"",""coordinates"":[]}"
20110702,2011-07-02,11.379252535452514,"{""type"":""MultiPoint"",""coordinates"":[]}"
20110703,2011-07-03,8.911419425619437,"{""type"":""MultiPoint"",""coordinates"":[]}"
20110704,2011-07-04,12.344907853396263,"{""type"":""MultiPoint"",""coordinates"":[]}"
20110705,2011-07-05,7.627066475156517,"{""type"":""MultiPoint"",""coordinates"":[]}"
20110706,2011-07-06,12.809421015478392,"{""type"":""MultiPoint"",""coordinates"":[]}"
20110707,2011-07-07,17.661861439825792,"{""type"":""MultiPoint"",""coordinates"":[]}"
20110708,2011-07-08,11.670366234528062,"{""type"":""MultiPoint"",""coordinates"":[]}"
20110709,2011-07-09,0.0,"{""type"":""MultiPoint"",""coordinates"":[]}"
20110710,2011-07-10,0.0,"{""type"":""MultiPoint"",""coordinates"":[]}"
20110711,2011-07-11,0.0,"{""type"":""MultiPoint"",""coordinates"":[]}"
20110712,2011-07-12,31.029078779969137,"{""type"":""MultiPoint"",""coordinates"":[]}"
20110713,2011-07-13,27.465189224580268,"{""type"":""MultiPoint"",""coordinates"":[]}"
20110714,2011-07-14,0.0,"{""type"":""MultiPoint"",""coordinates"":[]}"
20110715,2011-07-15,0.0,"{""type"":""MultiPoint"",""coordinates"":[]}"
20110716,2011-07-16,7.200433972797886,"{""type"":""MultiPoint"",""coordinates"":[]}"
20110717,2011-07-17,10.830495580219264,"{""type"":""MultiPoint"",""coordinates"":[]}"
20110718,2011-07-18,7.485042512408964,"{""type"":""MultiPoint"",""coordinates"":[]}"
20110719,2011-07-19,2.6892063989465136,"{""type"":""MultiPoint"",""coordinates"":[]}"
20110720,2011-07-20,5.813941576693489,"{""type"":""MultiPoint"",""coordinates"":[]}"
20110721,2011-07-21,19.00027424049108,"{""type"":""MultiPoint"",""coordinates"":[]}"
20110722,2011-07-22,4.57664323195721,"{""type"":""MultiPoint"",""coordinates"":[]}"
20110723,2011-07-23,3.342286961400099,"{""type"":""MultiPoint"",""coordinates"":[]}"
20110724,2011-07-24,3.1089880442235183,"{""type"":""MultiPoint"",""coordinates"":[]}"
20110725,2011-07-25,8.510430675157362,"{""type"":""MultiPoint"",""coordinates"":[]}"
20110726,2011-07-26,0.2036984812688102,"{""type"":""MultiPoint"",""coordinates"":[]}"
20110727,2011-07-27,12.461566849548829,"{""type"":""MultiPoint"",""coordinates"":[]}"
20110728,2011-07-28,12.15274414138258,"{""type"":""MultiPoint"",""coordinates"":[]}"
20110729,2011-07-29,14.782506398735944,"{""type"":""MultiPoint"",""coordinates"":[]}"
20110730,2011-07-30,2.2050070812347524,"{""type"":""MultiPoint"",""coordinates"":[]}"
20110731,2011-07-31,7.124413570151893,"{""type"":""MultiPoint"",""coordinates"":[]}"
20110801,2011-08-01,11.323450162876396,"{""type"":""MultiPoint"",""coordinates"":[]}"
20110802,2011-08-02,31.56626226710251,"{""type"":""MultiPoint"",""coordinates"":[]}"
20110803,2011-08-03,19.040834675367233,"{""type"":""MultiPoint"",""coordinates"":[]}"
20110804,2011-08-04,2.143000378368862,"{""type"":""MultiPoint"",""coordinates"":[]}"
20110805,2011-08-05,6.6979901509602495,"{""type"":""MultiPoint"",""coordinates"":[]}"
20110806,2011-08-06,9.734474796586596,"{""type"":""MultiPoint"",""coordinates"":[]}"
20110807,2011-08-07,0.0,"{""type"":""MultiPoint"",""coordinates"":[]}"
20110808,2011-08-08,6.84301351607812,"{""type"":""MultiPoint"",""coordinates"":[]}"
20110809,2011-08-09,15.919338478804839,"{""type"":""MultiPoint"",""coordinates"":[]}"
20110810,2011-08-10,4.59766751003459,"{""type"":""MultiPoint"",""coordinates"":[]}"
20110811,2011-08-11,13.26082490914065,"{""type"":""MultiPoint"",""coordinates"":[]}"
20110812,2011-08-12,3.1795210869296695,"{""type"":""MultiPoint"",""coordinates"":[]}"
20110813,2011-08-13,9.938148422849908,"{""type"":""MultiPoint"",""coordinates"":[]}"
20110814,2011-08-14,2.0857179866993967,"{""type"":""MultiPoint"",""coordinates"":[]}"
20110815,2011-08-15,7.214947093837429,"{""type"":""MultiPoint"",""coordinates"":[]}"
20110816,2011-08-16,5.72728773019736,"{""type"":""MultiPoint"",""coordinates"":[]}"
20110817,2011-08-17,9.505593183726731,"{""type"":""MultiPoint"",""coordinates"":[]}"
20110818,2011-08-18,13.908070948620068,"{""type"":""MultiPoint"",""coordinates"":[]}"
20110819,2011-08-19,5.993821894202365,"{""type"":""MultiPoint"",""coordinates"":[]}"
20110820,2011-08-20,1.7650986842535383,"{""type"":""MultiPoint"",""coordinates"":[]}"
20110821,2011-08-21,8.09860700881911,"{""type"":""MultiPoint"",""coordinates"":[]}"
20110822,2011-08-22,16.564361716386724,"{""type"":""MultiPoint"",""coordinates"":[]}"
20110823,2011-08-23,18.227819618913077,"{""type"":""MultiPoint"",""coordinates"":[]}"
20110824,2011-08-24,15.024232536616731,"{""type"":""MultiPoint"",""coordinates"":[]}"
20110825,2011-08-25,10.95104117846642,"{""type"":""MultiPoint"",""coordinates"":[]}"
20110826,2011-08-26,14.54954197260467,"{""type"":""MultiPoint"",""coordinates"":[]}"
20110827,2011-08-27,0.807568106198527,"{""type"":""MultiPoint"",""coordinates"":[]}"
20110828,2011-08-28,0.19980873571336305,"{""type"":""MultiPoint"",""coordinates"":[]}"
20110829,2011-08-29,12.169923313367857,"{""type"":""MultiPoint"",""coordinates"":[]}"
20110830,2011-08-30,2.7418139356000717,"{""type"":""MultiPoint"",""coordinates"":[]}"
20110831,2011-08-31,19.530461772837864,"{""type"":""MultiPoint"",""coordinates"":[]}"
20110901,2011-09-01,19.167224762719243,"{""type"":""MultiPoint"",""coordinates"":[]}"
20110902,2011-09-02,10.227235909093615,"{""type"":""MultiPoint"",""coordinates"":[]}"
20110903,2011-09-03,11.124789773031848,"{""type"":""MultiPoint"",""coordinates"":[]}"
20110904,2011-09-04,5.307021514106462,"{""type"":""MultiPoint"",""coordinates"":[]}"
20110905,2011-09-05,20.13046830327247,"{""type"":""MultiPoint"",""coordinates"":[]}"
20110906,2011-09-06,3.259254278085955,"{""type"":""MultiPoint"",""coordinates"":[]}"
20110907,2011-09-07,0.10844450610454762,"{""type"":""MultiPoint"",""coordinates"":[]}"
20110908,2011-09-08,0.05884961860249113,"{""type"":""MultiPoint"",""coordinates"":[]}"
20110909,2011-09-09,0.7471886246627257,"{""type"":""MultiPoint"",""coordinates"":[]}"
20110910,2011-09-10,2.4015242004991517,"{""type"":""MultiPoint"",""coordinates"":[]}"
20110911,2011-09-11,2.9424875748239225,"{""type"":""MultiPoint"",""coordinates"":[]}"
20110912,2011-09-12,7.858579127252364,"{""type"":""MultiPoint"",""coordinates"":[]}"
20110913,2011-09-13,21.73516995997376,"{""type"":""MultiPoint"",""coordinates"":[]}"
20110914,2011-09-14,2.389208346194747,"{""type"":""MultiPoint"",""coordinates"":[]}"
20110915,2011-09-15,4.380159972361398,"{""type"":""MultiPoint"",""coordinates"":[]}"
20110916,2011-09-16,3.063787718793932,"{""type"":""MultiPoint"",""coordinates"":[]}"
20110917,2011-09-17,8.326375035962263,"{""type"":""MultiPoint"",""coordinates"":[]}"
20110918,2011-09-18,0.8357791948784614,"{""type"":""MultiPoint"",""coordinates"":[]}"
20110919,2011-09-19,1.9807282324341156,"{""type"":""MultiPoint"",""coordinates"":[]}"
20110920,2011-09-20,4.825362794512614,"{""type"":""MultiPoint"",""coordinates"":[]}"
20110921,2011-09-21,0.008910497088085374,"{""type"":""MultiPoint"",""coordinates"":[]}"
20110922,2011-09-22,1.1137457830799923E-4,"{""type"":""MultiPoint"",""coordinates"":[]}"
20110923,2011-09-23,0.0,"{""type"":""MultiPoint"",""coordinates"":[]}"
20110924,2011-09-24,0.0,"{""type"":""MultiPoint"",""coordinates"":[]}"
20110925,2011-09-25,0.0,"{""type"":""MultiPoint"",""coordinates"":[]}"
20110926,2011-09-26,0.0,"{""type"":""MultiPoint"",""coordinates"":[]}"
20110927,2011-09-27,0.0,"{""type"":""MultiPoint"",""coordinates"":[]}"
20110928,2011-09-28,0.12480497836604207,"{""type"":""MultiPoint"",""coordinates"":[]}"
20110929,2011-09-29,0.0,"{""type"":""MultiPoint"",""coordinates"":[]}"
20110930,2011-09-30,0.0,"{""type"":""MultiPoint"",""coordinates"":[]}"
20111001,2011-10-01,0.0,"{""type"":""MultiPoint"",""coordinates"":[]}"
20111002,2011-10-02,0.0,"{""type"":""MultiPoint"",""coordinates"":[]}"
20111003,2011-10-03,0.0,"{""type"":""MultiPoint"",""coordinates"":[]}"
20111004,2011-10-04,0.0,"{""type"":""MultiPoint"",""coordinates"":[]}"
20111005,2011-10-05,0.0,"{""type"":""MultiPoint"",""coordinates"":[]}"
20111006,2011-10-06,0.0,"{""type"":""MultiPoint"",""coordinates"":[]}"
20111007,2011-10-07,0.22282597477844027,"{""type"":""MultiPoint"",""coordinates"":[]}"
20111008,2011-10-08,3.0030379678498393,"{""type"":""MultiPoint"",""coordinates"":[]}"
20111009,2011-10-09,12.518599310961573,"{""type"":""MultiPoint"",""coordinates"":[]}"
20111010,2011-10-10,14.69626675007555,"{""type"":""MultiPoint"",""coordinates"":[]}"
20111011,2011-10-11,21.438948652832536,"{""type"":""MultiPoint"",""coordinates"":[]}"
20111012,2011-10-12,11.584325581946015,"{""type"":""MultiPoint"",""coordinates"":[]}"
20111013,2011-10-13,0.0,"{""type"":""MultiPoint"",""coordinates"":[]}"
20111014,2011-10-14,3.726931826175857,"{""type"":""MultiPoint"",""coordinates"":[]}"
20111015,2011-10-15,0.8736978233518771,"{""type"":""MultiPoint"",""coordinates"":[]}"
20111016,2011-10-16,0.0,"{""type"":""MultiPoint"",""coordinates"":[]}"
20111017,2011-10-17,0.0,"{""type"":""MultiPoint"",""coordinates"":[]}"
20111018,2011-10-18,0.03317525447296491,"{""type"":""MultiPoint"",""coordinates"":[]}"
20111019,2011-10-19,0.0,"{""type"":""MultiPoint"",""coordinates"":[]}"
20111020,2011-10-20,0.0,"{""type"":""MultiPoint"",""coordinates"":[]}"
20111021,2011-10-21,0.0,"{""type"":""MultiPoint"",""coordinates"":[]}"
20111022,2011-10-22,1.966479004760267,"{""type"":""MultiPoint"",""coordinates"":[]}"
20111023,2011-10-23,0.3062641358984617,"{""type"":""MultiPoint"",""coordinates"":[]}"
20111024,2011-10-24,3.153487298483836,"{""type"":""MultiPoint"",""coordinates"":[]}"
20111025,2011-10-25,11.636234661916857,"{""type"":""MultiPoint"",""coordinates"":[]}"
20111026,2011-10-26,5.269665315435571,"{""type"":""MultiPoint"",""coordinates"":[]}"
20111027,2011-10-27,0.20625052588404674,"{""type"":""MultiPoint"",""coordinates"":[]}"
20111028,2011-10-28,0.0,"{""type"":""MultiPoint"",""coordinates"":[]}"
20111029,2011-10-29,0.0,"{""type"":""MultiPoint"",""coordinates"":[]}"
20111030,2011-10-30,0.0,"{""type"":""MultiPoint"",""coordinates"":[]}"
20111031,2011-10-31,0.0,"{""type"":""MultiPoint"",""coordinates"":[]}"
20111101,2011-11-01,6.950906903160586,"{""type"":""MultiPoint"",""coordinates"":[]}"
20111102,2011-11-02,4.4650867426118745,"{""type"":""MultiPoint"",""coordinates"":[]}"
20111103,2011-11-03,0.0,"{""type"":""MultiPoint"",""coordinates"":[]}"
20111104,2011-11-04,0.0,"{""type"":""MultiPoint"",""coordinates"":[]}"
20111105,2011-11-05,0.0,"{""type"":""MultiPoint"",""coordinates"":[]}"
20111106,2011-11-06,0.0,"{""type"":""MultiPoint"",""coordinates"":[]}"
20111107,2011-11-07,0.0,"{""type"":""MultiPoint"",""coordinates"":[]}"
20111108,2011-11-08,0.0,"{""type"":""MultiPoint"",""coordinates"":[]}"
20111109,2011-11-09,0.0,"{""type"":""MultiPoint"",""coordinates"":[]}"
20111110,2011-11-10,0.0,"{""type"":""MultiPoint"",""coordinates"":[]}"
20111111,2011-11-11,0.0,"{""type"":""MultiPoint"",""coordinates"":[]}"
20111112,2011-11-12,0.0,"{""type"":""MultiPoint"",""coordinates"":[]}"
20111113,2011-11-13,0.0,"{""type"":""MultiPoint"",""coordinates"":[]}"
20111114,2011-11-14,0.0,"{""type"":""MultiPoint"",""coordinates"":[]}"
20111115,2011-11-15,0.0,"{""type"":""MultiPoint"",""coordinates"":[]}"
20111116,2011-11-16,0.02015359274161633,"{""type"":""MultiPoint"",""coordinates"":[]}"
20111117,2011-11-17,0.0,"{""type"":""MultiPoint"",""coordinates"":[]}"
20111118,2011-11-18,0.0,"{""type"":""MultiPoint"",""coordinates"":[]}"
20111119,2011-11-19,0.0,"{""type"":""MultiPoint"",""coordinates"":[]}"
20111120,2011-11-20,0.0,"{""type"":""MultiPoint"",""coordinates"":[]}"
20111121,2011-11-21,0.0,"{""type"":""MultiPoint"",""coordinates"":[]}"
20111122,2011-11-22,0.0,"{""type"":""MultiPoint"",""coordinates"":[]}"
20111123,2011-11-23,0.0,"{""type"":""MultiPoint"",""coordinates"":[]}"
20111124,2011-11-24,0.0,"{""type"":""MultiPoint"",""coordinates"":[]}"
20111125,2011-11-25,0.37705849082209986,"{""type"":""MultiPoint"",""coordinates"":[]}"
20111126,2011-11-26,0.16974272358191286,"{""type"":""MultiPoint"",""coordinates"":[]}"
20111127,2011-11-27,0.0,"{""type"":""MultiPoint"",""coordinates"":[]}"
20111128,2011-11-28,0.0,"{""type"":""MultiPoint"",""coordinates"":[]}"
20111129,2011-11-29,0.0,"{""type"":""MultiPoint"",""coordinates"":[]}"
20111130,2011-11-30,3.531083732960983E-4,"{""type"":""MultiPoint"",""coordinates"":[]}"
20111201,2011-12-01,0.0010022216236387183,"{""type"":""MultiPoint"",""coordinates"":[]}"
20111202,2011-12-02,0.0,"{""type"":""MultiPoint"",""coordinates"":[]}"
20111203,2011-12-03,0.0,"{""type"":""MultiPoint"",""coordinates"":[]}"
20111204,2011-12-04,0.0,"{""type"":""MultiPoint"",""coordinates"":[]}"
20111205,2011-12-05,0.0,"{""type"":""MultiPoint"",""coordinates"":[]}"
20111206,2011-12-06,0.0,"{""type"":""MultiPoint"",""coordinates"":[]}"
20111207,2011-12-07,0.0,"{""type"":""MultiPoint"",""coordinates"":[]}"
20111208,2011-12-08,0.0,"{""type"":""MultiPoint"",""coordinates"":[]}"
20111209,2011-12-09,0.0,"{""type"":""MultiPoint"",""coordinates"":[]}"
20111210,2011-12-10,0.0,"{""type"":""MultiPoint"",""coordinates"":[]}"
20111211,2011-12-11,0.0,"{""type"":""MultiPoint"",""coordinates"":[]}"
20111212,2011-12-12,0.0,"{""type"":""MultiPoint"",""coordinates"":[]}"
20111213,2011-12-13,0.0,"{""type"":""MultiPoint"",""coordinates"":[]}"
20111214,2011-12-14,0.0,"{""type"":""MultiPoint"",""coordinates"":[]}"
20111215,2011-12-15,0.0,"{""type"":""MultiPoint"",""coordinates"":[]}"
20111216,2011-12-16,0.0,"{""type"":""MultiPoint"",""coordinates"":[]}"
20111217,2011-12-17,0.0,"{""type"":""MultiPoint"",""coordinates"":[]}"
20111218,2011-12-18,0.0,"{""type"":""MultiPoint"",""coordinates"":[]}"
20111219,2011-12-19,0.0,"{""type"":""MultiPoint"",""coordinates"":[]}"
20111220,2011-12-20,0.23633143461690723,"{""type"":""MultiPoint"",""coordinates"":[]}"
20111221,2011-12-21,0.0,"{""type"":""MultiPoint"",""coordinates"":[]}"
20111222,2011-12-22,0.005295918604719541,"{""type"":""MultiPoint"",""coordinates"":[]}"
20111223,2011-12-23,0.23871303672973776,"{""type"":""MultiPoint"",""coordinates"":[]}"
20111224,2011-12-24,0.0,"{""type"":""MultiPoint"",""coordinates"":[]}"
20111225,2011-12-25,0.0,"{""type"":""MultiPoint"",""coordinates"":[]}"
20111226,2011-12-26,0.0,"{""type"":""MultiPoint"",""coordinates"":[]}"
20111227,2011-12-27,0.1706925463785349,"{""type"":""MultiPoint"",""coordinates"":[]}"
20111228,2011-12-28,0.0,"{""type"":""MultiPoint"",""coordinates"":[]}"
20111229,2011-12-29,0.015510967047177885,"{""type"":""MultiPoint"",""coordinates"":[]}"
20111230,2011-12-30,0.11921759479174988,"{""type"":""MultiPoint"",""coordinates"":[]}"
20111231,2011-12-31,0.18371080789150052,"{""type"":""MultiPoint"",""coordinates"":[]}"
20120101,2012-01-01,0.7174724297833133,"{""type"":""MultiPoint"",""coordinates"":[]}"
20120102,2012-01-02,0.26637020651360704,"{""type"":""MultiPoint"",""coordinates"":[]}"
20120103,2012-01-03,0.05328483097706021,"{""type"":""MultiPoint"",""coordinates"":[]}"
20120104,2012-01-04,0.0,"{""type"":""MultiPoint"",""coordinates"":[]}"
20120105,2012-01-05,0.0,"{""type"":""MultiPoint"",""coordinates"":[]}"
20120106,2012-01-06,0.0,"{""type"":""MultiPoint"",""coordinates"":[]}"
20120107,2012-01-07,0.0,"{""type"":""MultiPoint"",""coordinates"":[]}"
20120108,2012-01-08,0.0,"{""type"":""MultiPoint"",""coordinates"":[]}"
20120109,2012-01-09,0.0,"{""type"":""MultiPoint"",""coordinates"":[]}"
20120110,2012-01-10,2.386680336525517,"{""type"":""MultiPoint"",""coordinates"":[]}"
20120111,2012-01-11,1.9377595758934203,"{""type"":""MultiPoint"",""coordinates"":[]}"
20120112,2012-01-12,0.1566736677077689,"{""type"":""MultiPoint"",""coordinates"":[]}"
20120113,2012-01-13,0.0,"{""type"":""MultiPoint"",""coordinates"":[]}"
20120114,2012-01-14,0.0,"{""type"":""MultiPoint"",""coordinates"":[]}"
20120115,2012-01-15,0.0,"{""type"":""MultiPoint"",""coordinates"":[]}"
20120116,2012-01-16,0.0,"{""type"":""MultiPoint"",""coordinates"":[]}"
20120117,2012-01-17,0.0,"{""type"":""MultiPoint"",""coordinates"":[]}"
20120118,2012-01-18,0.0,"{""type"":""MultiPoint"",""coordinates"":[]}"
20120119,2012-01-19,0.0,"{""type"":""MultiPoint"",""coordinates"":[]}"
20120120,2012-01-20,0.0,"{""type"":""MultiPoint"",""coordinates"":[]}"
20120121,2012-01-21,0.0,"{""type"":""MultiPoint"",""coordinates"":[]}"
20120122,2012-01-22,0.0,"{""type"":""MultiPoint"",""coordinates"":[]}"
20120123,2012-01-23,0.0,"{""type"":""MultiPoint"",""coordinates"":[]}"
20120124,2012-01-24,0.0,"{""type"":""MultiPoint"",""coordinates"":[]}"
20120125,2012-01-25,0.0,"{""type"":""MultiPoint"",""coordinates"":[]}"
20120126,2012-01-26,0.0,"{""type"":""MultiPoint"",""coordinates"":[]}"
20120127,2012-01-27,0.0,"{""type"":""MultiPoint"",""coordinates"":[]}"
20120128,2012-01-28,0.0,"{""type"":""MultiPoint"",""coordinates"":[]}"
20120129,2012-01-29,0.0,"{""type"":""MultiPoint"",""coordinates"":[]}"
20120130,2012-01-30,0.4975796930664195,"{""type"":""MultiPoint"",""coordinates"":[]}"
20120131,2012-01-31,0.0,"{""type"":""MultiPoint"",""coordinates"":[]}"
20120201,2012-02-01,0.022313516727346536,"{""type"":""MultiPoint"",""coordinates"":[]}"
20120202,2012-02-02,0.1614310841376541,"{""type"":""MultiPoint"",""coordinates"":[]}"
20120203,2012-02-03,0.0,"{""type"":""MultiPoint"",""coordinates"":[]}"
20120204,2012-02-04,0.06342806931240293,"{""type"":""MultiPoint"",""coordinates"":[]}"
20120205,2012-02-05,0.0,"{""type"":""MultiPoint"",""coordinates"":[]}"
20120206,2012-02-06,0.2610103341653357,"{""type"":""MultiPoint"",""coordinates"":[]}"
20120207,2012-02-07,0.0,"{""type"":""MultiPoint"",""coordinates"":[]}"
20120208,2012-02-08,0.0,"{""type"":""MultiPoint"",""coordinates"":[]}"
20120209,2012-02-09,0.5139783865248999,"{""type"":""MultiPoint"",""coordinates"":[]}"
20120210,2012-02-10,0.7699040472428654,"{""type"":""MultiPoint"",""coordinates"":[]}"
20120211,2012-02-11,0.0,"{""type"":""MultiPoint"",""coordinates"":[]}"
20120212,2012-02-12,0.6535910050689108,"{""type"":""MultiPoint"",""coordinates"":[]}"
20120213,2012-02-13,0.0,"{""type"":""MultiPoint"",""coordinates"":[]}"
20120214,2012-02-14,0.0,"{""type"":""MultiPoint"",""coordinates"":[]}"
20120215,2012-02-15,0.0,"{""type"":""MultiPoint"",""coordinates"":[]}"
20120216,2012-02-16,0.0,"{""type"":""MultiPoint"",""coordinates"":[]}"
20120217,2012-02-17,0.0,"{""type"":""MultiPoint"",""coordinates"":[]}"
20120218,2012-02-18,0.0,"{""type"":""MultiPoint"",""coordinates"":[]}"
20120219,2012-02-19,0.049073669103589325,"{""type"":""MultiPoint"",""coordinates"":[]}"
20120220,2012-02-20,0.0,"{""type"":""MultiPoint"",""coordinates"":[]}"
20120221,2012-02-21,0.5166876768035333,"{""type"":""MultiPoint"",""coordinates"":[]}"
20120222,2012-02-22,0.0,"{""type"":""MultiPoint"",""coordinates"":[]}"
20120223,2012-02-23,0.34301015644350547,"{""type"":""MultiPoint"",""coordinates"":[]}"
20120224,2012-02-24,0.057853235067843345,"{""type"":""MultiPoint"",""coordinates"":[]}"
20120225,2012-02-25,0.0,"{""type"":""MultiPoint"",""coordinates"":[]}"
20120226,2012-02-26,0.0,"{""type"":""MultiPoint"",""coordinates"":[]}"
20120227,2012-02-27,0.0,"{""type"":""MultiPoint"",""coordinates"":[]}"
20120228,2012-02-28,0.0,"{""type"":""MultiPoint"",""coordinates"":[]}"
20120229,2012-02-29,0.0,"{""type"":""MultiPoint"",""coordinates"":[]}"
20120301,2012-03-01,0.0,"{""type"":""MultiPoint"",""coordinates"":[]}"
20120302,2012-03-02,0.0,"{""type"":""MultiPoint"",""coordinates"":[]}"
20120303,2012-03-03,0.0,"{""type"":""MultiPoint"",""coordinates"":[]}"
20120304,2012-03-04,0.0,"{""type"":""MultiPoint"",""coordinates"":[]}"
20120305,2012-03-05,0.0,"{""type"":""MultiPoint"",""coordinates"":[]}"
20120306,2012-03-06,0.0,"{""type"":""MultiPoint"",""coordinates"":[]}"
20120307,2012-03-07,0.0,"{""type"":""MultiPoint"",""coordinates"":[]}"
20120308,2012-03-08,0.0,"{""type"":""MultiPoint"",""coordinates"":[]}"
20120309,2012-03-09,0.0,"{""type"":""MultiPoint"",""coordinates"":[]}"
20120310,2012-03-10,0.0,"{""type"":""MultiPoint"",""coordinates"":[]}"
20120311,2012-03-11,0.0,"{""type"":""MultiPoint"",""coordinates"":[]}"
20120312,2012-03-12,0.26716130469389754,"{""type"":""MultiPoint"",""coordinates"":[]}"
20120313,2012-03-13,0.6554636622376998,"{""type"":""MultiPoint"",""coordinates"":[]}"
20120314,2012-03-14,0.009483827734595768,"{""type"":""MultiPoint"",""coordinates"":[]}"
20120315,2012-03-15,1.3468589829590332,"{""type"":""MultiPoint"",""coordinates"":[]}"
20120316,2012-03-16,0.13472185840463546,"{""type"":""MultiPoint"",""coordinates"":[]}"
20120317,2012-03-17,0.0,"{""type"":""MultiPoint"",""coordinates"":[]}"
20120318,2012-03-18,0.0,"{""type"":""MultiPoint"",""coordinates"":[]}"
20120319,2012-03-19,0.0,"{""type"":""MultiPoint"",""coordinates"":[]}"
20120320,2012-03-20,0.0,"{""type"":""MultiPoint"",""coordinates"":[]}"
20120321,2012-03-21,0.0,"{""type"":""MultiPoint"",""coordinates"":[]}"
20120322,2012-03-22,0.0,"{""type"":""MultiPoint"",""coordinates"":[]}"
20120323,2012-03-23,0.0,"{""type"":""MultiPoint"",""coordinates"":[]}"
20120324,2012-03-24,0.0,"{""type"":""MultiPoint"",""coordinates"":[]}"
20120325,2012-03-25,0.0,"{""type"":""MultiPoint"",""coordinates"":[]}"
20120326,2012-03-26,0.0,"{""type"":""MultiPoint"",""coordinates"":[]}"
20120327,2012-03-27,0.0,"{""type"":""MultiPoint"",""coordinates"":[]}"
20120328,2012-03-28,0.0,"{""type"":""MultiPoint"",""coordinates"":[]}"
20120329,2012-03-29,0.0,"{""type"":""MultiPoint"",""coordinates"":[]}"
20120330,2012-03-30,0.0,"{""type"":""MultiPoint"",""coordinates"":[]}"
20120331,2012-03-31,0.1341089003433295,"{""type"":""MultiPoint"",""coordinates"":[]}"
20120401,2012-04-01,0.11623710341683101,"{""type"":""MultiPoint"",""coordinates"":[]}"
20120402,2012-04-02,0.2099634841340339,"{""type"":""MultiPoint"",""coordinates"":[]}"
20120403,2012-04-03,0.0,"{""type"":""MultiPoint"",""coordinates"":[]}"
20120404,2012-04-04,1.9981913734003678,"{""type"":""MultiPoint"",""coordinates"":[]}"
20120405,2012-04-05,0.08860870012936095,"{""type"":""MultiPoint"",""coordinates"":[]}"
20120406,2012-04-06,0.005182824044386411,"{""type"":""MultiPoint"",""coordinates"":[]}"
20120407,2012-04-07,0.03639473130697771,"{""type"":""MultiPoint"",""coordinates"":[]}"
20120408,2012-04-08,0.9948013278006481,"{""type"":""MultiPoint"",""coordinates"":[]}"
20120409,2012-04-09,1.6898194879412352,"{""type"":""MultiPoint"",""coordinates"":[]}"
20120410,2012-04-10,0.679081780692826,"{""type"":""MultiPoint"",""coordinates"":[]}"
20120411,2012-04-11,0.38487084994866533,"{""type"":""MultiPoint"",""coordinates"":[]}"
20120412,2012-04-12,2.6644232084181017,"{""type"":""MultiPoint"",""coordinates"":[]}"
20120413,2012-04-13,2.931942349187667,"{""type"":""MultiPoint"",""coordinates"":[]}"
20120414,2012-04-14,1.1696225166768803,"{""type"":""MultiPoint"",""coordinates"":[]}"
20120415,2012-04-15,0.0,"{""type"":""MultiPoint"",""coordinates"":[]}"
20120416,2012-04-16,0.09341073954128241,"{""type"":""MultiPoint"",""coordinates"":[]}"
20120417,2012-04-17,0.033844006421790994,"{""type"":""MultiPoint"",""coordinates"":[]}"
20120418,2012-04-18,0.4930273843357064,"{""type"":""MultiPoint"",""coordinates"":[]}"
20120419,2012-04-19,0.0,"{""type"":""MultiPoint"",""coordinates"":[]}"
20120420,2012-04-20,1.9160981922947624,"{""type"":""MultiPoint"",""coordinates"":[]}"
20120421,2012-04-21,0.0034010741524579807,"{""type"":""MultiPoint"",""coordinates"":[]}"
20120422,2012-04-22,0.5473899068454348,"{""type"":""MultiPoint"",""coordinates"":[]}"
20120423,2012-04-23,0.0,"{""type"":""MultiPoint"",""coordinates"":[]}"
20120424,2012-04-24,0.08008327109757622,"{""type"":""MultiPoint"",""coordinates"":[]}"
20120425,2012-04-25,0.0,"{""type"":""MultiPoint"",""coordinates"":[]}"
20120426,2012-04-26,1.8343552436550936,"{""type"":""MultiPoint"",""coordinates"":[]}"
20120427,2012-04-27,0.4163968286595948,"{""type"":""MultiPoint"",""coordinates"":[]}"
20120428,2012-04-28,1.3517505367878098,"{""type"":""MultiPoint"",""coordinates"":[]}"
20120429,2012-04-29,5.017165709702987,"{""type"":""MultiPoint"",""coordinates"":[]}"
20120430,2012-04-30,0.5630554901443158,"{""type"":""MultiPoint"",""coordinates"":[]}"
20120501,2012-05-01,0.04067251833313036,"{""type"":""MultiPoint"",""coordinates"":[]}"
20120502,2012-05-02,0.28752340900803136,"{""type"":""MultiPoint"",""coordinates"":[]}"
20120503,2012-05-03,6.950714137845359,"{""type"":""MultiPoint"",""coordinates"":[]}"
20120504,2012-05-04,0.6667356641056252,"{""type"":""MultiPoint"",""coordinates"":[]}"
20120505,2012-05-05,5.678716672152881,"{""type"":""MultiPoint"",""coordinates"":[]}"
20120506,2012-05-06,2.8164549092973297,"{""type"":""MultiPoint"",""coordinates"":[]}"
20120507,2012-05-07,0.003575712410210593,"{""type"":""MultiPoint"",""coordinates"":[]}"
20120508,2012-05-08,0.6414675324036582,"{""type"":""MultiPoint"",""coordinates"":[]}"
20120509,2012-05-09,0.004498851241742558,"{""type"":""MultiPoint"",""coordinates"":[]}"
20120510,2012-05-10,7.251840626810621,"{""type"":""MultiPoint"",""coordinates"":[]}"
20120511,2012-05-11,0.0,"{""type"":""MultiPoint"",""coordinates"":[]}"
20120512,2012-05-12,2.434833425689784,"{""type"":""MultiPoint"",""coordinates"":[]}"
20120513,2012-05-13,0.6661169302466426,"{""type"":""MultiPoint"",""coordinates"":[]}"
20120514,2012-05-14,0.052227694127623216,"{""type"":""MultiPoint"",""coordinates"":[]}"
20120515,2012-05-15,3.128345381512301,"{""type"":""MultiPoint"",""coordinates"":[]}"
20120516,2012-05-16,0.0,"{""type"":""MultiPoint"",""coordinates"":[]}"
20120517,2012-05-17,0.06423970257966084,"{""type"":""MultiPoint"",""coordinates"":[]}"
20120518,2012-05-18,0.0,"{""type"":""MultiPoint"",""coordinates"":[]}"
20120519,2012-05-19,2.754939864614522,"{""type"":""MultiPoint"",""coordinates"":[]}"
20120520,2012-05-20,0.0,"{""type"":""MultiPoint"",""coordinates"":[]}"
20120521,2012-05-21,0.008416414647114024,"{""type"":""MultiPoint"",""coordinates"":[]}"
20120522,2012-05-22,0.0,"{""type"":""MultiPoint"",""coordinates"":[]}"
20120523,2012-05-23,0.007268444951408961,"{""type"":""MultiPoint"",""coordinates"":[]}"
20120524,2012-05-24,0.0,"{""type"":""MultiPoint"",""coordinates"":[]}"
20120525,2012-05-25,0.0733245255985528,"{""type"":""MultiPoint"",""coordinates"":[]}"
20120526,2012-05-26,0.2734387854470989,"{""type"":""MultiPoint"",""coordinates"":[]}"
20120527,2012-05-27,0.0,"{""type"":""MultiPoint"",""coordinates"":[]}"
20120528,2012-05-28,0.6188687494846936,"{""type"":""MultiPoint"",""coordinates"":[]}"
20120529,2012-05-29,0.2971265155045846,"{""type"":""MultiPoint"",""coordinates"":[]}"
20120530,2012-05-30,0.0,"{""type"":""MultiPoint"",""coordinates"":[]}"
20120531,2012-05-31,0.0,"{""type"":""MultiPoint"",""coordinates"":[]}"
20120601,2012-06-01,0.0,"{""type"":""MultiPoint"",""coordinates"":[]}"
20120602,2012-06-02,0.0,"{""type"":""MultiPoint"",""coordinates"":[]}"
20120603,2012-06-03,0.0,"{""type"":""MultiPoint"",""coordinates"":[]}"
20120604,2012-06-04,0.0,"{""type"":""MultiPoint"",""coordinates"":[]}"
20120605,2012-06-05,0.0,"{""type"":""MultiPoint"",""coordinates"":[]}"
20120606,2012-06-06,0.05880992831240865,"{""type"":""MultiPoint"",""coordinates"":[]}"
20120607,2012-06-07,0.0,"{""type"":""MultiPoint"",""coordinates"":[]}"
20120608,2012-06-08,9.986453315354021,"{""type"":""MultiPoint"",""coordinates"":[]}"
20120609,2012-06-09,6.104479801912582,"{""type"":""MultiPoint"",""coordinates"":[]}"
20120610,2012-06-10,3.038837099890385,"{""type"":""MultiPoint"",""coordinates"":[]}"
20120611,2012-06-11,2.532398753538365,"{""type"":""MultiPoint"",""coordinates"":[]}"
20120612,2012-06-12,9.757917786420194,"{""type"":""MultiPoint"",""coordinates"":[]}"
20120613,2012-06-13,0.13117422524216177,"{""type"":""MultiPoint"",""coordinates"":[]}"
20120614,2012-06-14,0.055799843995975644,"{""type"":""MultiPoint"",""coordinates"":[]}"
20120615,2012-06-15,1.161938958566472,"{""type"":""MultiPoint"",""coordinates"":[]}"
20120616,2012-06-16,13.965752182652917,"{""type"":""MultiPoint"",""coordinates"":[]}"
20120617,2012-06-17,13.978930731142782,"{""type"":""MultiPoint"",""coordinates"":[]}"
20120618,2012-06-18,3.4045265441114907,"{""type"":""MultiPoint"",""coordinates"":[]}"
20120619,2012-06-19,1.1686389875784051,"{""type"":""MultiPoint"",""coordinates"":[]}"
20120620,2012-06-20,5.610847644321498,"{""type"":""MultiPoint"",""coordinates"":[]}"
20120621,2012-06-21,19.311326705381294,"{""type"":""MultiPoint"",""coordinates"":[]}"
20120622,2012-06-22,0.0232067394793663,"{""type"":""MultiPoint"",""coordinates"":[]}"
20120623,2012-06-23,2.098225091050696,"{""type"":""MultiPoint"",""coordinates"":[]}"
20120624,2012-06-24,2.9162213254020637,"{""type"":""MultiPoint"",""coordinates"":[]}"
20120625,2012-06-25,5.447069217115638,"{""type"":""MultiPoint"",""coordinates"":[]}"
20120626,2012-06-26,19.29586920511936,"{""type"":""MultiPoint"",""coordinates"":[]}"
20120627,2012-06-27,0.19489214836469887,"{""type"":""MultiPoint"",""coordinates"":[]}"
20120628,2012-06-28,1.1968656650400193,"{""type"":""MultiPoint"",""coordinates"":[]}"
20120629,2012-06-29,4.895787384966765,"{""type"":""MultiPoint"",""coordinates"":[]}"
20120630,2012-06-30,11.605941717592458,"{""type"":""MultiPoint"",""coordinates"":[]}"
20120701,2012-07-01,17.375137150606886,"{""type"":""MultiPoint"",""coordinates"":[]}"
20120702,2012-07-02,20.05517046192336,"{""type"":""MultiPoint"",""coordinates"":[]}"
20120703,2012-07-03,1.9830503752854394,"{""type"":""MultiPoint"",""coordinates"":[]}"
20120704,2012-07-04,0.0,"{""type"":""MultiPoint"",""coordinates"":[]}"
20120705,2012-07-05,0.0,"{""type"":""MultiPoint"",""coordinates"":[]}"
20120706,2012-07-06,17.16121587704635,"{""type"":""MultiPoint"",""coordinates"":[]}"
20120707,2012-07-07,1.5485808127284144,"{""type"":""MultiPoint"",""coordinates"":[]}"
20120708,2012-07-08,2.558450745959246,"{""type"":""MultiPoint"",""coordinates"":[]}"
20120709,2012-07-09,19.841069809531636,"{""type"":""MultiPoint"",""coordinates"":[]}"
20120710,2012-07-10,4.424276198159263,"{""type"":""MultiPoint"",""coordinates"":[]}"
20120711,2012-07-11,1.4806106604967284,"{""type"":""MultiPoint"",""coordinates"":[]}"
20120712,2012-07-12,3.0506037445695195,"{""type"":""MultiPoint"",""coordinates"":[]}"
20120713,2012-07-13,9.644816436783136,"{""type"":""MultiPoint"",""coordinates"":[]}"
20120714,2012-07-14,1.6573165482637493,"{""type"":""MultiPoint"",""coordinates"":[]}"
20120715,2012-07-15,2.3288240373514304,"{""type"":""MultiPoint"",""coordinates"":[]}"
20120716,2012-07-16,2.295109501566912,"{""type"":""MultiPoint"",""coordinates"":[]}"
20120717,2012-07-17,1.4192142727728756,"{""type"":""MultiPoint"",""coordinates"":[]}"
20120718,2012-07-18,12.037621007899158,"{""type"":""MultiPoint"",""coordinates"":[]}"
20120719,2012-07-19,23.975143983172888,"{""type"":""MultiPoint"",""coordinates"":[]}"
20120720,2012-07-20,19.89249074381565,"{""type"":""MultiPoint"",""coordinates"":[]}"
20120721,2012-07-21,9.964154627580179,"{""type"":""MultiPoint"",""coordinates"":[]}"
20120722,2012-07-22,4.100089672519921,"{""type"":""MultiPoint"",""coordinates"":[]}"
20120723,2012-07-23,6.1554689831750435,"{""type"":""MultiPoint"",""coordinates"":[]}"
20120724,2012-07-24,22.255105184823993,"{""type"":""MultiPoint"",""coordinates"":[]}"
20120725,2012-07-25,30.298057448822217,"{""type"":""MultiPoint"",""coordinates"":[]}"
20120726,2012-07-26,17.296223417757083,"{""type"":""MultiPoint"",""coordinates"":[]}"
20120727,2012-07-27,0.45913161743036446,"{""type"":""MultiPoint"",""coordinates"":[]}"
20120728,2012-07-28,18.936482376653867,"{""type"":""MultiPoint"",""coordinates"":[]}"
20120729,2012-07-29,19.986432617627003,"{""type"":""MultiPoint"",""coordinates"":[]}"
20120730,2012-07-30,11.218962270531584,"{""type"":""MultiPoint"",""coordinates"":[]}"
20120731,2012-07-31,11.041123276445889,"{""type"":""MultiPoint"",""coordinates"":[]}"
20120801,2012-08-01,0.0,"{""type"":""MultiPoint"",""coordinates"":[]}"
20120802,2012-08-02,9.108917982830688,"{""type"":""MultiPoint"",""coordinates"":[]}"
20120803,2012-08-03,16.2390365109103,"{""type"":""MultiPoint"",""coordinates"":[]}"
20120804,2012-08-04,11.209037774989001,"{""type"":""MultiPoint"",""coordinates"":[]}"
20120805,2012-08-05,31.843497633300803,"{""type"":""MultiPoint"",""coordinates"":[]}"
20120806,2012-08-06,8.67359049499578,"{""type"":""MultiPoint"",""coordinates"":[]}"
20120807,2012-08-07,2.0620030075198037,"{""type"":""MultiPoint"",""coordinates"":[]}"
20120808,2012-08-08,15.090109519849827,"{""type"":""MultiPoint"",""coordinates"":[]}"
20120809,2012-08-09,15.425819525275898,"{""type"":""MultiPoint"",""coordinates"":[]}"
20120810,2012-08-10,17.21991158388321,"{""type"":""MultiPoint"",""coordinates"":[]}"
20120811,2012-08-11,15.407180593801446,"{""type"":""MultiPoint"",""coordinates"":[]}"
20120812,2012-08-12,0.7674879401258116,"{""type"":""MultiPoint"",""coordinates"":[]}"
20120813,2012-08-13,9.520767888182226,"{""type"":""MultiPoint"",""coordinates"":[]}"
20120814,2012-08-14,21.24666588142311,"{""type"":""MultiPoint"",""coordinates"":[]}"
20120815,2012-08-15,11.423294266146419,"{""type"":""MultiPoint"",""coordinates"":[]}"
20120816,2012-08-16,3.708610455137304,"{""type"":""MultiPoint"",""coordinates"":[]}"
20120817,2012-08-17,4.162654148517825,"{""type"":""MultiPoint"",""coordinates"":[]}"
20120818,2012-08-18,40.88219651635365,"{""type"":""MultiPoint"",""coordinates"":[]}"
20120819,2012-08-19,0.0022963181552863006,"{""type"":""MultiPoint"",""coordinates"":[]}"
20120820,2012-08-20,6.788396795251769,"{""type"":""MultiPoint"",""coordinates"":[]}"
20120821,2012-08-21,18.951556144648496,"{""type"":""MultiPoint"",""coordinates"":[]}"
20120822,2012-08-22,4.549948331548733,"{""type"":""MultiPoint"",""coordinates"":[]}"
20120823,2012-08-23,6.361105245742905,"{""type"":""MultiPoint"",""coordinates"":[]}"
20120824,2012-08-24,11.323632570115931,"{""type"":""MultiPoint"",""coordinates"":[]}"
20120825,2012-08-25,15.63107808218685,"{""type"":""MultiPoint"",""coordinates"":[]}"
20120826,2012-08-26,17.31486772741529,"{""type"":""MultiPoint"",""coordinates"":[]}"
20120827,2012-08-27,1.1795852015764636,"{""type"":""MultiPoint"",""coordinates"":[]}"
20120828,2012-08-28,3.668706285033618,"{""type"":""MultiPoint"",""coordinates"":[]}"
20120829,2012-08-29,35.98072362867325,"{""type"":""MultiPoint"",""coordinates"":[]}"
20120830,2012-08-30,41.773834675409226,"{""type"":""MultiPoint"",""coordinates"":[]}"
20120831,2012-08-31,30.520787807387368,"{""type"":""MultiPoint"",""coordinates"":[]}"
20120901,2012-09-01,2.823667495119167,"{""type"":""MultiPoint"",""coordinates"":[]}"
20120902,2012-09-02,22.26258879761639,"{""type"":""MultiPoint"",""coordinates"":[]}"
20120903,2012-09-03,10.181224718679085,"{""type"":""MultiPoint"",""coordinates"":[]}"
20120904,2012-09-04,18.61195816373403,"{""type"":""MultiPoint"",""coordinates"":[]}"
20120905,2012-09-05,0.036289717648757644,"{""type"":""MultiPoint"",""coordinates"":[]}"
20120906,2012-09-06,14.04445528555254,"{""type"":""MultiPoint"",""coordinates"":[]}"
20120907,2012-09-07,9.055983878030183,"{""type"":""MultiPoint"",""coordinates"":[]}"
20120908,2012-09-08,28.6579541216744,"{""type"":""MultiPoint"",""coordinates"":[]}"
20120909,2012-09-09,16.080323099514604,"{""type"":""MultiPoint"",""coordinates"":[]}"
20120910,2012-09-10,5.209289740485064,"{""type"":""MultiPoint"",""coordinates"":[]}"
20120911,2012-09-11,25.805797870716887,"{""type"":""MultiPoint"",""coordinates"":[]}"
20120912,2012-09-12,13.432432752094494,"{""type"":""MultiPoint"",""coordinates"":[]}"
20120913,2012-09-13,4.236965882473111,"{""type"":""MultiPoint"",""coordinates"":[]}"
20120914,2012-09-14,6.7996913815940445,"{""type"":""MultiPoint"",""coordinates"":[]}"
20120915,2012-09-15,8.757955691542685,"{""type"":""MultiPoint"",""coordinates"":[]}"
20120916,2012-09-16,11.259748285307417,"{""type"":""MultiPoint"",""coordinates"":[]}"
20120917,2012-09-17,3.880305087341197,"{""type"":""MultiPoint"",""coordinates"":[]}"
20120918,2012-09-18,5.919882641711707,"{""type"":""MultiPoint"",""coordinates"":[]}"
20120919,2012-09-19,5.510156009066333,"{""type"":""MultiPoint"",""coordinates"":[]}"
20120920,2012-09-20,11.718186013680556,"{""type"":""MultiPoint"",""coordinates"":[]}"
20120921,2012-09-21,9.990966016600563,"{""type"":""MultiPoint"",""coordinates"":[]}"
20120922,2012-09-22,10.400170697416314,"{""type"":""MultiPoint"",""coordinates"":[]}"
20120923,2012-09-23,2.373545973760598,"{""type"":""MultiPoint"",""coordinates"":[]}"
20120924,2012-09-24,3.898135718266376,"{""type"":""MultiPoint"",""coordinates"":[]}"
20120925,2012-09-25,3.4025997569797557,"{""type"":""MultiPoint"",""coordinates"":[]}"
20120926,2012-09-26,2.3804636164022033,"{""type"":""MultiPoint"",""coordinates"":[]}"
20120927,2012-09-27,1.8604464521853505,"{""type"":""MultiPoint"",""coordinates"":[]}"
20120928,2012-09-28,18.914979441680032,"{""type"":""MultiPoint"",""coordinates"":[]}"
20120929,2012-09-29,11.35423960345516,"{""type"":""MultiPoint"",""coordinates"":[]}"
20120930,2012-09-30,24.03216146966124,"{""type"":""MultiPoint"",""coordinates"":[]}"
20121001,2012-10-01,14.340916070301404,"{""type"":""MultiPoint"",""coordinates"":[]}"
20121002,2012-10-02,22.717852750914755,"{""type"":""MultiPoint"",""coordinates"":[]}"
20121003,2012-10-03,33.589319968140025,"{""type"":""MultiPoint"",""coordinates"":[]}"
20121004,2012-10-04,22.559619973583406,"{""type"":""MultiPoint"",""coordinates"":[]}"
20121005,2012-10-05,9.85336939038724,"{""type"":""MultiPoint"",""coordinates"":[]}"
20121006,2012-10-06,0.0,"{""type"":""MultiPoint"",""coordinates"":[]}"
20121007,2012-10-07,0.0,"{""type"":""MultiPoint"",""coordinates"":[]}"
20121008,2012-10-08,0.0,"{""type"":""MultiPoint"",""coordinates"":[]}"
20121009,2012-10-09,0.0,"{""type"":""MultiPoint"",""coordinates"":[]}"
20121010,2012-10-10,1.0804096453280871,"{""type"":""MultiPoint"",""coordinates"":[]}"
20121011,2012-10-11,5.681684440190579,"{""type"":""MultiPoint"",""coordinates"":[]}"
20121012,2012-10-12,3.151891921954378,"{""type"":""MultiPoint"",""coordinates"":[]}"
20121013,2012-10-13,0.00806790719955819,"{""type"":""MultiPoint"",""coordinates"":[]}"
20121014,2012-10-14,1.533690220011285,"{""type"":""MultiPoint"",""coordinates"":[]}"
20121015,2012-10-15,1.4757067905306025,"{""type"":""MultiPoint"",""coordinates"":[]}"
20121016,2012-10-16,0.0,"{""type"":""MultiPoint"",""coordinates"":[]}"
20121017,2012-10-17,0.0,"{""type"":""MultiPoint"",""coordinates"":[]}"
20121018,2012-10-18,0.007512782999962041,"{""type"":""MultiPoint"",""coordinates"":[]}"
20121019,2012-10-19,4.070836407354373,"{""type"":""MultiPoint"",""coordinates"":[]}"
20121020,2012-10-20,14.783833226931836,"{""type"":""MultiPoint"",""coordinates"":[]}"
20121021,2012-10-21,3.3161968989504054,"{""type"":""MultiPoint"",""coordinates"":[]}"
20121022,2012-10-22,0.002416945911625159,"{""type"":""MultiPoint"",""coordinates"":[]}"
20121023,2012-10-23,0.2018721606686274,"{""type"":""MultiPoint"",""coordinates"":[]}"
20121024,2012-10-24,0.009237364463639675,"{""type"":""MultiPoint"",""coordinates"":[]}"
20121025,2012-10-25,0.0,"{""type"":""MultiPoint"",""coordinates"":[]}"
20121026,2012-10-26,0.0,"{""type"":""MultiPoint"",""coordinates"":[]}"
20121027,2012-10-27,0.0,"{""type"":""MultiPoint"",""coordinates"":[]}"
20121028,2012-10-28,0.0,"{""type"":""MultiPoint"",""coordinates"":[]}"
20121029,2012-10-29,1.1016991756142571,"{""type"":""MultiPoint"",""coordinates"":[]}"
20121030,2012-10-30,0.1496607772668487,"{""type"":""MultiPoint"",""coordinates"":[]}"
20121031,2012-10-31,43.98466021180793,"{""type"":""MultiPoint"",""coordinates"":[]}"
20121101,2012-11-01,32.17446712738239,"{""type"":""MultiPoint"",""coordinates"":[]}"
20121102,2012-11-02,20.526455526116084,"{""type"":""MultiPoint"",""coordinates"":[]}"
20121103,2012-11-03,41.510094421483615,"{""type"":""MultiPoint"",""coordinates"":[]}"
20121104,2012-11-04,21.682281666907276,"{""type"":""MultiPoint"",""coordinates"":[]}"
20121105,2012-11-05,10.80250137022372,"{""type"":""MultiPoint"",""coordinates"":[]}"
20121106,2012-11-06,4.870930894111328,"{""type"":""MultiPoint"",""coordinates"":[]}"
20121107,2012-11-07,0.0,"{""type"":""MultiPoint"",""coordinates"":[]}"
20121108,2012-11-08,0.0,"{""type"":""MultiPoint"",""coordinates"":[]}"
20121109,2012-11-09,0.0,"{""type"":""MultiPoint"",""coordinates"":[]}"
20121110,2012-11-10,0.0,"{""type"":""MultiPoint"",""coordinates"":[]}"
20121111,2012-11-11,0.0,"{""type"":""MultiPoint"",""coordinates"":[]}"
20121112,2012-11-12,0.0,"{""type"":""MultiPoint"",""coordinates"":[]}"
20121113,2012-11-13,0.0,"{""type"":""MultiPoint"",""coordinates"":[]}"
20121114,2012-11-14,0.0,"{""type"":""MultiPoint"",""coordinates"":[]}"
20121115,2012-11-15,0.0,"{""type"":""MultiPoint"",""coordinates"":[]}"
20121116,2012-11-16,0.0,"{""type"":""MultiPoint"",""coordinates"":[]}"
20121117,2012-11-17,0.0,"{""type"":""MultiPoint"",""coordinates"":[]}"
20121118,2012-11-18,0.0,"{""type"":""MultiPoint"",""coordinates"":[]}"
20121119,2012-11-19,0.0,"{""type"":""MultiPoint"",""coordinates"":[]}"
20121120,2012-11-20,0.0,"{""type"":""MultiPoint"",""coordinates"":[]}"
20121121,2012-11-21,10.768014788795794,"{""type"":""MultiPoint"",""coordinates"":[]}"
20121122,2012-11-22,2.3785309032058652,"{""type"":""MultiPoint"",""coordinates"":[]}"
20121123,2012-11-23,0.018434518053968403,"{""type"":""MultiPoint"",""coordinates"":[]}"
20121124,2012-11-24,0.0,"{""type"":""MultiPoint"",""coordinates"":[]}"
20121125,2012-11-25,0.0,"{""type"":""MultiPoint"",""coordinates"":[]}"
20121126,2012-11-26,0.0,"{""type"":""MultiPoint"",""coordinates"":[]}"
20121127,2012-11-27,0.0,"{""type"":""MultiPoint"",""coordinates"":[]}"
20121128,2012-11-28,0.0,"{""type"":""MultiPoint"",""coordinates"":[]}"
20121129,2012-11-29,0.0,"{""type"":""MultiPoint"",""coordinates"":[]}"
20121130,2012-11-30,0.0,"{""type"":""MultiPoint"",""coordinates"":[]}"
20121201,2012-12-01,0.015196802813500903,"{""type"":""MultiPoint"",""coordinates"":[]}"
20121202,2012-12-02,0.06387240188968762,"{""type"":""MultiPoint"",""coordinates"":[]}"
20121203,2012-12-03,0.03158145279415479,"{""type"":""MultiPoint"",""coordinates"":[]}"
20121204,2012-12-04,0.11951348696334856,"{""type"":""MultiPoint"",""coordinates"":[]}"
20121205,2012-12-05,0.0,"{""type"":""MultiPoint"",""coordinates"":[]}"
20121206,2012-12-06,0.0,"{""type"":""MultiPoint"",""coordinates"":[]}"
20121207,2012-12-07,0.0,"{""type"":""MultiPoint"",""coordinates"":[]}"
20121208,2012-12-08,0.0,"{""type"":""MultiPoint"",""coordinates"":[]}"
20121209,2012-12-09,0.0,"{""type"":""MultiPoint"",""coordinates"":[]}"
20121210,2012-12-10,0.0,"{""type"":""MultiPoint"",""coordinates"":[]}"
20121211,2012-12-11,0.0,"{""type"":""MultiPoint"",""coordinates"":[]}"
20121212,2012-12-12,0.0,"{""type"":""MultiPoint"",""coordinates"":[]}"
20121213,2012-12-13,0.0,"{""type"":""MultiPoint"",""coordinates"":[]}"
20121214,2012-12-14,0.0,"{""type"":""MultiPoint"",""coordinates"":[]}"
20121215,2012-12-15,0.0,"{""type"":""MultiPoint"",""coordinates"":[]}"
20121216,2012-12-16,0.0,"{""type"":""MultiPoint"",""coordinates"":[]}"
20121217,2012-12-17,0.0,"{""type"":""MultiPoint"",""coordinates"":[]}"
20121218,2012-12-18,0.003011152226087918,"{""type"":""MultiPoint"",""coordinates"":[]}"
20121219,2012-12-19,0.0,"{""type"":""MultiPoint"",""coordinates"":[]}"
20121220,2012-12-20,0.0,"{""type"":""MultiPoint"",""coordinates"":[]}"
20121221,2012-12-21,0.0,"{""type"":""MultiPoint"",""coordinates"":[]}"
20121222,2012-12-22,0.0,"{""type"":""MultiPoint"",""coordinates"":[]}"
20121223,2012-12-23,0.0,"{""type"":""MultiPoint"",""coordinates"":[]}"
20121224,2012-12-24,0.0,"{""type"":""MultiPoint"",""coordinates"":[]}"
20121225,2012-12-25,0.0,"{""type"":""MultiPoint"",""coordinates"":[]}"
20121226,2012-12-26,0.0,"{""type"":""MultiPoint"",""coordinates"":[]}"
20121227,2012-12-27,0.0,"{""type"":""MultiPoint"",""coordinates"":[]}"
20121228,2012-12-28,0.20296844152223,"{""type"":""MultiPoint"",""coordinates"":[]}"
20121229,2012-12-29,0.07889979829440115,"{""type"":""MultiPoint"",""coordinates"":[]}"
20121230,2012-12-30,0.20621829663089408,"{""type"":""MultiPoint"",""coordinates"":[]}"
20121231,2012-12-31,0.1447787798979564,"{""type"":""MultiPoint"",""coordinates"":[]}"
20130101,2013-01-01,0.0,"{""type"":""MultiPoint"",""coordinates"":[]}"
20130102,2013-01-02,0.0,"{""type"":""MultiPoint"",""coordinates"":[]}"
20130103,2013-01-03,0.0,"{""type"":""MultiPoint"",""coordinates"":[]}"
20130104,2013-01-04,0.0,"{""type"":""MultiPoint"",""coordinates"":[]}"
20130105,2013-01-05,0.7155814670649855,"{""type"":""MultiPoint"",""coordinates"":[]}"
20130106,2013-01-06,0.0,"{""type"":""MultiPoint"",""coordinates"":[]}"
20130107,2013-01-07,0.0,"{""type"":""MultiPoint"",""coordinates"":[]}"
20130108,2013-01-08,0.0,"{""type"":""MultiPoint"",""coordinates"":[]}"
20130109,2013-01-09,0.016480999389259482,"{""type"":""MultiPoint"",""coordinates"":[]}"
20130110,2013-01-10,0.0,"{""type"":""MultiPoint"",""coordinates"":[]}"
20130111,2013-01-11,0.0,"{""type"":""MultiPoint"",""coordinates"":[]}"
20130112,2013-01-12,0.0,"{""type"":""MultiPoint"",""coordinates"":[]}"
20130113,2013-01-13,0.05096151383974306,"{""type"":""MultiPoint"",""coordinates"":[]}"
20130114,2013-01-14,0.0,"{""type"":""MultiPoint"",""coordinates"":[]}"
20130115,2013-01-15,0.0,"{""type"":""MultiPoint"",""coordinates"":[]}"
20130116,2013-01-16,0.0,"{""type"":""MultiPoint"",""coordinates"":[]}"
20130117,2013-01-17,0.0,"{""type"":""MultiPoint"",""coordinates"":[]}"
20130118,2013-01-18,0.0,"{""type"":""MultiPoint"",""coordinates"":[]}"
20130119,2013-01-19,0.2960421059074291,"{""type"":""MultiPoint"",""coordinates"":[]}"
20130120,2013-01-20,0.0,"{""type"":""MultiPoint"",""coordinates"":[]}"
20130121,2013-01-21,0.0,"{""type"":""MultiPoint"",""coordinates"":[]}"
20130122,2013-01-22,0.012692197576950512,"{""type"":""MultiPoint"",""coordinates"":[]}"
20130123,2013-01-23,0.03369115319597065,"{""type"":""MultiPoint"",""coordinates"":[]}"
20130124,2013-01-24,0.019701702419131686,"{""type"":""MultiPoint"",""coordinates"":[]}"
20130125,2013-01-25,0.048176883297996145,"{""type"":""MultiPoint"",""coordinates"":[]}"
20130126,2013-01-26,0.0,"{""type"":""MultiPoint"",""coordinates"":[]}"
20130127,2013-01-27,0.0,"{""type"":""MultiPoint"",""coordinates"":[]}"
20130128,2013-01-28,0.2428382841720789,"{""type"":""MultiPoint"",""coordinates"":[]}"
20130129,2013-01-29,0.0,"{""type"":""MultiPoint"",""coordinates"":[]}"
20130130,2013-01-30,0.0,"{""type"":""MultiPoint"",""coordinates"":[]}"
20130131,2013-01-31,0.0,"{""type"":""MultiPoint"",""coordinates"":[]}"
20130201,2013-02-01,0.0,"{""type"":""MultiPoint"",""coordinates"":[]}"
20130202,2013-02-02,0.0,"{""type"":""MultiPoint"",""coordinates"":[]}"
20130203,2013-02-03,0.0,"{""type"":""MultiPoint"",""coordinates"":[]}"
20130204,2013-02-04,0.08294995746943834,"{""type"":""MultiPoint"",""coordinates"":[]}"
20130205,2013-02-05,0.05258242374095109,"{""type"":""MultiPoint"",""coordinates"":[]}"
20130206,2013-02-06,0.0,"{""type"":""MultiPoint"",""coordinates"":[]}"
20130207,2013-02-07,0.0,"{""type"":""MultiPoint"",""coordinates"":[]}"
20130208,2013-02-08,0.0,"{""type"":""MultiPoint"",""coordinates"":[]}"
20130209,2013-02-09,0.0,"{""type"":""MultiPoint"",""coordinates"":[]}"
20130210,2013-02-10,0.09882647133443191,"{""type"":""MultiPoint"",""coordinates"":[]}"
20130211,2013-02-11,0.24822337611277748,"{""type"":""MultiPoint"",""coordinates"":[]}"
20130212,2013-02-12,0.0,"{""type"":""MultiPoint"",""coordinates"":[]}"
20130213,2013-02-13,0.00624661269676967,"{""type"":""MultiPoint"",""coordinates"":[]}"
20130214,2013-02-14,0.0,"{""type"":""MultiPoint"",""coordinates"":[]}"
20130215,2013-02-15,0.009247709233428348,"{""type"":""MultiPoint"",""coordinates"":[]}"
20130216,2013-02-16,1.4777421271914768,"{""type"":""MultiPoint"",""coordinates"":[]}"
20130217,2013-02-17,7.845745358684346,"{""type"":""MultiPoint"",""coordinates"":[]}"
20130218,2013-02-18,0.0,"{""type"":""MultiPoint"",""coordinates"":[]}"
20130219,2013-02-19,0.0,"{""type"":""MultiPoint"",""coordinates"":[]}"
20130220,2013-02-20,0.0,"{""type"":""MultiPoint"",""coordinates"":[]}"
20130221,2013-02-21,0.6302513977148023,"{""type"":""MultiPoint"",""coordinates"":[]}"
20130222,2013-02-22,0.0,"{""type"":""MultiPoint"",""coordinates"":[]}"
20130223,2013-02-23,0.006256729284911774,"{""type"":""MultiPoint"",""coordinates"":[]}"
20130224,2013-02-24,0.0,"{""type"":""MultiPoint"",""coordinates"":[]}"
20130225,2013-02-25,0.0,"{""type"":""MultiPoint"",""coordinates"":[]}"
20130226,2013-02-26,0.0,"{""type"":""MultiPoint"",""coordinates"":[]}"
20130227,2013-02-27,0.0,"{""type"":""MultiPoint"",""coordinates"":[]}"
20130228,2013-02-28,0.0,"{""type"":""MultiPoint"",""coordinates"":[]}"
20130301,2013-03-01,0.0,"{""type"":""MultiPoint"",""coordinates"":[]}"
20130302,2013-03-02,0.10848466476976537,"{""type"":""MultiPoint"",""coordinates"":[]}"
20130303,2013-03-03,0.0,"{""type"":""MultiPoint"",""coordinates"":[]}"
20130304,2013-03-04,0.0,"{""type"":""MultiPoint"",""coordinates"":[]}"
20130305,2013-03-05,0.9900104358393905,"{""type"":""MultiPoint"",""coordinates"":[]}"
20130306,2013-03-06,0.0,"{""type"":""MultiPoint"",""coordinates"":[]}"
20130307,2013-03-07,0.0,"{""type"":""MultiPoint"",""coordinates"":[]}"
20130308,2013-03-08,0.0,"{""type"":""MultiPoint"",""coordinates"":[]}"
20130309,2013-03-09,0.0,"{""type"":""MultiPoint"",""coordinates"":[]}"
20130310,2013-03-10,0.0,"{""type"":""MultiPoint"",""coordinates"":[]}"
20130311,2013-03-11,0.004706126663929682,"{""type"":""MultiPoint"",""coordinates"":[]}"
20130312,2013-03-12,0.0,"{""type"":""MultiPoint"",""coordinates"":[]}"
20130313,2013-03-13,0.0,"{""type"":""MultiPoint"",""coordinates"":[]}"
20130314,2013-03-14,0.0,"{""type"":""MultiPoint"",""coordinates"":[]}"
20130315,2013-03-15,0.0,"{""type"":""MultiPoint"",""coordinates"":[]}"
20130316,2013-03-16,0.0,"{""type"":""MultiPoint"",""coordinates"":[]}"
20130317,2013-03-17,0.028713902715925232,"{""type"":""MultiPoint"",""coordinates"":[]}"
20130318,2013-03-18,0.0,"{""type"":""MultiPoint"",""coordinates"":[]}"
20130319,2013-03-19,0.014480823031306107,"{""type"":""MultiPoint"",""coordinates"":[]}"
20130320,2013-03-20,0.0,"{""type"":""MultiPoint"",""coordinates"":[]}"
20130321,2013-03-21,0.0,"{""type"":""MultiPoint"",""coordinates"":[]}"
20130322,2013-03-22,0.0,"{""type"":""MultiPoint"",""coordinates"":[]}"
20130323,2013-03-23,0.0,"{""type"":""MultiPoint"",""coordinates"":[]}"
20130324,2013-03-24,0.0,"{""type"":""MultiPoint"",""coordinates"":[]}"
20130325,2013-03-25,0.0,"{""type"":""MultiPoint"",""coordinates"":[]}"
20130326,2013-03-26,0.0,"{""type"":""MultiPoint"",""coordinates"":[]}"
20130327,2013-03-27,0.0,"{""type"":""MultiPoint"",""coordinates"":[]}"
20130328,2013-03-28,0.0,"{""type"":""MultiPoint"",""coordinates"":[]}"
20130329,2013-03-29,0.0,"{""type"":""MultiPoint"",""coordinates"":[]}"
20130330,2013-03-30,0.0,"{""type"":""MultiPoint"",""coordinates"":[]}"
20130331,2013-03-31,0.0,"{""type"":""MultiPoint"",""coordinates"":[]}"
20130401,2013-04-01,0.0,"{""type"":""MultiPoint"",""coordinates"":[]}"
20130402,2013-04-02,0.0,"{""type"":""MultiPoint"",""coordinates"":[]}"
20130403,2013-04-03,0.0,"{""type"":""MultiPoint"",""coordinates"":[]}"
20130404,2013-04-04,0.0,"{""type"":""MultiPoint"",""coordinates"":[]}"
20130405,2013-04-05,0.0,"{""type"":""MultiPoint"",""coordinates"":[]}"
20130406,2013-04-06,0.0,"{""type"":""MultiPoint"",""coordinates"":[]}"
20130407,2013-04-07,0.0,"{""type"":""MultiPoint"",""coordinates"":[]}"
20130408,2013-04-08,0.0,"{""type"":""MultiPoint"",""coordinates"":[]}"
20130409,2013-04-09,0.0,"{""type"":""MultiPoint"",""coordinates"":[]}"
20130410,2013-04-10,0.0,"{""type"":""MultiPoint"",""coordinates"":[]}"
20130411,2013-04-11,0.0,"{""type"":""MultiPoint"",""coordinates"":[]}"
20130412,2013-04-12,0.0,"{""type"":""MultiPoint"",""coordinates"":[]}"
20130413,2013-04-13,0.0,"{""type"":""MultiPoint"",""coordinates"":[]}"
20130414,2013-04-14,0.0,"{""type"":""MultiPoint"",""coordinates"":[]}"
20130415,2013-04-15,0.0,"{""type"":""MultiPoint"",""coordinates"":[]}"
20130416,2013-04-16,1.2156249690326228,"{""type"":""MultiPoint"",""coordinates"":[]}"
20130417,2013-04-17,0.0,"{""type"":""MultiPoint"",""coordinates"":[]}"
20130418,2013-04-18,1.6915018448985943,"{""type"":""MultiPoint"",""coordinates"":[]}"
20130419,2013-04-19,0.7212982209951418,"{""type"":""MultiPoint"",""coordinates"":[]}"
20130420,2013-04-20,7.631624492516208,"{""type"":""MultiPoint"",""coordinates"":[]}"
20130421,2013-04-21,2.680028608416851,"{""type"":""MultiPoint"",""coordinates"":[]}"
20130422,2013-04-22,1.5064183590762599,"{""type"":""MultiPoint"",""coordinates"":[]}"
20130423,2013-04-23,2.1874531103664,"{""type"":""MultiPoint"",""coordinates"":[]}"
20130424,2013-04-24,3.6607199619467963,"{""type"":""MultiPoint"",""coordinates"":[]}"
20130425,2013-04-25,0.7791412902368657,"{""type"":""MultiPoint"",""coordinates"":[]}"
20130426,2013-04-26,4.90754748750964,"{""type"":""MultiPoint"",""coordinates"":[]}"
20130427,2013-04-27,0.908995184880457,"{""type"":""MultiPoint"",""coordinates"":[]}"
20130428,2013-04-28,0.6829659618671637,"{""type"":""MultiPoint"",""coordinates"":[]}"
20130429,2013-04-29,2.2733591096197165,"{""type"":""MultiPoint"",""coordinates"":[]}"
20130430,2013-04-30,0.13100641752640457,"{""type"":""MultiPoint"",""coordinates"":[]}"
20130501,2013-05-01,0.0,"{""type"":""MultiPoint"",""coordinates"":[]}"
20130502,2013-05-02,0.0,"{""type"":""MultiPoint"",""coordinates"":[]}"
20130503,2013-05-03,0.0,"{""type"":""MultiPoint"",""coordinates"":[]}"
20130504,2013-05-04,0.20442868424138777,"{""type"":""MultiPoint"",""coordinates"":[]}"
20130505,2013-05-05,0.0,"{""type"":""MultiPoint"",""coordinates"":[]}"
20130506,2013-05-06,0.0,"{""type"":""MultiPoint"",""coordinates"":[]}"
20130507,2013-05-07,0.0,"{""type"":""MultiPoint"",""coordinates"":[]}"
20130508,2013-05-08,0.0,"{""type"":""MultiPoint"",""coordinates"":[]}"
20130509,2013-05-09,0.0,"{""type"":""MultiPoint"",""coordinates"":[]}"
20130510,2013-05-10,0.004132273280257186,"{""type"":""MultiPoint"",""coordinates"":[]}"
20130511,2013-05-11,0.2678335256884908,"{""type"":""MultiPoint"",""coordinates"":[]}"
20130512,2013-05-12,2.988831657682703,"{""type"":""MultiPoint"",""coordinates"":[]}"
20130513,2013-05-13,0.0,"{""type"":""MultiPoint"",""coordinates"":[]}"
20130514,2013-05-14,11.94981619362351,"{""type"":""MultiPoint"",""coordinates"":[]}"
20130515,2013-05-15,7.178697359233743,"{""type"":""MultiPoint"",""coordinates"":[]}"
20130516,2013-05-16,0.0,"{""type"":""MultiPoint"",""coordinates"":[]}"
20130517,2013-05-17,0.21645438213655716,"{""type"":""MultiPoint"",""coordinates"":[]}"
20130518,2013-05-18,0.26884816252648475,"{""type"":""MultiPoint"",""coordinates"":[]}"
20130519,2013-05-19,1.000902379652699,"{""type"":""MultiPoint"",""coordinates"":[]}"
20130520,2013-05-20,0.0,"{""type"":""MultiPoint"",""coordinates"":[]}"
20130521,2013-05-21,0.0,"{""type"":""MultiPoint"",""coordinates"":[]}"
20130522,2013-05-22,0.0,"{""type"":""MultiPoint"",""coordinates"":[]}"
20130523,2013-05-23,0.0,"{""type"":""MultiPoint"",""coordinates"":[]}"
20130524,2013-05-24,0.0,"{""type"":""MultiPoint"",""coordinates"":[]}"
20130525,2013-05-25,0.0,"{""type"":""MultiPoint"",""coordinates"":[]}"
20130526,2013-05-26,2.9933819114661353,"{""type"":""MultiPoint"",""coordinates"":[]}"
20130527,2013-05-27,0.7123812942177599,"{""type"":""MultiPoint"",""coordinates"":[]}"
20130528,2013-05-28,0.27759068221791194,"{""type"":""MultiPoint"",""coordinates"":[]}"
20130529,2013-05-29,3.6239523580697086,"{""type"":""MultiPoint"",""coordinates"":[]}"
20130530,2013-05-30,2.0534099739918323,"{""type"":""MultiPoint"",""coordinates"":[]}"
20130531,2013-05-31,1.9829974560250052,"{""type"":""MultiPoint"",""coordinates"":[]}"
20130601,2013-06-01,2.1910867733711448,"{""type"":""MultiPoint"",""coordinates"":[]}"
20130602,2013-06-02,0.832340097939215,"{""type"":""MultiPoint"",""coordinates"":[]}"
20130603,2013-06-03,1.8875564616663305,"{""type"":""MultiPoint"",""coordinates"":[]}"
20130604,2013-06-04,2.2076090427936315,"{""type"":""MultiPoint"",""coordinates"":[]}"
20130605,2013-06-05,0.23220055981271379,"{""type"":""MultiPoint"",""coordinates"":[]}"
20130606,2013-06-06,2.7170784115809723,"{""type"":""MultiPoint"",""coordinates"":[]}"
20130607,2013-06-07,20.104000331132706,"{""type"":""MultiPoint"",""coordinates"":[]}"
20130608,2013-06-08,14.117187867649344,"{""type"":""MultiPoint"",""coordinates"":[]}"
20130609,2013-06-09,9.739853278112193,"{""type"":""MultiPoint"",""coordinates"":[]}"
20130610,2013-06-10,3.194643226298687,"{""type"":""MultiPoint"",""coordinates"":[]}"
20130611,2013-06-11,11.699795459717768,"{""type"":""MultiPoint"",""coordinates"":[]}"
20130612,2013-06-12,21.17234250994635,"{""type"":""MultiPoint"",""coordinates"":[]}"
20130613,2013-06-13,17.288769308687108,"{""type"":""MultiPoint"",""coordinates"":[]}"
20130614,2013-06-14,3.110265304030715,"{""type"":""MultiPoint"",""coordinates"":[]}"
20130615,2013-06-15,0.42264296008521657,"{""type"":""MultiPoint"",""coordinates"":[]}"
20130616,2013-06-16,0.27000021599890867,"{""type"":""MultiPoint"",""coordinates"":[]}"
20130617,2013-06-17,0.038416755878916665,"{""type"":""MultiPoint"",""coordinates"":[]}"
20130618,2013-06-18,0.0,"{""type"":""MultiPoint"",""coordinates"":[]}"
20130619,2013-06-19,2.1594629978449933,"{""type"":""MultiPoint"",""coordinates"":[]}"
20130620,2013-06-20,7.928678937763289,"{""type"":""MultiPoint"",""coordinates"":[]}"
20130621,2013-06-21,13.838190418125409,"{""type"":""MultiPoint"",""coordinates"":[]}"
20130622,2013-06-22,6.042578544423103,"{""type"":""MultiPoint"",""coordinates"":[]}"
20130623,2013-06-23,11.620340333337758,"{""type"":""MultiPoint"",""coordinates"":[]}"
20130624,2013-06-24,9.81069265854136,"{""type"":""MultiPoint"",""coordinates"":[]}"
20130625,2013-06-25,0.7578083330797353,"{""type"":""MultiPoint"",""coordinates"":[]}"
20130626,2013-06-26,1.3606940790258397,"{""type"":""MultiPoint"",""coordinates"":[]}"
20130627,2013-06-27,1.001152476065138,"{""type"":""MultiPoint"",""coordinates"":[]}"
20130628,2013-06-28,0.2906958648572483,"{""type"":""MultiPoint"",""coordinates"":[]}"
20130629,2013-06-29,7.553389595135011,"{""type"":""MultiPoint"",""coordinates"":[]}"
20130630,2013-06-30,6.8287151089086455,"{""type"":""MultiPoint"",""coordinates"":[]}"
20130701,2013-07-01,2.4704122376669515,"{""type"":""MultiPoint"",""coordinates"":[]}"
20130702,2013-07-02,7.754352364754722,"{""type"":""MultiPoint"",""coordinates"":[]}"
20130703,2013-07-03,11.45082892396289,"{""type"":""MultiPoint"",""coordinates"":[]}"
20130704,2013-07-04,6.782796755845283,"{""type"":""MultiPoint"",""coordinates"":[]}"
20130705,2013-07-05,4.08391816217617,"{""type"":""MultiPoint"",""coordinates"":[]}"
20130706,2013-07-06,13.203520222777419,"{""type"":""MultiPoint"",""coordinates"":[]}"
20130707,2013-07-07,6.70125312158168,"{""type"":""MultiPoint"",""coordinates"":[]}"
20130708,2013-07-08,7.881406319054944,"{""type"":""MultiPoint"",""coordinates"":[]}"
20130709,2013-07-09,18.170004063773618,"{""type"":""MultiPoint"",""coordinates"":[]}"
20130710,2013-07-10,49.75651336128777,"{""type"":""MultiPoint"",""coordinates"":[]}"
20130711,2013-07-11,24.351592176667737,"{""type"":""MultiPoint"",""coordinates"":[]}"
20130712,2013-07-12,0.7068694903564732,"{""type"":""MultiPoint"",""coordinates"":[]}"
20130713,2013-07-13,5.430384843165373,"{""type"":""MultiPoint"",""coordinates"":[]}"
20130714,2013-07-14,5.756268673903855,"{""type"":""MultiPoint"",""coordinates"":[]}"
20130715,2013-07-15,5.234249482234937,"{""type"":""MultiPoint"",""coordinates"":[]}"
20130716,2013-07-16,3.466413400116907,"{""type"":""MultiPoint"",""coordinates"":[]}"
20130717,2013-07-17,0.10682350963478267,"{""type"":""MultiPoint"",""coordinates"":[]}"
20130718,2013-07-18,0.0,"{""type"":""MultiPoint"",""coordinates"":[]}"
20130719,2013-07-19,0.0,"{""type"":""MultiPoint"",""coordinates"":[]}"
20130720,2013-07-20,0.0,"{""type"":""MultiPoint"",""coordinates"":[]}"
20130721,2013-07-21,18.545734151444066,"{""type"":""MultiPoint"",""coordinates"":[]}"
20130722,2013-07-22,21.603995940408282,"{""type"":""MultiPoint"",""coordinates"":[]}"
20130723,2013-07-23,0.0,"{""type"":""MultiPoint"",""coordinates"":[]}"
20130724,2013-07-24,2.6451516803848745,"{""type"":""MultiPoint"",""coordinates"":[]}"
20130725,2013-07-25,0.666488075666771,"{""type"":""MultiPoint"",""coordinates"":[]}"
20130726,2013-07-26,10.775898537048763,"{""type"":""MultiPoint"",""coordinates"":[]}"
20130727,2013-07-27,0.5042239904584989,"{""type"":""MultiPoint"",""coordinates"":[]}"
20130728,2013-07-28,4.88679671113856,"{""type"":""MultiPoint"",""coordinates"":[]}"
20130729,2013-07-29,5.217787495075946,"{""type"":""MultiPoint"",""coordinates"":[]}"
20130730,2013-07-30,16.121904502481165,"{""type"":""MultiPoint"",""coordinates"":[]}"
20130731,2013-07-31,7.4868365838010655,"{""type"":""MultiPoint"",""coordinates"":[]}"
20130801,2013-08-01,1.6815524144769547,"{""type"":""MultiPoint"",""coordinates"":[]}"
20130802,2013-08-02,0.0,"{""type"":""MultiPoint"",""coordinates"":[]}"
20130803,2013-08-03,0.16700250269672004,"{""type"":""MultiPoint"",""coordinates"":[]}"
20130804,2013-08-04,5.188139172915593,"{""type"":""MultiPoint"",""coordinates"":[]}"
20130805,2013-08-05,33.29072274848331,"{""type"":""MultiPoint"",""coordinates"":[]}"
20130806,2013-08-06,2.4180144495100544,"{""type"":""MultiPoint"",""coordinates"":[]}"
20130807,2013-08-07,0.2998426463663936,"{""type"":""MultiPoint"",""coordinates"":[]}"
20130808,2013-08-08,9.095076912201286,"{""type"":""MultiPoint"",""coordinates"":[]}"
20130809,2013-08-09,6.262443586347407,"{""type"":""MultiPoint"",""coordinates"":[]}"
20130810,2013-08-10,0.12177818194719808,"{""type"":""MultiPoint"",""coordinates"":[]}"
20130811,2013-08-11,12.734197680466023,"{""type"":""MultiPoint"",""coordinates"":[]}"
20130812,2013-08-12,12.726964102699942,"{""type"":""MultiPoint"",""coordinates"":[]}"
20130813,2013-08-13,1.2416587134374433,"{""type"":""MultiPoint"",""coordinates"":[]}"
20130814,2013-08-14,7.590704617827124,"{""type"":""MultiPoint"",""coordinates"":[]}"
20130815,2013-08-15,9.751962643389733,"{""type"":""MultiPoint"",""coordinates"":[]}"
20130816,2013-08-16,36.081996497096014,"{""type"":""MultiPoint"",""coordinates"":[]}"
20130817,2013-08-17,22.130891152277872,"{""type"":""MultiPoint"",""coordinates"":[]}"
20130818,2013-08-18,6.807863274810677,"{""type"":""MultiPoint"",""coordinates"":[]}"
20130819,2013-08-19,1.6353031502256854,"{""type"":""MultiPoint"",""coordinates"":[]}"
20130820,2013-08-20,0.02909720476867267,"{""type"":""MultiPoint"",""coordinates"":[]}"
20130821,2013-08-21,0.16199826265637907,"{""type"":""MultiPoint"",""coordinates"":[]}"
20130822,2013-08-22,0.349126716658459,"{""type"":""MultiPoint"",""coordinates"":[]}"
20130823,2013-08-23,0.0,"{""type"":""MultiPoint"",""coordinates"":[]}"
20130824,2013-08-24,0.733175926483443,"{""type"":""MultiPoint"",""coordinates"":[]}"
20130825,2013-08-25,6.412883836919468,"{""type"":""MultiPoint"",""coordinates"":[]}"
20130826,2013-08-26,1.9922764812148217,"{""type"":""MultiPoint"",""coordinates"":[]}"
20130827,2013-08-27,1.9908146891243639,"{""type"":""MultiPoint"",""coordinates"":[]}"
20130828,2013-08-28,21.3161110584257,"{""type"":""MultiPoint"",""coordinates"":[]}"
20130829,2013-08-29,1.9135710410469127,"{""type"":""MultiPoint"",""coordinates"":[]}"
20130830,2013-08-30,0.0,"{""type"":""MultiPoint"",""coordinates"":[]}"
20130831,2013-08-31,2.0795324436717384,"{""type"":""MultiPoint"",""coordinates"":[]}"
20130901,2013-09-01,4.699175457026988,"{""type"":""MultiPoint"",""coordinates"":[]}"
20130902,2013-09-02,9.415875083758696,"{""type"":""MultiPoint"",""coordinates"":[]}"
20130903,2013-09-03,17.964230013691417,"{""type"":""MultiPoint"",""coordinates"":[]}"
20130904,2013-09-04,0.06767691001264843,"{""type"":""MultiPoint"",""coordinates"":[]}"
20130905,2013-09-05,0.024904790287538715,"{""type"":""MultiPoint"",""coordinates"":[]}"
20130906,2013-09-06,4.8120519653842635,"{""type"":""MultiPoint"",""coordinates"":[]}"
20130907,2013-09-07,10.168574014986804,"{""type"":""MultiPoint"",""coordinates"":[]}"
20130908,2013-09-08,2.733286947434327,"{""type"":""MultiPoint"",""coordinates"":[]}"
20130909,2013-09-09,1.5973509054617614,"{""type"":""MultiPoint"",""coordinates"":[]}"
20130910,2013-09-10,0.7979764835985171,"{""type"":""MultiPoint"",""coordinates"":[]}"
20130911,2013-09-11,1.5048366428780016,"{""type"":""MultiPoint"",""coordinates"":[]}"
20130912,2013-09-12,4.248191123542753,"{""type"":""MultiPoint"",""coordinates"":[]}"
20130913,2013-09-13,0.06522991339901664,"{""type"":""MultiPoint"",""coordinates"":[]}"
20130914,2013-09-14,8.019426750333807,"{""type"":""MultiPoint"",""coordinates"":[]}"
20130915,2013-09-15,10.721843625424038,"{""type"":""MultiPoint"",""coordinates"":[]}"
20130916,2013-09-16,6.353126100234294,"{""type"":""MultiPoint"",""coordinates"":[]}"
20130917,2013-09-17,8.712761768158275,"{""type"":""MultiPoint"",""coordinates"":[]}"
20130918,2013-09-18,3.756611942253036,"{""type"":""MultiPoint"",""coordinates"":[]}"
20130919,2013-09-19,8.201027698486264,"{""type"":""MultiPoint"",""coordinates"":[]}"
20130920,2013-09-20,8.393742598764518,"{""type"":""MultiPoint"",""coordinates"":[]}"
20130921,2013-09-21,13.149180612595838,"{""type"":""MultiPoint"",""coordinates"":[]}"
20130922,2013-09-22,11.818595861762732,"{""type"":""MultiPoint"",""coordinates"":[]}"
20130923,2013-09-23,0.0,"{""type"":""MultiPoint"",""coordinates"":[]}"
20130924,2013-09-24,0.0,"{""type"":""MultiPoint"",""coordinates"":[]}"
20130925,2013-09-25,0.0,"{""type"":""MultiPoint"",""coordinates"":[]}"
20130926,2013-09-26,2.5363337185072328,"{""type"":""MultiPoint"",""coordinates"":[]}"
20130927,2013-09-27,6.68091840833776,"{""type"":""MultiPoint"",""coordinates"":[]}"
20130928,2013-09-28,13.79048785727368,"{""type"":""MultiPoint"",""coordinates"":[]}"
20130929,2013-09-29,16.43124503625752,"{""type"":""MultiPoint"",""coordinates"":[]}"
20130930,2013-09-30,9.316439064949694,"{""type"":""MultiPoint"",""coordinates"":[]}"
20131001,2013-10-01,9.315172150282766,"{""type"":""MultiPoint"",""coordinates"":[]}"
20131002,2013-10-02,23.44361166145913,"{""type"":""MultiPoint"",""coordinates"":[]}"
20131003,2013-10-03,30.352921223913192,"{""type"":""MultiPoint"",""coordinates"":[]}"
20131004,2013-10-04,7.290098289671028,"{""type"":""MultiPoint"",""coordinates"":[]}"
20131005,2013-10-05,2.5201595486604336,"{""type"":""MultiPoint"",""coordinates"":[]}"
20131006,2013-10-06,3.4824133161834343,"{""type"":""MultiPoint"",""coordinates"":[]}"
20131007,2013-10-07,13.448414858791345,"{""type"":""MultiPoint"",""coordinates"":[]}"
20131008,2013-10-08,11.585910931071611,"{""type"":""MultiPoint"",""coordinates"":[]}"
20131009,2013-10-09,27.679012552047933,"{""type"":""MultiPoint"",""coordinates"":[]}"
20131010,2013-10-10,16.862811091835944,"{""type"":""MultiPoint"",""coordinates"":[]}"
20131011,2013-10-11,4.305146228965217,"{""type"":""MultiPoint"",""coordinates"":[]}"
20131012,2013-10-12,28.746913409947275,"{""type"":""MultiPoint"",""coordinates"":[]}"
20131013,2013-10-13,1.6509154858526431,"{""type"":""MultiPoint"",""coordinates"":[]}"
20131014,2013-10-14,0.0,"{""type"":""MultiPoint"",""coordinates"":[]}"
20131015,2013-10-15,0.09072001992929644,"{""type"":""MultiPoint"",""coordinates"":[]}"
20131016,2013-10-16,0.0,"{""type"":""MultiPoint"",""coordinates"":[]}"
20131017,2013-10-17,0.4990751547958353,"{""type"":""MultiPoint"",""coordinates"":[]}"
20131018,2013-10-18,0.007974008941154312,"{""type"":""MultiPoint"",""coordinates"":[]}"
20131019,2013-10-19,0.060595318471734584,"{""type"":""MultiPoint"",""coordinates"":[]}"
20131020,2013-10-20,13.204286529976395,"{""type"":""MultiPoint"",""coordinates"":[]}"
20131021,2013-10-21,22.956078519320673,"{""type"":""MultiPoint"",""coordinates"":[]}"
20131022,2013-10-22,61.61678335986119,"{""type"":""MultiPoint"",""coordinates"":[]}"
20131023,2013-10-23,51.52128351772337,"{""type"":""MultiPoint"",""coordinates"":[]}"
20131024,2013-10-24,36.57311496024341,"{""type"":""MultiPoint"",""coordinates"":[]}"
20131025,2013-10-25,36.457595823555735,"{""type"":""MultiPoint"",""coordinates"":[]}"
20131026,2013-10-26,94.00520705827822,"{""type"":""MultiPoint"",""coordinates"":[]}"
20131027,2013-10-27,42.09683140905607,"{""type"":""MultiPoint"",""coordinates"":[]}"
20131028,2013-10-28,0.35413236419819677,"{""type"":""MultiPoint"",""coordinates"":[]}"
20131029,2013-10-29,0.0,"{""type"":""MultiPoint"",""coordinates"":[]}"
20131030,2013-10-30,0.0,"{""type"":""MultiPoint"",""coordinates"":[]}"
20131031,2013-10-31,0.0,"{""type"":""MultiPoint"",""coordinates"":[]}"
20131101,2013-11-01,1.5350788255673167,"{""type"":""MultiPoint"",""coordinates"":[]}"
20131102,2013-11-02,0.0,"{""type"":""MultiPoint"",""coordinates"":[]}"
20131103,2013-11-03,0.0,"{""type"":""MultiPoint"",""coordinates"":[]}"
20131104,2013-11-04,0.0,"{""type"":""MultiPoint"",""coordinates"":[]}"
20131105,2013-11-05,0.0,"{""type"":""MultiPoint"",""coordinates"":[]}"
20131106,2013-11-06,0.0,"{""type"":""MultiPoint"",""coordinates"":[]}"
20131107,2013-11-07,0.0,"{""type"":""MultiPoint"",""coordinates"":[]}"
20131108,2013-11-08,0.0,"{""type"":""MultiPoint"",""coordinates"":[]}"
20131109,2013-11-09,0.0,"{""type"":""MultiPoint"",""coordinates"":[]}"
20131110,2013-11-10,0.0,"{""type"":""MultiPoint"",""coordinates"":[]}"
20131111,2013-11-11,0.0,"{""type"":""MultiPoint"",""coordinates"":[]}"
20131112,2013-11-12,0.03674749822234428,"{""type"":""MultiPoint"",""coordinates"":[]}"
20131113,2013-11-13,0.08898893798192976,"{""type"":""MultiPoint"",""coordinates"":[]}"
20131114,2013-11-14,0.0,"{""type"":""MultiPoint"",""coordinates"":[]}"
20131115,2013-11-15,0.0,"{""type"":""MultiPoint"",""coordinates"":[]}"
20131116,2013-11-16,0.0,"{""type"":""MultiPoint"",""coordinates"":[]}"
20131117,2013-11-17,0.0,"{""type"":""MultiPoint"",""coordinates"":[]}"
20131118,2013-11-18,0.0,"{""type"":""MultiPoint"",""coordinates"":[]}"
20131119,2013-11-19,0.015359379379221008,"{""type"":""MultiPoint"",""coordinates"":[]}"
20131120,2013-11-20,3.0602823239389765,"{""type"":""MultiPoint"",""coordinates"":[]}"
20131121,2013-11-21,19.98870509339099,"{""type"":""MultiPoint"",""coordinates"":[]}"
20131122,2013-11-22,43.31758002832954,"{""type"":""MultiPoint"",""coordinates"":[]}"
20131123,2013-11-23,2.384415649038723E-4,"{""type"":""MultiPoint"",""coordinates"":[]}"
20131124,2013-11-24,0.0,"{""type"":""MultiPoint"",""coordinates"":[]}"
20131125,2013-11-25,0.0,"{""type"":""MultiPoint"",""coordinates"":[]}"
20131126,2013-11-26,0.7322774686203557,"{""type"":""MultiPoint"",""coordinates"":[]}"
20131127,2013-11-27,0.7281051674072885,"{""type"":""MultiPoint"",""coordinates"":[]}"
20131128,2013-11-28,15.44041848923123,"{""type"":""MultiPoint"",""coordinates"":[]}"
20131129,2013-11-29,0.0,"{""type"":""MultiPoint"",""coordinates"":[]}"
20131130,2013-11-30,0.04084842641063159,"{""type"":""MultiPoint"",""coordinates"":[]}"
20131201,2013-12-01,0.5739614972721351,"{""type"":""MultiPoint"",""coordinates"":[]}"
20131202,2013-12-02,0.0,"{""type"":""MultiPoint"",""coordinates"":[]}"
20131203,2013-12-03,0.0,"{""type"":""MultiPoint"",""coordinates"":[]}"
20131204,2013-12-04,0.0,"{""type"":""MultiPoint"",""coordinates"":[]}"
20131205,2013-12-05,0.0,"{""type"":""MultiPoint"",""coordinates"":[]}"
20131206,2013-12-06,0.0,"{""type"":""MultiPoint"",""coordinates"":[]}"
20131207,2013-12-07,0.218812790663975,"{""type"":""MultiPoint"",""coordinates"":[]}"
20131208,2013-12-08,3.735048207862907,"{""type"":""MultiPoint"",""coordinates"":[]}"
20131209,2013-12-09,3.8294103845913545,"{""type"":""MultiPoint"",""coordinates"":[]}"
20131210,2013-12-10,0.0,"{""type"":""MultiPoint"",""coordinates"":[]}"
20131211,2013-12-11,0.0,"{""type"":""MultiPoint"",""coordinates"":[]}"
20131212,2013-12-12,0.0,"{""type"":""MultiPoint"",""coordinates"":[]}"
20131213,2013-12-13,0.0,"{""type"":""MultiPoint"",""coordinates"":[]}"
20131214,2013-12-14,0.0,"{""type"":""MultiPoint"",""coordinates"":[]}"
20131215,2013-12-15,0.0,"{""type"":""MultiPoint"",""coordinates"":[]}"
20131216,2013-12-16,0.0,"{""type"":""MultiPoint"",""coordinates"":[]}"
20131217,2013-12-17,0.0,"{""type"":""MultiPoint"",""coordinates"":[]}"
20131218,2013-12-18,0.0,"{""type"":""MultiPoint"",""coordinates"":[]}"
20131219,2013-12-19,0.0,"{""type"":""MultiPoint"",""coordinates"":[]}"
20131220,2013-12-20,0.0,"{""type"":""MultiPoint"",""coordinates"":[]}"
20131221,2013-12-21,0.0,"{""type"":""MultiPoint"",""coordinates"":[]}"
20131222,2013-12-22,0.0,"{""type"":""MultiPoint"",""coordinates"":[]}"
20131223,2013-12-23,0.0,"{""type"":""MultiPoint"",""coordinates"":[]}"
20131224,2013-12-24,0.0,"{""type"":""MultiPoint"",""coordinates"":[]}"
20131225,2013-12-25,0.0,"{""type"":""MultiPoint"",""coordinates"":[]}"
20131226,2013-12-26,0.0,"{""type"":""MultiPoint"",""coordinates"":[]}"
20131227,2013-12-27,0.0,"{""type"":""MultiPoint"",""coordinates"":[]}"
20131228,2013-12-28,0.0,"{""type"":""MultiPoint"",""coordinates"":[]}"
20131229,2013-12-29,0.0,"{""type"":""MultiPoint"",""coordinates"":[]}"
20131230,2013-12-30,0.0,"{""type"":""MultiPoint"",""coordinates"":[]}"
20131231,2013-12-31,0.0,"{""type"":""MultiPoint"",""coordinates"":[]}"
20140101,2014-01-01,0.0,"{""type"":""MultiPoint"",""coordinates"":[]}"
20140102,2014-01-02,0.0,"{""type"":""MultiPoint"",""coordinates"":[]}"
20140103,2014-01-03,0.0,"{""type"":""MultiPoint"",""coordinates"":[]}"
20140104,2014-01-04,0.13220864744450633,"{""type"":""MultiPoint"",""coordinates"":[]}"
20140105,2014-01-05,0.0,"{""type"":""MultiPoint"",""coordinates"":[]}"
20140106,2014-01-06,0.0,"{""type"":""MultiPoint"",""coordinates"":[]}"
20140107,2014-01-07,0.0,"{""type"":""MultiPoint"",""coordinates"":[]}"
20140108,2014-01-08,0.0,"{""type"":""MultiPoint"",""coordinates"":[]}"
20140109,2014-01-09,0.2357324969500778,"{""type"":""MultiPoint"",""coordinates"":[]}"
20140110,2014-01-10,0.0,"{""type"":""MultiPoint"",""coordinates"":[]}"
20140111,2014-01-11,0.0,"{""type"":""MultiPoint"",""coordinates"":[]}"
20140112,2014-01-12,0.0,"{""type"":""MultiPoint"",""coordinates"":[]}"
20140113,2014-01-13,0.0,"{""type"":""MultiPoint"",""coordinates"":[]}"
20140114,2014-01-14,0.0,"{""type"":""MultiPoint"",""coordinates"":[]}"
20140115,2014-01-15,0.053269070273507864,"{""type"":""MultiPoint"",""coordinates"":[]}"
20140116,2014-01-16,0.0,"{""type"":""MultiPoint"",""coordinates"":[]}"
20140117,2014-01-17,0.08004844783830133,"{""type"":""MultiPoint"",""coordinates"":[]}"
20140118,2014-01-18,0.0,"{""type"":""MultiPoint"",""coordinates"":[]}"
20140119,2014-01-19,0.0,"{""type"":""MultiPoint"",""coordinates"":[]}"
20140120,2014-01-20,0.0,"{""type"":""MultiPoint"",""coordinates"":[]}"
20140121,2014-01-21,0.0,"{""type"":""MultiPoint"",""coordinates"":[]}"
20140122,2014-01-22,0.6122932263107391,"{""type"":""MultiPoint"",""coordinates"":[]}"
20140123,2014-01-23,0.0,"{""type"":""MultiPoint"",""coordinates"":[]}"
20140124,2014-01-24,0.0,"{""type"":""MultiPoint"",""coordinates"":[]}"
20140125,2014-01-25,0.0,"{""type"":""MultiPoint"",""coordinates"":[]}"
20140126,2014-01-26,0.0,"{""type"":""MultiPoint"",""coordinates"":[]}"
20140127,2014-01-27,0.0,"{""type"":""MultiPoint"",""coordinates"":[]}"
20140128,2014-01-28,0.0,"{""type"":""MultiPoint"",""coordinates"":[]}"
20140129,2014-01-29,0.0,"{""type"":""MultiPoint"",""coordinates"":[]}"
20140130,2014-01-30,0.0,"{""type"":""MultiPoint"",""coordinates"":[]}"
20140131,2014-01-31,0.5025412856306751,"{""type"":""MultiPoint"",""coordinates"":[]}"
20140201,2014-02-01,0.0,"{""type"":""MultiPoint"",""coordinates"":[]}"
20140202,2014-02-02,0.0,"{""type"":""MultiPoint"",""coordinates"":[]}"
20140203,2014-02-03,0.0,"{""type"":""MultiPoint"",""coordinates"":[]}"
20140204,2014-02-04,0.0,"{""type"":""MultiPoint"",""coordinates"":[]}"
20140205,2014-02-05,0.0,"{""type"":""MultiPoint"",""coordinates"":[]}"
20140206,2014-02-06,0.0,"{""type"":""MultiPoint"",""coordinates"":[]}"
20140207,2014-02-07,0.0,"{""type"":""MultiPoint"",""coordinates"":[]}"
20140208,2014-02-08,0.0,"{""type"":""MultiPoint"",""coordinates"":[]}"
20140209,2014-02-09,0.0,"{""type"":""MultiPoint"",""coordinates"":[]}"
20140210,2014-02-10,0.0,"{""type"":""MultiPoint"",""coordinates"":[]}"
20140211,2014-02-11,0.0,"{""type"":""MultiPoint"",""coordinates"":[]}"
20140212,2014-02-12,0.0,"{""type"":""MultiPoint"",""coordinates"":[]}"
20140213,2014-02-13,0.0,"{""type"":""MultiPoint"",""coordinates"":[]}"
20140214,2014-02-14,0.0,"{""type"":""MultiPoint"",""coordinates"":[]}"
20140215,2014-02-15,1.7615657438928443,"{""type"":""MultiPoint"",""coordinates"":[]}"
20140216,2014-02-16,2.397036059808353,"{""type"":""MultiPoint"",""coordinates"":[]}"
20140217,2014-02-17,0.0,"{""type"":""MultiPoint"",""coordinates"":[]}"
20140218,2014-02-18,0.0,"{""type"":""MultiPoint"",""coordinates"":[]}"
20140219,2014-02-19,0.0,"{""type"":""MultiPoint"",""coordinates"":[]}"
20140220,2014-02-20,0.0,"{""type"":""MultiPoint"",""coordinates"":[]}"
20140221,2014-02-21,0.0,"{""type"":""MultiPoint"",""coordinates"":[]}"
20140222,2014-02-22,0.43830783193633627,"{""type"":""MultiPoint"",""coordinates"":[]}"
20140223,2014-02-23,0.0,"{""type"":""MultiPoint"",""coordinates"":[]}"
20140224,2014-02-24,0.10131242322849236,"{""type"":""MultiPoint"",""coordinates"":[]}"
20140225,2014-02-25,0.0,"{""type"":""MultiPoint"",""coordinates"":[]}"
20140226,2014-02-26,0.0,"{""type"":""MultiPoint"",""coordinates"":[]}"
20140227,2014-02-27,0.0,"{""type"":""MultiPoint"",""coordinates"":[]}"
20140228,2014-02-28,0.0,"{""type"":""MultiPoint"",""coordinates"":[]}"
20140301,2014-03-01,0.0,"{""type"":""MultiPoint"",""coordinates"":[]}"
20140302,2014-03-02,0.0,"{""type"":""MultiPoint"",""coordinates"":[]}"
20140303,2014-03-03,0.0,"{""type"":""MultiPoint"",""coordinates"":[]}"
20140304,2014-03-04,0.0645692093529105,"{""type"":""MultiPoint"",""coordinates"":[]}"
20140305,2014-03-05,0.0,"{""type"":""MultiPoint"",""coordinates"":[]}"
20140306,2014-03-06,0.011841670873894596,"{""type"":""MultiPoint"",""coordinates"":[]}"
20140307,2014-03-07,0.0,"{""type"":""MultiPoint"",""coordinates"":[]}"
20140308,2014-03-08,0.0,"{""type"":""MultiPoint"",""coordinates"":[]}"
20140309,2014-03-09,0.0,"{""type"":""MultiPoint"",""coordinates"":[]}"
20140310,2014-03-10,0.0,"{""type"":""MultiPoint"",""coordinates"":[]}"
20140311,2014-03-11,0.0,"{""type"":""MultiPoint"",""coordinates"":[]}"
20140312,2014-03-12,0.046384467899204224,"{""type"":""MultiPoint"",""coordinates"":[]}"
20140313,2014-03-13,0.0,"{""type"":""MultiPoint"",""coordinates"":[]}"
20140314,2014-03-14,0.38971182604453436,"{""type"":""MultiPoint"",""coordinates"":[]}"
20140315,2014-03-15,0.0,"{""type"":""MultiPoint"",""coordinates"":[]}"
20140316,2014-03-16,0.12423265969194389,"{""type"":""MultiPoint"",""coordinates"":[]}"
20140317,2014-03-17,0.0,"{""type"":""MultiPoint"",""coordinates"":[]}"
20140318,2014-03-18,0.0,"{""type"":""MultiPoint"",""coordinates"":[]}"
20140319,2014-03-19,0.0,"{""type"":""MultiPoint"",""coordinates"":[]}"
20140320,2014-03-20,0.0,"{""type"":""MultiPoint"",""coordinates"":[]}"
20140321,2014-03-21,0.0,"{""type"":""MultiPoint"",""coordinates"":[]}"
20140322,2014-03-22,0.0,"{""type"":""MultiPoint"",""coordinates"":[]}"
20140323,2014-03-23,0.0,"{""type"":""MultiPoint"",""coordinates"":[]}"
20140324,2014-03-24,0.0,"{""type"":""MultiPoint"",""coordinates"":[]}"
20140325,2014-03-25,0.0,"{""type"":""MultiPoint"",""coordinates"":[]}"
20140326,2014-03-26,0.0,"{""type"":""MultiPoint"",""coordinates"":[]}"
20140327,2014-03-27,0.0,"{""type"":""MultiPoint"",""coordinates"":[]}"
20140328,2014-03-28,1.473796147193868E-4,"{""type"":""MultiPoint"",""coordinates"":[]}"
20140329,2014-03-29,0.0,"{""type"":""MultiPoint"",""coordinates"":[]}"
20140330,2014-03-30,0.0,"{""type"":""MultiPoint"",""coordinates"":[]}"
20140331,2014-03-31,0.0022214283461073512,"{""type"":""MultiPoint"",""coordinates"":[]}"
20140401,2014-04-01,0.0,"{""type"":""MultiPoint"",""coordinates"":[]}"
20140402,2014-04-02,0.0,"{""type"":""MultiPoint"",""coordinates"":[]}"
20140403,2014-04-03,0.0,"{""type"":""MultiPoint"",""coordinates"":[]}"
20140404,2014-04-04,0.0,"{""type"":""MultiPoint"",""coordinates"":[]}"
20140405,2014-04-05,0.0,"{""type"":""MultiPoint"",""coordinates"":[]}"
20140406,2014-04-06,0.0,"{""type"":""MultiPoint"",""coordinates"":[]}"
20140407,2014-04-07,0.0,"{""type"":""MultiPoint"",""coordinates"":[]}"
20140408,2014-04-08,0.0,"{""type"":""MultiPoint"",""coordinates"":[]}"
20140409,2014-04-09,0.0,"{""type"":""MultiPoint"",""coordinates"":[]}"
20140410,2014-04-10,0.0,"{""type"":""MultiPoint"",""coordinates"":[]}"
20140411,2014-04-11,0.0,"{""type"":""MultiPoint"",""coordinates"":[]}"
20140412,2014-04-12,0.0,"{""type"":""MultiPoint"",""coordinates"":[]}"
20140413,2014-04-13,0.3450526441679914,"{""type"":""MultiPoint"",""coordinates"":[]}"
20140414,2014-04-14,0.45725157367757224,"{""type"":""MultiPoint"",""coordinates"":[]}"
20140415,2014-04-15,0.7346080754337122,"{""type"":""MultiPoint"",""coordinates"":[]}"
20140416,2014-04-16,3.768160096629833,"{""type"":""MultiPoint"",""coordinates"":[]}"
20140417,2014-04-17,0.6641955749545395,"{""type"":""MultiPoint"",""coordinates"":[]}"
20140418,2014-04-18,0.0,"{""type"":""MultiPoint"",""coordinates"":[]}"
20140419,2014-04-19,0.7180619026384429,"{""type"":""MultiPoint"",""coordinates"":[]}"
20140420,2014-04-20,0.595096124456375,"{""type"":""MultiPoint"",""coordinates"":[]}"
20140421,2014-04-21,0.6867598952985944,"{""type"":""MultiPoint"",""coordinates"":[]}"
20140422,2014-04-22,0.0376612660604708,"{""type"":""MultiPoint"",""coordinates"":[]}"
20140423,2014-04-23,0.009375968408825283,"{""type"":""MultiPoint"",""coordinates"":[]}"
20140424,2014-04-24,0.060289952866461306,"{""type"":""MultiPoint"",""coordinates"":[]}"
20140425,2014-04-25,0.017857002501617116,"{""type"":""MultiPoint"",""coordinates"":[]}"
20140426,2014-04-26,0.0,"{""type"":""MultiPoint"",""coordinates"":[]}"
20140427,2014-04-27,0.12905804706393892,"{""type"":""MultiPoint"",""coordinates"":[]}"
20140428,2014-04-28,5.652503362528384E-4,"{""type"":""MultiPoint"",""coordinates"":[]}"
20140429,2014-04-29,0.013015420791079074,"{""type"":""MultiPoint"",""coordinates"":[]}"
20140430,2014-04-30,0.24118503896128413,"{""type"":""MultiPoint"",""coordinates"":[]}"
20140501,2014-05-01,0.5142733874363342,"{""type"":""MultiPoint"",""coordinates"":[]}"
20140502,2014-05-02,0.03270591559457708,"{""type"":""MultiPoint"",""coordinates"":[]}"
20140503,2014-05-03,2.4632644272903708,"{""type"":""MultiPoint"",""coordinates"":[]}"
20140504,2014-05-04,2.4654649742568915,"{""type"":""MultiPoint"",""coordinates"":[]}"
20140505,2014-05-05,0.0,"{""type"":""MultiPoint"",""coordinates"":[]}"
20140506,2014-05-06,5.443586304130549,"{""type"":""MultiPoint"",""coordinates"":[]}"
20140507,2014-05-07,2.322460851517125,"{""type"":""MultiPoint"",""coordinates"":[]}"
20140508,2014-05-08,2.9225706464410997,"{""type"":""MultiPoint"",""coordinates"":[]}"
20140509,2014-05-09,28.20327745947703,"{""type"":""MultiPoint"",""coordinates"":[]}"
20140510,2014-05-10,14.739909889048025,"{""type"":""MultiPoint"",""coordinates"":[]}"
20140511,2014-05-11,0.7188424003450319,"{""type"":""MultiPoint"",""coordinates"":[]}"
20140512,2014-05-12,0.0,"{""type"":""MultiPoint"",""coordinates"":[]}"
20140513,2014-05-13,0.0,"{""type"":""MultiPoint"",""coordinates"":[]}"
20140514,2014-05-14,0.0,"{""type"":""MultiPoint"",""coordinates"":[]}"
20140515,2014-05-15,1.1471768298251377,"{""type"":""MultiPoint"",""coordinates"":[]}"
20140516,2014-05-16,0.8157376400859855,"{""type"":""MultiPoint"",""coordinates"":[]}"
20140517,2014-05-17,1.6179668021046016,"{""type"":""MultiPoint"",""coordinates"":[]}"
20140518,2014-05-18,0.0,"{""type"":""MultiPoint"",""coordinates"":[]}"
20140519,2014-05-19,5.259395031370504,"{""type"":""MultiPoint"",""coordinates"":[]}"
20140520,2014-05-20,1.4198654496400978,"{""type"":""MultiPoint"",""coordinates"":[]}"
20140521,2014-05-21,0.0,"{""type"":""MultiPoint"",""coordinates"":[]}"
20140522,2014-05-22,0.0,"{""type"":""MultiPoint"",""coordinates"":[]}"
20140523,2014-05-23,0.06646263810650728,"{""type"":""MultiPoint"",""coordinates"":[]}"
20140524,2014-05-24,4.453495042028046,"{""type"":""MultiPoint"",""coordinates"":[]}"
20140525,2014-05-25,6.461920301261377,"{""type"":""MultiPoint"",""coordinates"":[]}"
20140526,2014-05-26,0.0,"{""type"":""MultiPoint"",""coordinates"":[]}"
20140527,2014-05-27,3.2461101369221517,"{""type"":""MultiPoint"",""coordinates"":[]}"
20140528,2014-05-28,12.899890863702819,"{""type"":""MultiPoint"",""coordinates"":[]}"
20140529,2014-05-29,0.0,"{""type"":""MultiPoint"",""coordinates"":[]}"
20140530,2014-05-30,0.0,"{""type"":""MultiPoint"",""coordinates"":[]}"
20140531,2014-05-31,0.0,"{""type"":""MultiPoint"",""coordinates"":[]}"
20140601,2014-06-01,0.5257124660738682,"{""type"":""MultiPoint"",""coordinates"":[]}"
20140602,2014-06-02,0.5194843263659102,"{""type"":""MultiPoint"",""coordinates"":[]}"
20140603,2014-06-03,3.2166861382488037,"{""type"":""MultiPoint"",""coordinates"":[]}"
20140604,2014-06-04,3.7410953657149792,"{""type"":""MultiPoint"",""coordinates"":[]}"
20140605,2014-06-05,0.0,"{""type"":""MultiPoint"",""coordinates"":[]}"
20140606,2014-06-06,1.2391463462819654,"{""type"":""MultiPoint"",""coordinates"":[]}"
20140607,2014-06-07,0.005066641769278015,"{""type"":""MultiPoint"",""coordinates"":[]}"
20140608,2014-06-08,1.4078597488884483,"{""type"":""MultiPoint"",""coordinates"":[]}"
20140609,2014-06-09,7.273062243944352,"{""type"":""MultiPoint"",""coordinates"":[]}"
20140610,2014-06-10,0.0,"{""type"":""MultiPoint"",""coordinates"":[]}"
20140611,2014-06-11,0.0,"{""type"":""MultiPoint"",""coordinates"":[]}"
20140612,2014-06-12,0.014647743794109254,"{""type"":""MultiPoint"",""coordinates"":[]}"
20140613,2014-06-13,2.309555852275758,"{""type"":""MultiPoint"",""coordinates"":[]}"
20140614,2014-06-14,4.654217333556007,"{""type"":""MultiPoint"",""coordinates"":[]}"
20140615,2014-06-15,0.1422555301859921,"{""type"":""MultiPoint"",""coordinates"":[]}"
20140616,2014-06-16,0.0,"{""type"":""MultiPoint"",""coordinates"":[]}"
20140617,2014-06-17,4.590306756535529,"{""type"":""MultiPoint"",""coordinates"":[]}"
20140618,2014-06-18,1.2513954011673856,"{""type"":""MultiPoint"",""coordinates"":[]}"
20140619,2014-06-19,6.113746489973556,"{""type"":""MultiPoint"",""coordinates"":[]}"
20140620,2014-06-20,5.484977767773035,"{""type"":""MultiPoint"",""coordinates"":[]}"
20140621,2014-06-21,0.9455242724559375,"{""type"":""MultiPoint"",""coordinates"":[]}"
20140622,2014-06-22,1.409116033986814,"{""type"":""MultiPoint"",""coordinates"":[]}"
20140623,2014-06-23,0.0,"{""type"":""MultiPoint"",""coordinates"":[]}"
20140624,2014-06-24,3.7368874206050906,"{""type"":""MultiPoint"",""coordinates"":[]}"
20140625,2014-06-25,5.093170836274584,"{""type"":""MultiPoint"",""coordinates"":[]}"
20140626,2014-06-26,7.377458255153147,"{""type"":""MultiPoint"",""coordinates"":[]}"
20140627,2014-06-27,4.319407996224529,"{""type"":""MultiPoint"",""coordinates"":[]}"
20140628,2014-06-28,2.2891037982242053,"{""type"":""MultiPoint"",""coordinates"":[]}"
20140629,2014-06-29,0.059507242396062365,"{""type"":""MultiPoint"",""coordinates"":[]}"
20140630,2014-06-30,14.882029649812948,"{""type"":""MultiPoint"",""coordinates"":[]}"
20140701,2014-07-01,0.47126845220783875,"{""type"":""MultiPoint"",""coordinates"":[]}"
20140702,2014-07-02,1.2501591584707645,"{""type"":""MultiPoint"",""coordinates"":[]}"
20140703,2014-07-03,2.189090266907523,"{""type"":""MultiPoint"",""coordinates"":[]}"
20140704,2014-07-04,3.4405489407891796,"{""type"":""MultiPoint"",""coordinates"":[]}"
20140705,2014-07-05,6.661582147693582,"{""type"":""MultiPoint"",""coordinates"":[]}"
20140706,2014-07-06,4.028915604510001,"{""type"":""MultiPoint"",""coordinates"":[]}"
20140707,2014-07-07,8.120103940270813,"{""type"":""MultiPoint"",""coordinates"":[]}"
20140708,2014-07-08,5.106886641360012,"{""type"":""MultiPoint"",""coordinates"":[]}"
20140709,2014-07-09,9.715120203707494,"{""type"":""MultiPoint"",""coordinates"":[]}"
20140710,2014-07-10,25.19109899343085,"{""type"":""MultiPoint"",""coordinates"":[]}"
20140711,2014-07-11,16.363837829283916,"{""type"":""MultiPoint"",""coordinates"":[]}"
20140712,2014-07-12,15.439625500970555,"{""type"":""MultiPoint"",""coordinates"":[]}"
20140713,2014-07-13,1.6374612326224625,"{""type"":""MultiPoint"",""coordinates"":[]}"
20140714,2014-07-14,15.588768208538477,"{""type"":""MultiPoint"",""coordinates"":[]}"
20140715,2014-07-15,8.529674978420609,"{""type"":""MultiPoint"",""coordinates"":[]}"
20140716,2014-07-16,1.5775627502489848,"{""type"":""MultiPoint"",""coordinates"":[]}"
20140717,2014-07-17,3.494273853532176,"{""type"":""MultiPoint"",""coordinates"":[]}"
20140718,2014-07-18,19.545027300060205,"{""type"":""MultiPoint"",""coordinates"":[]}"
20140719,2014-07-19,15.79675893513826,"{""type"":""MultiPoint"",""coordinates"":[]}"
20140720,2014-07-20,11.37415660497056,"{""type"":""MultiPoint"",""coordinates"":[]}"
20140721,2014-07-21,26.149748995730366,"{""type"":""MultiPoint"",""coordinates"":[]}"
20140722,2014-07-22,3.06522307641033,"{""type"":""MultiPoint"",""coordinates"":[]}"
20140723,2014-07-23,7.701851432530354,"{""type"":""MultiPoint"",""coordinates"":[]}"
20140724,2014-07-24,0.189390384685045,"{""type"":""MultiPoint"",""coordinates"":[]}"
20140725,2014-07-25,0.5658185013953495,"{""type"":""MultiPoint"",""coordinates"":[]}"
20140726,2014-07-26,3.454754214213339,"{""type"":""MultiPoint"",""coordinates"":[]}"
20140727,2014-07-27,7.044272549133616,"{""type"":""MultiPoint"",""coordinates"":[]}"
20140728,2014-07-28,8.898486171537776,"{""type"":""MultiPoint"",""coordinates"":[]}"
20140729,2014-07-29,9.736372906458744,"{""type"":""MultiPoint"",""coordinates"":[]}"
20140730,2014-07-30,1.9294006450777061,"{""type"":""MultiPoint"",""coordinates"":[]}"
20140731,2014-07-31,0.32919783710884265,"{""type"":""MultiPoint"",""coordinates"":[]}"
20140801,2014-08-01,0.6516151074738435,"{""type"":""MultiPoint"",""coordinates"":[]}"
20140802,2014-08-02,0.22683358049111035,"{""type"":""MultiPoint"",""coordinates"":[]}"
20140803,2014-08-03,7.128286348686654,"{""type"":""MultiPoint"",""coordinates"":[]}"
20140804,2014-08-04,12.55665610310142,"{""type"":""MultiPoint"",""coordinates"":[]}"
20140805,2014-08-05,6.484823877872549,"{""type"":""MultiPoint"",""coordinates"":[]}"
20140806,2014-08-06,0.0,"{""type"":""MultiPoint"",""coordinates"":[]}"
20140807,2014-08-07,3.011793979552633,"{""type"":""MultiPoint"",""coordinates"":[]}"
20140808,2014-08-08,0.019522915273985607,"{""type"":""MultiPoint"",""coordinates"":[]}"
20140809,2014-08-09,8.351307685331228,"{""type"":""MultiPoint"",""coordinates"":[]}"
20140810,2014-08-10,7.758887432071072,"{""type"":""MultiPoint"",""coordinates"":[]}"
20140811,2014-08-11,2.938564789132552,"{""type"":""MultiPoint"",""coordinates"":[]}"
20140812,2014-08-12,22.14730520815071,"{""type"":""MultiPoint"",""coordinates"":[]}"
20140813,2014-08-13,4.019422034027111,"{""type"":""MultiPoint"",""coordinates"":[]}"
20140814,2014-08-14,8.464392296256674,"{""type"":""MultiPoint"",""coordinates"":[]}"
20140815,2014-08-15,13.366443945615899,"{""type"":""MultiPoint"",""coordinates"":[]}"
20140816,2014-08-16,20.932649526684575,"{""type"":""MultiPoint"",""coordinates"":[]}"
20140817,2014-08-17,5.392839274356723,"{""type"":""MultiPoint"",""coordinates"":[]}"
20140818,2014-08-18,1.517693148261747,"{""type"":""MultiPoint"",""coordinates"":[]}"
20140819,2014-08-19,5.3046891137515155,"{""type"":""MultiPoint"",""coordinates"":[]}"
20140820,2014-08-20,5.394891925032459,"{""type"":""MultiPoint"",""coordinates"":[]}"
20140821,2014-08-21,9.62704959835143,"{""type"":""MultiPoint"",""coordinates"":[]}"
20140822,2014-08-22,4.329411853397392,"{""type"":""MultiPoint"",""coordinates"":[]}"
20140823,2014-08-23,1.4332595223271039,"{""type"":""MultiPoint"",""coordinates"":[]}"
20140824,2014-08-24,6.935666900072702,"{""type"":""MultiPoint"",""coordinates"":[]}"
20140825,2014-08-25,9.092262003741505,"{""type"":""MultiPoint"",""coordinates"":[]}"
20140826,2014-08-26,20.107373380049324,"{""type"":""MultiPoint"",""coordinates"":[]}"
20140827,2014-08-27,23.700302260477333,"{""type"":""MultiPoint"",""coordinates"":[]}"
20140828,2014-08-28,29.06809666632411,"{""type"":""MultiPoint"",""coordinates"":[]}"
20140829,2014-08-29,41.568171477275264,"{""type"":""MultiPoint"",""coordinates"":[]}"
20140830,2014-08-30,14.633838812814975,"{""type"":""MultiPoint"",""coordinates"":[]}"
20140831,2014-08-31,45.42957827846723,"{""type"":""MultiPoint"",""coordinates"":[]}"
20140901,2014-09-01,9.356215302796365,"{""type"":""MultiPoint"",""coordinates"":[]}"
20140902,2014-09-02,1.5418120165546394,"{""type"":""MultiPoint"",""coordinates"":[]}"
20140903,2014-09-03,2.0747575266828067,"{""type"":""MultiPoint"",""coordinates"":[]}"
20140904,2014-09-04,5.055964858747571,"{""type"":""MultiPoint"",""coordinates"":[]}"
20140905,2014-09-05,8.318147289786863,"{""type"":""MultiPoint"",""coordinates"":[]}"
20140906,2014-09-06,22.32946464043166,"{""type"":""MultiPoint"",""coordinates"":[]}"
20140907,2014-09-07,0.5906859213087381,"{""type"":""MultiPoint"",""coordinates"":[]}"
20140908,2014-09-08,0.0,"{""type"":""MultiPoint"",""coordinates"":[]}"
20140909,2014-09-09,0.04754662139569875,"{""type"":""MultiPoint"",""coordinates"":[]}"
20140910,2014-09-10,2.1407924151887783,"{""type"":""MultiPoint"",""coordinates"":[]}"
20140911,2014-09-11,1.4457688025021542,"{""type"":""MultiPoint"",""coordinates"":[]}"
20140912,2014-09-12,8.153998734624206,"{""type"":""MultiPoint"",""coordinates"":[]}"
20140913,2014-09-13,2.417330914328393,"{""type"":""MultiPoint"",""coordinates"":[]}"
20140914,2014-09-14,13.124995774038702,"{""type"":""MultiPoint"",""coordinates"":[]}"
20140915,2014-09-15,17.19406650210314,"{""type"":""MultiPoint"",""coordinates"":[]}"
20140916,2014-09-16,13.176489357200085,"{""type"":""MultiPoint"",""coordinates"":[]}"
20140917,2014-09-17,9.516380534304172,"{""type"":""MultiPoint"",""coordinates"":[]}"
20140918,2014-09-18,14.9443392532598,"{""type"":""MultiPoint"",""coordinates"":[]}"
20140919,2014-09-19,34.244678941139085,"{""type"":""MultiPoint"",""coordinates"":[]}"
20140920,2014-09-20,11.309660235454809,"{""type"":""MultiPoint"",""coordinates"":[]}"
20140921,2014-09-21,1.0823716727486343,"{""type"":""MultiPoint"",""coordinates"":[]}"
20140922,2014-09-22,9.743135486628347,"{""type"":""MultiPoint"",""coordinates"":[]}"
20140923,2014-09-23,16.649179282225525,"{""type"":""MultiPoint"",""coordinates"":[]}"
20140924,2014-09-24,5.122967988690786,"{""type"":""MultiPoint"",""coordinates"":[]}"
20140925,2014-09-25,0.7679477542794463,"{""type"":""MultiPoint"",""coordinates"":[]}"
20140926,2014-09-26,0.4149422270998541,"{""type"":""MultiPoint"",""coordinates"":[]}"
20140927,2014-09-27,0.5940656133015628,"{""type"":""MultiPoint"",""coordinates"":[]}"
20140928,2014-09-28,0.30285880981137714,"{""type"":""MultiPoint"",""coordinates"":[]}"
20140929,2014-09-29,0.0,"{""type"":""MultiPoint"",""coordinates"":[]}"
20140930,2014-09-30,0.0065613873561585975,"{""type"":""MultiPoint"",""coordinates"":[]}"
20141001,2014-10-01,1.6273157659649327,"{""type"":""MultiPoint"",""coordinates"":[]}"
20141002,2014-10-02,5.684086319699684,"{""type"":""MultiPoint"",""coordinates"":[]}"
20141003,2014-10-03,3.237473000433077,"{""type"":""MultiPoint"",""coordinates"":[]}"
20141004,2014-10-04,9.898743289965676,"{""type"":""MultiPoint"",""coordinates"":[]}"
20141005,2014-10-05,8.015110658026456,"{""type"":""MultiPoint"",""coordinates"":[]}"
20141006,2014-10-06,6.392179530761381,"{""type"":""MultiPoint"",""coordinates"":[]}"
20141007,2014-10-07,0.5331255089296266,"{""type"":""MultiPoint"",""coordinates"":[]}"
20141008,2014-10-08,4.074276804403758,"{""type"":""MultiPoint"",""coordinates"":[]}"
20141009,2014-10-09,6.602781065721278,"{""type"":""MultiPoint"",""coordinates"":[]}"
20141010,2014-10-10,7.667270638767781,"{""type"":""MultiPoint"",""coordinates"":[]}"
20141011,2014-10-11,36.738538024355584,"{""type"":""MultiPoint"",""coordinates"":[]}"
20141012,2014-10-12,56.58373763621214,"{""type"":""MultiPoint"",""coordinates"":[]}"
20141013,2014-10-13,1.4671486463447752,"{""type"":""MultiPoint"",""coordinates"":[]}"
20141014,2014-10-14,0.0,"{""type"":""MultiPoint"",""coordinates"":[]}"
20141015,2014-10-15,0.5068448713624605,"{""type"":""MultiPoint"",""coordinates"":[]}"
20141016,2014-10-16,1.749125893991655,"{""type"":""MultiPoint"",""coordinates"":[]}"
20141017,2014-10-17,2.1162784676273407,"{""type"":""MultiPoint"",""coordinates"":[]}"
20141018,2014-10-18,5.318327590199459,"{""type"":""MultiPoint"",""coordinates"":[]}"
20141019,2014-10-19,0.6922294568171011,"{""type"":""MultiPoint"",""coordinates"":[]}"
20141020,2014-10-20,0.0,"{""type"":""MultiPoint"",""coordinates"":[]}"
20141021,2014-10-21,0.0,"{""type"":""MultiPoint"",""coordinates"":[]}"
20141022,2014-10-22,0.0,"{""type"":""MultiPoint"",""coordinates"":[]}"
20141023,2014-10-23,0.0,"{""type"":""MultiPoint"",""coordinates"":[]}"
20141024,2014-10-24,0.0,"{""type"":""MultiPoint"",""coordinates"":[]}"
20141025,2014-10-25,3.444483693098648,"{""type"":""MultiPoint"",""coordinates"":[]}"
20141026,2014-10-26,17.746804876953302,"{""type"":""MultiPoint"",""coordinates"":[]}"
20141027,2014-10-27,0.39184470376285435,"{""type"":""MultiPoint"",""coordinates"":[]}"
20141028,2014-10-28,0.0,"{""type"":""MultiPoint"",""coordinates"":[]}"
20141029,2014-10-29,0.0,"{""type"":""MultiPoint"",""coordinates"":[]}"
20141030,2014-10-30,0.0,"{""type"":""MultiPoint"",""coordinates"":[]}"
20141031,2014-10-31,2.7356753763616197,"{""type"":""MultiPoint"",""coordinates"":[]}"
20141101,2014-11-01,2.4100547346400574,"{""type"":""MultiPoint"",""coordinates"":[]}"
20141102,2014-11-02,0.0,"{""type"":""MultiPoint"",""coordinates"":[]}"
20141103,2014-11-03,0.21371186237290649,"{""type"":""MultiPoint"",""coordinates"":[]}"
20141104,2014-11-04,0.31757378635072486,"{""type"":""MultiPoint"",""coordinates"":[]}"
20141105,2014-11-05,1.6722384983277387,"{""type"":""MultiPoint"",""coordinates"":[]}"
20141106,2014-11-06,3.872203684149537,"{""type"":""MultiPoint"",""coordinates"":[]}"
20141107,2014-11-07,0.0,"{""type"":""MultiPoint"",""coordinates"":[]}"
20141108,2014-11-08,3.555417809778521,"{""type"":""MultiPoint"",""coordinates"":[]}"
20141109,2014-11-09,11.628258100624127,"{""type"":""MultiPoint"",""coordinates"":[]}"
20141110,2014-11-10,0.6536249230585847,"{""type"":""MultiPoint"",""coordinates"":[]}"
20141111,2014-11-11,0.08340461956490111,"{""type"":""MultiPoint"",""coordinates"":[]}"
20141112,2014-11-12,2.9333321275582627,"{""type"":""MultiPoint"",""coordinates"":[]}"
20141113,2014-11-13,1.222682496697554,"{""type"":""MultiPoint"",""coordinates"":[]}"
20141114,2014-11-14,0.0,"{""type"":""MultiPoint"",""coordinates"":[]}"
20141115,2014-11-15,0.0,"{""type"":""MultiPoint"",""coordinates"":[]}"
20141116,2014-11-16,0.0,"{""type"":""MultiPoint"",""coordinates"":[]}"
20141117,2014-11-17,0.0,"{""type"":""MultiPoint"",""coordinates"":[]}"
20141118,2014-11-18,0.21457964922737588,"{""type"":""MultiPoint"",""coordinates"":[]}"
20141119,2014-11-19,0.0,"{""type"":""MultiPoint"",""coordinates"":[]}"
20141120,2014-11-20,0.0,"{""type"":""MultiPoint"",""coordinates"":[]}"
20141121,2014-11-21,0.0,"{""type"":""MultiPoint"",""coordinates"":[]}"
20141122,2014-11-22,0.0,"{""type"":""MultiPoint"",""coordinates"":[]}"
20141123,2014-11-23,0.02536684582753632,"{""type"":""MultiPoint"",""coordinates"":[]}"
20141124,2014-11-24,0.0,"{""type"":""MultiPoint"",""coordinates"":[]}"
20141125,2014-11-25,0.0,"{""type"":""MultiPoint"",""coordinates"":[]}"
20141126,2014-11-26,0.0,"{""type"":""MultiPoint"",""coordinates"":[]}"
20141127,2014-11-27,0.0073311801531528815,"{""type"":""MultiPoint"",""coordinates"":[]}"
20141128,2014-11-28,0.6436803438315124,"{""type"":""MultiPoint"",""coordinates"":[]}"
20141129,2014-11-29,0.0,"{""type"":""MultiPoint"",""coordinates"":[]}"
20141130,2014-11-30,0.0,"{""type"":""MultiPoint"",""coordinates"":[]}"
20141201,2014-12-01,0.004364815542151325,"{""type"":""MultiPoint"",""coordinates"":[]}"
20141202,2014-12-02,0.0,"{""type"":""MultiPoint"",""coordinates"":[]}"
20141203,2014-12-03,0.0,"{""type"":""MultiPoint"",""coordinates"":[]}"
20141204,2014-12-04,0.11760019645137244,"{""type"":""MultiPoint"",""coordinates"":[]}"
20141205,2014-12-05,0.15725789303140483,"{""type"":""MultiPoint"",""coordinates"":[]}"
20141206,2014-12-06,0.27488629670136727,"{""type"":""MultiPoint"",""coordinates"":[]}"
20141207,2014-12-07,0.0412496484036185,"{""type"":""MultiPoint"",""coordinates"":[]}"
20141208,2014-12-08,0.04693656954068181,"{""type"":""MultiPoint"",""coordinates"":[]}"
20141209,2014-12-09,1.295885643761533,"{""type"":""MultiPoint"",""coordinates"":[]}"
20141210,2014-12-10,1.1380506382412297,"{""type"":""MultiPoint"",""coordinates"":[]}"
20141211,2014-12-11,0.0,"{""type"":""MultiPoint"",""coordinates"":[]}"
20141212,2014-12-12,0.0,"{""type"":""MultiPoint"",""coordinates"":[]}"
20141213,2014-12-13,0.0,"{""type"":""MultiPoint"",""coordinates"":[]}"
20141214,2014-12-14,0.0,"{""type"":""MultiPoint"",""coordinates"":[]}"
20141215,2014-12-15,0.0,"{""type"":""MultiPoint"",""coordinates"":[]}"
20141216,2014-12-16,0.0,"{""type"":""MultiPoint"",""coordinates"":[]}"
20141217,2014-12-17,0.034908197221926465,"{""type"":""MultiPoint"",""coordinates"":[]}"
20141218,2014-12-18,0.013715636948543454,"{""type"":""MultiPoint"",""coordinates"":[]}"
20141219,2014-12-19,0.0,"{""type"":""MultiPoint"",""coordinates"":[]}"
20141220,2014-12-20,0.024561367429911624,"{""type"":""MultiPoint"",""coordinates"":[]}"
20141221,2014-12-21,0.0,"{""type"":""MultiPoint"",""coordinates"":[]}"
20141222,2014-12-22,0.0,"{""type"":""MultiPoint"",""coordinates"":[]}"
20141223,2014-12-23,0.071147070130146,"{""type"":""MultiPoint"",""coordinates"":[]}"
20141224,2014-12-24,0.08235273804946602,"{""type"":""MultiPoint"",""coordinates"":[]}"
20141225,2014-12-25,0.0,"{""type"":""MultiPoint"",""coordinates"":[]}"
20141226,2014-12-26,0.0,"{""type"":""MultiPoint"",""coordinates"":[]}"
20141227,2014-12-27,0.14075501429958176,"{""type"":""MultiPoint"",""coordinates"":[]}"
20141228,2014-12-28,0.08758447523873172,"{""type"":""MultiPoint"",""coordinates"":[]}"
20141229,2014-12-29,0.008845779265643573,"{""type"":""MultiPoint"",""coordinates"":[]}"
20141230,2014-12-30,0.013033313927686927,"{""type"":""MultiPoint"",""coordinates"":[]}"
20141231,2014-12-31,0.0,"{""type"":""MultiPoint"",""coordinates"":[]}"
20150101,2015-01-01,0.0,"{""type"":""MultiPoint"",""coordinates"":[]}"
20150102,2015-01-02,0.0,"{""type"":""MultiPoint"",""coordinates"":[]}"
20150103,2015-01-03,0.0,"{""type"":""MultiPoint"",""coordinates"":[]}"
20150104,2015-01-04,0.0,"{""type"":""MultiPoint"",""coordinates"":[]}"
20150105,2015-01-05,0.0,"{""type"":""MultiPoint"",""coordinates"":[]}"
20150106,2015-01-06,0.046560226032970366,"{""type"":""MultiPoint"",""coordinates"":[]}"
20150107,2015-01-07,0.0,"{""type"":""MultiPoint"",""coordinates"":[]}"
20150108,2015-01-08,0.0,"{""type"":""MultiPoint"",""coordinates"":[]}"
20150109,2015-01-09,0.0,"{""type"":""MultiPoint"",""coordinates"":[]}"
20150110,2015-01-10,0.0,"{""type"":""MultiPoint"",""coordinates"":[]}"
20150111,2015-01-11,0.0,"{""type"":""MultiPoint"",""coordinates"":[]}"
20150112,2015-01-12,0.05910300406042504,"{""type"":""MultiPoint"",""coordinates"":[]}"
20150113,2015-01-13,0.0,"{""type"":""MultiPoint"",""coordinates"":[]}"
20150114,2015-01-14,0.0,"{""type"":""MultiPoint"",""coordinates"":[]}"
20150115,2015-01-15,0.0,"{""type"":""MultiPoint"",""coordinates"":[]}"
20150116,2015-01-16,0.5299512195067956,"{""type"":""MultiPoint"",""coordinates"":[]}"
20150117,2015-01-17,0.0,"{""type"":""MultiPoint"",""coordinates"":[]}"
20150118,2015-01-18,0.0,"{""type"":""MultiPoint"",""coordinates"":[]}"
20150119,2015-01-19,0.0,"{""type"":""MultiPoint"",""coordinates"":[]}"
20150120,2015-01-20,0.0,"{""type"":""MultiPoint"",""coordinates"":[]}"
20150121,2015-01-21,0.0,"{""type"":""MultiPoint"",""coordinates"":[]}"
20150122,2015-01-22,0.0,"{""type"":""MultiPoint"",""coordinates"":[]}"
20150123,2015-01-23,0.0,"{""type"":""MultiPoint"",""coordinates"":[]}"
20150124,2015-01-24,0.0,"{""type"":""MultiPoint"",""coordinates"":[]}"
20150125,2015-01-25,0.0,"{""type"":""MultiPoint"",""coordinates"":[]}"
20150126,2015-01-26,0.0,"{""type"":""MultiPoint"",""coordinates"":[]}"
20150127,2015-01-27,0.0,"{""type"":""MultiPoint"",""coordinates"":[]}"
20150128,2015-01-28,0.0,"{""type"":""MultiPoint"",""coordinates"":[]}"
20150129,2015-01-29,0.0,"{""type"":""MultiPoint"",""coordinates"":[]}"
20150130,2015-01-30,0.0,"{""type"":""MultiPoint"",""coordinates"":[]}"
20150131,2015-01-31,0.7541056626920714,"{""type"":""MultiPoint"",""coordinates"":[]}"
20150201,2015-02-01,1.6480795264456904,"{""type"":""MultiPoint"",""coordinates"":[]}"
20150202,2015-02-02,0.0,"{""type"":""MultiPoint"",""coordinates"":[]}"
20150203,2015-02-03,0.0,"{""type"":""MultiPoint"",""coordinates"":[]}"
20150204,2015-02-04,0.0,"{""type"":""MultiPoint"",""coordinates"":[]}"
20150205,2015-02-05,0.0,"{""type"":""MultiPoint"",""coordinates"":[]}"
20150206,2015-02-06,0.3443782107741606,"{""type"":""MultiPoint"",""coordinates"":[]}"
20150207,2015-02-07,0.0,"{""type"":""MultiPoint"",""coordinates"":[]}"
20150208,2015-02-08,0.4580517811079329,"{""type"":""MultiPoint"",""coordinates"":[]}"
20150209,2015-02-09,0.9893650249139075,"{""type"":""MultiPoint"",""coordinates"":[]}"
20150210,2015-02-10,2.20299999680633,"{""type"":""MultiPoint"",""coordinates"":[]}"
20150211,2015-02-11,0.0,"{""type"":""MultiPoint"",""coordinates"":[]}"
20150212,2015-02-12,0.0,"{""type"":""MultiPoint"",""coordinates"":[]}"
20150213,2015-02-13,0.42783998623784314,"{""type"":""MultiPoint"",""coordinates"":[]}"
20150214,2015-02-14,0.0,"{""type"":""MultiPoint"",""coordinates"":[]}"
20150215,2015-02-15,0.0,"{""type"":""MultiPoint"",""coordinates"":[]}"
20150216,2015-02-16,0.37255850577701816,"{""type"":""MultiPoint"",""coordinates"":[]}"
20150217,2015-02-17,0.0,"{""type"":""MultiPoint"",""coordinates"":[]}"
20150218,2015-02-18,0.11204958829127444,"{""type"":""MultiPoint"",""coordinates"":[]}"
20150219,2015-02-19,0.0,"{""type"":""MultiPoint"",""coordinates"":[]}"
20150220,2015-02-20,0.23866466932619004,"{""type"":""MultiPoint"",""coordinates"":[]}"
20150221,2015-02-21,0.0015703252972587274,"{""type"":""MultiPoint"",""coordinates"":[]}"
20150222,2015-02-22,0.0,"{""type"":""MultiPoint"",""coordinates"":[]}"
20150223,2015-02-23,0.0,"{""type"":""MultiPoint"",""coordinates"":[]}"
20150224,2015-02-24,0.12349518807817378,"{""type"":""MultiPoint"",""coordinates"":[]}"
20150225,2015-02-25,0.19774357922273889,"{""type"":""MultiPoint"",""coordinates"":[]}"
20150226,2015-02-26,0.0,"{""type"":""MultiPoint"",""coordinates"":[]}"
20150227,2015-02-27,0.0,"{""type"":""MultiPoint"",""coordinates"":[]}"
20150228,2015-02-28,0.0,"{""type"":""MultiPoint"",""coordinates"":[]}"
20150301,2015-03-01,0.0,"{""type"":""MultiPoint"",""coordinates"":[]}"
20150302,2015-03-02,0.0,"{""type"":""MultiPoint"",""coordinates"":[]}"
20150303,2015-03-03,0.057260329103939675,"{""type"":""MultiPoint"",""coordinates"":[]}"
20150304,2015-03-04,0.0,"{""type"":""MultiPoint"",""coordinates"":[]}"
20150305,2015-03-05,0.29050807122680355,"{""type"":""MultiPoint"",""coordinates"":[]}"
20150306,2015-03-06,1.0930551216651674,"{""type"":""MultiPoint"",""coordinates"":[]}"
20150307,2015-03-07,0.006386952402414664,"{""type"":""MultiPoint"",""coordinates"":[]}"
20150308,2015-03-08,0.0,"{""type"":""MultiPoint"",""coordinates"":[]}"
20150309,2015-03-09,0.0,"{""type"":""MultiPoint"",""coordinates"":[]}"
20150310,2015-03-10,0.0,"{""type"":""MultiPoint"",""coordinates"":[]}"
20150311,2015-03-11,0.0,"{""type"":""MultiPoint"",""coordinates"":[]}"
20150312,2015-03-12,0.0,"{""type"":""MultiPoint"",""coordinates"":[]}"
20150313,2015-03-13,0.0,"{""type"":""MultiPoint"",""coordinates"":[]}"
20150314,2015-03-14,0.002556287628019035,"{""type"":""MultiPoint"",""coordinates"":[]}"
20150315,2015-03-15,0.0,"{""type"":""MultiPoint"",""coordinates"":[]}"
20150316,2015-03-16,0.0844473044786994,"{""type"":""MultiPoint"",""coordinates"":[]}"
20150317,2015-03-17,0.0,"{""type"":""MultiPoint"",""coordinates"":[]}"
20150318,2015-03-18,0.0,"{""type"":""MultiPoint"",""coordinates"":[]}"
20150319,2015-03-19,0.26784233169045507,"{""type"":""MultiPoint"",""coordinates"":[]}"
20150320,2015-03-20,0.0,"{""type"":""MultiPoint"",""coordinates"":[]}"
20150321,2015-03-21,0.0,"{""type"":""MultiPoint"",""coordinates"":[]}"
20150322,2015-03-22,0.0,"{""type"":""MultiPoint"",""coordinates"":[]}"
20150323,2015-03-23,0.0,"{""type"":""MultiPoint"",""coordinates"":[]}"
20150324,2015-03-24,0.0,"{""type"":""MultiPoint"",""coordinates"":[]}"
20150325,2015-03-25,0.8385987969277919,"{""type"":""MultiPoint"",""coordinates"":[]}"
20150326,2015-03-26,0.0,"{""type"":""MultiPoint"",""coordinates"":[]}"
20150327,2015-03-27,0.0,"{""type"":""MultiPoint"",""coordinates"":[]}"
20150328,2015-03-28,0.0,"{""type"":""MultiPoint"",""coordinates"":[]}"
20150329,2015-03-29,0.03713535251956702,"{""type"":""MultiPoint"",""coordinates"":[]}"
20150330,2015-03-30,1.0157696806196057,"{""type"":""MultiPoint"",""coordinates"":[]}"
20150331,2015-03-31,0.08340420635582273,"{""type"":""MultiPoint"",""coordinates"":[]}"
20150401,2015-04-01,0.0,"{""type"":""MultiPoint"",""coordinates"":[]}"
20150402,2015-04-02,0.0,"{""type"":""MultiPoint"",""coordinates"":[]}"
20150403,2015-04-03,0.0013938255718274678,"{""type"":""MultiPoint"",""coordinates"":[]}"
20150404,2015-04-04,0.0,"{""type"":""MultiPoint"",""coordinates"":[]}"
20150405,2015-04-05,0.0,"{""type"":""MultiPoint"",""coordinates"":[]}"
20150406,2015-04-06,0.0,"{""type"":""MultiPoint"",""coordinates"":[]}"
20150407,2015-04-07,0.0,"{""type"":""MultiPoint"",""coordinates"":[]}"
20150408,2015-04-08,0.0,"{""type"":""MultiPoint"",""coordinates"":[]}"
20150409,2015-04-09,0.0,"{""type"":""MultiPoint"",""coordinates"":[]}"
20150410,2015-04-10,0.0,"{""type"":""MultiPoint"",""coordinates"":[]}"
20150411,2015-04-11,0.0,"{""type"":""MultiPoint"",""coordinates"":[]}"
20150412,2015-04-12,0.0,"{""type"":""MultiPoint"",""coordinates"":[]}"
20150413,2015-04-13,0.2741737592066333,"{""type"":""MultiPoint"",""coordinates"":[]}"
20150414,2015-04-14,0.022808694721763337,"{""type"":""MultiPoint"",""coordinates"":[]}"
20150415,2015-04-15,0.0,"{""type"":""MultiPoint"",""coordinates"":[]}"
20150416,2015-04-16,0.0,"{""type"":""MultiPoint"",""coordinates"":[]}"
20150417,2015-04-17,0.2987036306286467,"{""type"":""MultiPoint"",""coordinates"":[]}"
20150418,2015-04-18,0.0,"{""type"":""MultiPoint"",""coordinates"":[]}"
20150419,2015-04-19,1.1323157717015035,"{""type"":""MultiPoint"",""coordinates"":[]}"
20150420,2015-04-20,0.0731874215557944,"{""type"":""MultiPoint"",""coordinates"":[]}"
20150421,2015-04-21,0.7332129918096162,"{""type"":""MultiPoint"",""coordinates"":[]}"
20150422,2015-04-22,1.7223040348069507,"{""type"":""MultiPoint"",""coordinates"":[]}"
20150423,2015-04-23,0.4880293317840543,"{""type"":""MultiPoint"",""coordinates"":[]}"
20150424,2015-04-24,12.926327783962803,"{""type"":""MultiPoint"",""coordinates"":[]}"
20150425,2015-04-25,0.960588894413474,"{""type"":""MultiPoint"",""coordinates"":[]}"
20150426,2015-04-26,0.0,"{""type"":""MultiPoint"",""coordinates"":[]}"
20150427,2015-04-27,0.0,"{""type"":""MultiPoint"",""coordinates"":[]}"
20150428,2015-04-28,0.0,"{""type"":""MultiPoint"",""coordinates"":[]}"
20150429,2015-04-29,4.7991671519865005,"{""type"":""MultiPoint"",""coordinates"":[]}"
20150430,2015-04-30,0.43836366001747085,"{""type"":""MultiPoint"",""coordinates"":[]}"
20150501,2015-05-01,1.8599006838641823,"{""type"":""MultiPoint"",""coordinates"":[]}"
20150502,2015-05-02,0.025314702217063213,"{""type"":""MultiPoint"",""coordinates"":[]}"
20150503,2015-05-03,0.0733705344473715,"{""type"":""MultiPoint"",""coordinates"":[]}"
20150504,2015-05-04,0.0,"{""type"":""MultiPoint"",""coordinates"":[]}"
20150505,2015-05-05,0.29757859644526924,"{""type"":""MultiPoint"",""coordinates"":[]}"
20150506,2015-05-06,1.83978544387701,"{""type"":""MultiPoint"",""coordinates"":[]}"
20150507,2015-05-07,0.0,"{""type"":""MultiPoint"",""coordinates"":[]}"
20150508,2015-05-08,1.3421562458180871,"{""type"":""MultiPoint"",""coordinates"":[]}"
20150509,2015-05-09,0.34280448637124505,"{""type"":""MultiPoint"",""coordinates"":[]}"
20150510,2015-05-10,0.0,"{""type"":""MultiPoint"",""coordinates"":[]}"
20150511,2015-05-11,0.0,"{""type"":""MultiPoint"",""coordinates"":[]}"
20150512,2015-05-12,0.0,"{""type"":""MultiPoint"",""coordinates"":[]}"
20150513,2015-05-13,1.179381721598174,"{""type"":""MultiPoint"",""coordinates"":[]}"
20150514,2015-05-14,0.0,"{""type"":""MultiPoint"",""coordinates"":[]}"
20150515,2015-05-15,2.1163118184749243,"{""type"":""MultiPoint"",""coordinates"":[]}"
20150516,2015-05-16,11.686116597780087,"{""type"":""MultiPoint"",""coordinates"":[]}"
20150517,2015-05-17,1.3052416145900079,"{""type"":""MultiPoint"",""coordinates"":[]}"
20150518,2015-05-18,2.4559585622253026,"{""type"":""MultiPoint"",""coordinates"":[]}"
20150519,2015-05-19,0.0,"{""type"":""MultiPoint"",""coordinates"":[]}"
20150520,2015-05-20,0.0,"{""type"":""MultiPoint"",""coordinates"":[]}"
20150521,2015-05-21,0.0,"{""type"":""MultiPoint"",""coordinates"":[]}"
20150522,2015-05-22,0.0,"{""type"":""MultiPoint"",""coordinates"":[]}"
20150523,2015-05-23,0.15065758285687686,"{""type"":""MultiPoint"",""coordinates"":[]}"
20150524,2015-05-24,0.0,"{""type"":""MultiPoint"",""coordinates"":[]}"
20150525,2015-05-25,0.0,"{""type"":""MultiPoint"",""coordinates"":[]}"
20150526,2015-05-26,0.0,"{""type"":""MultiPoint"",""coordinates"":[]}"
20150527,2015-05-27,0.0,"{""type"":""MultiPoint"",""coordinates"":[]}"
20150528,2015-05-28,0.0,"{""type"":""MultiPoint"",""coordinates"":[]}"
20150529,2015-05-29,0.1774927948877499,"{""type"":""MultiPoint"",""coordinates"":[]}"
20150530,2015-05-30,0.0,"{""type"":""MultiPoint"",""coordinates"":[]}"
20150531,2015-05-31,0.5419802649918878,"{""type"":""MultiPoint"",""coordinates"":[]}"
20150601,2015-06-01,7.9713986930534215,"{""type"":""MultiPoint"",""coordinates"":[]}"
20150602,2015-06-02,0.7119639657908957,"{""type"":""MultiPoint"",""coordinates"":[]}"
20150603,2015-06-03,8.078797575217164,"{""type"":""MultiPoint"",""coordinates"":[]}"
20150604,2015-06-04,0.9666904911654093,"{""type"":""MultiPoint"",""coordinates"":[]}"
20150605,2015-06-05,15.164927084021512,"{""type"":""MultiPoint"",""coordinates"":[]}"
20150606,2015-06-06,33.4846487371735,"{""type"":""MultiPoint"",""coordinates"":[]}"
20150607,2015-06-07,24.751125296847682,"{""type"":""MultiPoint"",""coordinates"":[]}"
20150608,2015-06-08,26.33379099785202,"{""type"":""MultiPoint"",""coordinates"":[]}"
20150609,2015-06-09,0.16056775223278946,"{""type"":""MultiPoint"",""coordinates"":[]}"
20150610,2015-06-10,0.0,"{""type"":""MultiPoint"",""coordinates"":[]}"
20150611,2015-06-11,6.177085673602262,"{""type"":""MultiPoint"",""coordinates"":[]}"
20150612,2015-06-12,12.994746025145314,"{""type"":""MultiPoint"",""coordinates"":[]}"
20150613,2015-06-13,11.786459420453005,"{""type"":""MultiPoint"",""coordinates"":[]}"
20150614,2015-06-14,11.791352669918247,"{""type"":""MultiPoint"",""coordinates"":[]}"
20150615,2015-06-15,7.553847048879559,"{""type"":""MultiPoint"",""coordinates"":[]}"
20150616,2015-06-16,17.22274623590039,"{""type"":""MultiPoint"",""coordinates"":[]}"
20150617,2015-06-17,21.48216284622282,"{""type"":""MultiPoint"",""coordinates"":[]}"
20150618,2015-06-18,27.62147235427883,"{""type"":""MultiPoint"",""coordinates"":[]}"
20150619,2015-06-19,45.71852405103475,"{""type"":""MultiPoint"",""coordinates"":[]}"
20150620,2015-06-20,52.6071065925286,"{""type"":""MultiPoint"",""coordinates"":[]}"
20150621,2015-06-21,11.642220341367588,"{""type"":""MultiPoint"",""coordinates"":[]}"
20150622,2015-06-22,7.6146302173492355,"{""type"":""MultiPoint"",""coordinates"":[]}"
20150623,2015-06-23,3.8264968594532776,"{""type"":""MultiPoint"",""coordinates"":[]}"
20150624,2015-06-24,0.0,"{""type"":""MultiPoint"",""coordinates"":[]}"
20150625,2015-06-25,0.022305006557229938,"{""type"":""MultiPoint"",""coordinates"":[]}"
20150626,2015-06-26,0.01065744941751533,"{""type"":""MultiPoint"",""coordinates"":[]}"
20150627,2015-06-27,0.4997320833240653,"{""type"":""MultiPoint"",""coordinates"":[]}"
20150628,2015-06-28,0.4002256676472242,"{""type"":""MultiPoint"",""coordinates"":[]}"
20150629,2015-06-29,3.963436336668577,"{""type"":""MultiPoint"",""coordinates"":[]}"
20150630,2015-06-30,8.195495510049296,"{""type"":""MultiPoint"",""coordinates"":[]}"
20150701,2015-07-01,3.929129201478973,"{""type"":""MultiPoint"",""coordinates"":[]}"
20150702,2015-07-02,4.737621325897272,"{""type"":""MultiPoint"",""coordinates"":[]}"
20150703,2015-07-03,1.6465146788637663,"{""type"":""MultiPoint"",""coordinates"":[]}"
20150704,2015-07-04,0.0,"{""type"":""MultiPoint"",""coordinates"":[]}"
20150705,2015-07-05,0.0,"{""type"":""MultiPoint"",""coordinates"":[]}"
20150706,2015-07-06,0.0,"{""type"":""MultiPoint"",""coordinates"":[]}"
20150707,2015-07-07,0.81087371047382,"{""type"":""MultiPoint"",""coordinates"":[]}"
20150708,2015-07-08,2.050252080422192,"{""type"":""MultiPoint"",""coordinates"":[]}"
20150709,2015-07-09,0.6820835454612839,"{""type"":""MultiPoint"",""coordinates"":[]}"
20150710,2015-07-10,4.323761935167753,"{""type"":""MultiPoint"",""coordinates"":[]}"
20150711,2015-07-11,8.290214511823143,"{""type"":""MultiPoint"",""coordinates"":[]}"
20150712,2015-07-12,4.052158532470768,"{""type"":""MultiPoint"",""coordinates"":[]}"
20150713,2015-07-13,3.7696627637540137,"{""type"":""MultiPoint"",""coordinates"":[]}"
20150714,2015-07-14,2.6727914232671592,"{""type"":""MultiPoint"",""coordinates"":[]}"
20150715,2015-07-15,9.673715521338156,"{""type"":""MultiPoint"",""coordinates"":[]}"
20150716,2015-07-16,11.683601133555756,"{""type"":""MultiPoint"",""coordinates"":[]}"
20150717,2015-07-17,0.758099238146116,"{""type"":""MultiPoint"",""coordinates"":[]}"
20150718,2015-07-18,1.0248145120880503,"{""type"":""MultiPoint"",""coordinates"":[]}"
20150719,2015-07-19,15.240344116411826,"{""type"":""MultiPoint"",""coordinates"":[]}"
20150720,2015-07-20,5.367828360888807,"{""type"":""MultiPoint"",""coordinates"":[]}"
20150721,2015-07-21,6.620884865029065,"{""type"":""MultiPoint"",""coordinates"":[]}"
20150722,2015-07-22,15.743898186648664,"{""type"":""MultiPoint"",""coordinates"":[]}"
20150723,2015-07-23,21.32352559498549,"{""type"":""MultiPoint"",""coordinates"":[]}"
20150724,2015-07-24,2.1681940865886107,"{""type"":""MultiPoint"",""coordinates"":[]}"
20150725,2015-07-25,19.531554832260696,"{""type"":""MultiPoint"",""coordinates"":[]}"
20150726,2015-07-26,8.29527819352662,"{""type"":""MultiPoint"",""coordinates"":[]}"
20150727,2015-07-27,0.1510571900933102,"{""type"":""MultiPoint"",""coordinates"":[]}"
20150728,2015-07-28,0.736140702567403,"{""type"":""MultiPoint"",""coordinates"":[]}"
20150729,2015-07-29,0.05681879409034441,"{""type"":""MultiPoint"",""coordinates"":[]}"
20150730,2015-07-30,0.0,"{""type"":""MultiPoint"",""coordinates"":[]}"
20150731,2015-07-31,0.13857195992538004,"{""type"":""MultiPoint"",""coordinates"":[]}"
20150801,2015-08-01,7.627814498208665,"{""type"":""MultiPoint"",""coordinates"":[]}"
20150802,2015-08-02,1.8462789028652422,"{""type"":""MultiPoint"",""coordinates"":[]}"
20150803,2015-08-03,6.385855342419086,"{""type"":""MultiPoint"",""coordinates"":[]}"
20150804,2015-08-04,1.6326506198478612,"{""type"":""MultiPoint"",""coordinates"":[]}"
20150805,2015-08-05,0.10906668297291049,"{""type"":""MultiPoint"",""coordinates"":[]}"
20150806,2015-08-06,0.355499663517635,"{""type"":""MultiPoint"",""coordinates"":[]}"
20150807,2015-08-07,0.31581662982540015,"{""type"":""MultiPoint"",""coordinates"":[]}"
20150808,2015-08-08,4.155100402015862,"{""type"":""MultiPoint"",""coordinates"":[]}"
20150809,2015-08-09,7.452461549425099,"{""type"":""MultiPoint"",""coordinates"":[]}"
20150810,2015-08-10,4.55231244679695,"{""type"":""MultiPoint"",""coordinates"":[]}"
20150811,2015-08-11,17.2644099060519,"{""type"":""MultiPoint"",""coordinates"":[]}"
20150812,2015-08-12,19.612451852391384,"{""type"":""MultiPoint"",""coordinates"":[]}"
20150813,2015-08-13,0.20876789387828631,"{""type"":""MultiPoint"",""coordinates"":[]}"
20150814,2015-08-14,0.0,"{""type"":""MultiPoint"",""coordinates"":[]}"
20150815,2015-08-15,9.1374754644207,"{""type"":""MultiPoint"",""coordinates"":[]}"
20150816,2015-08-16,21.736348018344835,"{""type"":""MultiPoint"",""coordinates"":[]}"
20150817,2015-08-17,7.162264734046131,"{""type"":""MultiPoint"",""coordinates"":[]}"
20150818,2015-08-18,0.42094113636044184,"{""type"":""MultiPoint"",""coordinates"":[]}"
20150819,2015-08-19,0.7052729930615773,"{""type"":""MultiPoint"",""coordinates"":[]}"
20150820,2015-08-20,3.470271832343514,"{""type"":""MultiPoint"",""coordinates"":[]}"
20150821,2015-08-21,2.9442024727012086,"{""type"":""MultiPoint"",""coordinates"":[]}"
20150822,2015-08-22,3.203453309346429,"{""type"":""MultiPoint"",""coordinates"":[]}"
20150823,2015-08-23,1.0260098343179918,"{""type"":""MultiPoint"",""coordinates"":[]}"
20150824,2015-08-24,0.5166991334392511,"{""type"":""MultiPoint"",""coordinates"":[]}"
20150825,2015-08-25,10.27579273356233,"{""type"":""MultiPoint"",""coordinates"":[]}"
20150826,2015-08-26,15.320623604901689,"{""type"":""MultiPoint"",""coordinates"":[]}"
20150827,2015-08-27,20.055138081170956,"{""type"":""MultiPoint"",""coordinates"":[]}"
20150828,2015-08-28,1.4250087607763213,"{""type"":""MultiPoint"",""coordinates"":[]}"
20150829,2015-08-29,0.6982877993484361,"{""type"":""MultiPoint"",""coordinates"":[]}"
20150830,2015-08-30,2.7217195266171097,"{""type"":""MultiPoint"",""coordinates"":[]}"
20150831,2015-08-31,9.116893360911641,"{""type"":""MultiPoint"",""coordinates"":[]}"
20150901,2015-09-01,18.09094527296447,"{""type"":""MultiPoint"",""coordinates"":[]}"
20150902,2015-09-02,5.7141823848756,"{""type"":""MultiPoint"",""coordinates"":[]}"
20150903,2015-09-03,2.3025478758698763,"{""type"":""MultiPoint"",""coordinates"":[]}"
20150904,2015-09-04,1.7729727732170655,"{""type"":""MultiPoint"",""coordinates"":[]}"
20150905,2015-09-05,3.6912997455871674,"{""type"":""MultiPoint"",""coordinates"":[]}"
20150906,2015-09-06,17.841610821515406,"{""type"":""MultiPoint"",""coordinates"":[]}"
20150907,2015-09-07,1.1292554520034597,"{""type"":""MultiPoint"",""coordinates"":[]}"
20150908,2015-09-08,2.3943820811108365,"{""type"":""MultiPoint"",""coordinates"":[]}"
20150909,2015-09-09,2.481444658534482,"{""type"":""MultiPoint"",""coordinates"":[]}"
20150910,2015-09-10,2.2677958123587083,"{""type"":""MultiPoint"",""coordinates"":[]}"
20150911,2015-09-11,2.8393130279254226,"{""type"":""MultiPoint"",""coordinates"":[]}"
20150912,2015-09-12,22.002513924175584,"{""type"":""MultiPoint"",""coordinates"":[]}"
20150913,2015-09-13,14.323275110200234,"{""type"":""MultiPoint"",""coordinates"":[]}"
20150914,2015-09-14,19.388154172574673,"{""type"":""MultiPoint"",""coordinates"":[]}"
20150915,2015-09-15,17.145691359630902,"{""type"":""MultiPoint"",""coordinates"":[]}"
20150916,2015-09-16,19.41775042795411,"{""type"":""MultiPoint"",""coordinates"":[]}"
20150917,2015-09-17,6.451376907552578,"{""type"":""MultiPoint"",""coordinates"":[]}"
20150918,2015-09-18,3.583046117900751,"{""type"":""MultiPoint"",""coordinates"":[]}"
20150919,2015-09-19,22.00964743757494,"{""type"":""MultiPoint"",""coordinates"":[]}"
20150920,2015-09-20,13.675812370900267,"{""type"":""MultiPoint"",""coordinates"":[]}"
20150921,2015-09-21,1.9150685289979243,"{""type"":""MultiPoint"",""coordinates"":[]}"
20150922,2015-09-22,0.0,"{""type"":""MultiPoint"",""coordinates"":[]}"
20150923,2015-09-23,1.0300320758842498,"{""type"":""MultiPoint"",""coordinates"":[]}"
20150924,2015-09-24,2.046483862751885,"{""type"":""MultiPoint"",""coordinates"":[]}"
20150925,2015-09-25,0.5697035930904458,"{""type"":""MultiPoint"",""coordinates"":[]}"
20150926,2015-09-26,13.161468888241398,"{""type"":""MultiPoint"",""coordinates"":[]}"
20150927,2015-09-27,0.32439583543772726,"{""type"":""MultiPoint"",""coordinates"":[]}"
20150928,2015-09-28,0.6166843991137821,"{""type"":""MultiPoint"",""coordinates"":[]}"
20150929,2015-09-29,0.27355436061509025,"{""type"":""MultiPoint"",""coordinates"":[]}"
20150930,2015-09-30,12.4465521499398,"{""type"":""MultiPoint"",""coordinates"":[]}"
20151001,2015-10-01,9.557264035672297,"{""type"":""MultiPoint"",""coordinates"":[]}"
20151002,2015-10-02,12.392856319558838,"{""type"":""MultiPoint"",""coordinates"":[]}"
20151003,2015-10-03,3.5448262501079317,"{""type"":""MultiPoint"",""coordinates"":[]}"
20151004,2015-10-04,7.648910496067206,"{""type"":""MultiPoint"",""coordinates"":[]}"
20151005,2015-10-05,1.65126459907909,"{""type"":""MultiPoint"",""coordinates"":[]}"
20151006,2015-10-06,0.3975963944463267,"{""type"":""MultiPoint"",""coordinates"":[]}"
20151007,2015-10-07,10.812657535462394,"{""type"":""MultiPoint"",""coordinates"":[]}"
20151008,2015-10-08,1.7584129798724741,"{""type"":""MultiPoint"",""coordinates"":[]}"
20151009,2015-10-09,0.6496424261910752,"{""type"":""MultiPoint"",""coordinates"":[]}"
20151010,2015-10-10,0.0,"{""type"":""MultiPoint"",""coordinates"":[]}"
20151011,2015-10-11,0.015899155621237605,"{""type"":""MultiPoint"",""coordinates"":[]}"
20151012,2015-10-12,0.0,"{""type"":""MultiPoint"",""coordinates"":[]}"
20151013,2015-10-13,0.0,"{""type"":""MultiPoint"",""coordinates"":[]}"
20151014,2015-10-14,1.5777089989243938,"{""type"":""MultiPoint"",""coordinates"":[]}"
20151015,2015-10-15,2.6012585927089598,"{""type"":""MultiPoint"",""coordinates"":[]}"
20151016,2015-10-16,0.9690949332104757,"{""type"":""MultiPoint"",""coordinates"":[]}"
20151017,2015-10-17,0.32383491469201026,"{""type"":""MultiPoint"",""coordinates"":[]}"
20151018,2015-10-18,1.636806900735787,"{""type"":""MultiPoint"",""coordinates"":[]}"
20151019,2015-10-19,0.0,"{""type"":""MultiPoint"",""coordinates"":[]}"
20151020,2015-10-20,0.0,"{""type"":""MultiPoint"",""coordinates"":[]}"
20151021,2015-10-21,0.0,"{""type"":""MultiPoint"",""coordinates"":[]}"
20151022,2015-10-22,0.0,"{""type"":""MultiPoint"",""coordinates"":[]}"
20151023,2015-10-23,0.0,"{""type"":""MultiPoint"",""coordinates"":[]}"
20151024,2015-10-24,0.007644700978803849,"{""type"":""MultiPoint"",""coordinates"":[]}"
20151025,2015-10-25,0.0,"{""type"":""MultiPoint"",""coordinates"":[]}"
20151026,2015-10-26,0.0,"{""type"":""MultiPoint"",""coordinates"":[]}"
20151027,2015-10-27,0.804647994805009,"{""type"":""MultiPoint"",""coordinates"":[]}"
20151028,2015-10-28,5.1593349019363215,"{""type"":""MultiPoint"",""coordinates"":[]}"
20151029,2015-10-29,0.0,"{""type"":""MultiPoint"",""coordinates"":[]}"
20151030,2015-10-30,0.8894693324962597,"{""type"":""MultiPoint"",""coordinates"":[]}"
20151031,2015-10-31,44.33009466805116,"{""type"":""MultiPoint"",""coordinates"":[]}"
20151101,2015-11-01,1.265749428923039,"{""type"":""MultiPoint"",""coordinates"":[]}"
20151102,2015-11-02,0.11254461716306535,"{""type"":""MultiPoint"",""coordinates"":[]}"
20151103,2015-11-03,0.0,"{""type"":""MultiPoint"",""coordinates"":[]}"
20151104,2015-11-04,0.008787856935658629,"{""type"":""MultiPoint"",""coordinates"":[]}"
20151105,2015-11-05,0.0,"{""type"":""MultiPoint"",""coordinates"":[]}"
20151106,2015-11-06,0.0,"{""type"":""MultiPoint"",""coordinates"":[]}"
20151107,2015-11-07,0.0,"{""type"":""MultiPoint"",""coordinates"":[]}"
20151108,2015-11-08,2.509048859706653,"{""type"":""MultiPoint"",""coordinates"":[]}"
20151109,2015-11-09,12.3227441163372,"{""type"":""MultiPoint"",""coordinates"":[]}"
20151110,2015-11-10,7.416867515892562,"{""type"":""MultiPoint"",""coordinates"":[]}"
20151111,2015-11-11,0.0,"{""type"":""MultiPoint"",""coordinates"":[]}"
20151112,2015-11-12,0.0,"{""type"":""MultiPoint"",""coordinates"":[]}"
20151113,2015-11-13,0.0,"{""type"":""MultiPoint"",""coordinates"":[]}"
20151114,2015-11-14,0.06667520129453879,"{""type"":""MultiPoint"",""coordinates"":[]}"
20151115,2015-11-15,2.579215339583374,"{""type"":""MultiPoint"",""coordinates"":[]}"
20151116,2015-11-16,46.679727312187374,"{""type"":""MultiPoint"",""coordinates"":[]}"
20151117,2015-11-17,21.62582427490675,"{""type"":""MultiPoint"",""coordinates"":[]}"
20151118,2015-11-18,0.17818537308421503,"{""type"":""MultiPoint"",""coordinates"":[]}"
20151119,2015-11-19,3.3706483494894144,"{""type"":""MultiPoint"",""coordinates"":[]}"
20151120,2015-11-20,0.03347203881517387,"{""type"":""MultiPoint"",""coordinates"":[]}"
20151121,2015-11-21,0.02443888216101288,"{""type"":""MultiPoint"",""coordinates"":[]}"
20151122,2015-11-22,0.0,"{""type"":""MultiPoint"",""coordinates"":[]}"
20151123,2015-11-23,0.0,"{""type"":""MultiPoint"",""coordinates"":[]}"
20151124,2015-11-24,0.0,"{""type"":""MultiPoint"",""coordinates"":[]}"
20151125,2015-11-25,0.0,"{""type"":""MultiPoint"",""coordinates"":[]}"
20151126,2015-11-26,0.0,"{""type"":""MultiPoint"",""coordinates"":[]}"
20151127,2015-11-27,0.0,"{""type"":""MultiPoint"",""coordinates"":[]}"
20151128,2015-11-28,0.0,"{""type"":""MultiPoint"",""coordinates"":[]}"
20151129,2015-11-29,0.3246628696800932,"{""type"":""MultiPoint"",""coordinates"":[]}"
20151130,2015-11-30,0.27996493149430135,"{""type"":""MultiPoint"",""coordinates"":[]}"
20151201,2015-12-01,1.0009553256812924,"{""type"":""MultiPoint"",""coordinates"":[]}"
20151202,2015-12-02,1.6014572309466044,"{""type"":""MultiPoint"",""coordinates"":[]}"
20151203,2015-12-03,0.0,"{""type"":""MultiPoint"",""coordinates"":[]}"
20151204,2015-12-04,0.0,"{""type"":""MultiPoint"",""coordinates"":[]}"
20151205,2015-12-05,0.0,"{""type"":""MultiPoint"",""coordinates"":[]}"
20151206,2015-12-06,0.3374224933143774,"{""type"":""MultiPoint"",""coordinates"":[]}"
20151207,2015-12-07,0.0,"{""type"":""MultiPoint"",""coordinates"":[]}"
20151208,2015-12-08,0.18510963783614368,"{""type"":""MultiPoint"",""coordinates"":[]}"
20151209,2015-12-09,0.048080567412979815,"{""type"":""MultiPoint"",""coordinates"":[]}"
20151210,2015-12-10,0.0,"{""type"":""MultiPoint"",""coordinates"":[]}"
20151211,2015-12-11,0.0,"{""type"":""MultiPoint"",""coordinates"":[]}"
20151212,2015-12-12,0.0,"{""type"":""MultiPoint"",""coordinates"":[]}"
20151213,2015-12-13,0.0,"{""type"":""MultiPoint"",""coordinates"":[]}"
20151214,2015-12-14,0.0,"{""type"":""MultiPoint"",""coordinates"":[]}"
20151215,2015-12-15,0.0,"{""type"":""MultiPoint"",""coordinates"":[]}"
20151216,2015-12-16,0.0,"{""type"":""MultiPoint"",""coordinates"":[]}"
20151217,2015-12-17,0.0,"{""type"":""MultiPoint"",""coordinates"":[]}"
20151218,2015-12-18,0.0,"{""type"":""MultiPoint"",""coordinates"":[]}"
20151219,2015-12-19,0.0,"{""type"":""MultiPoint"",""coordinates"":[]}"
20151220,2015-12-20,0.0,"{""type"":""MultiPoint"",""coordinates"":[]}"
20151221,2015-12-21,0.0,"{""type"":""MultiPoint"",""coordinates"":[]}"
20151222,2015-12-22,0.0,"{""type"":""MultiPoint"",""coordinates"":[]}"
20151223,2015-12-23,0.0,"{""type"":""MultiPoint"",""coordinates"":[]}"
20151224,2015-12-24,0.0,"{""type"":""MultiPoint"",""coordinates"":[]}"
20151225,2015-12-25,0.0,"{""type"":""MultiPoint"",""coordinates"":[]}"
20151226,2015-12-26,0.12121960597403085,"{""type"":""MultiPoint"",""coordinates"":[]}"
20151227,2015-12-27,0.0,"{""type"":""MultiPoint"",""coordinates"":[]}"
20151228,2015-12-28,0.21447059652515205,"{""type"":""MultiPoint"",""coordinates"":[]}"
20151229,2015-12-29,0.0,"{""type"":""MultiPoint"",""coordinates"":[]}"
20151230,2015-12-30,0.0,"{""type"":""MultiPoint"",""coordinates"":[]}"
20151231,2015-12-31,0.0,"{""type"":""MultiPoint"",""coordinates"":[]}"
20160101,2016-01-01,0.0,"{""type"":""MultiPoint"",""coordinates"":[]}"
20160102,2016-01-02,0.0,"{""type"":""MultiPoint"",""coordinates"":[]}"
20160103,2016-01-03,0.0,"{""type"":""MultiPoint"",""coordinates"":[]}"
20160104,2016-01-04,0.1009353759723963,"{""type"":""MultiPoint"",""coordinates"":[]}"
20160105,2016-01-05,0.019647452256307953,"{""type"":""MultiPoint"",""coordinates"":[]}"
20160106,2016-01-06,0.28721271421688155,"{""type"":""MultiPoint"",""coordinates"":[]}"
20160107,2016-01-07,0.0837766368808119,"{""type"":""MultiPoint"",""coordinates"":[]}"
20160108,2016-01-08,0.0,"{""type"":""MultiPoint"",""coordinates"":[]}"
20160109,2016-01-09,0.17696105431983822,"{""type"":""MultiPoint"",""coordinates"":[]}"
20160110,2016-01-10,0.0,"{""type"":""MultiPoint"",""coordinates"":[]}"
20160111,2016-01-11,0.0,"{""type"":""MultiPoint"",""coordinates"":[]}"
20160112,2016-01-12,0.0,"{""type"":""MultiPoint"",""coordinates"":[]}"
20160113,2016-01-13,0.0,"{""type"":""MultiPoint"",""coordinates"":[]}"
20160114,2016-01-14,0.32591953819703906,"{""type"":""MultiPoint"",""coordinates"":[]}"
20160115,2016-01-15,0.0,"{""type"":""MultiPoint"",""coordinates"":[]}"
20160116,2016-01-16,0.0,"{""type"":""MultiPoint"",""coordinates"":[]}"
20160117,2016-01-17,0.0,"{""type"":""MultiPoint"",""coordinates"":[]}"
20160118,2016-01-18,0.0,"{""type"":""MultiPoint"",""coordinates"":[]}"
20160119,2016-01-19,0.0,"{""type"":""MultiPoint"",""coordinates"":[]}"
20160120,2016-01-20,0.03804258267447361,"{""type"":""MultiPoint"",""coordinates"":[]}"
20160121,2016-01-21,0.2560956723584564,"{""type"":""MultiPoint"",""coordinates"":[]}"
20160122,2016-01-22,0.0,"{""type"":""MultiPoint"",""coordinates"":[]}"
20160123,2016-01-23,0.0,"{""type"":""MultiPoint"",""coordinates"":[]}"
20160124,2016-01-24,0.0,"{""type"":""MultiPoint"",""coordinates"":[]}"
20160125,2016-01-25,0.0,"{""type"":""MultiPoint"",""coordinates"":[]}"
20160126,2016-01-26,0.0,"{""type"":""MultiPoint"",""coordinates"":[]}"
20160127,2016-01-27,0.09442715048225059,"{""type"":""MultiPoint"",""coordinates"":[]}"
20160128,2016-01-28,0.0,"{""type"":""MultiPoint"",""coordinates"":[]}"
20160129,2016-01-29,0.0,"{""type"":""MultiPoint"",""coordinates"":[]}"
20160130,2016-01-30,0.0,"{""type"":""MultiPoint"",""coordinates"":[]}"
20160131,2016-01-31,0.0,"{""type"":""MultiPoint"",""coordinates"":[]}"
20160201,2016-02-01,0.006058957894212231,"{""type"":""MultiPoint"",""coordinates"":[]}"
20160202,2016-02-02,0.03197616270544952,"{""type"":""MultiPoint"",""coordinates"":[]}"
20160203,2016-02-03,0.0,"{""type"":""MultiPoint"",""coordinates"":[]}"
20160204,2016-02-04,0.050787537914941144,"{""type"":""MultiPoint"",""coordinates"":[]}"
20160205,2016-02-05,0.010077869703725073,"{""type"":""MultiPoint"",""coordinates"":[]}"
20160206,2016-02-06,0.0,"{""type"":""MultiPoint"",""coordinates"":[]}"
20160207,2016-02-07,0.1081391750022826,"{""type"":""MultiPoint"",""coordinates"":[]}"
20160208,2016-02-08,0.24218484908115745,"{""type"":""MultiPoint"",""coordinates"":[]}"
20160209,2016-02-09,0.4792413811552384,"{""type"":""MultiPoint"",""coordinates"":[]}"
20160210,2016-02-10,0.0,"{""type"":""MultiPoint"",""coordinates"":[]}"
20160211,2016-02-11,1.5770913386019623,"{""type"":""MultiPoint"",""coordinates"":[]}"
20160212,2016-02-12,0.0,"{""type"":""MultiPoint"",""coordinates"":[]}"
20160213,2016-02-13,0.01090258795425374,"{""type"":""MultiPoint"",""coordinates"":[]}"
20160214,2016-02-14,0.0,"{""type"":""MultiPoint"",""coordinates"":[]}"
20160215,2016-02-15,0.036131114890244405,"{""type"":""MultiPoint"",""coordinates"":[]}"
20160216,2016-02-16,0.3508457877805224,"{""type"":""MultiPoint"",""coordinates"":[]}"
20160217,2016-02-17,0.3191613231963018,"{""type"":""MultiPoint"",""coordinates"":[]}"
20160218,2016-02-18,0.1964636614246517,"{""type"":""MultiPoint"",""coordinates"":[]}"
20160219,2016-02-19,0.0,"{""type"":""MultiPoint"",""coordinates"":[]}"
20160220,2016-02-20,0.29882817993680333,"{""type"":""MultiPoint"",""coordinates"":[]}"
20160221,2016-02-21,1.2840591649796431,"{""type"":""MultiPoint"",""coordinates"":[]}"
20160222,2016-02-22,0.0,"{""type"":""MultiPoint"",""coordinates"":[]}"
20160223,2016-02-23,0.0,"{""type"":""MultiPoint"",""coordinates"":[]}"
20160224,2016-02-24,0.008380724088954745,"{""type"":""MultiPoint"",""coordinates"":[]}"
20160225,2016-02-25,0.40490551287476967,"{""type"":""MultiPoint"",""coordinates"":[]}"
20160226,2016-02-26,0.0,"{""type"":""MultiPoint"",""coordinates"":[]}"
20160227,2016-02-27,0.004741633985988964,"{""type"":""MultiPoint"",""coordinates"":[]}"
20160228,2016-02-28,0.27938350276610296,"{""type"":""MultiPoint"",""coordinates"":[]}"
20160229,2016-02-29,0.42528453581144365,"{""type"":""MultiPoint"",""coordinates"":[]}"
20160301,2016-03-01,1.530328769698185,"{""type"":""MultiPoint"",""coordinates"":[]}"
20160302,2016-03-02,1.887868580975515,"{""type"":""MultiPoint"",""coordinates"":[]}"
20160303,2016-03-03,0.01624688122832633,"{""type"":""MultiPoint"",""coordinates"":[]}"
20160304,2016-03-04,0.0,"{""type"":""MultiPoint"",""coordinates"":[]}"
20160305,2016-03-05,0.0,"{""type"":""MultiPoint"",""coordinates"":[]}"
20160306,2016-03-06,0.0,"{""type"":""MultiPoint"",""coordinates"":[]}"
20160307,2016-03-07,0.0,"{""type"":""MultiPoint"",""coordinates"":[]}"
20160308,2016-03-08,0.0,"{""type"":""MultiPoint"",""coordinates"":[]}"
20160309,2016-03-09,0.0,"{""type"":""MultiPoint"",""coordinates"":[]}"
20160310,2016-03-10,0.0,"{""type"":""MultiPoint"",""coordinates"":[]}"
20160311,2016-03-11,0.0,"{""type"":""MultiPoint"",""coordinates"":[]}"
20160312,2016-03-12,0.0,"{""type"":""MultiPoint"",""coordinates"":[]}"
20160313,2016-03-13,0.0,"{""type"":""MultiPoint"",""coordinates"":[]}"
20160314,2016-03-14,0.9783782475502149,"{""type"":""MultiPoint"",""coordinates"":[]}"
20160315,2016-03-15,0.0,"{""type"":""MultiPoint"",""coordinates"":[]}"
20160316,2016-03-16,0.0,"{""type"":""MultiPoint"",""coordinates"":[]}"
20160317,2016-03-17,0.0,"{""type"":""MultiPoint"",""coordinates"":[]}"
20160318,2016-03-18,0.0,"{""type"":""MultiPoint"",""coordinates"":[]}"
20160319,2016-03-19,0.0,"{""type"":""MultiPoint"",""coordinates"":[]}"
20160320,2016-03-20,0.0,"{""type"":""MultiPoint"",""coordinates"":[]}"
20160321,2016-03-21,0.0,"{""type"":""MultiPoint"",""coordinates"":[]}"
20160322,2016-03-22,0.0,"{""type"":""MultiPoint"",""coordinates"":[]}"
20160323,2016-03-23,0.0,"{""type"":""MultiPoint"",""coordinates"":[]}"
20160324,2016-03-24,0.0,"{""type"":""MultiPoint"",""coordinates"":[]}"
20160325,2016-03-25,0.0,"{""type"":""MultiPoint"",""coordinates"":[]}"
20160326,2016-03-26,0.0,"{""type"":""MultiPoint"",""coordinates"":[]}"
20160327,2016-03-27,0.0,"{""type"":""MultiPoint"",""coordinates"":[]}"
20160328,2016-03-28,0.0,"{""type"":""MultiPoint"",""coordinates"":[]}"
20160329,2016-03-29,0.017478441944562488,"{""type"":""MultiPoint"",""coordinates"":[]}"
20160330,2016-03-30,0.651190859230051,"{""type"":""MultiPoint"",""coordinates"":[]}"
20160331,2016-03-31,0.0787426215903818,"{""type"":""MultiPoint"",""coordinates"":[]}"
20160401,2016-04-01,0.9476781490959547,"{""type"":""MultiPoint"",""coordinates"":[]}"
20160402,2016-04-02,0.3479369162656604,"{""type"":""MultiPoint"",""coordinates"":[]}"
20160403,2016-04-03,1.0408254769026621,"{""type"":""MultiPoint"",""coordinates"":[]}"
20160404,2016-04-04,0.04787654855583488,"{""type"":""MultiPoint"",""coordinates"":[]}"
20160405,2016-04-05,0.0,"{""type"":""MultiPoint"",""coordinates"":[]}"
20160406,2016-04-06,0.058073591076097275,"{""type"":""MultiPoint"",""coordinates"":[]}"
20160407,2016-04-07,0.0,"{""type"":""MultiPoint"",""coordinates"":[]}"
20160408,2016-04-08,0.171694482911789,"{""type"":""MultiPoint"",""coordinates"":[]}"
20160409,2016-04-09,0.0,"{""type"":""MultiPoint"",""coordinates"":[]}"
20160410,2016-04-10,0.0,"{""type"":""MultiPoint"",""coordinates"":[]}"
20160411,2016-04-11,0.0,"{""type"":""MultiPoint"",""coordinates"":[]}"
20160412,2016-04-12,0.0,"{""type"":""MultiPoint"",""coordinates"":[]}"
20160413,2016-04-13,0.0,"{""type"":""MultiPoint"",""coordinates"":[]}"
20160414,2016-04-14,0.028054226358918157,"{""type"":""MultiPoint"",""coordinates"":[]}"
20160415,2016-04-15,0.0,"{""type"":""MultiPoint"",""coordinates"":[]}"
20160416,2016-04-16,0.0,"{""type"":""MultiPoint"",""coordinates"":[]}"
20160417,2016-04-17,2.2073931253548384E-4,"{""type"":""MultiPoint"",""coordinates"":[]}"
20160418,2016-04-18,0.0,"{""type"":""MultiPoint"",""coordinates"":[]}"
20160419,2016-04-19,0.0,"{""type"":""MultiPoint"",""coordinates"":[]}"
20160420,2016-04-20,0.04449428978881013,"{""type"":""MultiPoint"",""coordinates"":[]}"
20160421,2016-04-21,0.822225860522374,"{""type"":""MultiPoint"",""coordinates"":[]}"
20160422,2016-04-22,0.8840692961527867,"{""type"":""MultiPoint"",""coordinates"":[]}"
20160423,2016-04-23,0.0,"{""type"":""MultiPoint"",""coordinates"":[]}"
20160424,2016-04-24,0.0852135086685453,"{""type"":""MultiPoint"",""coordinates"":[]}"
20160425,2016-04-25,0.1534784062036579,"{""type"":""MultiPoint"",""coordinates"":[]}"
20160426,2016-04-26,0.5439849324873705,"{""type"":""MultiPoint"",""coordinates"":[]}"
20160427,2016-04-27,0.0,"{""type"":""MultiPoint"",""coordinates"":[]}"
20160428,2016-04-28,0.0,"{""type"":""MultiPoint"",""coordinates"":[]}"
20160429,2016-04-29,0.6241132227948663,"{""type"":""MultiPoint"",""coordinates"":[]}"
20160430,2016-04-30,0.0,"{""type"":""MultiPoint"",""coordinates"":[]}"
20160501,2016-05-01,0.0,"{""type"":""MultiPoint"",""coordinates"":[]}"
20160502,2016-05-02,0.0,"{""type"":""MultiPoint"",""coordinates"":[]}"
20160503,2016-05-03,3.865369698771614,"{""type"":""MultiPoint"",""coordinates"":[]}"
20160504,2016-05-04,0.350698818263206,"{""type"":""MultiPoint"",""coordinates"":[]}"
20160505,2016-05-05,0.005688368206040569,"{""type"":""MultiPoint"",""coordinates"":[]}"
20160506,2016-05-06,2.613847775952376,"{""type"":""MultiPoint"",""coordinates"":[]}"
20160507,2016-05-07,0.0260874518322034,"{""type"":""MultiPoint"",""coordinates"":[]}"
20160508,2016-05-08,0.0,"{""type"":""MultiPoint"",""coordinates"":[]}"
20160509,2016-05-09,0.06325298859503492,"{""type"":""MultiPoint"",""coordinates"":[]}"
20160510,2016-05-10,0.0,"{""type"":""MultiPoint"",""coordinates"":[]}"
20160511,2016-05-11,0.22401810918134626,"{""type"":""MultiPoint"",""coordinates"":[]}"
20160512,2016-05-12,2.1146559065399213,"{""type"":""MultiPoint"",""coordinates"":[]}"
20160513,2016-05-13,0.23726510601936657,"{""type"":""MultiPoint"",""coordinates"":[]}"
20160514,2016-05-14,2.7968517341350827,"{""type"":""MultiPoint"",""coordinates"":[]}"
20160515,2016-05-15,0.01555675805375697,"{""type"":""MultiPoint"",""coordinates"":[]}"
20160516,2016-05-16,0.07833679295870531,"{""type"":""MultiPoint"",""coordinates"":[]}"
20160517,2016-05-17,3.0825283308131555,"{""type"":""MultiPoint"",""coordinates"":[]}"
20160518,2016-05-18,28.942941114746883,"{""type"":""MultiPoint"",""coordinates"":[]}"
20160519,2016-05-19,26.838387038935867,"{""type"":""MultiPoint"",""coordinates"":[]}"
20160520,2016-05-20,20.094833918230965,"{""type"":""MultiPoint"",""coordinates"":[]}"
20160521,2016-05-21,0.07433308595262463,"{""type"":""MultiPoint"",""coordinates"":[]}"
20160522,2016-05-22,0.0,"{""type"":""MultiPoint"",""coordinates"":[]}"
20160523,2016-05-23,0.0,"{""type"":""MultiPoint"",""coordinates"":[]}"
20160524,2016-05-24,0.0,"{""type"":""MultiPoint"",""coordinates"":[]}"
20160525,2016-05-25,0.0,"{""type"":""MultiPoint"",""coordinates"":[]}"
20160526,2016-05-26,0.2534571288268855,"{""type"":""MultiPoint"",""coordinates"":[]}"
20160527,2016-05-27,0.0,"{""type"":""MultiPoint"",""coordinates"":[]}"
20160528,2016-05-28,15.226705235084793,"{""type"":""MultiPoint"",""coordinates"":[]}"
20160529,2016-05-29,0.0,"{""type"":""MultiPoint"",""coordinates"":[]}"
20160530,2016-05-30,7.038477935207492,"{""type"":""MultiPoint"",""coordinates"":[]}"
20160531,2016-05-31,0.0,"{""type"":""MultiPoint"",""coordinates"":[]}"
20160601,2016-06-01,15.855462545026285,"{""type"":""MultiPoint"",""coordinates"":[]}"
20160602,2016-06-02,2.9733309725188595,"{""type"":""MultiPoint"",""coordinates"":[]}"
20160603,2016-06-03,11.028507055117247,"{""type"":""MultiPoint"",""coordinates"":[]}"
20160604,2016-06-04,7.858869335450604,"{""type"":""MultiPoint"",""coordinates"":[]}"
20160605,2016-06-05,8.980980540977784,"{""type"":""MultiPoint"",""coordinates"":[]}"
20160606,2016-06-06,13.631515389146285,"{""type"":""MultiPoint"",""coordinates"":[]}"
20160607,2016-06-07,21.094145998803132,"{""type"":""MultiPoint"",""coordinates"":[]}"
20160608,2016-06-08,14.754652787196614,"{""type"":""MultiPoint"",""coordinates"":[]}"
20160609,2016-06-09,1.5833413994896393,"{""type"":""MultiPoint"",""coordinates"":[]}"
20160610,2016-06-10,0.0,"{""type"":""MultiPoint"",""coordinates"":[]}"
20160611,2016-06-11,6.6858516349163795,"{""type"":""MultiPoint"",""coordinates"":[]}"
20160612,2016-06-12,4.454471518804249,"{""type"":""MultiPoint"",""coordinates"":[]}"
20160613,2016-06-13,6.367961588689211,"{""type"":""MultiPoint"",""coordinates"":[]}"
20160614,2016-06-14,4.555069614482524,"{""type"":""MultiPoint"",""coordinates"":[]}"
20160615,2016-06-15,0.0,"{""type"":""MultiPoint"",""coordinates"":[]}"
20160616,2016-06-16,3.0384172039168207,"{""type"":""MultiPoint"",""coordinates"":[]}"
20160617,2016-06-17,14.575979998881655,"{""type"":""MultiPoint"",""coordinates"":[]}"
20160618,2016-06-18,5.4084156948856545,"{""type"":""MultiPoint"",""coordinates"":[]}"
20160619,2016-06-19,14.788055961880215,"{""type"":""MultiPoint"",""coordinates"":[]}"
20160620,2016-06-20,7.30237992009434,"{""type"":""MultiPoint"",""coordinates"":[]}"
20160621,2016-06-21,0.0,"{""type"":""MultiPoint"",""coordinates"":[]}"
20160622,2016-06-22,0.14716487564979952,"{""type"":""MultiPoint"",""coordinates"":[]}"
20160623,2016-06-23,2.2867849523483192,"{""type"":""MultiPoint"",""coordinates"":[]}"
20160624,2016-06-24,6.10280782832634,"{""type"":""MultiPoint"",""coordinates"":[]}"
20160625,2016-06-25,13.649301037641987,"{""type"":""MultiPoint"",""coordinates"":[]}"
20160626,2016-06-26,24.08946870606115,"{""type"":""MultiPoint"",""coordinates"":[]}"
20160627,2016-06-27,23.991692774868998,"{""type"":""MultiPoint"",""coordinates"":[]}"
20160628,2016-06-28,6.95609304832628,"{""type"":""MultiPoint"",""coordinates"":[]}"
20160629,2016-06-29,17.903805753726434,"{""type"":""MultiPoint"",""coordinates"":[]}"
20160630,2016-06-30,10.720743608368581,"{""type"":""MultiPoint"",""coordinates"":[]}"
20160701,2016-07-01,12.771874072603282,"{""type"":""MultiPoint"",""coordinates"":[]}"
20160702,2016-07-02,11.619882930165659,"{""type"":""MultiPoint"",""coordinates"":[]}"
20160703,2016-07-03,20.6731718723458,"{""type"":""MultiPoint"",""coordinates"":[]}"
20160704,2016-07-04,12.096233025702633,"{""type"":""MultiPoint"",""coordinates"":[]}"
20160705,2016-07-05,8.11591809832077,"{""type"":""MultiPoint"",""coordinates"":[]}"
20160706,2016-07-06,0.0,"{""type"":""MultiPoint"",""coordinates"":[]}"
20160707,2016-07-07,2.287123424146765,"{""type"":""MultiPoint"",""coordinates"":[]}"
20160708,2016-07-08,21.41884884464015,"{""type"":""MultiPoint"",""coordinates"":[]}"
20160709,2016-07-09,3.7934079551300575,"{""type"":""MultiPoint"",""coordinates"":[]}"
20160710,2016-07-10,15.078972493930348,"{""type"":""MultiPoint"",""coordinates"":[]}"
20160711,2016-07-11,0.025521454448179076,"{""type"":""MultiPoint"",""coordinates"":[]}"
20160712,2016-07-12,0.0,"{""type"":""MultiPoint"",""coordinates"":[]}"
20160713,2016-07-13,0.0,"{""type"":""MultiPoint"",""coordinates"":[]}"
20160714,2016-07-14,0.0,"{""type"":""MultiPoint"",""coordinates"":[]}"
20160715,2016-07-15,10.894643117044133,"{""type"":""MultiPoint"",""coordinates"":[]}"
20160716,2016-07-16,14.508334879673495,"{""type"":""MultiPoint"",""coordinates"":[]}"
20160717,2016-07-17,4.468502518122728,"{""type"":""MultiPoint"",""coordinates"":[]}"
20160718,2016-07-18,17.03835716667756,"{""type"":""MultiPoint"",""coordinates"":[]}"
20160719,2016-07-19,6.267812999280322,"{""type"":""MultiPoint"",""coordinates"":[]}"
20160720,2016-07-20,0.017637902201200786,"{""type"":""MultiPoint"",""coordinates"":[]}"
20160721,2016-07-21,5.533092742489761,"{""type"":""MultiPoint"",""coordinates"":[]}"
20160722,2016-07-22,10.274591630839279,"{""type"":""MultiPoint"",""coordinates"":[]}"
20160723,2016-07-23,12.629256401108478,"{""type"":""MultiPoint"",""coordinates"":[]}"
20160724,2016-07-24,14.555286011719721,"{""type"":""MultiPoint"",""coordinates"":[]}"
20160725,2016-07-25,3.5754912446149487,"{""type"":""MultiPoint"",""coordinates"":[]}"
20160726,2016-07-26,21.397425724898348,"{""type"":""MultiPoint"",""coordinates"":[]}"
20160727,2016-07-27,6.172163858615284,"{""type"":""MultiPoint"",""coordinates"":[]}"
20160728,2016-07-28,3.3166182696978272,"{""type"":""MultiPoint"",""coordinates"":[]}"
20160729,2016-07-29,1.3208310584888074,"{""type"":""MultiPoint"",""coordinates"":[]}"
20160730,2016-07-30,20.13034382573057,"{""type"":""MultiPoint"",""coordinates"":[]}"
20160731,2016-07-31,5.713302187498264,"{""type"":""MultiPoint"",""coordinates"":[]}"
20160801,2016-08-01,16.437921325410393,"{""type"":""MultiPoint"",""coordinates"":[]}"
20160802,2016-08-02,3.273878107137874,"{""type"":""MultiPoint"",""coordinates"":[]}"
20160803,2016-08-03,3.1488614432010706,"{""type"":""MultiPoint"",""coordinates"":[]}"
20160804,2016-08-04,12.28064952286807,"{""type"":""MultiPoint"",""coordinates"":[]}"
20160805,2016-08-05,7.819525607312401,"{""type"":""MultiPoint"",""coordinates"":[]}"
20160806,2016-08-06,7.706103173574822,"{""type"":""MultiPoint"",""coordinates"":[]}"
20160807,2016-08-07,5.739767508981943,"{""type"":""MultiPoint"",""coordinates"":[]}"
20160808,2016-08-08,0.0,"{""type"":""MultiPoint"",""coordinates"":[]}"
20160809,2016-08-09,0.0032941748504770694,"{""type"":""MultiPoint"",""coordinates"":[]}"
20160810,2016-08-10,4.821542055719986,"{""type"":""MultiPoint"",""coordinates"":[]}"
20160811,2016-08-11,0.025594744726139547,"{""type"":""MultiPoint"",""coordinates"":[]}"
20160812,2016-08-12,0.19441469149108287,"{""type"":""MultiPoint"",""coordinates"":[]}"
20160813,2016-08-13,0.0,"{""type"":""MultiPoint"",""coordinates"":[]}"
20160814,2016-08-14,0.0,"{""type"":""MultiPoint"",""coordinates"":[]}"
20160815,2016-08-15,0.0,"{""type"":""MultiPoint"",""coordinates"":[]}"
20160816,2016-08-16,0.0,"{""type"":""MultiPoint"",""coordinates"":[]}"
20160817,2016-08-17,0.0,"{""type"":""MultiPoint"",""coordinates"":[]}"
20160818,2016-08-18,0.0,"{""type"":""MultiPoint"",""coordinates"":[]}"
20160819,2016-08-19,0.0,"{""type"":""MultiPoint"",""coordinates"":[]}"
20160820,2016-08-20,0.0,"{""type"":""MultiPoint"",""coordinates"":[]}"
20160821,2016-08-21,0.0,"{""type"":""MultiPoint"",""coordinates"":[]}"
20160822,2016-08-22,7.906110460220245,"{""type"":""MultiPoint"",""coordinates"":[]}"
20160823,2016-08-23,2.855998356711383,"{""type"":""MultiPoint"",""coordinates"":[]}"
20160824,2016-08-24,4.1166890502073255,"{""type"":""MultiPoint"",""coordinates"":[]}"
20160825,2016-08-25,13.329705256263495,"{""type"":""MultiPoint"",""coordinates"":[]}"
20160826,2016-08-26,14.413618823030461,"{""type"":""MultiPoint"",""coordinates"":[]}"
20160827,2016-08-27,8.613310383500709,"{""type"":""MultiPoint"",""coordinates"":[]}"
20160828,2016-08-28,5.79809574293763,"{""type"":""MultiPoint"",""coordinates"":[]}"
20160829,2016-08-29,13.611112345691497,"{""type"":""MultiPoint"",""coordinates"":[]}"
20160830,2016-08-30,18.46403670183802,"{""type"":""MultiPoint"",""coordinates"":[]}"
20160831,2016-08-31,50.392480029993436,"{""type"":""MultiPoint"",""coordinates"":[]}"
20160901,2016-09-01,6.4822511925993505,"{""type"":""MultiPoint"",""coordinates"":[]}"
20160902,2016-09-02,9.730793965969287,"{""type"":""MultiPoint"",""coordinates"":[]}"
20160903,2016-09-03,7.191681996245067,"{""type"":""MultiPoint"",""coordinates"":[]}"
20160904,2016-09-04,9.079397572802943,"{""type"":""MultiPoint"",""coordinates"":[]}"
20160905,2016-09-05,0.004711964521696272,"{""type"":""MultiPoint"",""coordinates"":[]}"
20160906,2016-09-06,0.0,"{""type"":""MultiPoint"",""coordinates"":[]}"
20160907,2016-09-07,0.0,"{""type"":""MultiPoint"",""coordinates"":[]}"
20160908,2016-09-08,0.0,"{""type"":""MultiPoint"",""coordinates"":[]}"
20160909,2016-09-09,0.26428982073210383,"{""type"":""MultiPoint"",""coordinates"":[]}"
20160910,2016-09-10,13.189140119126744,"{""type"":""MultiPoint"",""coordinates"":[]}"
20160911,2016-09-11,5.753600276239877,"{""type"":""MultiPoint"",""coordinates"":[]}"
20160912,2016-09-12,14.537766446682378,"{""type"":""MultiPoint"",""coordinates"":[]}"
20160913,2016-09-13,15.801225524752805,"{""type"":""MultiPoint"",""coordinates"":[]}"
20160914,2016-09-14,10.767744307865478,"{""type"":""MultiPoint"",""coordinates"":[]}"
20160915,2016-09-15,2.8824348516052667,"{""type"":""MultiPoint"",""coordinates"":[]}"
20160916,2016-09-16,1.3788292360378311,"{""type"":""MultiPoint"",""coordinates"":[]}"
20160917,2016-09-17,7.722549666059133,"{""type"":""MultiPoint"",""coordinates"":[]}"
20160918,2016-09-18,5.891477154194031,"{""type"":""MultiPoint"",""coordinates"":[]}"
20160919,2016-09-19,9.940238721491204,"{""type"":""MultiPoint"",""coordinates"":[]}"
20160920,2016-09-20,10.852297618539486,"{""type"":""MultiPoint"",""coordinates"":[]}"
20160921,2016-09-21,23.047545203580558,"{""type"":""MultiPoint"",""coordinates"":[]}"
20160922,2016-09-22,22.73151518974893,"{""type"":""MultiPoint"",""coordinates"":[]}"
20160923,2016-09-23,10.331950393488542,"{""type"":""MultiPoint"",""coordinates"":[]}"
20160924,2016-09-24,1.7069212210738316,"{""type"":""MultiPoint"",""coordinates"":[]}"
20160925,2016-09-25,5.990656981976585,"{""type"":""MultiPoint"",""coordinates"":[]}"
20160926,2016-09-26,11.740225327637914,"{""type"":""MultiPoint"",""coordinates"":[]}"
20160927,2016-09-27,10.685712642962288,"{""type"":""MultiPoint"",""coordinates"":[]}"
20160928,2016-09-28,9.204353766017896,"{""type"":""MultiPoint"",""coordinates"":[]}"
20160929,2016-09-29,8.239902424056641,"{""type"":""MultiPoint"",""coordinates"":[]}"
20160930,2016-09-30,11.088677691444815,"{""type"":""MultiPoint"",""coordinates"":[]}"
20161001,2016-10-01,1.7374397701256366,"{""type"":""MultiPoint"",""coordinates"":[]}"
20161002,2016-10-02,0.41618528377965414,"{""type"":""MultiPoint"",""coordinates"":[]}"
20161003,2016-10-03,0.0,"{""type"":""MultiPoint"",""coordinates"":[]}"
20161004,2016-10-04,0.15762835588251098,"{""type"":""MultiPoint"",""coordinates"":[]}"
20161005,2016-10-05,4.0189960692315605,"{""type"":""MultiPoint"",""coordinates"":[]}"
20161006,2016-10-06,18.562792521261517,"{""type"":""MultiPoint"",""coordinates"":[]}"
20161007,2016-10-07,7.895039445362961,"{""type"":""MultiPoint"",""coordinates"":[]}"
20161008,2016-10-08,8.812718973210453,"{""type"":""MultiPoint"",""coordinates"":[]}"
20161009,2016-10-09,2.8237388136393764,"{""type"":""MultiPoint"",""coordinates"":[]}"
20161010,2016-10-10,8.464016763223153,"{""type"":""MultiPoint"",""coordinates"":[]}"
20161011,2016-10-11,0.0,"{""type"":""MultiPoint"",""coordinates"":[]}"
20161012,2016-10-12,0.0,"{""type"":""MultiPoint"",""coordinates"":[]}"
20161013,2016-10-13,0.0,"{""type"":""MultiPoint"",""coordinates"":[]}"
20161014,2016-10-14,0.0,"{""type"":""MultiPoint"",""coordinates"":[]}"
20161015,2016-10-15,0.0,"{""type"":""MultiPoint"",""coordinates"":[]}"
20161016,2016-10-16,0.0,"{""type"":""MultiPoint"",""coordinates"":[]}"
20161017,2016-10-17,0.0,"{""type"":""MultiPoint"",""coordinates"":[]}"
20161018,2016-10-18,0.0,"{""type"":""MultiPoint"",""coordinates"":[]}"
20161019,2016-10-19,0.0,"{""type"":""MultiPoint"",""coordinates"":[]}"
20161020,2016-10-20,0.09669641405393281,"{""type"":""MultiPoint"",""coordinates"":[]}"
20161021,2016-10-21,9.285323801611144,"{""type"":""MultiPoint"",""coordinates"":[]}"
20161022,2016-10-22,0.0,"{""type"":""MultiPoint"",""coordinates"":[]}"
20161023,2016-10-23,0.1725924771201338,"{""type"":""MultiPoint"",""coordinates"":[]}"
20161024,2016-10-24,2.791588619712347,"{""type"":""MultiPoint"",""coordinates"":[]}"
20161025,2016-10-25,0.08873036623805132,"{""type"":""MultiPoint"",""coordinates"":[]}"
20161026,2016-10-26,0.27370193470787985,"{""type"":""MultiPoint"",""coordinates"":[]}"
20161027,2016-10-27,5.360734048196137,"{""type"":""MultiPoint"",""coordinates"":[]}"
20161028,2016-10-28,0.36028873311111975,"{""type"":""MultiPoint"",""coordinates"":[]}"
20161029,2016-10-29,0.04582787465512125,"{""type"":""MultiPoint"",""coordinates"":[]}"
20161030,2016-10-30,4.024310181164497,"{""type"":""MultiPoint"",""coordinates"":[]}"
20161031,2016-10-31,1.28352419106503,"{""type"":""MultiPoint"",""coordinates"":[]}"
20161101,2016-11-01,0.7278474519213315,"{""type"":""MultiPoint"",""coordinates"":[]}"
20161102,2016-11-02,0.08963745367761125,"{""type"":""MultiPoint"",""coordinates"":[]}"
20161103,2016-11-03,1.537083052567277,"{""type"":""MultiPoint"",""coordinates"":[]}"
20161104,2016-11-04,0.7345220366958727,"{""type"":""MultiPoint"",""coordinates"":[]}"
20161105,2016-11-05,0.0,"{""type"":""MultiPoint"",""coordinates"":[]}"
20161106,2016-11-06,0.01276940697493181,"{""type"":""MultiPoint"",""coordinates"":[]}"
20161107,2016-11-07,0.0,"{""type"":""MultiPoint"",""coordinates"":[]}"
20161108,2016-11-08,0.0,"{""type"":""MultiPoint"",""coordinates"":[]}"
20161109,2016-11-09,0.0,"{""type"":""MultiPoint"",""coordinates"":[]}"
20161110,2016-11-10,0.0,"{""type"":""MultiPoint"",""coordinates"":[]}"
20161111,2016-11-11,0.0,"{""type"":""MultiPoint"",""coordinates"":[]}"
20161112,2016-11-12,0.0,"{""type"":""MultiPoint"",""coordinates"":[]}"
20161113,2016-11-13,0.08594863379134837,"{""type"":""MultiPoint"",""coordinates"":[]}"
20161114,2016-11-14,0.0,"{""type"":""MultiPoint"",""coordinates"":[]}"
20161115,2016-11-15,0.1208920771030572,"{""type"":""MultiPoint"",""coordinates"":[]}"
20161116,2016-11-16,1.6704520421124938,"{""type"":""MultiPoint"",""coordinates"":[]}"
20161117,2016-11-17,0.0,"{""type"":""MultiPoint"",""coordinates"":[]}"
20161118,2016-11-18,0.00321237873260144,"{""type"":""MultiPoint"",""coordinates"":[]}"
20161119,2016-11-19,0.0,"{""type"":""MultiPoint"",""coordinates"":[]}"
20161120,2016-11-20,0.0,"{""type"":""MultiPoint"",""coordinates"":[]}"
20161121,2016-11-21,0.0,"{""type"":""MultiPoint"",""coordinates"":[]}"
20161122,2016-11-22,0.03272586786218054,"{""type"":""MultiPoint"",""coordinates"":[]}"
20161123,2016-11-23,0.2780072292769394,"{""type"":""MultiPoint"",""coordinates"":[]}"
20161124,2016-11-24,0.0,"{""type"":""MultiPoint"",""coordinates"":[]}"
20161125,2016-11-25,0.582761164926159,"{""type"":""MultiPoint"",""coordinates"":[]}"
20161126,2016-11-26,0.0,"{""type"":""MultiPoint"",""coordinates"":[]}"
20161127,2016-11-27,0.5699345412575213,"{""type"":""MultiPoint"",""coordinates"":[]}"
20161128,2016-11-28,0.28651786119060463,"{""type"":""MultiPoint"",""coordinates"":[]}"
20161129,2016-11-29,0.092202665182089,"{""type"":""MultiPoint"",""coordinates"":[]}"
20161130,2016-11-30,1.879186238893931,"{""type"":""MultiPoint"",""coordinates"":[]}"
20161201,2016-12-01,0.455374847296571,"{""type"":""MultiPoint"",""coordinates"":[]}"
20161202,2016-12-02,3.233068323723421,"{""type"":""MultiPoint"",""coordinates"":[]}"
20161203,2016-12-03,0.0,"{""type"":""MultiPoint"",""coordinates"":[]}"
20161204,2016-12-04,0.0,"{""type"":""MultiPoint"",""coordinates"":[]}"
20161205,2016-12-05,0.0,"{""type"":""MultiPoint"",""coordinates"":[]}"
20161206,2016-12-06,0.0,"{""type"":""MultiPoint"",""coordinates"":[]}"
20161207,2016-12-07,0.0,"{""type"":""MultiPoint"",""coordinates"":[]}"
20161208,2016-12-08,0.0,"{""type"":""MultiPoint"",""coordinates"":[]}"
20161209,2016-12-09,0.0,"{""type"":""MultiPoint"",""coordinates"":[]}"
20161210,2016-12-10,0.0,"{""type"":""MultiPoint"",""coordinates"":[]}"
20161211,2016-12-11,4.260133869321797,"{""type"":""MultiPoint"",""coordinates"":[]}"
20161212,2016-12-12,3.412867638021921,"{""type"":""MultiPoint"",""coordinates"":[]}"
20161213,2016-12-13,0.015617954126388434,"{""type"":""MultiPoint"",""coordinates"":[]}"
20161214,2016-12-14,0.0,"{""type"":""MultiPoint"",""coordinates"":[]}"
20161215,2016-12-15,0.0,"{""type"":""MultiPoint"",""coordinates"":[]}"
20161216,2016-12-16,0.0,"{""type"":""MultiPoint"",""coordinates"":[]}"
20161217,2016-12-17,0.0,"{""type"":""MultiPoint"",""coordinates"":[]}"
20161218,2016-12-18,0.0,"{""type"":""MultiPoint"",""coordinates"":[]}"
20161219,2016-12-19,0.0,"{""type"":""MultiPoint"",""coordinates"":[]}"
20161220,2016-12-20,0.0,"{""type"":""MultiPoint"",""coordinates"":[]}"
20161221,2016-12-21,0.0,"{""type"":""MultiPoint"",""coordinates"":[]}"
20161222,2016-12-22,0.0,"{""type"":""MultiPoint"",""coordinates"":[]}"
20161223,2016-12-23,0.0,"{""type"":""MultiPoint"",""coordinates"":[]}"
20161224,2016-12-24,0.0,"{""type"":""MultiPoint"",""coordinates"":[]}"
20161225,2016-12-25,0.0,"{""type"":""MultiPoint"",""coordinates"":[]}"
20161226,2016-12-26,0.0,"{""type"":""MultiPoint"",""coordinates"":[]}"
20161227,2016-12-27,0.0,"{""type"":""MultiPoint"",""coordinates"":[]}"
20161228,2016-12-28,0.009953067103745819,"{""type"":""MultiPoint"",""coordinates"":[]}"
20161229,2016-12-29,0.0,"{""type"":""MultiPoint"",""coordinates"":[]}"
20161230,2016-12-30,0.05159649100559365,"{""type"":""MultiPoint"",""coordinates"":[]}"
20161231,2016-12-31,0.0,"{""type"":""MultiPoint"",""coordinates"":[]}"
20170101,2017-01-01,0.0,"{""type"":""MultiPoint"",""coordinates"":[]}"
20170102,2017-01-02,0.0,"{""type"":""MultiPoint"",""coordinates"":[]}"
20170103,2017-01-03,0.0,"{""type"":""MultiPoint"",""coordinates"":[]}"
20170104,2017-01-04,0.12497028175656617,"{""type"":""MultiPoint"",""coordinates"":[]}"
20170105,2017-01-05,0.013108688419886643,"{""type"":""MultiPoint"",""coordinates"":[]}"
20170106,2017-01-06,0.01668775493897026,"{""type"":""MultiPoint"",""coordinates"":[]}"
20170107,2017-01-07,0.0,"{""type"":""MultiPoint"",""coordinates"":[]}"
20170108,2017-01-08,0.0,"{""type"":""MultiPoint"",""coordinates"":[]}"
20170109,2017-01-09,0.0,"{""type"":""MultiPoint"",""coordinates"":[]}"
20170110,2017-01-10,0.302847309225954,"{""type"":""MultiPoint"",""coordinates"":[]}"
20170111,2017-01-11,0.11371555280337543,"{""type"":""MultiPoint"",""coordinates"":[]}"
20170112,2017-01-12,0.0,"{""type"":""MultiPoint"",""coordinates"":[]}"
20170113,2017-01-13,0.0,"{""type"":""MultiPoint"",""coordinates"":[]}"
20170114,2017-01-14,0.0,"{""type"":""MultiPoint"",""coordinates"":[]}"
20170115,2017-01-15,0.0,"{""type"":""MultiPoint"",""coordinates"":[]}"
20170116,2017-01-16,0.03594557927986407,"{""type"":""MultiPoint"",""coordinates"":[]}"
20170117,2017-01-17,0.0,"{""type"":""MultiPoint"",""coordinates"":[]}"
20170118,2017-01-18,0.0,"{""type"":""MultiPoint"",""coordinates"":[]}"
20170119,2017-01-19,0.0,"{""type"":""MultiPoint"",""coordinates"":[]}"
20170120,2017-01-20,0.05310860201796894,"{""type"":""MultiPoint"",""coordinates"":[]}"
20170121,2017-01-21,0.0,"{""type"":""MultiPoint"",""coordinates"":[]}"
20170122,2017-01-22,0.0,"{""type"":""MultiPoint"",""coordinates"":[]}"
20170123,2017-01-23,0.0,"{""type"":""MultiPoint"",""coordinates"":[]}"
20170124,2017-01-24,0.0,"{""type"":""MultiPoint"",""coordinates"":[]}"
20170125,2017-01-25,0.05735085223438895,"{""type"":""MultiPoint"",""coordinates"":[]}"
20170126,2017-01-26,0.0,"{""type"":""MultiPoint"",""coordinates"":[]}"
20170127,2017-01-27,0.6638205487490222,"{""type"":""MultiPoint"",""coordinates"":[]}"
20170128,2017-01-28,0.0,"{""type"":""MultiPoint"",""coordinates"":[]}"
20170129,2017-01-29,0.0,"{""type"":""MultiPoint"",""coordinates"":[]}"
20170130,2017-01-30,0.0,"{""type"":""MultiPoint"",""coordinates"":[]}"
20170131,2017-01-31,0.0,"{""type"":""MultiPoint"",""coordinates"":[]}"
20170201,2017-02-01,0.06308560378598414,"{""type"":""MultiPoint"",""coordinates"":[]}"
20170202,2017-02-02,0.05337611010734184,"{""type"":""MultiPoint"",""coordinates"":[]}"
20170203,2017-02-03,0.0,"{""type"":""MultiPoint"",""coordinates"":[]}"
20170204,2017-02-04,0.0,"{""type"":""MultiPoint"",""coordinates"":[]}"
20170205,2017-02-05,0.20568999660509357,"{""type"":""MultiPoint"",""coordinates"":[]}"
20170206,2017-02-06,0.1511511381687373,"{""type"":""MultiPoint"",""coordinates"":[]}"
20170207,2017-02-07,0.0786540664162771,"{""type"":""MultiPoint"",""coordinates"":[]}"
20170208,2017-02-08,0.0,"{""type"":""MultiPoint"",""coordinates"":[]}"
20170209,2017-02-09,0.0,"{""type"":""MultiPoint"",""coordinates"":[]}"
20170210,2017-02-10,0.0307091013516398,"{""type"":""MultiPoint"",""coordinates"":[]}"
20170211,2017-02-11,1.2996963138117246,"{""type"":""MultiPoint"",""coordinates"":[]}"
20170212,2017-02-12,0.0,"{""type"":""MultiPoint"",""coordinates"":[]}"
20170213,2017-02-13,0.0,"{""type"":""MultiPoint"",""coordinates"":[]}"
20170214,2017-02-14,0.0,"{""type"":""MultiPoint"",""coordinates"":[]}"
20170215,2017-02-15,0.18699884309570883,"{""type"":""MultiPoint"",""coordinates"":[]}"
20170216,2017-02-16,0.0,"{""type"":""MultiPoint"",""coordinates"":[]}"
20170217,2017-02-17,0.0800072811754967,"{""type"":""MultiPoint"",""coordinates"":[]}"
20170218,2017-02-18,0.0,"{""type"":""MultiPoint"",""coordinates"":[]}"
20170219,2017-02-19,0.08240974239907964,"{""type"":""MultiPoint"",""coordinates"":[]}"
20170220,2017-02-20,0.1186190812866101,"{""type"":""MultiPoint"",""coordinates"":[]}"
20170221,2017-02-21,0.0,"{""type"":""MultiPoint"",""coordinates"":[]}"
20170222,2017-02-22,0.02536724683099077,"{""type"":""MultiPoint"",""coordinates"":[]}"
20170223,2017-02-23,0.0,"{""type"":""MultiPoint"",""coordinates"":[]}"
20170224,2017-02-24,0.0,"{""type"":""MultiPoint"",""coordinates"":[]}"
20170225,2017-02-25,2.2683599824226857,"{""type"":""MultiPoint"",""coordinates"":[]}"
20170226,2017-02-26,0.0,"{""type"":""MultiPoint"",""coordinates"":[]}"
20170227,2017-02-27,0.0,"{""type"":""MultiPoint"",""coordinates"":[]}"
20170228,2017-02-28,0.0,"{""type"":""MultiPoint"",""coordinates"":[]}"
20170301,2017-03-01,0.0,"{""type"":""MultiPoint"",""coordinates"":[]}"
20170302,2017-03-02,0.0,"{""type"":""MultiPoint"",""coordinates"":[]}"
20170303,2017-03-03,0.01796054191083185,"{""type"":""MultiPoint"",""coordinates"":[]}"
20170304,2017-03-04,0.02058723653063592,"{""type"":""MultiPoint"",""coordinates"":[]}"
20170305,2017-03-05,0.13046525625579383,"{""type"":""MultiPoint"",""coordinates"":[]}"
20170306,2017-03-06,0.0,"{""type"":""MultiPoint"",""coordinates"":[]}"
20170307,2017-03-07,0.0,"{""type"":""MultiPoint"",""coordinates"":[]}"
20170308,2017-03-08,0.0,"{""type"":""MultiPoint"",""coordinates"":[]}"
20170309,2017-03-09,0.02472683073243644,"{""type"":""MultiPoint"",""coordinates"":[]}"
20170310,2017-03-10,6.68362365910797,"{""type"":""MultiPoint"",""coordinates"":[]}"
20170311,2017-03-11,0.0,"{""type"":""MultiPoint"",""coordinates"":[]}"
20170312,2017-03-12,0.0,"{""type"":""MultiPoint"",""coordinates"":[]}"
20170313,2017-03-13,0.0,"{""type"":""MultiPoint"",""coordinates"":[]}"
20170314,2017-03-14,0.15622061918909003,"{""type"":""MultiPoint"",""coordinates"":[]}"
20170315,2017-03-15,0.0,"{""type"":""MultiPoint"",""coordinates"":[]}"
20170316,2017-03-16,0.01830234418991274,"{""type"":""MultiPoint"",""coordinates"":[]}"
20170317,2017-03-17,0.0,"{""type"":""MultiPoint"",""coordinates"":[]}"
20170318,2017-03-18,0.2381988820629961,"{""type"":""MultiPoint"",""coordinates"":[]}"
20170319,2017-03-19,0.7964964884854988,"{""type"":""MultiPoint"",""coordinates"":[]}"
20170320,2017-03-20,0.0,"{""type"":""MultiPoint"",""coordinates"":[]}"
20170321,2017-03-21,0.0,"{""type"":""MultiPoint"",""coordinates"":[]}"
20170322,2017-03-22,0.0,"{""type"":""MultiPoint"",""coordinates"":[]}"
20170323,2017-03-23,0.0,"{""type"":""MultiPoint"",""coordinates"":[]}"
20170324,2017-03-24,0.0,"{""type"":""MultiPoint"",""coordinates"":[]}"
20170325,2017-03-25,0.0,"{""type"":""MultiPoint"",""coordinates"":[]}"
20170326,2017-03-26,0.0,"{""type"":""MultiPoint"",""coordinates"":[]}"
20170327,2017-03-27,0.0,"{""type"":""MultiPoint"",""coordinates"":[]}"
20170328,2017-03-28,0.0,"{""type"":""MultiPoint"",""coordinates"":[]}"
20170329,2017-03-29,0.0,"{""type"":""MultiPoint"",""coordinates"":[]}"
20170330,2017-03-30,0.0,"{""type"":""MultiPoint"",""coordinates"":[]}"
20170331,2017-03-31,0.0011111894455062001,"{""type"":""MultiPoint"",""coordinates"":[]}"
20170401,2017-04-01,0.0,"{""type"":""MultiPoint"",""coordinates"":[]}"
20170402,2017-04-02,0.0,"{""type"":""MultiPoint"",""coordinates"":[]}"
20170403,2017-04-03,0.0,"{""type"":""MultiPoint"",""coordinates"":[]}"
20170404,2017-04-04,0.0,"{""type"":""MultiPoint"",""coordinates"":[]}"
20170405,2017-04-05,0.0024687030716547148,"{""type"":""MultiPoint"",""coordinates"":[]}"
20170406,2017-04-06,0.0029980012072451964,"{""type"":""MultiPoint"",""coordinates"":[]}"
20170407,2017-04-07,0.47280660542413583,"{""type"":""MultiPoint"",""coordinates"":[]}"
20170408,2017-04-08,1.3650443604294686,"{""type"":""MultiPoint"",""coordinates"":[]}"
20170409,2017-04-09,0.0,"{""type"":""MultiPoint"",""coordinates"":[]}"
20170410,2017-04-10,0.05481007795373383,"{""type"":""MultiPoint"",""coordinates"":[]}"
20170411,2017-04-11,0.0,"{""type"":""MultiPoint"",""coordinates"":[]}"
20170412,2017-04-12,0.0,"{""type"":""MultiPoint"",""coordinates"":[]}"
20170413,2017-04-13,0.0,"{""type"":""MultiPoint"",""coordinates"":[]}"
20170414,2017-04-14,0.0,"{""type"":""MultiPoint"",""coordinates"":[]}"
20170415,2017-04-15,0.0,"{""type"":""MultiPoint"",""coordinates"":[]}"
20170416,2017-04-16,0.0,"{""type"":""MultiPoint"",""coordinates"":[]}"
20170417,2017-04-17,0.0,"{""type"":""MultiPoint"",""coordinates"":[]}"
20170418,2017-04-18,0.06089539342545732,"{""type"":""MultiPoint"",""coordinates"":[]}"
20170419,2017-04-19,0.0,"{""type"":""MultiPoint"",""coordinates"":[]}"
20170420,2017-04-20,0.0,"{""type"":""MultiPoint"",""coordinates"":[]}"
20170421,2017-04-21,4.789822320169332,"{""type"":""MultiPoint"",""coordinates"":[]}"
20170422,2017-04-22,0.0,"{""type"":""MultiPoint"",""coordinates"":[]}"
20170423,2017-04-23,0.0,"{""type"":""MultiPoint"",""coordinates"":[]}"
20170424,2017-04-24,0.0,"{""type"":""MultiPoint"",""coordinates"":[]}"
20170425,2017-04-25,0.0,"{""type"":""MultiPoint"",""coordinates"":[]}"
20170426,2017-04-26,0.0,"{""type"":""MultiPoint"",""coordinates"":[]}"
20170427,2017-04-27,2.3938924075946573,"{""type"":""MultiPoint"",""coordinates"":[]}"
20170428,2017-04-28,0.0,"{""type"":""MultiPoint"",""coordinates"":[]}"
20170429,2017-04-29,0.10451100224890943,"{""type"":""MultiPoint"",""coordinates"":[]}"
20170430,2017-04-30,0.0,"{""type"":""MultiPoint"",""coordinates"":[]}"
20170501,2017-05-01,2.5885011386954377,"{""type"":""MultiPoint"",""coordinates"":[]}"
20170502,2017-05-02,0.0,"{""type"":""MultiPoint"",""coordinates"":[]}"
20170503,2017-05-03,0.8986143336475495,"{""type"":""MultiPoint"",""coordinates"":[]}"
20170504,2017-05-04,0.537952901288677,"{""type"":""MultiPoint"",""coordinates"":[]}"
20170505,2017-05-05,1.6730372418714923,"{""type"":""MultiPoint"",""coordinates"":[]}"
20170506,2017-05-06,0.0,"{""type"":""MultiPoint"",""coordinates"":[]}"
20170507,2017-05-07,2.4749999340768887,"{""type"":""MultiPoint"",""coordinates"":[]}"
20170508,2017-05-08,1.3803759636658577,"{""type"":""MultiPoint"",""coordinates"":[]}"
20170509,2017-05-09,7.273638199400397,"{""type"":""MultiPoint"",""coordinates"":[]}"
20170510,2017-05-10,1.9631789834323472,"{""type"":""MultiPoint"",""coordinates"":[]}"
20170511,2017-05-11,0.002117010512307112,"{""type"":""MultiPoint"",""coordinates"":[]}"
20170512,2017-05-12,0.23801633074573209,"{""type"":""MultiPoint"",""coordinates"":[]}"
20170513,2017-05-13,1.566523512372652,"{""type"":""MultiPoint"",""coordinates"":[]}"
20170514,2017-05-14,4.445237251753669,"{""type"":""MultiPoint"",""coordinates"":[]}"
20170515,2017-05-15,0.0,"{""type"":""MultiPoint"",""coordinates"":[]}"
20170516,2017-05-16,0.36667285901921204,"{""type"":""MultiPoint"",""coordinates"":[]}"
20170517,2017-05-17,1.1342310839872916,"{""type"":""MultiPoint"",""coordinates"":[]}"
20170518,2017-05-18,0.0,"{""type"":""MultiPoint"",""coordinates"":[]}"
20170519,2017-05-19,0.0,"{""type"":""MultiPoint"",""coordinates"":[]}"
20170520,2017-05-20,1.1181654450429328,"{""type"":""MultiPoint"",""coordinates"":[]}"
20170521,2017-05-21,0.0,"{""type"":""MultiPoint"",""coordinates"":[]}"
20170522,2017-05-22,0.1923229710394507,"{""type"":""MultiPoint"",""coordinates"":[]}"
20170523,2017-05-23,0.0,"{""type"":""MultiPoint"",""coordinates"":[]}"
20170524,2017-05-24,4.737427622851693,"{""type"":""MultiPoint"",""coordinates"":[]}"
20170525,2017-05-25,1.0000169765705154,"{""type"":""MultiPoint"",""coordinates"":[]}"
20170526,2017-05-26,5.189518363473333,"{""type"":""MultiPoint"",""coordinates"":[]}"
20170527,2017-05-27,2.008654746874432,"{""type"":""MultiPoint"",""coordinates"":[]}"
20170528,2017-05-28,4.380447401045893,"{""type"":""MultiPoint"",""coordinates"":[]}"
20170529,2017-05-29,0.0,"{""type"":""MultiPoint"",""coordinates"":[]}"
20170530,2017-05-30,2.8695459242770314,"{""type"":""MultiPoint"",""coordinates"":[]}"
20170531,2017-05-31,0.0,"{""type"":""MultiPoint"",""coordinates"":[]}"
20170601,2017-06-01,1.1804786966660985,"{""type"":""MultiPoint"",""coordinates"":[]}"
20170602,2017-06-02,0.00680361326619099,"{""type"":""MultiPoint"",""coordinates"":[]}"
20170603,2017-06-03,0.0,"{""type"":""MultiPoint"",""coordinates"":[]}"
20170604,2017-06-04,4.477028243902062,"{""type"":""MultiPoint"",""coordinates"":[]}"
20170605,2017-06-05,4.649516560011644,"{""type"":""MultiPoint"",""coordinates"":[]}"
20170606,2017-06-06,11.651824688049082,"{""type"":""MultiPoint"",""coordinates"":[]}"
20170607,2017-06-07,13.489029408983162,"{""type"":""MultiPoint"",""coordinates"":[]}"
20170608,2017-06-08,2.707513646795273,"{""type"":""MultiPoint"",""coordinates"":[]}"
20170609,2017-06-09,10.240430421596319,"{""type"":""MultiPoint"",""coordinates"":[]}"
20170610,2017-06-10,16.00299627545119,"{""type"":""MultiPoint"",""coordinates"":[]}"
20170611,2017-06-11,13.487614847695202,"{""type"":""MultiPoint"",""coordinates"":[]}"
20170612,2017-06-12,8.76746195001503,"{""type"":""MultiPoint"",""coordinates"":[]}"
20170613,2017-06-13,9.951515659382808,"{""type"":""MultiPoint"",""coordinates"":[]}"
20170614,2017-06-14,14.39392066509536,"{""type"":""MultiPoint"",""coordinates"":[]}"
20170615,2017-06-15,16.913919148408038,"{""type"":""MultiPoint"",""coordinates"":[]}"
20170616,2017-06-16,9.614671163584294,"{""type"":""MultiPoint"",""coordinates"":[]}"
20170617,2017-06-17,0.26405083536694485,"{""type"":""MultiPoint"",""coordinates"":[]}"
20170618,2017-06-18,6.423178168524387,"{""type"":""MultiPoint"",""coordinates"":[]}"
20170619,2017-06-19,0.9550289562799581,"{""type"":""MultiPoint"",""coordinates"":[]}"
20170620,2017-06-20,9.432353134619722,"{""type"":""MultiPoint"",""coordinates"":[]}"
20170621,2017-06-21,7.843395555683362,"{""type"":""MultiPoint"",""coordinates"":[]}"
20170622,2017-06-22,4.535740751797016,"{""type"":""MultiPoint"",""coordinates"":[]}"
20170623,2017-06-23,4.438606453821075,"{""type"":""MultiPoint"",""coordinates"":[]}"
20170624,2017-06-24,11.413851141469806,"{""type"":""MultiPoint"",""coordinates"":[]}"
20170625,2017-06-25,8.714509387862266,"{""type"":""MultiPoint"",""coordinates"":[]}"
20170626,2017-06-26,5.34738932207354,"{""type"":""MultiPoint"",""coordinates"":[]}"
20170627,2017-06-27,2.218402284564156,"{""type"":""MultiPoint"",""coordinates"":[]}"
20170628,2017-06-28,14.085879625220782,"{""type"":""MultiPoint"",""coordinates"":[]}"
20170629,2017-06-29,10.966507967483402,"{""type"":""MultiPoint"",""coordinates"":[]}"
20170630,2017-06-30,22.3326215388669,"{""type"":""MultiPoint"",""coordinates"":[]}"
20170701,2017-07-01,15.020953054968759,"{""type"":""MultiPoint"",""coordinates"":[]}"
20170702,2017-07-02,9.215858880632043,"{""type"":""MultiPoint"",""coordinates"":[]}"
20170703,2017-07-03,6.7390087700475565,"{""type"":""MultiPoint"",""coordinates"":[]}"
20170704,2017-07-04,1.5786693479572906,"{""type"":""MultiPoint"",""coordinates"":[]}"
20170705,2017-07-05,1.5675640676589608,"{""type"":""MultiPoint"",""coordinates"":[]}"
20170706,2017-07-06,9.300435099356546,"{""type"":""MultiPoint"",""coordinates"":[]}"
20170707,2017-07-07,5.850423132958898,"{""type"":""MultiPoint"",""coordinates"":[]}"
20170708,2017-07-08,6.857405940978034,"{""type"":""MultiPoint"",""coordinates"":[]}"
20170709,2017-07-09,10.08202502799451,"{""type"":""MultiPoint"",""coordinates"":[]}"
20170710,2017-07-10,12.013087930629718,"{""type"":""MultiPoint"",""coordinates"":[]}"
20170711,2017-07-11,17.402988874351806,"{""type"":""MultiPoint"",""coordinates"":[]}"
20170712,2017-07-12,8.944542462222126,"{""type"":""MultiPoint"",""coordinates"":[]}"
20170713,2017-07-13,13.029952065819453,"{""type"":""MultiPoint"",""coordinates"":[]}"
20170714,2017-07-14,2.360626418087266,"{""type"":""MultiPoint"",""coordinates"":[]}"
20170715,2017-07-15,14.050796528540356,"{""type"":""MultiPoint"",""coordinates"":[]}"
20170716,2017-07-16,22.492728269902386,"{""type"":""MultiPoint"",""coordinates"":[]}"
20170717,2017-07-17,26.442968021630705,"{""type"":""MultiPoint"",""coordinates"":[]}"
20170718,2017-07-18,13.572978092938909,"{""type"":""MultiPoint"",""coordinates"":[]}"
20170719,2017-07-19,4.534926157407685,"{""type"":""MultiPoint"",""coordinates"":[]}"
20170720,2017-07-20,3.076952152366865,"{""type"":""MultiPoint"",""coordinates"":[]}"
20170721,2017-07-21,0.018942843178454787,"{""type"":""MultiPoint"",""coordinates"":[]}"
20170722,2017-07-22,0.0,"{""type"":""MultiPoint"",""coordinates"":[]}"
20170723,2017-07-23,3.127188485458417,"{""type"":""MultiPoint"",""coordinates"":[]}"
20170724,2017-07-24,8.467949101089284,"{""type"":""MultiPoint"",""coordinates"":[]}"
20170725,2017-07-25,1.8096216126487175,"{""type"":""MultiPoint"",""coordinates"":[]}"
20170726,2017-07-26,2.013219331943003,"{""type"":""MultiPoint"",""coordinates"":[]}"
20170727,2017-07-27,2.0055534439506912,"{""type"":""MultiPoint"",""coordinates"":[]}"
20170728,2017-07-28,6.675568797148021,"{""type"":""MultiPoint"",""coordinates"":[]}"
20170729,2017-07-29,17.49510319762287,"{""type"":""MultiPoint"",""coordinates"":[]}"
20170730,2017-07-30,12.37865586550568,"{""type"":""MultiPoint"",""coordinates"":[]}"
20170731,2017-07-31,1.4446853112742475,"{""type"":""MultiPoint"",""coordinates"":[]}"
20170801,2017-08-01,5.819159120568922,"{""type"":""MultiPoint"",""coordinates"":[]}"
20170802,2017-08-02,5.117832597160611,"{""type"":""MultiPoint"",""coordinates"":[]}"
20170803,2017-08-03,2.557681400134683,"{""type"":""MultiPoint"",""coordinates"":[]}"
20170804,2017-08-04,0.014885556624536837,"{""type"":""MultiPoint"",""coordinates"":[]}"
20170805,2017-08-05,7.113326714487585,"{""type"":""MultiPoint"",""coordinates"":[]}"
20170806,2017-08-06,0.4468024100328014,"{""type"":""MultiPoint"",""coordinates"":[]}"
20170807,2017-08-07,5.7065738621609725,"{""type"":""MultiPoint"",""coordinates"":[]}"
20170808,2017-08-08,11.418728720059535,"{""type"":""MultiPoint"",""coordinates"":[]}"
20170809,2017-08-09,4.49848029904575,"{""type"":""MultiPoint"",""coordinates"":[]}"
20170810,2017-08-10,0.14201418413715788,"{""type"":""MultiPoint"",""coordinates"":[]}"
20170811,2017-08-11,3.834639098624078,"{""type"":""MultiPoint"",""coordinates"":[]}"
20170812,2017-08-12,15.596694561952157,"{""type"":""MultiPoint"",""coordinates"":[]}"
20170813,2017-08-13,13.22605426196302,"{""type"":""MultiPoint"",""coordinates"":[]}"
20170814,2017-08-14,1.591966442619455,"{""type"":""MultiPoint"",""coordinates"":[]}"
20170815,2017-08-15,0.20317270899810091,"{""type"":""MultiPoint"",""coordinates"":[]}"
20170816,2017-08-16,13.665634982478549,"{""type"":""MultiPoint"",""coordinates"":[]}"
20170817,2017-08-17,16.424625949601698,"{""type"":""MultiPoint"",""coordinates"":[]}"
20170818,2017-08-18,12.124367000375141,"{""type"":""MultiPoint"",""coordinates"":[]}"
20170819,2017-08-19,10.03462636997881,"{""type"":""MultiPoint"",""coordinates"":[]}"
20170820,2017-08-20,3.8968964828566564,"{""type"":""MultiPoint"",""coordinates"":[]}"
20170821,2017-08-21,0.07497340775237166,"{""type"":""MultiPoint"",""coordinates"":[]}"
20170822,2017-08-22,5.648531908366906,"{""type"":""MultiPoint"",""coordinates"":[]}"
20170823,2017-08-23,7.0907926467996445,"{""type"":""MultiPoint"",""coordinates"":[]}"
20170824,2017-08-24,9.574734797597324,"{""type"":""MultiPoint"",""coordinates"":[]}"
20170825,2017-08-25,4.649646593274247,"{""type"":""MultiPoint"",""coordinates"":[]}"
20170826,2017-08-26,8.391600946541987,"{""type"":""MultiPoint"",""coordinates"":[]}"
20170827,2017-08-27,33.89275775747903,"{""type"":""MultiPoint"",""coordinates"":[]}"
20170828,2017-08-28,34.22324665446856,"{""type"":""MultiPoint"",""coordinates"":[]}"
20170829,2017-08-29,24.201109227206345,"{""type"":""MultiPoint"",""coordinates"":[]}"
20170830,2017-08-30,10.04728472956709,"{""type"":""MultiPoint"",""coordinates"":[]}"
20170831,2017-08-31,6.8049688428044615,"{""type"":""MultiPoint"",""coordinates"":[]}"
20170901,2017-09-01,6.55237113174557,"{""type"":""MultiPoint"",""coordinates"":[]}"
20170902,2017-09-02,5.948412024661361,"{""type"":""MultiPoint"",""coordinates"":[]}"
20170903,2017-09-03,1.1566733551239805,"{""type"":""MultiPoint"",""coordinates"":[]}"
20170904,2017-09-04,2.991590206015431,"{""type"":""MultiPoint"",""coordinates"":[]}"
20170905,2017-09-05,5.89071399499895,"{""type"":""MultiPoint"",""coordinates"":[]}"
20170906,2017-09-06,8.30504114937521,"{""type"":""MultiPoint"",""coordinates"":[]}"
20170907,2017-09-07,2.6713066485642374,"{""type"":""MultiPoint"",""coordinates"":[]}"
20170908,2017-09-08,0.17899395900899448,"{""type"":""MultiPoint"",""coordinates"":[]}"
20170909,2017-09-09,0.0,"{""type"":""MultiPoint"",""coordinates"":[]}"
20170910,2017-09-10,0.0,"{""type"":""MultiPoint"",""coordinates"":[]}"
20170911,2017-09-11,0.04271756202207812,"{""type"":""MultiPoint"",""coordinates"":[]}"
20170912,2017-09-12,3.461176701972451,"{""type"":""MultiPoint"",""coordinates"":[]}"
20170913,2017-09-13,5.95634016853714,"{""type"":""MultiPoint"",""coordinates"":[]}"
20170914,2017-09-14,5.38659517233597,"{""type"":""MultiPoint"",""coordinates"":[]}"
20170915,2017-09-15,3.0259564185663317,"{""type"":""MultiPoint"",""coordinates"":[]}"
20170916,2017-09-16,2.8926417123370425,"{""type"":""MultiPoint"",""coordinates"":[]}"
20170917,2017-09-17,8.410795328292284,"{""type"":""MultiPoint"",""coordinates"":[]}"
20170918,2017-09-18,6.518623258601988,"{""type"":""MultiPoint"",""coordinates"":[]}"
20170919,2017-09-19,2.403404978909507,"{""type"":""MultiPoint"",""coordinates"":[]}"
20170920,2017-09-20,1.088686862593381,"{""type"":""MultiPoint"",""coordinates"":[]}"
20170921,2017-09-21,2.016179346644663,"{""type"":""MultiPoint"",""coordinates"":[]}"
20170922,2017-09-22,0.5140942507857315,"{""type"":""MultiPoint"",""coordinates"":[]}"
20170923,2017-09-23,2.659860610893599,"{""type"":""MultiPoint"",""coordinates"":[]}"
20170924,2017-09-24,4.773690008347784,"{""type"":""MultiPoint"",""coordinates"":[]}"
20170925,2017-09-25,1.894241323574911,"{""type"":""MultiPoint"",""coordinates"":[]}"
20170926,2017-09-26,4.035395701087785,"{""type"":""MultiPoint"",""coordinates"":[]}"
20170927,2017-09-27,5.167411583140863,"{""type"":""MultiPoint"",""coordinates"":[]}"
20170928,2017-09-28,3.8701756136652152,"{""type"":""MultiPoint"",""coordinates"":[]}"
20170929,2017-09-29,15.585792858670148,"{""type"":""MultiPoint"",""coordinates"":[]}"
20170930,2017-09-30,13.27428357011912,"{""type"":""MultiPoint"",""coordinates"":[]}"
20171001,2017-10-01,14.05286774916937,"{""type"":""MultiPoint"",""coordinates"":[]}"
20171002,2017-10-02,7.743355556199559,"{""type"":""MultiPoint"",""coordinates"":[]}"
20171003,2017-10-03,10.898868011170741,"{""type"":""MultiPoint"",""coordinates"":[]}"
20171004,2017-10-04,11.682657109461127,"{""type"":""MultiPoint"",""coordinates"":[]}"
20171005,2017-10-05,4.632514292311646,"{""type"":""MultiPoint"",""coordinates"":[]}"
20171006,2017-10-06,14.928329580894703,"{""type"":""MultiPoint"",""coordinates"":[]}"
20171007,2017-10-07,12.119378113852278,"{""type"":""MultiPoint"",""coordinates"":[]}"
20171008,2017-10-08,5.315446252943112,"{""type"":""MultiPoint"",""coordinates"":[]}"
20171009,2017-10-09,18.54915036505939,"{""type"":""MultiPoint"",""coordinates"":[]}"
20171010,2017-10-10,8.135179777237251,"{""type"":""MultiPoint"",""coordinates"":[]}"
20171011,2017-10-11,1.6933191411960657,"{""type"":""MultiPoint"",""coordinates"":[]}"
20171012,2017-10-12,1.853893885842347,"{""type"":""MultiPoint"",""coordinates"":[]}"
20171013,2017-10-13,4.4604420662714555,"{""type"":""MultiPoint"",""coordinates"":[]}"
20171014,2017-10-14,5.968089399392633,"{""type"":""MultiPoint"",""coordinates"":[]}"
20171015,2017-10-15,33.86876538226077,"{""type"":""MultiPoint"",""coordinates"":[]}"
20171016,2017-10-16,4.542128350526662,"{""type"":""MultiPoint"",""coordinates"":[]}"
20171017,2017-10-17,3.9232521327766503,"{""type"":""MultiPoint"",""coordinates"":[]}"
20171018,2017-10-18,11.991384434682674,"{""type"":""MultiPoint"",""coordinates"":[]}"
20171019,2017-10-19,9.121634826521634,"{""type"":""MultiPoint"",""coordinates"":[]}"
20171020,2017-10-20,8.115638287619367,"{""type"":""MultiPoint"",""coordinates"":[]}"
20171021,2017-10-21,1.5293359535794995,"{""type"":""MultiPoint"",""coordinates"":[]}"
20171022,2017-10-22,1.047229610968962,"{""type"":""MultiPoint"",""coordinates"":[]}"
20171023,2017-10-23,2.9993563924076656,"{""type"":""MultiPoint"",""coordinates"":[]}"
20171024,2017-10-24,0.06081206048283008,"{""type"":""MultiPoint"",""coordinates"":[]}"
20171025,2017-10-25,0.0,"{""type"":""MultiPoint"",""coordinates"":[]}"
20171026,2017-10-26,0.0,"{""type"":""MultiPoint"",""coordinates"":[]}"
20171027,2017-10-27,0.0,"{""type"":""MultiPoint"",""coordinates"":[]}"
20171028,2017-10-28,5.08156890379786E-5,"{""type"":""MultiPoint"",""coordinates"":[]}"
20171029,2017-10-29,0.0,"{""type"":""MultiPoint"",""coordinates"":[]}"
20171030,2017-10-30,0.0,"{""type"":""MultiPoint"",""coordinates"":[]}"
20171031,2017-10-31,0.0,"{""type"":""MultiPoint"",""coordinates"":[]}"
20171101,2017-11-01,0.5325543652417635,"{""type"":""MultiPoint"",""coordinates"":[]}"
20171102,2017-11-02,0.0,"{""type"":""MultiPoint"",""coordinates"":[]}"
20171103,2017-11-03,0.15207541546225356,"{""type"":""MultiPoint"",""coordinates"":[]}"
20171104,2017-11-04,0.028106706398191204,"{""type"":""MultiPoint"",""coordinates"":[]}"
20171105,2017-11-05,0.0,"{""type"":""MultiPoint"",""coordinates"":[]}"
20171106,2017-11-06,0.0,"{""type"":""MultiPoint"",""coordinates"":[]}"
20171107,2017-11-07,0.0,"{""type"":""MultiPoint"",""coordinates"":[]}"
20171108,2017-11-08,0.0,"{""type"":""MultiPoint"",""coordinates"":[]}"
20171109,2017-11-09,0.0,"{""type"":""MultiPoint"",""coordinates"":[]}"
20171110,2017-11-10,0.06912489521508444,"{""type"":""MultiPoint"",""coordinates"":[]}"
20171111,2017-11-11,0.7176339090751997,"{""type"":""MultiPoint"",""coordinates"":[]}"
20171112,2017-11-12,1.679961207044688,"{""type"":""MultiPoint"",""coordinates"":[]}"
20171113,2017-11-13,5.289906972071151,"{""type"":""MultiPoint"",""coordinates"":[]}"
20171114,2017-11-14,4.740169953309605,"{""type"":""MultiPoint"",""coordinates"":[]}"
20171115,2017-11-15,0.12716290699266122,"{""type"":""MultiPoint"",""coordinates"":[]}"
20171116,2017-11-16,0.020115322744468773,"{""type"":""MultiPoint"",""coordinates"":[]}"
20171117,2017-11-17,2.7780272845011265,"{""type"":""MultiPoint"",""coordinates"":[]}"
20171118,2017-11-18,0.8549632178843465,"{""type"":""MultiPoint"",""coordinates"":[]}"
20171119,2017-11-19,0.028748334979424528,"{""type"":""MultiPoint"",""coordinates"":[]}"
20171120,2017-11-20,0.3293163682567916,"{""type"":""MultiPoint"",""coordinates"":[]}"
20171121,2017-11-21,0.0,"{""type"":""MultiPoint"",""coordinates"":[]}"
20171122,2017-11-22,0.0,"{""type"":""MultiPoint"",""coordinates"":[]}"
20171123,2017-11-23,0.0,"{""type"":""MultiPoint"",""coordinates"":[]}"
20171124,2017-11-24,0.0,"{""type"":""MultiPoint"",""coordinates"":[]}"
20171125,2017-11-25,0.0,"{""type"":""MultiPoint"",""coordinates"":[]}"
20171126,2017-11-26,0.010866040935851426,"{""type"":""MultiPoint"",""coordinates"":[]}"
20171127,2017-11-27,0.0,"{""type"":""MultiPoint"",""coordinates"":[]}"
20171128,2017-11-28,0.0,"{""type"":""MultiPoint"",""coordinates"":[]}"
20171129,2017-11-29,0.0,"{""type"":""MultiPoint"",""coordinates"":[]}"
20171130,2017-11-30,0.0,"{""type"":""MultiPoint"",""coordinates"":[]}"
20171201,2017-12-01,0.030946224224375877,"{""type"":""MultiPoint"",""coordinates"":[]}"
20171202,2017-12-02,0.05106701850680911,"{""type"":""MultiPoint"",""coordinates"":[]}"
20171203,2017-12-03,0.0,"{""type"":""MultiPoint"",""coordinates"":[]}"
20171204,2017-12-04,0.010335721359802827,"{""type"":""MultiPoint"",""coordinates"":[]}"
20171205,2017-12-05,0.4422963553485638,"{""type"":""MultiPoint"",""coordinates"":[]}"
20171206,2017-12-06,0.003695599086599577,"{""type"":""MultiPoint"",""coordinates"":[]}"
20171207,2017-12-07,0.0,"{""type"":""MultiPoint"",""coordinates"":[]}"
20171208,2017-12-08,0.005669209187066897,"{""type"":""MultiPoint"",""coordinates"":[]}"
20171209,2017-12-09,0.0699980149267738,"{""type"":""MultiPoint"",""coordinates"":[]}"
20171210,2017-12-10,0.0,"{""type"":""MultiPoint"",""coordinates"":[]}"
20171211,2017-12-11,0.0,"{""type"":""MultiPoint"",""coordinates"":[]}"
20171212,2017-12-12,0.0,"{""type"":""MultiPoint"",""coordinates"":[]}"
20171213,2017-12-13,0.0,"{""type"":""MultiPoint"",""coordinates"":[]}"
20171214,2017-12-14,0.0,"{""type"":""MultiPoint"",""coordinates"":[]}"
20171215,2017-12-15,0.0,"{""type"":""MultiPoint"",""coordinates"":[]}"
20171216,2017-12-16,0.008010682089811344,"{""type"":""MultiPoint"",""coordinates"":[]}"
20171217,2017-12-17,0.0,"{""type"":""MultiPoint"",""coordinates"":[]}"
20171218,2017-12-18,0.0,"{""type"":""MultiPoint"",""coordinates"":[]}"
20171219,2017-12-19,0.0775194800410588,"{""type"":""MultiPoint"",""coordinates"":[]}"
20171220,2017-12-20,0.0,"{""type"":""MultiPoint"",""coordinates"":[]}"
20171221,2017-12-21,0.0,"{""type"":""MultiPoint"",""coordinates"":[]}"
20171222,2017-12-22,0.0,"{""type"":""MultiPoint"",""coordinates"":[]}"
20171223,2017-12-23,0.0,"{""type"":""MultiPoint"",""coordinates"":[]}"
20171224,2017-12-24,0.0,"{""type"":""MultiPoint"",""coordinates"":[]}"
20171225,2017-12-25,0.0,"{""type"":""MultiPoint"",""coordinates"":[]}"
20171226,2017-12-26,0.06882188493262871,"{""type"":""MultiPoint"",""coordinates"":[]}"
20171227,2017-12-27,0.0,"{""type"":""MultiPoint"",""coordinates"":[]}"
20171228,2017-12-28,0.0,"{""type"":""MultiPoint"",""coordinates"":[]}"
20171229,2017-12-29,0.008735512223063256,"{""type"":""MultiPoint"",""coordinates"":[]}"
20171230,2017-12-30,0.0,"{""type"":""MultiPoint"",""coordinates"":[]}"
20171231,2017-12-31,0.017258336724076558,"{""type"":""MultiPoint"",""coordinates"":[]}"
20180101,2018-01-01,0.23640593755063655,"{""type"":""MultiPoint"",""coordinates"":[]}"
20180102,2018-01-02,0.0,"{""type"":""MultiPoint"",""coordinates"":[]}"
20180103,2018-01-03,0.04997104540755965,"{""type"":""MultiPoint"",""coordinates"":[]}"
20180104,2018-01-04,0.0,"{""type"":""MultiPoint"",""coordinates"":[]}"
20180105,2018-01-05,0.0,"{""type"":""MultiPoint"",""coordinates"":[]}"
20180106,2018-01-06,0.0,"{""type"":""MultiPoint"",""coordinates"":[]}"
20180107,2018-01-07,0.0,"{""type"":""MultiPoint"",""coordinates"":[]}"
20180108,2018-01-08,0.0,"{""type"":""MultiPoint"",""coordinates"":[]}"
20180109,2018-01-09,0.0,"{""type"":""MultiPoint"",""coordinates"":[]}"
20180110,2018-01-10,0.0,"{""type"":""MultiPoint"",""coordinates"":[]}"
20180111,2018-01-11,0.0,"{""type"":""MultiPoint"",""coordinates"":[]}"
20180112,2018-01-12,0.0,"{""type"":""MultiPoint"",""coordinates"":[]}"
20180113,2018-01-13,0.024919015448583565,"{""type"":""MultiPoint"",""coordinates"":[]}"
20180114,2018-01-14,0.0,"{""type"":""MultiPoint"",""coordinates"":[]}"
20180115,2018-01-15,0.0033370596376293927,"{""type"":""MultiPoint"",""coordinates"":[]}"
20180116,2018-01-16,0.0,"{""type"":""MultiPoint"",""coordinates"":[]}"
20180117,2018-01-17,0.1577582578399036,"{""type"":""MultiPoint"",""coordinates"":[]}"
20180118,2018-01-18,0.015501736262436942,"{""type"":""MultiPoint"",""coordinates"":[]}"
20180119,2018-01-19,0.0,"{""type"":""MultiPoint"",""coordinates"":[]}"
20180120,2018-01-20,0.0,"{""type"":""MultiPoint"",""coordinates"":[]}"
20180121,2018-01-21,0.0,"{""type"":""MultiPoint"",""coordinates"":[]}"
20180122,2018-01-22,0.0,"{""type"":""MultiPoint"",""coordinates"":[]}"
20180123,2018-01-23,0.0,"{""type"":""MultiPoint"",""coordinates"":[]}"
20180124,2018-01-24,0.15685273960438678,"{""type"":""MultiPoint"",""coordinates"":[]}"
20180125,2018-01-25,0.05301617646160067,"{""type"":""MultiPoint"",""coordinates"":[]}"
20180126,2018-01-26,0.6837934958049041,"{""type"":""MultiPoint"",""coordinates"":[]}"
20180127,2018-01-27,0.0,"{""type"":""MultiPoint"",""coordinates"":[]}"
20180128,2018-01-28,0.0,"{""type"":""MultiPoint"",""coordinates"":[]}"
20180129,2018-01-29,0.0,"{""type"":""MultiPoint"",""coordinates"":[]}"
20180130,2018-01-30,0.0,"{""type"":""MultiPoint"",""coordinates"":[]}"
20180131,2018-01-31,0.0,"{""type"":""MultiPoint"",""coordinates"":[]}"
20180201,2018-02-01,0.0,"{""type"":""MultiPoint"",""coordinates"":[]}"
20180202,2018-02-02,0.004632514691152626,"{""type"":""MultiPoint"",""coordinates"":[]}"
20180203,2018-02-03,0.006125874867130588,"{""type"":""MultiPoint"",""coordinates"":[]}"
20180204,2018-02-04,0.0014896639627982476,"{""type"":""MultiPoint"",""coordinates"":[]}"
20180205,2018-02-05,0.0,"{""type"":""MultiPoint"",""coordinates"":[]}"
20180206,2018-02-06,0.3650430708991579,"{""type"":""MultiPoint"",""coordinates"":[]}"
20180207,2018-02-07,1.664438649167588,"{""type"":""MultiPoint"",""coordinates"":[]}"
20180208,2018-02-08,0.7446974111718991,"{""type"":""MultiPoint"",""coordinates"":[]}"
20180209,2018-02-09,0.0,"{""type"":""MultiPoint"",""coordinates"":[]}"
20180210,2018-02-10,2.2252096052631627,"{""type"":""MultiPoint"",""coordinates"":[]}"
20180211,2018-02-11,1.6398328568702392,"{""type"":""MultiPoint"",""coordinates"":[]}"
20180212,2018-02-12,0.015083363442485183,"{""type"":""MultiPoint"",""coordinates"":[]}"
20180213,2018-02-13,0.4813729855723069,"{""type"":""MultiPoint"",""coordinates"":[]}"
20180214,2018-02-14,0.5105087207873944,"{""type"":""MultiPoint"",""coordinates"":[]}"
20180215,2018-02-15,0.7831863592154411,"{""type"":""MultiPoint"",""coordinates"":[]}"
20180216,2018-02-16,0.0,"{""type"":""MultiPoint"",""coordinates"":[]}"
20180217,2018-02-17,0.0154188939332095,"{""type"":""MultiPoint"",""coordinates"":[]}"
20180218,2018-02-18,0.008572280186237756,"{""type"":""MultiPoint"",""coordinates"":[]}"
20180219,2018-02-19,0.0,"{""type"":""MultiPoint"",""coordinates"":[]}"
20180220,2018-02-20,1.9635113192276225E-5,"{""type"":""MultiPoint"",""coordinates"":[]}"
20180221,2018-02-21,0.027891807046775623,"{""type"":""MultiPoint"",""coordinates"":[]}"
20180222,2018-02-22,0.0,"{""type"":""MultiPoint"",""coordinates"":[]}"
20180223,2018-02-23,0.0,"{""type"":""MultiPoint"",""coordinates"":[]}"
20180224,2018-02-24,0.0,"{""type"":""MultiPoint"",""coordinates"":[]}"
20180225,2018-02-25,0.0,"{""type"":""MultiPoint"",""coordinates"":[]}"
20180226,2018-02-26,0.0,"{""type"":""MultiPoint"",""coordinates"":[]}"
20180227,2018-02-27,0.0,"{""type"":""MultiPoint"",""coordinates"":[]}"
20180228,2018-02-28,0.0,"{""type"":""MultiPoint"",""coordinates"":[]}"
20180301,2018-03-01,0.0,"{""type"":""MultiPoint"",""coordinates"":[]}"
20180302,2018-03-02,0.0,"{""type"":""MultiPoint"",""coordinates"":[]}"
20180303,2018-03-03,0.0,"{""type"":""MultiPoint"",""coordinates"":[]}"
20180304,2018-03-04,0.0,"{""type"":""MultiPoint"",""coordinates"":[]}"
20180305,2018-03-05,0.0,"{""type"":""MultiPoint"",""coordinates"":[]}"
20180306,2018-03-06,0.0,"{""type"":""MultiPoint"",""coordinates"":[]}"
20180307,2018-03-07,0.0,"{""type"":""MultiPoint"",""coordinates"":[]}"
20180308,2018-03-08,0.0,"{""type"":""MultiPoint"",""coordinates"":[]}"
20180309,2018-03-09,0.0,"{""type"":""MultiPoint"",""coordinates"":[]}"
20180310,2018-03-10,0.0,"{""type"":""MultiPoint"",""coordinates"":[]}"
20180311,2018-03-11,0.0,"{""type"":""MultiPoint"",""coordinates"":[]}"
20180312,2018-03-12,0.0,"{""type"":""MultiPoint"",""coordinates"":[]}"
20180313,2018-03-13,0.0,"{""type"":""MultiPoint"",""coordinates"":[]}"
20180314,2018-03-14,0.0,"{""type"":""MultiPoint"",""coordinates"":[]}"
20180315,2018-03-15,0.0,"{""type"":""MultiPoint"",""coordinates"":[]}"
20180316,2018-03-16,0.0,"{""type"":""MultiPoint"",""coordinates"":[]}"
20180317,2018-03-17,0.0,"{""type"":""MultiPoint"",""coordinates"":[]}"
20180318,2018-03-18,0.0,"{""type"":""MultiPoint"",""coordinates"":[]}"
20180319,2018-03-19,0.0,"{""type"":""MultiPoint"",""coordinates"":[]}"
20180320,2018-03-20,0.0,"{""type"":""MultiPoint"",""coordinates"":[]}"
20180321,2018-03-21,0.0,"{""type"":""MultiPoint"",""coordinates"":[]}"
20180322,2018-03-22,0.018257041600102147,"{""type"":""MultiPoint"",""coordinates"":[]}"
20180323,2018-03-23,0.0,"{""type"":""MultiPoint"",""coordinates"":[]}"
20180324,2018-03-24,3.637048583777031E-4,"{""type"":""MultiPoint"",""coordinates"":[]}"
20180325,2018-03-25,0.003225151803422084,"{""type"":""MultiPoint"",""coordinates"":[]}"
20180326,2018-03-26,0.0,"{""type"":""MultiPoint"",""coordinates"":[]}"
20180327,2018-03-27,0.0,"{""type"":""MultiPoint"",""coordinates"":[]}"
20180328,2018-03-28,0.0,"{""type"":""MultiPoint"",""coordinates"":[]}"
20180329,2018-03-29,0.5673663305183673,"{""type"":""MultiPoint"",""coordinates"":[]}"
20180330,2018-03-30,1.5473005964288897,"{""type"":""MultiPoint"",""coordinates"":[]}"
20180331,2018-03-31,0.8441561593646065,"{""type"":""MultiPoint"",""coordinates"":[]}"
20180401,2018-04-01,3.9053741064934346,"{""type"":""MultiPoint"",""coordinates"":[]}"
20180402,2018-04-02,0.0,"{""type"":""MultiPoint"",""coordinates"":[]}"
20180403,2018-04-03,0.7537535093515348,"{""type"":""MultiPoint"",""coordinates"":[]}"
20180404,2018-04-04,1.1736394278328237,"{""type"":""MultiPoint"",""coordinates"":[]}"
20180405,2018-04-05,0.0,"{""type"":""MultiPoint"",""coordinates"":[]}"
20180406,2018-04-06,0.00858722310116252,"{""type"":""MultiPoint"",""coordinates"":[]}"
20180407,2018-04-07,3.4396795302563166,"{""type"":""MultiPoint"",""coordinates"":[]}"
20180408,2018-04-08,0.14580273267012508,"{""type"":""MultiPoint"",""coordinates"":[]}"
20180409,2018-04-09,0.0,"{""type"":""MultiPoint"",""coordinates"":[]}"
20180410,2018-04-10,0.0,"{""type"":""MultiPoint"",""coordinates"":[]}"
20180411,2018-04-11,0.0,"{""type"":""MultiPoint"",""coordinates"":[]}"
20180412,2018-04-12,0.21851213738013858,"{""type"":""MultiPoint"",""coordinates"":[]}"
20180413,2018-04-13,0.0,"{""type"":""MultiPoint"",""coordinates"":[]}"
20180414,2018-04-14,0.1512082208988069,"{""type"":""MultiPoint"",""coordinates"":[]}"
20180415,2018-04-15,0.0,"{""type"":""MultiPoint"",""coordinates"":[]}"
20180416,2018-04-16,3.0641672958638035,"{""type"":""MultiPoint"",""coordinates"":[]}"
20180417,2018-04-17,2.113398283477626,"{""type"":""MultiPoint"",""coordinates"":[]}"
20180418,2018-04-18,4.063341695361008,"{""type"":""MultiPoint"",""coordinates"":[]}"
20180419,2018-04-19,0.0,"{""type"":""MultiPoint"",""coordinates"":[]}"
20180420,2018-04-20,2.3920842739285515,"{""type"":""MultiPoint"",""coordinates"":[]}"
20180421,2018-04-21,0.6127695844246428,"{""type"":""MultiPoint"",""coordinates"":[]}"
20180422,2018-04-22,1.5677512206573854,"{""type"":""MultiPoint"",""coordinates"":[]}"
20180423,2018-04-23,0.0,"{""type"":""MultiPoint"",""coordinates"":[]}"
20180424,2018-04-24,5.850736103104056,"{""type"":""MultiPoint"",""coordinates"":[]}"
20180425,2018-04-25,0.0,"{""type"":""MultiPoint"",""coordinates"":[]}"
20180426,2018-04-26,0.19330122739969333,"{""type"":""MultiPoint"",""coordinates"":[]}"
20180427,2018-04-27,0.0,"{""type"":""MultiPoint"",""coordinates"":[]}"
20180428,2018-04-28,0.0,"{""type"":""MultiPoint"",""coordinates"":[]}"
20180429,2018-04-29,0.0,"{""type"":""MultiPoint"",""coordinates"":[]}"
20180430,2018-04-30,0.09706576579584407,"{""type"":""MultiPoint"",""coordinates"":[]}"
20180501,2018-05-01,13.061774931513867,"{""type"":""MultiPoint"",""coordinates"":[]}"
20180502,2018-05-02,1.157926344270338,"{""type"":""MultiPoint"",""coordinates"":[]}"
20180503,2018-05-03,11.344356271703461,"{""type"":""MultiPoint"",""coordinates"":[]}"
20180504,2018-05-04,0.0,"{""type"":""MultiPoint"",""coordinates"":[]}"
20180505,2018-05-05,0.03600304237201681,"{""type"":""MultiPoint"",""coordinates"":[]}"
20180506,2018-05-06,0.0,"{""type"":""MultiPoint"",""coordinates"":[]}"
20180507,2018-05-07,0.0,"{""type"":""MultiPoint"",""coordinates"":[]}"
20180508,2018-05-08,0.0,"{""type"":""MultiPoint"",""coordinates"":[]}"
20180509,2018-05-09,2.9845441155416945,"{""type"":""MultiPoint"",""coordinates"":[]}"
20180510,2018-05-10,0.0,"{""type"":""MultiPoint"",""coordinates"":[]}"
20180511,2018-05-11,0.6803606093165009,"{""type"":""MultiPoint"",""coordinates"":[]}"
20180512,2018-05-12,0.6823418953585373,"{""type"":""MultiPoint"",""coordinates"":[]}"
20180513,2018-05-13,10.273514786008132,"{""type"":""MultiPoint"",""coordinates"":[]}"
20180514,2018-05-14,7.262280804416365,"{""type"":""MultiPoint"",""coordinates"":[]}"
20180515,2018-05-15,0.10082044858730073,"{""type"":""MultiPoint"",""coordinates"":[]}"
20180516,2018-05-16,0.0,"{""type"":""MultiPoint"",""coordinates"":[]}"
20180517,2018-05-17,0.008655501241241904,"{""type"":""MultiPoint"",""coordinates"":[]}"
20180518,2018-05-18,0.0,"{""type"":""MultiPoint"",""coordinates"":[]}"
20180519,2018-05-19,0.0,"{""type"":""MultiPoint"",""coordinates"":[]}"
20180520,2018-05-20,0.0,"{""type"":""MultiPoint"",""coordinates"":[]}"
20180521,2018-05-21,0.004739301263380852,"{""type"":""MultiPoint"",""coordinates"":[]}"
20180522,2018-05-22,2.1332037242804365,"{""type"":""MultiPoint"",""coordinates"":[]}"
20180523,2018-05-23,2.8521944761785996,"{""type"":""MultiPoint"",""coordinates"":[]}"
20180524,2018-05-24,0.024989492535504428,"{""type"":""MultiPoint"",""coordinates"":[]}"
20180525,2018-05-25,0.019728918945175287,"{""type"":""MultiPoint"",""coordinates"":[]}"
20180526,2018-05-26,3.6948574741295186,"{""type"":""MultiPoint"",""coordinates"":[]}"
20180527,2018-05-27,0.0,"{""type"":""MultiPoint"",""coordinates"":[]}"
20180528,2018-05-28,1.4547117795135778,"{""type"":""MultiPoint"",""coordinates"":[]}"
20180529,2018-05-29,3.7929556959456168,"{""type"":""MultiPoint"",""coordinates"":[]}"
20180530,2018-05-30,0.5726090077671352,"{""type"":""MultiPoint"",""coordinates"":[]}"
20180531,2018-05-31,5.842255200397273,"{""type"":""MultiPoint"",""coordinates"":[]}"
20180601,2018-06-01,0.06709582966334471,"{""type"":""MultiPoint"",""coordinates"":[]}"
20180602,2018-06-02,4.789956091701997,"{""type"":""MultiPoint"",""coordinates"":[]}"
20180603,2018-06-03,0.2579297099477854,"{""type"":""MultiPoint"",""coordinates"":[]}"
20180604,2018-06-04,1.7409796507587314,"{""type"":""MultiPoint"",""coordinates"":[]}"
20180605,2018-06-05,6.161877306198865,"{""type"":""MultiPoint"",""coordinates"":[]}"
20180606,2018-06-06,15.309349563870176,"{""type"":""MultiPoint"",""coordinates"":[]}"
20180607,2018-06-07,12.337388970987005,"{""type"":""MultiPoint"",""coordinates"":[]}"
20180608,2018-06-08,18.491180776869214,"{""type"":""MultiPoint"",""coordinates"":[]}"
20180609,2018-06-09,12.803718072310907,"{""type"":""MultiPoint"",""coordinates"":[]}"
20180610,2018-06-10,3.2196016311514137,"{""type"":""MultiPoint"",""coordinates"":[]}"
20180611,2018-06-11,11.686586533614056,"{""type"":""MultiPoint"",""coordinates"":[]}"
20180612,2018-06-12,13.592666627600392,"{""type"":""MultiPoint"",""coordinates"":[]}"
20180613,2018-06-13,0.6848676420876165,"{""type"":""MultiPoint"",""coordinates"":[]}"
20180614,2018-06-14,0.0,"{""type"":""MultiPoint"",""coordinates"":[]}"
20180615,2018-06-15,0.0,"{""type"":""MultiPoint"",""coordinates"":[]}"
20180616,2018-06-16,0.0,"{""type"":""MultiPoint"",""coordinates"":[]}"
20180617,2018-06-17,0.0,"{""type"":""MultiPoint"",""coordinates"":[]}"
20180618,2018-06-18,0.0,"{""type"":""MultiPoint"",""coordinates"":[]}"
20180619,2018-06-19,0.3906732293895184,"{""type"":""MultiPoint"",""coordinates"":[]}"
20180620,2018-06-20,6.359199783708968,"{""type"":""MultiPoint"",""coordinates"":[]}"
20180621,2018-06-21,12.191814986416466,"{""type"":""MultiPoint"",""coordinates"":[]}"
20180622,2018-06-22,13.293256516011928,"{""type"":""MultiPoint"",""coordinates"":[]}"
20180623,2018-06-23,3.252328850491012,"{""type"":""MultiPoint"",""coordinates"":[]}"
20180624,2018-06-24,2.61186721029374,"{""type"":""MultiPoint"",""coordinates"":[]}"
20180625,2018-06-25,4.7054796834559465,"{""type"":""MultiPoint"",""coordinates"":[]}"
20180626,2018-06-26,11.215434485277017,"{""type"":""MultiPoint"",""coordinates"":[]}"
20180627,2018-06-27,20.196004750217874,"{""type"":""MultiPoint"",""coordinates"":[]}"
20180628,2018-06-28,21.250810090669788,"{""type"":""MultiPoint"",""coordinates"":[]}"
20180629,2018-06-29,8.968613572027023,"{""type"":""MultiPoint"",""coordinates"":[]}"
20180630,2018-06-30,6.8272017627588575,"{""type"":""MultiPoint"",""coordinates"":[]}"
20180701,2018-07-01,4.102246583321315,"{""type"":""MultiPoint"",""coordinates"":[]}"
20180702,2018-07-02,5.992147695808278,"{""type"":""MultiPoint"",""coordinates"":[]}"
20180703,2018-07-03,16.93825720229882,"{""type"":""MultiPoint"",""coordinates"":[]}"
20180704,2018-07-04,13.903162065104418,"{""type"":""MultiPoint"",""coordinates"":[]}"
20180705,2018-07-05,15.646495971095543,"{""type"":""MultiPoint"",""coordinates"":[]}"
20180706,2018-07-06,0.3408149149827303,"{""type"":""MultiPoint"",""coordinates"":[]}"
20180707,2018-07-07,19.210121156908233,"{""type"":""MultiPoint"",""coordinates"":[]}"
20180708,2018-07-08,7.979775855065595,"{""type"":""MultiPoint"",""coordinates"":[]}"
20180709,2018-07-09,23.685601585939104,"{""type"":""MultiPoint"",""coordinates"":[]}"
20180710,2018-07-10,29.650258776420007,"{""type"":""MultiPoint"",""coordinates"":[]}"
20180711,2018-07-11,2.3951017325517623,"{""type"":""MultiPoint"",""coordinates"":[]}"
20180712,2018-07-12,0.459136093455543,"{""type"":""MultiPoint"",""coordinates"":[]}"
20180713,2018-07-13,2.0743503133332424,"{""type"":""MultiPoint"",""coordinates"":[]}"
20180714,2018-07-14,12.791255558051295,"{""type"":""MultiPoint"",""coordinates"":[]}"
20180715,2018-07-15,27.865511255742092,"{""type"":""MultiPoint"",""coordinates"":[]}"
20180716,2018-07-16,3.190695735079168,"{""type"":""MultiPoint"",""coordinates"":[]}"
20180717,2018-07-17,1.0691987757050194,"{""type"":""MultiPoint"",""coordinates"":[]}"
20180718,2018-07-18,0.0,"{""type"":""MultiPoint"",""coordinates"":[]}"
20180719,2018-07-19,6.69174943148634,"{""type"":""MultiPoint"",""coordinates"":[]}"
20180720,2018-07-20,37.40326188389381,"{""type"":""MultiPoint"",""coordinates"":[]}"
20180721,2018-07-21,23.699837196264504,"{""type"":""MultiPoint"",""coordinates"":[]}"
20180722,2018-07-22,9.017681553682314,"{""type"":""MultiPoint"",""coordinates"":[]}"
20180723,2018-07-23,0.0,"{""type"":""MultiPoint"",""coordinates"":[]}"
20180724,2018-07-24,0.0,"{""type"":""MultiPoint"",""coordinates"":[]}"
20180725,2018-07-25,2.3138833825001606,"{""type"":""MultiPoint"",""coordinates"":[]}"
20180726,2018-07-26,2.18974795651201,"{""type"":""MultiPoint"",""coordinates"":[]}"
20180727,2018-07-27,0.41634128671202303,"{""type"":""MultiPoint"",""coordinates"":[]}"
20180728,2018-07-28,3.7344335527421495,"{""type"":""MultiPoint"",""coordinates"":[]}"
20180729,2018-07-29,5.372086793548854,"{""type"":""MultiPoint"",""coordinates"":[]}"
20180730,2018-07-30,6.653344350417764,"{""type"":""MultiPoint"",""coordinates"":[]}"
20180731,2018-07-31,5.8964837418854,"{""type"":""MultiPoint"",""coordinates"":[]}"
20180801,2018-08-01,2.6056675015585973,"{""type"":""MultiPoint"",""coordinates"":[]}"
20180802,2018-08-02,0.21721978113359044,"{""type"":""MultiPoint"",""coordinates"":[]}"
20180803,2018-08-03,1.5272007943048418,"{""type"":""MultiPoint"",""coordinates"":[]}"
20180804,2018-08-04,3.581419593956435,"{""type"":""MultiPoint"",""coordinates"":[]}"
20180805,2018-08-05,2.5974894435474205,"{""type"":""MultiPoint"",""coordinates"":[]}"
20180806,2018-08-06,11.777718314521447,"{""type"":""MultiPoint"",""coordinates"":[]}"
20180807,2018-08-07,28.185480050627195,"{""type"":""MultiPoint"",""coordinates"":[]}"
20180808,2018-08-08,1.0945280445042715,"{""type"":""MultiPoint"",""coordinates"":[]}"
20180809,2018-08-09,7.819340023990986,"{""type"":""MultiPoint"",""coordinates"":[]}"
20180810,2018-08-10,1.4704488067856711,"{""type"":""MultiPoint"",""coordinates"":[]}"
20180811,2018-08-11,6.570353458721172,"{""type"":""MultiPoint"",""coordinates"":[]}"
20180812,2018-08-12,15.12939577003182,"{""type"":""MultiPoint"",""coordinates"":[]}"
20180813,2018-08-13,47.72061479870718,"{""type"":""MultiPoint"",""coordinates"":[]}"
20180814,2018-08-14,31.060927177290598,"{""type"":""MultiPoint"",""coordinates"":[]}"
20180815,2018-08-15,39.80741160447055,"{""type"":""MultiPoint"",""coordinates"":[]}"
20180816,2018-08-16,3.467050686282535,"{""type"":""MultiPoint"",""coordinates"":[]}"
20180817,2018-08-17,3.9180755021303093,"{""type"":""MultiPoint"",""coordinates"":[]}"
20180818,2018-08-18,15.826090270328006,"{""type"":""MultiPoint"",""coordinates"":[]}"
20180819,2018-08-19,65.3340479159345,"{""type"":""MultiPoint"",""coordinates"":[]}"
20180820,2018-08-20,26.794316031103637,"{""type"":""MultiPoint"",""coordinates"":[]}"
20180821,2018-08-21,0.0,"{""type"":""MultiPoint"",""coordinates"":[]}"
20180822,2018-08-22,0.0,"{""type"":""MultiPoint"",""coordinates"":[]}"
20180823,2018-08-23,0.006218363350679864,"{""type"":""MultiPoint"",""coordinates"":[]}"
20180824,2018-08-24,15.549425172293159,"{""type"":""MultiPoint"",""coordinates"":[]}"
20180825,2018-08-25,13.375890158811314,"{""type"":""MultiPoint"",""coordinates"":[]}"
20180826,2018-08-26,14.879163001690321,"{""type"":""MultiPoint"",""coordinates"":[]}"
20180827,2018-08-27,2.0491220378353385,"{""type"":""MultiPoint"",""coordinates"":[]}"
20180828,2018-08-28,1.8719447842076584,"{""type"":""MultiPoint"",""coordinates"":[]}"
20180829,2018-08-29,9.275349426084025,"{""type"":""MultiPoint"",""coordinates"":[]}"
20180830,2018-08-30,5.351181065080587,"{""type"":""MultiPoint"",""coordinates"":[]}"
20180831,2018-08-31,10.442603592226876,"{""type"":""MultiPoint"",""coordinates"":[]}"
20180901,2018-09-01,5.262244546226079,"{""type"":""MultiPoint"",""coordinates"":[]}"
20180902,2018-09-02,3.365219266751129,"{""type"":""MultiPoint"",""coordinates"":[]}"
20180903,2018-09-03,0.836623396572147,"{""type"":""MultiPoint"",""coordinates"":[]}"
20180904,2018-09-04,8.079670865095514,"{""type"":""MultiPoint"",""coordinates"":[]}"
20180905,2018-09-05,0.16267545624883292,"{""type"":""MultiPoint"",""coordinates"":[]}"
20180906,2018-09-06,5.266201545120184,"{""type"":""MultiPoint"",""coordinates"":[]}"
20180907,2018-09-07,6.9051977211058135,"{""type"":""MultiPoint"",""coordinates"":[]}"
20180908,2018-09-08,0.0,"{""type"":""MultiPoint"",""coordinates"":[]}"
20180909,2018-09-09,0.4398606580540109,"{""type"":""MultiPoint"",""coordinates"":[]}"
20180910,2018-09-10,2.795813999780572,"{""type"":""MultiPoint"",""coordinates"":[]}"
20180911,2018-09-11,3.285253582055597,"{""type"":""MultiPoint"",""coordinates"":[]}"
20180912,2018-09-12,5.007059010638717,"{""type"":""MultiPoint"",""coordinates"":[]}"
20180913,2018-09-13,3.40448784917523,"{""type"":""MultiPoint"",""coordinates"":[]}"
20180914,2018-09-14,4.800904318870616,"{""type"":""MultiPoint"",""coordinates"":[]}"
20180915,2018-09-15,1.0667793696241292,"{""type"":""MultiPoint"",""coordinates"":[]}"
20180916,2018-09-16,12.339300317988052,"{""type"":""MultiPoint"",""coordinates"":[]}"
20180917,2018-09-17,4.70995057906433,"{""type"":""MultiPoint"",""coordinates"":[]}"
20180918,2018-09-18,10.401188101858676,"{""type"":""MultiPoint"",""coordinates"":[]}"
20180919,2018-09-19,13.016715468864064,"{""type"":""MultiPoint"",""coordinates"":[]}"
20180920,2018-09-20,26.557633234532865,"{""type"":""MultiPoint"",""coordinates"":[]}"
20180921,2018-09-21,19.089585271557784,"{""type"":""MultiPoint"",""coordinates"":[]}"
20180922,2018-09-22,1.1774467820174672,"{""type"":""MultiPoint"",""coordinates"":[]}"
20180923,2018-09-23,0.00908516078642834,"{""type"":""MultiPoint"",""coordinates"":[]}"
20180924,2018-09-24,6.608937979154406,"{""type"":""MultiPoint"",""coordinates"":[]}"
20180925,2018-09-25,14.101153358273521,"{""type"":""MultiPoint"",""coordinates"":[]}"
20180926,2018-09-26,8.068970286816471,"{""type"":""MultiPoint"",""coordinates"":[]}"
20180927,2018-09-27,1.4472369640075675,"{""type"":""MultiPoint"",""coordinates"":[]}"
20180928,2018-09-28,0.3720889497500637,"{""type"":""MultiPoint"",""coordinates"":[]}"
20180929,2018-09-29,0.0692064380201171,"{""type"":""MultiPoint"",""coordinates"":[]}"
20180930,2018-09-30,0.24350055407473017,"{""type"":""MultiPoint"",""coordinates"":[]}"
20181001,2018-10-01,0.0525262468394936,"{""type"":""MultiPoint"",""coordinates"":[]}"
20181002,2018-10-02,0.4515555606900711,"{""type"":""MultiPoint"",""coordinates"":[]}"
20181003,2018-10-03,2.1330008907220015,"{""type"":""MultiPoint"",""coordinates"":[]}"
20181004,2018-10-04,0.0,"{""type"":""MultiPoint"",""coordinates"":[]}"
20181005,2018-10-05,0.0,"{""type"":""MultiPoint"",""coordinates"":[]}"
20181006,2018-10-06,0.001619558725960552,"{""type"":""MultiPoint"",""coordinates"":[]}"
20181007,2018-10-07,0.0,"{""type"":""MultiPoint"",""coordinates"":[]}"
20181008,2018-10-08,0.0,"{""type"":""MultiPoint"",""coordinates"":[]}"
20181009,2018-10-09,10.162884833727638,"{""type"":""MultiPoint"",""coordinates"":[]}"
20181010,2018-10-10,19.42463096357033,"{""type"":""MultiPoint"",""coordinates"":[]}"
20181011,2018-10-11,31.498801001505246,"{""type"":""MultiPoint"",""coordinates"":[]}"
20181012,2018-10-12,0.7339132965595074,"{""type"":""MultiPoint"",""coordinates"":[]}"
20181013,2018-10-13,0.5756658056661026,"{""type"":""MultiPoint"",""coordinates"":[]}"
20181014,2018-10-14,7.8512653170348985,"{""type"":""MultiPoint"",""coordinates"":[]}"
20181015,2018-10-15,7.034614539340339,"{""type"":""MultiPoint"",""coordinates"":[]}"
20181016,2018-10-16,2.4277960967152072,"{""type"":""MultiPoint"",""coordinates"":[]}"
20181017,2018-10-17,1.9003261783524827,"{""type"":""MultiPoint"",""coordinates"":[]}"
20181018,2018-10-18,0.17537570780471143,"{""type"":""MultiPoint"",""coordinates"":[]}"
20181019,2018-10-19,0.0,"{""type"":""MultiPoint"",""coordinates"":[]}"
20181020,2018-10-20,0.0,"{""type"":""MultiPoint"",""coordinates"":[]}"
20181021,2018-10-21,0.0,"{""type"":""MultiPoint"",""coordinates"":[]}"
20181022,2018-10-22,0.0,"{""type"":""MultiPoint"",""coordinates"":[]}"
20181023,2018-10-23,0.0,"{""type"":""MultiPoint"",""coordinates"":[]}"
20181024,2018-10-24,0.0,"{""type"":""MultiPoint"",""coordinates"":[]}"
20181025,2018-10-25,0.0,"{""type"":""MultiPoint"",""coordinates"":[]}"
20181026,2018-10-26,0.01854793972449747,"{""type"":""MultiPoint"",""coordinates"":[]}"
20181027,2018-10-27,0.6261835865051213,"{""type"":""MultiPoint"",""coordinates"":[]}"
20181028,2018-10-28,0.3779520042152433,"{""type"":""MultiPoint"",""coordinates"":[]}"
20181029,2018-10-29,0.0,"{""type"":""MultiPoint"",""coordinates"":[]}"
20181030,2018-10-30,0.0,"{""type"":""MultiPoint"",""coordinates"":[]}"
20181031,2018-10-31,0.023255683730489363,"{""type"":""MultiPoint"",""coordinates"":[]}"
20181101,2018-11-01,0.0,"{""type"":""MultiPoint"",""coordinates"":[]}"
20181102,2018-11-02,0.0,"{""type"":""MultiPoint"",""coordinates"":[]}"
20181103,2018-11-03,0.0,"{""type"":""MultiPoint"",""coordinates"":[]}"
20181104,2018-11-04,0.0,"{""type"":""MultiPoint"",""coordinates"":[]}"
20181105,2018-11-05,0.0,"{""type"":""MultiPoint"",""coordinates"":[]}"
20181106,2018-11-06,0.0,"{""type"":""MultiPoint"",""coordinates"":[]}"
20181107,2018-11-07,0.0,"{""type"":""MultiPoint"",""coordinates"":[]}"
20181108,2018-11-08,0.0,"{""type"":""MultiPoint"",""coordinates"":[]}"
20181109,2018-11-09,0.0,"{""type"":""MultiPoint"",""coordinates"":[]}"
20181110,2018-11-10,0.0,"{""type"":""MultiPoint"",""coordinates"":[]}"
20181111,2018-11-11,0.03398221096764108,"{""type"":""MultiPoint"",""coordinates"":[]}"
20181112,2018-11-12,3.8368326341142387,"{""type"":""MultiPoint"",""coordinates"":[]}"
20181113,2018-11-13,0.0,"{""type"":""MultiPoint"",""coordinates"":[]}"
20181114,2018-11-14,0.0,"{""type"":""MultiPoint"",""coordinates"":[]}"
20181115,2018-11-15,0.6482734401366516,"{""type"":""MultiPoint"",""coordinates"":[]}"
20181116,2018-11-16,0.8636770160521562,"{""type"":""MultiPoint"",""coordinates"":[]}"
20181117,2018-11-17,4.80256537911822,"{""type"":""MultiPoint"",""coordinates"":[]}"
20181118,2018-11-18,0.05483418719764165,"{""type"":""MultiPoint"",""coordinates"":[]}"
20181119,2018-11-19,2.8673980418891505,"{""type"":""MultiPoint"",""coordinates"":[]}"
20181120,2018-11-20,1.0689037542027944,"{""type"":""MultiPoint"",""coordinates"":[]}"
20181121,2018-11-21,0.04723029415020302,"{""type"":""MultiPoint"",""coordinates"":[]}"
20181122,2018-11-22,0.013475677062090966,"{""type"":""MultiPoint"",""coordinates"":[]}"
20181123,2018-11-23,0.0048971518254395194,"{""type"":""MultiPoint"",""coordinates"":[]}"
20181124,2018-11-24,0.0,"{""type"":""MultiPoint"",""coordinates"":[]}"
20181125,2018-11-25,0.0,"{""type"":""MultiPoint"",""coordinates"":[]}"
20181126,2018-11-26,0.0,"{""type"":""MultiPoint"",""coordinates"":[]}"
20181127,2018-11-27,0.0,"{""type"":""MultiPoint"",""coordinates"":[]}"
20181128,2018-11-28,0.01027052281734167,"{""type"":""MultiPoint"",""coordinates"":[]}"
20181129,2018-11-29,0.08004679467748543,"{""type"":""MultiPoint"",""coordinates"":[]}"
20181130,2018-11-30,0.28571700858453414,"{""type"":""MultiPoint"",""coordinates"":[]}"
20181201,2018-12-01,0.1552687414963841,"{""type"":""MultiPoint"",""coordinates"":[]}"
20181202,2018-12-02,0.0,"{""type"":""MultiPoint"",""coordinates"":[]}"
20181203,2018-12-03,0.0,"{""type"":""MultiPoint"",""coordinates"":[]}"
20181204,2018-12-04,0.023026663847703646,"{""type"":""MultiPoint"",""coordinates"":[]}"
20181205,2018-12-05,0.08283520116145783,"{""type"":""MultiPoint"",""coordinates"":[]}"
20181206,2018-12-06,0.021349773028694143,"{""type"":""MultiPoint"",""coordinates"":[]}"
20181207,2018-12-07,0.0,"{""type"":""MultiPoint"",""coordinates"":[]}"
20181208,2018-12-08,0.0,"{""type"":""MultiPoint"",""coordinates"":[]}"
20181209,2018-12-09,0.0,"{""type"":""MultiPoint"",""coordinates"":[]}"
20181210,2018-12-10,0.0,"{""type"":""MultiPoint"",""coordinates"":[]}"
20181211,2018-12-11,0.0,"{""type"":""MultiPoint"",""coordinates"":[]}"
20181212,2018-12-12,0.0,"{""type"":""MultiPoint"",""coordinates"":[]}"
20181213,2018-12-13,7.662530671917227E-5,"{""type"":""MultiPoint"",""coordinates"":[]}"
20181214,2018-12-14,0.009171814820142619,"{""type"":""MultiPoint"",""coordinates"":[]}"
20181215,2018-12-15,0.0,"{""type"":""MultiPoint"",""coordinates"":[]}"
20181216,2018-12-16,7.734836934151411,"{""type"":""MultiPoint"",""coordinates"":[]}"
20181217,2018-12-17,11.36732566855467,"{""type"":""MultiPoint"",""coordinates"":[]}"
20181218,2018-12-18,0.0,"{""type"":""MultiPoint"",""coordinates"":[]}"
20181219,2018-12-19,0.0,"{""type"":""MultiPoint"",""coordinates"":[]}"
20181220,2018-12-20,0.0,"{""type"":""MultiPoint"",""coordinates"":[]}"
20181221,2018-12-21,0.6765880908690767,"{""type"":""MultiPoint"",""coordinates"":[]}"
20181222,2018-12-22,0.36253236151464513,"{""type"":""MultiPoint"",""coordinates"":[]}"
20181223,2018-12-23,0.5732272447030841,"{""type"":""MultiPoint"",""coordinates"":[]}"
20181224,2018-12-24,0.14085752349054043,"{""type"":""MultiPoint"",""coordinates"":[]}"
20181225,2018-12-25,0.37360042583490766,"{""type"":""MultiPoint"",""coordinates"":[]}"
20181226,2018-12-26,0.0,"{""type"":""MultiPoint"",""coordinates"":[]}"
20181227,2018-12-27,0.0,"{""type"":""MultiPoint"",""coordinates"":[]}"
20181228,2018-12-28,0.0,"{""type"":""MultiPoint"",""coordinates"":[]}"
20181229,2018-12-29,0.0,"{""type"":""MultiPoint"",""coordinates"":[]}"
20181230,2018-12-30,0.0,"{""type"":""MultiPoint"",""coordinates"":[]}"
20181231,2018-12-31,0.0,"{""type"":""MultiPoint"",""coordinates"":[]}"
20190101,2019-01-01,0.0,"{""type"":""MultiPoint"",""coordinates"":[]}"
20190102,2019-01-02,0.0,"{""type"":""MultiPoint"",""coordinates"":[]}"
20190103,2019-01-03,0.0,"{""type"":""MultiPoint"",""coordinates"":[]}"
20190104,2019-01-04,0.23154119349931224,"{""type"":""MultiPoint"",""coordinates"":[]}"
20190105,2019-01-05,0.204157451482475,"{""type"":""MultiPoint"",""coordinates"":[]}"
20190106,2019-01-06,0.0,"{""type"":""MultiPoint"",""coordinates"":[]}"
20190107,2019-01-07,0.0,"{""type"":""MultiPoint"",""coordinates"":[]}"
20190108,2019-01-08,0.0,"{""type"":""MultiPoint"",""coordinates"":[]}"
20190109,2019-01-09,0.4973354009264098,"{""type"":""MultiPoint"",""coordinates"":[]}"
20190110,2019-01-10,0.0,"{""type"":""MultiPoint"",""coordinates"":[]}"
20190111,2019-01-11,0.12343199712010061,"{""type"":""MultiPoint"",""coordinates"":[]}"
20190112,2019-01-12,0.007793576536233455,"{""type"":""MultiPoint"",""coordinates"":[]}"
20190113,2019-01-13,0.023211535629400776,"{""type"":""MultiPoint"",""coordinates"":[]}"
20190114,2019-01-14,0.3893692447745637,"{""type"":""MultiPoint"",""coordinates"":[]}"
20190115,2019-01-15,1.399916165550679,"{""type"":""MultiPoint"",""coordinates"":[]}"
20190116,2019-01-16,1.0802644387302378,"{""type"":""MultiPoint"",""coordinates"":[]}"
20190117,2019-01-17,0.279997832338575,"{""type"":""MultiPoint"",""coordinates"":[]}"
20190118,2019-01-18,0.1835121973534811,"{""type"":""MultiPoint"",""coordinates"":[]}"
20190119,2019-01-19,0.0,"{""type"":""MultiPoint"",""coordinates"":[]}"
20190120,2019-01-20,0.0,"{""type"":""MultiPoint"",""coordinates"":[]}"
20190121,2019-01-21,0.0,"{""type"":""MultiPoint"",""coordinates"":[]}"
20190122,2019-01-22,0.0,"{""type"":""MultiPoint"",""coordinates"":[]}"
20190123,2019-01-23,0.0,"{""type"":""MultiPoint"",""coordinates"":[]}"
20190124,2019-01-24,0.0,"{""type"":""MultiPoint"",""coordinates"":[]}"
20190125,2019-01-25,0.23032163986149393,"{""type"":""MultiPoint"",""coordinates"":[]}"
20190126,2019-01-26,0.0,"{""type"":""MultiPoint"",""coordinates"":[]}"
20190127,2019-01-27,0.0,"{""type"":""MultiPoint"",""coordinates"":[]}"
20190128,2019-01-28,0.22707166922736463,"{""type"":""MultiPoint"",""coordinates"":[]}"
20190129,2019-01-29,0.0,"{""type"":""MultiPoint"",""coordinates"":[]}"
20190130,2019-01-30,0.0,"{""type"":""MultiPoint"",""coordinates"":[]}"
20190131,2019-01-31,0.0,"{""type"":""MultiPoint"",""coordinates"":[]}"
20190201,2019-02-01,0.0,"{""type"":""MultiPoint"",""coordinates"":[]}"
20190202,2019-02-02,0.0,"{""type"":""MultiPoint"",""coordinates"":[]}"
20190203,2019-02-03,0.0,"{""type"":""MultiPoint"",""coordinates"":[]}"
20190204,2019-02-04,0.0,"{""type"":""MultiPoint"",""coordinates"":[]}"
20190205,2019-02-05,0.0,"{""type"":""MultiPoint"",""coordinates"":[]}"
20190206,2019-02-06,0.0,"{""type"":""MultiPoint"",""coordinates"":[]}"
20190207,2019-02-07,0.0,"{""type"":""MultiPoint"",""coordinates"":[]}"
20190208,2019-02-08,0.0,"{""type"":""MultiPoint"",""coordinates"":[]}"
20190209,2019-02-09,0.06661353999063489,"{""type"":""MultiPoint"",""coordinates"":[]}"
20190210,2019-02-10,0.004045022656192422,"{""type"":""MultiPoint"",""coordinates"":[]}"
20190211,2019-02-11,0.0,"{""type"":""MultiPoint"",""coordinates"":[]}"
20190212,2019-02-12,1.5919977395655232,"{""type"":""MultiPoint"",""coordinates"":[]}"
20190213,2019-02-13,0.0,"{""type"":""MultiPoint"",""coordinates"":[]}"
20190214,2019-02-14,1.9768988148904254E-4,"{""type"":""MultiPoint"",""coordinates"":[]}"
20190215,2019-02-15,0.0,"{""type"":""MultiPoint"",""coordinates"":[]}"
20190216,2019-02-16,0.0,"{""type"":""MultiPoint"",""coordinates"":[]}"
20190217,2019-02-17,0.0,"{""type"":""MultiPoint"",""coordinates"":[]}"
20190218,2019-02-18,0.6030801291131431,"{""type"":""MultiPoint"",""coordinates"":[]}"
20190219,2019-02-19,0.0,"{""type"":""MultiPoint"",""coordinates"":[]}"
20190220,2019-02-20,0.0,"{""type"":""MultiPoint"",""coordinates"":[]}"
20190221,2019-02-21,0.001342775061325541,"{""type"":""MultiPoint"",""coordinates"":[]}"
20190222,2019-02-22,0.0,"{""type"":""MultiPoint"",""coordinates"":[]}"
20190223,2019-02-23,0.0,"{""type"":""MultiPoint"",""coordinates"":[]}"
20190224,2019-02-24,0.0,"{""type"":""MultiPoint"",""coordinates"":[]}"
20190225,2019-02-25,2.212985493615033,"{""type"":""MultiPoint"",""coordinates"":[]}"
20190226,2019-02-26,0.0,"{""type"":""MultiPoint"",""coordinates"":[]}"
20190227,2019-02-27,0.0,"{""type"":""MultiPoint"",""coordinates"":[]}"
20190228,2019-02-28,0.30980799589865715,"{""type"":""MultiPoint"",""coordinates"":[]}"
20190301,2019-03-01,1.787455169883777,"{""type"":""MultiPoint"",""coordinates"":[]}"
20190302,2019-03-02,0.0,"{""type"":""MultiPoint"",""coordinates"":[]}"
20190303,2019-03-03,0.0,"{""type"":""MultiPoint"",""coordinates"":[]}"
20190304,2019-03-04,0.0,"{""type"":""MultiPoint"",""coordinates"":[]}"
20190305,2019-03-05,0.0,"{""type"":""MultiPoint"",""coordinates"":[]}"
20190306,2019-03-06,0.0,"{""type"":""MultiPoint"",""coordinates"":[]}"
20190307,2019-03-07,0.02394454228391663,"{""type"":""MultiPoint"",""coordinates"":[]}"
20190308,2019-03-08,0.9613871431515721,"{""type"":""MultiPoint"",""coordinates"":[]}"
20190309,2019-03-09,0.1851342815196618,"{""type"":""MultiPoint"",""coordinates"":[]}"
20190310,2019-03-10,0.0,"{""type"":""MultiPoint"",""coordinates"":[]}"
20190311,2019-03-11,0.0,"{""type"":""MultiPoint"",""coordinates"":[]}"
20190312,2019-03-12,0.0,"{""type"":""MultiPoint"",""coordinates"":[]}"
20190313,2019-03-13,0.0,"{""type"":""MultiPoint"",""coordinates"":[]}"
20190314,2019-03-14,0.3409841418326731,"{""type"":""MultiPoint"",""coordinates"":[]}"
20190315,2019-03-15,0.04680203131306793,"{""type"":""MultiPoint"",""coordinates"":[]}"
20190316,2019-03-16,0.0,"{""type"":""MultiPoint"",""coordinates"":[]}"
20190317,2019-03-17,0.19921008320954534,"{""type"":""MultiPoint"",""coordinates"":[]}"
20190318,2019-03-18,0.0,"{""type"":""MultiPoint"",""coordinates"":[]}"
20190319,2019-03-19,0.009067433262289648,"{""type"":""MultiPoint"",""coordinates"":[]}"
20190320,2019-03-20,0.9228494274426803,"{""type"":""MultiPoint"",""coordinates"":[]}"
20190321,2019-03-21,0.0,"{""type"":""MultiPoint"",""coordinates"":[]}"
20190322,2019-03-22,0.0,"{""type"":""MultiPoint"",""coordinates"":[]}"
20190323,2019-03-23,0.7889231029487294,"{""type"":""MultiPoint"",""coordinates"":[]}"
20190324,2019-03-24,2.5378494210617295,"{""type"":""MultiPoint"",""coordinates"":[]}"
20190325,2019-03-25,0.04735441401168279,"{""type"":""MultiPoint"",""coordinates"":[]}"
20190326,2019-03-26,0.0,"{""type"":""MultiPoint"",""coordinates"":[]}"
20190327,2019-03-27,0.16835024692169906,"{""type"":""MultiPoint"",""coordinates"":[]}"
20190328,2019-03-28,0.0,"{""type"":""MultiPoint"",""coordinates"":[]}"
20190329,2019-03-29,0.0,"{""type"":""MultiPoint"",""coordinates"":[]}"
20190330,2019-03-30,0.0,"{""type"":""MultiPoint"",""coordinates"":[]}"
20190331,2019-03-31,0.3675949168401278,"{""type"":""MultiPoint"",""coordinates"":[]}"
20190401,2019-04-01,0.0,"{""type"":""MultiPoint"",""coordinates"":[]}"
20190402,2019-04-02,0.0,"{""type"":""MultiPoint"",""coordinates"":[]}"
20190403,2019-04-03,0.0,"{""type"":""MultiPoint"",""coordinates"":[]}"
20190404,2019-04-04,0.0,"{""type"":""MultiPoint"",""coordinates"":[]}"
20190405,2019-04-05,0.0,"{""type"":""MultiPoint"",""coordinates"":[]}"
20190406,2019-04-06,11.665838734199314,"{""type"":""MultiPoint"",""coordinates"":[]}"
20190407,2019-04-07,0.0,"{""type"":""MultiPoint"",""coordinates"":[]}"
20190408,2019-04-08,0.005134168909094698,"{""type"":""MultiPoint"",""coordinates"":[]}"
20190409,2019-04-09,0.11225961824314663,"{""type"":""MultiPoint"",""coordinates"":[]}"
20190410,2019-04-10,1.2986330581301517,"{""type"":""MultiPoint"",""coordinates"":[]}"
20190411,2019-04-11,0.008583454821528029,"{""type"":""MultiPoint"",""coordinates"":[]}"
20190412,2019-04-12,0.4796550599238434,"{""type"":""MultiPoint"",""coordinates"":[]}"
20190413,2019-04-13,0.0,"{""type"":""MultiPoint"",""coordinates"":[]}"
20190414,2019-04-14,0.0,"{""type"":""MultiPoint"",""coordinates"":[]}"
20190415,2019-04-15,0.0,"{""type"":""MultiPoint"",""coordinates"":[]}"
20190416,2019-04-16,0.0,"{""type"":""MultiPoint"",""coordinates"":[]}"
20190417,2019-04-17,0.0,"{""type"":""MultiPoint"",""coordinates"":[]}"
20190418,2019-04-18,0.7651086346255316,"{""type"":""MultiPoint"",""coordinates"":[]}"
20190419,2019-04-19,0.0,"{""type"":""MultiPoint"",""coordinates"":[]}"
20190420,2019-04-20,0.5480974693000009,"{""type"":""MultiPoint"",""coordinates"":[]}"
20190421,2019-04-21,4.9070273573943535,"{""type"":""MultiPoint"",""coordinates"":[]}"
20190422,2019-04-22,0.014255493089623013,"{""type"":""MultiPoint"",""coordinates"":[]}"
20190423,2019-04-23,3.8216930513581727E-8,"{""type"":""MultiPoint"",""coordinates"":[]}"
20190424,2019-04-24,1.8718709424368256E-7,"{""type"":""MultiPoint"",""coordinates"":[]}"
20190425,2019-04-25,4.806204046609852E-6,"{""type"":""MultiPoint"",""coordinates"":[]}"
20190426,2019-04-26,2.6985175437852003,"{""type"":""MultiPoint"",""coordinates"":[]}"
20190427,2019-04-27,0.41101490509024224,"{""type"":""MultiPoint"",""coordinates"":[]}"
20190428,2019-04-28,0.0,"{""type"":""MultiPoint"",""coordinates"":[]}"
20190429,2019-04-29,0.6495046383259531,"{""type"":""MultiPoint"",""coordinates"":[]}"
20190430,2019-04-30,2.0608138364658166,"{""type"":""MultiPoint"",""coordinates"":[]}"
20190501,2019-05-01,3.9917792161303125,"{""type"":""MultiPoint"",""coordinates"":[]}"
20190502,2019-05-02,10.877124600945539,"{""type"":""MultiPoint"",""coordinates"":[]}"
20190503,2019-05-03,2.748309704045274,"{""type"":""MultiPoint"",""coordinates"":[]}"
20190504,2019-05-04,0.03998060170368527,"{""type"":""MultiPoint"",""coordinates"":[]}"
20190505,2019-05-05,0.0,"{""type"":""MultiPoint"",""coordinates"":[]}"
20190506,2019-05-06,0.0,"{""type"":""MultiPoint"",""coordinates"":[]}"
20190507,2019-05-07,2.6550156367329865,"{""type"":""MultiPoint"",""coordinates"":[]}"
20190508,2019-05-08,0.7451203196545189,"{""type"":""MultiPoint"",""coordinates"":[]}"
20190509,2019-05-09,0.0,"{""type"":""MultiPoint"",""coordinates"":[]}"
20190510,2019-05-10,0.20797794805971662,"{""type"":""MultiPoint"",""coordinates"":[]}"
20190511,2019-05-11,1.2639365254848658,"{""type"":""MultiPoint"",""coordinates"":[]}"
20190512,2019-05-12,0.10048515962880157,"{""type"":""MultiPoint"",""coordinates"":[]}"
20190513,2019-05-13,4.895836894608715E-4,"{""type"":""MultiPoint"",""coordinates"":[]}"
20190514,2019-05-14,0.0,"{""type"":""MultiPoint"",""coordinates"":[]}"
20190515,2019-05-15,0.4984809687910158,"{""type"":""MultiPoint"",""coordinates"":[]}"
20190516,2019-05-16,0.0,"{""type"":""MultiPoint"",""coordinates"":[]}"
20190517,2019-05-17,0.1632531863622715,"{""type"":""MultiPoint"",""coordinates"":[]}"
20190518,2019-05-18,0.5480677000867067,"{""type"":""MultiPoint"",""coordinates"":[]}"
20190519,2019-05-19,2.1539956982228426E-4,"{""type"":""MultiPoint"",""coordinates"":[]}"
20190520,2019-05-20,0.3446288783527824,"{""type"":""MultiPoint"",""coordinates"":[]}"
20190521,2019-05-21,0.40481850040127404,"{""type"":""MultiPoint"",""coordinates"":[]}"
20190522,2019-05-22,0.025442318118439153,"{""type"":""MultiPoint"",""coordinates"":[]}"
20190523,2019-05-23,0.02340238480027814,"{""type"":""MultiPoint"",""coordinates"":[]}"
20190524,2019-05-24,0.0,"{""type"":""MultiPoint"",""coordinates"":[]}"
20190525,2019-05-25,0.0,"{""type"":""MultiPoint"",""coordinates"":[]}"
20190526,2019-05-26,2.757190653050685,"{""type"":""MultiPoint"",""coordinates"":[]}"
20190527,2019-05-27,2.1173228492640974,"{""type"":""MultiPoint"",""coordinates"":[]}"
20190528,2019-05-28,0.0,"{""type"":""MultiPoint"",""coordinates"":[]}"
20190529,2019-05-29,9.832991293396354,"{""type"":""MultiPoint"",""coordinates"":[]}"
20190530,2019-05-30,0.0,"{""type"":""MultiPoint"",""coordinates"":[]}"
20190531,2019-05-31,0.15752083475782255,"{""type"":""MultiPoint"",""coordinates"":[]}"
20190601,2019-06-01,0.2604822787262865,"{""type"":""MultiPoint"",""coordinates"":[]}"
20190602,2019-06-02,2.044529054010335,"{""type"":""MultiPoint"",""coordinates"":[]}"
20190603,2019-06-03,6.416673311471138,"{""type"":""MultiPoint"",""coordinates"":[]}"
20190604,2019-06-04,0.3812905236444444,"{""type"":""MultiPoint"",""coordinates"":[]}"
20190605,2019-06-05,0.0,"{""type"":""MultiPoint"",""coordinates"":[]}"
20190606,2019-06-06,2.426175223117537,"{""type"":""MultiPoint"",""coordinates"":[]}"
20190607,2019-06-07,0.8198381447382684,"{""type"":""MultiPoint"",""coordinates"":[]}"
20190608,2019-06-08,3.273565009840344,"{""type"":""MultiPoint"",""coordinates"":[]}"
20190609,2019-06-09,2.3853414533023676,"{""type"":""MultiPoint"",""coordinates"":[]}"
20190610,2019-06-10,6.632848440682472,"{""type"":""MultiPoint"",""coordinates"":[]}"
20190611,2019-06-11,4.045919513780367,"{""type"":""MultiPoint"",""coordinates"":[]}"
20190612,2019-06-12,1.2917398251260777,"{""type"":""MultiPoint"",""coordinates"":[]}"
20190613,2019-06-13,2.7217537684916633,"{""type"":""MultiPoint"",""coordinates"":[]}"
20190614,2019-06-14,0.2516280432797935,"{""type"":""MultiPoint"",""coordinates"":[]}"
20190615,2019-06-15,0.14762718692149815,"{""type"":""MultiPoint"",""coordinates"":[]}"
20190616,2019-06-16,10.953503205453616,"{""type"":""MultiPoint"",""coordinates"":[]}"
20190617,2019-06-17,0.694372606673175,"{""type"":""MultiPoint"",""coordinates"":[]}"
20190618,2019-06-18,0.09418157558181144,"{""type"":""MultiPoint"",""coordinates"":[]}"
20190619,2019-06-19,1.4598950053431146,"{""type"":""MultiPoint"",""coordinates"":[]}"
20190620,2019-06-20,14.06810351774328,"{""type"":""MultiPoint"",""coordinates"":[]}"
20190621,2019-06-21,17.656539542682026,"{""type"":""MultiPoint"",""coordinates"":[]}"
20190622,2019-06-22,12.289859472587274,"{""type"":""MultiPoint"",""coordinates"":[]}"
20190623,2019-06-23,11.05950856569827,"{""type"":""MultiPoint"",""coordinates"":[]}"
20190624,2019-06-24,1.0410783541951665,"{""type"":""MultiPoint"",""coordinates"":[]}"
20190625,2019-06-25,0.36931384734362893,"{""type"":""MultiPoint"",""coordinates"":[]}"
20190626,2019-06-26,0.6194524057297351,"{""type"":""MultiPoint"",""coordinates"":[]}"
20190627,2019-06-27,2.008156468693577,"{""type"":""MultiPoint"",""coordinates"":[]}"
20190628,2019-06-28,3.5181764328389664,"{""type"":""MultiPoint"",""coordinates"":[]}"
20190629,2019-06-29,2.361418838445168,"{""type"":""MultiPoint"",""coordinates"":[]}"
20190630,2019-06-30,2.1959910431149745,"{""type"":""MultiPoint"",""coordinates"":[]}"
20190701,2019-07-01,2.86357530424348,"{""type"":""MultiPoint"",""coordinates"":[]}"
20190702,2019-07-02,3.5862816923965677,"{""type"":""MultiPoint"",""coordinates"":[]}"
20190703,2019-07-03,0.8862356180334803,"{""type"":""MultiPoint"",""coordinates"":[]}"
20190704,2019-07-04,2.321723903651465,"{""type"":""MultiPoint"",""coordinates"":[]}"
20190705,2019-07-05,10.360898351345595,"{""type"":""MultiPoint"",""coordinates"":[]}"
20190706,2019-07-06,7.6261903157603435,"{""type"":""MultiPoint"",""coordinates"":[]}"
20190707,2019-07-07,1.1134019735029264,"{""type"":""MultiPoint"",""coordinates"":[]}"
20190708,2019-07-08,2.487696991851704,"{""type"":""MultiPoint"",""coordinates"":[]}"
20190709,2019-07-09,0.05315488988231901,"{""type"":""MultiPoint"",""coordinates"":[]}"
20190710,2019-07-10,0.5891907342029047,"{""type"":""MultiPoint"",""coordinates"":[]}"
20190711,2019-07-11,0.9348939021948685,"{""type"":""MultiPoint"",""coordinates"":[]}"
20190712,2019-07-12,0.7932897902230812,"{""type"":""MultiPoint"",""coordinates"":[]}"
20190713,2019-07-13,6.274218304871057,"{""type"":""MultiPoint"",""coordinates"":[]}"
20190714,2019-07-14,0.0784231319466168,"{""type"":""MultiPoint"",""coordinates"":[]}"
20190715,2019-07-15,5.191894651618041,"{""type"":""MultiPoint"",""coordinates"":[]}"
20190716,2019-07-16,1.3105818551765265,"{""type"":""MultiPoint"",""coordinates"":[]}"
20190717,2019-07-17,7.4164755659539185,"{""type"":""MultiPoint"",""coordinates"":[]}"
20190718,2019-07-18,7.187155314362488,"{""type"":""MultiPoint"",""coordinates"":[]}"
20190719,2019-07-19,11.169439706375876,"{""type"":""MultiPoint"",""coordinates"":[]}"
20190720,2019-07-20,1.6237324974845848,"{""type"":""MultiPoint"",""coordinates"":[]}"
20190721,2019-07-21,0.1049576286584433,"{""type"":""MultiPoint"",""coordinates"":[]}"
20190722,2019-07-22,0.19868725075673718,"{""type"":""MultiPoint"",""coordinates"":[]}"
20190723,2019-07-23,0.5592472866535892,"{""type"":""MultiPoint"",""coordinates"":[]}"
20190724,2019-07-24,0.9625947326346201,"{""type"":""MultiPoint"",""coordinates"":[]}"
20190725,2019-07-25,20.31019826377738,"{""type"":""MultiPoint"",""coordinates"":[]}"
20190726,2019-07-26,38.04164372250579,"{""type"":""MultiPoint"",""coordinates"":[]}"
20190727,2019-07-27,2.5292743706015304,"{""type"":""MultiPoint"",""coordinates"":[]}"
20190728,2019-07-28,39.94845213056935,"{""type"":""MultiPoint"",""coordinates"":[]}"
20190729,2019-07-29,34.86098733528782,"{""type"":""MultiPoint"",""coordinates"":[]}"
20190730,2019-07-30,1.5701771608677342,"{""type"":""MultiPoint"",""coordinates"":[]}"
20190731,2019-07-31,3.496379706917869,"{""type"":""MultiPoint"",""coordinates"":[]}"
20190801,2019-08-01,11.613468722072263,"{""type"":""MultiPoint"",""coordinates"":[]}"
20190802,2019-08-02,11.257608372170502,"{""type"":""MultiPoint"",""coordinates"":[]}"
20190803,2019-08-03,2.9443745221199156,"{""type"":""MultiPoint"",""coordinates"":[]}"
20190804,2019-08-04,0.0,"{""type"":""MultiPoint"",""coordinates"":[]}"
20190805,2019-08-05,16.714030021067646,"{""type"":""MultiPoint"",""coordinates"":[]}"
20190806,2019-08-06,46.45958031994027,"{""type"":""MultiPoint"",""coordinates"":[]}"
20190807,2019-08-07,42.353885031079656,"{""type"":""MultiPoint"",""coordinates"":[]}"
20190808,2019-08-08,5.494118054723613,"{""type"":""MultiPoint"",""coordinates"":[]}"
20190809,2019-08-09,0.0,"{""type"":""MultiPoint"",""coordinates"":[]}"
20190810,2019-08-10,0.0,"{""type"":""MultiPoint"",""coordinates"":[]}"
20190811,2019-08-11,2.241239583895083,"{""type"":""MultiPoint"",""coordinates"":[]}"
20190812,2019-08-12,15.439903636695915,"{""type"":""MultiPoint"",""coordinates"":[]}"
20190813,2019-08-13,11.400087114672562,"{""type"":""MultiPoint"",""coordinates"":[]}"
20190814,2019-08-14,8.313489368666119,"{""type"":""MultiPoint"",""coordinates"":[]}"
20190815,2019-08-15,4.2032985285766316,"{""type"":""MultiPoint"",""coordinates"":[]}"
20190816,2019-08-16,7.464075683253361,"{""type"":""MultiPoint"",""coordinates"":[]}"
20190817,2019-08-17,9.312723161450652,"{""type"":""MultiPoint"",""coordinates"":[]}"
20190818,2019-08-18,15.651882670869215,"{""type"":""MultiPoint"",""coordinates"":[]}"
20190819,2019-08-19,1.0757238023294606,"{""type"":""MultiPoint"",""coordinates"":[]}"
20190820,2019-08-20,2.8136116927893844,"{""type"":""MultiPoint"",""coordinates"":[]}"
20190821,2019-08-21,9.696626396333071,"{""type"":""MultiPoint"",""coordinates"":[]}"
20190822,2019-08-22,2.8108935192706572,"{""type"":""MultiPoint"",""coordinates"":[]}"
20190823,2019-08-23,5.601855606440425,"{""type"":""MultiPoint"",""coordinates"":[]}"
20190824,2019-08-24,20.901357666511622,"{""type"":""MultiPoint"",""coordinates"":[]}"
20190825,2019-08-25,8.819746667651042,"{""type"":""MultiPoint"",""coordinates"":[]}"
20190826,2019-08-26,3.7713070245476406,"{""type"":""MultiPoint"",""coordinates"":[]}"
20190827,2019-08-27,0.2011625481244632,"{""type"":""MultiPoint"",""coordinates"":[]}"
20190828,2019-08-28,0.757729341056323,"{""type"":""MultiPoint"",""coordinates"":[]}"
20190829,2019-08-29,1.2379471961841666,"{""type"":""MultiPoint"",""coordinates"":[]}"
20190830,2019-08-30,5.527021080176027,"{""type"":""MultiPoint"",""coordinates"":[]}"
20190831,2019-08-31,22.954376551527364,"{""type"":""MultiPoint"",""coordinates"":[]}"
20190901,2019-09-01,14.617999032716211,"{""type"":""MultiPoint"",""coordinates"":[]}"
20190902,2019-09-02,2.888693152792714,"{""type"":""MultiPoint"",""coordinates"":[]}"
20190903,2019-09-03,3.0601820563116022,"{""type"":""MultiPoint"",""coordinates"":[]}"
20190904,2019-09-04,0.3616404858887053,"{""type"":""MultiPoint"",""coordinates"":[]}"
20190905,2019-09-05,15.99926837509752,"{""type"":""MultiPoint"",""coordinates"":[]}"
20190906,2019-09-06,11.280781436598158,"{""type"":""MultiPoint"",""coordinates"":[]}"
20190907,2019-09-07,1.1715152810434395,"{""type"":""MultiPoint"",""coordinates"":[]}"
20190908,2019-09-08,0.8194655772016857,"{""type"":""MultiPoint"",""coordinates"":[]}"
20190909,2019-09-09,0.06015594791379647,"{""type"":""MultiPoint"",""coordinates"":[]}"
20190910,2019-09-10,14.629405492660965,"{""type"":""MultiPoint"",""coordinates"":[]}"
20190911,2019-09-11,14.67316464151374,"{""type"":""MultiPoint"",""coordinates"":[]}"
20190912,2019-09-12,24.89579852913432,"{""type"":""MultiPoint"",""coordinates"":[]}"
20190913,2019-09-13,12.511162226711798,"{""type"":""MultiPoint"",""coordinates"":[]}"
20190914,2019-09-14,0.3786593889784959,"{""type"":""MultiPoint"",""coordinates"":[]}"
20190915,2019-09-15,0.6935865251967896,"{""type"":""MultiPoint"",""coordinates"":[]}"
20190916,2019-09-16,4.941971146418485,"{""type"":""MultiPoint"",""coordinates"":[]}"
20190917,2019-09-17,1.2991721987968672,"{""type"":""MultiPoint"",""coordinates"":[]}"
20190918,2019-09-18,2.210602471442159,"{""type"":""MultiPoint"",""coordinates"":[]}"
20190919,2019-09-19,2.7027360161337355,"{""type"":""MultiPoint"",""coordinates"":[]}"
20190920,2019-09-20,4.160668021431443,"{""type"":""MultiPoint"",""coordinates"":[]}"
20190921,2019-09-21,0.03479774186813446,"{""type"":""MultiPoint"",""coordinates"":[]}"
20190922,2019-09-22,1.011036702002114,"{""type"":""MultiPoint"",""coordinates"":[]}"
20190923,2019-09-23,6.518933104744601,"{""type"":""MultiPoint"",""coordinates"":[]}"
20190924,2019-09-24,22.650682079176917,"{""type"":""MultiPoint"",""coordinates"":[]}"
20190925,2019-09-25,14.88476534073594,"{""type"":""MultiPoint"",""coordinates"":[]}"
20190926,2019-09-26,16.669322931195556,"{""type"":""MultiPoint"",""coordinates"":[]}"
20190927,2019-09-27,5.0762169888253466,"{""type"":""MultiPoint"",""coordinates"":[]}"
20190928,2019-09-28,7.480187766886043,"{""type"":""MultiPoint"",""coordinates"":[]}"
20190929,2019-09-29,2.0874679845247943,"{""type"":""MultiPoint"",""coordinates"":[]}"
20190930,2019-09-30,6.072717131938064,"{""type"":""MultiPoint"",""coordinates"":[]}"
20191001,2019-10-01,4.679892039808232,"{""type"":""MultiPoint"",""coordinates"":[]}"
20191002,2019-10-02,13.218971281628237,"{""type"":""MultiPoint"",""coordinates"":[]}"
20191003,2019-10-03,8.209494483507967,"{""type"":""MultiPoint"",""coordinates"":[]}"
20191004,2019-10-04,4.8632745442679175,"{""type"":""MultiPoint"",""coordinates"":[]}"
20191005,2019-10-05,14.132245391789253,"{""type"":""MultiPoint"",""coordinates"":[]}"
20191006,2019-10-06,3.1589341961779676,"{""type"":""MultiPoint"",""coordinates"":[]}"
20191007,2019-10-07,12.003582430772932,"{""type"":""MultiPoint"",""coordinates"":[]}"
20191008,2019-10-08,16.089391827622734,"{""type"":""MultiPoint"",""coordinates"":[]}"
20191009,2019-10-09,10.535187147164427,"{""type"":""MultiPoint"",""coordinates"":[]}"
20191010,2019-10-10,8.33077645528051,"{""type"":""MultiPoint"",""coordinates"":[]}"
20191011,2019-10-11,4.233931330303512,"{""type"":""MultiPoint"",""coordinates"":[]}"
20191012,2019-10-12,5.849799791856233,"{""type"":""MultiPoint"",""coordinates"":[]}"
20191013,2019-10-13,12.57738413638153,"{""type"":""MultiPoint"",""coordinates"":[]}"
20191014,2019-10-14,2.545763916187236,"{""type"":""MultiPoint"",""coordinates"":[]}"
20191015,2019-10-15,0.12366252729661459,"{""type"":""MultiPoint"",""coordinates"":[]}"
20191016,2019-10-16,9.690656160445936,"{""type"":""MultiPoint"",""coordinates"":[]}"
20191017,2019-10-17,12.881985863924802,"{""type"":""MultiPoint"",""coordinates"":[]}"
20191018,2019-10-18,7.63239015490602,"{""type"":""MultiPoint"",""coordinates"":[]}"
20191019,2019-10-19,24.887279162169087,"{""type"":""MultiPoint"",""coordinates"":[]}"
20191020,2019-10-20,7.292365234291091,"{""type"":""MultiPoint"",""coordinates"":[]}"
20191021,2019-10-21,20.481421086883252,"{""type"":""MultiPoint"",""coordinates"":[]}"
20191022,2019-10-22,54.80976173268073,"{""type"":""MultiPoint"",""coordinates"":[]}"
20191023,2019-10-23,79.0601459596,"{""type"":""MultiPoint"",""coordinates"":[]}"
20191024,2019-10-24,9.702330966389818,"{""type"":""MultiPoint"",""coordinates"":[]}"
20191025,2019-10-25,1.428766029685997,"{""type"":""MultiPoint"",""coordinates"":[]}"
20191026,2019-10-26,2.7537925438919926,"{""type"":""MultiPoint"",""coordinates"":[]}"
20191027,2019-10-27,1.191272640058007,"{""type"":""MultiPoint"",""coordinates"":[]}"
20191028,2019-10-28,1.1473344974046549,"{""type"":""MultiPoint"",""coordinates"":[]}"
20191029,2019-10-29,4.707265922366285,"{""type"":""MultiPoint"",""coordinates"":[]}"
20191030,2019-10-30,6.9202297151899375,"{""type"":""MultiPoint"",""coordinates"":[]}"
20191031,2019-10-31,4.742859053767833,"{""type"":""MultiPoint"",""coordinates"":[]}"
20191101,2019-11-01,1.0629919980398483,"{""type"":""MultiPoint"",""coordinates"":[]}"
20191102,2019-11-02,0.05533024293906464,"{""type"":""MultiPoint"",""coordinates"":[]}"
20191103,2019-11-03,0.0,"{""type"":""MultiPoint"",""coordinates"":[]}"
20191104,2019-11-04,0.0,"{""type"":""MultiPoint"",""coordinates"":[]}"
20191105,2019-11-05,0.023303040690832912,"{""type"":""MultiPoint"",""coordinates"":[]}"
20191106,2019-11-06,0.4919215523793823,"{""type"":""MultiPoint"",""coordinates"":[]}"
20191107,2019-11-07,6.171920893298397,"{""type"":""MultiPoint"",""coordinates"":[]}"
20191108,2019-11-08,5.065528754734059,"{""type"":""MultiPoint"",""coordinates"":[]}"
20191109,2019-11-09,0.0,"{""type"":""MultiPoint"",""coordinates"":[]}"
20191110,2019-11-10,0.0,"{""type"":""MultiPoint"",""coordinates"":[]}"
20191111,2019-11-11,0.34144925662073966,"{""type"":""MultiPoint"",""coordinates"":[]}"
20191112,2019-11-12,0.1841919483401531,"{""type"":""MultiPoint"",""coordinates"":[]}"
20191113,2019-11-13,0.21145388999406864,"{""type"":""MultiPoint"",""coordinates"":[]}"
20191114,2019-11-14,0.5236207049834397,"{""type"":""MultiPoint"",""coordinates"":[]}"
20191115,2019-11-15,0.05435536670204653,"{""type"":""MultiPoint"",""coordinates"":[]}"
20191116,2019-11-16,0.0,"{""type"":""MultiPoint"",""coordinates"":[]}"
20191117,2019-11-17,0.0,"{""type"":""MultiPoint"",""coordinates"":[]}"
20191118,2019-11-18,0.004839045088781313,"{""type"":""MultiPoint"",""coordinates"":[]}"
20191119,2019-11-19,0.0023356748405275692,"{""type"":""MultiPoint"",""coordinates"":[]}"
20191120,2019-11-20,0.0,"{""type"":""MultiPoint"",""coordinates"":[]}"
20191121,2019-11-21,0.0,"{""type"":""MultiPoint"",""coordinates"":[]}"
20191122,2019-11-22,0.0,"{""type"":""MultiPoint"",""coordinates"":[]}"
20191123,2019-11-23,0.0,"{""type"":""MultiPoint"",""coordinates"":[]}"
20191124,2019-11-24,0.0,"{""type"":""MultiPoint"",""coordinates"":[]}"
20191125,2019-11-25,0.0,"{""type"":""MultiPoint"",""coordinates"":[]}"
20191126,2019-11-26,0.0,"{""type"":""MultiPoint"",""coordinates"":[]}"
20191127,2019-11-27,0.0,"{""type"":""MultiPoint"",""coordinates"":[]}"
20191128,2019-11-28,0.0,"{""type"":""MultiPoint"",""coordinates"":[]}"
20191129,2019-11-29,0.0,"{""type"":""MultiPoint"",""coordinates"":[]}"
20191130,2019-11-30,0.0,"{""type"":""MultiPoint"",""coordinates"":[]}"
20191201,2019-12-01,0.11874244359340516,"{""type"":""MultiPoint"",""coordinates"":[]}"
20191202,2019-12-02,0.32720626467722425,"{""type"":""MultiPoint"",""coordinates"":[]}"
20191203,2019-12-03,0.0,"{""type"":""MultiPoint"",""coordinates"":[]}"
20191204,2019-12-04,0.0,"{""type"":""MultiPoint"",""coordinates"":[]}"
20191205,2019-12-05,0.0,"{""type"":""MultiPoint"",""coordinates"":[]}"
20191206,2019-12-06,0.0,"{""type"":""MultiPoint"",""coordinates"":[]}"
20191207,2019-12-07,0.0,"{""type"":""MultiPoint"",""coordinates"":[]}"
20191208,2019-12-08,0.0,"{""type"":""MultiPoint"",""coordinates"":[]}"
20191209,2019-12-09,0.0,"{""type"":""MultiPoint"",""coordinates"":[]}"
20191210,2019-12-10,0.0,"{""type"":""MultiPoint"",""coordinates"":[]}"
20191211,2019-12-11,0.0,"{""type"":""MultiPoint"",""coordinates"":[]}"
20191212,2019-12-12,0.0,"{""type"":""MultiPoint"",""coordinates"":[]}"
20191213,2019-12-13,0.0,"{""type"":""MultiPoint"",""coordinates"":[]}"
20191214,2019-12-14,0.0,"{""type"":""MultiPoint"",""coordinates"":[]}"
20191215,2019-12-15,0.0,"{""type"":""MultiPoint"",""coordinates"":[]}"
20191216,2019-12-16,0.0,"{""type"":""MultiPoint"",""coordinates"":[]}"
20191217,2019-12-17,0.0,"{""type"":""MultiPoint"",""coordinates"":[]}"
20191218,2019-12-18,0.0,"{""type"":""MultiPoint"",""coordinates"":[]}"
20191219,2019-12-19,0.0,"{""type"":""MultiPoint"",""coordinates"":[]}"
20191220,2019-12-20,0.0,"{""type"":""MultiPoint"",""coordinates"":[]}"
20191221,2019-12-21,0.5531952487347794,"{""type"":""MultiPoint"",""coordinates"":[]}"
20191222,2019-12-22,0.0,"{""type"":""MultiPoint"",""coordinates"":[]}"
20191223,2019-12-23,0.0,"{""type"":""MultiPoint"",""coordinates"":[]}"
20191224,2019-12-24,0.3135925194482944,"{""type"":""MultiPoint"",""coordinates"":[]}"
20191225,2019-12-25,0.0,"{""type"":""MultiPoint"",""coordinates"":[]}"
20191226,2019-12-26,0.0,"{""type"":""MultiPoint"",""coordinates"":[]}"
20191227,2019-12-27,0.0,"{""type"":""MultiPoint"",""coordinates"":[]}"
20191228,2019-12-28,0.0,"{""type"":""MultiPoint"",""coordinates"":[]}"
20191229,2019-12-29,0.0,"{""type"":""MultiPoint"",""coordinates"":[]}"
20191230,2019-12-30,0.0,"{""type"":""MultiPoint"",""coordinates"":[]}"
20191231,2019-12-31,0.017281463637614014,"{""type"":""MultiPoint"",""coordinates"":[]}"
20200101,2020-01-01,0.0,"{""type"":""MultiPoint"",""coordinates"":[]}"
20200102,2020-01-02,0.033547126321171045,"{""type"":""MultiPoint"",""coordinates"":[]}"
20200103,2020-01-03,0.9125946527087709,"{""type"":""MultiPoint"",""coordinates"":[]}"
20200104,2020-01-04,0.0,"{""type"":""MultiPoint"",""coordinates"":[]}"
20200105,2020-01-05,0.0,"{""type"":""MultiPoint"",""coordinates"":[]}"
20200106,2020-01-06,0.0,"{""type"":""MultiPoint"",""coordinates"":[]}"
20200107,2020-01-07,0.0,"{""type"":""MultiPoint"",""coordinates"":[]}"
20200108,2020-01-08,0.0,"{""type"":""MultiPoint"",""coordinates"":[]}"
20200109,2020-01-09,0.0,"{""type"":""MultiPoint"",""coordinates"":[]}"
20200110,2020-01-10,0.05896973126849357,"{""type"":""MultiPoint"",""coordinates"":[]}"
20200111,2020-01-11,1.00930716711249,"{""type"":""MultiPoint"",""coordinates"":[]}"
20200112,2020-01-12,0.0,"{""type"":""MultiPoint"",""coordinates"":[]}"
20200113,2020-01-13,0.0,"{""type"":""MultiPoint"",""coordinates"":[]}"
20200114,2020-01-14,0.0,"{""type"":""MultiPoint"",""coordinates"":[]}"
20200115,2020-01-15,0.0,"{""type"":""MultiPoint"",""coordinates"":[]}"
20200116,2020-01-16,0.0,"{""type"":""MultiPoint"",""coordinates"":[]}"
20200117,2020-01-17,0.10684156842195913,"{""type"":""MultiPoint"",""coordinates"":[]}"
20200118,2020-01-18,0.0,"{""type"":""MultiPoint"",""coordinates"":[]}"
20200119,2020-01-19,0.0,"{""type"":""MultiPoint"",""coordinates"":[]}"
20200120,2020-01-20,0.07156748317784596,"{""type"":""MultiPoint"",""coordinates"":[]}"
20200121,2020-01-21,0.0,"{""type"":""MultiPoint"",""coordinates"":[]}"
20200122,2020-01-22,0.040130647705630726,"{""type"":""MultiPoint"",""coordinates"":[]}"
20200123,2020-01-23,0.23949547835976479,"{""type"":""MultiPoint"",""coordinates"":[]}"
20200124,2020-01-24,0.0,"{""type"":""MultiPoint"",""coordinates"":[]}"
20200125,2020-01-25,0.0,"{""type"":""MultiPoint"",""coordinates"":[]}"
20200126,2020-01-26,0.0,"{""type"":""MultiPoint"",""coordinates"":[]}"
20200127,2020-01-27,0.0,"{""type"":""MultiPoint"",""coordinates"":[]}"
20200128,2020-01-28,0.0,"{""type"":""MultiPoint"",""coordinates"":[]}"
20200129,2020-01-29,0.0,"{""type"":""MultiPoint"",""coordinates"":[]}"
20200130,2020-01-30,0.0,"{""type"":""MultiPoint"",""coordinates"":[]}"
20200131,2020-01-31,0.3109390291333891,"{""type"":""MultiPoint"",""coordinates"":[]}"
20200201,2020-02-01,0.0,"{""type"":""MultiPoint"",""coordinates"":[]}"
20200202,2020-02-02,0.0,"{""type"":""MultiPoint"",""coordinates"":[]}"
20200203,2020-02-03,0.0,"{""type"":""MultiPoint"",""coordinates"":[]}"
20200204,2020-02-04,0.0,"{""type"":""MultiPoint"",""coordinates"":[]}"
20200205,2020-02-05,0.0,"{""type"":""MultiPoint"",""coordinates"":[]}"
20200206,2020-02-06,0.0,"{""type"":""MultiPoint"",""coordinates"":[]}"
20200207,2020-02-07,0.0,"{""type"":""MultiPoint"",""coordinates"":[]}"
20200208,2020-02-08,0.1767728628429397,"{""type"":""MultiPoint"",""coordinates"":[]}"
20200209,2020-02-09,0.02043405366428955,"{""type"":""MultiPoint"",""coordinates"":[]}"
20200210,2020-02-10,0.0,"{""type"":""MultiPoint"",""coordinates"":[]}"
20200211,2020-02-11,4.746391558279824,"{""type"":""MultiPoint"",""coordinates"":[]}"
20200212,2020-02-12,0.0,"{""type"":""MultiPoint"",""coordinates"":[]}"
20200213,2020-02-13,0.0,"{""type"":""MultiPoint"",""coordinates"":[]}"
20200214,2020-02-14,0.0,"{""type"":""MultiPoint"",""coordinates"":[]}"
20200215,2020-02-15,0.0,"{""type"":""MultiPoint"",""coordinates"":[]}"
20200216,2020-02-16,0.0,"{""type"":""MultiPoint"",""coordinates"":[]}"
20200217,2020-02-17,1.0259871754642835,"{""type"":""MultiPoint"",""coordinates"":[]}"
20200218,2020-02-18,0.3510367013250467,"{""type"":""MultiPoint"",""coordinates"":[]}"
20200219,2020-02-19,2.705615679283755,"{""type"":""MultiPoint"",""coordinates"":[]}"
20200220,2020-02-20,0.15818003581150336,"{""type"":""MultiPoint"",""coordinates"":[]}"
20200221,2020-02-21,0.0,"{""type"":""MultiPoint"",""coordinates"":[]}"
20200222,2020-02-22,0.012181861675603577,"{""type"":""MultiPoint"",""coordinates"":[]}"
20200223,2020-02-23,0.8777945859113395,"{""type"":""MultiPoint"",""coordinates"":[]}"
20200224,2020-02-24,0.0,"{""type"":""MultiPoint"",""coordinates"":[]}"
20200225,2020-02-25,4.870905347231345,"{""type"":""MultiPoint"",""coordinates"":[]}"
20200226,2020-02-26,0.006556428083914916,"{""type"":""MultiPoint"",""coordinates"":[]}"
20200227,2020-02-27,0.0,"{""type"":""MultiPoint"",""coordinates"":[]}"
20200228,2020-02-28,0.0,"{""type"":""MultiPoint"",""coordinates"":[]}"
20200229,2020-02-29,0.0,"{""type"":""MultiPoint"",""coordinates"":[]}"
20200301,2020-03-01,0.0,"{""type"":""MultiPoint"",""coordinates"":[]}"
20200302,2020-03-02,0.0,"{""type"":""MultiPoint"",""coordinates"":[]}"
20200303,2020-03-03,0.0,"{""type"":""MultiPoint"",""coordinates"":[]}"
20200304,2020-03-04,0.3481171241504248,"{""type"":""MultiPoint"",""coordinates"":[]}"
20200305,2020-03-05,0.3773725833591496,"{""type"":""MultiPoint"",""coordinates"":[]}"
20200306,2020-03-06,0.011949119118244842,"{""type"":""MultiPoint"",""coordinates"":[]}"
20200307,2020-03-07,0.0,"{""type"":""MultiPoint"",""coordinates"":[]}"
20200308,2020-03-08,0.0,"{""type"":""MultiPoint"",""coordinates"":[]}"
20200309,2020-03-09,0.0,"{""type"":""MultiPoint"",""coordinates"":[]}"
20200310,2020-03-10,0.0,"{""type"":""MultiPoint"",""coordinates"":[]}"
20200311,2020-03-11,0.0,"{""type"":""MultiPoint"",""coordinates"":[]}"
20200312,2020-03-12,0.0,"{""type"":""MultiPoint"",""coordinates"":[]}"
20200313,2020-03-13,0.38866783258616416,"{""type"":""MultiPoint"",""coordinates"":[]}"
20200314,2020-03-14,0.0,"{""type"":""MultiPoint"",""coordinates"":[]}"
20200315,2020-03-15,0.0,"{""type"":""MultiPoint"",""coordinates"":[]}"
20200316,2020-03-16,0.0,"{""type"":""MultiPoint"",""coordinates"":[]}"
20200317,2020-03-17,0.0,"{""type"":""MultiPoint"",""coordinates"":[]}"
20200318,2020-03-18,0.0,"{""type"":""MultiPoint"",""coordinates"":[]}"
20200319,2020-03-19,1.1726255918298516,"{""type"":""MultiPoint"",""coordinates"":[]}"
20200320,2020-03-20,0.0,"{""type"":""MultiPoint"",""coordinates"":[]}"
20200321,2020-03-21,0.0,"{""type"":""MultiPoint"",""coordinates"":[]}"
20200322,2020-03-22,0.037988585806100005,"{""type"":""MultiPoint"",""coordinates"":[]}"
20200323,2020-03-23,1.3314566268967463,"{""type"":""MultiPoint"",""coordinates"":[]}"
20200324,2020-03-24,0.0,"{""type"":""MultiPoint"",""coordinates"":[]}"
20200325,2020-03-25,0.0,"{""type"":""MultiPoint"",""coordinates"":[]}"
20200326,2020-03-26,0.0,"{""type"":""MultiPoint"",""coordinates"":[]}"
20200327,2020-03-27,0.0,"{""type"":""MultiPoint"",""coordinates"":[]}"
20200328,2020-03-28,0.0,"{""type"":""MultiPoint"",""coordinates"":[]}"
20200329,2020-03-29,0.0036673762531402873,"{""type"":""MultiPoint"",""coordinates"":[]}"
20200330,2020-03-30,0.044019679981257685,"{""type"":""MultiPoint"",""coordinates"":[]}"
20200331,2020-03-31,0.020870095301043355,"{""type"":""MultiPoint"",""coordinates"":[]}"
20200401,2020-04-01,0.0,"{""type"":""MultiPoint"",""coordinates"":[]}"
20200402,2020-04-02,0.017832479475825145,"{""type"":""MultiPoint"",""coordinates"":[]}"
20200403,2020-04-03,0.0,"{""type"":""MultiPoint"",""coordinates"":[]}"
20200404,2020-04-04,0.0,"{""type"":""MultiPoint"",""coordinates"":[]}"
20200405,2020-04-05,0.0,"{""type"":""MultiPoint"",""coordinates"":[]}"
20200406,2020-04-06,0.06361187080585604,"{""type"":""MultiPoint"",""coordinates"":[]}"
20200407,2020-04-07,0.8677105018666849,"{""type"":""MultiPoint"",""coordinates"":[]}"
20200408,2020-04-08,0.7907803693177454,"{""type"":""MultiPoint"",""coordinates"":[]}"
20200409,2020-04-09,12.292343319925472,"{""type"":""MultiPoint"",""coordinates"":[]}"
20200410,2020-04-10,0.0,"{""type"":""MultiPoint"",""coordinates"":[]}"
20200411,2020-04-11,1.763139827040338,"{""type"":""MultiPoint"",""coordinates"":[]}"
20200412,2020-04-12,0.45224907440054485,"{""type"":""MultiPoint"",""coordinates"":[]}"
20200413,2020-04-13,0.028877791929792587,"{""type"":""MultiPoint"",""coordinates"":[]}"
20200414,2020-04-14,0.0,"{""type"":""MultiPoint"",""coordinates"":[]}"
20200415,2020-04-15,0.0,"{""type"":""MultiPoint"",""coordinates"":[]}"
20200416,2020-04-16,0.0,"{""type"":""MultiPoint"",""coordinates"":[]}"
20200417,2020-04-17,0.0,"{""type"":""MultiPoint"",""coordinates"":[]}"
20200418,2020-04-18,0.9918893080664304,"{""type"":""MultiPoint"",""coordinates"":[]}"
20200419,2020-04-19,0.0,"{""type"":""MultiPoint"",""coordinates"":[]}"
20200420,2020-04-20,1.5724242120076692,"{""type"":""MultiPoint"",""coordinates"":[]}"
20200421,2020-04-21,0.0,"{""type"":""MultiPoint"",""coordinates"":[]}"
20200422,2020-04-22,0.0,"{""type"":""MultiPoint"",""coordinates"":[]}"
20200423,2020-04-23,0.0,"{""type"":""MultiPoint"",""coordinates"":[]}"
20200424,2020-04-24,0.010817625925732162,"{""type"":""MultiPoint"",""coordinates"":[]}"
20200425,2020-04-25,13.198940680491514,"{""type"":""MultiPoint"",""coordinates"":[]}"
20200426,2020-04-26,1.194646313737569,"{""type"":""MultiPoint"",""coordinates"":[]}"
20200427,2020-04-27,2.3282238951269396,"{""type"":""MultiPoint"",""coordinates"":[]}"
20200428,2020-04-28,2.1701961250290887,"{""type"":""MultiPoint"",""coordinates"":[]}"
20200429,2020-04-29,2.8550662483694262,"{""type"":""MultiPoint"",""coordinates"":[]}"
20200430,2020-04-30,7.743959726488839,"{""type"":""MultiPoint"",""coordinates"":[]}"
20200501,2020-05-01,0.0,"{""type"":""MultiPoint"",""coordinates"":[]}"
20200502,2020-05-02,0.0013506820906109582,"{""type"":""MultiPoint"",""coordinates"":[]}"
20200503,2020-05-03,2.9122222753620988,"{""type"":""MultiPoint"",""coordinates"":[]}"
20200504,2020-05-04,0.4088801422681228,"{""type"":""MultiPoint"",""coordinates"":[]}"
20200505,2020-05-05,0.0,"{""type"":""MultiPoint"",""coordinates"":[]}"
20200506,2020-05-06,0.2727975179095485,"{""type"":""MultiPoint"",""coordinates"":[]}"
20200507,2020-05-07,0.4577524994034968,"{""type"":""MultiPoint"",""coordinates"":[]}"
20200508,2020-05-08,0.42028237567616084,"{""type"":""MultiPoint"",""coordinates"":[]}"
20200509,2020-05-09,0.0,"{""type"":""MultiPoint"",""coordinates"":[]}"
20200510,2020-05-10,0.0,"{""type"":""MultiPoint"",""coordinates"":[]}"
20200511,2020-05-11,0.16147200609021253,"{""type"":""MultiPoint"",""coordinates"":[]}"
20200512,2020-05-12,0.35513474927248834,"{""type"":""MultiPoint"",""coordinates"":[]}"
20200513,2020-05-13,0.0,"{""type"":""MultiPoint"",""coordinates"":[]}"
20200514,2020-05-14,0.026712978443765946,"{""type"":""MultiPoint"",""coordinates"":[]}"
20200515,2020-05-15,0.0,"{""type"":""MultiPoint"",""coordinates"":[]}"
20200516,2020-05-16,4.146955842621051,"{""type"":""MultiPoint"",""coordinates"":[]}"
20200517,2020-05-17,1.3814153280508636,"{""type"":""MultiPoint"",""coordinates"":[]}"
20200518,2020-05-18,6.804172351691975,"{""type"":""MultiPoint"",""coordinates"":[]}"
20200519,2020-05-19,9.334807238899574,"{""type"":""MultiPoint"",""coordinates"":[]}"
20200520,2020-05-20,1.2944506144239325,"{""type"":""MultiPoint"",""coordinates"":[]}"
20200521,2020-05-21,5.3336764319447365E-6,"{""type"":""MultiPoint"",""coordinates"":[]}"
20200522,2020-05-22,0.2587393701373804,"{""type"":""MultiPoint"",""coordinates"":[]}"
20200523,2020-05-23,7.026663479746958E-8,"{""type"":""MultiPoint"",""coordinates"":[]}"
20200524,2020-05-24,0.08156118290159414,"{""type"":""MultiPoint"",""coordinates"":[]}"
20200525,2020-05-25,1.7919064677847594,"{""type"":""MultiPoint"",""coordinates"":[]}"
20200526,2020-05-26,0.0,"{""type"":""MultiPoint"",""coordinates"":[]}"
20200527,2020-05-27,0.0,"{""type"":""MultiPoint"",""coordinates"":[]}"
20200528,2020-05-28,0.071813871783044,"{""type"":""MultiPoint"",""coordinates"":[]}"
20200529,2020-05-29,2.7630503171770266,"{""type"":""MultiPoint"",""coordinates"":[]}"
20200530,2020-05-30,0.4841514170904234,"{""type"":""MultiPoint"",""coordinates"":[]}"
20200531,2020-05-31,5.488674133806492,"{""type"":""MultiPoint"",""coordinates"":[]}"
20200601,2020-06-01,1.1946931217125165,"{""type"":""MultiPoint"",""coordinates"":[]}"
20200602,2020-06-02,4.967427300680082,"{""type"":""MultiPoint"",""coordinates"":[]}"
20200603,2020-06-03,6.221468017373979,"{""type"":""MultiPoint"",""coordinates"":[]}"
20200604,2020-06-04,8.25797205849809,"{""type"":""MultiPoint"",""coordinates"":[]}"
20200605,2020-06-05,1.7090389596820532,"{""type"":""MultiPoint"",""coordinates"":[]}"
20200606,2020-06-06,1.4300127826932758,"{""type"":""MultiPoint"",""coordinates"":[]}"
20200607,2020-06-07,8.92888026490101,"{""type"":""MultiPoint"",""coordinates"":[]}"
20200608,2020-06-08,9.907142311005508,"{""type"":""MultiPoint"",""coordinates"":[]}"
20200609,2020-06-09,5.536591802401896,"{""type"":""MultiPoint"",""coordinates"":[]}"
20200610,2020-06-10,5.674575510771565,"{""type"":""MultiPoint"",""coordinates"":[]}"
20200611,2020-06-11,32.44583147558864,"{""type"":""MultiPoint"",""coordinates"":[]}"
20200612,2020-06-12,22.965583355206252,"{""type"":""MultiPoint"",""coordinates"":[]}"
20200613,2020-06-13,1.7251317487207798,"{""type"":""MultiPoint"",""coordinates"":[]}"
20200614,2020-06-14,3.831254121251881,"{""type"":""MultiPoint"",""coordinates"":[]}"
20200615,2020-06-15,3.054720666091449,"{""type"":""MultiPoint"",""coordinates"":[]}"
20200616,2020-06-16,17.612765326236467,"{""type"":""MultiPoint"",""coordinates"":[]}"
20200617,2020-06-17,8.847347879050345,"{""type"":""MultiPoint"",""coordinates"":[]}"
20200618,2020-06-18,3.218466251792291,"{""type"":""MultiPoint"",""coordinates"":[]}"
20200619,2020-06-19,0.04096352899546726,"{""type"":""MultiPoint"",""coordinates"":[]}"
20200620,2020-06-20,6.197961805177842,"{""type"":""MultiPoint"",""coordinates"":[]}"
20200621,2020-06-21,4.876856717455551,"{""type"":""MultiPoint"",""coordinates"":[]}"
20200622,2020-06-22,6.813928948179927,"{""type"":""MultiPoint"",""coordinates"":[]}"
20200623,2020-06-23,0.2510226768593794,"{""type"":""MultiPoint"",""coordinates"":[]}"
20200624,2020-06-24,1.457748446208826,"{""type"":""MultiPoint"",""coordinates"":[]}"
20200625,2020-06-25,0.14643887308560438,"{""type"":""MultiPoint"",""coordinates"":[]}"
20200626,2020-06-26,2.105258509854685,"{""type"":""MultiPoint"",""coordinates"":[]}"
20200627,2020-06-27,0.07238905117266811,"{""type"":""MultiPoint"",""coordinates"":[]}"
20200628,2020-06-28,7.491858400827988,"{""type"":""MultiPoint"",""coordinates"":[]}"
20200629,2020-06-29,3.6048268145091713,"{""type"":""MultiPoint"",""coordinates"":[]}"
20200630,2020-06-30,1.9298468839834768,"{""type"":""MultiPoint"",""coordinates"":[]}"
20200701,2020-07-01,8.697484606237614,"{""type"":""MultiPoint"",""coordinates"":[]}"
20200702,2020-07-02,3.734106951678585,"{""type"":""MultiPoint"",""coordinates"":[]}"
20200703,2020-07-03,18.282081804654098,"{""type"":""MultiPoint"",""coordinates"":[]}"
20200704,2020-07-04,10.7415991831983,"{""type"":""MultiPoint"",""coordinates"":[]}"
20200705,2020-07-05,14.207892045531418,"{""type"":""MultiPoint"",""coordinates"":[]}"
20200706,2020-07-06,20.157051959460613,"{""type"":""MultiPoint"",""coordinates"":[]}"
20200707,2020-07-07,4.444701636548834E-4,"{""type"":""MultiPoint"",""coordinates"":[]}"
20200708,2020-07-08,8.438538109823442,"{""type"":""MultiPoint"",""coordinates"":[]}"
20200709,2020-07-09,11.90878881607581,"{""type"":""MultiPoint"",""coordinates"":[]}"
20200710,2020-07-10,6.800925653415771,"{""type"":""MultiPoint"",""coordinates"":[]}"
20200711,2020-07-11,6.347090391396572,"{""type"":""MultiPoint"",""coordinates"":[]}"
20200712,2020-07-12,19.213334863923556,"{""type"":""MultiPoint"",""coordinates"":[]}"
20200713,2020-07-13,13.52572118105884,"{""type"":""MultiPoint"",""coordinates"":[]}"
20200714,2020-07-14,26.28832825196766,"{""type"":""MultiPoint"",""coordinates"":[]}"
20200715,2020-07-15,19.20155591115919,"{""type"":""MultiPoint"",""coordinates"":[]}"
20200716,2020-07-16,8.234194895642,"{""type"":""MultiPoint"",""coordinates"":[]}"
20200717,2020-07-17,2.4618526356490458,"{""type"":""MultiPoint"",""coordinates"":[]}"
20200718,2020-07-18,2.413910959587864,"{""type"":""MultiPoint"",""coordinates"":[]}"
20200719,2020-07-19,7.348456458744131,"{""type"":""MultiPoint"",""coordinates"":[]}"
20200720,2020-07-20,10.987668707873205,"{""type"":""MultiPoint"",""coordinates"":[]}"
20200721,2020-07-21,2.112354753383654,"{""type"":""MultiPoint"",""coordinates"":[]}"
20200722,2020-07-22,21.933223963713974,"{""type"":""MultiPoint"",""coordinates"":[]}"
20200723,2020-07-23,12.935229017777152,"{""type"":""MultiPoint"",""coordinates"":[]}"
20200724,2020-07-24,14.340413946138368,"{""type"":""MultiPoint"",""coordinates"":[]}"
20200725,2020-07-25,0.7692986527776547,"{""type"":""MultiPoint"",""coordinates"":[]}"
20200726,2020-07-26,5.5526912265606,"{""type"":""MultiPoint"",""coordinates"":[]}"
20200727,2020-07-27,2.9492753116719137,"{""type"":""MultiPoint"",""coordinates"":[]}"
20200728,2020-07-28,15.776189455414487,"{""type"":""MultiPoint"",""coordinates"":[]}"
20200729,2020-07-29,2.9784751684140347,"{""type"":""MultiPoint"",""coordinates"":[]}"
20200730,2020-07-30,0.5491951714561744,"{""type"":""MultiPoint"",""coordinates"":[]}"
20200731,2020-07-31,4.780601839522727,"{""type"":""MultiPoint"",""coordinates"":[]}"
20200801,2020-08-01,3.2515530355438758,"{""type"":""MultiPoint"",""coordinates"":[]}"
20200802,2020-08-02,8.982143983676142,"{""type"":""MultiPoint"",""coordinates"":[]}"
20200803,2020-08-03,13.913278853654967,"{""type"":""MultiPoint"",""coordinates"":[]}"
20200804,2020-08-04,22.182349309141628,"{""type"":""MultiPoint"",""coordinates"":[]}"
20200805,2020-08-05,12.444766518765881,"{""type"":""MultiPoint"",""coordinates"":[]}"
20200806,2020-08-06,4.450266263158036,"{""type"":""MultiPoint"",""coordinates"":[]}"
20200807,2020-08-07,4.065970128161242,"{""type"":""MultiPoint"",""coordinates"":[]}"
20200808,2020-08-08,2.580474771000063,"{""type"":""MultiPoint"",""coordinates"":[]}"
20200809,2020-08-09,9.50859528308733,"{""type"":""MultiPoint"",""coordinates"":[]}"
20200810,2020-08-10,0.577223828231769,"{""type"":""MultiPoint"",""coordinates"":[]}"
20200811,2020-08-11,0.22084708906323086,"{""type"":""MultiPoint"",""coordinates"":[]}"
20200812,2020-08-12,28.967089615693432,"{""type"":""MultiPoint"",""coordinates"":[]}"
20200813,2020-08-13,22.543435425878084,"{""type"":""MultiPoint"",""coordinates"":[]}"
20200814,2020-08-14,8.496320140821872,"{""type"":""MultiPoint"",""coordinates"":[]}"
20200815,2020-08-15,13.32581748383344,"{""type"":""MultiPoint"",""coordinates"":[]}"
20200816,2020-08-16,1.2019445407004088,"{""type"":""MultiPoint"",""coordinates"":[]}"
20200817,2020-08-17,1.0551729422459153,"{""type"":""MultiPoint"",""coordinates"":[]}"
20200818,2020-08-18,1.9235214421457414,"{""type"":""MultiPoint"",""coordinates"":[]}"
20200819,2020-08-19,36.168862753961875,"{""type"":""MultiPoint"",""coordinates"":[]}"
20200820,2020-08-20,22.317341245968862,"{""type"":""MultiPoint"",""coordinates"":[]}"
20200821,2020-08-21,0.7646661323216587,"{""type"":""MultiPoint"",""coordinates"":[]}"
20200822,2020-08-22,1.3093121294757826,"{""type"":""MultiPoint"",""coordinates"":[]}"
20200823,2020-08-23,6.152175307555017,"{""type"":""MultiPoint"",""coordinates"":[]}"
20200824,2020-08-24,9.878138587400672,"{""type"":""MultiPoint"",""coordinates"":[]}"
20200825,2020-08-25,16.11468283095998,"{""type"":""MultiPoint"",""coordinates"":[]}"
20200826,2020-08-26,10.407382648620581,"{""type"":""MultiPoint"",""coordinates"":[]}"
20200827,2020-08-27,5.081002521730093,"{""type"":""MultiPoint"",""coordinates"":[]}"
20200828,2020-08-28,1.721719832245775,"{""type"":""MultiPoint"",""coordinates"":[]}"
20200829,2020-08-29,0.014869201698056028,"{""type"":""MultiPoint"",""coordinates"":[]}"
20200830,2020-08-30,0.836316106052416,"{""type"":""MultiPoint"",""coordinates"":[]}"
20200831,2020-08-31,2.432529435551331,"{""type"":""MultiPoint"",""coordinates"":[]}"
20200901,2020-09-01,20.826196113896405,"{""type"":""MultiPoint"",""coordinates"":[]}"
20200902,2020-09-02,6.098483824110349,"{""type"":""MultiPoint"",""coordinates"":[]}"
20200903,2020-09-03,0.23314198092552058,"{""type"":""MultiPoint"",""coordinates"":[]}"
20200904,2020-09-04,0.0034600101292610245,"{""type"":""MultiPoint"",""coordinates"":[]}"
20200905,2020-09-05,1.1705007229018645,"{""type"":""MultiPoint"",""coordinates"":[]}"
20200906,2020-09-06,0.3143688987851625,"{""type"":""MultiPoint"",""coordinates"":[]}"
20200907,2020-09-07,0.2885984368992624,"{""type"":""MultiPoint"",""coordinates"":[]}"
20200908,2020-09-08,0.7180826326501643,"{""type"":""MultiPoint"",""coordinates"":[]}"
20200909,2020-09-09,0.051269487958495806,"{""type"":""MultiPoint"",""coordinates"":[]}"
20200910,2020-09-10,1.7079369334440004,"{""type"":""MultiPoint"",""coordinates"":[]}"
20200911,2020-09-11,11.11899874243675,"{""type"":""MultiPoint"",""coordinates"":[]}"
20200912,2020-09-12,32.46079539840687,"{""type"":""MultiPoint"",""coordinates"":[]}"
20200913,2020-09-13,6.365094403151274,"{""type"":""MultiPoint"",""coordinates"":[]}"
20200914,2020-09-14,0.521679723727075,"{""type"":""MultiPoint"",""coordinates"":[]}"
20200915,2020-09-15,8.327911879069937,"{""type"":""MultiPoint"",""coordinates"":[]}"
20200916,2020-09-16,13.604531170269855,"{""type"":""MultiPoint"",""coordinates"":[]}"
20200917,2020-09-17,7.719110488300405,"{""type"":""MultiPoint"",""coordinates"":[]}"
20200918,2020-09-18,6.309060733369671,"{""type"":""MultiPoint"",""coordinates"":[]}"
20200919,2020-09-19,6.827346605742632,"{""type"":""MultiPoint"",""coordinates"":[]}"
20200920,2020-09-20,18.51065489269894,"{""type"":""MultiPoint"",""coordinates"":[]}"
20200921,2020-09-21,6.372350361239,"{""type"":""MultiPoint"",""coordinates"":[]}"
20200922,2020-09-22,6.905703325602574,"{""type"":""MultiPoint"",""coordinates"":[]}"
20200923,2020-09-23,3.2653576789422236,"{""type"":""MultiPoint"",""coordinates"":[]}"
20200924,2020-09-24,0.0,"{""type"":""MultiPoint"",""coordinates"":[]}"
20200925,2020-09-25,15.650878939477995,"{""type"":""MultiPoint"",""coordinates"":[]}"
20200926,2020-09-26,12.13544409475643,"{""type"":""MultiPoint"",""coordinates"":[]}"
20200927,2020-09-27,0.018538752224691864,"{""type"":""MultiPoint"",""coordinates"":[]}"
20200928,2020-09-28,2.240473722882898,"{""type"":""MultiPoint"",""coordinates"":[]}"
20200929,2020-09-29,7.968001553400035,"{""type"":""MultiPoint"",""coordinates"":[]}"
20200930,2020-09-30,18.2107514684134,"{""type"":""MultiPoint"",""coordinates"":[]}"
20201001,2020-10-01,4.831061288658247,"{""type"":""MultiPoint"",""coordinates"":[]}"
20201002,2020-10-02,0.21027845175145563,"{""type"":""MultiPoint"",""coordinates"":[]}"
20201003,2020-10-03,5.982458187178546,"{""type"":""MultiPoint"",""coordinates"":[]}"
20201004,2020-10-04,17.543089487892715,"{""type"":""MultiPoint"",""coordinates"":[]}"
20201005,2020-10-05,7.246572715123766,"{""type"":""MultiPoint"",""coordinates"":[]}"
20201006,2020-10-06,6.378547159858059,"{""type"":""MultiPoint"",""coordinates"":[]}"
20201007,2020-10-07,10.29785195397334,"{""type"":""MultiPoint"",""coordinates"":[]}"
20201008,2020-10-08,0.533383916023376,"{""type"":""MultiPoint"",""coordinates"":[]}"
20201009,2020-10-09,2.02431359260387,"{""type"":""MultiPoint"",""coordinates"":[]}"
20201010,2020-10-10,45.40751292765499,"{""type"":""MultiPoint"",""coordinates"":[]}"
20201011,2020-10-11,74.35631584183128,"{""type"":""MultiPoint"",""coordinates"":[]}"
20201012,2020-10-12,76.90418949159572,"{""type"":""MultiPoint"",""coordinates"":[]}"
20201013,2020-10-13,11.950194985885105,"{""type"":""MultiPoint"",""coordinates"":[]}"
20201014,2020-10-14,21.95978521506676,"{""type"":""MultiPoint"",""coordinates"":[]}"
20201015,2020-10-15,22.130617080370364,"{""type"":""MultiPoint"",""coordinates"":[]}"
20201016,2020-10-16,2.479445904425673,"{""type"":""MultiPoint"",""coordinates"":[]}"
20201017,2020-10-17,0.9900771289634914,"{""type"":""MultiPoint"",""coordinates"":[]}"
20201018,2020-10-18,8.562265762214631,"{""type"":""MultiPoint"",""coordinates"":[]}"
20201019,2020-10-19,29.52603852824809,"{""type"":""MultiPoint"",""coordinates"":[]}"
20201020,2020-10-20,14.456356517223194,"{""type"":""MultiPoint"",""coordinates"":[]}"
20201021,2020-10-21,28.395265968910238,"{""type"":""MultiPoint"",""coordinates"":[]}"
20201022,2020-10-22,11.765285862856121,"{""type"":""MultiPoint"",""coordinates"":[]}"
20201023,2020-10-23,0.708601087151128,"{""type"":""MultiPoint"",""coordinates"":[]}"
20201024,2020-10-24,0.0,"{""type"":""MultiPoint"",""coordinates"":[]}"
20201025,2020-10-25,0.0,"{""type"":""MultiPoint"",""coordinates"":[]}"
20201026,2020-10-26,1.8977274688195547,"{""type"":""MultiPoint"",""coordinates"":[]}"
20201027,2020-10-27,0.42442378682720794,"{""type"":""MultiPoint"",""coordinates"":[]}"
20201028,2020-10-28,0.06404013025971078,"{""type"":""MultiPoint"",""coordinates"":[]}"
20201029,2020-10-29,2.361121007908297E-5,"{""type"":""MultiPoint"",""coordinates"":[]}"
20201030,2020-10-30,3.196112486573374E-5,"{""type"":""MultiPoint"",""coordinates"":[]}"
20201031,2020-10-31,1.586955556909834E-5,"{""type"":""MultiPoint"",""coordinates"":[]}"
20201101,2020-11-01,0.0,"{""type"":""MultiPoint"",""coordinates"":[]}"
20201102,2020-11-02,0.0,"{""type"":""MultiPoint"",""coordinates"":[]}"
20201103,2020-11-03,1.2949784299532685,"{""type"":""MultiPoint"",""coordinates"":[]}"
20201104,2020-11-04,3.6877642877096295,"{""type"":""MultiPoint"",""coordinates"":[]}"
20201105,2020-11-05,1.697561433998493,"{""type"":""MultiPoint"",""coordinates"":[]}"
20201106,2020-11-06,0.0,"{""type"":""MultiPoint"",""coordinates"":[]}"
20201107,2020-11-07,0.0,"{""type"":""MultiPoint"",""coordinates"":[]}"
20201108,2020-11-08,0.0,"{""type"":""MultiPoint"",""coordinates"":[]}"
20201109,2020-11-09,0.0,"{""type"":""MultiPoint"",""coordinates"":[]}"
20201110,2020-11-10,0.0,"{""type"":""MultiPoint"",""coordinates"":[]}"
20201111,2020-11-11,0.48306758800301575,"{""type"":""MultiPoint"",""coordinates"":[]}"
20201112,2020-11-12,1.0263120149766805,"{""type"":""MultiPoint"",""coordinates"":[]}"
20201113,2020-11-13,0.01884891790358779,"{""type"":""MultiPoint"",""coordinates"":[]}"
20201114,2020-11-14,0.0,"{""type"":""MultiPoint"",""coordinates"":[]}"
20201115,2020-11-15,7.070515333218825,"{""type"":""MultiPoint"",""coordinates"":[]}"
20201116,2020-11-16,0.0,"{""type"":""MultiPoint"",""coordinates"":[]}"
20201117,2020-11-17,0.0,"{""type"":""MultiPoint"",""coordinates"":[]}"
20201118,2020-11-18,0.0,"{""type"":""MultiPoint"",""coordinates"":[]}"
20201119,2020-11-19,0.0,"{""type"":""MultiPoint"",""coordinates"":[]}"
20201120,2020-11-20,0.0,"{""type"":""MultiPoint"",""coordinates"":[]}"
20201121,2020-11-21,0.0,"{""type"":""MultiPoint"",""coordinates"":[]}"
20201122,2020-11-22,0.003142805936519449,"{""type"":""MultiPoint"",""coordinates"":[]}"
20201123,2020-11-23,7.535431713828174,"{""type"":""MultiPoint"",""coordinates"":[]}"
20201124,2020-11-24,2.760723761449732,"{""type"":""MultiPoint"",""coordinates"":[]}"
20201125,2020-11-25,9.684945932392433,"{""type"":""MultiPoint"",""coordinates"":[]}"
20201126,2020-11-26,69.17247134359208,"{""type"":""MultiPoint"",""coordinates"":[]}"
20201127,2020-11-27,2.7358640982908224,"{""type"":""MultiPoint"",""coordinates"":[]}"
20201128,2020-11-28,0.05030409711545883,"{""type"":""MultiPoint"",""coordinates"":[]}"
20201129,2020-11-29,0.0,"{""type"":""MultiPoint"",""coordinates"":[]}"
20201130,2020-11-30,0.0,"{""type"":""MultiPoint"",""coordinates"":[]}"
20201201,2020-12-01,0.05971063451698233,"{""type"":""MultiPoint"",""coordinates"":[]}"
20201202,2020-12-02,0.014426189511649822,"{""type"":""MultiPoint"",""coordinates"":[]}"
20201203,2020-12-03,6.827436517670927,"{""type"":""MultiPoint"",""coordinates"":[]}"
20201204,2020-12-04,0.11171832604043459,"{""type"":""MultiPoint"",""coordinates"":[]}"
20201205,2020-12-05,0.08397513998884587,"{""type"":""MultiPoint"",""coordinates"":[]}"
20201206,2020-12-06,0.0,"{""type"":""MultiPoint"",""coordinates"":[]}"
20201207,2020-12-07,0.012671729799916508,"{""type"":""MultiPoint"",""coordinates"":[]}"
20201208,2020-12-08,0.0,"{""type"":""MultiPoint"",""coordinates"":[]}"
20201209,2020-12-09,0.0,"{""type"":""MultiPoint"",""coordinates"":[]}"
20201210,2020-12-10,0.016935493191495805,"{""type"":""MultiPoint"",""coordinates"":[]}"
20201211,2020-12-11,0.0,"{""type"":""MultiPoint"",""coordinates"":[]}"
20201212,2020-12-12,0.0,"{""type"":""MultiPoint"",""coordinates"":[]}"
20201213,2020-12-13,0.0,"{""type"":""MultiPoint"",""coordinates"":[]}"
20201214,2020-12-14,0.0,"{""type"":""MultiPoint"",""coordinates"":[]}"
20201215,2020-12-15,0.0,"{""type"":""MultiPoint"",""coordinates"":[]}"
20201216,2020-12-16,0.0,"{""type"":""MultiPoint"",""coordinates"":[]}"
20201217,2020-12-17,0.0,"{""type"":""MultiPoint"",""coordinates"":[]}"
20201218,2020-12-18,0.0,"{""type"":""MultiPoint"",""coordinates"":[]}"
20201219,2020-12-19,0.006346759843123164,"{""type"":""MultiPoint"",""coordinates"":[]}"
20201220,2020-12-20,0.0,"{""type"":""MultiPoint"",""coordinates"":[]}"
20201221,2020-12-21,0.0,"{""type"":""MultiPoint"",""coordinates"":[]}"
20201222,2020-12-22,0.0,"{""type"":""MultiPoint"",""coordinates"":[]}"
20201223,2020-12-23,0.0,"{""type"":""MultiPoint"",""coordinates"":[]}"
20201224,2020-12-24,0.0,"{""type"":""MultiPoint"",""coordinates"":[]}"
20201225,2020-12-25,0.0,"{""type"":""MultiPoint"",""coordinates"":[]}"
20201226,2020-12-26,0.0,"{""type"":""MultiPoint"",""coordinates"":[]}"
20201227,2020-12-27,0.0,"{""type"":""MultiPoint"",""coordinates"":[]}"
20201228,2020-12-28,0.0,"{""type"":""MultiPoint"",""coordinates"":[]}"
20201229,2020-12-29,0.0,"{""type"":""MultiPoint"",""coordinates"":[]}"
20201230,2020-12-30,0.001291608590498919,"{""type"":""MultiPoint"",""coordinates"":[]}"
20201231,2020-12-31,0.0,"{""type"":""MultiPoint"",""coordinates"":[]}"
20210101,2021-01-01,0.0,"{""type"":""MultiPoint"",""coordinates"":[]}"
20210102,2021-01-02,0.02055437210288336,"{""type"":""MultiPoint"",""coordinates"":[]}"
20210103,2021-01-03,0.0,"{""type"":""MultiPoint"",""coordinates"":[]}"
20210104,2021-01-04,0.0,"{""type"":""MultiPoint"",""coordinates"":[]}"
20210105,2021-01-05,0.05211980994523523,"{""type"":""MultiPoint"",""coordinates"":[]}"
20210106,2021-01-06,0.0,"{""type"":""MultiPoint"",""coordinates"":[]}"
20210107,2021-01-07,0.6132316437929798,"{""type"":""MultiPoint"",""coordinates"":[]}"
20210108,2021-01-08,0.0,"{""type"":""MultiPoint"",""coordinates"":[]}"
20210109,2021-01-09,0.0,"{""type"":""MultiPoint"",""coordinates"":[]}"
20210110,2021-01-10,0.2539894105451687,"{""type"":""MultiPoint"",""coordinates"":[]}"
20210111,2021-01-11,0.2337742126424969,"{""type"":""MultiPoint"",""coordinates"":[]}"
20210112,2021-01-12,0.0,"{""type"":""MultiPoint"",""coordinates"":[]}"
20210113,2021-01-13,0.0,"{""type"":""MultiPoint"",""coordinates"":[]}"
20210114,2021-01-14,0.0,"{""type"":""MultiPoint"",""coordinates"":[]}"
20210115,2021-01-15,0.0,"{""type"":""MultiPoint"",""coordinates"":[]}"
20210116,2021-01-16,0.0,"{""type"":""MultiPoint"",""coordinates"":[]}"
20210117,2021-01-17,0.0,"{""type"":""MultiPoint"",""coordinates"":[]}"
20210118,2021-01-18,0.5791444434653819,"{""type"":""MultiPoint"",""coordinates"":[]}"
20210119,2021-01-19,0.0,"{""type"":""MultiPoint"",""coordinates"":[]}"
20210120,2021-01-20,0.0,"{""type"":""MultiPoint"",""coordinates"":[]}"
20210121,2021-01-21,0.0,"{""type"":""MultiPoint"",""coordinates"":[]}"
20210122,2021-01-22,0.08864066104140174,"{""type"":""MultiPoint"",""coordinates"":[]}"
20210123,2021-01-23,0.0,"{""type"":""MultiPoint"",""coordinates"":[]}"
20210124,2021-01-24,0.0,"{""type"":""MultiPoint"",""coordinates"":[]}"
20210125,2021-01-25,0.0,"{""type"":""MultiPoint"",""coordinates"":[]}"
20210126,2021-01-26,0.0,"{""type"":""MultiPoint"",""coordinates"":[]}"
20210127,2021-01-27,0.0,"{""type"":""MultiPoint"",""coordinates"":[]}"
20210128,2021-01-28,0.0,"{""type"":""MultiPoint"",""coordinates"":[]}"
20210129,2021-01-29,0.0,"{""type"":""MultiPoint"",""coordinates"":[]}"
20210130,2021-01-30,0.0,"{""type"":""MultiPoint"",""coordinates"":[]}"
20210131,2021-01-31,0.0,"{""type"":""MultiPoint"",""coordinates"":[]}"
20210201,2021-02-01,1.377786276888014,"{""type"":""MultiPoint"",""coordinates"":[]}"
20210202,2021-02-02,0.0,"{""type"":""MultiPoint"",""coordinates"":[]}"
20210203,2021-02-03,0.0,"{""type"":""MultiPoint"",""coordinates"":[]}"
20210204,2021-02-04,0.0,"{""type"":""MultiPoint"",""coordinates"":[]}"
20210205,2021-02-05,0.0,"{""type"":""MultiPoint"",""coordinates"":[]}"
20210206,2021-02-06,0.10006283869513492,"{""type"":""MultiPoint"",""coordinates"":[]}"
20210207,2021-02-07,0.04159046265448812,"{""type"":""MultiPoint"",""coordinates"":[]}"
20210208,2021-02-08,0.0039174318203241566,"{""type"":""MultiPoint"",""coordinates"":[]}"
20210209,2021-02-09,0.0,"{""type"":""MultiPoint"",""coordinates"":[]}"
20210210,2021-02-10,0.0,"{""type"":""MultiPoint"",""coordinates"":[]}"
20210211,2021-02-11,0.0016032921403187311,"{""type"":""MultiPoint"",""coordinates"":[]}"
20210212,2021-02-12,0.00887136216407367,"{""type"":""MultiPoint"",""coordinates"":[]}"
20210213,2021-02-13,0.0,"{""type"":""MultiPoint"",""coordinates"":[]}"
20210214,2021-02-14,0.0,"{""type"":""MultiPoint"",""coordinates"":[]}"
20210215,2021-02-15,0.0,"{""type"":""MultiPoint"",""coordinates"":[]}"
20210216,2021-02-16,0.0,"{""type"":""MultiPoint"",""coordinates"":[]}"
20210217,2021-02-17,0.0,"{""type"":""MultiPoint"",""coordinates"":[]}"
20210218,2021-02-18,0.0,"{""type"":""MultiPoint"",""coordinates"":[]}"
20210219,2021-02-19,0.0,"{""type"":""MultiPoint"",""coordinates"":[]}"
20210220,2021-02-20,1.1029268775455765,"{""type"":""MultiPoint"",""coordinates"":[]}"
20210221,2021-02-21,2.932241337657589,"{""type"":""MultiPoint"",""coordinates"":[]}"
20210222,2021-02-22,0.0,"{""type"":""MultiPoint"",""coordinates"":[]}"
20210223,2021-02-23,0.0,"{""type"":""MultiPoint"",""coordinates"":[]}"
20210224,2021-02-24,0.0,"{""type"":""MultiPoint"",""coordinates"":[]}"
20210225,2021-02-25,0.0,"{""type"":""MultiPoint"",""coordinates"":[]}"
20210226,2021-02-26,0.0,"{""type"":""MultiPoint"",""coordinates"":[]}"
20210227,2021-02-27,0.0,"{""type"":""MultiPoint"",""coordinates"":[]}"
20210228,2021-02-28,0.0,"{""type"":""MultiPoint"",""coordinates"":[]}"
20210301,2021-03-01,0.0,"{""type"":""MultiPoint"",""coordinates"":[]}"
20210302,2021-03-02,0.0,"{""type"":""MultiPoint"",""coordinates"":[]}"
20210303,2021-03-03,0.0,"{""type"":""MultiPoint"",""coordinates"":[]}"
20210304,2021-03-04,0.0,"{""type"":""MultiPoint"",""coordinates"":[]}"
20210305,2021-03-05,0.0,"{""type"":""MultiPoint"",""coordinates"":[]}"
20210306,2021-03-06,0.0,"{""type"":""MultiPoint"",""coordinates"":[]}"
20210307,2021-03-07,0.0,"{""type"":""MultiPoint"",""coordinates"":[]}"
20210308,2021-03-08,0.0,"{""type"":""MultiPoint"",""coordinates"":[]}"
20210309,2021-03-09,9.514891412081633E-5,"{""type"":""MultiPoint"",""coordinates"":[]}"
20210310,2021-03-10,0.0,"{""type"":""MultiPoint"",""coordinates"":[]}"
20210311,2021-03-11,0.01216463143095756,"{""type"":""MultiPoint"",""coordinates"":[]}"
20210312,2021-03-12,0.0,"{""type"":""MultiPoint"",""coordinates"":[]}"
20210313,2021-03-13,0.0,"{""type"":""MultiPoint"",""coordinates"":[]}"
20210314,2021-03-14,0.0,"{""type"":""MultiPoint"",""coordinates"":[]}"
20210315,2021-03-15,0.042254394666074835,"{""type"":""MultiPoint"",""coordinates"":[]}"
20210316,2021-03-16,0.0391106078811229,"{""type"":""MultiPoint"",""coordinates"":[]}"
20210317,2021-03-17,0.0,"{""type"":""MultiPoint"",""coordinates"":[]}"
20210318,2021-03-18,0.0,"{""type"":""MultiPoint"",""coordinates"":[]}"
20210319,2021-03-19,0.0,"{""type"":""MultiPoint"",""coordinates"":[]}"
20210320,2021-03-20,0.004938524988666696,"{""type"":""MultiPoint"",""coordinates"":[]}"
20210321,2021-03-21,0.020174785454279694,"{""type"":""MultiPoint"",""coordinates"":[]}"
20210322,2021-03-22,0.0,"{""type"":""MultiPoint"",""coordinates"":[]}"
20210323,2021-03-23,0.0,"{""type"":""MultiPoint"",""coordinates"":[]}"
20210324,2021-03-24,0.0,"{""type"":""MultiPoint"",""coordinates"":[]}"
20210325,2021-03-25,0.022373913056702933,"{""type"":""MultiPoint"",""coordinates"":[]}"
20210326,2021-03-26,0.0,"{""type"":""MultiPoint"",""coordinates"":[]}"
20210327,2021-03-27,0.007488783856943716,"{""type"":""MultiPoint"",""coordinates"":[]}"
20210328,2021-03-28,0.0,"{""type"":""MultiPoint"",""coordinates"":[]}"
20210329,2021-03-29,0.0,"{""type"":""MultiPoint"",""coordinates"":[]}"
20210330,2021-03-30,0.0,"{""type"":""MultiPoint"",""coordinates"":[]}"
20210331,2021-03-31,0.0,"{""type"":""MultiPoint"",""coordinates"":[]}"
20210401,2021-04-01,0.0,"{""type"":""MultiPoint"",""coordinates"":[]}"
20210402,2021-04-02,0.0,"{""type"":""MultiPoint"",""coordinates"":[]}"
20210403,2021-04-03,0.27374603516492857,"{""type"":""MultiPoint"",""coordinates"":[]}"
20210404,2021-04-04,0.0,"{""type"":""MultiPoint"",""coordinates"":[]}"
20210405,2021-04-05,2.583331958086121,"{""type"":""MultiPoint"",""coordinates"":[]}"
20210406,2021-04-06,4.5841058767948897E-4,"{""type"":""MultiPoint"",""coordinates"":[]}"
20210407,2021-04-07,0.0,"{""type"":""MultiPoint"",""coordinates"":[]}"
20210408,2021-04-08,0.004189863296184572,"{""type"":""MultiPoint"",""coordinates"":[]}"
20210409,2021-04-09,0.0029509863183639707,"{""type"":""MultiPoint"",""coordinates"":[]}"
20210410,2021-04-10,0.21451777789556442,"{""type"":""MultiPoint"",""coordinates"":[]}"
20210411,2021-04-11,0.0025131384358238647,"{""type"":""MultiPoint"",""coordinates"":[]}"
20210412,2021-04-12,2.0149833653399316,"{""type"":""MultiPoint"",""coordinates"":[]}"
20210413,2021-04-13,2.4239999998876782,"{""type"":""MultiPoint"",""coordinates"":[]}"
20210414,2021-04-14,3.1065393264507226,"{""type"":""MultiPoint"",""coordinates"":[]}"
20210415,2021-04-15,2.7242158156119642,"{""type"":""MultiPoint"",""coordinates"":[]}"
20210416,2021-04-16,0.0652798230236199,"{""type"":""MultiPoint"",""coordinates"":[]}"
20210417,2021-04-17,0.0,"{""type"":""MultiPoint"",""coordinates"":[]}"
20210418,2021-04-18,1.0821060283478767,"{""type"":""MultiPoint"",""coordinates"":[]}"
20210419,2021-04-19,0.006693208311424367,"{""type"":""MultiPoint"",""coordinates"":[]}"
20210420,2021-04-20,0.4333575626320763,"{""type"":""MultiPoint"",""coordinates"":[]}"
20210421,2021-04-21,2.202137752692473,"{""type"":""MultiPoint"",""coordinates"":[]}"
20210422,2021-04-22,4.156933012621204,"{""type"":""MultiPoint"",""coordinates"":[]}"
20210423,2021-04-23,7.3816658432230815,"{""type"":""MultiPoint"",""coordinates"":[]}"
20210424,2021-04-24,2.6241031923850913,"{""type"":""MultiPoint"",""coordinates"":[]}"
20210425,2021-04-25,0.05866920889434215,"{""type"":""MultiPoint"",""coordinates"":[]}"
20210426,2021-04-26,0.0,"{""type"":""MultiPoint"",""coordinates"":[]}"
20210427,2021-04-27,1.0310718650717396,"{""type"":""MultiPoint"",""coordinates"":[]}"
20210428,2021-04-28,0.6489364348849386,"{""type"":""MultiPoint"",""coordinates"":[]}"
20210429,2021-04-29,0.05642098536813323,"{""type"":""MultiPoint"",""coordinates"":[]}"
20210430,2021-04-30,0.0,"{""type"":""MultiPoint"",""coordinates"":[]}"
20210501,2021-05-01,0.0,"{""type"":""MultiPoint"",""coordinates"":[]}"
20210502,2021-05-02,0.7564481225779193,"{""type"":""MultiPoint"",""coordinates"":[]}"
20210503,2021-05-03,0.1287445537526717,"{""type"":""MultiPoint"",""coordinates"":[]}"
20210504,2021-05-04,1.4959290307518123,"{""type"":""MultiPoint"",""coordinates"":[]}"
20210505,2021-05-05,1.1613646182558517,"{""type"":""MultiPoint"",""coordinates"":[]}"
20210506,2021-05-06,0.0,"{""type"":""MultiPoint"",""coordinates"":[]}"
20210507,2021-05-07,2.687732281661545,"{""type"":""MultiPoint"",""coordinates"":[]}"
20210508,2021-05-08,1.974940762722894,"{""type"":""MultiPoint"",""coordinates"":[]}"
20210509,2021-05-09,0.3990255141395398,"{""type"":""MultiPoint"",""coordinates"":[]}"
20210510,2021-05-10,2.1906828907557756,"{""type"":""MultiPoint"",""coordinates"":[]}"
20210511,2021-05-11,7.882697784342836,"{""type"":""MultiPoint"",""coordinates"":[]}"
20210512,2021-05-12,0.0,"{""type"":""MultiPoint"",""coordinates"":[]}"
20210513,2021-05-13,4.192784940089718,"{""type"":""MultiPoint"",""coordinates"":[]}"
20210514,2021-05-14,1.2991588290161427,"{""type"":""MultiPoint"",""coordinates"":[]}"
20210515,2021-05-15,0.5674226189093741,"{""type"":""MultiPoint"",""coordinates"":[]}"
20210516,2021-05-16,1.9380455058946713,"{""type"":""MultiPoint"",""coordinates"":[]}"
20210517,2021-05-17,0.9790449646945548,"{""type"":""MultiPoint"",""coordinates"":[]}"
20210518,2021-05-18,0.0,"{""type"":""MultiPoint"",""coordinates"":[]}"
20210519,2021-05-19,0.0,"{""type"":""MultiPoint"",""coordinates"":[]}"
20210520,2021-05-20,0.8132963360134998,"{""type"":""MultiPoint"",""coordinates"":[]}"
20210521,2021-05-21,7.296090447065015,"{""type"":""MultiPoint"",""coordinates"":[]}"
20210522,2021-05-22,3.8787532764140202,"{""type"":""MultiPoint"",""coordinates"":[]}"
20210523,2021-05-23,0.47719690197294895,"{""type"":""MultiPoint"",""coordinates"":[]}"
20210524,2021-05-24,14.541758565827664,"{""type"":""MultiPoint"",""coordinates"":[]}"
20210525,2021-05-25,7.252970497796162,"{""type"":""MultiPoint"",""coordinates"":[]}"
20210526,2021-05-26,0.0,"{""type"":""MultiPoint"",""coordinates"":[]}"
20210527,2021-05-27,0.0,"{""type"":""MultiPoint"",""coordinates"":[]}"
20210528,2021-05-28,0.0,"{""type"":""MultiPoint"",""coordinates"":[]}"
20210529,2021-05-29,0.5022061061437674,"{""type"":""MultiPoint"",""coordinates"":[]}"
20210530,2021-05-30,0.0,"{""type"":""MultiPoint"",""coordinates"":[]}"
20210531,2021-05-31,9.114589479804662,"{""type"":""MultiPoint"",""coordinates"":[]}"
20210601,2021-06-01,2.360788821371356,"{""type"":""MultiPoint"",""coordinates"":[]}"
20210602,2021-06-02,2.6769548501554077,"{""type"":""MultiPoint"",""coordinates"":[]}"
20210603,2021-06-03,3.955142087180615,"{""type"":""MultiPoint"",""coordinates"":[]}"
20210604,2021-06-04,0.16292387725168195,"{""type"":""MultiPoint"",""coordinates"":[]}"
20210605,2021-06-05,0.0,"{""type"":""MultiPoint"",""coordinates"":[]}"
20210606,2021-06-06,0.14714325029535913,"{""type"":""MultiPoint"",""coordinates"":[]}"
20210607,2021-06-07,0.10260710380131438,"{""type"":""MultiPoint"",""coordinates"":[]}"
20210608,2021-06-08,4.354665930261324,"{""type"":""MultiPoint"",""coordinates"":[]}"
20210609,2021-06-09,0.7484294414893375,"{""type"":""MultiPoint"",""coordinates"":[]}"
20210610,2021-06-10,21.676846353474176,"{""type"":""MultiPoint"",""coordinates"":[]}"
20210611,2021-06-11,4.191170833516978,"{""type"":""MultiPoint"",""coordinates"":[]}"
20210612,2021-06-12,15.110572401859113,"{""type"":""MultiPoint"",""coordinates"":[]}"
20210613,2021-06-13,11.618068243466187,"{""type"":""MultiPoint"",""coordinates"":[]}"
20210614,2021-06-14,0.9282371760775742,"{""type"":""MultiPoint"",""coordinates"":[]}"
20210615,2021-06-15,0.19079272895601443,"{""type"":""MultiPoint"",""coordinates"":[]}"
20210616,2021-06-16,2.263890513134838,"{""type"":""MultiPoint"",""coordinates"":[]}"
20210617,2021-06-17,7.463052359729105,"{""type"":""MultiPoint"",""coordinates"":[]}"
20210618,2021-06-18,15.325586325938003,"{""type"":""MultiPoint"",""coordinates"":[]}"
20210619,2021-06-19,0.00978134932513066,"{""type"":""MultiPoint"",""coordinates"":[]}"
20210620,2021-06-20,0.12224983171851349,"{""type"":""MultiPoint"",""coordinates"":[]}"
20210621,2021-06-21,0.02083666573864817,"{""type"":""MultiPoint"",""coordinates"":[]}"
20210622,2021-06-22,6.106256899135753,"{""type"":""MultiPoint"",""coordinates"":[]}"
20210623,2021-06-23,5.315420841862769,"{""type"":""MultiPoint"",""coordinates"":[]}"
20210624,2021-06-24,0.45097783155933596,"{""type"":""MultiPoint"",""coordinates"":[]}"
20210625,2021-06-25,0.0,"{""type"":""MultiPoint"",""coordinates"":[]}"
20210626,2021-06-26,10.624179406468663,"{""type"":""MultiPoint"",""coordinates"":[]}"
20210627,2021-06-27,2.9123241674719034,"{""type"":""MultiPoint"",""coordinates"":[]}"
20210628,2021-06-28,0.0,"{""type"":""MultiPoint"",""coordinates"":[]}"
20210629,2021-06-29,0.011849544007792518,"{""type"":""MultiPoint"",""coordinates"":[]}"
20210630,2021-06-30,2.323649900291529,"{""type"":""MultiPoint"",""coordinates"":[]}"
20210701,2021-07-01,2.431338749951584,"{""type"":""MultiPoint"",""coordinates"":[]}"
20210702,2021-07-02,28.59493112469497,"{""type"":""MultiPoint"",""coordinates"":[]}"
20210703,2021-07-03,11.393996100021187,"{""type"":""MultiPoint"",""coordinates"":[]}"
20210704,2021-07-04,15.560750315399522,"{""type"":""MultiPoint"",""coordinates"":[]}"
20210705,2021-07-05,1.4833145312812686,"{""type"":""MultiPoint"",""coordinates"":[]}"
20210706,2021-07-06,4.9397047779622065,"{""type"":""MultiPoint"",""coordinates"":[]}"
20210707,2021-07-07,21.588400850570547,"{""type"":""MultiPoint"",""coordinates"":[]}"
20210708,2021-07-08,22.94177464520882,"{""type"":""MultiPoint"",""coordinates"":[]}"
20210709,2021-07-09,0.7930890018328439,"{""type"":""MultiPoint"",""coordinates"":[]}"
20210710,2021-07-10,5.852602555134905,"{""type"":""MultiPoint"",""coordinates"":[]}"
20210711,2021-07-11,20.817092214851648,"{""type"":""MultiPoint"",""coordinates"":[]}"
20210712,2021-07-12,12.100584516500255,"{""type"":""MultiPoint"",""coordinates"":[]}"
20210713,2021-07-13,26.61632758278482,"{""type"":""MultiPoint"",""coordinates"":[]}"
20210714,2021-07-14,1.5617131754395026,"{""type"":""MultiPoint"",""coordinates"":[]}"
20210715,2021-07-15,5.772861199601892,"{""type"":""MultiPoint"",""coordinates"":[]}"
20210716,2021-07-16,0.2515464487819718,"{""type"":""MultiPoint"",""coordinates"":[]}"
20210717,2021-07-17,0.2451361518589458,"{""type"":""MultiPoint"",""coordinates"":[]}"
20210718,2021-07-18,0.3192194955244761,"{""type"":""MultiPoint"",""coordinates"":[]}"
20210719,2021-07-19,7.58801854914577,"{""type"":""MultiPoint"",""coordinates"":[]}"
20210720,2021-07-20,29.772952892600117,"{""type"":""MultiPoint"",""coordinates"":[]}"
20210721,2021-07-21,22.38015906743339,"{""type"":""MultiPoint"",""coordinates"":[]}"
20210722,2021-07-22,2.7334874219467076,"{""type"":""MultiPoint"",""coordinates"":[]}"
20210723,2021-07-23,5.882931939205382,"{""type"":""MultiPoint"",""coordinates"":[]}"
20210724,2021-07-24,0.029306467788793162,"{""type"":""MultiPoint"",""coordinates"":[]}"
20210725,2021-07-25,10.147581508149186,"{""type"":""MultiPoint"",""coordinates"":[]}"
20210726,2021-07-26,1.4434478187732356,"{""type"":""MultiPoint"",""coordinates"":[]}"
20210727,2021-07-27,4.069857643561787,"{""type"":""MultiPoint"",""coordinates"":[]}"
20210728,2021-07-28,11.699083536104624,"{""type"":""MultiPoint"",""coordinates"":[]}"
20210729,2021-07-29,9.688517331120604,"{""type"":""MultiPoint"",""coordinates"":[]}"
20210730,2021-07-30,0.7025883074920215,"{""type"":""MultiPoint"",""coordinates"":[]}"
20210731,2021-07-31,0.08229042444328134,"{""type"":""MultiPoint"",""coordinates"":[]}"
20210801,2021-08-01,0.0,"{""type"":""MultiPoint"",""coordinates"":[]}"
20210802,2021-08-02,0.0,"{""type"":""MultiPoint"",""coordinates"":[]}"
20210803,2021-08-03,0.0,"{""type"":""MultiPoint"",""coordinates"":[]}"
20210804,2021-08-04,1.2516296495483539,"{""type"":""MultiPoint"",""coordinates"":[]}"
20210805,2021-08-05,0.24888472550866864,"{""type"":""MultiPoint"",""coordinates"":[]}"
20210806,2021-08-06,0.0,"{""type"":""MultiPoint"",""coordinates"":[]}"
20210807,2021-08-07,0.9654814884233761,"{""type"":""MultiPoint"",""coordinates"":[]}"
20210808,2021-08-08,0.24146864656159844,"{""type"":""MultiPoint"",""coordinates"":[]}"
20210809,2021-08-09,2.3244667680996765,"{""type"":""MultiPoint"",""coordinates"":[]}"
20210810,2021-08-10,8.82415509648682,"{""type"":""MultiPoint"",""coordinates"":[]}"
20210811,2021-08-11,0.8308646507660892,"{""type"":""MultiPoint"",""coordinates"":[]}"
20210812,2021-08-12,24.273746793272068,"{""type"":""MultiPoint"",""coordinates"":[]}"
20210813,2021-08-13,26.69141499110547,"{""type"":""MultiPoint"",""coordinates"":[]}"
20210814,2021-08-14,17.040475501085908,"{""type"":""MultiPoint"",""coordinates"":[]}"
20210815,2021-08-15,33.16034259411262,"{""type"":""MultiPoint"",""coordinates"":[]}"
20210816,2021-08-16,16.345862327473032,"{""type"":""MultiPoint"",""coordinates"":[]}"
20210817,2021-08-17,16.716826233418953,"{""type"":""MultiPoint"",""coordinates"":[]}"
20210818,2021-08-18,7.912313561463271,"{""type"":""MultiPoint"",""coordinates"":[]}"
20210819,2021-08-19,14.745317287516963,"{""type"":""MultiPoint"",""coordinates"":[]}"
20210820,2021-08-20,15.350943863750542,"{""type"":""MultiPoint"",""coordinates"":[]}"
20210821,2021-08-21,6.526969593387221,"{""type"":""MultiPoint"",""coordinates"":[]}"
20210822,2021-08-22,2.5106610458941754,"{""type"":""MultiPoint"",""coordinates"":[]}"
20210823,2021-08-23,0.7873254844863795,"{""type"":""MultiPoint"",""coordinates"":[]}"
20210824,2021-08-24,1.1540602096900339,"{""type"":""MultiPoint"",""coordinates"":[]}"
20210825,2021-08-25,16.029790128808447,"{""type"":""MultiPoint"",""coordinates"":[]}"
20210826,2021-08-26,5.88410887642475,"{""type"":""MultiPoint"",""coordinates"":[]}"
20210827,2021-08-27,28.823619310271898,"{""type"":""MultiPoint"",""coordinates"":[]}"
20210828,2021-08-28,6.114854476169625,"{""type"":""MultiPoint"",""coordinates"":[]}"
20210829,2021-08-29,3.1082006563610944,"{""type"":""MultiPoint"",""coordinates"":[]}"
20210830,2021-08-30,5.234737100041845,"{""type"":""MultiPoint"",""coordinates"":[]}"
20210831,2021-08-31,7.194789207048137,"{""type"":""MultiPoint"",""coordinates"":[]}"
20210901,2021-09-01,4.844497781914054,"{""type"":""MultiPoint"",""coordinates"":[]}"
20210902,2021-09-02,3.5307686559324036,"{""type"":""MultiPoint"",""coordinates"":[]}"
20210903,2021-09-03,5.206275349121157,"{""type"":""MultiPoint"",""coordinates"":[]}"
20210904,2021-09-04,4.454668792192878,"{""type"":""MultiPoint"",""coordinates"":[]}"
20210905,2021-09-05,26.26998891935336,"{""type"":""MultiPoint"",""coordinates"":[]}"
20210906,2021-09-06,42.58684137265912,"{""type"":""MultiPoint"",""coordinates"":[]}"
20210907,2021-09-07,8.419899692208329,"{""type"":""MultiPoint"",""coordinates"":[]}"
20210908,2021-09-08,3.8195738638707804,"{""type"":""MultiPoint"",""coordinates"":[]}"
20210909,2021-09-09,11.305644500525965,"{""type"":""MultiPoint"",""coordinates"":[]}"
20210910,2021-09-10,34.86935842339108,"{""type"":""MultiPoint"",""coordinates"":[]}"
20210911,2021-09-11,3.156400930295822,"{""type"":""MultiPoint"",""coordinates"":[]}"
20210912,2021-09-12,10.727846886935152,"{""type"":""MultiPoint"",""coordinates"":[]}"
20210913,2021-09-13,5.938744548840157,"{""type"":""MultiPoint"",""coordinates"":[]}"
20210914,2021-09-14,11.287571055930277,"{""type"":""MultiPoint"",""coordinates"":[]}"
20210915,2021-09-15,3.29444747851596,"{""type"":""MultiPoint"",""coordinates"":[]}"
20210916,2021-09-16,0.6426254978057806,"{""type"":""MultiPoint"",""coordinates"":[]}"
20210917,2021-09-17,3.2739253241667603,"{""type"":""MultiPoint"",""coordinates"":[]}"
20210918,2021-09-18,2.2671481693851736,"{""type"":""MultiPoint"",""coordinates"":[]}"
20210919,2021-09-19,12.720877882260783,"{""type"":""MultiPoint"",""coordinates"":[]}"
20210920,2021-09-20,5.686848037387774,"{""type"":""MultiPoint"",""coordinates"":[]}"
20210921,2021-09-21,4.279559349356323,"{""type"":""MultiPoint"",""coordinates"":[]}"
20210922,2021-09-22,7.7754173715375945,"{""type"":""MultiPoint"",""coordinates"":[]}"
20210923,2021-09-23,9.90856000260082,"{""type"":""MultiPoint"",""coordinates"":[]}"
20210924,2021-09-24,4.370783567376038,"{""type"":""MultiPoint"",""coordinates"":[]}"
20210925,2021-09-25,8.575354304619296,"{""type"":""MultiPoint"",""coordinates"":[]}"
20210926,2021-09-26,44.48400846600005,"{""type"":""MultiPoint"",""coordinates"":[]}"
20210927,2021-09-27,29.104051556291157,"{""type"":""MultiPoint"",""coordinates"":[]}"
20210928,2021-09-28,16.7829396763431,"{""type"":""MultiPoint"",""coordinates"":[]}"
20210929,2021-09-29,4.039366842753494,"{""type"":""MultiPoint"",""coordinates"":[]}"
20210930,2021-09-30,3.550268148939219,"{""type"":""MultiPoint"",""coordinates"":[]}"
20211001,2021-10-01,0.0,"{""type"":""MultiPoint"",""coordinates"":[]}"
20211002,2021-10-02,0.01675675693015798,"{""type"":""MultiPoint"",""coordinates"":[]}"
20211003,2021-10-03,2.187578310037706,"{""type"":""MultiPoint"",""coordinates"":[]}"
20211004,2021-10-04,3.8858313821480337,"{""type"":""MultiPoint"",""coordinates"":[]}"
20211005,2021-10-05,0.883349531238512,"{""type"":""MultiPoint"",""coordinates"":[]}"
20211006,2021-10-06,1.648256352370873,"{""type"":""MultiPoint"",""coordinates"":[]}"
20211007,2021-10-07,1.1934992856373356,"{""type"":""MultiPoint"",""coordinates"":[]}"
20211008,2021-10-08,2.843279635547034,"{""type"":""MultiPoint"",""coordinates"":[]}"
20211009,2021-10-09,17.045856276772195,"{""type"":""MultiPoint"",""coordinates"":[]}"
20211010,2021-10-10,7.654613120867659,"{""type"":""MultiPoint"",""coordinates"":[]}"
20211011,2021-10-11,0.062366738739069186,"{""type"":""MultiPoint"",""coordinates"":[]}"
20211012,2021-10-12,1.8798110573020996,"{""type"":""MultiPoint"",""coordinates"":[]}"
20211013,2021-10-13,1.9878042832142748,"{""type"":""MultiPoint"",""coordinates"":[]}"
20211014,2021-10-14,5.961585990476464,"{""type"":""MultiPoint"",""coordinates"":[]}"
20211015,2021-10-15,19.707382926910658,"{""type"":""MultiPoint"",""coordinates"":[]}"
20211016,2021-10-16,29.325054977366296,"{""type"":""MultiPoint"",""coordinates"":[]}"
20211017,2021-10-17,8.70649429998692,"{""type"":""MultiPoint"",""coordinates"":[]}"
20211018,2021-10-18,6.720118075603298,"{""type"":""MultiPoint"",""coordinates"":[]}"
20211019,2021-10-19,12.65106000683549,"{""type"":""MultiPoint"",""coordinates"":[]}"
20211020,2021-10-20,10.067284656928377,"{""type"":""MultiPoint"",""coordinates"":[]}"
20211021,2021-10-21,1.2505528453364962,"{""type"":""MultiPoint"",""coordinates"":[]}"
20211022,2021-10-22,3.5249954440847078,"{""type"":""MultiPoint"",""coordinates"":[]}"
20211023,2021-10-23,28.922281500145964,"{""type"":""MultiPoint"",""coordinates"":[]}"
20211024,2021-10-24,2.286506731926525,"{""type"":""MultiPoint"",""coordinates"":[]}"
20211025,2021-10-25,0.0,"{""type"":""MultiPoint"",""coordinates"":[]}"
20211026,2021-10-26,0.0,"{""type"":""MultiPoint"",""coordinates"":[]}"
20211027,2021-10-27,0.0,"{""type"":""MultiPoint"",""coordinates"":[]}"
20211028,2021-10-28,4.296257358758837,"{""type"":""MultiPoint"",""coordinates"":[]}"
20211029,2021-10-29,7.998141161465697,"{""type"":""MultiPoint"",""coordinates"":[]}"
20211030,2021-10-30,9.212054478885424,"{""type"":""MultiPoint"",""coordinates"":[]}"
20211031,2021-10-31,1.0279701986501841,"{""type"":""MultiPoint"",""coordinates"":[]}"
20211101,2021-11-01,18.76849132927477,"{""type"":""MultiPoint"",""coordinates"":[]}"
20211102,2021-11-02,9.965016145903139,"{""type"":""MultiPoint"",""coordinates"":[]}"
20211103,2021-11-03,2.530222961981394,"{""type"":""MultiPoint"",""coordinates"":[]}"
20211104,2021-11-04,3.8381798190377325,"{""type"":""MultiPoint"",""coordinates"":[]}"
20211105,2021-11-05,4.886305280484176,"{""type"":""MultiPoint"",""coordinates"":[]}"
20211106,2021-11-06,1.7611373142115765,"{""type"":""MultiPoint"",""coordinates"":[]}"
20211107,2021-11-07,4.6103886267764675,"{""type"":""MultiPoint"",""coordinates"":[]}"
20211108,2021-11-08,0.0,"{""type"":""MultiPoint"",""coordinates"":[]}"
20211109,2021-11-09,1.7044077060077014,"{""type"":""MultiPoint"",""coordinates"":[]}"
20211110,2021-11-10,7.47951455558384,"{""type"":""MultiPoint"",""coordinates"":[]}"
20211111,2021-11-11,14.378754654492761,"{""type"":""MultiPoint"",""coordinates"":[]}"
20211112,2021-11-12,30.738941449207186,"{""type"":""MultiPoint"",""coordinates"":[]}"
20211113,2021-11-13,9.122721924384306,"{""type"":""MultiPoint"",""coordinates"":[]}"
20211114,2021-11-14,2.052152155350525,"{""type"":""MultiPoint"",""coordinates"":[]}"
20211115,2021-11-15,2.14381494953591,"{""type"":""MultiPoint"",""coordinates"":[]}"
20211116,2021-11-16,0.08590296165904629,"{""type"":""MultiPoint"",""coordinates"":[]}"
20211117,2021-11-17,1.9747800330629743,"{""type"":""MultiPoint"",""coordinates"":[]}"
20211118,2021-11-18,16.470955901402505,"{""type"":""MultiPoint"",""coordinates"":[]}"
20211119,2021-11-19,31.4177532226945,"{""type"":""MultiPoint"",""coordinates"":[]}"
20211120,2021-11-20,1.9307663884077044,"{""type"":""MultiPoint"",""coordinates"":[]}"
20211121,2021-11-21,1.0765770974790172,"{""type"":""MultiPoint"",""coordinates"":[]}"
20211122,2021-11-22,5.118418274729499,"{""type"":""MultiPoint"",""coordinates"":[]}"
20211123,2021-11-23,6.550355963193655,"{""type"":""MultiPoint"",""coordinates"":[]}"
20211124,2021-11-24,0.05757376060342062,"{""type"":""MultiPoint"",""coordinates"":[]}"
20211125,2021-11-25,0.8212853288678894,"{""type"":""MultiPoint"",""coordinates"":[]}"
20211126,2021-11-26,0.0,"{""type"":""MultiPoint"",""coordinates"":[]}"
20211127,2021-11-27,2.351997525453037,"{""type"":""MultiPoint"",""coordinates"":[]}"
20211128,2021-11-28,17.288541689661944,"{""type"":""MultiPoint"",""coordinates"":[]}"
20211129,2021-11-29,4.142757951287078E-4,"{""type"":""MultiPoint"",""coordinates"":[]}"
20211130,2021-11-30,0.0,"{""type"":""MultiPoint"",""coordinates"":[]}"
20211201,2021-12-01,0.0,"{""type"":""MultiPoint"",""coordinates"":[]}"
20211202,2021-12-02,0.13524126208806764,"{""type"":""MultiPoint"",""coordinates"":[]}"
20211203,2021-12-03,6.141139769339207,"{""type"":""MultiPoint"",""coordinates"":[]}"
20211204,2021-12-04,0.369623905786978,"{""type"":""MultiPoint"",""coordinates"":[]}"
20211205,2021-12-05,0.00778860260489157,"{""type"":""MultiPoint"",""coordinates"":[]}"
20211206,2021-12-06,0.0,"{""type"":""MultiPoint"",""coordinates"":[]}"
20211207,2021-12-07,0.0,"{""type"":""MultiPoint"",""coordinates"":[]}"
20211208,2021-12-08,0.0,"{""type"":""MultiPoint"",""coordinates"":[]}"
20211209,2021-12-09,0.0,"{""type"":""MultiPoint"",""coordinates"":[]}"
20211210,2021-12-10,0.0,"{""type"":""MultiPoint"",""coordinates"":[]}"
20211211,2021-12-11,0.0,"{""type"":""MultiPoint"",""coordinates"":[]}"
20211212,2021-12-12,0.0,"{""type"":""MultiPoint"",""coordinates"":[]}"
20211213,2021-12-13,0.0,"{""type"":""MultiPoint"",""coordinates"":[]}"
20211214,2021-12-14,0.0,"{""type"":""MultiPoint"",""coordinates"":[]}"
20211215,2021-12-15,0.0,"{""type"":""MultiPoint"",""coordinates"":[]}"
20211216,2021-12-16,0.0,"{""type"":""MultiPoint"",""coordinates"":[]}"
20211217,2021-12-17,0.0,"{""type"":""MultiPoint"",""coordinates"":[]}"
20211218,2021-12-18,0.0,"{""type"":""MultiPoint"",""coordinates"":[]}"
20211219,2021-12-19,0.0,"{""type"":""MultiPoint"",""coordinates"":[]}"
20211220,2021-12-20,0.0,"{""type"":""MultiPoint"",""coordinates"":[]}"
20211221,2021-12-21,0.0,"{""type"":""MultiPoint"",""coordinates"":[]}"
20211222,2021-12-22,0.0,"{""type"":""MultiPoint"",""coordinates"":[]}"
20211223,2021-12-23,0.0,"{""type"":""MultiPoint"",""coordinates"":[]}"
20211224,2021-12-24,0.029437131393935605,"{""type"":""MultiPoint"",""coordinates"":[]}"
20211225,2021-12-25,0.0,"{""type"":""MultiPoint"",""coordinates"":[]}"
20211226,2021-12-26,0.0,"{""type"":""MultiPoint"",""coordinates"":[]}"
20211227,2021-12-27,0.0,"{""type"":""MultiPoint"",""coordinates"":[]}"
20211228,2021-12-28,0.0,"{""type"":""MultiPoint"",""coordinates"":[]}"
20211229,2021-12-29,0.0,"{""type"":""MultiPoint"",""coordinates"":[]}"
20211230,2021-12-30,0.0,"{""type"":""MultiPoint"",""coordinates"":[]}"
20211231,2021-12-31,0.0,"{""type"":""MultiPoint"",""coordinates"":[]}"
20220101,2022-01-01,0.0,"{""type"":""MultiPoint"",""coordinates"":[]}"
20220102,2022-01-02,3.9909564329740252,"{""type"":""MultiPoint"",""coordinates"":[]}"
20220103,2022-01-03,0.09383993916678757,"{""type"":""MultiPoint"",""coordinates"":[]}"
20220104,2022-01-04,0.0,"{""type"":""MultiPoint"",""coordinates"":[]}"
20220105,2022-01-05,0.0,"{""type"":""MultiPoint"",""coordinates"":[]}"
20220106,2022-01-06,0.0,"{""type"":""MultiPoint"",""coordinates"":[]}"
20220107,2022-01-07,0.0,"{""type"":""MultiPoint"",""coordinates"":[]}"
20220108,2022-01-08,0.0,"{""type"":""MultiPoint"",""coordinates"":[]}"
20220109,2022-01-09,0.5274214584655215,"{""type"":""MultiPoint"",""coordinates"":[]}"
20220110,2022-01-10,3.7680482618493834,"{""type"":""MultiPoint"",""coordinates"":[]}"
20220111,2022-01-11,0.0,"{""type"":""MultiPoint"",""coordinates"":[]}"
20220112,2022-01-12,0.0,"{""type"":""MultiPoint"",""coordinates"":[]}"
20220113,2022-01-13,0.0,"{""type"":""MultiPoint"",""coordinates"":[]}"
20220114,2022-01-14,0.0963239654270988,"{""type"":""MultiPoint"",""coordinates"":[]}"
20220115,2022-01-15,0.0,"{""type"":""MultiPoint"",""coordinates"":[]}"
20220116,2022-01-16,1.0346053160795836,"{""type"":""MultiPoint"",""coordinates"":[]}"
20220117,2022-01-17,0.0,"{""type"":""MultiPoint"",""coordinates"":[]}"
20220118,2022-01-18,0.0,"{""type"":""MultiPoint"",""coordinates"":[]}"
20220119,2022-01-19,0.0,"{""type"":""MultiPoint"",""coordinates"":[]}"
20220120,2022-01-20,0.0,"{""type"":""MultiPoint"",""coordinates"":[]}"
20220121,2022-01-21,0.0,"{""type"":""MultiPoint"",""coordinates"":[]}"
20220122,2022-01-22,0.0,"{""type"":""MultiPoint"",""coordinates"":[]}"
20220123,2022-01-23,0.0,"{""type"":""MultiPoint"",""coordinates"":[]}"
20220124,2022-01-24,0.0,"{""type"":""MultiPoint"",""coordinates"":[]}"
20220125,2022-01-25,0.0,"{""type"":""MultiPoint"",""coordinates"":[]}"
20220126,2022-01-26,0.6211379203564324,"{""type"":""MultiPoint"",""coordinates"":[]}"
20220127,2022-01-27,0.0,"{""type"":""MultiPoint"",""coordinates"":[]}"
20220128,2022-01-28,0.0,"{""type"":""MultiPoint"",""coordinates"":[]}"
20220129,2022-01-29,0.0,"{""type"":""MultiPoint"",""coordinates"":[]}"
20220130,2022-01-30,0.0,"{""type"":""MultiPoint"",""coordinates"":[]}"
20220131,2022-01-31,0.0,"{""type"":""MultiPoint"",""coordinates"":[]}"
20220201,2022-02-01,0.0,"{""type"":""MultiPoint"",""coordinates"":[]}"
20220202,2022-02-02,0.0,"{""type"":""MultiPoint"",""coordinates"":[]}"
20220203,2022-02-03,0.0,"{""type"":""MultiPoint"",""coordinates"":[]}"
20220204,2022-02-04,2.1326530718415064,"{""type"":""MultiPoint"",""coordinates"":[]}"
20220205,2022-02-05,0.0,"{""type"":""MultiPoint"",""coordinates"":[]}"
20220206,2022-02-06,0.13321440629093706,"{""type"":""MultiPoint"",""coordinates"":[]}"
20220207,2022-02-07,0.003266045382388141,"{""type"":""MultiPoint"",""coordinates"":[]}"
20220208,2022-02-08,0.06309029061419752,"{""type"":""MultiPoint"",""coordinates"":[]}"
20220209,2022-02-09,1.1972367424355213,"{""type"":""MultiPoint"",""coordinates"":[]}"
20220210,2022-02-10,0.2830154136105384,"{""type"":""MultiPoint"",""coordinates"":[]}"
20220211,2022-02-11,0.0,"{""type"":""MultiPoint"",""coordinates"":[]}"
20220212,2022-02-12,0.0,"{""type"":""MultiPoint"",""coordinates"":[]}"
20220213,2022-02-13,0.0,"{""type"":""MultiPoint"",""coordinates"":[]}"
20220214,2022-02-14,0.0,"{""type"":""MultiPoint"",""coordinates"":[]}"
20220215,2022-02-15,0.0,"{""type"":""MultiPoint"",""coordinates"":[]}"
20220216,2022-02-16,0.0,"{""type"":""MultiPoint"",""coordinates"":[]}"
20220217,2022-02-17,2.4335145629756364E-4,"{""type"":""MultiPoint"",""coordinates"":[]}"
20220218,2022-02-18,0.9178312176207047,"{""type"":""MultiPoint"",""coordinates"":[]}"
20220219,2022-02-19,1.606134610829927,"{""type"":""MultiPoint"",""coordinates"":[]}"
20220220,2022-02-20,0.5320495719614755,"{""type"":""MultiPoint"",""coordinates"":[]}"
20220221,2022-02-21,0.0,"{""type"":""MultiPoint"",""coordinates"":[]}"
20220222,2022-02-22,0.0,"{""type"":""MultiPoint"",""coordinates"":[]}"
20220223,2022-02-23,0.2769824709464824,"{""type"":""MultiPoint"",""coordinates"":[]}"
20220224,2022-02-24,0.0,"{""type"":""MultiPoint"",""coordinates"":[]}"
20220225,2022-02-25,0.0836419095129945,"{""type"":""MultiPoint"",""coordinates"":[]}"
20220226,2022-02-26,0.0,"{""type"":""MultiPoint"",""coordinates"":[]}"
20220227,2022-02-27,0.0,"{""type"":""MultiPoint"",""coordinates"":[]}"
20220228,2022-02-28,0.0,"{""type"":""MultiPoint"",""coordinates"":[]}"
20220301,2022-03-01,0.0,"{""type"":""MultiPoint"",""coordinates"":[]}"
20220302,2022-03-02,0.0,"{""type"":""MultiPoint"",""coordinates"":[]}"
20220303,2022-03-03,0.0,"{""type"":""MultiPoint"",""coordinates"":[]}"
20220304,2022-03-04,0.011919749550618763,"{""type"":""MultiPoint"",""coordinates"":[]}"
20220305,2022-03-05,0.0,"{""type"":""MultiPoint"",""coordinates"":[]}"
20220306,2022-03-06,0.031431663181912685,"{""type"":""MultiPoint"",""coordinates"":[]}"
20220307,2022-03-07,0.0,"{""type"":""MultiPoint"",""coordinates"":[]}"
20220308,2022-03-08,0.0,"{""type"":""MultiPoint"",""coordinates"":[]}"
20220309,2022-03-09,0.0,"{""type"":""MultiPoint"",""coordinates"":[]}"
20220310,2022-03-10,0.0,"{""type"":""MultiPoint"",""coordinates"":[]}"
20220311,2022-03-11,0.0,"{""type"":""MultiPoint"",""coordinates"":[]}"
20220312,2022-03-12,0.013248260938907632,"{""type"":""MultiPoint"",""coordinates"":[]}"
20220313,2022-03-13,0.21308688182260538,"{""type"":""MultiPoint"",""coordinates"":[]}"
20220314,2022-03-14,0.0,"{""type"":""MultiPoint"",""coordinates"":[]}"
20220315,2022-03-15,0.0,"{""type"":""MultiPoint"",""coordinates"":[]}"
20220316,2022-03-16,0.0,"{""type"":""MultiPoint"",""coordinates"":[]}"
20220317,2022-03-17,0.0,"{""type"":""MultiPoint"",""coordinates"":[]}"
20220318,2022-03-18,0.0,"{""type"":""MultiPoint"",""coordinates"":[]}"
20220319,2022-03-19,0.0,"{""type"":""MultiPoint"",""coordinates"":[]}"
20220320,2022-03-20,0.0,"{""type"":""MultiPoint"",""coordinates"":[]}"
20220321,2022-03-21,2.404839237414101,"{""type"":""MultiPoint"",""coordinates"":[]}"
20220322,2022-03-22,0.734730867867736,"{""type"":""MultiPoint"",""coordinates"":[]}"
20220323,2022-03-23,0.5704435620506778,"{""type"":""MultiPoint"",""coordinates"":[]}"
20220324,2022-03-24,0.025848201800560393,"{""type"":""MultiPoint"",""coordinates"":[]}"
20220325,2022-03-25,0.15142068194151168,"{""type"":""MultiPoint"",""coordinates"":[]}"
20220326,2022-03-26,0.0,"{""type"":""MultiPoint"",""coordinates"":[]}"
20220327,2022-03-27,0.0,"{""type"":""MultiPoint"",""coordinates"":[]}"
20220328,2022-03-28,0.0,"{""type"":""MultiPoint"",""coordinates"":[]}"
20220329,2022-03-29,0.0,"{""type"":""MultiPoint"",""coordinates"":[]}"
20220330,2022-03-30,0.0,"{""type"":""MultiPoint"",""coordinates"":[]}"
20220331,2022-03-31,0.0,"{""type"":""MultiPoint"",""coordinates"":[]}"
20220401,2022-04-01,0.0,"{""type"":""MultiPoint"",""coordinates"":[]}"
20220402,2022-04-02,0.08733976361636946,"{""type"":""MultiPoint"",""coordinates"":[]}"
20220403,2022-04-03,0.4691495463659669,"{""type"":""MultiPoint"",""coordinates"":[]}"
20220404,2022-04-04,0.003956519468809843,"{""type"":""MultiPoint"",""coordinates"":[]}"
20220405,2022-04-05,0.21468340866560826,"{""type"":""MultiPoint"",""coordinates"":[]}"
20220406,2022-04-06,0.0,"{""type"":""MultiPoint"",""coordinates"":[]}"
20220407,2022-04-07,0.01450676943674668,"{""type"":""MultiPoint"",""coordinates"":[]}"
20220408,2022-04-08,0.0,"{""type"":""MultiPoint"",""coordinates"":[]}"
20220409,2022-04-09,0.27742865651891274,"{""type"":""MultiPoint"",""coordinates"":[]}"
20220410,2022-04-10,0.8523485987505526,"{""type"":""MultiPoint"",""coordinates"":[]}"
20220411,2022-04-11,0.0,"{""type"":""MultiPoint"",""coordinates"":[]}"
20220412,2022-04-12,0.03942414952747545,"{""type"":""MultiPoint"",""coordinates"":[]}"
20220413,2022-04-13,0.0,"{""type"":""MultiPoint"",""coordinates"":[]}"
20220414,2022-04-14,0.018512902101858394,"{""type"":""MultiPoint"",""coordinates"":[]}"
20220415,2022-04-15,0.008237614901554712,"{""type"":""MultiPoint"",""coordinates"":[]}"
20220416,2022-04-16,0.023317204744274716,"{""type"":""MultiPoint"",""coordinates"":[]}"
20220417,2022-04-17,0.0,"{""type"":""MultiPoint"",""coordinates"":[]}"
20220418,2022-04-18,0.797837045712829,"{""type"":""MultiPoint"",""coordinates"":[]}"
20220419,2022-04-19,2.6225869809439026,"{""type"":""MultiPoint"",""coordinates"":[]}"
20220420,2022-04-20,0.011870399965839811,"{""type"":""MultiPoint"",""coordinates"":[]}"
20220421,2022-04-21,0.05426095003080001,"{""type"":""MultiPoint"",""coordinates"":[]}"
20220422,2022-04-22,0.0,"{""type"":""MultiPoint"",""coordinates"":[]}"
20220423,2022-04-23,0.0,"{""type"":""MultiPoint"",""coordinates"":[]}"
20220424,2022-04-24,0.038257223308833944,"{""type"":""MultiPoint"",""coordinates"":[]}"
20220425,2022-04-25,3.34075752608535,"{""type"":""MultiPoint"",""coordinates"":[]}"
20220426,2022-04-26,0.0,"{""type"":""MultiPoint"",""coordinates"":[]}"
20220427,2022-04-27,1.22139326320678,"{""type"":""MultiPoint"",""coordinates"":[]}"
20220428,2022-04-28,0.6138798543040513,"{""type"":""MultiPoint"",""coordinates"":[]}"
20220429,2022-04-29,0.0,"{""type"":""MultiPoint"",""coordinates"":[]}"
20220430,2022-04-30,0.0,"{""type"":""MultiPoint"",""coordinates"":[]}"
20220501,2022-05-01,0.8019746040824431,"{""type"":""MultiPoint"",""coordinates"":[]}"
20220502,2022-05-02,0.442761965666011,"{""type"":""MultiPoint"",""coordinates"":[]}"
20220503,2022-05-03,5.521011926624453,"{""type"":""MultiPoint"",""coordinates"":[]}"
20220504,2022-05-04,0.0,"{""type"":""MultiPoint"",""coordinates"":[]}"
20220505,2022-05-05,5.209834277670581,"{""type"":""MultiPoint"",""coordinates"":[]}"
20220506,2022-05-06,1.3962260525054602,"{""type"":""MultiPoint"",""coordinates"":[]}"
20220507,2022-05-07,0.0,"{""type"":""MultiPoint"",""coordinates"":[]}"
20220508,2022-05-08,0.9496717571571103,"{""type"":""MultiPoint"",""coordinates"":[]}"
20220509,2022-05-09,0.4322993894390493,"{""type"":""MultiPoint"",""coordinates"":[]}"
20220510,2022-05-10,6.126204098920281,"{""type"":""MultiPoint"",""coordinates"":[]}"
20220511,2022-05-11,26.60079567857383,"{""type"":""MultiPoint"",""coordinates"":[]}"
20220512,2022-05-12,3.2176551664741897,"{""type"":""MultiPoint"",""coordinates"":[]}"
20220513,2022-05-13,0.0,"{""type"":""MultiPoint"",""coordinates"":[]}"
20220514,2022-05-14,0.15747582793417086,"{""type"":""MultiPoint"",""coordinates"":[]}"
20220515,2022-05-15,0.0,"{""type"":""MultiPoint"",""coordinates"":[]}"
20220516,2022-05-16,0.07557672104407433,"{""type"":""MultiPoint"",""coordinates"":[]}"
20220517,2022-05-17,1.3177142846539394,"{""type"":""MultiPoint"",""coordinates"":[]}"
20220518,2022-05-18,1.4758851006283866,"{""type"":""MultiPoint"",""coordinates"":[]}"
20220519,2022-05-19,1.3976992430892219,"{""type"":""MultiPoint"",""coordinates"":[]}"
20220520,2022-05-20,0.0,"{""type"":""MultiPoint"",""coordinates"":[]}"
20220521,2022-05-21,0.0,"{""type"":""MultiPoint"",""coordinates"":[]}"
20220522,2022-05-22,0.0,"{""type"":""MultiPoint"",""coordinates"":[]}"
20220523,2022-05-23,0.0,"{""type"":""MultiPoint"",""coordinates"":[]}"
20220524,2022-05-24,8.970269846777994,"{""type"":""MultiPoint"",""coordinates"":[]}"
20220525,2022-05-25,1.0902235217620881,"{""type"":""MultiPoint"",""coordinates"":[]}"
20220526,2022-05-26,2.556679954677319,"{""type"":""MultiPoint"",""coordinates"":[]}"
20220527,2022-05-27,8.487890507556953,"{""type"":""MultiPoint"",""coordinates"":[]}"
20220528,2022-05-28,0.0,"{""type"":""MultiPoint"",""coordinates"":[]}"
20220529,2022-05-29,0.0,"{""type"":""MultiPoint"",""coordinates"":[]}"
20220530,2022-05-30,0.0,"{""type"":""MultiPoint"",""coordinates"":[]}"
20220531,2022-05-31,0.0,"{""type"":""MultiPoint"",""coordinates"":[]}"
20220601,2022-06-01,0.21281445434915958,"{""type"":""MultiPoint"",""coordinates"":[]}"
20220602,2022-06-02,0.0,"{""type"":""MultiPoint"",""coordinates"":[]}"
20220603,2022-06-03,0.23669099303249777,"{""type"":""MultiPoint"",""coordinates"":[]}"
20220604,2022-06-04,0.0,"{""type"":""MultiPoint"",""coordinates"":[]}"
20220605,2022-06-05,0.0021640596013715644,"{""type"":""MultiPoint"",""coordinates"":[]}"
20220606,2022-06-06,11.29179206077663,"{""type"":""MultiPoint"",""coordinates"":[]}"
20220607,2022-06-07,0.0,"{""type"":""MultiPoint"",""coordinates"":[]}"
20220608,2022-06-08,0.0,"{""type"":""MultiPoint"",""coordinates"":[]}"
20220609,2022-06-09,1.2539750283000233,"{""type"":""MultiPoint"",""coordinates"":[]}"
20220610,2022-06-10,7.6892768960776925,"{""type"":""MultiPoint"",""coordinates"":[]}"
20220611,2022-06-11,6.171826009606483,"{""type"":""MultiPoint"",""coordinates"":[]}"
20220612,2022-06-12,1.0946899794946816,"{""type"":""MultiPoint"",""coordinates"":[]}"
20220613,2022-06-13,1.3221168646934573,"{""type"":""MultiPoint"",""coordinates"":[]}"
20220614,2022-06-14,0.23635056058952036,"{""type"":""MultiPoint"",""coordinates"":[]}"
20220615,2022-06-15,3.0664113283120558,"{""type"":""MultiPoint"",""coordinates"":[]}"
20220616,2022-06-16,2.155833727982337,"{""type"":""MultiPoint"",""coordinates"":[]}"
20220617,2022-06-17,2.6330900730422275,"{""type"":""MultiPoint"",""coordinates"":[]}"
20220618,2022-06-18,2.687829412616331,"{""type"":""MultiPoint"",""coordinates"":[]}"
20220619,2022-06-19,3.0476984570852728,"{""type"":""MultiPoint"",""coordinates"":[]}"
20220620,2022-06-20,2.980396107783785,"{""type"":""MultiPoint"",""coordinates"":[]}"
20220621,2022-06-21,15.25038495441414,"{""type"":""MultiPoint"",""coordinates"":[]}"
20220622,2022-06-22,5.03575654783848,"{""type"":""MultiPoint"",""coordinates"":[]}"
20220623,2022-06-23,3.5414092278353895,"{""type"":""MultiPoint"",""coordinates"":[]}"
20220624,2022-06-24,14.717575440615644,"{""type"":""MultiPoint"",""coordinates"":[]}"
20220625,2022-06-25,16.35538964149733,"{""type"":""MultiPoint"",""coordinates"":[]}"
20220626,2022-06-26,16.563645267946935,"{""type"":""MultiPoint"",""coordinates"":[]}"
20220627,2022-06-27,6.11466028180121,"{""type"":""MultiPoint"",""coordinates"":[]}"
20220628,2022-06-28,12.074146441537422,"{""type"":""MultiPoint"",""coordinates"":[]}"
20220629,2022-06-29,0.7106015963578451,"{""type"":""MultiPoint"",""coordinates"":[]}"
20220630,2022-06-30,3.182384812731245,"{""type"":""MultiPoint"",""coordinates"":[]}"
20220701,2022-07-01,9.212044463252985,"{""type"":""MultiPoint"",""coordinates"":[]}"
20220702,2022-07-02,12.981391181108984,"{""type"":""MultiPoint"",""coordinates"":[]}"
20220703,2022-07-03,13.97232717321471,"{""type"":""MultiPoint"",""coordinates"":[]}"
20220704,2022-07-04,2.3235609147570173,"{""type"":""MultiPoint"",""coordinates"":[]}"
20220705,2022-07-05,8.219091654417674,"{""type"":""MultiPoint"",""coordinates"":[]}"
20220706,2022-07-06,16.884272171629178,"{""type"":""MultiPoint"",""coordinates"":[]}"
20220707,2022-07-07,21.811134495600953,"{""type"":""MultiPoint"",""coordinates"":[]}"
20220708,2022-07-08,32.31013906115819,"{""type"":""MultiPoint"",""coordinates"":[]}"
20220709,2022-07-09,0.27816048872715493,"{""type"":""MultiPoint"",""coordinates"":[]}"
20220710,2022-07-10,0.16214370252478133,"{""type"":""MultiPoint"",""coordinates"":[]}"
20220711,2022-07-11,30.56147409454979,"{""type"":""MultiPoint"",""coordinates"":[]}"
20220712,2022-07-12,5.6793399872927335,"{""type"":""MultiPoint"",""coordinates"":[]}"
20220713,2022-07-13,0.7920531672149578,"{""type"":""MultiPoint"",""coordinates"":[]}"
20220714,2022-07-14,0.0,"{""type"":""MultiPoint"",""coordinates"":[]}"
20220715,2022-07-15,4.528773848045476,"{""type"":""MultiPoint"",""coordinates"":[]}"
20220716,2022-07-16,7.375367222360098,"{""type"":""MultiPoint"",""coordinates"":[]}"
20220717,2022-07-17,14.133385524931795,"{""type"":""MultiPoint"",""coordinates"":[]}"
20220718,2022-07-18,14.096088463924463,"{""type"":""MultiPoint"",""coordinates"":[]}"
20220719,2022-07-19,0.0,"{""type"":""MultiPoint"",""coordinates"":[]}"
20220720,2022-07-20,3.1390768440886623,"{""type"":""MultiPoint"",""coordinates"":[]}"
20220721,2022-07-21,0.23374395957583047,"{""type"":""MultiPoint"",""coordinates"":[]}"
20220722,2022-07-22,6.93408287216041,"{""type"":""MultiPoint"",""coordinates"":[]}"
20220723,2022-07-23,3.5071697891416727,"{""type"":""MultiPoint"",""coordinates"":[]}"
20220724,2022-07-24,9.862647486583313,"{""type"":""MultiPoint"",""coordinates"":[]}"
20220725,2022-07-25,14.099445217783323,"{""type"":""MultiPoint"",""coordinates"":[]}"
20220726,2022-07-26,17.74509624103339,"{""type"":""MultiPoint"",""coordinates"":[]}"
20220727,2022-07-27,0.0,"{""type"":""MultiPoint"",""coordinates"":[]}"
20220728,2022-07-28,1.8238913052014116,"{""type"":""MultiPoint"",""coordinates"":[]}"
20220729,2022-07-29,7.909076651702019,"{""type"":""MultiPoint"",""coordinates"":[]}"
20220730,2022-07-30,3.8784871324616,"{""type"":""MultiPoint"",""coordinates"":[]}"
20220731,2022-07-31,20.871791238615998,"{""type"":""MultiPoint"",""coordinates"":[]}"
20220801,2022-08-01,5.8266501818832275,"{""type"":""MultiPoint"",""coordinates"":[]}"
20220802,2022-08-02,2.974412434474585,"{""type"":""MultiPoint"",""coordinates"":[]}"
20220803,2022-08-03,1.3538220473458722,"{""type"":""MultiPoint"",""coordinates"":[]}"
20220804,2022-08-04,6.3872015508506275,"{""type"":""MultiPoint"",""coordinates"":[]}"
20220805,2022-08-05,9.659748159588899,"{""type"":""MultiPoint"",""coordinates"":[]}"
20220806,2022-08-06,19.41401012090593,"{""type"":""MultiPoint"",""coordinates"":[]}"
20220807,2022-08-07,23.61030513052508,"{""type"":""MultiPoint"",""coordinates"":[]}"
20220808,2022-08-08,11.010773776232806,"{""type"":""MultiPoint"",""coordinates"":[]}"
20220809,2022-08-09,18.122650433961933,"{""type"":""MultiPoint"",""coordinates"":[]}"
20220810,2022-08-10,2.91447828530125,"{""type"":""MultiPoint"",""coordinates"":[]}"
20220811,2022-08-11,0.3963350012197877,"{""type"":""MultiPoint"",""coordinates"":[]}"
20220812,2022-08-12,0.2654117053363687,"{""type"":""MultiPoint"",""coordinates"":[]}"
20220813,2022-08-13,11.094133263436316,"{""type"":""MultiPoint"",""coordinates"":[]}"
20220814,2022-08-14,28.2820706047142,"{""type"":""MultiPoint"",""coordinates"":[]}"
20220815,2022-08-15,13.728051397627501,"{""type"":""MultiPoint"",""coordinates"":[]}"
20220816,2022-08-16,0.6014100190716568,"{""type"":""MultiPoint"",""coordinates"":[]}"
20220817,2022-08-17,3.407481086404155,"{""type"":""MultiPoint"",""coordinates"":[]}"
20220818,2022-08-18,13.398424460749233,"{""type"":""MultiPoint"",""coordinates"":[]}"
20220819,2022-08-19,22.52050494216503,"{""type"":""MultiPoint"",""coordinates"":[]}"
20220820,2022-08-20,5.5406753982455355,"{""type"":""MultiPoint"",""coordinates"":[]}"
20220821,2022-08-21,0.13520945219180214,"{""type"":""MultiPoint"",""coordinates"":[]}"
20220822,2022-08-22,0.0,"{""type"":""MultiPoint"",""coordinates"":[]}"
20220823,2022-08-23,4.728945605857694,"{""type"":""MultiPoint"",""coordinates"":[]}"
20220824,2022-08-24,16.719518132830835,"{""type"":""MultiPoint"",""coordinates"":[]}"
20220825,2022-08-25,2.408405508649061,"{""type"":""MultiPoint"",""coordinates"":[]}"
20220826,2022-08-26,1.9674078083702586,"{""type"":""MultiPoint"",""coordinates"":[]}"
20220827,2022-08-27,7.759981970650524,"{""type"":""MultiPoint"",""coordinates"":[]}"
20220828,2022-08-28,18.97545160780392,"{""type"":""MultiPoint"",""coordinates"":[]}"
20220829,2022-08-29,0.8168292623181176,"{""type"":""MultiPoint"",""coordinates"":[]}"
20220830,2022-08-30,0.0,"{""type"":""MultiPoint"",""coordinates"":[]}"
20220831,2022-08-31,11.79885611594763,"{""type"":""MultiPoint"",""coordinates"":[]}"
20220901,2022-09-01,0.0,"{""type"":""MultiPoint"",""coordinates"":[]}"
20220902,2022-09-02,0.01408973139350648,"{""type"":""MultiPoint"",""coordinates"":[]}"
20220903,2022-09-03,1.612881406038444,"{""type"":""MultiPoint"",""coordinates"":[]}"
20220904,2022-09-04,1.008170416390001,"{""type"":""MultiPoint"",""coordinates"":[]}"
20220905,2022-09-05,1.6526553531540347,"{""type"":""MultiPoint"",""coordinates"":[]}"
20220906,2022-09-06,1.5571154430677767,"{""type"":""MultiPoint"",""coordinates"":[]}"
20220907,2022-09-07,16.45677218526218,"{""type"":""MultiPoint"",""coordinates"":[]}"
20220908,2022-09-08,12.699979593525272,"{""type"":""MultiPoint"",""coordinates"":[]}"
20220909,2022-09-09,19.48103852878367,"{""type"":""MultiPoint"",""coordinates"":[]}"
20220910,2022-09-10,20.55817070105911,"{""type"":""MultiPoint"",""coordinates"":[]}"
20220911,2022-09-11,4.959401022373941,"{""type"":""MultiPoint"",""coordinates"":[]}"
20220912,2022-09-12,1.7125713862694694,"{""type"":""MultiPoint"",""coordinates"":[]}"
20220913,2022-09-13,17.401379858867582,"{""type"":""MultiPoint"",""coordinates"":[]}"
20220914,2022-09-14,12.532222513367527,"{""type"":""MultiPoint"",""coordinates"":[]}"
20220915,2022-09-15,2.4538301541761185,"{""type"":""MultiPoint"",""coordinates"":[]}"
20220916,2022-09-16,0.0,"{""type"":""MultiPoint"",""coordinates"":[]}"
20220917,2022-09-17,0.44209252505750285,"{""type"":""MultiPoint"",""coordinates"":[]}"
20220918,2022-09-18,8.487817377483312,"{""type"":""MultiPoint"",""coordinates"":[]}"
20220919,2022-09-19,5.698150111142328,"{""type"":""MultiPoint"",""coordinates"":[]}"
20220920,2022-09-20,0.003539492337782375,"{""type"":""MultiPoint"",""coordinates"":[]}"
20220921,2022-09-21,1.1703520989336056,"{""type"":""MultiPoint"",""coordinates"":[]}"
20220922,2022-09-22,5.796422365167962,"{""type"":""MultiPoint"",""coordinates"":[]}"
20220923,2022-09-23,2.5338753767474316,"{""type"":""MultiPoint"",""coordinates"":[]}"
20220924,2022-09-24,1.6795238381460136,"{""type"":""MultiPoint"",""coordinates"":[]}"
20220925,2022-09-25,1.6605185474522597,"{""type"":""MultiPoint"",""coordinates"":[]}"
20220926,2022-09-26,7.234066249153989,"{""type"":""MultiPoint"",""coordinates"":[]}"
20220927,2022-09-27,8.282460865987254,"{""type"":""MultiPoint"",""coordinates"":[]}"
20220928,2022-09-28,8.593800818403304,"{""type"":""MultiPoint"",""coordinates"":[]}"
20220929,2022-09-29,8.815531864204942,"{""type"":""MultiPoint"",""coordinates"":[]}"
20220930,2022-09-30,9.102830476627812,"{""type"":""MultiPoint"",""coordinates"":[]}"
20221001,2022-10-01,29.881695134084453,"{""type"":""MultiPoint"",""coordinates"":[]}"
20221002,2022-10-02,12.24732024953056,"{""type"":""MultiPoint"",""coordinates"":[]}"
20221003,2022-10-03,10.693559508859797,"{""type"":""MultiPoint"",""coordinates"":[]}"
20221004,2022-10-04,20.471354143165875,"{""type"":""MultiPoint"",""coordinates"":[]}"
20221005,2022-10-05,9.843090705668317,"{""type"":""MultiPoint"",""coordinates"":[]}"
20221006,2022-10-06,13.356571796859042,"{""type"":""MultiPoint"",""coordinates"":[]}"
20221007,2022-10-07,6.878779901133171,"{""type"":""MultiPoint"",""coordinates"":[]}"
20221008,2022-10-08,9.248095767646058,"{""type"":""MultiPoint"",""coordinates"":[]}"
20221009,2022-10-09,16.890195469325608,"{""type"":""MultiPoint"",""coordinates"":[]}"
20221010,2022-10-10,27.5938203853802,"{""type"":""MultiPoint"",""coordinates"":[]}"
20221011,2022-10-11,7.095013933218127,"{""type"":""MultiPoint"",""coordinates"":[]}"
20221012,2022-10-12,7.341001378885301,"{""type"":""MultiPoint"",""coordinates"":[]}"
20221013,2022-10-13,14.620626681124616,"{""type"":""MultiPoint"",""coordinates"":[]}"
20221014,2022-10-14,24.93942844801232,"{""type"":""MultiPoint"",""coordinates"":[]}"
20221015,2022-10-15,40.766711518044005,"{""type"":""MultiPoint"",""coordinates"":[]}"
20221016,2022-10-16,2.577691866153949,"{""type"":""MultiPoint"",""coordinates"":[]}"
20221017,2022-10-17,2.766469579263342,"{""type"":""MultiPoint"",""coordinates"":[]}"
20221018,2022-10-18,16.63890149078669,"{""type"":""MultiPoint"",""coordinates"":[]}"
20221019,2022-10-19,14.786169782199138,"{""type"":""MultiPoint"",""coordinates"":[]}"
20221020,2022-10-20,0.12234786464401337,"{""type"":""MultiPoint"",""coordinates"":[]}"
20221021,2022-10-21,0.0,"{""type"":""MultiPoint"",""coordinates"":[]}"
20221022,2022-10-22,0.0,"{""type"":""MultiPoint"",""coordinates"":[]}"
20221023,2022-10-23,0.0,"{""type"":""MultiPoint"",""coordinates"":[]}"
20221024,2022-10-24,0.0,"{""type"":""MultiPoint"",""coordinates"":[]}"
20221025,2022-10-25,0.0,"{""type"":""MultiPoint"",""coordinates"":[]}"
20221026,2022-10-26,0.0,"{""type"":""MultiPoint"",""coordinates"":[]}"
20221027,2022-10-27,0.0,"{""type"":""MultiPoint"",""coordinates"":[]}"
20221028,2022-10-28,0.0,"{""type"":""MultiPoint"",""coordinates"":[]}"
20221029,2022-10-29,0.0,"{""type"":""MultiPoint"",""coordinates"":[]}"
20221030,2022-10-30,0.0,"{""type"":""MultiPoint"",""coordinates"":[]}"
20221031,2022-10-31,3.785200823477694,"{""type"":""MultiPoint"",""coordinates"":[]}"
20221101,2022-11-01,1.6099737987847493,"{""type"":""MultiPoint"",""coordinates"":[]}"
20221102,2022-11-02,0.0,"{""type"":""MultiPoint"",""coordinates"":[]}"
20221103,2022-11-03,0.17029071508446825,"{""type"":""MultiPoint"",""coordinates"":[]}"
20221104,2022-11-04,0.12231591282197982,"{""type"":""MultiPoint"",""coordinates"":[]}"
20221105,2022-11-05,0.0,"{""type"":""MultiPoint"",""coordinates"":[]}"
20221106,2022-11-06,0.011596092545817227,"{""type"":""MultiPoint"",""coordinates"":[]}"
20221107,2022-11-07,0.0,"{""type"":""MultiPoint"",""coordinates"":[]}"
20221108,2022-11-08,0.0,"{""type"":""MultiPoint"",""coordinates"":[]}"
20221109,2022-11-09,0.05202332736717003,"{""type"":""MultiPoint"",""coordinates"":[]}"
20221110,2022-11-10,0.24880650172684163,"{""type"":""MultiPoint"",""coordinates"":[]}"
20221111,2022-11-11,1.0166364962582384,"{""type"":""MultiPoint"",""coordinates"":[]}"
20221112,2022-11-12,0.0,"{""type"":""MultiPoint"",""coordinates"":[]}"
20221113,2022-11-13,0.0,"{""type"":""MultiPoint"",""coordinates"":[]}"
20221114,2022-11-14,0.03175272775843539,"{""type"":""MultiPoint"",""coordinates"":[]}"
20221115,2022-11-15,0.0,"{""type"":""MultiPoint"",""coordinates"":[]}"
20221116,2022-11-16,0.0,"{""type"":""MultiPoint"",""coordinates"":[]}"
20221117,2022-11-17,0.13224881880210154,"{""type"":""MultiPoint"",""coordinates"":[]}"
20221118,2022-11-18,1.7452949722915356,"{""type"":""MultiPoint"",""coordinates"":[]}"
20221119,2022-11-19,0.1199805729657569,"{""type"":""MultiPoint"",""coordinates"":[]}"
20221120,2022-11-20,14.059762146624866,"{""type"":""MultiPoint"",""coordinates"":[]}"
20221121,2022-11-21,14.82702067894765,"{""type"":""MultiPoint"",""coordinates"":[]}"
20221122,2022-11-22,3.5608392662608854,"{""type"":""MultiPoint"",""coordinates"":[]}"
20221123,2022-11-23,0.6134626643227662,"{""type"":""MultiPoint"",""coordinates"":[]}"
20221124,2022-11-24,0.17055749153270566,"{""type"":""MultiPoint"",""coordinates"":[]}"
20221125,2022-11-25,0.0737696206933062,"{""type"":""MultiPoint"",""coordinates"":[]}"
20221126,2022-11-26,0.1280074171856105,"{""type"":""MultiPoint"",""coordinates"":[]}"
20221127,2022-11-27,0.0,"{""type"":""MultiPoint"",""coordinates"":[]}"
20221128,2022-11-28,0.0,"{""type"":""MultiPoint"",""coordinates"":[]}"
20221129,2022-11-29,0.0,"{""type"":""MultiPoint"",""coordinates"":[]}"
20221130,2022-11-30,0.0,"{""type"":""MultiPoint"",""coordinates"":[]}"
20221201,2022-12-01,0.0,"{""type"":""MultiPoint"",""coordinates"":[]}"
20221202,2022-12-02,0.026308130584979897,"{""type"":""MultiPoint"",""coordinates"":[]}"
20221203,2022-12-03,0.008007959738410217,"{""type"":""MultiPoint"",""coordinates"":[]}"
20221204,2022-12-04,0.0,"{""type"":""MultiPoint"",""coordinates"":[]}"
20221205,2022-12-05,0.0,"{""type"":""MultiPoint"",""coordinates"":[]}"
20221206,2022-12-06,4.077520215122314,"{""type"":""MultiPoint"",""coordinates"":[]}"
20221207,2022-12-07,10.960388504468769,"{""type"":""MultiPoint"",""coordinates"":[]}"
20221208,2022-12-08,0.35885927780364696,"{""type"":""MultiPoint"",""coordinates"":[]}"
20221209,2022-12-09,2.3449497205788483,"{""type"":""MultiPoint"",""coordinates"":[]}"
20221210,2022-12-10,0.6613142660100384,"{""type"":""MultiPoint"",""coordinates"":[]}"
20221211,2022-12-11,0.013902378791976491,"{""type"":""MultiPoint"",""coordinates"":[]}"
20221212,2022-12-12,0.0,"{""type"":""MultiPoint"",""coordinates"":[]}"
20221213,2022-12-13,0.0,"{""type"":""MultiPoint"",""coordinates"":[]}"
20221214,2022-12-14,0.0,"{""type"":""MultiPoint"",""coordinates"":[]}"
20221215,2022-12-15,0.0,"{""type"":""MultiPoint"",""coordinates"":[]}"
20221216,2022-12-16,0.0,"{""type"":""MultiPoint"",""coordinates"":[]}"
20221217,2022-12-17,0.0,"{""type"":""MultiPoint"",""coordinates"":[]}"
20221218,2022-12-18,0.0,"{""type"":""MultiPoint"",""coordinates"":[]}"
20221219,2022-12-19,0.0,"{""type"":""MultiPoint"",""coordinates"":[]}"
20221220,2022-12-20,0.0,"{""type"":""MultiPoint"",""coordinates"":[]}"
20221221,2022-12-21,0.20284560900329748,"{""type"":""MultiPoint"",""coordinates"":[]}"
20221222,2022-12-22,3.2720755846547865E-4,"{""type"":""MultiPoint"",""coordinates"":[]}"
20221223,2022-12-23,0.0,"{""type"":""MultiPoint"",""coordinates"":[]}"
20221224,2022-12-24,0.0,"{""type"":""MultiPoint"",""coordinates"":[]}"
20221225,2022-12-25,0.010699531684072849,"{""type"":""MultiPoint"",""coordinates"":[]}"
20221226,2022-12-26,0.0,"{""type"":""MultiPoint"",""coordinates"":[]}"
20221227,2022-12-27,0.0,"{""type"":""MultiPoint"",""coordinates"":[]}"
20221228,2022-12-28,0.0,"{""type"":""MultiPoint"",""coordinates"":[]}"
20221229,2022-12-29,0.0,"{""type"":""MultiPoint"",""coordinates"":[]}"
20221230,2022-12-30,0.0,"{""type"":""MultiPoint"",""coordinates"":[]}"
20221231,2022-12-31,0.0,"{""type"":""MultiPoint"",""coordinates"":[]}"
20230101,2023-01-01,0.0,"{""type"":""MultiPoint"",""coordinates"":[]}"
20230102,2023-01-02,0.0,"{""type"":""MultiPoint"",""coordinates"":[]}"
20230103,2023-01-03,0.0,"{""type"":""MultiPoint"",""coordinates"":[]}"
20230104,2023-01-04,2.5130692775696866,"{""type"":""MultiPoint"",""coordinates"":[]}"
20230105,2023-01-05,0.0,"{""type"":""MultiPoint"",""coordinates"":[]}"
20230106,2023-01-06,0.3960636052532703,"{""type"":""MultiPoint"",""coordinates"":[]}"
20230107,2023-01-07,0.23165986736786295,"{""type"":""MultiPoint"",""coordinates"":[]}"
20230108,2023-01-08,0.017568769581393737,"{""type"":""MultiPoint"",""coordinates"":[]}"
20230109,2023-01-09,0.0,"{""type"":""MultiPoint"",""coordinates"":[]}"
20230110,2023-01-10,0.0,"{""type"":""MultiPoint"",""coordinates"":[]}"
20230111,2023-01-11,0.0,"{""type"":""MultiPoint"",""coordinates"":[]}"
20230112,2023-01-12,0.15391309757823765,"{""type"":""MultiPoint"",""coordinates"":[]}"
20230113,2023-01-13,0.009067596435736062,"{""type"":""MultiPoint"",""coordinates"":[]}"
20230114,2023-01-14,0.0,"{""type"":""MultiPoint"",""coordinates"":[]}"
20230115,2023-01-15,0.0,"{""type"":""MultiPoint"",""coordinates"":[]}"
20230116,2023-01-16,0.0,"{""type"":""MultiPoint"",""coordinates"":[]}"
20230117,2023-01-17,0.0,"{""type"":""MultiPoint"",""coordinates"":[]}"
20230118,2023-01-18,0.0,"{""type"":""MultiPoint"",""coordinates"":[]}"
20230119,2023-01-19,0.0,"{""type"":""MultiPoint"",""coordinates"":[]}"
20230120,2023-01-20,3.2703967690270765,"{""type"":""MultiPoint"",""coordinates"":[]}"
20230121,2023-01-21,0.026794127155799125,"{""type"":""MultiPoint"",""coordinates"":[]}"
20230122,2023-01-22,0.0,"{""type"":""MultiPoint"",""coordinates"":[]}"
20230123,2023-01-23,0.0,"{""type"":""MultiPoint"",""coordinates"":[]}"
20230124,2023-01-24,0.0,"{""type"":""MultiPoint"",""coordinates"":[]}"
20230125,2023-01-25,0.09996072094715149,"{""type"":""MultiPoint"",""coordinates"":[]}"
20230126,2023-01-26,0.4463231589817335,"{""type"":""MultiPoint"",""coordinates"":[]}"
20230127,2023-01-27,0.0,"{""type"":""MultiPoint"",""coordinates"":[]}"
20230128,2023-01-28,0.0,"{""type"":""MultiPoint"",""coordinates"":[]}"
20230129,2023-01-29,0.0,"{""type"":""MultiPoint"",""coordinates"":[]}"
20230130,2023-01-30,3.6263617286630834,"{""type"":""MultiPoint"",""coordinates"":[]}"
20230131,2023-01-31,0.0,"{""type"":""MultiPoint"",""coordinates"":[]}"
20230201,2023-02-01,0.2804746647540515,"{""type"":""MultiPoint"",""coordinates"":[]}"
20230202,2023-02-02,0.0,"{""type"":""MultiPoint"",""coordinates"":[]}"
20230203,2023-02-03,0.05287426286699196,"{""type"":""MultiPoint"",""coordinates"":[]}"
20230204,2023-02-04,0.7065212942117761,"{""type"":""MultiPoint"",""coordinates"":[]}"
20230205,2023-02-05,0.0,"{""type"":""MultiPoint"",""coordinates"":[]}"
20230206,2023-02-06,0.01642862858247084,"{""type"":""MultiPoint"",""coordinates"":[]}"
20230207,2023-02-07,0.0,"{""type"":""MultiPoint"",""coordinates"":[]}"
20230208,2023-02-08,0.0,"{""type"":""MultiPoint"",""coordinates"":[]}"
20230209,2023-02-09,0.0,"{""type"":""MultiPoint"",""coordinates"":[]}"
20230210,2023-02-10,0.08280783944885736,"{""type"":""MultiPoint"",""coordinates"":[]}"
20230211,2023-02-11,0.0,"{""type"":""MultiPoint"",""coordinates"":[]}"
20230212,2023-02-12,0.0,"{""type"":""MultiPoint"",""coordinates"":[]}"
20230213,2023-02-13,0.0,"{""type"":""MultiPoint"",""coordinates"":[]}"
20230214,2023-02-14,0.45986620908969184,"{""type"":""MultiPoint"",""coordinates"":[]}"
20230215,2023-02-15,0.0,"{""type"":""MultiPoint"",""coordinates"":[]}"
20230216,2023-02-16,2.544517099756171,"{""type"":""MultiPoint"",""coordinates"":[]}"
20230217,2023-02-17,0.0,"{""type"":""MultiPoint"",""coordinates"":[]}"
20230218,2023-02-18,0.19406544424910566,"{""type"":""MultiPoint"",""coordinates"":[]}"
20230219,2023-02-19,0.0,"{""type"":""MultiPoint"",""coordinates"":[]}"
20230220,2023-02-20,0.0,"{""type"":""MultiPoint"",""coordinates"":[]}"
20230221,2023-02-21,0.08899415684160443,"{""type"":""MultiPoint"",""coordinates"":[]}"
20230222,2023-02-22,0.0,"{""type"":""MultiPoint"",""coordinates"":[]}"
20230223,2023-02-23,0.17718436419812758,"{""type"":""MultiPoint"",""coordinates"":[]}"
20230224,2023-02-24,0.0,"{""type"":""MultiPoint"",""coordinates"":[]}"
20230225,2023-02-25,0.0,"{""type"":""MultiPoint"",""coordinates"":[]}"
20230226,2023-02-26,0.0,"{""type"":""MultiPoint"",""coordinates"":[]}"
20230227,2023-02-27,0.02620649188260994,"{""type"":""MultiPoint"",""coordinates"":[]}"
20230228,2023-02-28,0.014330207422628914,"{""type"":""MultiPoint"",""coordinates"":[]}"
20230301,2023-03-01,0.0,"{""type"":""MultiPoint"",""coordinates"":[]}"
20230302,2023-03-02,0.0,"{""type"":""MultiPoint"",""coordinates"":[]}"
20230303,2023-03-03,0.0,"{""type"":""MultiPoint"",""coordinates"":[]}"
20230304,2023-03-04,0.0,"{""type"":""MultiPoint"",""coordinates"":[]}"
20230305,2023-03-05,0.0,"{""type"":""MultiPoint"",""coordinates"":[]}"
20230306,2023-03-06,0.0,"{""type"":""MultiPoint"",""coordinates"":[]}"
20230307,2023-03-07,0.006785969672549587,"{""type"":""MultiPoint"",""coordinates"":[]}"
20230308,2023-03-08,0.0,"{""type"":""MultiPoint"",""coordinates"":[]}"
20230309,2023-03-09,0.003060574495452648,"{""type"":""MultiPoint"",""coordinates"":[]}"
20230310,2023-03-10,0.0,"{""type"":""MultiPoint"",""coordinates"":[]}"
20230311,2023-03-11,0.0,"{""type"":""MultiPoint"",""coordinates"":[]}"
20230312,2023-03-12,0.0,"{""type"":""MultiPoint"",""coordinates"":[]}"
20230313,2023-03-13,0.0,"{""type"":""MultiPoint"",""coordinates"":[]}"
20230314,2023-03-14,0.0,"{""type"":""MultiPoint"",""coordinates"":[]}"
20230315,2023-03-15,0.04850982338628224,"{""type"":""MultiPoint"",""coordinates"":[]}"
20230316,2023-03-16,7.096230460801878,"{""type"":""MultiPoint"",""coordinates"":[]}"
20230317,2023-03-17,6.318635463249526,"{""type"":""MultiPoint"",""coordinates"":[]}"
20230318,2023-03-18,9.774881845606384,"{""type"":""MultiPoint"",""coordinates"":[]}"
20230319,2023-03-19,0.11615269176335004,"{""type"":""MultiPoint"",""coordinates"":[]}"
20230320,2023-03-20,1.1663979365592385,"{""type"":""MultiPoint"",""coordinates"":[]}"
20230321,2023-03-21,0.0,"{""type"":""MultiPoint"",""coordinates"":[]}"
20230322,2023-03-22,1.1012224091923124,"{""type"":""MultiPoint"",""coordinates"":[]}"
20230323,2023-03-23,2.9600994448656683,"{""type"":""MultiPoint"",""coordinates"":[]}"
20230324,2023-03-24,0.847656282956039,"{""type"":""MultiPoint"",""coordinates"":[]}"
20230325,2023-03-25,0.7687288014263252,"{""type"":""MultiPoint"",""coordinates"":[]}"
20230326,2023-03-26,0.0,"{""type"":""MultiPoint"",""coordinates"":[]}"
20230327,2023-03-27,0.0,"{""type"":""MultiPoint"",""coordinates"":[]}"
20230328,2023-03-28,0.2590926623033846,"{""type"":""MultiPoint"",""coordinates"":[]}"
20230329,2023-03-29,0.0,"{""type"":""MultiPoint"",""coordinates"":[]}"
20230330,2023-03-30,0.0,"{""type"":""MultiPoint"",""coordinates"":[]}"
20230331,2023-03-31,1.4797181644657578,"{""type"":""MultiPoint"",""coordinates"":[]}"
20230401,2023-04-01,0.6711540382921444,"{""type"":""MultiPoint"",""coordinates"":[]}"
20230402,2023-04-02,4.868106585305136,"{""type"":""MultiPoint"",""coordinates"":[]}"
20230403,2023-04-03,0.0,"{""type"":""MultiPoint"",""coordinates"":[]}"
20230404,2023-04-04,0.06392710494875302,"{""type"":""MultiPoint"",""coordinates"":[]}"
20230405,2023-04-05,0.0,"{""type"":""MultiPoint"",""coordinates"":[]}"
20230406,2023-04-06,0.46777458247699333,"{""type"":""MultiPoint"",""coordinates"":[]}"
20230407,2023-04-07,0.06159885540982632,"{""type"":""MultiPoint"",""coordinates"":[]}"
20230408,2023-04-08,0.0,"{""type"":""MultiPoint"",""coordinates"":[]}"
20230409,2023-04-09,0.0,"{""type"":""MultiPoint"",""coordinates"":[]}"
20230410,2023-04-10,0.007753580727842385,"{""type"":""MultiPoint"",""coordinates"":[]}"
20230411,2023-04-11,0.1499918063121675,"{""type"":""MultiPoint"",""coordinates"":[]}"
20230412,2023-04-12,0.0,"{""type"":""MultiPoint"",""coordinates"":[]}"
20230413,2023-04-13,0.002490892970524408,"{""type"":""MultiPoint"",""coordinates"":[]}"
20230414,2023-04-14,0.0,"{""type"":""MultiPoint"",""coordinates"":[]}"
20230415,2023-04-15,0.011017412459622506,"{""type"":""MultiPoint"",""coordinates"":[]}"
20230416,2023-04-16,0.7982763045995885,"{""type"":""MultiPoint"",""coordinates"":[]}"
20230417,2023-04-17,0.033846622769965945,"{""type"":""MultiPoint"",""coordinates"":[]}"
20230418,2023-04-18,0.0,"{""type"":""MultiPoint"",""coordinates"":[]}"
20230419,2023-04-19,0.0,"{""type"":""MultiPoint"",""coordinates"":[]}"
20230420,2023-04-20,0.03798708921701263,"{""type"":""MultiPoint"",""coordinates"":[]}"
20230421,2023-04-21,0.43989668326080544,"{""type"":""MultiPoint"",""coordinates"":[]}"
20230422,2023-04-22,0.08698091660354346,"{""type"":""MultiPoint"",""coordinates"":[]}"
20230423,2023-04-23,1.9237658833558253,"{""type"":""MultiPoint"",""coordinates"":[]}"
20230424,2023-04-24,0.1274023149741824,"{""type"":""MultiPoint"",""coordinates"":[]}"
20230425,2023-04-25,2.4449309261029275,"{""type"":""MultiPoint"",""coordinates"":[]}"
20230426,2023-04-26,0.0,"{""type"":""MultiPoint"",""coordinates"":[]}"
20230427,2023-04-27,0.08097080687622717,"{""type"":""MultiPoint"",""coordinates"":[]}"
20230428,2023-04-28,0.0,"{""type"":""MultiPoint"",""coordinates"":[]}"
20230429,2023-04-29,0.579216565699093,"{""type"":""MultiPoint"",""coordinates"":[]}"
20230430,2023-04-30,0.1536979747406063,"{""type"":""MultiPoint"",""coordinates"":[]}"
20230501,2023-05-01,6.917236023373937,"{""type"":""MultiPoint"",""coordinates"":[]}"
20230502,2023-05-02,0.0,"{""type"":""MultiPoint"",""coordinates"":[]}"
20230503,2023-05-03,0.43980101228283214,"{""type"":""MultiPoint"",""coordinates"":[]}"
20230504,2023-05-04,0.5556964921353266,"{""type"":""MultiPoint"",""coordinates"":[]}"
20230505,2023-05-05,5.150105757267056,"{""type"":""MultiPoint"",""coordinates"":[]}"
20230506,2023-05-06,8.362884631778389,"{""type"":""MultiPoint"",""coordinates"":[]}"
20230507,2023-05-07,3.5917734933494896,"{""type"":""MultiPoint"",""coordinates"":[]}"
20230508,2023-05-08,0.5418295823688767,"{""type"":""MultiPoint"",""coordinates"":[]}"
20230509,2023-05-09,1.2047874489114136,"{""type"":""MultiPoint"",""coordinates"":[]}"
20230510,2023-05-10,0.0,"{""type"":""MultiPoint"",""coordinates"":[]}"
20230511,2023-05-11,4.970659775599049,"{""type"":""MultiPoint"",""coordinates"":[]}"
20230512,2023-05-12,4.097932624845535,"{""type"":""MultiPoint"",""coordinates"":[]}"
20230513,2023-05-13,3.2994064065309625,"{""type"":""MultiPoint"",""coordinates"":[]}"
20230514,2023-05-14,0.0964740935281396,"{""type"":""MultiPoint"",""coordinates"":[]}"
20230515,2023-05-15,0.0,"{""type"":""MultiPoint"",""coordinates"":[]}"
20230516,2023-05-16,0.0,"{""type"":""MultiPoint"",""coordinates"":[]}"
20230517,2023-05-17,0.0,"{""type"":""MultiPoint"",""coordinates"":[]}"
20230518,2023-05-18,2.066928642819123,"{""type"":""MultiPoint"",""coordinates"":[]}"
20230519,2023-05-19,8.542438234146013,"{""type"":""MultiPoint"",""coordinates"":[]}"
20230520,2023-05-20,2.6975093475923986,"{""type"":""MultiPoint"",""coordinates"":[]}"
20230521,2023-05-21,1.2718350946943962,"{""type"":""MultiPoint"",""coordinates"":[]}"
20230522,2023-05-22,0.0,"{""type"":""MultiPoint"",""coordinates"":[]}"
20230523,2023-05-23,2.379469570183119,"{""type"":""MultiPoint"",""coordinates"":[]}"
20230524,2023-05-24,0.0,"{""type"":""MultiPoint"",""coordinates"":[]}"
20230525,2023-05-25,16.755048658784293,"{""type"":""MultiPoint"",""coordinates"":[]}"
20230526,2023-05-26,13.004386767556168,"{""type"":""MultiPoint"",""coordinates"":[]}"
20230527,2023-05-27,0.0,"{""type"":""MultiPoint"",""coordinates"":[]}"
20230528,2023-05-28,8.029537622544316,"{""type"":""MultiPoint"",""coordinates"":[]}"
20230529,2023-05-29,4.944301446930525,"{""type"":""MultiPoint"",""coordinates"":[]}"
20230530,2023-05-30,3.9822634067588814,"{""type"":""MultiPoint"",""coordinates"":[]}"
20230531,2023-05-31,0.0,"{""type"":""MultiPoint"",""coordinates"":[]}"
20230601,2023-06-01,0.010244802237949612,"{""type"":""MultiPoint"",""coordinates"":[]}"
20230602,2023-06-02,0.0,"{""type"":""MultiPoint"",""coordinates"":[]}"
20230603,2023-06-03,0.0,"{""type"":""MultiPoint"",""coordinates"":[]}"
20230604,2023-06-04,7.468784299967043,"{""type"":""MultiPoint"",""coordinates"":[]}"
20230605,2023-06-05,1.6594211333076891,"{""type"":""MultiPoint"",""coordinates"":[]}"
20230606,2023-06-06,0.0,"{""type"":""MultiPoint"",""coordinates"":[]}"
20230607,2023-06-07,0.6971440589878047,"{""type"":""MultiPoint"",""coordinates"":[]}"
20230608,2023-06-08,0.0,"{""type"":""MultiPoint"",""coordinates"":[]}"
20230609,2023-06-09,0.0661296101963232,"{""type"":""MultiPoint"",""coordinates"":[]}"
20230610,2023-06-10,1.2753473243308952E-4,"{""type"":""MultiPoint"",""coordinates"":[]}"
20230611,2023-06-11,0.0,"{""type"":""MultiPoint"",""coordinates"":[]}"
20230612,2023-06-12,1.3687544229163622,"{""type"":""MultiPoint"",""coordinates"":[]}"
20230613,2023-06-13,1.2232101804723654,"{""type"":""MultiPoint"",""coordinates"":[]}"
20230614,2023-06-14,0.830410964299432,"{""type"":""MultiPoint"",""coordinates"":[]}"
20230615,2023-06-15,0.0,"{""type"":""MultiPoint"",""coordinates"":[]}"
20230616,2023-06-16,0.0,"{""type"":""MultiPoint"",""coordinates"":[]}"
20230617,2023-06-17,0.745107951196092,"{""type"":""MultiPoint"",""coordinates"":[]}"
20230618,2023-06-18,1.02150029335389,"{""type"":""MultiPoint"",""coordinates"":[]}"
20230619,2023-06-19,13.449666651695894,"{""type"":""MultiPoint"",""coordinates"":[]}"
20230620,2023-06-20,4.527493888510079,"{""type"":""MultiPoint"",""coordinates"":[]}"
20230621,2023-06-21,10.266962539716406,"{""type"":""MultiPoint"",""coordinates"":[]}"
20230622,2023-06-22,8.693950615105456,"{""type"":""MultiPoint"",""coordinates"":[]}"
20230623,2023-06-23,15.417443582160256,"{""type"":""MultiPoint"",""coordinates"":[]}"
20230624,2023-06-24,5.132572389557595,"{""type"":""MultiPoint"",""coordinates"":[]}"
20230625,2023-06-25,13.585404392068513,"{""type"":""MultiPoint"",""coordinates"":[]}"
20230626,2023-06-26,8.662930378904631,"{""type"":""MultiPoint"",""coordinates"":[]}"
20230627,2023-06-27,0.11709995069188273,"{""type"":""MultiPoint"",""coordinates"":[]}"
20230628,2023-06-28,0.968959456525998,"{""type"":""MultiPoint"",""coordinates"":[]}"
20230629,2023-06-29,2.1230088069694393,"{""type"":""MultiPoint"",""coordinates"":[]}"
20230630,2023-06-30,0.0,"{""type"":""MultiPoint"",""coordinates"":[]}"
20230701,2023-07-01,0.018510322739069055,"{""type"":""MultiPoint"",""coordinates"":[]}"
20230702,2023-07-02,0.6566912061324314,"{""type"":""MultiPoint"",""coordinates"":[]}"
20230703,2023-07-03,3.7885678894222523,"{""type"":""MultiPoint"",""coordinates"":[]}"
20230704,2023-07-04,3.5413785680201304,"{""type"":""MultiPoint"",""coordinates"":[]}"
20230705,2023-07-05,18.43181614654134,"{""type"":""MultiPoint"",""coordinates"":[]}"
20230706,2023-07-06,19.66394835923226,"{""type"":""MultiPoint"",""coordinates"":[]}"
20230707,2023-07-07,4.469081737373524,"{""type"":""MultiPoint"",""coordinates"":[]}"
20230708,2023-07-08,0.24825651889654649,"{""type"":""MultiPoint"",""coordinates"":[]}"
20230709,2023-07-09,0.0015310740444085232,"{""type"":""MultiPoint"",""coordinates"":[]}"
20230710,2023-07-10,11.85179232327639,"{""type"":""MultiPoint"",""coordinates"":[]}"
20230711,2023-07-11,10.995670064593066,"{""type"":""MultiPoint"",""coordinates"":[]}"
20230712,2023-07-12,6.520021898080826,"{""type"":""MultiPoint"",""coordinates"":[]}"
20230713,2023-07-13,11.434690500835492,"{""type"":""MultiPoint"",""coordinates"":[]}"
20230714,2023-07-14,3.147230326345042,"{""type"":""MultiPoint"",""coordinates"":[]}"
20230715,2023-07-15,13.354419104357008,"{""type"":""MultiPoint"",""coordinates"":[]}"
20230716,2023-07-16,13.727885291602083,"{""type"":""MultiPoint"",""coordinates"":[]}"
20230717,2023-07-17,3.9992989886863057,"{""type"":""MultiPoint"",""coordinates"":[]}"
20230718,2023-07-18,14.773124681707495,"{""type"":""MultiPoint"",""coordinates"":[]}"
20230719,2023-07-19,11.361491966779381,"{""type"":""MultiPoint"",""coordinates"":[]}"
20230720,2023-07-20,3.1731603135457043,"{""type"":""MultiPoint"",""coordinates"":[]}"
20230721,2023-07-21,5.109778429702052,"{""type"":""MultiPoint"",""coordinates"":[]}"
20230722,2023-07-22,5.271427452289659,"{""type"":""MultiPoint"",""coordinates"":[]}"
20230723,2023-07-23,2.6841105168495694,"{""type"":""MultiPoint"",""coordinates"":[]}"
20230724,2023-07-24,25.86989817263764,"{""type"":""MultiPoint"",""coordinates"":[]}"
20230725,2023-07-25,60.189780593499094,"{""type"":""MultiPoint"",""coordinates"":[]}"
20230726,2023-07-26,48.372768552122196,"{""type"":""MultiPoint"",""coordinates"":[]}"
20230727,2023-07-27,0.0,"{""type"":""MultiPoint"",""coordinates"":[]}"
20230728,2023-07-28,0.0,"{""type"":""MultiPoint"",""coordinates"":[]}"
20230729,2023-07-29,0.31231449652980425,"{""type"":""MultiPoint"",""coordinates"":[]}"
20230730,2023-07-30,6.208974119921613,"{""type"":""MultiPoint"",""coordinates"":[]}"
20230731,2023-07-31,13.38917388885853,"{""type"":""MultiPoint"",""coordinates"":[]}"
20230801,2023-08-01,14.736587908724712,"{""type"":""MultiPoint"",""coordinates"":[]}"
20230802,2023-08-02,13.87796840837413,"{""type"":""MultiPoint"",""coordinates"":[]}"
20230803,2023-08-03,2.0436950701692322,"{""type"":""MultiPoint"",""coordinates"":[]}"
20230804,2023-08-04,0.0,"{""type"":""MultiPoint"",""coordinates"":[]}"
20230805,2023-08-05,0.0,"{""type"":""MultiPoint"",""coordinates"":[]}"
20230806,2023-08-06,2.40579168582762,"{""type"":""MultiPoint"",""coordinates"":[]}"
20230807,2023-08-07,0.07555400896147013,"{""type"":""MultiPoint"",""coordinates"":[]}"
20230808,2023-08-08,0.7605684823428521,"{""type"":""MultiPoint"",""coordinates"":[]}"
20230809,2023-08-09,1.6398439604014137,"{""type"":""MultiPoint"",""coordinates"":[]}"
20230810,2023-08-10,0.8229399265788732,"{""type"":""MultiPoint"",""coordinates"":[]}"
20230811,2023-08-11,0.0,"{""type"":""MultiPoint"",""coordinates"":[]}"
20230812,2023-08-12,0.2595965512547344,"{""type"":""MultiPoint"",""coordinates"":[]}"
20230813,2023-08-13,13.90955924321841,"{""type"":""MultiPoint"",""coordinates"":[]}"
20230814,2023-08-14,4.346487116802101,"{""type"":""MultiPoint"",""coordinates"":[]}"
20230815,2023-08-15,0.6289336649204764,"{""type"":""MultiPoint"",""coordinates"":[]}"
20230816,2023-08-16,1.0689088107626825,"{""type"":""MultiPoint"",""coordinates"":[]}"
20230817,2023-08-17,22.547911846902334,"{""type"":""MultiPoint"",""coordinates"":[]}"
20230818,2023-08-18,3.364558537811617,"{""type"":""MultiPoint"",""coordinates"":[]}"
20230819,2023-08-19,0.5752347330117014,"{""type"":""MultiPoint"",""coordinates"":[]}"
20230820,2023-08-20,0.0,"{""type"":""MultiPoint"",""coordinates"":[]}"
20230821,2023-08-21,1.920005145483151,"{""type"":""MultiPoint"",""coordinates"":[]}"
20230822,2023-08-22,2.8072047020592397,"{""type"":""MultiPoint"",""coordinates"":[]}"
20230823,2023-08-23,2.8256431621993245,"{""type"":""MultiPoint"",""coordinates"":[]}"
20230824,2023-08-24,17.184003133597656,"{""type"":""MultiPoint"",""coordinates"":[]}"
20230825,2023-08-25,11.318399285804544,"{""type"":""MultiPoint"",""coordinates"":[]}"
20230826,2023-08-26,20.824906154853835,"{""type"":""MultiPoint"",""coordinates"":[]}"
20230827,2023-08-27,3.201793287273818,"{""type"":""MultiPoint"",""coordinates"":[]}"
20230828,2023-08-28,0.0,"{""type"":""MultiPoint"",""coordinates"":[]}"
20230829,2023-08-29,0.0,"{""type"":""MultiPoint"",""coordinates"":[]}"
20230830,2023-08-30,0.0,"{""type"":""MultiPoint"",""coordinates"":[]}"
20230831,2023-08-31,1.6682959453337924,"{""type"":""MultiPoint"",""coordinates"":[]}"
20230901,2023-09-01,4.3594002565305185,"{""type"":""MultiPoint"",""coordinates"":[]}"
20230902,2023-09-02,12.876076632196714,"{""type"":""MultiPoint"",""coordinates"":[]}"
20230903,2023-09-03,6.70989111764727,"{""type"":""MultiPoint"",""coordinates"":[]}"
20230904,2023-09-04,13.334223691420627,"{""type"":""MultiPoint"",""coordinates"":[]}"
20230905,2023-09-05,6.5654439309671835,"{""type"":""MultiPoint"",""coordinates"":[]}"
20230906,2023-09-06,10.665818105903973,"{""type"":""MultiPoint"",""coordinates"":[]}"
20230907,2023-09-07,15.971058733307906,"{""type"":""MultiPoint"",""coordinates"":[]}"
20230908,2023-09-08,9.316409495591081,"{""type"":""MultiPoint"",""coordinates"":[]}"
20230909,2023-09-09,3.2968101519148276,"{""type"":""MultiPoint"",""coordinates"":[]}"
20230910,2023-09-10,4.393120677468691,"{""type"":""MultiPoint"",""coordinates"":[]}"
20230911,2023-09-11,3.4694661627358347,"{""type"":""MultiPoint"",""coordinates"":[]}"
20230912,2023-09-12,13.446428181551296,"{""type"":""MultiPoint"",""coordinates"":[]}"
20230913,2023-09-13,6.144307328903797,"{""type"":""MultiPoint"",""coordinates"":[]}"
20230914,2023-09-14,3.6301770678416614,"{""type"":""MultiPoint"",""coordinates"":[]}"
20230915,2023-09-15,0.038370006552513804,"{""type"":""MultiPoint"",""coordinates"":[]}"
20230916,2023-09-16,0.1501263488226869,"{""type"":""MultiPoint"",""coordinates"":[]}"
20230917,2023-09-17,1.1103210162237804,"{""type"":""MultiPoint"",""coordinates"":[]}"
20230918,2023-09-18,6.487394300658845,"{""type"":""MultiPoint"",""coordinates"":[]}"
20230919,2023-09-19,7.426981846320709,"{""type"":""MultiPoint"",""coordinates"":[]}"
20230920,2023-09-20,12.930902721147797,"{""type"":""MultiPoint"",""coordinates"":[]}"
20230921,2023-09-21,6.839332332444289,"{""type"":""MultiPoint"",""coordinates"":[]}"
20230922,2023-09-22,1.9119427945968115,"{""type"":""MultiPoint"",""coordinates"":[]}"
20230923,2023-09-23,4.63787177360571,"{""type"":""MultiPoint"",""coordinates"":[]}"
20230924,2023-09-24,8.246632450775534,"{""type"":""MultiPoint"",""coordinates"":[]}"
20230925,2023-09-25,6.8336647983955165,"{""type"":""MultiPoint"",""coordinates"":[]}"
20230926,2023-09-26,2.1845406292082292,"{""type"":""MultiPoint"",""coordinates"":[]}"
20230927,2023-09-27,5.814442195411284,"{""type"":""MultiPoint"",""coordinates"":[]}"
20230928,2023-09-28,3.5289662519123817,"{""type"":""MultiPoint"",""coordinates"":[]}"
20230929,2023-09-29,9.63993756920175,"{""type"":""MultiPoint"",""coordinates"":[]}"
20230930,2023-09-30,2.793691805368137,"{""type"":""MultiPoint"",""coordinates"":[]}"
20231001,2023-10-01,3.5042267741539828,"{""type"":""MultiPoint"",""coordinates"":[]}"
20231002,2023-10-02,15.755625713688454,"{""type"":""MultiPoint"",""coordinates"":[]}"
20231003,2023-10-03,11.413497900746847,"{""type"":""MultiPoint"",""coordinates"":[]}"
20231004,2023-10-04,0.0,"{""type"":""MultiPoint"",""coordinates"":[]}"
20231005,2023-10-05,0.0,"{""type"":""MultiPoint"",""coordinates"":[]}"
20231006,2023-10-06,0.0,"{""type"":""MultiPoint"",""coordinates"":[]}"
20231007,2023-10-07,0.0,"{""type"":""MultiPoint"",""coordinates"":[]}"
20231008,2023-10-08,3.379124204636977,"{""type"":""MultiPoint"",""coordinates"":[]}"
20231009,2023-10-09,0.6824701345106939,"{""type"":""MultiPoint"",""coordinates"":[]}"
20231010,2023-10-10,0.6654369586302704,"{""type"":""MultiPoint"",""coordinates"":[]}"
20231011,2023-10-11,0.31614733435457115,"{""type"":""MultiPoint"",""coordinates"":[]}"
20231012,2023-10-12,0.0,"{""type"":""MultiPoint"",""coordinates"":[]}"
20231013,2023-10-13,0.5017909905339212,"{""type"":""MultiPoint"",""coordinates"":[]}"
20231014,2023-10-14,0.0,"{""type"":""MultiPoint"",""coordinates"":[]}"
20231015,2023-10-15,0.0,"{""type"":""MultiPoint"",""coordinates"":[]}"
20231016,2023-10-16,0.0,"{""type"":""MultiPoint"",""coordinates"":[]}"
20231017,2023-10-17,0.0,"{""type"":""MultiPoint"",""coordinates"":[]}"
20231018,2023-10-18,0.0,"{""type"":""MultiPoint"",""coordinates"":[]}"
20231019,2023-10-19,0.0,"{""type"":""MultiPoint"",""coordinates"":[]}"
20231020,2023-10-20,0.14984697114930212,"{""type"":""MultiPoint"",""coordinates"":[]}"
20231021,2023-10-21,0.07986477797456386,"{""type"":""MultiPoint"",""coordinates"":[]}"
20231022,2023-10-22,0.0033013463406574486,"{""type"":""MultiPoint"",""coordinates"":[]}"
20231023,2023-10-23,0.004797782825218653,"{""type"":""MultiPoint"",""coordinates"":[]}"
20231024,2023-10-24,0.0,"{""type"":""MultiPoint"",""coordinates"":[]}"
20231025,2023-10-25,0.0,"{""type"":""MultiPoint"",""coordinates"":[]}"
20231026,2023-10-26,0.0,"{""type"":""MultiPoint"",""coordinates"":[]}"
20231027,2023-10-27,0.0,"{""type"":""MultiPoint"",""coordinates"":[]}"
20231028,2023-10-28,0.0,"{""type"":""MultiPoint"",""coordinates"":[]}"
20231029,2023-10-29,0.0,"{""type"":""MultiPoint"",""coordinates"":[]}"
20231030,2023-10-30,0.0,"{""type"":""MultiPoint"",""coordinates"":[]}"
20231031,2023-10-31,0.0,"{""type"":""MultiPoint"",""coordinates"":[]}"
20231101,2023-11-01,1.0198947518236934,"{""type"":""MultiPoint"",""coordinates"":[]}"
20231102,2023-11-02,0.9569220166682055,"{""type"":""MultiPoint"",""coordinates"":[]}"
20231103,2023-11-03,1.19535228710871,"{""type"":""MultiPoint"",""coordinates"":[]}"
20231104,2023-11-04,4.876237849051588,"{""type"":""MultiPoint"",""coordinates"":[]}"
20231105,2023-11-05,1.8508356094042422,"{""type"":""MultiPoint"",""coordinates"":[]}"
20231106,2023-11-06,6.801675256510599,"{""type"":""MultiPoint"",""coordinates"":[]}"
20231107,2023-11-07,7.256172482488483,"{""type"":""MultiPoint"",""coordinates"":[]}"
20231108,2023-11-08,2.0854045904379817,"{""type"":""MultiPoint"",""coordinates"":[]}"
20231109,2023-11-09,0.0,"{""type"":""MultiPoint"",""coordinates"":[]}"
20231110,2023-11-10,0.0,"{""type"":""MultiPoint"",""coordinates"":[]}"
20231111,2023-11-11,0.37117080529877694,"{""type"":""MultiPoint"",""coordinates"":[]}"
20231112,2023-11-12,0.0,"{""type"":""MultiPoint"",""coordinates"":[]}"
20231113,2023-11-13,5.049422209612945,"{""type"":""MultiPoint"",""coordinates"":[]}"
20231114,2023-11-14,0.1614109457791182,"{""type"":""MultiPoint"",""coordinates"":[]}"
20231115,2023-11-15,0.20375309797871907,"{""type"":""MultiPoint"",""coordinates"":[]}"
20231116,2023-11-16,0.0,"{""type"":""MultiPoint"",""coordinates"":[]}"
20231117,2023-11-17,0.0,"{""type"":""MultiPoint"",""coordinates"":[]}"
20231118,2023-11-18,0.0,"{""type"":""MultiPoint"",""coordinates"":[]}"
20231119,2023-11-19,0.0,"{""type"":""MultiPoint"",""coordinates"":[]}"
20231120,2023-11-20,1.206227261293489,"{""type"":""MultiPoint"",""coordinates"":[]}"
20231121,2023-11-21,0.4570011614875574,"{""type"":""MultiPoint"",""coordinates"":[]}"
20231122,2023-11-22,0.7092112696360781,"{""type"":""MultiPoint"",""coordinates"":[]}"
20231123,2023-11-23,0.04992241309647597,"{""type"":""MultiPoint"",""coordinates"":[]}"
20231124,2023-11-24,0.0,"{""type"":""MultiPoint"",""coordinates"":[]}"
20231125,2023-11-25,0.0,"{""type"":""MultiPoint"",""coordinates"":[]}"
20231126,2023-11-26,0.0,"{""type"":""MultiPoint"",""coordinates"":[]}"
20231127,2023-11-27,0.0,"{""type"":""MultiPoint"",""coordinates"":[]}"
20231128,2023-11-28,0.0,"{""type"":""MultiPoint"",""coordinates"":[]}"
20231129,2023-11-29,0.11875498190253862,"{""type"":""MultiPoint"",""coordinates"":[]}"
20231130,2023-11-30,0.08370613199441819,"{""type"":""MultiPoint"",""coordinates"":[]}"
20231201,2023-12-01,0.0,"{""type"":""MultiPoint"",""coordinates"":[]}"
20231202,2023-12-02,1.8990855544385776,"{""type"":""MultiPoint"",""coordinates"":[]}"
20231203,2023-12-03,5.766293109017701,"{""type"":""MultiPoint"",""coordinates"":[]}"
20231204,2023-12-04,15.70513192565349,"{""type"":""MultiPoint"",""coordinates"":[]}"
20231205,2023-12-05,17.782447570363853,"{""type"":""MultiPoint"",""coordinates"":[]}"
20231206,2023-12-06,4.227009015328571,"{""type"":""MultiPoint"",""coordinates"":[]}"
20231207,2023-12-07,0.0,"{""type"":""MultiPoint"",""coordinates"":[]}"
20231208,2023-12-08,0.0,"{""type"":""MultiPoint"",""coordinates"":[]}"
20231209,2023-12-09,0.0,"{""type"":""MultiPoint"",""coordinates"":[]}"
20231210,2023-12-10,0.0,"{""type"":""MultiPoint"",""coordinates"":[]}"
20231211,2023-12-11,0.0,"{""type"":""MultiPoint"",""coordinates"":[]}"
20231212,2023-12-12,0.0,"{""type"":""MultiPoint"",""coordinates"":[]}"
20231213,2023-12-13,0.0,"{""type"":""MultiPoint"",""coordinates"":[]}"
20231214,2023-12-14,0.0,"{""type"":""MultiPoint"",""coordinates"":[]}"
20231215,2023-12-15,0.0,"{""type"":""MultiPoint"",""coordinates"":[]}"
20231216,2023-12-16,0.0,"{""type"":""MultiPoint"",""coordinates"":[]}"
20231217,2023-12-17,0.0,"{""type"":""MultiPoint"",""coordinates"":[]}"
20231218,2023-12-18,0.0,"{""type"":""MultiPoint"",""coordinates"":[]}"
20231219,2023-12-19,0.0,"{""type"":""MultiPoint"",""coordinates"":[]}"
20231220,2023-12-20,0.0,"{""type"":""MultiPoint"",""coordinates"":[]}"
20231221,2023-12-21,0.0,"{""type"":""MultiPoint"",""coordinates"":[]}"
20231222,2023-12-22,0.0,"{""type"":""MultiPoint"",""coordinates"":[]}"
20231223,2023-12-23,0.0,"{""type"":""MultiPoint"",""coordinates"":[]}"
20231224,2023-12-24,0.0,"{""type"":""MultiPoint"",""coordinates"":[]}"
20231225,2023-12-25,0.0,"{""type"":""MultiPoint"",""coordinates"":[]}"
20231226,2023-12-26,0.0,"{""type"":""MultiPoint"",""coordinates"":[]}"
20231227,2023-12-27,0.0,"{""type"":""MultiPoint"",""coordinates"":[]}"
20231228,2023-12-28,0.0,"{""type"":""MultiPoint"",""coordinates"":[]}"
20231229,2023-12-29,0.0,"{""type"":""MultiPoint"",""coordinates"":[]}"
20231230,2023-12-30,0.0,"{""type"":""MultiPoint"",""coordinates"":[]}"
20231231,2023-12-31,0.0,"{""type"":""MultiPoint"",""coordinates"":[]}"
20240101,2024-01-01,0.0,"{""type"":""MultiPoint"",""coordinates"":[]}"
20240102,2024-01-02,0.17657977882435624,"{""type"":""MultiPoint"",""coordinates"":[]}"
20240103,2024-01-03,0.08529977495610572,"{""type"":""MultiPoint"",""coordinates"":[]}"
20240104,2024-01-04,0.11335368437213042,"{""type"":""MultiPoint"",""coordinates"":[]}"
20240105,2024-01-05,0.0014663472272081763,"{""type"":""MultiPoint"",""coordinates"":[]}"
20240106,2024-01-06,0.0,"{""type"":""MultiPoint"",""coordinates"":[]}"
20240107,2024-01-07,0.007870278329766636,"{""type"":""MultiPoint"",""coordinates"":[]}"
20240108,2024-01-08,0.02701747544886099,"{""type"":""MultiPoint"",""coordinates"":[]}"
20240109,2024-01-09,0.0,"{""type"":""MultiPoint"",""coordinates"":[]}"
20240110,2024-01-10,0.0,"{""type"":""MultiPoint"",""coordinates"":[]}"
20240111,2024-01-11,0.0,"{""type"":""MultiPoint"",""coordinates"":[]}"
20240112,2024-01-12,0.0,"{""type"":""MultiPoint"",""coordinates"":[]}"
20240113,2024-01-13,0.0,"{""type"":""MultiPoint"",""coordinates"":[]}"
20240114,2024-01-14,0.0,"{""type"":""MultiPoint"",""coordinates"":[]}"
20240115,2024-01-15,0.034918993932842604,"{""type"":""MultiPoint"",""coordinates"":[]}"
20240116,2024-01-16,0.0072174288223911705,"{""type"":""MultiPoint"",""coordinates"":[]}"
20240117,2024-01-17,0.00671111496611709,"{""type"":""MultiPoint"",""coordinates"":[]}"
20240118,2024-01-18,0.09472268449455871,"{""type"":""MultiPoint"",""coordinates"":[]}"
20240119,2024-01-19,0.0,"{""type"":""MultiPoint"",""coordinates"":[]}"
20240120,2024-01-20,0.10729490508033478,"{""type"":""MultiPoint"",""coordinates"":[]}"
20240121,2024-01-21,0.0,"{""type"":""MultiPoint"",""coordinates"":[]}"
20240122,2024-01-22,0.0,"{""type"":""MultiPoint"",""coordinates"":[]}"
20240123,2024-01-23,0.0,"{""type"":""MultiPoint"",""coordinates"":[]}"
20240124,2024-01-24,0.0,"{""type"":""MultiPoint"",""coordinates"":[]}"
20240125,2024-01-25,0.01357627254326035,"{""type"":""MultiPoint"",""coordinates"":[]}"
20240126,2024-01-26,0.7127971164071751,"{""type"":""MultiPoint"",""coordinates"":[]}"
20240127,2024-01-27,0.0,"{""type"":""MultiPoint"",""coordinates"":[]}"
20240128,2024-01-28,0.0,"{""type"":""MultiPoint"",""coordinates"":[]}"
20240129,2024-01-29,0.0,"{""type"":""MultiPoint"",""coordinates"":[]}"
20240130,2024-01-30,0.0,"{""type"":""MultiPoint"",""coordinates"":[]}"
20240131,2024-01-31,0.0,"{""type"":""MultiPoint"",""coordinates"":[]}"
20240201,2024-02-01,0.0,"{""type"":""MultiPoint"",""coordinates"":[]}"
20240202,2024-02-02,2.161275062176573,"{""type"":""MultiPoint"",""coordinates"":[]}"
20240203,2024-02-03,2.1582350390050292E-4,"{""type"":""MultiPoint"",""coordinates"":[]}"
20240204,2024-02-04,0.008199116675464697,"{""type"":""MultiPoint"",""coordinates"":[]}"
20240205,2024-02-05,0.0,"{""type"":""MultiPoint"",""coordinates"":[]}"
20240206,2024-02-06,0.0,"{""type"":""MultiPoint"",""coordinates"":[]}"
20240207,2024-02-07,0.0,"{""type"":""MultiPoint"",""coordinates"":[]}"
20240208,2024-02-08,0.0,"{""type"":""MultiPoint"",""coordinates"":[]}"
20240209,2024-02-09,0.44752104085207844,"{""type"":""MultiPoint"",""coordinates"":[]}"
20240210,2024-02-10,0.0,"{""type"":""MultiPoint"",""coordinates"":[]}"
20240211,2024-02-11,0.5046313366030959,"{""type"":""MultiPoint"",""coordinates"":[]}"
20240212,2024-02-12,0.8861945012665252,"{""type"":""MultiPoint"",""coordinates"":[]}"
20240213,2024-02-13,0.0,"{""type"":""MultiPoint"",""coordinates"":[]}"
20240214,2024-02-14,0.0,"{""type"":""MultiPoint"",""coordinates"":[]}"
20240215,2024-02-15,0.22678806767107076,"{""type"":""MultiPoint"",""coordinates"":[]}"
20240216,2024-02-16,0.008085714732576665,"{""type"":""MultiPoint"",""coordinates"":[]}"
20240217,2024-02-17,0.0,"{""type"":""MultiPoint"",""coordinates"":[]}"
20240218,2024-02-18,0.0,"{""type"":""MultiPoint"",""coordinates"":[]}"
20240219,2024-02-19,0.0,"{""type"":""MultiPoint"",""coordinates"":[]}"
20240220,2024-02-20,0.16660501753094423,"{""type"":""MultiPoint"",""coordinates"":[]}"
20240221,2024-02-21,0.0,"{""type"":""MultiPoint"",""coordinates"":[]}"
20240222,2024-02-22,0.0,"{""type"":""MultiPoint"",""coordinates"":[]}"
20240223,2024-02-23,0.0,"{""type"":""MultiPoint"",""coordinates"":[]}"
20240224,2024-02-24,0.9602914710236573,"{""type"":""MultiPoint"",""coordinates"":[]}"
20240225,2024-02-25,0.0,"{""type"":""MultiPoint"",""coordinates"":[]}"
20240226,2024-02-26,0.0,"{""type"":""MultiPoint"",""coordinates"":[]}"
20240227,2024-02-27,0.0,"{""type"":""MultiPoint"",""coordinates"":[]}"
20240228,2024-02-28,0.0,"{""type"":""MultiPoint"",""coordinates"":[]}"
20240229,2024-02-29,0.0,"{""type"":""MultiPoint"",""coordinates"":[]}"
20240301,2024-03-01,0.0,"{""type"":""MultiPoint"",""coordinates"":[]}"
20240302,2024-03-02,0.2638908372535682,"{""type"":""MultiPoint"",""coordinates"":[]}"
20240303,2024-03-03,0.008133563889418539,"{""type"":""MultiPoint"",""coordinates"":[]}"
20240304,2024-03-04,0.31448475431267675,"{""type"":""MultiPoint"",""coordinates"":[]}"
20240305,2024-03-05,0.18098231349791957,"{""type"":""MultiPoint"",""coordinates"":[]}"
20240306,2024-03-06,0.0848847362861616,"{""type"":""MultiPoint"",""coordinates"":[]}"
20240307,2024-03-07,0.2782193297903041,"{""type"":""MultiPoint"",""coordinates"":[]}"
20240308,2024-03-08,0.31689863126234696,"{""type"":""MultiPoint"",""coordinates"":[]}"
20240309,2024-03-09,0.15037557356399991,"{""type"":""MultiPoint"",""coordinates"":[]}"
20240310,2024-03-10,1.2719894771579192,"{""type"":""MultiPoint"",""coordinates"":[]}"
20240311,2024-03-11,0.12136286117303824,"{""type"":""MultiPoint"",""coordinates"":[]}"
20240312,2024-03-12,0.0,"{""type"":""MultiPoint"",""coordinates"":[]}"
20240313,2024-03-13,0.0,"{""type"":""MultiPoint"",""coordinates"":[]}"
20240314,2024-03-14,0.3059103709031935,"{""type"":""MultiPoint"",""coordinates"":[]}"
20240315,2024-03-15,0.0,"{""type"":""MultiPoint"",""coordinates"":[]}"
20240316,2024-03-16,0.0,"{""type"":""MultiPoint"",""coordinates"":[]}"
20240317,2024-03-17,0.0,"{""type"":""MultiPoint"",""coordinates"":[]}"
20240318,2024-03-18,0.0,"{""type"":""MultiPoint"",""coordinates"":[]}"
20240319,2024-03-19,0.0,"{""type"":""MultiPoint"",""coordinates"":[]}"
20240320,2024-03-20,2.787359969901921,"{""type"":""MultiPoint"",""coordinates"":[]}"
20240321,2024-03-21,0.3437069409025332,"{""type"":""MultiPoint"",""coordinates"":[]}"
20240322,2024-03-22,0.0,"{""type"":""MultiPoint"",""coordinates"":[]}"
20240323,2024-03-23,0.02298277398808386,"{""type"":""MultiPoint"",""coordinates"":[]}"
20240324,2024-03-24,0.0,"{""type"":""MultiPoint"",""coordinates"":[]}"
20240325,2024-03-25,0.0,"{""type"":""MultiPoint"",""coordinates"":[]}"
20240326,2024-03-26,0.013073529288852276,"{""type"":""MultiPoint"",""coordinates"":[]}"
20240327,2024-03-27,0.0,"{""type"":""MultiPoint"",""coordinates"":[]}"
20240328,2024-03-28,0.0,"{""type"":""MultiPoint"",""coordinates"":[]}"
20240329,2024-03-29,0.04775521364712113,"{""type"":""MultiPoint"",""coordinates"":[]}"
20240330,2024-03-30,0.0,"{""type"":""MultiPoint"",""coordinates"":[]}"
20240331,2024-03-31,0.17454686488097093,"{""type"":""MultiPoint"",""coordinates"":[]}"
20240401,2024-04-01,0.0,"{""type"":""MultiPoint"",""coordinates"":[]}"
20240402,2024-04-02,0.0,"{""type"":""MultiPoint"",""coordinates"":[]}"
20240403,2024-04-03,0.0,"{""type"":""MultiPoint"",""coordinates"":[]}"
20240404,2024-04-04,0.0,"{""type"":""MultiPoint"",""coordinates"":[]}"
20240405,2024-04-05,0.0,"{""type"":""MultiPoint"",""coordinates"":[]}"
20240406,2024-04-06,0.0,"{""type"":""MultiPoint"",""coordinates"":[]}"
20240407,2024-04-07,0.0,"{""type"":""MultiPoint"",""coordinates"":[]}"
20240408,2024-04-08,0.0,"{""type"":""MultiPoint"",""coordinates"":[]}"
20240409,2024-04-09,0.0,"{""type"":""MultiPoint"",""coordinates"":[]}"
20240410,2024-04-10,0.0,"{""type"":""MultiPoint"",""coordinates"":[]}"
20240411,2024-04-11,0.013439741421151593,"{""type"":""MultiPoint"",""coordinates"":[]}"
20240412,2024-04-12,0.9616630289703366,"{""type"":""MultiPoint"",""coordinates"":[]}"
20240413,2024-04-13,0.09681937654651927,"{""type"":""MultiPoint"",""coordinates"":[]}"
20240414,2024-04-14,0.06102604428171929,"{""type"":""MultiPoint"",""coordinates"":[]}"
20240415,2024-04-15,0.04517643181671083,"{""type"":""MultiPoint"",""coordinates"":[]}"
20240416,2024-04-16,0.0,"{""type"":""MultiPoint"",""coordinates"":[]}"
20240417,2024-04-17,0.0,"{""type"":""MultiPoint"",""coordinates"":[]}"
20240418,2024-04-18,0.007845294841047548,"{""type"":""MultiPoint"",""coordinates"":[]}"
20240419,2024-04-19,0.11242897622882579,"{""type"":""MultiPoint"",""coordinates"":[]}"
20240420,2024-04-20,0.3504493139637727,"{""type"":""MultiPoint"",""coordinates"":[]}"
20240421,2024-04-21,6.569082101584194,"{""type"":""MultiPoint"",""coordinates"":[]}"
20240422,2024-04-22,0.0,"{""type"":""MultiPoint"",""coordinates"":[]}"
20240423,2024-04-23,0.0,"{""type"":""MultiPoint"",""coordinates"":[]}"
20240424,2024-04-24,0.0,"{""type"":""MultiPoint"",""coordinates"":[]}"
20240425,2024-04-25,0.29780158902069087,"{""type"":""MultiPoint"",""coordinates"":[]}"
20240426,2024-04-26,0.0,"{""type"":""MultiPoint"",""coordinates"":[]}"
20240427,2024-04-27,0.0,"{""type"":""MultiPoint"",""coordinates"":[]}"
20240428,2024-04-28,0.0,"{""type"":""MultiPoint"",""coordinates"":[]}"
20240429,2024-04-29,0.0,"{""type"":""MultiPoint"",""coordinates"":[]}"
20240430,2024-04-30,0.0,"{""type"":""MultiPoint"",""coordinates"":[]}"
20240501,2024-05-01,0.0,"{""type"":""MultiPoint"",""coordinates"":[]}"
20240502,2024-05-02,0.23906072429973851,"{""type"":""MultiPoint"",""coordinates"":[]}"
20240503,2024-05-03,1.5243137379388834,"{""type"":""MultiPoint"",""coordinates"":[]}"
20240504,2024-05-04,1.1754755143786197,"{""type"":""MultiPoint"",""coordinates"":[]}"
20240505,2024-05-05,0.6057054765962433,"{""type"":""MultiPoint"",""coordinates"":[]}"
20240506,2024-05-06,0.0,"{""type"":""MultiPoint"",""coordinates"":[]}"
20240507,2024-05-07,7.544049338358607,"{""type"":""MultiPoint"",""coordinates"":[]}"
20240508,2024-05-08,0.0,"{""type"":""MultiPoint"",""coordinates"":[]}"
20240509,2024-05-09,0.019063129395410078,"{""type"":""MultiPoint"",""coordinates"":[]}"
20240510,2024-05-10,8.111044602306979,"{""type"":""MultiPoint"",""coordinates"":[]}"
20240511,2024-05-11,3.8537747735724315,"{""type"":""MultiPoint"",""coordinates"":[]}"
20240512,2024-05-12,3.7544762856476477,"{""type"":""MultiPoint"",""coordinates"":[]}"
20240513,2024-05-13,0.0,"{""type"":""MultiPoint"",""coordinates"":[]}"
20240514,2024-05-14,3.7059915887478914,"{""type"":""MultiPoint"",""coordinates"":[]}"
20240515,2024-05-15,0.1172852858964414,"{""type"":""MultiPoint"",""coordinates"":[]}"
20240516,2024-05-16,7.772975860845128,"{""type"":""MultiPoint"",""coordinates"":[]}"
20240517,2024-05-17,8.244882200713272,"{""type"":""MultiPoint"",""coordinates"":[]}"
20240518,2024-05-18,4.029413586443855,"{""type"":""MultiPoint"",""coordinates"":[]}"
20240519,2024-05-19,4.618007939878815,"{""type"":""MultiPoint"",""coordinates"":[]}"
20240520,2024-05-20,2.073049049436011,"{""type"":""MultiPoint"",""coordinates"":[]}"
20240521,2024-05-21,2.045655498884268,"{""type"":""MultiPoint"",""coordinates"":[]}"
20240522,2024-05-22,1.11510679468484,"{""type"":""MultiPoint"",""coordinates"":[]}"
20240523,2024-05-23,1.499409101478597,"{""type"":""MultiPoint"",""coordinates"":[]}"
20240524,2024-05-24,16.48232451862907,"{""type"":""MultiPoint"",""coordinates"":[]}"
20240525,2024-05-25,21.5086721339654,"{""type"":""MultiPoint"",""coordinates"":[]}"
20240526,2024-05-26,1.0958462544694547,"{""type"":""MultiPoint"",""coordinates"":[]}"
20240527,2024-05-27,3.4940386493446343,"{""type"":""MultiPoint"",""coordinates"":[]}"
20240528,2024-05-28,0.0,"{""type"":""MultiPoint"",""coordinates"":[]}"
20240529,2024-05-29,0.03730183818383447,"{""type"":""MultiPoint"",""coordinates"":[]}"
20240530,2024-05-30,0.0,"{""type"":""MultiPoint"",""coordinates"":[]}"
20240531,2024-05-31,5.598463656031599,"{""type"":""MultiPoint"",""coordinates"":[]}"
20240601,2024-06-01,7.24502077589599,"{""type"":""MultiPoint"",""coordinates"":[]}"
20240602,2024-06-02,15.661797658339124,"{""type"":""MultiPoint"",""coordinates"":[]}"
20240603,2024-06-03,2.5398674122638565,"{""type"":""MultiPoint"",""coordinates"":[]}"
20240604,2024-06-04,0.00311191897224215,"{""type"":""MultiPoint"",""coordinates"":[]}"
20240605,2024-06-05,9.269871302219503,"{""type"":""MultiPoint"",""coordinates"":[]}"
20240606,2024-06-06,5.7960763516221485,"{""type"":""MultiPoint"",""coordinates"":[]}"
20240607,2024-06-07,7.635886384061943,"{""type"":""MultiPoint"",""coordinates"":[]}"
20240608,2024-06-08,1.3993972516017315,"{""type"":""MultiPoint"",""coordinates"":[]}"
20240609,2024-06-09,0.06779812848939237,"{""type"":""MultiPoint"",""coordinates"":[]}"
20240610,2024-06-10,2.1770717633503898,"{""type"":""MultiPoint"",""coordinates"":[]}"
20240611,2024-06-11,0.5135751345465167,"{""type"":""MultiPoint"",""coordinates"":[]}"
20240612,2024-06-12,3.2509773198687872,"{""type"":""MultiPoint"",""coordinates"":[]}"
20240613,2024-06-13,1.64637973114947,"{""type"":""MultiPoint"",""coordinates"":[]}"
20240614,2024-06-14,1.122376912601562,"{""type"":""MultiPoint"",""coordinates"":[]}"
20240615,2024-06-15,1.8628217372295681,"{""type"":""MultiPoint"",""coordinates"":[]}"
20240616,2024-06-16,0.9956972708519531,"{""type"":""MultiPoint"",""coordinates"":[]}"
20240617,2024-06-17,0.13330383300413395,"{""type"":""MultiPoint"",""coordinates"":[]}"
20240618,2024-06-18,7.24519201730646,"{""type"":""MultiPoint"",""coordinates"":[]}"
20240619,2024-06-19,5.226610659678007,"{""type"":""MultiPoint"",""coordinates"":[]}"
20240620,2024-06-20,0.6792952505496286,"{""type"":""MultiPoint"",""coordinates"":[]}"
20240621,2024-06-21,20.36869297458717,"{""type"":""MultiPoint"",""coordinates"":[]}"
20240622,2024-06-22,1.2380263221731853,"{""type"":""MultiPoint"",""coordinates"":[]}"
20240623,2024-06-23,5.686746953307224,"{""type"":""MultiPoint"",""coordinates"":[]}"
20240624,2024-06-24,2.061986631044789,"{""type"":""MultiPoint"",""coordinates"":[]}"
20240625,2024-06-25,6.763821619869019,"{""type"":""MultiPoint"",""coordinates"":[]}"
20240626,2024-06-26,24.871569512269783,"{""type"":""MultiPoint"",""coordinates"":[]}"
20240627,2024-06-27,29.935968378847253,"{""type"":""MultiPoint"",""coordinates"":[]}"
20240628,2024-06-28,1.7813215919298648,"{""type"":""MultiPoint"",""coordinates"":[]}"
20240629,2024-06-29,24.01856654769578,"{""type"":""MultiPoint"",""coordinates"":[]}"
20240630,2024-06-30,15.205025359540553,"{""type"":""MultiPoint"",""coordinates"":[]}"
20240701,2024-07-01,16.64297871152542,"{""type"":""MultiPoint"",""coordinates"":[]}"
20240702,2024-07-02,4.92149835841126,"{""type"":""MultiPoint"",""coordinates"":[]}"
20240703,2024-07-03,5.759015172444721,"{""type"":""MultiPoint"",""coordinates"":[]}"
20240704,2024-07-04,0.5259480900098016,"{""type"":""MultiPoint"",""coordinates"":[]}"
20240705,2024-07-05,0.9902423703964002,"{""type"":""MultiPoint"",""coordinates"":[]}"
20240706,2024-07-06,3.5087587569230734,"{""type"":""MultiPoint"",""coordinates"":[]}"
20240707,2024-07-07,13.42726362273125,"{""type"":""MultiPoint"",""coordinates"":[]}"
20240708,2024-07-08,11.421723024543851,"{""type"":""MultiPoint"",""coordinates"":[]}"
20240709,2024-07-09,6.1253666154697575,"{""type"":""MultiPoint"",""coordinates"":[]}"
20240710,2024-07-10,4.702448516702471,"{""type"":""MultiPoint"",""coordinates"":[]}"
20240711,2024-07-11,0.7859107750256544,"{""type"":""MultiPoint"",""coordinates"":[]}"
20240712,2024-07-12,4.536592328810399,"{""type"":""MultiPoint"",""coordinates"":[]}"
20240713,2024-07-13,4.49704585981305,"{""type"":""MultiPoint"",""coordinates"":[]}"
20240714,2024-07-14,12.49609306974585,"{""type"":""MultiPoint"",""coordinates"":[]}"
20240715,2024-07-15,1.321370537426235,"{""type"":""MultiPoint"",""coordinates"":[]}"
20240716,2024-07-16,10.213270004074834,"{""type"":""MultiPoint"",""coordinates"":[]}"
20240717,2024-07-17,12.985740513926546,"{""type"":""MultiPoint"",""coordinates"":[]}"
20240718,2024-07-18,30.91032697762999,"{""type"":""MultiPoint"",""coordinates"":[]}"
20240719,2024-07-19,43.44173313633925,"{""type"":""MultiPoint"",""coordinates"":[]}"
20240720,2024-07-20,6.986843502201746,"{""type"":""MultiPoint"",""coordinates"":[]}"
20240721,2024-07-21,17.44019942747236,"{""type"":""MultiPoint"",""coordinates"":[]}"
20240722,2024-07-22,17.409716990850164,"{""type"":""MultiPoint"",""coordinates"":[]}"
20240723,2024-07-23,18.366616824591386,"{""type"":""MultiPoint"",""coordinates"":[]}"
20240724,2024-07-24,8.390457356663738,"{""type"":""MultiPoint"",""coordinates"":[]}"
20240725,2024-07-25,0.22073713572114803,"{""type"":""MultiPoint"",""coordinates"":[]}"
20240726,2024-07-26,6.666171661391588,"{""type"":""MultiPoint"",""coordinates"":[]}"
20240727,2024-07-27,0.7480216566793072,"{""type"":""MultiPoint"",""coordinates"":[]}"
20240728,2024-07-28,0.37104489976785043,"{""type"":""MultiPoint"",""coordinates"":[]}"
20240729,2024-07-29,4.790633286647642,"{""type"":""MultiPoint"",""coordinates"":[]}"
20240730,2024-07-30,1.5481496461943003,"{""type"":""MultiPoint"",""coordinates"":[]}"
20240731,2024-07-31,13.120616581844141,"{""type"":""MultiPoint"",""coordinates"":[]}"
20240801,2024-08-01,11.180647680549182,"{""type"":""MultiPoint"",""coordinates"":[]}"
20240802,2024-08-02,17.789191987721605,"{""type"":""MultiPoint"",""coordinates"":[]}"
20240803,2024-08-03,11.327972638630415,"{""type"":""MultiPoint"",""coordinates"":[]}"
20240804,2024-08-04,1.007532909965444,"{""type"":""MultiPoint"",""coordinates"":[]}"
20240805,2024-08-05,6.720350588016229,"{""type"":""MultiPoint"",""coordinates"":[]}"
20240806,2024-08-06,34.061967759338515,"{""type"":""MultiPoint"",""coordinates"":[]}"
20240807,2024-08-07,18.37031487571564,"{""type"":""MultiPoint"",""coordinates"":[]}"
20240808,2024-08-08,8.90072910487028,"{""type"":""MultiPoint"",""coordinates"":[]}"
20240809,2024-08-09,0.42892893252635195,"{""type"":""MultiPoint"",""coordinates"":[]}"
20240810,2024-08-10,9.195798636581108,"{""type"":""MultiPoint"",""coordinates"":[]}"
20240811,2024-08-11,1.7605024947683214,"{""type"":""MultiPoint"",""coordinates"":[]}"
20240812,2024-08-12,1.1934506058004517,"{""type"":""MultiPoint"",""coordinates"":[]}"
20240813,2024-08-13,3.6755039190095973,"{""type"":""MultiPoint"",""coordinates"":[]}"
20240814,2024-08-14,4.974459851649825,"{""type"":""MultiPoint"",""coordinates"":[]}"
20240815,2024-08-15,6.042328685453109,"{""type"":""MultiPoint"",""coordinates"":[]}"
20240816,2024-08-16,7.055793514437013,"{""type"":""MultiPoint"",""coordinates"":[]}"
20240817,2024-08-17,3.429636493390595,"{""type"":""MultiPoint"",""coordinates"":[]}"
20240818,2024-08-18,13.426236510155931,"{""type"":""MultiPoint"",""coordinates"":[]}"
20240819,2024-08-19,9.265522331147174,"{""type"":""MultiPoint"",""coordinates"":[]}"
20240820,2024-08-20,0.09311485848093333,"{""type"":""MultiPoint"",""coordinates"":[]}"
20240821,2024-08-21,9.733795523966686,"{""type"":""MultiPoint"",""coordinates"":[]}"
20240822,2024-08-22,11.017090988799257,"{""type"":""MultiPoint"",""coordinates"":[]}"
20240823,2024-08-23,12.496790933967414,"{""type"":""MultiPoint"",""coordinates"":[]}"
20240824,2024-08-24,12.819971266641875,"{""type"":""MultiPoint"",""coordinates"":[]}"
20240825,2024-08-25,2.6175831600883446,"{""type"":""MultiPoint"",""coordinates"":[]}"
20240826,2024-08-26,5.905986648756868,"{""type"":""MultiPoint"",""coordinates"":[]}"
20240827,2024-08-27,3.199346497470658,"{""type"":""MultiPoint"",""coordinates"":[]}"
20240828,2024-08-28,10.135110756621993,"{""type"":""MultiPoint"",""coordinates"":[]}"
20240829,2024-08-29,69.9006097261511,"{""type"":""MultiPoint"",""coordinates"":[]}"
20240830,2024-08-30,41.85482665036748,"{""type"":""MultiPoint"",""coordinates"":[]}"
20240831,2024-08-31,44.318979131549824,"{""type"":""MultiPoint"",""coordinates"":[]}"
20240901,2024-09-01,0.0,"{""type"":""MultiPoint"",""coordinates"":[]}"
20240902,2024-09-02,0.0,"{""type"":""MultiPoint"",""coordinates"":[]}"
20240903,2024-09-03,3.584741352596048,"{""type"":""MultiPoint"",""coordinates"":[]}"
20240904,2024-09-04,36.893239080652364,"{""type"":""MultiPoint"",""coordinates"":[]}"
20240905,2024-09-05,17.439675251112106,"{""type"":""MultiPoint"",""coordinates"":[]}"
20240906,2024-09-06,5.655856553934722,"{""type"":""MultiPoint"",""coordinates"":[]}"
20240907,2024-09-07,14.813999995673672,"{""type"":""MultiPoint"",""coordinates"":[]}"
20240908,2024-09-08,38.685549436629465,"{""type"":""MultiPoint"",""coordinates"":[]}"
20240909,2024-09-09,21.73802442415498,"{""type"":""MultiPoint"",""coordinates"":[]}"
20240910,2024-09-10,0.0,"{""type"":""MultiPoint"",""coordinates"":[]}"
20240911,2024-09-11,0.31728069201544457,"{""type"":""MultiPoint"",""coordinates"":[]}"
20240912,2024-09-12,0.5432157033296149,"{""type"":""MultiPoint"",""coordinates"":[]}"
20240913,2024-09-13,0.7801969665595105,"{""type"":""MultiPoint"",""coordinates"":[]}"
20240914,2024-09-14,0.616325380841473,"{""type"":""MultiPoint"",""coordinates"":[]}"
20240915,2024-09-15,0.015371881271327234,"{""type"":""MultiPoint"",""coordinates"":[]}"
20240916,2024-09-16,0.08962643308240563,"{""type"":""MultiPoint"",""coordinates"":[]}"
20240917,2024-09-17,0.0,"{""type"":""MultiPoint"",""coordinates"":[]}"
20240918,2024-09-18,0.0,"{""type"":""MultiPoint"",""coordinates"":[]}"
20240919,2024-09-19,6.515514485649841,"{""type"":""MultiPoint"",""coordinates"":[]}"
20240920,2024-09-20,3.985280098378085,"{""type"":""MultiPoint"",""coordinates"":[]}"
20240921,2024-09-21,0.4854607398768165,"{""type"":""MultiPoint"",""coordinates"":[]}"
20240922,2024-09-22,2.4446855797914053,"{""type"":""MultiPoint"",""coordinates"":[]}"
20240923,2024-09-23,8.30068800932525,"{""type"":""MultiPoint"",""coordinates"":[]}"
20240924,2024-09-24,10.585515629630633,"{""type"":""MultiPoint"",""coordinates"":[]}"
20240925,2024-09-25,9.999804056545512,"{""type"":""MultiPoint"",""coordinates"":[]}"
20240926,2024-09-26,26.420121232108887,"{""type"":""MultiPoint"",""coordinates"":[]}"
20240927,2024-09-27,16.523894937987134,"{""type"":""MultiPoint"",""coordinates"":[]}"
20240928,2024-09-28,0.4261592023864372,"{""type"":""MultiPoint"",""coordinates"":[]}"
20240929,2024-09-29,0.32704199620090324,"{""type"":""MultiPoint"",""coordinates"":[]}"
20240930,2024-09-30,1.0909780311406854,"{""type"":""MultiPoint"",""coordinates"":[]}"
20241001,2024-10-01,5.535605379298033,"{""type"":""MultiPoint"",""coordinates"":[]}"
20241002,2024-10-02,11.465135425994635,"{""type"":""MultiPoint"",""coordinates"":[]}"
20241003,2024-10-03,0.5241246787295538,"{""type"":""MultiPoint"",""coordinates"":[]}"
20241004,2024-10-04,0.8021080627764519,"{""type"":""MultiPoint"",""coordinates"":[]}"
20241005,2024-10-05,1.2833084369895251,"{""type"":""MultiPoint"",""coordinates"":[]}"
20241006,2024-10-06,1.9247799042121556,"{""type"":""MultiPoint"",""coordinates"":[]}"
20241007,2024-10-07,0.4654915090061176,"{""type"":""MultiPoint"",""coordinates"":[]}"
20241008,2024-10-08,1.0058001331527973,"{""type"":""MultiPoint"",""coordinates"":[]}"
20241009,2024-10-09,2.105401800065132,"{""type"":""MultiPoint"",""coordinates"":[]}"
20241010,2024-10-10,0.8115128593985681,"{""type"":""MultiPoint"",""coordinates"":[]}"
20241011,2024-10-11,3.916570348485174,"{""type"":""MultiPoint"",""coordinates"":[]}"
20241012,2024-10-12,1.123839486047047,"{""type"":""MultiPoint"",""coordinates"":[]}"
20241013,2024-10-13,0.639589253063438,"{""type"":""MultiPoint"",""coordinates"":[]}"
20241014,2024-10-14,34.23798720117059,"{""type"":""MultiPoint"",""coordinates"":[]}"
20241015,2024-10-15,16.286731014544632,"{""type"":""MultiPoint"",""coordinates"":[]}"
20241016,2024-10-16,12.208595069526947,"{""type"":""MultiPoint"",""coordinates"":[]}"
20241017,2024-10-17,10.131983304770495,"{""type"":""MultiPoint"",""coordinates"":[]}"
20241018,2024-10-18,0.684979206185809,"{""type"":""MultiPoint"",""coordinates"":[]}"
20241019,2024-10-19,4.8655526978797905,"{""type"":""MultiPoint"",""coordinates"":[]}"
20241020,2024-10-20,1.8693970216821187,"{""type"":""MultiPoint"",""coordinates"":[]}"
20241021,2024-10-21,6.00113363091286,"{""type"":""MultiPoint"",""coordinates"":[]}"
20241022,2024-10-22,1.582785251113321,"{""type"":""MultiPoint"",""coordinates"":[]}"
20241023,2024-10-23,1.1099144434267545,"{""type"":""MultiPoint"",""coordinates"":[]}"
20241024,2024-10-24,3.6985593213230277,"{""type"":""MultiPoint"",""coordinates"":[]}"
20241025,2024-10-25,0.0,"{""type"":""MultiPoint"",""coordinates"":[]}"
20241026,2024-10-26,0.0023289821075871305,"{""type"":""MultiPoint"",""coordinates"":[]}"
20241027,2024-10-27,0.0,"{""type"":""MultiPoint"",""coordinates"":[]}"
20241028,2024-10-28,0.0,"{""type"":""MultiPoint"",""coordinates"":[]}"
20241029,2024-10-29,1.1446486844219599,"{""type"":""MultiPoint"",""coordinates"":[]}"
20241030,2024-10-30,0.2391045460316001,"{""type"":""MultiPoint"",""coordinates"":[]}"
20241031,2024-10-31,0.0,"{""type"":""MultiPoint"",""coordinates"":[]}"
20241101,2024-11-01,0.0,"{""type"":""MultiPoint"",""coordinates"":[]}"
20241102,2024-11-02,0.057234927813842706,"{""type"":""MultiPoint"",""coordinates"":[]}"
20241103,2024-11-03,0.0,"{""type"":""MultiPoint"",""coordinates"":[]}"
20241104,2024-11-04,0.0,"{""type"":""MultiPoint"",""coordinates"":[]}"
20241105,2024-11-05,0.0,"{""type"":""MultiPoint"",""coordinates"":[]}"
20241106,2024-11-06,0.0,"{""type"":""MultiPoint"",""coordinates"":[]}"
20241107,2024-11-07,0.0,"{""type"":""MultiPoint"",""coordinates"":[]}"
20241108,2024-11-08,0.0,"{""type"":""MultiPoint"",""coordinates"":[]}"
20241109,2024-11-09,0.0,"{""type"":""MultiPoint"",""coordinates"":[]}"
20241110,2024-11-10,0.0,"{""type"":""MultiPoint"",""coordinates"":[]}"
20241111,2024-11-11,3.3543691422431716,"{""type"":""MultiPoint"",""coordinates"":[]}"
20241112,2024-11-12,2.558755210169896,"{""type"":""MultiPoint"",""coordinates"":[]}"
20241113,2024-11-13,0.0,"{""type"":""MultiPoint"",""coordinates"":[]}"
20241114,2024-11-14,0.07134102604188396,"{""type"":""MultiPoint"",""coordinates"":[]}"
20241115,2024-11-15,0.662635870713891,"{""type"":""MultiPoint"",""coordinates"":[]}"
20241116,2024-11-16,0.0,"{""type"":""MultiPoint"",""coordinates"":[]}"
20241117,2024-11-17,0.0,"{""type"":""MultiPoint"",""coordinates"":[]}"
20241118,2024-11-18,0.0,"{""type"":""MultiPoint"",""coordinates"":[]}"
20241119,2024-11-19,0.0,"{""type"":""MultiPoint"",""coordinates"":[]}"
20241120,2024-11-20,0.0,"{""type"":""MultiPoint"",""coordinates"":[]}"
20241121,2024-11-21,0.0,"{""type"":""MultiPoint"",""coordinates"":[]}"
20241122,2024-11-22,0.0,"{""type"":""MultiPoint"",""coordinates"":[]}"
20241123,2024-11-23,0.0,"{""type"":""MultiPoint"",""coordinates"":[]}"
20241124,2024-11-24,0.546333234248508,"{""type"":""MultiPoint"",""coordinates"":[]}"
20241125,2024-11-25,0.0,"{""type"":""MultiPoint"",""coordinates"":[]}"
20241126,2024-11-26,0.0011488918446835522,"{""type"":""MultiPoint"",""coordinates"":[]}"
20241127,2024-11-27,1.27165000641248,"{""type"":""MultiPoint"",""coordinates"":[]}"
20241128,2024-11-28,0.24159127529272476,"{""type"":""MultiPoint"",""coordinates"":[]}"
20241129,2024-11-29,6.6515064731642,"{""type"":""MultiPoint"",""coordinates"":[]}"
20241130,2024-11-30,8.690390495518102,"{""type"":""MultiPoint"",""coordinates"":[]}"
20241201,2024-12-01,1.4365252111562914,"{""type"":""MultiPoint"",""coordinates"":[]}"
20241202,2024-12-02,1.4123728423676793,"{""type"":""MultiPoint"",""coordinates"":[]}"
20241203,2024-12-03,0.0,"{""type"":""MultiPoint"",""coordinates"":[]}"
20241204,2024-12-04,0.07599832711613608,"{""type"":""MultiPoint"",""coordinates"":[]}"
20241205,2024-12-05,0.0,"{""type"":""MultiPoint"",""coordinates"":[]}"
20241206,2024-12-06,0.0,"{""type"":""MultiPoint"",""coordinates"":[]}"
20241207,2024-12-07,0.3374747963888541,"{""type"":""MultiPoint"",""coordinates"":[]}"
20241208,2024-12-08,0.0,"{""type"":""MultiPoint"",""coordinates"":[]}"
20241209,2024-12-09,0.0,"{""type"":""MultiPoint"",""coordinates"":[]}"
20241210,2024-12-10,0.23893838796362526,"{""type"":""MultiPoint"",""coordinates"":[]}"
20241211,2024-12-11,0.24134504501577203,"{""type"":""MultiPoint"",""coordinates"":[]}"
20241212,2024-12-12,0.0,"{""type"":""MultiPoint"",""coordinates"":[]}"
20241213,2024-12-13,0.0,"{""type"":""MultiPoint"",""coordinates"":[]}"
20241214,2024-12-14,0.0,"{""type"":""MultiPoint"",""coordinates"":[]}"
20241215,2024-12-15,0.0,"{""type"":""MultiPoint"",""coordinates"":[]}"
20241216,2024-12-16,0.0,"{""type"":""MultiPoint"",""coordinates"":[]}"
20241217,2024-12-17,0.21395065737736524,"{""type"":""MultiPoint"",""coordinates"":[]}"
20241218,2024-12-18,0.9847239986600376,"{""type"":""MultiPoint"",""coordinates"":[]}"
20241219,2024-12-19,8.384080816405007,"{""type"":""MultiPoint"",""coordinates"":[]}"
20241220,2024-12-20,2.6499798926133673,"{""type"":""MultiPoint"",""coordinates"":[]}"
20241221,2024-12-21,0.0,"{""type"":""MultiPoint"",""coordinates"":[]}"
20241222,2024-12-22,0.0,"{""type"":""MultiPoint"",""coordinates"":[]}"
20241223,2024-12-23,0.0,"{""type"":""MultiPoint"",""coordinates"":[]}"
20241224,2024-12-24,0.2697991404661296,"{""type"":""MultiPoint"",""coordinates"":[]}"
20241225,2024-12-25,0.0,"{""type"":""MultiPoint"",""coordinates"":[]}"
20241226,2024-12-26,1.754068354293929,"{""type"":""MultiPoint"",""coordinates"":[]}"
20241227,2024-12-27,0.0,"{""type"":""MultiPoint"",""coordinates"":[]}"
20241228,2024-12-28,0.0,"{""type"":""MultiPoint"",""coordinates"":[]}"
20241229,2024-12-29,0.0,"{""type"":""MultiPoint"",""coordinates"":[]}"
20241230,2024-12-30,0.0,"{""type"":""MultiPoint"",""coordinates"":[]}"
20241231,2024-12-31,0.0,"{""type"":""MultiPoint"",""coordinates"":[]}"
20250101,2025-01-01,0.0,"{""type"":""MultiPoint"",""coordinates"":[]}"
20250102,2025-01-02,0.0,"{""type"":""MultiPoint"",""coordinates"":[]}"
20250103,2025-01-03,0.021472802310679513,"{""type"":""MultiPoint"",""coordinates"":[]}"
20250104,2025-01-04,0.0,"{""type"":""MultiPoint"",""coordinates"":[]}"
20250105,2025-01-05,0.007671193553235347,"{""type"":""MultiPoint"",""coordinates"":[]}"
20250106,2025-01-06,0.020874541929199138,"{""type"":""MultiPoint"",""coordinates"":[]}"
20250107,2025-01-07,0.07203675902920591,"{""type"":""MultiPoint"",""coordinates"":[]}"
20250108,2025-01-08,0.0,"{""type"":""MultiPoint"",""coordinates"":[]}"
20250109,2025-01-09,0.0,"{""type"":""MultiPoint"",""coordinates"":[]}"
20250110,2025-01-10,0.0,"{""type"":""MultiPoint"",""coordinates"":[]}"
20250111,2025-01-11,0.01611411039423929,"{""type"":""MultiPoint"",""coordinates"":[]}"
20250112,2025-01-12,0.11167134778353358,"{""type"":""MultiPoint"",""coordinates"":[]}"
20250113,2025-01-13,0.0,"{""type"":""MultiPoint"",""coordinates"":[]}"
20250114,2025-01-14,0.0,"{""type"":""MultiPoint"",""coordinates"":[]}"
20250115,2025-01-15,0.2693491121841294,"{""type"":""MultiPoint"",""coordinates"":[]}"
20250116,2025-01-16,0.30427446751658777,"{""type"":""MultiPoint"",""coordinates"":[]}"
20250117,2025-01-17,0.0,"{""type"":""MultiPoint"",""coordinates"":[]}"
20250118,2025-01-18,0.022247695957535223,"{""type"":""MultiPoint"",""coordinates"":[]}"
20250119,2025-01-19,0.0,"{""type"":""MultiPoint"",""coordinates"":[]}"
20250120,2025-01-20,0.2530440232897166,"{""type"":""MultiPoint"",""coordinates"":[]}"
20250121,2025-01-21,0.27260021191622724,"{""type"":""MultiPoint"",""coordinates"":[]}"
20250122,2025-01-22,0.26118453034725914,"{""type"":""MultiPoint"",""coordinates"":[]}"
20250123,2025-01-23,0.8648641533305044,"{""type"":""MultiPoint"",""coordinates"":[]}"
20250124,2025-01-24,0.03396404194434415,"{""type"":""MultiPoint"",""coordinates"":[]}"
20250125,2025-01-25,0.19449427587674623,"{""type"":""MultiPoint"",""coordinates"":[]}"
20250126,2025-01-26,0.0,"{""type"":""MultiPoint"",""coordinates"":[]}"
20250127,2025-01-27,0.0,"{""type"":""MultiPoint"",""coordinates"":[]}"
20250128,2025-01-28,0.1683196636811141,"{""type"":""MultiPoint"",""coordinates"":[]}"
20250129,2025-01-29,0.0,"{""type"":""MultiPoint"",""coordinates"":[]}"
20250130,2025-01-30,0.0,"{""type"":""MultiPoint"",""coordinates"":[]}"
20250131,2025-01-31,0.0,"{""type"":""MultiPoint"",""coordinates"":[]}"
20250201,2025-02-01,0.0,"{""type"":""MultiPoint"",""coordinates"":[]}"
20250202,2025-02-02,0.0,"{""type"":""MultiPoint"",""coordinates"":[]}"
20250203,2025-02-03,0.0,"{""type"":""MultiPoint"",""coordinates"":[]}"
20250204,2025-02-04,0.012284246810898458,"{""type"":""MultiPoint"",""coordinates"":[]}"
20250205,2025-02-05,0.0,"{""type"":""MultiPoint"",""coordinates"":[]}"
20250206,2025-02-06,0.1138247061619314,"{""type"":""MultiPoint"",""coordinates"":[]}"
20250207,2025-02-07,0.8616582866220069,"{""type"":""MultiPoint"",""coordinates"":[]}"
20250208,2025-02-08,2.0882044894092693,"{""type"":""MultiPoint"",""coordinates"":[]}"
20250209,2025-02-09,0.05704987549665085,"{""type"":""MultiPoint"",""coordinates"":[]}"
20250210,2025-02-10,0.7318145785183504,"{""type"":""MultiPoint"",""coordinates"":[]}"
20250211,2025-02-11,0.0,"{""type"":""MultiPoint"",""coordinates"":[]}"
20250212,2025-02-12,0.0,"{""type"":""MultiPoint"",""coordinates"":[]}"
20250213,2025-02-13,0.0,"{""type"":""MultiPoint"",""coordinates"":[]}"
20250214,2025-02-14,0.0,"{""type"":""MultiPoint"",""coordinates"":[]}"
20250215,2025-02-15,0.0,"{""type"":""MultiPoint"",""coordinates"":[]}"
20250216,2025-02-16,0.0,"{""type"":""MultiPoint"",""coordinates"":[]}"
20250217,2025-02-17,0.0,"{""type"":""MultiPoint"",""coordinates"":[]}"
20250218,2025-02-18,0.0,"{""type"":""MultiPoint"",""coordinates"":[]}"
20250219,2025-02-19,0.0,"{""type"":""MultiPoint"",""coordinates"":[]}"
20250220,2025-02-20,0.0,"{""type"":""MultiPoint"",""coordinates"":[]}"
20250221,2025-02-21,0.019967719564707144,"{""type"":""MultiPoint"",""coordinates"":[]}"
20250222,2025-02-22,0.0,"{""type"":""MultiPoint"",""coordinates"":[]}"
20250223,2025-02-23,0.010165219704336379,"{""type"":""MultiPoint"",""coordinates"":[]}"
20250224,2025-02-24,0.0,"{""type"":""MultiPoint"",""coordinates"":[]}"
20250225,2025-02-25,0.0,"{""type"":""MultiPoint"",""coordinates"":[]}"
20250226,2025-02-26,0.3954024399342794,"{""type"":""MultiPoint"",""coordinates"":[]}"
20250227,2025-02-27,0.14830979222698992,"{""type"":""MultiPoint"",""coordinates"":[]}"
20250228,2025-02-28,1.4990164260137846,"{""type"":""MultiPoint"",""coordinates"":[]}"
20250301,2025-03-01,0.037716019614467154,"{""type"":""MultiPoint"",""coordinates"":[]}"
20250302,2025-03-02,0.02570820996406551,"{""type"":""MultiPoint"",""coordinates"":[]}"
20250303,2025-03-03,0.0,"{""type"":""MultiPoint"",""coordinates"":[]}"
20250304,2025-03-04,0.12694570015296525,"{""type"":""MultiPoint"",""coordinates"":[]}"
20250305,2025-03-05,0.0054919169296699455,"{""type"":""MultiPoint"",""coordinates"":[]}"
20250306,2025-03-06,0.0,"{""type"":""MultiPoint"",""coordinates"":[]}"
20250307,2025-03-07,0.0,"{""type"":""MultiPoint"",""coordinates"":[]}"
20250308,2025-03-08,0.0,"{""type"":""MultiPoint"",""coordinates"":[]}"
20250309,2025-03-09,0.0,"{""type"":""MultiPoint"",""coordinates"":[]}"
20250310,2025-03-10,0.0,"{""type"":""MultiPoint"",""coordinates"":[]}"
20250311,2025-03-11,0.0,"{""type"":""MultiPoint"",""coordinates"":[]}"
20250312,2025-03-12,0.0,"{""type"":""MultiPoint"",""coordinates"":[]}"
20250313,2025-03-13,0.0,"{""type"":""MultiPoint"",""coordinates"":[]}"
20250314,2025-03-14,0.0,"{""type"":""MultiPoint"",""coordinates"":[]}"
20250315,2025-03-15,0.0,"{""type"":""MultiPoint"",""coordinates"":[]}"
20250316,2025-03-16,0.0,"{""type"":""MultiPoint"",""coordinates"":[]}"
20250317,2025-03-17,0.0,"{""type"":""MultiPoint"",""coordinates"":[]}"
20250318,2025-03-18,0.0,"{""type"":""MultiPoint"",""coordinates"":[]}"
20250319,2025-03-19,0.0,"{""type"":""MultiPoint"",""coordinates"":[]}"
20250320,2025-03-20,0.0,"{""type"":""MultiPoint"",""coordinates"":[]}"
20250321,2025-03-21,0.0,"{""type"":""MultiPoint"",""coordinates"":[]}"
20250322,2025-03-22,0.03230432178232711,"{""type"":""MultiPoint"",""coordinates"":[]}"
20250323,2025-03-23,0.0,"{""type"":""MultiPoint"",""coordinates"":[]}"
20250324,2025-03-24,0.33350852911371803,"{""type"":""MultiPoint"",""coordinates"":[]}"
20250325,2025-03-25,0.10194099320705109,"{""type"":""MultiPoint"",""coordinates"":[]}"
20250326,2025-03-26,1.447859173341931E-4,"{""type"":""MultiPoint"",""coordinates"":[]}"
20250327,2025-03-27,0.0,"{""type"":""MultiPoint"",""coordinates"":[]}"
20250328,2025-03-28,0.0,"{""type"":""MultiPoint"",""coordinates"":[]}"
20250329,2025-03-29,0.007652347215926868,"{""type"":""MultiPoint"",""coordinates"":[]}"
20250330,2025-03-30,0.0,"{""type"":""MultiPoint"",""coordinates"":[]}"
20250331,2025-03-31,0.015135255625382017,"{""type"":""MultiPoint"",""coordinates"":[]}"
20250401,2025-04-01,0.0,"{""type"":""MultiPoint"",""coordinates"":[]}"
20250402,2025-04-02,0.0,"{""type"":""MultiPoint"",""coordinates"":[]}"
20250403,2025-04-03,0.010359717570476,"{""type"":""MultiPoint"",""coordinates"":[]}"
20250404,2025-04-04,0.3633619104148183,"{""type"":""MultiPoint"",""coordinates"":[]}"
20250405,2025-04-05,0.4271502143495518,"{""type"":""MultiPoint"",""coordinates"":[]}"
20250406,2025-04-06,0.05694569576598242,"{""type"":""MultiPoint"",""coordinates"":[]}"
20250407,2025-04-07,0.6295433309710986,"{""type"":""MultiPoint"",""coordinates"":[]}"
20250408,2025-04-08,3.565509654935446,"{""type"":""MultiPoint"",""coordinates"":[]}"
20250409,2025-04-09,0.0,"{""type"":""MultiPoint"",""coordinates"":[]}"
20250410,2025-04-10,0.9066108868260788,"{""type"":""MultiPoint"",""coordinates"":[]}"
20250411,2025-04-11,0.07777627362239913,"{""type"":""MultiPoint"",""coordinates"":[]}"
20250412,2025-04-12,0.1625635819736868,"{""type"":""MultiPoint"",""coordinates"":[]}"
20250413,2025-04-13,3.302130368841911,"{""type"":""MultiPoint"",""coordinates"":[]}"
20250414,2025-04-14,0.0,"{""type"":""MultiPoint"",""coordinates"":[]}"
20250415,2025-04-15,0.9807909886562535,"{""type"":""MultiPoint"",""coordinates"":[]}"
20250416,2025-04-16,0.0,"{""type"":""MultiPoint"",""coordinates"":[]}"
20250417,2025-04-17,0.0,"{""type"":""MultiPoint"",""coordinates"":[]}"
20250418,2025-04-18,0.5983518821616822,"{""type"":""MultiPoint"",""coordinates"":[]}"
20250419,2025-04-19,0.0,"{""type"":""MultiPoint"",""coordinates"":[]}"
20250420,2025-04-20,2.1462722090015354,"{""type"":""MultiPoint"",""coordinates"":[]}"
20250421,2025-04-21,0.08853735673414186,"{""type"":""MultiPoint"",""coordinates"":[]}"
20250422,2025-04-22,1.5693128023109963,"{""type"":""MultiPoint"",""coordinates"":[]}"
20250423,2025-04-23,0.0,"{""type"":""MultiPoint"",""coordinates"":[]}"
20250424,2025-04-24,0.0,"{""type"":""MultiPoint"",""coordinates"":[]}"
20250425,2025-04-25,0.005491518094600656,"{""type"":""MultiPoint"",""coordinates"":[]}"
20250426,2025-04-26,0.6704630572069248,"{""type"":""MultiPoint"",""coordinates"":[]}"
20250427,2025-04-27,0.15086425009990678,"{""type"":""MultiPoint"",""coordinates"":[]}"
20250428,2025-04-28,0.027767841237204462,"{""type"":""MultiPoint"",""coordinates"":[]}"
20250429,2025-04-29,8.687782622520873,"{""type"":""MultiPoint"",""coordinates"":[]}"
20250430,2025-04-30,2.7080410789887965,"{""type"":""MultiPoint"",""coordinates"":[]}"
20250501,2025-05-01,1.7989235499907392,"{""type"":""MultiPoint"",""coordinates"":[]}"
20250502,2025-05-02,1.156301508263769,"{""type"":""MultiPoint"",""coordinates"":[]}"
20250503,2025-05-03,0.1731180075157228,"{""type"":""MultiPoint"",""coordinates"":[]}"
20250504,2025-05-04,6.732277520774586,"{""type"":""MultiPoint"",""coordinates"":[]}"
20250505,2025-05-05,0.06726391795933895,"{""type"":""MultiPoint"",""coordinates"":[]}"
20250506,2025-05-06,3.436784542974018,"{""type"":""MultiPoint"",""coordinates"":[]}"
20250507,2025-05-07,0.5624360824743023,"{""type"":""MultiPoint"",""coordinates"":[]}"
20250508,2025-05-08,4.852218852666288,"{""type"":""MultiPoint"",""coordinates"":[]}"
20250509,2025-05-09,0.951786532769037,"{""type"":""MultiPoint"",""coordinates"":[]}"
20250510,2025-05-10,1.9447655536329795E-6,"{""type"":""MultiPoint"",""coordinates"":[]}"
20250511,2025-05-11,0.0,"{""type"":""MultiPoint"",""coordinates"":[]}"
20250512,2025-05-12,1.4600786101355903,"{""type"":""MultiPoint"",""coordinates"":[]}"
20250513,2025-05-13,1.4065398914813108,"{""type"":""MultiPoint"",""coordinates"":[]}"
20250514,2025-05-14,2.116225424872085,"{""type"":""MultiPoint"",""coordinates"":[]}"
20250515,2025-05-15,10.570197663070926,"{""type"":""MultiPoint"",""coordinates"":[]}"
20250516,2025-05-16,2.0140245433586155,"{""type"":""MultiPoint"",""coordinates"":[]}"
20250517,2025-05-17,4.058029420119601,"{""type"":""MultiPoint"",""coordinates"":[]}"
20250518,2025-05-18,13.483025132273667,"{""type"":""MultiPoint"",""coordinates"":[]}"
20250519,2025-05-19,17.696975246173974,"{""type"":""MultiPoint"",""coordinates"":[]}"
20250520,2025-05-20,20.73277745352726,"{""type"":""MultiPoint"",""coordinates"":[]}"
20250521,2025-05-21,16.774581390317525,"{""type"":""MultiPoint"",""coordinates"":[]}"
20250522,2025-05-22,9.463939303710058,"{""type"":""MultiPoint"",""coordinates"":[]}"
20250523,2025-05-23,10.146030915937237,"{""type"":""MultiPoint"",""coordinates"":[]}"
20250524,2025-05-24,11.251691716624714,"{""type"":""MultiPoint"",""coordinates"":[]}"
20250525,2025-05-25,15.103448372026579,"{""type"":""MultiPoint"",""coordinates"":[]}"
20250526,2025-05-26,7.123104539125962,"{""type"":""MultiPoint"",""coordinates"":[]}"
20250527,2025-05-27,11.904495224175692,"{""type"":""MultiPoint"",""coordinates"":[]}"
20250528,2025-05-28,9.944611141237566,"{""type"":""MultiPoint"",""coordinates"":[]}"
20250529,2025-05-29,6.047954271470256,"{""type"":""MultiPoint"",""coordinates"":[]}"
20250530,2025-05-30,6.458093952369591,"{""type"":""MultiPoint"",""coordinates"":[]}"
20250531,2025-05-31,4.341794349344323,"{""type"":""MultiPoint"",""coordinates"":[]}"
20250601,2025-06-01,0.0,"{""type"":""MultiPoint"",""coordinates"":[]}"
20250602,2025-06-02,0.7470706538212971,"{""type"":""MultiPoint"",""coordinates"":[]}"
20250603,2025-06-03,0.1905001002316668,"{""type"":""MultiPoint"",""coordinates"":[]}"
20250604,2025-06-04,3.653390955826719E-5,"{""type"":""MultiPoint"",""coordinates"":[]}"
20250605,2025-06-05,0.6397300725766858,"{""type"":""MultiPoint"",""coordinates"":[]}"
20250606,2025-06-06,1.4569388211578818,"{""type"":""MultiPoint"",""coordinates"":[]}"
20250607,2025-06-07,1.0496781671146271,"{""type"":""MultiPoint"",""coordinates"":[]}"
20250608,2025-06-08,0.12161875243026044,"{""type"":""MultiPoint"",""coordinates"":[]}"
20250609,2025-06-09,0.0,"{""type"":""MultiPoint"",""coordinates"":[]}"
20250610,2025-06-10,6.214196727028283,"{""type"":""MultiPoint"",""coordinates"":[]}"
20250611,2025-06-11,1.5184368845668632,"{""type"":""MultiPoint"",""coordinates"":[]}"
20250612,2025-06-12,3.614771346516551,"{""type"":""MultiPoint"",""coordinates"":[]}"
20250613,2025-06-13,8.462596684977415,"{""type"":""MultiPoint"",""coordinates"":[]}"
20250614,2025-06-14,14.95280780952832,"{""type"":""MultiPoint"",""coordinates"":[]}"
20250615,2025-06-15,3.659442521136919,"{""type"":""MultiPoint"",""coordinates"":[]}"
20250616,2025-06-16,4.4564046469208565,"{""type"":""MultiPoint"",""coordinates"":[]}"
20250617,2025-06-17,4.099838598007467,"{""type"":""MultiPoint"",""coordinates"":[]}"
20250618,2025-06-18,0.7492521851706371,"{""type"":""MultiPoint"",""coordinates"":[]}"
20250619,2025-06-19,4.545215852346932,"{""type"":""MultiPoint"",""coordinates"":[]}"
20250620,2025-06-20,4.435472962429005,"{""type"":""MultiPoint"",""coordinates"":[]}"
20250621,2025-06-21,0.3566594756711886,"{""type"":""MultiPoint"",""coordinates"":[]}"
20250622,2025-06-22,1.5105712675859617,"{""type"":""MultiPoint"",""coordinates"":[]}"
20250623,2025-06-23,10.37874265223852,"{""type"":""MultiPoint"",""coordinates"":[]}"
20250624,2025-06-24,3.1540956820170787,"{""type"":""MultiPoint"",""coordinates"":[]}"
20250625,2025-06-25,9.179764967122486,"{""type"":""MultiPoint"",""coordinates"":[]}"
20250626,2025-06-26,7.2498259518333565,"{""type"":""MultiPoint"",""coordinates"":[]}"
20250627,2025-06-27,4.199607339768016,"{""type"":""MultiPoint"",""coordinates"":[]}"
20250628,2025-06-28,6.364647636898303,"{""type"":""MultiPoint"",""coordinates"":[]}"
20250629,2025-06-29,7.996421394466072,"{""type"":""MultiPoint"",""coordinates"":[]}"
20250630,2025-06-30,0.8754116556448903,"{""type"":""MultiPoint"",""coordinates"":[]}"
20250701,2025-07-01,19.166331878403472,"{""type"":""MultiPoint"",""coordinates"":[]}"
20250702,2025-07-02,21.684684848424926,"{""type"":""MultiPoint"",""coordinates"":[]}"
20250703,2025-07-03,4.267993435206158,"{""type"":""MultiPoint"",""coordinates"":[]}"
20250704,2025-07-04,3.1017488316693136,"{""type"":""MultiPoint"",""coordinates"":[]}"
20250705,2025-07-05,1.8408642769974117,"{""type"":""MultiPoint"",""coordinates"":[]}"
20250706,2025-07-06,11.42573218040164,"{""type"":""MultiPoint"",""coordinates"":[]}"
20250707,2025-07-07,1.3945295949512904,"{""type"":""MultiPoint"",""coordinates"":[]}"
20250708,2025-07-08,1.0643559055927034,"{""type"":""MultiPoint"",""coordinates"":[]}"
20250709,2025-07-09,0.21680571664598594,"{""type"":""MultiPoint"",""coordinates"":[]}"
20250710,2025-07-10,0.0,"{""type"":""MultiPoint"",""coordinates"":[]}"
20250711,2025-07-11,0.0,"{""type"":""MultiPoint"",""coordinates"":[]}"
20250712,2025-07-12,0.766246187381862,"{""type"":""MultiPoint"",""coordinates"":[]}"
20250713,2025-07-13,2.7994287125363124,"{""type"":""MultiPoint"",""coordinates"":[]}"
20250714,2025-07-14,6.141321621745406,"{""type"":""MultiPoint"",""coordinates"":[]}"
20250715,2025-07-15,4.409314254293021,"{""type"":""MultiPoint"",""coordinates"":[]}"
20250716,2025-07-16,8.673843425829855,"{""type"":""MultiPoint"",""coordinates"":[]}"
20250717,2025-07-17,9.378502018664157,"{""type"":""MultiPoint"",""coordinates"":[]}"
20250718,2025-07-18,9.348533417944239,"{""type"":""MultiPoint"",""coordinates"":[]}"
20250719,2025-07-19,7.430832791016805,"{""type"":""MultiPoint"",""coordinates"":[]}"
20250720,2025-07-20,22.152150372237166,"{""type"":""MultiPoint"",""coordinates"":[]}"
20250721,2025-07-21,9.415947017698269,"{""type"":""MultiPoint"",""coordinates"":[]}"
20250722,2025-07-22,1.391285871618071,"{""type"":""MultiPoint"",""coordinates"":[]}"
20250723,2025-07-23,18.287548884565815,"{""type"":""MultiPoint"",""coordinates"":[]}"
20250724,2025-07-24,13.272076295191448,"{""type"":""MultiPoint"",""coordinates"":[]}"
20250725,2025-07-25,11.2077124215709,"{""type"":""MultiPoint"",""coordinates"":[]}"
20250726,2025-07-26,10.145695929070722,"{""type"":""MultiPoint"",""coordinates"":[]}"
20250727,2025-07-27,0.0,"{""type"":""MultiPoint"",""coordinates"":[]}"
20250728,2025-07-28,1.2346999905938612,"{""type"":""MultiPoint"",""coordinates"":[]}"
20250729,2025-07-29,5.1626615408627305,"{""type"":""MultiPoint"",""coordinates"":[]}"
20250730,2025-07-30,0.5699754260289416,"{""type"":""MultiPoint"",""coordinates"":[]}"
20250731,2025-07-31,0.0,"{""type"":""MultiPoint"",""coordinates"":[]}"
20250801,2025-08-01,0.10427409729067054,"{""type"":""MultiPoint"",""coordinates"":[]}"
20250802,2025-08-02,0.3522227246575976,"{""type"":""MultiPoint"",""coordinates"":[]}"
20250803,2025-08-03,0.0,"{""type"":""MultiPoint"",""coordinates"":[]}"
20250804,2025-08-04,3.620119399250234,"{""type"":""MultiPoint"",""coordinates"":[]}"
20250805,2025-08-05,0.0,"{""type"":""MultiPoint"",""coordinates"":[]}"
20250806,2025-08-06,0.6945925721960549,"{""type"":""MultiPoint"",""coordinates"":[]}"
20250807,2025-08-07,10.206275121173359,"{""type"":""MultiPoint"",""coordinates"":[]}"
20250808,2025-08-08,19.700011172667523,"{""type"":""MultiPoint"",""coordinates"":[]}"
20250809,2025-08-09,5.706634986127078,"{""type"":""MultiPoint"",""coordinates"":[]}"
20250810,2025-08-10,7.486504608973279,"{""type"":""MultiPoint"",""coordinates"":[]}"
20250811,2025-08-11,5.141640699806544,"{""type"":""MultiPoint"",""coordinates"":[]}"
20250812,2025-08-12,8.236539226382448,"{""type"":""MultiPoint"",""coordinates"":[]}"
20250813,2025-08-13,6.791623003579672,"{""type"":""MultiPoint"",""coordinates"":[]}"
20250814,2025-08-14,5.053548842045148,"{""type"":""MultiPoint"",""coordinates"":[]}"
20250815,2025-08-15,15.358293073099407,"{""type"":""MultiPoint"",""coordinates"":[]}"
20250816,2025-08-16,39.906393524137926,"{""type"":""MultiPoint"",""coordinates"":[]}"
20250817,2025-08-17,55.52569138313496,"{""type"":""MultiPoint"",""coordinates"":[]}"
20250818,2025-08-18,46.89834329597372,"{""type"":""MultiPoint"",""coordinates"":[]}"
20250819,2025-08-19,0.011710732637286971,"{""type"":""MultiPoint"",""coordinates"":[]}"
20250820,2025-08-20,0.08499189736300838,"{""type"":""MultiPoint"",""coordinates"":[]}"
20250821,2025-08-21,1.3750038559655573,"{""type"":""MultiPoint"",""coordinates"":[]}"
20250822,2025-08-22,6.146431392060911,"{""type"":""MultiPoint"",""coordinates"":[]}"
20250823,2025-08-23,7.384055586348774,"{""type"":""MultiPoint"",""coordinates"":[]}"
20250824,2025-08-24,9.364761345005881,"{""type"":""MultiPoint"",""coordinates"":[]}"
20250825,2025-08-25,16.012111157620968,"{""type"":""MultiPoint"",""coordinates"":[]}"
20250826,2025-08-26,25.84938273663935,"{""type"":""MultiPoint"",""coordinates"":[]}"
20250827,2025-08-27,18.660913791920105,"{""type"":""MultiPoint"",""coordinates"":[]}"
20250828,2025-08-28,5.6210724207362235,"{""type"":""MultiPoint"",""coordinates"":[]}"
20250829,2025-08-29,4.632405138275352,"{""type"":""MultiPoint"",""coordinates"":[]}"
20250830,2025-08-30,0.20573408416218844,"{""type"":""MultiPoint"",""coordinates"":[]}"
20250831,2025-08-31,12.880831773623367,"{""type"":""MultiPoint"",""coordinates"":[]}"
20250901,2025-09-01,7.716712321215147,"{""type"":""MultiPoint"",""coordinates"":[]}"
20250902,2025-09-02,6.412375518870975,"{""type"":""MultiPoint"",""coordinates"":[]}"
20250903,2025-09-03,3.9020341728567036,"{""type"":""MultiPoint"",""coordinates"":[]}"
20250904,2025-09-04,1.3030669383357996,"{""type"":""MultiPoint"",""coordinates"":[]}"
20250905,2025-09-05,2.1230444717460837,"{""type"":""MultiPoint"",""coordinates"":[]}"
20250906,2025-09-06,5.5588877586305365,"{""type"":""MultiPoint"",""coordinates"":[]}"
20250907,2025-09-07,12.879720404132918,"{""type"":""MultiPoint"",""coordinates"":[]}"
20250908,2025-09-08,4.176550169471827,"{""type"":""MultiPoint"",""coordinates"":[]}"
20250909,2025-09-09,7.368348614203485,"{""type"":""MultiPoint"",""coordinates"":[]}"
20250910,2025-09-10,11.420342275928128,"{""type"":""MultiPoint"",""coordinates"":[]}"
20250911,2025-09-11,5.33911506004658,"{""type"":""MultiPoint"",""coordinates"":[]}"
20250912,2025-09-12,16.843665780072893,"{""type"":""MultiPoint"",""coordinates"":[]}"
20250913,2025-09-13,2.2611515575158503,"{""type"":""MultiPoint"",""coordinates"":[]}"
20250914,2025-09-14,0.3477172255739395,"{""type"":""MultiPoint"",""coordinates"":[]}"
20250915,2025-09-15,10.454452542200928,"{""type"":""MultiPoint"",""coordinates"":[]}"
20250916,2025-09-16,22.804160153574966,"{""type"":""MultiPoint"",""coordinates"":[]}"
20250917,2025-09-17,0.30145321568349914,"{""type"":""MultiPoint"",""coordinates"":[]}"
20250918,2025-09-18,0.37404966356997676,"{""type"":""MultiPoint"",""coordinates"":[]}"
20250919,2025-09-19,0.6035194530084312,"{""type"":""MultiPoint"",""coordinates"":[]}"
20250920,2025-09-20,11.366255445596384,"{""type"":""MultiPoint"",""coordinates"":[]}"
20250921,2025-09-21,9.126097565546598,"{""type"":""MultiPoint"",""coordinates"":[]}"
20250922,2025-09-22,14.329071035993463,"{""type"":""MultiPoint"",""coordinates"":[]}"
20250923,2025-09-23,10.784515630043025,"{""type"":""MultiPoint"",""coordinates"":[]}"
20250924,2025-09-24,0.013864585317994987,"{""type"":""MultiPoint"",""coordinates"":[]}"
20250925,2025-09-25,0.0,"{""type"":""MultiPoint"",""coordinates"":[]}"
20250926,2025-09-26,14.82615982064408,"{""type"":""MultiPoint"",""coordinates"":[]}"
20250927,2025-09-27,0.15574247881629893,"{""type"":""MultiPoint"",""coordinates"":[]}"
20250928,2025-09-28,0.0,"{""type"":""MultiPoint"",""coordinates"":[]}"
20250929,2025-09-29,6.23820503252689,"{""type"":""MultiPoint"",""coordinates"":[]}"
20250930,2025-09-30,15.37000114483316,"{""type"":""MultiPoint"",""coordinates"":[]}"
20251001,2025-10-01,22.726577542641603,"{""type"":""MultiPoint"",""coordinates"":[]}"
20251002,2025-10-02,28.115102645626674,"{""type"":""MultiPoint"",""coordinates"":[]}"
20251003,2025-10-03,0.0,"{""type"":""MultiPoint"",""coordinates"":[]}"
20251004,2025-10-04,2.0884390736554277,"{""type"":""MultiPoint"",""coordinates"":[]}"
20251005,2025-10-05,7.668269560517792,"{""type"":""MultiPoint"",""coordinates"":[]}"
20251006,2025-10-06,4.156764442193541,"{""type"":""MultiPoint"",""coordinates"":[]}"
20251007,2025-10-07,1.7793387749608571,"{""type"":""MultiPoint"",""coordinates"":[]}"
20251008,2025-10-08,7.908938730315681,"{""type"":""MultiPoint"",""coordinates"":[]}"
20251009,2025-10-09,8.450656883626955,"{""type"":""MultiPoint"",""coordinates"":[]}"
20251010,2025-10-10,4.668835948684758,"{""type"":""MultiPoint"",""coordinates"":[]}"
20251011,2025-10-11,7.588359464538901,"{""type"":""MultiPoint"",""coordinates"":[]}"
20251012,2025-10-12,9.784714084980198,"{""type"":""MultiPoint"",""coordinates"":[]}"
20251013,2025-10-13,24.7173193182707,"{""type"":""MultiPoint"",""coordinates"":[]}"
20251014,2025-10-14,11.75919504961692,"{""type"":""MultiPoint"",""coordinates"":[]}"
20251015,2025-10-15,0.0,"{""type"":""MultiPoint"",""coordinates"":[]}"
20251016,2025-10-16,0.5925548314212659,"{""type"":""MultiPoint"",""coordinates"":[]}"
20251017,2025-10-17,0.0,"{""type"":""MultiPoint"",""coordinates"":[]}"
20251018,2025-10-18,23.043810291490406,"{""type"":""MultiPoint"",""coordinates"":[]}"
20251019,2025-10-19,15.301329689566744,"{""type"":""MultiPoint"",""coordinates"":[]}"
20251020,2025-10-20,4.292995975048501,"{""type"":""MultiPoint"",""coordinates"":[]}"
20251021,2025-10-21,7.097535636411411,"{""type"":""MultiPoint"",""coordinates"":[]}"
20251022,2025-10-22,39.27168433053329,"{""type"":""MultiPoint"",""coordinates"":[]}"
20251023,2025-10-23,38.16988126669669,"{""type"":""MultiPoint"",""coordinates"":[]}"
20251024,2025-10-24,19.478012615410616,"{""type"":""MultiPoint"",""coordinates"":[]}"
20251025,2025-10-25,0.0,"{""type"":""MultiPoint"",""coordinates"":[]}"
20251026,2025-10-26,2.3634986438850873,"{""type"":""MultiPoint"",""coordinates"":[]}"
20251027,2025-10-27,57.458391353113896,"{""type"":""MultiPoint"",""coordinates"":[]}"
20251028,2025-10-28,26.910649320437045,"{""type"":""MultiPoint"",""coordinates"":[]}"
20251029,2025-10-29,0.9110673500963989,"{""type"":""MultiPoint"",""coordinates"":[]}"
20251030,2025-10-30,7.7496642670697335,"{""type"":""MultiPoint"",""coordinates"":[]}"
20251031,2025-10-31,0.0,"{""type"":""MultiPoint"",""coordinates"":[]}"
20251101,2025-11-01,0.0,"{""type"":""MultiPoint"",""coordinates"":[]}"
20251102,2025-11-02,0.28260948882172027,"{""type"":""MultiPoint"",""coordinates"":[]}"
20251103,2025-11-03,2.2797787393723077,"{""type"":""MultiPoint"",""coordinates"":[]}"
20251104,2025-11-04,0.43969565008412304,"{""type"":""MultiPoint"",""coordinates"":[]}"
20251105,2025-11-05,0.0,"{""type"":""MultiPoint"",""coordinates"":[]}"
20251106,2025-11-06,0.19497557148219463,"{""type"":""MultiPoint"",""coordinates"":[]}"
20251107,2025-11-07,0.0,"{""type"":""MultiPoint"",""coordinates"":[]}"
20251108,2025-11-08,0.0,"{""type"":""MultiPoint"",""coordinates"":[]}"
20251109,2025-11-09,0.0,"{""type"":""MultiPoint"",""coordinates"":[]}"
20251110,2025-11-10,0.0,"{""type"":""MultiPoint"",""coordinates"":[]}"
20251111,2025-11-11,0.0,"{""type"":""MultiPoint"",""coordinates"":[]}"
20251112,2025-11-12,0.0,"{""type"":""MultiPoint"",""coordinates"":[]}"
20251113,2025-11-13,0.0,"{""type"":""MultiPoint"",""coordinates"":[]}"
20251114,2025-11-14,0.0,"{""type"":""MultiPoint"",""coordinates"":[]}"
20251115,2025-11-15,0.0,"{""type"":""MultiPoint"",""coordinates"":[]}"
20251116,2025-11-16,0.0,"{""type"":""MultiPoint"",""coordinates"":[]}"
20251117,2025-11-17,0.0,"{""type"":""MultiPoint"",""coordinates"":[]}"
20251118,2025-11-18,0.0,"{""type"":""MultiPoint"",""coordinates"":[]}"
20251119,2025-11-19,0.0,"{""type"":""MultiPoint"",""coordinates"":[]}"
20251120,2025-11-20,0.0,"{""type"":""MultiPoint"",""coordinates"":[]}"
20251121,2025-11-21,1.9034335251509447,"{""type"":""MultiPoint"",""coordinates"":[]}"
20251122,2025-11-22,0.15192544472996952,"{""type"":""MultiPoint"",""coordinates"":[]}"
20251123,2025-11-23,0.14247300287787426,"{""type"":""MultiPoint"",""coordinates"":[]}"
20251124,2025-11-24,0.006288350732235106,"{""type"":""MultiPoint"",""coordinates"":[]}"
20251125,2025-11-25,0.0,"{""type"":""MultiPoint"",""coordinates"":[]}"
20251126,2025-11-26,1.3411873763947691E-5,"{""type"":""MultiPoint"",""coordinates"":[]}"
20251127,2025-11-27,1.188945890106227E-5,"{""type"":""MultiPoint"",""coordinates"":[]}"
20251128,2025-11-28,1.9607349051114036,"{""type"":""MultiPoint"",""coordinates"":[]}"
20251129,2025-11-29,7.516892169717603,"{""type"":""MultiPoint"",""coordinates"":[]}"
20251130,2025-11-30,9.30482161803649,"{""type"":""MultiPoint"",""coordinates"":[]}"
20251201,2025-12-01,3.0717436713961277,"{""type"":""MultiPoint"",""coordinates"":[]}"
20251202,2025-12-02,2.2621855786569345,"{""type"":""MultiPoint"",""coordinates"":[]}"
20251203,2025-12-03,5.096587501882249,"{""type"":""MultiPoint"",""coordinates"":[]}"
20251204,2025-12-04,0.0,"{""type"":""MultiPoint"",""coordinates"":[]}"
20251205,2025-12-05,0.0,"{""type"":""MultiPoint"",""coordinates"":[]}"
20251206,2025-12-06,0.0,"{""type"":""MultiPoint"",""coordinates"":[]}"
20251207,2025-12-07,0.0,"{""type"":""MultiPoint"",""coordinates"":[]}"
20251208,2025-12-08,0.0,"{""type"":""MultiPoint"",""coordinates"":[]}"
20251209,2025-12-09,0.00460418877597367,"{""type"":""MultiPoint"",""coordinates"":[]}"
20251210,2025-12-10,0.013981941607802006,"{""type"":""MultiPoint"",""coordinates"":[]}"
20251211,2025-12-11,0.0,"{""type"":""MultiPoint"",""coordinates"":[]}"
20251212,2025-12-12,0.0,"{""type"":""MultiPoint"",""coordinates"":[]}"
20251213,2025-12-13,0.0,"{""type"":""MultiPoint"",""coordinates"":[]}"
20251214,2025-12-14,0.0,"{""type"":""MultiPoint"",""coordinates"":[]}"
20251215,2025-12-15,0.0,"{""type"":""MultiPoint"",""coordinates"":[]}"
20251216,2025-12-16,0.0,"{""type"":""MultiPoint"",""coordinates"":[]}"
20251217,2025-12-17,0.0,"{""type"":""MultiPoint"",""coordinates"":[]}"
20251218,2025-12-18,0.0,"{""type"":""MultiPoint"",""coordinates"":[]}"
20251219,2025-12-19,0.0,"{""type"":""MultiPoint"",""coordinates"":[]}"
20251220,2025-12-20,0.0,"{""type"":""MultiPoint"",""coordinates"":[]}"
20251221,2025-12-21,0.008679230827906748,"{""type"":""MultiPoint"",""coordinates"":[]}"
20251222,2025-12-22,0.0,"{""type"":""MultiPoint"",""coordinates"":[]}"
20251223,2025-12-23,0.0,"{""type"":""MultiPoint"",""coordinates"":[]}"
20251224,2025-12-24,0.0,"{""type"":""MultiPoint"",""coordinates"":[]}"
20251225,2025-12-25,0.0,"{""type"":""MultiPoint"",""coordinates"":[]}"
20251226,2025-12-26,0.0,"{""type"":""MultiPoint"",""coordinates"":[]}"
20251227,2025-12-27,0.003515591959091578,"{""type"":""MultiPoint"",""coordinates"":[]}"
20251228,2025-12-28,0.0,"{""type"":""MultiPoint"",""coordinates"":[]}"
20251229,2025-12-29,0.0,"{""type"":""MultiPoint"",""coordinates"":[]}"
20251230,2025-12-30,0.0,"{""type"":""MultiPoint"",""coordinates"":[]}"
20251231,2025-12-31,0.0,"{""type"":""MultiPoint"",""coordinates"":[]}"
