system:index,date,gpp_mean_kg_C_m2,.geo
1_2001_01_01,2001-01-01,0.02417493811335479,"{""type"":""MultiPoint"",""coordinates"":[]}"
1_2001_01_09,2001-01-09,0.026146235787038122,"{""type"":""MultiPoint"",""coordinates"":[]}"
1_2001_01_17,2001-01-17,0.022534615291661713,"{""type"":""MultiPoint"",""coordinates"":[]}"
1_2001_01_25,2001-01-25,0.018779810413730155,"{""type"":""MultiPoint"",""coordinates"":[]}"
1_2001_02_02,2001-02-02,0.014921373221832393,"{""type"":""MultiPoint"",""coordinates"":[]}"
1_2001_02_10,2001-02-10,0.013531690149124908,"{""type"":""MultiPoint"",""coordinates"":[]}"
1_2001_02_18,2001-02-18,0.007228249266041264,"{""type"":""MultiPoint"",""coordinates"":[]}"
1_2001_02_26,2001-02-26,0.009077429138175108,"{""type"":""MultiPoint"",""coordinates"":[]}"
1_2001_03_06,2001-03-06,0.006662388380974455,"{""type"":""MultiPoint"",""coordinates"":[]}"
1_2001_03_14,2001-03-14,0.003864915429314948,"{""type"":""MultiPoint"",""coordinates"":[]}"
1_2001_03_22,2001-03-22,0.0019168680347723497,"{""type"":""MultiPoint"",""coordinates"":[]}"
1_2001_03_30,2001-03-30,0.004237785198180378,"{""type"":""MultiPoint"",""coordinates"":[]}"
1_2001_04_07,2001-04-07,0.005402727094821601,"{""type"":""MultiPoint"",""coordinates"":[]}"
1_2001_04_15,2001-04-15,0.013667547824407942,"{""type"":""MultiPoint"",""coordinates"":[]}"
1_2001_04_23,2001-04-23,0.008113867350619383,"{""type"":""MultiPoint"",""coordinates"":[]}"
1_2001_05_01,2001-05-01,0.0070433871463114065,"{""type"":""MultiPoint"",""coordinates"":[]}"
1_2001_05_09,2001-05-09,0.0025194823299242454,"{""type"":""MultiPoint"",""coordinates"":[]}"
1_2001_05_17,2001-05-17,0.00717645073543539,"{""type"":""MultiPoint"",""coordinates"":[]}"
1_2001_05_25,2001-05-25,0.006162307764058358,"{""type"":""MultiPoint"",""coordinates"":[]}"
1_2001_06_02,2001-06-02,0.008648318482149581,"{""type"":""MultiPoint"",""coordinates"":[]}"
1_2001_06_10,2001-06-10,0.00241880594994904,"{""type"":""MultiPoint"",""coordinates"":[]}"
1_2001_06_18,2001-06-18,0.0024732051109374003,"{""type"":""MultiPoint"",""coordinates"":[]}"
1_2001_07_04,2001-07-04,0.00522792664814299,"{""type"":""MultiPoint"",""coordinates"":[]}"
1_2001_07_12,2001-07-12,0.010241659617639655,"{""type"":""MultiPoint"",""coordinates"":[]}"
1_2001_07_20,2001-07-20,0.009572521722215909,"{""type"":""MultiPoint"",""coordinates"":[]}"
1_2001_07_28,2001-07-28,0.007756621515009884,"{""type"":""MultiPoint"",""coordinates"":[]}"
1_2001_08_05,2001-08-05,0.009855884022422268,"{""type"":""MultiPoint"",""coordinates"":[]}"
1_2001_08_13,2001-08-13,0.011802899413315955,"{""type"":""MultiPoint"",""coordinates"":[]}"
1_2001_08_21,2001-08-21,0.011826076084288584,"{""type"":""MultiPoint"",""coordinates"":[]}"
1_2001_08_29,2001-08-29,0.019469904487701323,"{""type"":""MultiPoint"",""coordinates"":[]}"
1_2001_09_06,2001-09-06,0.01590208117317441,"{""type"":""MultiPoint"",""coordinates"":[]}"
1_2001_09_14,2001-09-14,0.013989202251786488,"{""type"":""MultiPoint"",""coordinates"":[]}"
1_2001_09_22,2001-09-22,0.017109194894235038,"{""type"":""MultiPoint"",""coordinates"":[]}"
1_2001_09_30,2001-09-30,0.016397627895255278,"{""type"":""MultiPoint"",""coordinates"":[]}"
1_2001_10_08,2001-10-08,0.016047766352293488,"{""type"":""MultiPoint"",""coordinates"":[]}"
1_2001_10_16,2001-10-16,0.02663800694368894,"{""type"":""MultiPoint"",""coordinates"":[]}"
1_2001_10_24,2001-10-24,0.03335384729240988,"{""type"":""MultiPoint"",""coordinates"":[]}"
1_2001_11_01,2001-11-01,0.017686015538645655,"{""type"":""MultiPoint"",""coordinates"":[]}"
1_2001_11_09,2001-11-09,0.029699944452580024,"{""type"":""MultiPoint"",""coordinates"":[]}"
1_2001_11_17,2001-11-17,0.032938431733828086,"{""type"":""MultiPoint"",""coordinates"":[]}"
1_2001_11_25,2001-11-25,0.03041383568388741,"{""type"":""MultiPoint"",""coordinates"":[]}"
1_2001_12_03,2001-12-03,0.03747065898940041,"{""type"":""MultiPoint"",""coordinates"":[]}"
1_2001_12_11,2001-12-11,0.033406175600651206,"{""type"":""MultiPoint"",""coordinates"":[]}"
1_2001_12_19,2001-12-19,0.009862762646736932,"{""type"":""MultiPoint"",""coordinates"":[]}"
1_2001_12_27,2001-12-27,0.015138221510620843,"{""type"":""MultiPoint"",""coordinates"":[]}"
1_2002_01_01,2002-01-01,0.02407462202084146,"{""type"":""MultiPoint"",""coordinates"":[]}"
1_2002_01_09,2002-01-09,0.032770724713546126,"{""type"":""MultiPoint"",""coordinates"":[]}"
1_2002_01_17,2002-01-17,0.029855524211790708,"{""type"":""MultiPoint"",""coordinates"":[]}"
1_2002_01_25,2002-01-25,0.02387336998304687,"{""type"":""MultiPoint"",""coordinates"":[]}"
1_2002_02_02,2002-02-02,0.02725515920828491,"{""type"":""MultiPoint"",""coordinates"":[]}"
1_2002_02_10,2002-02-10,0.028723078437476405,"{""type"":""MultiPoint"",""coordinates"":[]}"
1_2002_02_18,2002-02-18,0.023732102848686553,"{""type"":""MultiPoint"",""coordinates"":[]}"
1_2002_02_26,2002-02-26,0.0191023603015704,"{""type"":""MultiPoint"",""coordinates"":[]}"
1_2002_03_06,2002-03-06,0.01579428764941236,"{""type"":""MultiPoint"",""coordinates"":[]}"
1_2002_03_14,2002-03-14,0.014203182780926638,"{""type"":""MultiPoint"",""coordinates"":[]}"
1_2002_03_22,2002-03-22,0.010711338081427388,"{""type"":""MultiPoint"",""coordinates"":[]}"
1_2002_03_30,2002-03-30,0.008480582368710424,"{""type"":""MultiPoint"",""coordinates"":[]}"
1_2002_04_07,2002-04-07,0.006835395953686813,"{""type"":""MultiPoint"",""coordinates"":[]}"
1_2002_04_15,2002-04-15,0.0033059132854091453,"{""type"":""MultiPoint"",""coordinates"":[]}"
1_2002_04_23,2002-04-23,0.001567705628983687,"{""type"":""MultiPoint"",""coordinates"":[]}"
1_2002_05_01,2002-05-01,0.0033967363082208807,"{""type"":""MultiPoint"",""coordinates"":[]}"
1_2002_05_09,2002-05-09,0.004670913322641119,"{""type"":""MultiPoint"",""coordinates"":[]}"
1_2002_05_17,2002-05-17,0.008916102814198018,"{""type"":""MultiPoint"",""coordinates"":[]}"
1_2002_05_25,2002-05-25,0.00993549577443794,"{""type"":""MultiPoint"",""coordinates"":[]}"
1_2002_06_02,2002-06-02,0.011974659677341442,"{""type"":""MultiPoint"",""coordinates"":[]}"
1_2002_06_10,2002-06-10,0.009348977336992298,"{""type"":""MultiPoint"",""coordinates"":[]}"
1_2002_06_18,2002-06-18,0.008757605058368565,"{""type"":""MultiPoint"",""coordinates"":[]}"
1_2002_06_26,2002-06-26,0.01908474761522957,"{""type"":""MultiPoint"",""coordinates"":[]}"
1_2002_07_04,2002-07-04,0.01633768418208835,"{""type"":""MultiPoint"",""coordinates"":[]}"
1_2002_07_12,2002-07-12,0.012561535038311304,"{""type"":""MultiPoint"",""coordinates"":[]}"
1_2002_07_20,2002-07-20,0.014244532988204465,"{""type"":""MultiPoint"",""coordinates"":[]}"
1_2002_07_28,2002-07-28,0.012578477465082786,"{""type"":""MultiPoint"",""coordinates"":[]}"
1_2002_08_05,2002-08-05,0.004213256649066642,"{""type"":""MultiPoint"",""coordinates"":[]}"
1_2002_08_13,2002-08-13,0.013033382784297201,"{""type"":""MultiPoint"",""coordinates"":[]}"
1_2002_08_21,2002-08-21,0.014828806484260533,"{""type"":""MultiPoint"",""coordinates"":[]}"
1_2002_08_29,2002-08-29,0.016293428767684793,"{""type"":""MultiPoint"",""coordinates"":[]}"
1_2002_09_06,2002-09-06,0.01757270545850038,"{""type"":""MultiPoint"",""coordinates"":[]}"
1_2002_09_14,2002-09-14,0.01650961735248042,"{""type"":""MultiPoint"",""coordinates"":[]}"
1_2002_09_22,2002-09-22,0.017492543510077018,"{""type"":""MultiPoint"",""coordinates"":[]}"
1_2002_09_30,2002-09-30,0.020724423306871725,"{""type"":""MultiPoint"",""coordinates"":[]}"
1_2002_10_08,2002-10-08,0.009241891206746556,"{""type"":""MultiPoint"",""coordinates"":[]}"
1_2002_10_16,2002-10-16,0.015352458593853318,"{""type"":""MultiPoint"",""coordinates"":[]}"
1_2002_10_24,2002-10-24,0.00905596699082838,"{""type"":""MultiPoint"",""coordinates"":[]}"
1_2002_11_01,2002-11-01,0.02656726511652077,"{""type"":""MultiPoint"",""coordinates"":[]}"
1_2002_11_09,2002-11-09,0.030731999520296042,"{""type"":""MultiPoint"",""coordinates"":[]}"
1_2002_11_17,2002-11-17,0.032040440089194794,"{""type"":""MultiPoint"",""coordinates"":[]}"
1_2002_11_25,2002-11-25,0.03396892935745176,"{""type"":""MultiPoint"",""coordinates"":[]}"
1_2002_12_03,2002-12-03,0.026850613085702288,"{""type"":""MultiPoint"",""coordinates"":[]}"
1_2002_12_11,2002-12-11,0.032252976600976695,"{""type"":""MultiPoint"",""coordinates"":[]}"
1_2002_12_19,2002-12-19,0.028942293252752178,"{""type"":""MultiPoint"",""coordinates"":[]}"
1_2002_12_27,2002-12-27,0.014871175768522675,"{""type"":""MultiPoint"",""coordinates"":[]}"
1_2003_01_01,2003-01-01,0.026610541821184993,"{""type"":""MultiPoint"",""coordinates"":[]}"
1_2003_01_09,2003-01-09,0.01668332487885563,"{""type"":""MultiPoint"",""coordinates"":[]}"
1_2003_01_17,2003-01-17,0.02139519118985544,"{""type"":""MultiPoint"",""coordinates"":[]}"
1_2003_01_25,2003-01-25,0.018180940154448075,"{""type"":""MultiPoint"",""coordinates"":[]}"
1_2003_02_02,2003-02-02,0.017987415021396513,"{""type"":""MultiPoint"",""coordinates"":[]}"
1_2003_02_10,2003-02-10,0.01191493634451227,"{""type"":""MultiPoint"",""coordinates"":[]}"
1_2003_02_18,2003-02-18,0.010512206872073057,"{""type"":""MultiPoint"",""coordinates"":[]}"
1_2003_02_26,2003-02-26,0.005877988329032411,"{""type"":""MultiPoint"",""coordinates"":[]}"
1_2003_03_06,2003-03-06,0.007954170086669357,"{""type"":""MultiPoint"",""coordinates"":[]}"
1_2003_03_14,2003-03-14,0.010359006964460347,"{""type"":""MultiPoint"",""coordinates"":[]}"
1_2003_03_22,2003-03-22,0.004780267125346249,"{""type"":""MultiPoint"",""coordinates"":[]}"
1_2003_03_30,2003-03-30,0.0018940950231890537,"{""type"":""MultiPoint"",""coordinates"":[]}"
1_2003_04_07,2003-04-07,0.004989815696744552,"{""type"":""MultiPoint"",""coordinates"":[]}"
1_2003_04_15,2003-04-15,0.0016301875535373084,"{""type"":""MultiPoint"",""coordinates"":[]}"
1_2003_04_23,2003-04-23,0.002702071989299081,"{""type"":""MultiPoint"",""coordinates"":[]}"
1_2003_05_01,2003-05-01,0.0010244903374009612,"{""type"":""MultiPoint"",""coordinates"":[]}"
1_2003_05_09,2003-05-09,0.0010029570901409766,"{""type"":""MultiPoint"",""coordinates"":[]}"
1_2003_05_17,2003-05-17,2.5009846211246627E-4,"{""type"":""MultiPoint"",""coordinates"":[]}"
1_2003_05_25,2003-05-25,2.0845301219993593E-4,"{""type"":""MultiPoint"",""coordinates"":[]}"
1_2003_06_02,2003-06-02,0.0028395423490941213,"{""type"":""MultiPoint"",""coordinates"":[]}"
1_2003_06_10,2003-06-10,0.006603410130819918,"{""type"":""MultiPoint"",""coordinates"":[]}"
1_2003_06_18,2003-06-18,0.00700967028713394,"{""type"":""MultiPoint"",""coordinates"":[]}"
1_2003_06_26,2003-06-26,0.006973480581461237,"{""type"":""MultiPoint"",""coordinates"":[]}"
1_2003_07_04,2003-07-04,0.003066286426376135,"{""type"":""MultiPoint"",""coordinates"":[]}"
1_2003_07_12,2003-07-12,0.01023565455880102,"{""type"":""MultiPoint"",""coordinates"":[]}"
1_2003_07_20,2003-07-20,0.0070975506553408235,"{""type"":""MultiPoint"",""coordinates"":[]}"
1_2003_07_28,2003-07-28,0.015877839087800133,"{""type"":""MultiPoint"",""coordinates"":[]}"
1_2003_08_05,2003-08-05,0.017821895677190534,"{""type"":""MultiPoint"",""coordinates"":[]}"
1_2003_08_13,2003-08-13,0.015541537340159282,"{""type"":""MultiPoint"",""coordinates"":[]}"
1_2003_08_21,2003-08-21,0.015490278979468697,"{""type"":""MultiPoint"",""coordinates"":[]}"
1_2003_08_29,2003-08-29,0.017574584599491214,"{""type"":""MultiPoint"",""coordinates"":[]}"
1_2003_09_06,2003-09-06,0.02365304512078212,"{""type"":""MultiPoint"",""coordinates"":[]}"
1_2003_09_14,2003-09-14,0.02068449521543626,"{""type"":""MultiPoint"",""coordinates"":[]}"
1_2003_09_22,2003-09-22,0.01920514713077065,"{""type"":""MultiPoint"",""coordinates"":[]}"
1_2003_09_30,2003-09-30,0.025491218223367893,"{""type"":""MultiPoint"",""coordinates"":[]}"
1_2003_10_08,2003-10-08,0.030622262071994453,"{""type"":""MultiPoint"",""coordinates"":[]}"
1_2003_10_16,2003-10-16,0.01547536243319656,"{""type"":""MultiPoint"",""coordinates"":[]}"
1_2003_10_24,2003-10-24,0.03959913838139973,"{""type"":""MultiPoint"",""coordinates"":[]}"
1_2003_11_01,2003-11-01,0.037983979429164906,"{""type"":""MultiPoint"",""coordinates"":[]}"
1_2003_11_09,2003-11-09,0.033811992324736674,"{""type"":""MultiPoint"",""coordinates"":[]}"
1_2003_11_17,2003-11-17,0.037038699444434185,"{""type"":""MultiPoint"",""coordinates"":[]}"
1_2003_11_25,2003-11-25,0.032539781332330424,"{""type"":""MultiPoint"",""coordinates"":[]}"
1_2003_12_03,2003-12-03,0.036818884724864775,"{""type"":""MultiPoint"",""coordinates"":[]}"
1_2003_12_11,2003-12-11,0.019868072128298567,"{""type"":""MultiPoint"",""coordinates"":[]}"
1_2003_12_19,2003-12-19,0.008968758280019954,"{""type"":""MultiPoint"",""coordinates"":[]}"
1_2003_12_27,2003-12-27,0.01536027298849651,"{""type"":""MultiPoint"",""coordinates"":[]}"
1_2004_01_01,2004-01-01,0.02324282743394692,"{""type"":""MultiPoint"",""coordinates"":[]}"
1_2004_01_09,2004-01-09,0.02858868694491426,"{""type"":""MultiPoint"",""coordinates"":[]}"
1_2004_01_17,2004-01-17,0.025707201912000245,"{""type"":""MultiPoint"",""coordinates"":[]}"
1_2004_01_25,2004-01-25,0.02131669540736317,"{""type"":""MultiPoint"",""coordinates"":[]}"
1_2004_02_02,2004-02-02,0.021489216713382324,"{""type"":""MultiPoint"",""coordinates"":[]}"
1_2004_02_10,2004-02-10,0.021900643573002226,"{""type"":""MultiPoint"",""coordinates"":[]}"
1_2004_02_18,2004-02-18,0.013227868727932721,"{""type"":""MultiPoint"",""coordinates"":[]}"
1_2004_02_26,2004-02-26,0.009092769264572313,"{""type"":""MultiPoint"",""coordinates"":[]}"
1_2004_03_05,2004-03-05,0.0101769762728258,"{""type"":""MultiPoint"",""coordinates"":[]}"
1_2004_03_13,2004-03-13,0.002909251928517905,"{""type"":""MultiPoint"",""coordinates"":[]}"
1_2004_03_21,2004-03-21,0.0049757911681569105,"{""type"":""MultiPoint"",""coordinates"":[]}"
1_2004_03_29,2004-03-29,0.00753455759205695,"{""type"":""MultiPoint"",""coordinates"":[]}"
1_2004_04_06,2004-04-06,0.0065718198183700345,"{""type"":""MultiPoint"",""coordinates"":[]}"
1_2004_04_14,2004-04-14,9.619788351259902E-4,"{""type"":""MultiPoint"",""coordinates"":[]}"
1_2004_04_22,2004-04-22,0.0038204580959087363,"{""type"":""MultiPoint"",""coordinates"":[]}"
1_2004_04_30,2004-04-30,0.0076250335881436525,"{""type"":""MultiPoint"",""coordinates"":[]}"
1_2004_05_08,2004-05-08,0.013963707437436725,"{""type"":""MultiPoint"",""coordinates"":[]}"
1_2004_05_16,2004-05-16,0.01778928257684174,"{""type"":""MultiPoint"",""coordinates"":[]}"
1_2004_05_24,2004-05-24,0.015118615499649548,"{""type"":""MultiPoint"",""coordinates"":[]}"
1_2004_06_01,2004-06-01,0.01612822456957834,"{""type"":""MultiPoint"",""coordinates"":[]}"
1_2004_06_09,2004-06-09,0.012305164494709388,"{""type"":""MultiPoint"",""coordinates"":[]}"
1_2004_06_17,2004-06-17,0.018790008923310283,"{""type"":""MultiPoint"",""coordinates"":[]}"
1_2004_06_25,2004-06-25,0.014670465456888075,"{""type"":""MultiPoint"",""coordinates"":[]}"
1_2004_07_03,2004-07-03,0.010951672464227393,"{""type"":""MultiPoint"",""coordinates"":[]}"
1_2004_07_11,2004-07-11,0.017729914087504312,"{""type"":""MultiPoint"",""coordinates"":[]}"
1_2004_07_19,2004-07-19,0.01316159161624206,"{""type"":""MultiPoint"",""coordinates"":[]}"
1_2004_07_27,2004-07-27,0.014257207241688472,"{""type"":""MultiPoint"",""coordinates"":[]}"
1_2004_08_04,2004-08-04,0.021146251203915056,"{""type"":""MultiPoint"",""coordinates"":[]}"
1_2004_08_12,2004-08-12,0.021188596124663096,"{""type"":""MultiPoint"",""coordinates"":[]}"
1_2004_08_20,2004-08-20,0.024181988570952353,"{""type"":""MultiPoint"",""coordinates"":[]}"
1_2004_08_28,2004-08-28,0.01917417979940778,"{""type"":""MultiPoint"",""coordinates"":[]}"
1_2004_09_05,2004-09-05,0.019002543496074605,"{""type"":""MultiPoint"",""coordinates"":[]}"
1_2004_09_13,2004-09-13,0.01563389932322064,"{""type"":""MultiPoint"",""coordinates"":[]}"
1_2004_09_21,2004-09-21,0.019314382733845642,"{""type"":""MultiPoint"",""coordinates"":[]}"
1_2004_09_29,2004-09-29,0.021574108038020096,"{""type"":""MultiPoint"",""coordinates"":[]}"
1_2004_10_07,2004-10-07,0.03316715756846508,"{""type"":""MultiPoint"",""coordinates"":[]}"
1_2004_10_15,2004-10-15,0.02567972278040949,"{""type"":""MultiPoint"",""coordinates"":[]}"
1_2004_10_23,2004-10-23,0.02662610174010423,"{""type"":""MultiPoint"",""coordinates"":[]}"
1_2004_10_31,2004-10-31,0.014261122218258142,"{""type"":""MultiPoint"",""coordinates"":[]}"
1_2004_11_08,2004-11-08,0.026136028207378374,"{""type"":""MultiPoint"",""coordinates"":[]}"
1_2004_11_16,2004-11-16,0.03755131676627324,"{""type"":""MultiPoint"",""coordinates"":[]}"
1_2004_11_24,2004-11-24,0.03516438355028032,"{""type"":""MultiPoint"",""coordinates"":[]}"
1_2004_12_02,2004-12-02,0.033867146987466214,"{""type"":""MultiPoint"",""coordinates"":[]}"
1_2004_12_10,2004-12-10,0.030661317391989754,"{""type"":""MultiPoint"",""coordinates"":[]}"
1_2004_12_18,2004-12-18,0.028999709381729202,"{""type"":""MultiPoint"",""coordinates"":[]}"
1_2004_12_26,2004-12-26,0.020067989940473065,"{""type"":""MultiPoint"",""coordinates"":[]}"
1_2005_01_01,2005-01-01,0.024916960337317245,"{""type"":""MultiPoint"",""coordinates"":[]}"
1_2005_01_09,2005-01-09,0.02324131597073932,"{""type"":""MultiPoint"",""coordinates"":[]}"
1_2005_01_17,2005-01-17,0.020355287985430986,"{""type"":""MultiPoint"",""coordinates"":[]}"
1_2005_01_25,2005-01-25,0.016668382998501444,"{""type"":""MultiPoint"",""coordinates"":[]}"
1_2005_02_02,2005-02-02,0.022198476649495966,"{""type"":""MultiPoint"",""coordinates"":[]}"
1_2005_02_10,2005-02-10,0.012815250467294927,"{""type"":""MultiPoint"",""coordinates"":[]}"
1_2005_02_18,2005-02-18,0.012278585832353911,"{""type"":""MultiPoint"",""coordinates"":[]}"
1_2005_02_26,2005-02-26,0.010482378768191096,"{""type"":""MultiPoint"",""coordinates"":[]}"
1_2005_03_06,2005-03-06,0.010537819897270276,"{""type"":""MultiPoint"",""coordinates"":[]}"
1_2005_03_14,2005-03-14,0.008449691067454428,"{""type"":""MultiPoint"",""coordinates"":[]}"
1_2005_03_22,2005-03-22,0.0037372915657281815,"{""type"":""MultiPoint"",""coordinates"":[]}"
1_2005_03_30,2005-03-30,0.007830389194003676,"{""type"":""MultiPoint"",""coordinates"":[]}"
1_2005_04_07,2005-04-07,0.008718237143986679,"{""type"":""MultiPoint"",""coordinates"":[]}"
1_2005_04_15,2005-04-15,0.005024589956854555,"{""type"":""MultiPoint"",""coordinates"":[]}"
1_2005_04_23,2005-04-23,0.0053014106301955905,"{""type"":""MultiPoint"",""coordinates"":[]}"
1_2005_05_01,2005-05-01,0.007354667755943557,"{""type"":""MultiPoint"",""coordinates"":[]}"
1_2005_05_09,2005-05-09,0.0025296280282071544,"{""type"":""MultiPoint"",""coordinates"":[]}"
1_2005_05_17,2005-05-17,0.0018329503054840398,"{""type"":""MultiPoint"",""coordinates"":[]}"
1_2005_05_25,2005-05-25,0.008780757340960932,"{""type"":""MultiPoint"",""coordinates"":[]}"
1_2005_06_02,2005-06-02,0.008580553023155172,"{""type"":""MultiPoint"",""coordinates"":[]}"
1_2005_06_10,2005-06-10,0.010886448469027065,"{""type"":""MultiPoint"",""coordinates"":[]}"
1_2005_06_18,2005-06-18,0.010087087443866485,"{""type"":""MultiPoint"",""coordinates"":[]}"
1_2005_06_26,2005-06-26,0.009625214582029416,"{""type"":""MultiPoint"",""coordinates"":[]}"
1_2005_07_04,2005-07-04,0.008535262600174523,"{""type"":""MultiPoint"",""coordinates"":[]}"
1_2005_07_12,2005-07-12,0.01009595792733074,"{""type"":""MultiPoint"",""coordinates"":[]}"
1_2005_07_20,2005-07-20,0.00875831424290135,"{""type"":""MultiPoint"",""coordinates"":[]}"
1_2005_07_28,2005-07-28,0.011041858018392567,"{""type"":""MultiPoint"",""coordinates"":[]}"
1_2005_08_05,2005-08-05,0.015212671884101237,"{""type"":""MultiPoint"",""coordinates"":[]}"
1_2005_08_13,2005-08-13,0.015107367661407137,"{""type"":""MultiPoint"",""coordinates"":[]}"
1_2005_08_21,2005-08-21,0.020407799006979744,"{""type"":""MultiPoint"",""coordinates"":[]}"
1_2005_08_29,2005-08-29,0.02316562058675988,"{""type"":""MultiPoint"",""coordinates"":[]}"
1_2005_09_06,2005-09-06,0.010322588077355158,"{""type"":""MultiPoint"",""coordinates"":[]}"
1_2005_09_14,2005-09-14,0.018499756179794158,"{""type"":""MultiPoint"",""coordinates"":[]}"
1_2005_09_22,2005-09-22,0.023451547967657433,"{""type"":""MultiPoint"",""coordinates"":[]}"
1_2005_09_30,2005-09-30,0.02747496897219671,"{""type"":""MultiPoint"",""coordinates"":[]}"
1_2005_10_08,2005-10-08,0.021628992665276767,"{""type"":""MultiPoint"",""coordinates"":[]}"
1_2005_10_16,2005-10-16,0.022968773332900688,"{""type"":""MultiPoint"",""coordinates"":[]}"
1_2005_10_24,2005-10-24,0.006908600354450088,"{""type"":""MultiPoint"",""coordinates"":[]}"
1_2005_11_01,2005-11-01,0.022964585346934848,"{""type"":""MultiPoint"",""coordinates"":[]}"
1_2005_11_09,2005-11-09,0.03602596066010329,"{""type"":""MultiPoint"",""coordinates"":[]}"
1_2005_11_17,2005-11-17,0.03003522111220315,"{""type"":""MultiPoint"",""coordinates"":[]}"
1_2005_11_25,2005-11-25,0.03192760958487108,"{""type"":""MultiPoint"",""coordinates"":[]}"
1_2005_12_03,2005-12-03,0.0313573053576041,"{""type"":""MultiPoint"",""coordinates"":[]}"
1_2005_12_11,2005-12-11,0.021509591977041567,"{""type"":""MultiPoint"",""coordinates"":[]}"
1_2005_12_19,2005-12-19,0.028888098660901508,"{""type"":""MultiPoint"",""coordinates"":[]}"
1_2005_12_27,2005-12-27,0.022093278073514785,"{""type"":""MultiPoint"",""coordinates"":[]}"
1_2006_01_01,2006-01-01,0.024747617818456146,"{""type"":""MultiPoint"",""coordinates"":[]}"
1_2006_01_09,2006-01-09,0.034061208061520125,"{""type"":""MultiPoint"",""coordinates"":[]}"
1_2006_01_17,2006-01-17,0.027151918505136742,"{""type"":""MultiPoint"",""coordinates"":[]}"
1_2006_01_25,2006-01-25,0.03131040280169222,"{""type"":""MultiPoint"",""coordinates"":[]}"
1_2006_02_02,2006-02-02,0.026772133055161632,"{""type"":""MultiPoint"",""coordinates"":[]}"
1_2006_02_10,2006-02-10,0.02299416585208202,"{""type"":""MultiPoint"",""coordinates"":[]}"
1_2006_02_18,2006-02-18,0.016563816826689996,"{""type"":""MultiPoint"",""coordinates"":[]}"
1_2006_02_26,2006-02-26,0.01883859624876093,"{""type"":""MultiPoint"",""coordinates"":[]}"
1_2006_03_06,2006-03-06,0.019134905674302656,"{""type"":""MultiPoint"",""coordinates"":[]}"
1_2006_03_14,2006-03-14,0.01826000208223579,"{""type"":""MultiPoint"",""coordinates"":[]}"
1_2006_03_22,2006-03-22,0.008344863760479722,"{""type"":""MultiPoint"",""coordinates"":[]}"
1_2006_03_30,2006-03-30,0.005901039942491656,"{""type"":""MultiPoint"",""coordinates"":[]}"
1_2006_04_07,2006-04-07,0.0050605153456506,"{""type"":""MultiPoint"",""coordinates"":[]}"
1_2006_04_15,2006-04-15,0.009454622453587684,"{""type"":""MultiPoint"",""coordinates"":[]}"
1_2006_04_23,2006-04-23,8.001880674796076E-4,"{""type"":""MultiPoint"",""coordinates"":[]}"
1_2006_05_01,2006-05-01,0.005700982053970902,"{""type"":""MultiPoint"",""coordinates"":[]}"
1_2006_05_09,2006-05-09,0.003609778535748942,"{""type"":""MultiPoint"",""coordinates"":[]}"
1_2006_05_17,2006-05-17,0.007233591409586468,"{""type"":""MultiPoint"",""coordinates"":[]}"
1_2006_05_25,2006-05-25,0.009749742542060695,"{""type"":""MultiPoint"",""coordinates"":[]}"
1_2006_06_02,2006-06-02,0.013175100013311245,"{""type"":""MultiPoint"",""coordinates"":[]}"
1_2006_06_10,2006-06-10,0.012929180726225398,"{""type"":""MultiPoint"",""coordinates"":[]}"
1_2006_06_18,2006-06-18,0.013275013738971162,"{""type"":""MultiPoint"",""coordinates"":[]}"
1_2006_06_26,2006-06-26,0.010053474179942732,"{""type"":""MultiPoint"",""coordinates"":[]}"
1_2006_07_04,2006-07-04,0.016466652874354587,"{""type"":""MultiPoint"",""coordinates"":[]}"
1_2006_07_12,2006-07-12,0.012084111217544937,"{""type"":""MultiPoint"",""coordinates"":[]}"
1_2006_07_20,2006-07-20,0.008170363761720765,"{""type"":""MultiPoint"",""coordinates"":[]}"
1_2006_07_28,2006-07-28,0.011850274492043303,"{""type"":""MultiPoint"",""coordinates"":[]}"
1_2006_08_05,2006-08-05,0.012903622797274443,"{""type"":""MultiPoint"",""coordinates"":[]}"
1_2006_08_13,2006-08-13,0.01565527032430515,"{""type"":""MultiPoint"",""coordinates"":[]}"
1_2006_08_21,2006-08-21,0.01615263229156619,"{""type"":""MultiPoint"",""coordinates"":[]}"
1_2006_08_29,2006-08-29,0.01962547712799249,"{""type"":""MultiPoint"",""coordinates"":[]}"
1_2006_09_06,2006-09-06,0.01921250331309386,"{""type"":""MultiPoint"",""coordinates"":[]}"
1_2006_09_14,2006-09-14,0.010599997975240551,"{""type"":""MultiPoint"",""coordinates"":[]}"
1_2006_09_22,2006-09-22,0.02008496737720885,"{""type"":""MultiPoint"",""coordinates"":[]}"
1_2006_09_30,2006-09-30,0.025574003175083862,"{""type"":""MultiPoint"",""coordinates"":[]}"
1_2006_10_08,2006-10-08,0.03449025662974806,"{""type"":""MultiPoint"",""coordinates"":[]}"
1_2006_10_16,2006-10-16,0.03225512925083559,"{""type"":""MultiPoint"",""coordinates"":[]}"
1_2006_10_24,2006-10-24,0.013310281015686888,"{""type"":""MultiPoint"",""coordinates"":[]}"
1_2006_11_01,2006-11-01,0.02152889976801468,"{""type"":""MultiPoint"",""coordinates"":[]}"
1_2006_11_09,2006-11-09,0.02316279469554871,"{""type"":""MultiPoint"",""coordinates"":[]}"
1_2006_11_17,2006-11-17,0.035335074441254596,"{""type"":""MultiPoint"",""coordinates"":[]}"
1_2006_11_25,2006-11-25,0.037229026942492145,"{""type"":""MultiPoint"",""coordinates"":[]}"
1_2006_12_03,2006-12-03,0.031995439125219884,"{""type"":""MultiPoint"",""coordinates"":[]}"
1_2006_12_11,2006-12-11,0.03239117391101583,"{""type"":""MultiPoint"",""coordinates"":[]}"
1_2006_12_19,2006-12-19,0.01945660142064921,"{""type"":""MultiPoint"",""coordinates"":[]}"
1_2006_12_27,2006-12-27,0.01869847627346263,"{""type"":""MultiPoint"",""coordinates"":[]}"
1_2007_01_01,2007-01-01,0.027959242370737946,"{""type"":""MultiPoint"",""coordinates"":[]}"
1_2007_01_09,2007-01-09,0.024805238027533812,"{""type"":""MultiPoint"",""coordinates"":[]}"
1_2007_01_17,2007-01-17,0.02208940962086785,"{""type"":""MultiPoint"",""coordinates"":[]}"
1_2007_01_25,2007-01-25,0.021806968340692148,"{""type"":""MultiPoint"",""coordinates"":[]}"
1_2007_02_02,2007-02-02,0.018049015875860355,"{""type"":""MultiPoint"",""coordinates"":[]}"
1_2007_02_10,2007-02-10,0.014968550707212303,"{""type"":""MultiPoint"",""coordinates"":[]}"
1_2007_02_18,2007-02-18,0.0164607306604074,"{""type"":""MultiPoint"",""coordinates"":[]}"
1_2007_02_26,2007-02-26,0.011577892991500707,"{""type"":""MultiPoint"",""coordinates"":[]}"
1_2007_03_06,2007-03-06,0.009672726392832207,"{""type"":""MultiPoint"",""coordinates"":[]}"
1_2007_03_14,2007-03-14,0.005999552826697952,"{""type"":""MultiPoint"",""coordinates"":[]}"
1_2007_03_22,2007-03-22,0.0029526304559698477,"{""type"":""MultiPoint"",""coordinates"":[]}"
1_2007_03_30,2007-03-30,0.004034005155652786,"{""type"":""MultiPoint"",""coordinates"":[]}"
1_2007_04_07,2007-04-07,0.004543653238035897,"{""type"":""MultiPoint"",""coordinates"":[]}"
1_2007_04_15,2007-04-15,0.00599260482334588,"{""type"":""MultiPoint"",""coordinates"":[]}"
1_2007_04_23,2007-04-23,0.0024719018750127253,"{""type"":""MultiPoint"",""coordinates"":[]}"
1_2007_05_01,2007-05-01,0.005271339430660284,"{""type"":""MultiPoint"",""coordinates"":[]}"
1_2007_05_09,2007-05-09,0.002805663420159343,"{""type"":""MultiPoint"",""coordinates"":[]}"
1_2007_05_17,2007-05-17,0.0034084348496841253,"{""type"":""MultiPoint"",""coordinates"":[]}"
1_2007_05_25,2007-05-25,0.010547037582999576,"{""type"":""MultiPoint"",""coordinates"":[]}"
1_2007_06_02,2007-06-02,0.00903543054586197,"{""type"":""MultiPoint"",""coordinates"":[]}"
1_2007_06_10,2007-06-10,0.012240403116903139,"{""type"":""MultiPoint"",""coordinates"":[]}"
1_2007_06_18,2007-06-18,0.0061760101809482685,"{""type"":""MultiPoint"",""coordinates"":[]}"
1_2007_06_26,2007-06-26,0.013311006941929833,"{""type"":""MultiPoint"",""coordinates"":[]}"
1_2007_07_04,2007-07-04,0.01571512915876217,"{""type"":""MultiPoint"",""coordinates"":[]}"
1_2007_07_12,2007-07-12,0.01511430596672337,"{""type"":""MultiPoint"",""coordinates"":[]}"
1_2007_07_20,2007-07-20,0.012230973670720678,"{""type"":""MultiPoint"",""coordinates"":[]}"
1_2007_07_28,2007-07-28,0.006157330954678746,"{""type"":""MultiPoint"",""coordinates"":[]}"
1_2007_08_05,2007-08-05,0.019076201139034635,"{""type"":""MultiPoint"",""coordinates"":[]}"
1_2007_08_13,2007-08-13,0.021433679751683053,"{""type"":""MultiPoint"",""coordinates"":[]}"
1_2007_08_21,2007-08-21,0.014685101664168,"{""type"":""MultiPoint"",""coordinates"":[]}"
1_2007_08_29,2007-08-29,0.020886122208081184,"{""type"":""MultiPoint"",""coordinates"":[]}"
1_2007_09_06,2007-09-06,0.02526867488646117,"{""type"":""MultiPoint"",""coordinates"":[]}"
1_2007_09_14,2007-09-14,0.0067277028922320455,"{""type"":""MultiPoint"",""coordinates"":[]}"
1_2007_09_22,2007-09-22,0.027319088271957403,"{""type"":""MultiPoint"",""coordinates"":[]}"
1_2007_09_30,2007-09-30,0.02258183804358715,"{""type"":""MultiPoint"",""coordinates"":[]}"
1_2007_10_08,2007-10-08,0.03629512394315581,"{""type"":""MultiPoint"",""coordinates"":[]}"
1_2007_10_16,2007-10-16,0.028464397507610928,"{""type"":""MultiPoint"",""coordinates"":[]}"
1_2007_10_24,2007-10-24,0.007430399705794371,"{""type"":""MultiPoint"",""coordinates"":[]}"
1_2007_11_01,2007-11-01,0.02832497646739918,"{""type"":""MultiPoint"",""coordinates"":[]}"
1_2007_11_09,2007-11-09,0.03998599862314809,"{""type"":""MultiPoint"",""coordinates"":[]}"
1_2007_11_17,2007-11-17,0.037098954155234065,"{""type"":""MultiPoint"",""coordinates"":[]}"
1_2007_11_25,2007-11-25,0.0343982528696778,"{""type"":""MultiPoint"",""coordinates"":[]}"
1_2007_12_03,2007-12-03,0.02784960610935227,"{""type"":""MultiPoint"",""coordinates"":[]}"
1_2007_12_11,2007-12-11,0.024201410414768594,"{""type"":""MultiPoint"",""coordinates"":[]}"
1_2007_12_19,2007-12-19,0.02497333111847465,"{""type"":""MultiPoint"",""coordinates"":[]}"
1_2007_12_27,2007-12-27,0.019001991256772918,"{""type"":""MultiPoint"",""coordinates"":[]}"
1_2008_01_01,2008-01-01,0.03064438747870361,"{""type"":""MultiPoint"",""coordinates"":[]}"
1_2008_01_09,2008-01-09,0.03227899018902942,"{""type"":""MultiPoint"",""coordinates"":[]}"
1_2008_01_17,2008-01-17,0.03145503216258161,"{""type"":""MultiPoint"",""coordinates"":[]}"
1_2008_01_25,2008-01-25,0.023800522566447213,"{""type"":""MultiPoint"",""coordinates"":[]}"
1_2008_02_02,2008-02-02,0.02314067584232894,"{""type"":""MultiPoint"",""coordinates"":[]}"
1_2008_02_10,2008-02-10,0.02030264998673882,"{""type"":""MultiPoint"",""coordinates"":[]}"
1_2008_02_18,2008-02-18,0.024183614641499873,"{""type"":""MultiPoint"",""coordinates"":[]}"
1_2008_02_26,2008-02-26,0.021074761811805082,"{""type"":""MultiPoint"",""coordinates"":[]}"
1_2008_03_05,2008-03-05,0.015564798788014507,"{""type"":""MultiPoint"",""coordinates"":[]}"
1_2008_03_13,2008-03-13,0.018378310324948462,"{""type"":""MultiPoint"",""coordinates"":[]}"
1_2008_03_21,2008-03-21,0.013410999085211648,"{""type"":""MultiPoint"",""coordinates"":[]}"
1_2008_03_29,2008-03-29,0.019886286970576535,"{""type"":""MultiPoint"",""coordinates"":[]}"
1_2008_04_06,2008-04-06,0.014475608293167103,"{""type"":""MultiPoint"",""coordinates"":[]}"
1_2008_04_14,2008-04-14,0.005977690970005535,"{""type"":""MultiPoint"",""coordinates"":[]}"
1_2008_04_22,2008-04-22,0.005523711679478354,"{""type"":""MultiPoint"",""coordinates"":[]}"
1_2008_04_30,2008-04-30,0.001990623480536605,"{""type"":""MultiPoint"",""coordinates"":[]}"
1_2008_05_08,2008-05-08,0.0014603684219498159,"{""type"":""MultiPoint"",""coordinates"":[]}"
1_2008_05_16,2008-05-16,0.0043914417417174716,"{""type"":""MultiPoint"",""coordinates"":[]}"
1_2008_05_24,2008-05-24,0.00907275942631454,"{""type"":""MultiPoint"",""coordinates"":[]}"
1_2008_06_01,2008-06-01,0.011690830556977545,"{""type"":""MultiPoint"",""coordinates"":[]}"
1_2008_06_09,2008-06-09,0.006401135272895546,"{""type"":""MultiPoint"",""coordinates"":[]}"
1_2008_06_17,2008-06-17,0.009050052701401861,"{""type"":""MultiPoint"",""coordinates"":[]}"
1_2008_06_25,2008-06-25,0.006635887580880147,"{""type"":""MultiPoint"",""coordinates"":[]}"
1_2008_07_03,2008-07-03,0.009519628439281773,"{""type"":""MultiPoint"",""coordinates"":[]}"
1_2008_07_11,2008-07-11,0.01021168371034563,"{""type"":""MultiPoint"",""coordinates"":[]}"
1_2008_07_19,2008-07-19,0.010027963940341276,"{""type"":""MultiPoint"",""coordinates"":[]}"
1_2008_07_27,2008-07-27,0.011139989571398544,"{""type"":""MultiPoint"",""coordinates"":[]}"
1_2008_08_04,2008-08-04,0.006099926265713737,"{""type"":""MultiPoint"",""coordinates"":[]}"
1_2008_08_12,2008-08-12,0.01275552623454821,"{""type"":""MultiPoint"",""coordinates"":[]}"
1_2008_08_20,2008-08-20,0.021048322055166293,"{""type"":""MultiPoint"",""coordinates"":[]}"
1_2008_08_28,2008-08-28,0.020085879302916113,"{""type"":""MultiPoint"",""coordinates"":[]}"
1_2008_09_05,2008-09-05,0.018158017859110146,"{""type"":""MultiPoint"",""coordinates"":[]}"
1_2008_09_13,2008-09-13,0.02927213421312006,"{""type"":""MultiPoint"",""coordinates"":[]}"
1_2008_09_21,2008-09-21,0.024620276465040513,"{""type"":""MultiPoint"",""coordinates"":[]}"
1_2008_09_29,2008-09-29,0.030016831212551973,"{""type"":""MultiPoint"",""coordinates"":[]}"
1_2008_10_07,2008-10-07,0.026602599796482333,"{""type"":""MultiPoint"",""coordinates"":[]}"
1_2008_10_15,2008-10-15,0.011106558152089241,"{""type"":""MultiPoint"",""coordinates"":[]}"
1_2008_10_23,2008-10-23,0.03073860880708743,"{""type"":""MultiPoint"",""coordinates"":[]}"
1_2008_10_31,2008-10-31,0.03314040273810935,"{""type"":""MultiPoint"",""coordinates"":[]}"
1_2008_11_08,2008-11-08,0.025379511070494402,"{""type"":""MultiPoint"",""coordinates"":[]}"
1_2008_11_16,2008-11-16,0.02569734679350895,"{""type"":""MultiPoint"",""coordinates"":[]}"
1_2008_11_24,2008-11-24,0.014079511318670393,"{""type"":""MultiPoint"",""coordinates"":[]}"
1_2008_12_02,2008-12-02,0.033177960514865414,"{""type"":""MultiPoint"",""coordinates"":[]}"
1_2008_12_10,2008-12-10,0.03471284500902813,"{""type"":""MultiPoint"",""coordinates"":[]}"
1_2008_12_18,2008-12-18,0.024724433753009124,"{""type"":""MultiPoint"",""coordinates"":[]}"
1_2008_12_26,2008-12-26,0.02473099076218411,"{""type"":""MultiPoint"",""coordinates"":[]}"
1_2009_01_01,2009-01-01,0.03237614422191409,"{""type"":""MultiPoint"",""coordinates"":[]}"
1_2009_01_09,2009-01-09,0.028109199713918974,"{""type"":""MultiPoint"",""coordinates"":[]}"
1_2009_01_17,2009-01-17,0.02888271620652856,"{""type"":""MultiPoint"",""coordinates"":[]}"
1_2009_01_25,2009-01-25,0.02336562556553859,"{""type"":""MultiPoint"",""coordinates"":[]}"
1_2009_02_02,2009-02-02,0.021879131511989464,"{""type"":""MultiPoint"",""coordinates"":[]}"
1_2009_02_10,2009-02-10,0.01651915578879141,"{""type"":""MultiPoint"",""coordinates"":[]}"
1_2009_02_18,2009-02-18,0.01425071903337954,"{""type"":""MultiPoint"",""coordinates"":[]}"
1_2009_02_26,2009-02-26,0.0051577709243570205,"{""type"":""MultiPoint"",""coordinates"":[]}"
1_2009_03_06,2009-03-06,0.00682464837921383,"{""type"":""MultiPoint"",""coordinates"":[]}"
1_2009_03_14,2009-03-14,0.006977780633248578,"{""type"":""MultiPoint"",""coordinates"":[]}"
1_2009_03_22,2009-03-22,0.006760433600707772,"{""type"":""MultiPoint"",""coordinates"":[]}"
1_2009_03_30,2009-03-30,0.0031654066942242024,"{""type"":""MultiPoint"",""coordinates"":[]}"
1_2009_04_07,2009-04-07,0.0041811406178150256,"{""type"":""MultiPoint"",""coordinates"":[]}"
1_2009_04_15,2009-04-15,0.0026335314210268793,"{""type"":""MultiPoint"",""coordinates"":[]}"
1_2009_04_23,2009-04-23,0.0020504934156066294,"{""type"":""MultiPoint"",""coordinates"":[]}"
1_2009_05_01,2009-05-01,0.0016088882077847774,"{""type"":""MultiPoint"",""coordinates"":[]}"
1_2009_05_09,2009-05-09,0.002463581976362403,"{""type"":""MultiPoint"",""coordinates"":[]}"
1_2009_05_17,2009-05-17,0.006772292523049597,"{""type"":""MultiPoint"",""coordinates"":[]}"
1_2009_05_25,2009-05-25,0.008394576376278972,"{""type"":""MultiPoint"",""coordinates"":[]}"
1_2009_06_02,2009-06-02,0.00897174952129847,"{""type"":""MultiPoint"",""coordinates"":[]}"
1_2009_06_10,2009-06-10,0.01036691067120624,"{""type"":""MultiPoint"",""coordinates"":[]}"
1_2009_06_18,2009-06-18,0.011964481208108314,"{""type"":""MultiPoint"",""coordinates"":[]}"
1_2009_06_26,2009-06-26,0.013887365071644035,"{""type"":""MultiPoint"",""coordinates"":[]}"
1_2009_07_04,2009-07-04,0.00977577891391447,"{""type"":""MultiPoint"",""coordinates"":[]}"
1_2009_07_12,2009-07-12,0.007068196736921631,"{""type"":""MultiPoint"",""coordinates"":[]}"
1_2009_07_20,2009-07-20,0.012570923494832272,"{""type"":""MultiPoint"",""coordinates"":[]}"
1_2009_07_28,2009-07-28,0.012302481762846337,"{""type"":""MultiPoint"",""coordinates"":[]}"
1_2009_08_05,2009-08-05,0.011682217915577185,"{""type"":""MultiPoint"",""coordinates"":[]}"
1_2009_08_13,2009-08-13,0.008306684532264552,"{""type"":""MultiPoint"",""coordinates"":[]}"
1_2009_08_21,2009-08-21,0.010377955407672522,"{""type"":""MultiPoint"",""coordinates"":[]}"
1_2009_08_29,2009-08-29,0.0162309955624237,"{""type"":""MultiPoint"",""coordinates"":[]}"
1_2009_09_06,2009-09-06,0.023624751319853726,"{""type"":""MultiPoint"",""coordinates"":[]}"
1_2009_09_14,2009-09-14,0.020025069004254714,"{""type"":""MultiPoint"",""coordinates"":[]}"
1_2009_09_22,2009-09-22,0.017682202711553827,"{""type"":""MultiPoint"",""coordinates"":[]}"
1_2009_09_30,2009-09-30,0.02373443458439768,"{""type"":""MultiPoint"",""coordinates"":[]}"
1_2009_10_08,2009-10-08,0.02817264618638613,"{""type"":""MultiPoint"",""coordinates"":[]}"
1_2009_10_16,2009-10-16,0.023850009447001386,"{""type"":""MultiPoint"",""coordinates"":[]}"
1_2009_10_24,2009-10-24,0.023922514454108097,"{""type"":""MultiPoint"",""coordinates"":[]}"
1_2009_11_01,2009-11-01,0.02000554746989209,"{""type"":""MultiPoint"",""coordinates"":[]}"
1_2009_11_09,2009-11-09,0.01845851615659284,"{""type"":""MultiPoint"",""coordinates"":[]}"
1_2009_11_17,2009-11-17,0.020495514369140235,"{""type"":""MultiPoint"",""coordinates"":[]}"
1_2009_11_25,2009-11-25,0.03284350376446485,"{""type"":""MultiPoint"",""coordinates"":[]}"
1_2009_12_03,2009-12-03,0.03026451929000546,"{""type"":""MultiPoint"",""coordinates"":[]}"
1_2009_12_11,2009-12-11,0.020629545478739613,"{""type"":""MultiPoint"",""coordinates"":[]}"
1_2009_12_19,2009-12-19,0.026085327229692874,"{""type"":""MultiPoint"",""coordinates"":[]}"
1_2009_12_27,2009-12-27,0.017549686047322117,"{""type"":""MultiPoint"",""coordinates"":[]}"
1_2010_01_01,2010-01-01,0.030810825977838324,"{""type"":""MultiPoint"",""coordinates"":[]}"
1_2010_01_09,2010-01-09,0.025215612994522543,"{""type"":""MultiPoint"",""coordinates"":[]}"
1_2010_01_17,2010-01-17,0.02815179533779388,"{""type"":""MultiPoint"",""coordinates"":[]}"
1_2010_01_25,2010-01-25,0.0244500759240077,"{""type"":""MultiPoint"",""coordinates"":[]}"
1_2010_02_02,2010-02-02,0.023602242623621966,"{""type"":""MultiPoint"",""coordinates"":[]}"
1_2010_02_10,2010-02-10,0.01845249136609702,"{""type"":""MultiPoint"",""coordinates"":[]}"
1_2010_02_18,2010-02-18,0.012369332062697682,"{""type"":""MultiPoint"",""coordinates"":[]}"
1_2010_02_26,2010-02-26,0.007999491438785287,"{""type"":""MultiPoint"",""coordinates"":[]}"
1_2010_03_06,2010-03-06,0.008685129095630292,"{""type"":""MultiPoint"",""coordinates"":[]}"
1_2010_03_14,2010-03-14,0.004872335199905976,"{""type"":""MultiPoint"",""coordinates"":[]}"
1_2010_03_22,2010-03-22,0.00460417428241517,"{""type"":""MultiPoint"",""coordinates"":[]}"
1_2010_03_30,2010-03-30,0.002691093612005871,"{""type"":""MultiPoint"",""coordinates"":[]}"
1_2010_04_07,2010-04-07,0.0015833540262255711,"{""type"":""MultiPoint"",""coordinates"":[]}"
1_2010_04_15,2010-04-15,0.00286528342666204,"{""type"":""MultiPoint"",""coordinates"":[]}"
1_2010_04_23,2010-04-23,0.0031739313771838693,"{""type"":""MultiPoint"",""coordinates"":[]}"
1_2010_05_01,2010-05-01,0.0028593061882557073,"{""type"":""MultiPoint"",""coordinates"":[]}"
1_2010_05_09,2010-05-09,0.001477028100993406,"{""type"":""MultiPoint"",""coordinates"":[]}"
1_2010_05_17,2010-05-17,0.006887769243524126,"{""type"":""MultiPoint"",""coordinates"":[]}"
1_2010_05_25,2010-05-25,0.007448777767480824,"{""type"":""MultiPoint"",""coordinates"":[]}"
1_2010_06_02,2010-06-02,0.007752976298817753,"{""type"":""MultiPoint"",""coordinates"":[]}"
1_2010_06_10,2010-06-10,0.010883666963361523,"{""type"":""MultiPoint"",""coordinates"":[]}"
1_2010_06_18,2010-06-18,0.01590892645066271,"{""type"":""MultiPoint"",""coordinates"":[]}"
1_2010_06_26,2010-06-26,0.015879460039925686,"{""type"":""MultiPoint"",""coordinates"":[]}"
1_2010_07_04,2010-07-04,0.015487771718703598,"{""type"":""MultiPoint"",""coordinates"":[]}"
1_2010_07_12,2010-07-12,0.010468929254994644,"{""type"":""MultiPoint"",""coordinates"":[]}"
1_2010_07_20,2010-07-20,0.016989596807632422,"{""type"":""MultiPoint"",""coordinates"":[]}"
1_2010_07_28,2010-07-28,0.013562980621565175,"{""type"":""MultiPoint"",""coordinates"":[]}"
1_2010_08_05,2010-08-05,0.023202767707802444,"{""type"":""MultiPoint"",""coordinates"":[]}"
1_2010_08_13,2010-08-13,0.013889149877732918,"{""type"":""MultiPoint"",""coordinates"":[]}"
1_2010_08_21,2010-08-21,0.021045104483594947,"{""type"":""MultiPoint"",""coordinates"":[]}"
1_2010_08_29,2010-08-29,0.023328412199800225,"{""type"":""MultiPoint"",""coordinates"":[]}"
1_2010_09_06,2010-09-06,0.01798408822715166,"{""type"":""MultiPoint"",""coordinates"":[]}"
1_2010_09_14,2010-09-14,0.025361203357806176,"{""type"":""MultiPoint"",""coordinates"":[]}"
1_2010_09_22,2010-09-22,0.031311217519881696,"{""type"":""MultiPoint"",""coordinates"":[]}"
1_2010_09_30,2010-09-30,0.02553259559270484,"{""type"":""MultiPoint"",""coordinates"":[]}"
1_2010_10_08,2010-10-08,0.02790825098136959,"{""type"":""MultiPoint"",""coordinates"":[]}"
1_2010_10_16,2010-10-16,0.02163771124007726,"{""type"":""MultiPoint"",""coordinates"":[]}"
1_2010_10_24,2010-10-24,0.010486193409740396,"{""type"":""MultiPoint"",""coordinates"":[]}"
1_2010_11_01,2010-11-01,0.011573464809119497,"{""type"":""MultiPoint"",""coordinates"":[]}"
1_2010_11_09,2010-11-09,0.02919922838402615,"{""type"":""MultiPoint"",""coordinates"":[]}"
1_2010_11_17,2010-11-17,0.03790735362105365,"{""type"":""MultiPoint"",""coordinates"":[]}"
1_2010_11_25,2010-11-25,0.024663374260001338,"{""type"":""MultiPoint"",""coordinates"":[]}"
1_2010_12_03,2010-12-03,0.017011375794220816,"{""type"":""MultiPoint"",""coordinates"":[]}"
1_2010_12_11,2010-12-11,0.026814832352959894,"{""type"":""MultiPoint"",""coordinates"":[]}"
1_2010_12_19,2010-12-19,0.037742706256737264,"{""type"":""MultiPoint"",""coordinates"":[]}"
1_2010_12_27,2010-12-27,0.019851803194366403,"{""type"":""MultiPoint"",""coordinates"":[]}"
1_2011_01_01,2011-01-01,0.03250955243595881,"{""type"":""MultiPoint"",""coordinates"":[]}"
1_2011_01_09,2011-01-09,0.03559922157238419,"{""type"":""MultiPoint"",""coordinates"":[]}"
1_2011_01_17,2011-01-17,0.03316753128146787,"{""type"":""MultiPoint"",""coordinates"":[]}"
1_2011_01_25,2011-01-25,0.032480826783086975,"{""type"":""MultiPoint"",""coordinates"":[]}"
1_2011_02_02,2011-02-02,0.02788968217193575,"{""type"":""MultiPoint"",""coordinates"":[]}"
1_2011_02_10,2011-02-10,0.023940449533082674,"{""type"":""MultiPoint"",""coordinates"":[]}"
1_2011_02_18,2011-02-18,0.020792055888638382,"{""type"":""MultiPoint"",""coordinates"":[]}"
1_2011_02_26,2011-02-26,0.0205487350363485,"{""type"":""MultiPoint"",""coordinates"":[]}"
1_2011_03_06,2011-03-06,0.011798046469502574,"{""type"":""MultiPoint"",""coordinates"":[]}"
1_2011_03_14,2011-03-14,0.013917742563179259,"{""type"":""MultiPoint"",""coordinates"":[]}"
1_2011_03_22,2011-03-22,0.00874283239292848,"{""type"":""MultiPoint"",""coordinates"":[]}"
1_2011_03_30,2011-03-30,0.004423769951726028,"{""type"":""MultiPoint"",""coordinates"":[]}"
1_2011_04_07,2011-04-07,0.0077166656641861515,"{""type"":""MultiPoint"",""coordinates"":[]}"
1_2011_04_15,2011-04-15,0.005918610978916708,"{""type"":""MultiPoint"",""coordinates"":[]}"
1_2011_04_23,2011-04-23,0.009094549498071024,"{""type"":""MultiPoint"",""coordinates"":[]}"
1_2011_05_01,2011-05-01,0.002878899565250183,"{""type"":""MultiPoint"",""coordinates"":[]}"
1_2011_05_09,2011-05-09,0.00270040248769249,"{""type"":""MultiPoint"",""coordinates"":[]}"
1_2011_05_17,2011-05-17,0.0024196027813703077,"{""type"":""MultiPoint"",""coordinates"":[]}"
1_2011_05_25,2011-05-25,0.009192203413252942,"{""type"":""MultiPoint"",""coordinates"":[]}"
1_2011_06_02,2011-06-02,0.010675447166640994,"{""type"":""MultiPoint"",""coordinates"":[]}"
1_2011_06_10,2011-06-10,0.00831566571780418,"{""type"":""MultiPoint"",""coordinates"":[]}"
1_2011_06_18,2011-06-18,0.009278389168875923,"{""type"":""MultiPoint"",""coordinates"":[]}"
1_2011_06_26,2011-06-26,0.00874735881697105,"{""type"":""MultiPoint"",""coordinates"":[]}"
1_2011_07_04,2011-07-04,0.009243119219859946,"{""type"":""MultiPoint"",""coordinates"":[]}"
1_2011_07_12,2011-07-12,0.008172412322318606,"{""type"":""MultiPoint"",""coordinates"":[]}"
1_2011_07_20,2011-07-20,0.011014834246897073,"{""type"":""MultiPoint"",""coordinates"":[]}"
1_2011_07_28,2011-07-28,0.00823386458260454,"{""type"":""MultiPoint"",""coordinates"":[]}"
1_2011_08_05,2011-08-05,0.015071158294519391,"{""type"":""MultiPoint"",""coordinates"":[]}"
1_2011_08_13,2011-08-13,0.015316096248823283,"{""type"":""MultiPoint"",""coordinates"":[]}"
1_2011_08_21,2011-08-21,0.008387672704994431,"{""type"":""MultiPoint"",""coordinates"":[]}"
1_2011_08_29,2011-08-29,0.016582137341635172,"{""type"":""MultiPoint"",""coordinates"":[]}"
1_2011_09_06,2011-09-06,0.01919139816357362,"{""type"":""MultiPoint"",""coordinates"":[]}"
1_2011_09_14,2011-09-14,0.02271059035250765,"{""type"":""MultiPoint"",""coordinates"":[]}"
1_2011_09_22,2011-09-22,0.03244592531580255,"{""type"":""MultiPoint"",""coordinates"":[]}"
1_2011_09_30,2011-09-30,0.026065936704240275,"{""type"":""MultiPoint"",""coordinates"":[]}"
1_2011_10_08,2011-10-08,0.02916191044931298,"{""type"":""MultiPoint"",""coordinates"":[]}"
1_2011_10_16,2011-10-16,0.02752779757812371,"{""type"":""MultiPoint"",""coordinates"":[]}"
1_2011_10_24,2011-10-24,0.01279284415166316,"{""type"":""MultiPoint"",""coordinates"":[]}"
1_2011_11_01,2011-11-01,0.033435731416512765,"{""type"":""MultiPoint"",""coordinates"":[]}"
1_2011_11_09,2011-11-09,0.037313332681557364,"{""type"":""MultiPoint"",""coordinates"":[]}"
1_2011_11_17,2011-11-17,0.03460560291812559,"{""type"":""MultiPoint"",""coordinates"":[]}"
1_2011_11_25,2011-11-25,0.027901315770138494,"{""type"":""MultiPoint"",""coordinates"":[]}"
1_2011_12_03,2011-12-03,0.03478286449580991,"{""type"":""MultiPoint"",""coordinates"":[]}"
1_2011_12_11,2011-12-11,0.03302942427390897,"{""type"":""MultiPoint"",""coordinates"":[]}"
1_2011_12_19,2011-12-19,0.027862979681126974,"{""type"":""MultiPoint"",""coordinates"":[]}"
1_2011_12_27,2011-12-27,0.011006544243898546,"{""type"":""MultiPoint"",""coordinates"":[]}"
1_2012_01_01,2012-01-01,0.027238408757406834,"{""type"":""MultiPoint"",""coordinates"":[]}"
1_2012_01_09,2012-01-09,0.025388747625150525,"{""type"":""MultiPoint"",""coordinates"":[]}"
1_2012_01_17,2012-01-17,0.023528836036732153,"{""type"":""MultiPoint"",""coordinates"":[]}"
1_2012_01_25,2012-01-25,0.023069699225203435,"{""type"":""MultiPoint"",""coordinates"":[]}"
1_2012_02_02,2012-02-02,0.017868425624546682,"{""type"":""MultiPoint"",""coordinates"":[]}"
1_2012_02_10,2012-02-10,0.014391579387201288,"{""type"":""MultiPoint"",""coordinates"":[]}"
1_2012_02_18,2012-02-18,0.007977502728085678,"{""type"":""MultiPoint"",""coordinates"":[]}"
1_2012_02_26,2012-02-26,0.0049544365371495275,"{""type"":""MultiPoint"",""coordinates"":[]}"
1_2012_03_05,2012-03-05,0.0072423959907054565,"{""type"":""MultiPoint"",""coordinates"":[]}"
1_2012_03_13,2012-03-13,0.005840742864707437,"{""type"":""MultiPoint"",""coordinates"":[]}"
1_2012_03_21,2012-03-21,0.005161365426549667,"{""type"":""MultiPoint"",""coordinates"":[]}"
1_2012_03_29,2012-03-29,0.0044525945464677,"{""type"":""MultiPoint"",""coordinates"":[]}"
1_2012_04_06,2012-04-06,0.0036819782640058582,"{""type"":""MultiPoint"",""coordinates"":[]}"
1_2012_04_14,2012-04-14,0.0030122148996531194,"{""type"":""MultiPoint"",""coordinates"":[]}"
1_2012_04_22,2012-04-22,0.006178591963791261,"{""type"":""MultiPoint"",""coordinates"":[]}"
1_2012_04_30,2012-04-30,0.003651799909365235,"{""type"":""MultiPoint"",""coordinates"":[]}"
1_2012_05_08,2012-05-08,0.004315210637446231,"{""type"":""MultiPoint"",""coordinates"":[]}"
1_2012_05_16,2012-05-16,0.0056103685529166674,"{""type"":""MultiPoint"",""coordinates"":[]}"
1_2012_05_24,2012-05-24,0.004726061869951965,"{""type"":""MultiPoint"",""coordinates"":[]}"
1_2012_06_01,2012-06-01,0.0061962100757306186,"{""type"":""MultiPoint"",""coordinates"":[]}"
1_2012_06_09,2012-06-09,0.00640365885731231,"{""type"":""MultiPoint"",""coordinates"":[]}"
1_2012_06_17,2012-06-17,0.008587052819480981,"{""type"":""MultiPoint"",""coordinates"":[]}"
1_2012_06_25,2012-06-25,0.011389306127518784,"{""type"":""MultiPoint"",""coordinates"":[]}"
1_2012_07_03,2012-07-03,0.009319761205918129,"{""type"":""MultiPoint"",""coordinates"":[]}"
1_2012_07_11,2012-07-11,0.012720882762634646,"{""type"":""MultiPoint"",""coordinates"":[]}"
1_2012_07_19,2012-07-19,0.011818519005426997,"{""type"":""MultiPoint"",""coordinates"":[]}"
1_2012_07_27,2012-07-27,0.017079520841827456,"{""type"":""MultiPoint"",""coordinates"":[]}"
1_2012_08_04,2012-08-04,0.01151014292626724,"{""type"":""MultiPoint"",""coordinates"":[]}"
1_2012_08_12,2012-08-12,0.016292034278166324,"{""type"":""MultiPoint"",""coordinates"":[]}"
1_2012_08_20,2012-08-20,0.016416089972708388,"{""type"":""MultiPoint"",""coordinates"":[]}"
1_2012_08_28,2012-08-28,0.018305491502395327,"{""type"":""MultiPoint"",""coordinates"":[]}"
1_2012_09_05,2012-09-05,0.017652024314752407,"{""type"":""MultiPoint"",""coordinates"":[]}"
1_2012_09_13,2012-09-13,0.0236550873264867,"{""type"":""MultiPoint"",""coordinates"":[]}"
1_2012_09_21,2012-09-21,0.021660850066754785,"{""type"":""MultiPoint"",""coordinates"":[]}"
1_2012_09_29,2012-09-29,0.022576032138409242,"{""type"":""MultiPoint"",""coordinates"":[]}"
1_2012_10_07,2012-10-07,0.02437285925874776,"{""type"":""MultiPoint"",""coordinates"":[]}"
1_2012_10_15,2012-10-15,0.019918847825508824,"{""type"":""MultiPoint"",""coordinates"":[]}"
1_2012_10_23,2012-10-23,0.02804177328387935,"{""type"":""MultiPoint"",""coordinates"":[]}"
1_2012_10_31,2012-10-31,0.022796452382085716,"{""type"":""MultiPoint"",""coordinates"":[]}"
1_2012_11_08,2012-11-08,0.03462421475257911,"{""type"":""MultiPoint"",""coordinates"":[]}"
1_2012_11_16,2012-11-16,0.03217487890070167,"{""type"":""MultiPoint"",""coordinates"":[]}"
1_2012_11_24,2012-11-24,0.03208100047015347,"{""type"":""MultiPoint"",""coordinates"":[]}"
1_2012_12_02,2012-12-02,0.030441514323942157,"{""type"":""MultiPoint"",""coordinates"":[]}"
1_2012_12_10,2012-12-10,0.03128409101581064,"{""type"":""MultiPoint"",""coordinates"":[]}"
1_2012_12_18,2012-12-18,0.02860065135098709,"{""type"":""MultiPoint"",""coordinates"":[]}"
1_2012_12_26,2012-12-26,0.017972115542422677,"{""type"":""MultiPoint"",""coordinates"":[]}"
1_2013_01_01,2013-01-01,0.025747298126093658,"{""type"":""MultiPoint"",""coordinates"":[]}"
1_2013_01_09,2013-01-09,0.02320329057803623,"{""type"":""MultiPoint"",""coordinates"":[]}"
1_2013_01_17,2013-01-17,0.022396994759868782,"{""type"":""MultiPoint"",""coordinates"":[]}"
1_2013_01_25,2013-01-25,0.02036972336310128,"{""type"":""MultiPoint"",""coordinates"":[]}"
1_2013_02_02,2013-02-02,0.01755723795702707,"{""type"":""MultiPoint"",""coordinates"":[]}"
1_2013_02_10,2013-02-10,0.014972751741915157,"{""type"":""MultiPoint"",""coordinates"":[]}"
1_2013_02_18,2013-02-18,0.017358263112361324,"{""type"":""MultiPoint"",""coordinates"":[]}"
1_2013_02_26,2013-02-26,0.01209787553844134,"{""type"":""MultiPoint"",""coordinates"":[]}"
1_2013_03_06,2013-03-06,0.011077579621919163,"{""type"":""MultiPoint"",""coordinates"":[]}"
1_2013_03_14,2013-03-14,0.0077824181928692815,"{""type"":""MultiPoint"",""coordinates"":[]}"
1_2013_03_22,2013-03-22,0.005893439487837725,"{""type"":""MultiPoint"",""coordinates"":[]}"
1_2013_03_30,2013-03-30,0.005449356809267824,"{""type"":""MultiPoint"",""coordinates"":[]}"
1_2013_04_07,2013-04-07,0.005038947451809329,"{""type"":""MultiPoint"",""coordinates"":[]}"
1_2013_04_15,2013-04-15,0.004308537403390466,"{""type"":""MultiPoint"",""coordinates"":[]}"
1_2013_04_23,2013-04-23,0.005745424865861849,"{""type"":""MultiPoint"",""coordinates"":[]}"
1_2013_05_01,2013-05-01,0.0032270606734408564,"{""type"":""MultiPoint"",""coordinates"":[]}"
1_2013_05_09,2013-05-09,0.004399121807630886,"{""type"":""MultiPoint"",""coordinates"":[]}"
1_2013_05_17,2013-05-17,0.003894596977107077,"{""type"":""MultiPoint"",""coordinates"":[]}"
1_2013_05_25,2013-05-25,0.004434533743129036,"{""type"":""MultiPoint"",""coordinates"":[]}"
1_2013_06_02,2013-06-02,0.006503406441252983,"{""type"":""MultiPoint"",""coordinates"":[]}"
1_2013_06_10,2013-06-10,0.009892909067980215,"{""type"":""MultiPoint"",""coordinates"":[]}"
1_2013_06_18,2013-06-18,0.010267427069228592,"{""type"":""MultiPoint"",""coordinates"":[]}"
1_2013_06_26,2013-06-26,0.009756589655931132,"{""type"":""MultiPoint"",""coordinates"":[]}"
1_2013_07_04,2013-07-04,0.003507714096003469,"{""type"":""MultiPoint"",""coordinates"":[]}"
1_2013_07_12,2013-07-12,0.005149887895268731,"{""type"":""MultiPoint"",""coordinates"":[]}"
1_2013_07_20,2013-07-20,0.005143902414970949,"{""type"":""MultiPoint"",""coordinates"":[]}"
1_2013_07_28,2013-07-28,0.014027308119548339,"{""type"":""MultiPoint"",""coordinates"":[]}"
1_2013_08_05,2013-08-05,0.01349874797063016,"{""type"":""MultiPoint"",""coordinates"":[]}"
1_2013_08_13,2013-08-13,0.008524590607601433,"{""type"":""MultiPoint"",""coordinates"":[]}"
1_2013_08_21,2013-08-21,0.025703840675244116,"{""type"":""MultiPoint"",""coordinates"":[]}"
1_2013_08_29,2013-08-29,0.019434987615285775,"{""type"":""MultiPoint"",""coordinates"":[]}"
1_2013_09_06,2013-09-06,0.010446854735896554,"{""type"":""MultiPoint"",""coordinates"":[]}"
1_2013_09_14,2013-09-14,0.01985983035159089,"{""type"":""MultiPoint"",""coordinates"":[]}"
1_2013_09_22,2013-09-22,0.03443217374767197,"{""type"":""MultiPoint"",""coordinates"":[]}"
1_2013_09_30,2013-09-30,0.028928733783737497,"{""type"":""MultiPoint"",""coordinates"":[]}"
1_2013_10_08,2013-10-08,0.0175161341079662,"{""type"":""MultiPoint"",""coordinates"":[]}"
1_2013_10_16,2013-10-16,0.0251102197156073,"{""type"":""MultiPoint"",""coordinates"":[]}"
1_2013_10_24,2013-10-24,0.029597435328752635,"{""type"":""MultiPoint"",""coordinates"":[]}"
1_2013_11_01,2013-11-01,0.033622775497760826,"{""type"":""MultiPoint"",""coordinates"":[]}"
1_2013_11_09,2013-11-09,0.03670996914776972,"{""type"":""MultiPoint"",""coordinates"":[]}"
1_2013_11_17,2013-11-17,0.035930901211538066,"{""type"":""MultiPoint"",""coordinates"":[]}"
1_2013_11_25,2013-11-25,0.03690809756595838,"{""type"":""MultiPoint"",""coordinates"":[]}"
1_2013_12_03,2013-12-03,0.037220922868379185,"{""type"":""MultiPoint"",""coordinates"":[]}"
1_2013_12_11,2013-12-11,0.033400106850688026,"{""type"":""MultiPoint"",""coordinates"":[]}"
1_2013_12_19,2013-12-19,0.03480304882680091,"{""type"":""MultiPoint"",""coordinates"":[]}"
1_2013_12_27,2013-12-27,0.016886189523904038,"{""type"":""MultiPoint"",""coordinates"":[]}"
1_2014_01_01,2014-01-01,0.030886095454023,"{""type"":""MultiPoint"",""coordinates"":[]}"
1_2014_01_09,2014-01-09,0.028427863709173374,"{""type"":""MultiPoint"",""coordinates"":[]}"
1_2014_01_17,2014-01-17,0.024836743725730366,"{""type"":""MultiPoint"",""coordinates"":[]}"
1_2014_01_25,2014-01-25,0.02361390005277518,"{""type"":""MultiPoint"",""coordinates"":[]}"
1_2014_02_02,2014-02-02,0.017526917896729687,"{""type"":""MultiPoint"",""coordinates"":[]}"
1_2014_02_10,2014-02-10,0.016179310529942516,"{""type"":""MultiPoint"",""coordinates"":[]}"
1_2014_02_18,2014-02-18,0.01941107062875585,"{""type"":""MultiPoint"",""coordinates"":[]}"
1_2014_02_26,2014-02-26,0.017457954407193745,"{""type"":""MultiPoint"",""coordinates"":[]}"
1_2014_03_06,2014-03-06,0.012146104240583235,"{""type"":""MultiPoint"",""coordinates"":[]}"
1_2014_03_14,2014-03-14,0.006679072292285692,"{""type"":""MultiPoint"",""coordinates"":[]}"
1_2014_03_22,2014-03-22,0.004171869572279278,"{""type"":""MultiPoint"",""coordinates"":[]}"
1_2014_03_30,2014-03-30,0.0017477628394056961,"{""type"":""MultiPoint"",""coordinates"":[]}"
1_2014_04_07,2014-04-07,0.003254781736519439,"{""type"":""MultiPoint"",""coordinates"":[]}"
1_2014_04_15,2014-04-15,0.003817326602412639,"{""type"":""MultiPoint"",""coordinates"":[]}"
1_2014_04_23,2014-04-23,0.002737012952111188,"{""type"":""MultiPoint"",""coordinates"":[]}"
1_2014_05_01,2014-05-01,0.007619387545249819,"{""type"":""MultiPoint"",""coordinates"":[]}"
1_2014_05_09,2014-05-09,0.006069115533475315,"{""type"":""MultiPoint"",""coordinates"":[]}"
1_2014_05_17,2014-05-17,0.0031296181803826388,"{""type"":""MultiPoint"",""coordinates"":[]}"
1_2014_05_25,2014-05-25,0.004527671624797321,"{""type"":""MultiPoint"",""coordinates"":[]}"
1_2014_06_02,2014-06-02,0.005938422818254791,"{""type"":""MultiPoint"",""coordinates"":[]}"
1_2014_06_10,2014-06-10,0.00775436556676598,"{""type"":""MultiPoint"",""coordinates"":[]}"
1_2014_06_18,2014-06-18,0.006104390635305259,"{""type"":""MultiPoint"",""coordinates"":[]}"
1_2014_06_26,2014-06-26,0.007275759992753441,"{""type"":""MultiPoint"",""coordinates"":[]}"
1_2014_07_04,2014-07-04,0.005661984280193661,"{""type"":""MultiPoint"",""coordinates"":[]}"
1_2014_07_12,2014-07-12,0.007954149416331333,"{""type"":""MultiPoint"",""coordinates"":[]}"
1_2014_07_20,2014-07-20,0.006174318373779659,"{""type"":""MultiPoint"",""coordinates"":[]}"
1_2014_07_28,2014-07-28,0.006562866129820595,"{""type"":""MultiPoint"",""coordinates"":[]}"
1_2014_08_05,2014-08-05,0.008651153743846082,"{""type"":""MultiPoint"",""coordinates"":[]}"
1_2014_08_13,2014-08-13,0.01150590151358877,"{""type"":""MultiPoint"",""coordinates"":[]}"
1_2014_08_21,2014-08-21,0.012996157306733327,"{""type"":""MultiPoint"",""coordinates"":[]}"
1_2014_08_29,2014-08-29,0.009745011452113529,"{""type"":""MultiPoint"",""coordinates"":[]}"
1_2014_09_06,2014-09-06,0.02156424804406973,"{""type"":""MultiPoint"",""coordinates"":[]}"
1_2014_09_14,2014-09-14,0.011057275176150735,"{""type"":""MultiPoint"",""coordinates"":[]}"
1_2014_09_22,2014-09-22,0.02615575887075915,"{""type"":""MultiPoint"",""coordinates"":[]}"
1_2014_09_30,2014-09-30,0.030963591736192113,"{""type"":""MultiPoint"",""coordinates"":[]}"
1_2014_10_08,2014-10-08,0.02020059531005104,"{""type"":""MultiPoint"",""coordinates"":[]}"
1_2014_10_16,2014-10-16,0.02429052592730877,"{""type"":""MultiPoint"",""coordinates"":[]}"
1_2014_10_24,2014-10-24,0.02596288291401938,"{""type"":""MultiPoint"",""coordinates"":[]}"
1_2014_11_01,2014-11-01,0.021975694580095195,"{""type"":""MultiPoint"",""coordinates"":[]}"
1_2014_11_09,2014-11-09,0.02575468671966877,"{""type"":""MultiPoint"",""coordinates"":[]}"
1_2014_11_17,2014-11-17,0.03138668036701253,"{""type"":""MultiPoint"",""coordinates"":[]}"
1_2014_11_25,2014-11-25,0.024436289572747637,"{""type"":""MultiPoint"",""coordinates"":[]}"
1_2014_12_03,2014-12-03,0.02573587298502258,"{""type"":""MultiPoint"",""coordinates"":[]}"
1_2014_12_11,2014-12-11,0.022729928714177984,"{""type"":""MultiPoint"",""coordinates"":[]}"
1_2014_12_19,2014-12-19,0.0192053725174484,"{""type"":""MultiPoint"",""coordinates"":[]}"
1_2014_12_27,2014-12-27,0.011468871228689994,"{""type"":""MultiPoint"",""coordinates"":[]}"
1_2015_01_01,2015-01-01,0.022583836268249113,"{""type"":""MultiPoint"",""coordinates"":[]}"
1_2015_01_09,2015-01-09,0.021017619698927768,"{""type"":""MultiPoint"",""coordinates"":[]}"
1_2015_01_17,2015-01-17,0.01857086130563714,"{""type"":""MultiPoint"",""coordinates"":[]}"
1_2015_01_25,2015-01-25,0.019005322680787542,"{""type"":""MultiPoint"",""coordinates"":[]}"
1_2015_02_02,2015-02-02,0.01626140476818883,"{""type"":""MultiPoint"",""coordinates"":[]}"
1_2015_02_10,2015-02-10,0.011447930674860444,"{""type"":""MultiPoint"",""coordinates"":[]}"
1_2015_02_18,2015-02-18,0.009697390187748553,"{""type"":""MultiPoint"",""coordinates"":[]}"
1_2015_02_26,2015-02-26,0.01281432821963857,"{""type"":""MultiPoint"",""coordinates"":[]}"
1_2015_03_06,2015-03-06,0.015172864516056398,"{""type"":""MultiPoint"",""coordinates"":[]}"
1_2015_03_14,2015-03-14,0.008539740279875732,"{""type"":""MultiPoint"",""coordinates"":[]}"
1_2015_03_22,2015-03-22,0.006553907782649966,"{""type"":""MultiPoint"",""coordinates"":[]}"
1_2015_03_30,2015-03-30,0.00500296743323415,"{""type"":""MultiPoint"",""coordinates"":[]}"
1_2015_04_07,2015-04-07,0.00583186007908407,"{""type"":""MultiPoint"",""coordinates"":[]}"
1_2015_04_15,2015-04-15,0.006780355963461422,"{""type"":""MultiPoint"",""coordinates"":[]}"
1_2015_04_23,2015-04-23,0.004828097473220491,"{""type"":""MultiPoint"",""coordinates"":[]}"
1_2015_05_01,2015-05-01,0.004574916230848971,"{""type"":""MultiPoint"",""coordinates"":[]}"
1_2015_05_09,2015-05-09,0.0037551969788964636,"{""type"":""MultiPoint"",""coordinates"":[]}"
1_2015_05_17,2015-05-17,0.0041206361132864544,"{""type"":""MultiPoint"",""coordinates"":[]}"
1_2015_05_25,2015-05-25,0.0032962147713878633,"{""type"":""MultiPoint"",""coordinates"":[]}"
1_2015_06_02,2015-06-02,0.007871337186645972,"{""type"":""MultiPoint"",""coordinates"":[]}"
1_2015_06_10,2015-06-10,0.012076491842585402,"{""type"":""MultiPoint"",""coordinates"":[]}"
1_2015_06_18,2015-06-18,0.007988166095121926,"{""type"":""MultiPoint"",""coordinates"":[]}"
1_2015_06_26,2015-06-26,0.012968550852953795,"{""type"":""MultiPoint"",""coordinates"":[]}"
1_2015_07_04,2015-07-04,0.01056448510617885,"{""type"":""MultiPoint"",""coordinates"":[]}"
1_2015_07_12,2015-07-12,0.010643154780156096,"{""type"":""MultiPoint"",""coordinates"":[]}"
1_2015_07_20,2015-07-20,0.012193574022658485,"{""type"":""MultiPoint"",""coordinates"":[]}"
1_2015_07_28,2015-07-28,0.012774184158968934,"{""type"":""MultiPoint"",""coordinates"":[]}"
1_2015_08_05,2015-08-05,0.008922900177579228,"{""type"":""MultiPoint"",""coordinates"":[]}"
1_2015_08_13,2015-08-13,0.013057773294590128,"{""type"":""MultiPoint"",""coordinates"":[]}"
1_2015_08_21,2015-08-21,0.009863771261808225,"{""type"":""MultiPoint"",""coordinates"":[]}"
1_2015_08_29,2015-08-29,0.018082283096398134,"{""type"":""MultiPoint"",""coordinates"":[]}"
1_2015_09_06,2015-09-06,0.014657084685293984,"{""type"":""MultiPoint"",""coordinates"":[]}"
1_2015_09_14,2015-09-14,0.018290246081820373,"{""type"":""MultiPoint"",""coordinates"":[]}"
1_2015_09_22,2015-09-22,0.024711116337941173,"{""type"":""MultiPoint"",""coordinates"":[]}"
1_2015_09_30,2015-09-30,0.02250167222210602,"{""type"":""MultiPoint"",""coordinates"":[]}"
1_2015_10_08,2015-10-08,0.026061530179457993,"{""type"":""MultiPoint"",""coordinates"":[]}"
1_2015_10_16,2015-10-16,0.03116221258447838,"{""type"":""MultiPoint"",""coordinates"":[]}"
1_2015_10_24,2015-10-24,0.026256066576711052,"{""type"":""MultiPoint"",""coordinates"":[]}"
1_2015_11_01,2015-11-01,0.025835627289173217,"{""type"":""MultiPoint"",""coordinates"":[]}"
1_2015_11_09,2015-11-09,0.015046219052338107,"{""type"":""MultiPoint"",""coordinates"":[]}"
1_2015_11_17,2015-11-17,0.013785962382104748,"{""type"":""MultiPoint"",""coordinates"":[]}"
1_2015_11_25,2015-11-25,0.029819987740351495,"{""type"":""MultiPoint"",""coordinates"":[]}"
1_2015_12_03,2015-12-03,0.03474177213445494,"{""type"":""MultiPoint"",""coordinates"":[]}"
1_2015_12_11,2015-12-11,0.03810295689902791,"{""type"":""MultiPoint"",""coordinates"":[]}"
1_2015_12_19,2015-12-19,0.034553776363028955,"{""type"":""MultiPoint"",""coordinates"":[]}"
1_2015_12_27,2015-12-27,0.020897716264887095,"{""type"":""MultiPoint"",""coordinates"":[]}"
1_2016_01_01,2016-01-01,0.04802097020373756,"{""type"":""MultiPoint"",""coordinates"":[]}"
1_2016_01_09,2016-01-09,0.0281595239518024,"{""type"":""MultiPoint"",""coordinates"":[]}"
1_2016_01_17,2016-01-17,0.025129608057616815,"{""type"":""MultiPoint"",""coordinates"":[]}"
1_2016_01_25,2016-01-25,0.025878159773944837,"{""type"":""MultiPoint"",""coordinates"":[]}"
1_2016_02_02,2016-02-02,0.023165812781996697,"{""type"":""MultiPoint"",""coordinates"":[]}"
1_2016_02_10,2016-02-10,0.021140328484397907,"{""type"":""MultiPoint"",""coordinates"":[]}"
1_2016_02_18,2016-02-18,0.016211323312579004,"{""type"":""MultiPoint"",""coordinates"":[]}"
1_2016_02_26,2016-02-26,0.011618704826749907,"{""type"":""MultiPoint"",""coordinates"":[]}"
1_2016_03_05,2016-03-05,0.012048507078197174,"{""type"":""MultiPoint"",""coordinates"":[]}"
1_2016_03_13,2016-03-13,0.005696135245634753,"{""type"":""MultiPoint"",""coordinates"":[]}"
1_2016_03_21,2016-03-21,0.003729983971416938,"{""type"":""MultiPoint"",""coordinates"":[]}"
1_2016_03_29,2016-03-29,0.0036288014756511917,"{""type"":""MultiPoint"",""coordinates"":[]}"
1_2016_04_06,2016-04-06,0.003882983441571787,"{""type"":""MultiPoint"",""coordinates"":[]}"
1_2016_04_14,2016-04-14,0.0018686201579791015,"{""type"":""MultiPoint"",""coordinates"":[]}"
1_2016_04_22,2016-04-22,0.0010620174828652885,"{""type"":""MultiPoint"",""coordinates"":[]}"
1_2016_04_30,2016-04-30,0.0017068610799319582,"{""type"":""MultiPoint"",""coordinates"":[]}"
1_2016_05_08,2016-05-08,0.0031235995365994605,"{""type"":""MultiPoint"",""coordinates"":[]}"
1_2016_05_16,2016-05-16,0.0052450702882396154,"{""type"":""MultiPoint"",""coordinates"":[]}"
1_2016_05_24,2016-05-24,0.004774686581216148,"{""type"":""MultiPoint"",""coordinates"":[]}"
1_2016_06_01,2016-06-01,0.005959700029147172,"{""type"":""MultiPoint"",""coordinates"":[]}"
1_2016_06_09,2016-06-09,0.01162362966978686,"{""type"":""MultiPoint"",""coordinates"":[]}"
1_2016_06_17,2016-06-17,0.010715528348609164,"{""type"":""MultiPoint"",""coordinates"":[]}"
1_2016_06_25,2016-06-25,0.009001924246315901,"{""type"":""MultiPoint"",""coordinates"":[]}"
1_2016_07_03,2016-07-03,0.009909601057887667,"{""type"":""MultiPoint"",""coordinates"":[]}"
1_2016_07_11,2016-07-11,0.015081281262610446,"{""type"":""MultiPoint"",""coordinates"":[]}"
1_2016_07_19,2016-07-19,0.011771800273784888,"{""type"":""MultiPoint"",""coordinates"":[]}"
1_2016_07_27,2016-07-27,0.009012977718617168,"{""type"":""MultiPoint"",""coordinates"":[]}"
1_2016_08_04,2016-08-04,0.020155267694577764,"{""type"":""MultiPoint"",""coordinates"":[]}"
1_2016_08_12,2016-08-12,0.019056701685557946,"{""type"":""MultiPoint"",""coordinates"":[]}"
1_2016_08_20,2016-08-20,0.014342431635902533,"{""type"":""MultiPoint"",""coordinates"":[]}"
1_2016_08_28,2016-08-28,0.012073506991662755,"{""type"":""MultiPoint"",""coordinates"":[]}"
1_2016_09_05,2016-09-05,0.019354342271343042,"{""type"":""MultiPoint"",""coordinates"":[]}"
1_2016_09_13,2016-09-13,0.01642951091172117,"{""type"":""MultiPoint"",""coordinates"":[]}"
1_2016_09_21,2016-09-21,0.007753810120819414,"{""type"":""MultiPoint"",""coordinates"":[]}"
1_2016_09_29,2016-09-29,0.02628618177182461,"{""type"":""MultiPoint"",""coordinates"":[]}"
1_2016_10_07,2016-10-07,0.023739666736350185,"{""type"":""MultiPoint"",""coordinates"":[]}"
1_2016_10_15,2016-10-15,0.02129379499283508,"{""type"":""MultiPoint"",""coordinates"":[]}"
1_2016_10_23,2016-10-23,0.01793566646754151,"{""type"":""MultiPoint"",""coordinates"":[]}"
1_2016_10_31,2016-10-31,0.023821619275470156,"{""type"":""MultiPoint"",""coordinates"":[]}"
1_2016_11_08,2016-11-08,0.021735297071496743,"{""type"":""MultiPoint"",""coordinates"":[]}"
1_2016_11_16,2016-11-16,0.02292546695828083,"{""type"":""MultiPoint"",""coordinates"":[]}"
1_2016_11_24,2016-11-24,0.019250601125742305,"{""type"":""MultiPoint"",""coordinates"":[]}"
1_2016_12_02,2016-12-02,0.020604928728872533,"{""type"":""MultiPoint"",""coordinates"":[]}"
1_2016_12_10,2016-12-10,0.019967803701418357,"{""type"":""MultiPoint"",""coordinates"":[]}"
1_2016_12_18,2016-12-18,0.023786879903050825,"{""type"":""MultiPoint"",""coordinates"":[]}"
1_2016_12_26,2016-12-26,0.01937387132632602,"{""type"":""MultiPoint"",""coordinates"":[]}"
1_2017_01_01,2017-01-01,0.02420149233076429,"{""type"":""MultiPoint"",""coordinates"":[]}"
1_2017_01_09,2017-01-09,0.02245995457425244,"{""type"":""MultiPoint"",""coordinates"":[]}"
1_2017_01_17,2017-01-17,0.019734655118353886,"{""type"":""MultiPoint"",""coordinates"":[]}"
1_2017_01_25,2017-01-25,0.01815483586392702,"{""type"":""MultiPoint"",""coordinates"":[]}"
1_2017_02_02,2017-02-02,0.016017657917266327,"{""type"":""MultiPoint"",""coordinates"":[]}"
1_2017_02_10,2017-02-10,0.018079439644185232,"{""type"":""MultiPoint"",""coordinates"":[]}"
1_2017_02_18,2017-02-18,0.0076212755390029484,"{""type"":""MultiPoint"",""coordinates"":[]}"
1_2017_02_26,2017-02-26,0.010321189737135139,"{""type"":""MultiPoint"",""coordinates"":[]}"
1_2017_03_06,2017-03-06,0.008918434620746651,"{""type"":""MultiPoint"",""coordinates"":[]}"
1_2017_03_14,2017-03-14,0.00807948603910615,"{""type"":""MultiPoint"",""coordinates"":[]}"
1_2017_03_22,2017-03-22,0.0036651562128866637,"{""type"":""MultiPoint"",""coordinates"":[]}"
1_2017_03_30,2017-03-30,0.00165236182735115,"{""type"":""MultiPoint"",""coordinates"":[]}"
1_2017_04_07,2017-04-07,0.0017753879713199956,"{""type"":""MultiPoint"",""coordinates"":[]}"
1_2017_04_15,2017-04-15,6.594307243962464E-4,"{""type"":""MultiPoint"",""coordinates"":[]}"
1_2017_04_23,2017-04-23,6.81583724317034E-4,"{""type"":""MultiPoint"",""coordinates"":[]}"
1_2017_05_01,2017-05-01,0.002436779044386144,"{""type"":""MultiPoint"",""coordinates"":[]}"
1_2017_05_09,2017-05-09,0.004129376690379449,"{""type"":""MultiPoint"",""coordinates"":[]}"
1_2017_05_17,2017-05-17,0.002336594914544704,"{""type"":""MultiPoint"",""coordinates"":[]}"
1_2017_05_25,2017-05-25,0.005727106029961559,"{""type"":""MultiPoint"",""coordinates"":[]}"
1_2017_06_02,2017-06-02,0.007180745572384107,"{""type"":""MultiPoint"",""coordinates"":[]}"
1_2017_06_10,2017-06-10,0.006885317078653618,"{""type"":""MultiPoint"",""coordinates"":[]}"
1_2017_06_18,2017-06-18,0.010850617838102587,"{""type"":""MultiPoint"",""coordinates"":[]}"
1_2017_06_26,2017-06-26,0.009283595575006265,"{""type"":""MultiPoint"",""coordinates"":[]}"
1_2017_07_04,2017-07-04,0.011396318905257446,"{""type"":""MultiPoint"",""coordinates"":[]}"
1_2017_07_12,2017-07-12,0.007071474124806468,"{""type"":""MultiPoint"",""coordinates"":[]}"
1_2017_07_20,2017-07-20,0.014533441888565753,"{""type"":""MultiPoint"",""coordinates"":[]}"
1_2017_07_28,2017-07-28,0.011330672580713007,"{""type"":""MultiPoint"",""coordinates"":[]}"
1_2017_08_05,2017-08-05,0.010067051246860578,"{""type"":""MultiPoint"",""coordinates"":[]}"
1_2017_08_13,2017-08-13,0.0075862291071831026,"{""type"":""MultiPoint"",""coordinates"":[]}"
1_2017_08_21,2017-08-21,0.023278031626262644,"{""type"":""MultiPoint"",""coordinates"":[]}"
1_2017_08_29,2017-08-29,0.023588279509281933,"{""type"":""MultiPoint"",""coordinates"":[]}"
1_2017_09_06,2017-09-06,0.020984493379417383,"{""type"":""MultiPoint"",""coordinates"":[]}"
1_2017_09_14,2017-09-14,0.022784305807835407,"{""type"":""MultiPoint"",""coordinates"":[]}"
1_2017_09_22,2017-09-22,0.02557886288165368,"{""type"":""MultiPoint"",""coordinates"":[]}"
1_2017_09_30,2017-09-30,0.01902569867818221,"{""type"":""MultiPoint"",""coordinates"":[]}"
1_2017_10_08,2017-10-08,0.028669060543999723,"{""type"":""MultiPoint"",""coordinates"":[]}"
1_2017_10_16,2017-10-16,0.03188850277177696,"{""type"":""MultiPoint"",""coordinates"":[]}"
1_2017_10_24,2017-10-24,0.03392715413595597,"{""type"":""MultiPoint"",""coordinates"":[]}"
1_2017_11_01,2017-11-01,0.024635536229998214,"{""type"":""MultiPoint"",""coordinates"":[]}"
1_2017_11_09,2017-11-09,0.02963460994469602,"{""type"":""MultiPoint"",""coordinates"":[]}"
1_2017_11_17,2017-11-17,0.03273534189902162,"{""type"":""MultiPoint"",""coordinates"":[]}"
1_2017_11_25,2017-11-25,0.025544363307756647,"{""type"":""MultiPoint"",""coordinates"":[]}"
1_2017_12_03,2017-12-03,0.029671804290237386,"{""type"":""MultiPoint"",""coordinates"":[]}"
1_2017_12_11,2017-12-11,0.0299773645686612,"{""type"":""MultiPoint"",""coordinates"":[]}"
1_2017_12_19,2017-12-19,0.029397379816812282,"{""type"":""MultiPoint"",""coordinates"":[]}"
1_2017_12_27,2017-12-27,0.015918092118603445,"{""type"":""MultiPoint"",""coordinates"":[]}"
1_2018_01_01,2018-01-01,0.023388641884700058,"{""type"":""MultiPoint"",""coordinates"":[]}"
1_2018_01_09,2018-01-09,0.021423378997455226,"{""type"":""MultiPoint"",""coordinates"":[]}"
1_2018_01_17,2018-01-17,0.02061201296680546,"{""type"":""MultiPoint"",""coordinates"":[]}"
1_2018_01_25,2018-01-25,0.017793071489387354,"{""type"":""MultiPoint"",""coordinates"":[]}"
1_2018_02_02,2018-02-02,0.01457061917561352,"{""type"":""MultiPoint"",""coordinates"":[]}"
1_2018_02_10,2018-02-10,0.013660363024580556,"{""type"":""MultiPoint"",""coordinates"":[]}"
1_2018_02_18,2018-02-18,0.013841637142477532,"{""type"":""MultiPoint"",""coordinates"":[]}"
1_2018_02_26,2018-02-26,0.005224462433796548,"{""type"":""MultiPoint"",""coordinates"":[]}"
1_2018_03_06,2018-03-06,0.006818359627380596,"{""type"":""MultiPoint"",""coordinates"":[]}"
1_2018_03_14,2018-03-14,0.009304698426158192,"{""type"":""MultiPoint"",""coordinates"":[]}"
1_2018_03_22,2018-03-22,0.004755509341320856,"{""type"":""MultiPoint"",""coordinates"":[]}"
1_2018_03_30,2018-03-30,0.006387891415509218,"{""type"":""MultiPoint"",""coordinates"":[]}"
1_2018_04_07,2018-04-07,0.008500282810479246,"{""type"":""MultiPoint"",""coordinates"":[]}"
1_2018_04_15,2018-04-15,0.0026024204577567464,"{""type"":""MultiPoint"",""coordinates"":[]}"
1_2018_04_23,2018-04-23,0.002291833573112305,"{""type"":""MultiPoint"",""coordinates"":[]}"
1_2018_05_01,2018-05-01,0.003834669688606171,"{""type"":""MultiPoint"",""coordinates"":[]}"
1_2018_05_09,2018-05-09,0.0041471031681578775,"{""type"":""MultiPoint"",""coordinates"":[]}"
1_2018_05_17,2018-05-17,0.004794291276115728,"{""type"":""MultiPoint"",""coordinates"":[]}"
1_2018_05_25,2018-05-25,0.004551168144296488,"{""type"":""MultiPoint"",""coordinates"":[]}"
1_2018_06_02,2018-06-02,0.01009035359212223,"{""type"":""MultiPoint"",""coordinates"":[]}"
1_2018_06_10,2018-06-10,0.01004513404860142,"{""type"":""MultiPoint"",""coordinates"":[]}"
1_2018_06_18,2018-06-18,0.01064697130444093,"{""type"":""MultiPoint"",""coordinates"":[]}"
1_2018_06_26,2018-06-26,0.008118218679297918,"{""type"":""MultiPoint"",""coordinates"":[]}"
1_2018_07_04,2018-07-04,0.009451143196577487,"{""type"":""MultiPoint"",""coordinates"":[]}"
1_2018_07_12,2018-07-12,0.005237189741315167,"{""type"":""MultiPoint"",""coordinates"":[]}"
1_2018_07_20,2018-07-20,0.007273689991673769,"{""type"":""MultiPoint"",""coordinates"":[]}"
1_2018_07_28,2018-07-28,0.007922389337109495,"{""type"":""MultiPoint"",""coordinates"":[]}"
1_2018_08_05,2018-08-05,0.007173311628817713,"{""type"":""MultiPoint"",""coordinates"":[]}"
1_2018_08_13,2018-08-13,0.008290385789047672,"{""type"":""MultiPoint"",""coordinates"":[]}"
1_2018_08_21,2018-08-21,0.015485380068379002,"{""type"":""MultiPoint"",""coordinates"":[]}"
1_2018_08_29,2018-08-29,0.019254382396680113,"{""type"":""MultiPoint"",""coordinates"":[]}"
1_2018_09_06,2018-09-06,0.017216517845684697,"{""type"":""MultiPoint"",""coordinates"":[]}"
1_2018_09_14,2018-09-14,0.015701214660037457,"{""type"":""MultiPoint"",""coordinates"":[]}"
1_2018_09_22,2018-09-22,0.023758688320764047,"{""type"":""MultiPoint"",""coordinates"":[]}"
1_2018_09_30,2018-09-30,0.02503112820312856,"{""type"":""MultiPoint"",""coordinates"":[]}"
1_2018_10_08,2018-10-08,0.020618746552136854,"{""type"":""MultiPoint"",""coordinates"":[]}"
1_2018_10_16,2018-10-16,0.020819661421572162,"{""type"":""MultiPoint"",""coordinates"":[]}"
1_2018_10_24,2018-10-24,0.022664701243552226,"{""type"":""MultiPoint"",""coordinates"":[]}"
1_2018_11_01,2018-11-01,0.02198195392365222,"{""type"":""MultiPoint"",""coordinates"":[]}"
1_2018_11_09,2018-11-09,0.019843032164075593,"{""type"":""MultiPoint"",""coordinates"":[]}"
1_2018_11_17,2018-11-17,0.019763233742952573,"{""type"":""MultiPoint"",""coordinates"":[]}"
1_2018_11_25,2018-11-25,0.0254705207562085,"{""type"":""MultiPoint"",""coordinates"":[]}"
1_2018_12_03,2018-12-03,0.020133683143459858,"{""type"":""MultiPoint"",""coordinates"":[]}"
1_2018_12_11,2018-12-11,0.020893673793942066,"{""type"":""MultiPoint"",""coordinates"":[]}"
1_2018_12_19,2018-12-19,0.021632302587620243,"{""type"":""MultiPoint"",""coordinates"":[]}"
1_2018_12_27,2018-12-27,0.011785054951269955,"{""type"":""MultiPoint"",""coordinates"":[]}"
1_2019_01_01,2019-01-01,0.01955481365915039,"{""type"":""MultiPoint"",""coordinates"":[]}"
1_2019_01_09,2019-01-09,0.017806368858819976,"{""type"":""MultiPoint"",""coordinates"":[]}"
1_2019_01_17,2019-01-17,0.016146272768304396,"{""type"":""MultiPoint"",""coordinates"":[]}"
1_2019_01_25,2019-01-25,0.01599315678838227,"{""type"":""MultiPoint"",""coordinates"":[]}"
1_2019_02_02,2019-02-02,0.014912283871606279,"{""type"":""MultiPoint"",""coordinates"":[]}"
1_2019_02_10,2019-02-10,0.013565299100621417,"{""type"":""MultiPoint"",""coordinates"":[]}"
1_2019_02_18,2019-02-18,0.00679912942909375,"{""type"":""MultiPoint"",""coordinates"":[]}"
1_2019_02_26,2019-02-26,0.007165638539811552,"{""type"":""MultiPoint"",""coordinates"":[]}"
1_2019_03_06,2019-03-06,0.0045717560993417455,"{""type"":""MultiPoint"",""coordinates"":[]}"
1_2019_03_14,2019-03-14,0.005128379434693747,"{""type"":""MultiPoint"",""coordinates"":[]}"
1_2019_03_22,2019-03-22,0.0026639818806413096,"{""type"":""MultiPoint"",""coordinates"":[]}"
1_2019_03_30,2019-03-30,0.0010046130879783827,"{""type"":""MultiPoint"",""coordinates"":[]}"
1_2019_04_07,2019-04-07,0.0013157207921801809,"{""type"":""MultiPoint"",""coordinates"":[]}"
1_2019_04_15,2019-04-15,0.0030257574620619694,"{""type"":""MultiPoint"",""coordinates"":[]}"
1_2019_04_23,2019-04-23,0.001088472873698449,"{""type"":""MultiPoint"",""coordinates"":[]}"
1_2019_05_01,2019-05-01,9.625376819951112E-4,"{""type"":""MultiPoint"",""coordinates"":[]}"
1_2019_05_09,2019-05-09,0.0012685222153235325,"{""type"":""MultiPoint"",""coordinates"":[]}"
1_2019_05_17,2019-05-17,0.0015015814633483624,"{""type"":""MultiPoint"",""coordinates"":[]}"
1_2019_05_25,2019-05-25,0.0010870581486271621,"{""type"":""MultiPoint"",""coordinates"":[]}"
1_2019_06_02,2019-06-02,0.0036036563886633084,"{""type"":""MultiPoint"",""coordinates"":[]}"
1_2019_06_10,2019-06-10,0.0050325300820842495,"{""type"":""MultiPoint"",""coordinates"":[]}"
1_2019_06_18,2019-06-18,0.006811267826761479,"{""type"":""MultiPoint"",""coordinates"":[]}"
1_2019_06_26,2019-06-26,0.006066715373496334,"{""type"":""MultiPoint"",""coordinates"":[]}"
1_2019_07_04,2019-07-04,0.006713067203865457,"{""type"":""MultiPoint"",""coordinates"":[]}"
1_2019_07_12,2019-07-12,0.008204194795710192,"{""type"":""MultiPoint"",""coordinates"":[]}"
1_2019_07_20,2019-07-20,0.010810394695775336,"{""type"":""MultiPoint"",""coordinates"":[]}"
1_2019_07_28,2019-07-28,0.010977346001549457,"{""type"":""MultiPoint"",""coordinates"":[]}"
1_2019_08_05,2019-08-05,0.007995859364351831,"{""type"":""MultiPoint"",""coordinates"":[]}"
1_2019_08_13,2019-08-13,0.010622492719935673,"{""type"":""MultiPoint"",""coordinates"":[]}"
1_2019_08_21,2019-08-21,0.016655979455618215,"{""type"":""MultiPoint"",""coordinates"":[]}"
1_2019_08_29,2019-08-29,0.008835362444970421,"{""type"":""MultiPoint"",""coordinates"":[]}"
1_2019_09_06,2019-09-06,0.020276081517912943,"{""type"":""MultiPoint"",""coordinates"":[]}"
1_2019_09_14,2019-09-14,0.009078847919552734,"{""type"":""MultiPoint"",""coordinates"":[]}"
1_2019_09_22,2019-09-22,0.02505392160838819,"{""type"":""MultiPoint"",""coordinates"":[]}"
1_2019_09_30,2019-09-30,0.028227820377205292,"{""type"":""MultiPoint"",""coordinates"":[]}"
1_2019_10_08,2019-10-08,0.027899801378276204,"{""type"":""MultiPoint"",""coordinates"":[]}"
1_2019_10_16,2019-10-16,0.012228669905821003,"{""type"":""MultiPoint"",""coordinates"":[]}"
1_2019_10_24,2019-10-24,0.022291506993100042,"{""type"":""MultiPoint"",""coordinates"":[]}"
1_2019_11_01,2019-11-01,0.03749176897680551,"{""type"":""MultiPoint"",""coordinates"":[]}"
1_2019_11_09,2019-11-09,0.03901230013987068,"{""type"":""MultiPoint"",""coordinates"":[]}"
1_2019_11_17,2019-11-17,0.03143604212010942,"{""type"":""MultiPoint"",""coordinates"":[]}"
1_2019_11_25,2019-11-25,0.030946495266692884,"{""type"":""MultiPoint"",""coordinates"":[]}"
1_2019_12_03,2019-12-03,0.028265134955078788,"{""type"":""MultiPoint"",""coordinates"":[]}"
1_2019_12_11,2019-12-11,0.03727900810742135,"{""type"":""MultiPoint"",""coordinates"":[]}"
1_2019_12_19,2019-12-19,0.025325877113151676,"{""type"":""MultiPoint"",""coordinates"":[]}"
1_2019_12_27,2019-12-27,0.020043441254423172,"{""type"":""MultiPoint"",""coordinates"":[]}"
1_2020_01_01,2020-01-01,0.02295539501937709,"{""type"":""MultiPoint"",""coordinates"":[]}"
1_2020_01_09,2020-01-09,0.02994461748060531,"{""type"":""MultiPoint"",""coordinates"":[]}"
1_2020_01_17,2020-01-17,0.027855424238250364,"{""type"":""MultiPoint"",""coordinates"":[]}"
1_2020_01_25,2020-01-25,0.02191861882242736,"{""type"":""MultiPoint"",""coordinates"":[]}"
1_2020_02_02,2020-02-02,0.020377708546768514,"{""type"":""MultiPoint"",""coordinates"":[]}"
1_2020_02_10,2020-02-10,0.018716481841293032,"{""type"":""MultiPoint"",""coordinates"":[]}"
1_2020_02_18,2020-02-18,0.017202772063857594,"{""type"":""MultiPoint"",""coordinates"":[]}"
1_2020_02_26,2020-02-26,0.0147001730796998,"{""type"":""MultiPoint"",""coordinates"":[]}"
1_2020_03_05,2020-03-05,0.013636653469845635,"{""type"":""MultiPoint"",""coordinates"":[]}"
1_2020_03_13,2020-03-13,0.009751404331277037,"{""type"":""MultiPoint"",""coordinates"":[]}"
1_2020_03_21,2020-03-21,0.006672081980556011,"{""type"":""MultiPoint"",""coordinates"":[]}"
1_2020_03_29,2020-03-29,0.0038411233957948597,"{""type"":""MultiPoint"",""coordinates"":[]}"
1_2020_04_06,2020-04-06,0.0040018002195792626,"{""type"":""MultiPoint"",""coordinates"":[]}"
1_2020_04_14,2020-04-14,0.003291924024921305,"{""type"":""MultiPoint"",""coordinates"":[]}"
1_2020_04_22,2020-04-22,0.004040408199544688,"{""type"":""MultiPoint"",""coordinates"":[]}"
1_2020_04_30,2020-04-30,0.002040299663904593,"{""type"":""MultiPoint"",""coordinates"":[]}"
1_2020_05_08,2020-05-08,0.0041316449997032025,"{""type"":""MultiPoint"",""coordinates"":[]}"
1_2020_05_16,2020-05-16,0.0018885709992169947,"{""type"":""MultiPoint"",""coordinates"":[]}"
1_2020_05_24,2020-05-24,0.003621338117287108,"{""type"":""MultiPoint"",""coordinates"":[]}"
1_2020_06_01,2020-06-01,0.01019637142608406,"{""type"":""MultiPoint"",""coordinates"":[]}"
1_2020_06_09,2020-06-09,0.009164990297492718,"{""type"":""MultiPoint"",""coordinates"":[]}"
1_2020_06_17,2020-06-17,0.013985907098742742,"{""type"":""MultiPoint"",""coordinates"":[]}"
1_2020_06_25,2020-06-25,0.012104571943834375,"{""type"":""MultiPoint"",""coordinates"":[]}"
1_2020_07_03,2020-07-03,0.016178705495505583,"{""type"":""MultiPoint"",""coordinates"":[]}"
1_2020_07_11,2020-07-11,0.015809153135304056,"{""type"":""MultiPoint"",""coordinates"":[]}"
1_2020_07_19,2020-07-19,0.019297243139883177,"{""type"":""MultiPoint"",""coordinates"":[]}"
1_2020_07_27,2020-07-27,0.02135380920650478,"{""type"":""MultiPoint"",""coordinates"":[]}"
1_2020_08_04,2020-08-04,0.01146469580338195,"{""type"":""MultiPoint"",""coordinates"":[]}"
1_2020_08_12,2020-08-12,0.014032824079851694,"{""type"":""MultiPoint"",""coordinates"":[]}"
1_2020_08_20,2020-08-20,0.015715676245480086,"{""type"":""MultiPoint"",""coordinates"":[]}"
1_2020_08_28,2020-08-28,0.024656351039487195,"{""type"":""MultiPoint"",""coordinates"":[]}"
1_2020_09_05,2020-09-05,0.024653499090681118,"{""type"":""MultiPoint"",""coordinates"":[]}"
1_2020_09_13,2020-09-13,0.012493982355431789,"{""type"":""MultiPoint"",""coordinates"":[]}"
1_2020_09_21,2020-09-21,0.03390392225167418,"{""type"":""MultiPoint"",""coordinates"":[]}"
1_2020_09_29,2020-09-29,0.02955910065692844,"{""type"":""MultiPoint"",""coordinates"":[]}"
1_2020_10_07,2020-10-07,0.02324751764642976,"{""type"":""MultiPoint"",""coordinates"":[]}"
1_2020_10_15,2020-10-15,0.0268600273928569,"{""type"":""MultiPoint"",""coordinates"":[]}"
1_2020_10_23,2020-10-23,0.03777267026997952,"{""type"":""MultiPoint"",""coordinates"":[]}"
1_2020_10_31,2020-10-31,0.03896121052211211,"{""type"":""MultiPoint"",""coordinates"":[]}"
1_2020_11_08,2020-11-08,0.03378451700138144,"{""type"":""MultiPoint"",""coordinates"":[]}"
1_2020_11_16,2020-11-16,0.03794691225932902,"{""type"":""MultiPoint"",""coordinates"":[]}"
1_2020_11_24,2020-11-24,0.01542163769237246,"{""type"":""MultiPoint"",""coordinates"":[]}"
1_2020_12_02,2020-12-02,0.016937104461911736,"{""type"":""MultiPoint"",""coordinates"":[]}"
1_2020_12_10,2020-12-10,0.038720378616251674,"{""type"":""MultiPoint"",""coordinates"":[]}"
1_2020_12_18,2020-12-18,0.03663517128797097,"{""type"":""MultiPoint"",""coordinates"":[]}"
1_2020_12_26,2020-12-26,0.02245935701760087,"{""type"":""MultiPoint"",""coordinates"":[]}"
2_2021_01_01,2021-01-01,0.02817424897812295,"{""type"":""MultiPoint"",""coordinates"":[]}"
2_2021_01_09,2021-01-09,0.031405930750046045,"{""type"":""MultiPoint"",""coordinates"":[]}"
2_2021_01_17,2021-01-17,0.03236491460437527,"{""type"":""MultiPoint"",""coordinates"":[]}"
2_2021_01_25,2021-01-25,0.032859185434408494,"{""type"":""MultiPoint"",""coordinates"":[]}"
2_2021_02_02,2021-02-02,0.031049260155784988,"{""type"":""MultiPoint"",""coordinates"":[]}"
2_2021_02_10,2021-02-10,0.026564184995566432,"{""type"":""MultiPoint"",""coordinates"":[]}"
2_2021_02_18,2021-02-18,0.0229676258085068,"{""type"":""MultiPoint"",""coordinates"":[]}"
2_2021_02_26,2021-02-26,0.013299457798549491,"{""type"":""MultiPoint"",""coordinates"":[]}"
2_2021_03_06,2021-03-06,0.015784158302812743,"{""type"":""MultiPoint"",""coordinates"":[]}"
2_2021_03_14,2021-03-14,0.010048389040218446,"{""type"":""MultiPoint"",""coordinates"":[]}"
2_2021_03_22,2021-03-22,0.007062308966269173,"{""type"":""MultiPoint"",""coordinates"":[]}"
2_2021_03_30,2021-03-30,0.0032054585674876237,"{""type"":""MultiPoint"",""coordinates"":[]}"
2_2021_04_07,2021-04-07,0.007023303873473188,"{""type"":""MultiPoint"",""coordinates"":[]}"
2_2021_04_15,2021-04-15,0.0052184929278768595,"{""type"":""MultiPoint"",""coordinates"":[]}"
2_2021_04_23,2021-04-23,0.005742538747824087,"{""type"":""MultiPoint"",""coordinates"":[]}"
2_2021_05_01,2021-05-01,0.007409693619150985,"{""type"":""MultiPoint"",""coordinates"":[]}"
2_2021_05_09,2021-05-09,0.005943464353921656,"{""type"":""MultiPoint"",""coordinates"":[]}"
2_2021_05_17,2021-05-17,0.011665696683670864,"{""type"":""MultiPoint"",""coordinates"":[]}"
2_2021_05_25,2021-05-25,0.01728431401707175,"{""type"":""MultiPoint"",""coordinates"":[]}"
2_2021_06_02,2021-06-02,0.017984885150039688,"{""type"":""MultiPoint"",""coordinates"":[]}"
2_2021_06_10,2021-06-10,0.014692685766300883,"{""type"":""MultiPoint"",""coordinates"":[]}"
2_2021_06_18,2021-06-18,0.015811076480368242,"{""type"":""MultiPoint"",""coordinates"":[]}"
2_2021_06_26,2021-06-26,0.018078074631689842,"{""type"":""MultiPoint"",""coordinates"":[]}"
2_2021_07_04,2021-07-04,0.01583824587231134,"{""type"":""MultiPoint"",""coordinates"":[]}"
2_2021_07_12,2021-07-12,0.018551628292568026,"{""type"":""MultiPoint"",""coordinates"":[]}"
2_2021_07_20,2021-07-20,0.024321468034820402,"{""type"":""MultiPoint"",""coordinates"":[]}"
2_2021_07_28,2021-07-28,0.02445117351262682,"{""type"":""MultiPoint"",""coordinates"":[]}"
2_2021_08_05,2021-08-05,0.0232305274071921,"{""type"":""MultiPoint"",""coordinates"":[]}"
2_2021_08_13,2021-08-13,0.023422903645442587,"{""type"":""MultiPoint"",""coordinates"":[]}"
2_2021_08_21,2021-08-21,0.02542216540194121,"{""type"":""MultiPoint"",""coordinates"":[]}"
2_2021_08_29,2021-08-29,0.026192286576670488,"{""type"":""MultiPoint"",""coordinates"":[]}"
2_2021_09_06,2021-09-06,0.027690487767747997,"{""type"":""MultiPoint"",""coordinates"":[]}"
2_2021_09_14,2021-09-14,0.02485960193628239,"{""type"":""MultiPoint"",""coordinates"":[]}"
2_2021_09_22,2021-09-22,0.028875837663754365,"{""type"":""MultiPoint"",""coordinates"":[]}"
2_2021_09_30,2021-09-30,0.030510589914943275,"{""type"":""MultiPoint"",""coordinates"":[]}"
2_2021_10_08,2021-10-08,0.02547680291190807,"{""type"":""MultiPoint"",""coordinates"":[]}"
2_2021_10_16,2021-10-16,0.02886071386657575,"{""type"":""MultiPoint"",""coordinates"":[]}"
2_2021_10_24,2021-10-24,0.029014667084116253,"{""type"":""MultiPoint"",""coordinates"":[]}"
2_2021_11_01,2021-11-01,0.026033320211602946,"{""type"":""MultiPoint"",""coordinates"":[]}"
2_2021_11_09,2021-11-09,0.024402252638456957,"{""type"":""MultiPoint"",""coordinates"":[]}"
2_2021_11_17,2021-11-17,0.027615672759803648,"{""type"":""MultiPoint"",""coordinates"":[]}"
2_2021_11_25,2021-11-25,0.029298851787638764,"{""type"":""MultiPoint"",""coordinates"":[]}"
2_2021_12_03,2021-12-03,0.037749359562367676,"{""type"":""MultiPoint"",""coordinates"":[]}"
2_2021_12_11,2021-12-11,0.03494207342413826,"{""type"":""MultiPoint"",""coordinates"":[]}"
2_2021_12_19,2021-12-19,0.0373188557962654,"{""type"":""MultiPoint"",""coordinates"":[]}"
2_2021_12_27,2021-12-27,0.022267602764980448,"{""type"":""MultiPoint"",""coordinates"":[]}"
2_2022_01_01,2022-01-01,0.03823695310935528,"{""type"":""MultiPoint"",""coordinates"":[]}"
2_2022_01_09,2022-01-09,0.038252441892426145,"{""type"":""MultiPoint"",""coordinates"":[]}"
2_2022_01_17,2022-01-17,0.038252441892426145,"{""type"":""MultiPoint"",""coordinates"":[]}"
2_2022_01_25,2022-01-25,0.038252441892426145,"{""type"":""MultiPoint"",""coordinates"":[]}"
2_2022_02_02,2022-02-02,0.038252441892426145,"{""type"":""MultiPoint"",""coordinates"":[]}"
2_2022_02_10,2022-02-10,0.03824647080225402,"{""type"":""MultiPoint"",""coordinates"":[]}"
2_2022_02_18,2022-02-18,0.03824647080225403,"{""type"":""MultiPoint"",""coordinates"":[]}"
2_2022_02_26,2022-02-26,0.03824647080225403,"{""type"":""MultiPoint"",""coordinates"":[]}"
2_2022_03_06,2022-03-06,0.038246470802254025,"{""type"":""MultiPoint"",""coordinates"":[]}"
2_2022_03_14,2022-03-14,0.038246470802254025,"{""type"":""MultiPoint"",""coordinates"":[]}"
2_2022_03_22,2022-03-22,0.03824647080225402,"{""type"":""MultiPoint"",""coordinates"":[]}"
2_2022_03_30,2022-03-30,0.038246470802254025,"{""type"":""MultiPoint"",""coordinates"":[]}"
2_2022_04_07,2022-04-07,0.03824647080225403,"{""type"":""MultiPoint"",""coordinates"":[]}"
2_2022_04_15,2022-04-15,0.03824647080225402,"{""type"":""MultiPoint"",""coordinates"":[]}"
2_2022_04_23,2022-04-23,0.03824647080225403,"{""type"":""MultiPoint"",""coordinates"":[]}"
2_2022_05_01,2022-05-01,0.038246470802254025,"{""type"":""MultiPoint"",""coordinates"":[]}"
2_2022_05_09,2022-05-09,0.038246470802254025,"{""type"":""MultiPoint"",""coordinates"":[]}"
2_2022_05_17,2022-05-17,0.03824647080225402,"{""type"":""MultiPoint"",""coordinates"":[]}"
2_2022_05_25,2022-05-25,0.038246470802254025,"{""type"":""MultiPoint"",""coordinates"":[]}"
2_2022_06_02,2022-06-02,0.03824647080225402,"{""type"":""MultiPoint"",""coordinates"":[]}"
2_2022_06_10,2022-06-10,0.03824647080225403,"{""type"":""MultiPoint"",""coordinates"":[]}"
2_2022_06_18,2022-06-18,0.03824647080225402,"{""type"":""MultiPoint"",""coordinates"":[]}"
2_2022_06_26,2022-06-26,0.038246470802254025,"{""type"":""MultiPoint"",""coordinates"":[]}"
2_2022_07_04,2022-07-04,0.03824647080225403,"{""type"":""MultiPoint"",""coordinates"":[]}"
2_2022_07_12,2022-07-12,0.038246470802254025,"{""type"":""MultiPoint"",""coordinates"":[]}"
2_2022_07_20,2022-07-20,0.038246470802254025,"{""type"":""MultiPoint"",""coordinates"":[]}"
2_2022_07_28,2022-07-28,0.03824647080225402,"{""type"":""MultiPoint"",""coordinates"":[]}"
2_2022_08_05,2022-08-05,0.038246470802254025,"{""type"":""MultiPoint"",""coordinates"":[]}"
2_2022_08_13,2022-08-13,0.038246470802254025,"{""type"":""MultiPoint"",""coordinates"":[]}"
2_2022_08_21,2022-08-21,0.038246470802254025,"{""type"":""MultiPoint"",""coordinates"":[]}"
2_2022_08_29,2022-08-29,0.03824647080225402,"{""type"":""MultiPoint"",""coordinates"":[]}"
2_2022_09_06,2022-09-06,0.038246470802254025,"{""type"":""MultiPoint"",""coordinates"":[]}"
2_2022_09_14,2022-09-14,0.03824647080225403,"{""type"":""MultiPoint"",""coordinates"":[]}"
2_2022_09_22,2022-09-22,0.038246470802254025,"{""type"":""MultiPoint"",""coordinates"":[]}"
2_2022_09_30,2022-09-30,0.038246470802254025,"{""type"":""MultiPoint"",""coordinates"":[]}"
2_2022_10_08,2022-10-08,0.03824647080225402,"{""type"":""MultiPoint"",""coordinates"":[]}"
2_2022_10_16,2022-10-16,0.038246470802254025,"{""type"":""MultiPoint"",""coordinates"":[]}"
2_2022_10_24,2022-10-24,0.03824647080225403,"{""type"":""MultiPoint"",""coordinates"":[]}"
2_2022_11_01,2022-11-01,0.038246470802254025,"{""type"":""MultiPoint"",""coordinates"":[]}"
2_2022_11_09,2022-11-09,0.038252441892426145,"{""type"":""MultiPoint"",""coordinates"":[]}"
2_2022_11_17,2022-11-17,0.038252441892426145,"{""type"":""MultiPoint"",""coordinates"":[]}"
2_2022_11_25,2022-11-25,0.038252441892426145,"{""type"":""MultiPoint"",""coordinates"":[]}"
2_2022_12_03,2022-12-03,0.038252441892426145,"{""type"":""MultiPoint"",""coordinates"":[]}"
2_2022_12_11,2022-12-11,0.03823695310935528,"{""type"":""MultiPoint"",""coordinates"":[]}"
2_2022_12_19,2022-12-19,0.03823695310935528,"{""type"":""MultiPoint"",""coordinates"":[]}"
2_2022_12_27,2022-12-27,0.023898743322129698,"{""type"":""MultiPoint"",""coordinates"":[]}"
2_2023_01_01,2023-01-01,0.034195085989872344,"{""type"":""MultiPoint"",""coordinates"":[]}"
2_2023_01_09,2023-01-09,0.03228391598235209,"{""type"":""MultiPoint"",""coordinates"":[]}"
2_2023_01_17,2023-01-17,0.03127091574549564,"{""type"":""MultiPoint"",""coordinates"":[]}"
2_2023_01_25,2023-01-25,0.027357932768458403,"{""type"":""MultiPoint"",""coordinates"":[]}"
2_2023_02_02,2023-02-02,0.02146909198387411,"{""type"":""MultiPoint"",""coordinates"":[]}"
2_2023_02_10,2023-02-10,0.01637411971287112,"{""type"":""MultiPoint"",""coordinates"":[]}"
2_2023_02_18,2023-02-18,0.014266501208429663,"{""type"":""MultiPoint"",""coordinates"":[]}"
2_2023_02_26,2023-02-26,0.015059225408585586,"{""type"":""MultiPoint"",""coordinates"":[]}"
2_2023_03_06,2023-03-06,0.012778773285381339,"{""type"":""MultiPoint"",""coordinates"":[]}"
2_2023_03_14,2023-03-14,0.014245309786343448,"{""type"":""MultiPoint"",""coordinates"":[]}"
2_2023_03_22,2023-03-22,0.013496148790548185,"{""type"":""MultiPoint"",""coordinates"":[]}"
2_2023_03_30,2023-03-30,0.009945848258698244,"{""type"":""MultiPoint"",""coordinates"":[]}"
2_2023_04_07,2023-04-07,0.006546277986426617,"{""type"":""MultiPoint"",""coordinates"":[]}"
2_2023_04_15,2023-04-15,0.0019803695998066146,"{""type"":""MultiPoint"",""coordinates"":[]}"
2_2023_04_23,2023-04-23,0.0074761835488600294,"{""type"":""MultiPoint"",""coordinates"":[]}"
2_2023_05_01,2023-05-01,0.013419344944733125,"{""type"":""MultiPoint"",""coordinates"":[]}"
2_2023_05_09,2023-05-09,0.005515176892717235,"{""type"":""MultiPoint"",""coordinates"":[]}"
2_2023_05_17,2023-05-17,0.0027375907269197456,"{""type"":""MultiPoint"",""coordinates"":[]}"
2_2023_05_25,2023-05-25,0.005328623478246291,"{""type"":""MultiPoint"",""coordinates"":[]}"
2_2023_06_02,2023-06-02,0.006972052023700779,"{""type"":""MultiPoint"",""coordinates"":[]}"
2_2023_06_10,2023-06-10,0.008731930043722093,"{""type"":""MultiPoint"",""coordinates"":[]}"
2_2023_06_18,2023-06-18,0.012126948349927114,"{""type"":""MultiPoint"",""coordinates"":[]}"
2_2023_06_26,2023-06-26,0.013834870792039657,"{""type"":""MultiPoint"",""coordinates"":[]}"
2_2023_07_04,2023-07-04,0.01568912562228002,"{""type"":""MultiPoint"",""coordinates"":[]}"
2_2023_07_12,2023-07-12,0.020612649146706314,"{""type"":""MultiPoint"",""coordinates"":[]}"
2_2023_07_20,2023-07-20,0.02247833133196495,"{""type"":""MultiPoint"",""coordinates"":[]}"
2_2023_07_28,2023-07-28,0.02729323434182851,"{""type"":""MultiPoint"",""coordinates"":[]}"
2_2023_08_05,2023-08-05,0.02220531500707836,"{""type"":""MultiPoint"",""coordinates"":[]}"
2_2023_08_13,2023-08-13,0.02282095848092132,"{""type"":""MultiPoint"",""coordinates"":[]}"
2_2023_08_21,2023-08-21,0.02058116044903522,"{""type"":""MultiPoint"",""coordinates"":[]}"
2_2023_08_29,2023-08-29,0.021972317344653255,"{""type"":""MultiPoint"",""coordinates"":[]}"
2_2023_09_06,2023-09-06,0.024504507909177884,"{""type"":""MultiPoint"",""coordinates"":[]}"
2_2023_09_14,2023-09-14,0.025062831020150153,"{""type"":""MultiPoint"",""coordinates"":[]}"
2_2023_09_22,2023-09-22,0.026261459548677174,"{""type"":""MultiPoint"",""coordinates"":[]}"
2_2023_09_30,2023-09-30,0.02927951984261212,"{""type"":""MultiPoint"",""coordinates"":[]}"
2_2023_10_08,2023-10-08,0.031832842346546215,"{""type"":""MultiPoint"",""coordinates"":[]}"
2_2023_10_16,2023-10-16,0.02983176999953177,"{""type"":""MultiPoint"",""coordinates"":[]}"
2_2023_10_24,2023-10-24,0.024611629013570134,"{""type"":""MultiPoint"",""coordinates"":[]}"
2_2023_11_01,2023-11-01,0.03171979693601521,"{""type"":""MultiPoint"",""coordinates"":[]}"
2_2023_11_09,2023-11-09,0.02644200421327766,"{""type"":""MultiPoint"",""coordinates"":[]}"
2_2023_11_17,2023-11-17,0.02917586599665641,"{""type"":""MultiPoint"",""coordinates"":[]}"
2_2023_11_25,2023-11-25,0.0328467439181332,"{""type"":""MultiPoint"",""coordinates"":[]}"
2_2023_12_03,2023-12-03,0.028051227527213465,"{""type"":""MultiPoint"",""coordinates"":[]}"
2_2023_12_11,2023-12-11,0.029513982509057846,"{""type"":""MultiPoint"",""coordinates"":[]}"
2_2023_12_19,2023-12-19,0.030763358877710974,"{""type"":""MultiPoint"",""coordinates"":[]}"
2_2023_12_27,2023-12-27,0.019655162954037946,"{""type"":""MultiPoint"",""coordinates"":[]}"
2_2024_01_01,2024-01-01,0.02450480605553816,"{""type"":""MultiPoint"",""coordinates"":[]}"
2_2024_01_09,2024-01-09,0.026583270414113243,"{""type"":""MultiPoint"",""coordinates"":[]}"
2_2024_01_17,2024-01-17,0.025362811557562173,"{""type"":""MultiPoint"",""coordinates"":[]}"
2_2024_01_25,2024-01-25,0.02461836904030885,"{""type"":""MultiPoint"",""coordinates"":[]}"
2_2024_02_02,2024-02-02,0.017803161172442707,"{""type"":""MultiPoint"",""coordinates"":[]}"
2_2024_02_10,2024-02-10,0.020999830636334947,"{""type"":""MultiPoint"",""coordinates"":[]}"
2_2024_02_18,2024-02-18,0.01159197962176244,"{""type"":""MultiPoint"",""coordinates"":[]}"
2_2024_02_26,2024-02-26,0.011509794755375561,"{""type"":""MultiPoint"",""coordinates"":[]}"
2_2024_03_05,2024-03-05,0.006624207947468122,"{""type"":""MultiPoint"",""coordinates"":[]}"
2_2024_03_13,2024-03-13,0.006144833898804211,"{""type"":""MultiPoint"",""coordinates"":[]}"
2_2024_03_21,2024-03-21,0.006571627089591869,"{""type"":""MultiPoint"",""coordinates"":[]}"
2_2024_03_29,2024-03-29,0.0014226401400572247,"{""type"":""MultiPoint"",""coordinates"":[]}"
2_2024_04_06,2024-04-06,0.004990245866303479,"{""type"":""MultiPoint"",""coordinates"":[]}"
2_2024_04_14,2024-04-14,0.0012026647560110005,"{""type"":""MultiPoint"",""coordinates"":[]}"
2_2024_04_22,2024-04-22,2.0348769114148562E-4,"{""type"":""MultiPoint"",""coordinates"":[]}"
2_2024_04_30,2024-04-30,2.912664696580663E-4,"{""type"":""MultiPoint"",""coordinates"":[]}"
2_2024_05_08,2024-05-08,0.005605003003849191,"{""type"":""MultiPoint"",""coordinates"":[]}"
2_2024_05_16,2024-05-16,0.010902472586734263,"{""type"":""MultiPoint"",""coordinates"":[]}"
2_2024_05_24,2024-05-24,0.0049662212062013275,"{""type"":""MultiPoint"",""coordinates"":[]}"
2_2024_06_01,2024-06-01,0.011144946764375293,"{""type"":""MultiPoint"",""coordinates"":[]}"
2_2024_06_09,2024-06-09,0.01719631186503717,"{""type"":""MultiPoint"",""coordinates"":[]}"
2_2024_06_17,2024-06-17,0.015393137084908606,"{""type"":""MultiPoint"",""coordinates"":[]}"
2_2024_06_25,2024-06-25,0.016581457183215912,"{""type"":""MultiPoint"",""coordinates"":[]}"
2_2024_07_03,2024-07-03,0.017214115759115023,"{""type"":""MultiPoint"",""coordinates"":[]}"
2_2024_07_11,2024-07-11,0.01943805208992348,"{""type"":""MultiPoint"",""coordinates"":[]}"
2_2024_07_19,2024-07-19,0.022968293035909092,"{""type"":""MultiPoint"",""coordinates"":[]}"
2_2024_07_27,2024-07-27,0.020743171329245306,"{""type"":""MultiPoint"",""coordinates"":[]}"
2_2024_08_04,2024-08-04,0.02061022168791437,"{""type"":""MultiPoint"",""coordinates"":[]}"
2_2024_08_12,2024-08-12,0.021780844083220445,"{""type"":""MultiPoint"",""coordinates"":[]}"
2_2024_08_20,2024-08-20,0.02217394633928449,"{""type"":""MultiPoint"",""coordinates"":[]}"
2_2024_08_28,2024-08-28,0.02629336710026711,"{""type"":""MultiPoint"",""coordinates"":[]}"
2_2024_09_05,2024-09-05,0.02870107149147644,"{""type"":""MultiPoint"",""coordinates"":[]}"
2_2024_09_13,2024-09-13,0.03277049271288237,"{""type"":""MultiPoint"",""coordinates"":[]}"
2_2024_09_21,2024-09-21,0.024693042133366754,"{""type"":""MultiPoint"",""coordinates"":[]}"
2_2024_09_29,2024-09-29,0.02711305757744182,"{""type"":""MultiPoint"",""coordinates"":[]}"
2_2024_10_07,2024-10-07,0.032748766083850106,"{""type"":""MultiPoint"",""coordinates"":[]}"
2_2024_10_15,2024-10-15,0.021725985629199446,"{""type"":""MultiPoint"",""coordinates"":[]}"
2_2024_10_23,2024-10-23,0.03463054052760155,"{""type"":""MultiPoint"",""coordinates"":[]}"
2_2024_10_31,2024-10-31,0.03997861947159102,"{""type"":""MultiPoint"",""coordinates"":[]}"
2_2024_11_08,2024-11-08,0.034528408980107936,"{""type"":""MultiPoint"",""coordinates"":[]}"
2_2024_11_16,2024-11-16,0.03587255236914821,"{""type"":""MultiPoint"",""coordinates"":[]}"
2_2024_11_24,2024-11-24,0.026218190329654653,"{""type"":""MultiPoint"",""coordinates"":[]}"
2_2024_12_02,2024-12-02,0.032875784033731884,"{""type"":""MultiPoint"",""coordinates"":[]}"
2_2024_12_10,2024-12-10,0.029936204596342067,"{""type"":""MultiPoint"",""coordinates"":[]}"
2_2024_12_18,2024-12-18,0.03146238456370818,"{""type"":""MultiPoint"",""coordinates"":[]}"
2_2024_12_26,2024-12-26,0.02981225242151848,"{""type"":""MultiPoint"",""coordinates"":[]}"
2_2025_01_01,2025-01-01,0.03780486474695004,"{""type"":""MultiPoint"",""coordinates"":[]}"
2_2025_01_09,2025-01-09,0.03561670296602158,"{""type"":""MultiPoint"",""coordinates"":[]}"
2_2025_01_17,2025-01-17,0.035461084093073955,"{""type"":""MultiPoint"",""coordinates"":[]}"
2_2025_01_25,2025-01-25,0.03280066683771871,"{""type"":""MultiPoint"",""coordinates"":[]}"
2_2025_02_02,2025-02-02,0.02406013204709878,"{""type"":""MultiPoint"",""coordinates"":[]}"
2_2025_02_10,2025-02-10,0.02114488707924248,"{""type"":""MultiPoint"",""coordinates"":[]}"
2_2025_02_18,2025-02-18,0.018707845659302173,"{""type"":""MultiPoint"",""coordinates"":[]}"
2_2025_02_26,2025-02-26,0.015203589918012763,"{""type"":""MultiPoint"",""coordinates"":[]}"
2_2025_03_06,2025-03-06,0.013503975987232446,"{""type"":""MultiPoint"",""coordinates"":[]}"
2_2025_03_14,2025-03-14,0.010438793513932726,"{""type"":""MultiPoint"",""coordinates"":[]}"
2_2025_03_22,2025-03-22,0.007913923909848306,"{""type"":""MultiPoint"",""coordinates"":[]}"
2_2025_03_30,2025-03-30,0.007760118138552886,"{""type"":""MultiPoint"",""coordinates"":[]}"
2_2025_04_07,2025-04-07,0.004839196151834038,"{""type"":""MultiPoint"",""coordinates"":[]}"
2_2025_04_15,2025-04-15,0.003795356922511957,"{""type"":""MultiPoint"",""coordinates"":[]}"
2_2025_04_23,2025-04-23,0.004111147215641806,"{""type"":""MultiPoint"",""coordinates"":[]}"
2_2025_05_01,2025-05-01,0.0033380751437057186,"{""type"":""MultiPoint"",""coordinates"":[]}"
2_2025_05_09,2025-05-09,0.004075943737276681,"{""type"":""MultiPoint"",""coordinates"":[]}"
2_2025_05_17,2025-05-17,0.011440340892949367,"{""type"":""MultiPoint"",""coordinates"":[]}"
2_2025_05_25,2025-05-25,0.014431952640346418,"{""type"":""MultiPoint"",""coordinates"":[]}"
2_2025_06_02,2025-06-02,0.01910272369009952,"{""type"":""MultiPoint"",""coordinates"":[]}"
2_2025_06_10,2025-06-10,0.016780603468346724,"{""type"":""MultiPoint"",""coordinates"":[]}"
2_2025_06_18,2025-06-18,0.01692933692423764,"{""type"":""MultiPoint"",""coordinates"":[]}"
2_2025_06_26,2025-06-26,0.015666921943223534,"{""type"":""MultiPoint"",""coordinates"":[]}"
2_2025_07_04,2025-07-04,0.015786387368460216,"{""type"":""MultiPoint"",""coordinates"":[]}"
2_2025_07_12,2025-07-12,0.0189082626715314,"{""type"":""MultiPoint"",""coordinates"":[]}"
2_2025_07_20,2025-07-20,0.02169238368991269,"{""type"":""MultiPoint"",""coordinates"":[]}"
2_2025_07_28,2025-07-28,0.024468955273768547,"{""type"":""MultiPoint"",""coordinates"":[]}"
2_2025_08_05,2025-08-05,0.018078028648210762,"{""type"":""MultiPoint"",""coordinates"":[]}"
2_2025_08_13,2025-08-13,0.027721246476869094,"{""type"":""MultiPoint"",""coordinates"":[]}"
2_2025_08_21,2025-08-21,0.02463247095207102,"{""type"":""MultiPoint"",""coordinates"":[]}"
2_2025_08_29,2025-08-29,0.03221307359100402,"{""type"":""MultiPoint"",""coordinates"":[]}"
2_2025_09_06,2025-09-06,0.030713841863200104,"{""type"":""MultiPoint"",""coordinates"":[]}"
2_2025_09_14,2025-09-14,0.0285900891528294,"{""type"":""MultiPoint"",""coordinates"":[]}"
2_2025_09_22,2025-09-22,0.03245025713457413,"{""type"":""MultiPoint"",""coordinates"":[]}"
2_2025_09_30,2025-09-30,0.026186136944300088,"{""type"":""MultiPoint"",""coordinates"":[]}"
2_2025_10_08,2025-10-08,0.03444698580938467,"{""type"":""MultiPoint"",""coordinates"":[]}"
2_2025_10_16,2025-10-16,0.026277264790846393,"{""type"":""MultiPoint"",""coordinates"":[]}"
2_2025_10_24,2025-10-24,0.028498939983167066,"{""type"":""MultiPoint"",""coordinates"":[]}"
2_2025_11_01,2025-11-01,0.0368806470288933,"{""type"":""MultiPoint"",""coordinates"":[]}"
2_2025_11_09,2025-11-09,0.03964318637060582,"{""type"":""MultiPoint"",""coordinates"":[]}"
2_2025_11_17,2025-11-17,0.03765896639859654,"{""type"":""MultiPoint"",""coordinates"":[]}"
2_2025_11_25,2025-11-25,0.03140513405552003,"{""type"":""MultiPoint"",""coordinates"":[]}"
2_2025_12_03,2025-12-03,0.035587307520211844,"{""type"":""MultiPoint"",""coordinates"":[]}"
2_2025_12_11,2025-12-11,0.04062560077734651,"{""type"":""MultiPoint"",""coordinates"":[]}"
2_2025_12_19,2025-12-19,0.037891149597547004,"{""type"":""MultiPoint"",""coordinates"":[]}"
2_2025_12_27,2025-12-27,0.02231249026244191,"{""type"":""MultiPoint"",""coordinates"":[]}"
