system:index,date,precipitation_mm,.geo
20010101,2001-01-01,0.0011732097095000901,"{""type"":""MultiPoint"",""coordinates"":[]}"
20010102,2001-01-02,0.0,"{""type"":""MultiPoint"",""coordinates"":[]}"
20010103,2001-01-03,0.0,"{""type"":""MultiPoint"",""coordinates"":[]}"
20010104,2001-01-04,0.0,"{""type"":""MultiPoint"",""coordinates"":[]}"
20010105,2001-01-05,0.0,"{""type"":""MultiPoint"",""coordinates"":[]}"
20010106,2001-01-06,0.0,"{""type"":""MultiPoint"",""coordinates"":[]}"
20010107,2001-01-07,0.0,"{""type"":""MultiPoint"",""coordinates"":[]}"
20010108,2001-01-08,0.0,"{""type"":""MultiPoint"",""coordinates"":[]}"
20010109,2001-01-09,0.0,"{""type"":""MultiPoint"",""coordinates"":[]}"
20010110,2001-01-10,0.03065433983969064,"{""type"":""MultiPoint"",""coordinates"":[]}"
20010111,2001-01-11,0.0,"{""type"":""MultiPoint"",""coordinates"":[]}"
20010112,2001-01-12,0.0,"{""type"":""MultiPoint"",""coordinates"":[]}"
20010113,2001-01-13,0.0,"{""type"":""MultiPoint"",""coordinates"":[]}"
20010114,2001-01-14,0.0,"{""type"":""MultiPoint"",""coordinates"":[]}"
20010115,2001-01-15,0.0,"{""type"":""MultiPoint"",""coordinates"":[]}"
20010116,2001-01-16,0.0,"{""type"":""MultiPoint"",""coordinates"":[]}"
20010117,2001-01-17,0.0,"{""type"":""MultiPoint"",""coordinates"":[]}"
20010118,2001-01-18,0.0019920309220482803,"{""type"":""MultiPoint"",""coordinates"":[]}"
20010119,2001-01-19,0.0,"{""type"":""MultiPoint"",""coordinates"":[]}"
20010120,2001-01-20,0.0,"{""type"":""MultiPoint"",""coordinates"":[]}"
20010121,2001-01-21,1.0152328897131069,"{""type"":""MultiPoint"",""coordinates"":[]}"
20010122,2001-01-22,2.3534556990457505,"{""type"":""MultiPoint"",""coordinates"":[]}"
20010123,2001-01-23,0.0,"{""type"":""MultiPoint"",""coordinates"":[]}"
20010124,2001-01-24,0.0,"{""type"":""MultiPoint"",""coordinates"":[]}"
20010125,2001-01-25,4.0527116461978966E-4,"{""type"":""MultiPoint"",""coordinates"":[]}"
20010126,2001-01-26,0.012817802942733157,"{""type"":""MultiPoint"",""coordinates"":[]}"
20010127,2001-01-27,0.5385728662504226,"{""type"":""MultiPoint"",""coordinates"":[]}"
20010128,2001-01-28,0.6781619040823772,"{""type"":""MultiPoint"",""coordinates"":[]}"
20010129,2001-01-29,1.1340701538925997,"{""type"":""MultiPoint"",""coordinates"":[]}"
20010130,2001-01-30,0.12723993403006278,"{""type"":""MultiPoint"",""coordinates"":[]}"
20010131,2001-01-31,0.0,"{""type"":""MultiPoint"",""coordinates"":[]}"
20010201,2001-02-01,0.0,"{""type"":""MultiPoint"",""coordinates"":[]}"
20010202,2001-02-02,0.0,"{""type"":""MultiPoint"",""coordinates"":[]}"
20010203,2001-02-03,0.0,"{""type"":""MultiPoint"",""coordinates"":[]}"
20010204,2001-02-04,0.0,"{""type"":""MultiPoint"",""coordinates"":[]}"
20010205,2001-02-05,0.0,"{""type"":""MultiPoint"",""coordinates"":[]}"
20010206,2001-02-06,0.0,"{""type"":""MultiPoint"",""coordinates"":[]}"
20010207,2001-02-07,0.0,"{""type"":""MultiPoint"",""coordinates"":[]}"
20010208,2001-02-08,0.0,"{""type"":""MultiPoint"",""coordinates"":[]}"
20010209,2001-02-09,0.0,"{""type"":""MultiPoint"",""coordinates"":[]}"
20010210,2001-02-10,0.0,"{""type"":""MultiPoint"",""coordinates"":[]}"
20010211,2001-02-11,0.0,"{""type"":""MultiPoint"",""coordinates"":[]}"
20010212,2001-02-12,0.0,"{""type"":""MultiPoint"",""coordinates"":[]}"
20010213,2001-02-13,0.0,"{""type"":""MultiPoint"",""coordinates"":[]}"
20010214,2001-02-14,0.0,"{""type"":""MultiPoint"",""coordinates"":[]}"
20010215,2001-02-15,0.0,"{""type"":""MultiPoint"",""coordinates"":[]}"
20010216,2001-02-16,0.0,"{""type"":""MultiPoint"",""coordinates"":[]}"
20010217,2001-02-17,0.0,"{""type"":""MultiPoint"",""coordinates"":[]}"
20010218,2001-02-18,0.0,"{""type"":""MultiPoint"",""coordinates"":[]}"
20010219,2001-02-19,0.0,"{""type"":""MultiPoint"",""coordinates"":[]}"
20010220,2001-02-20,0.0,"{""type"":""MultiPoint"",""coordinates"":[]}"
20010221,2001-02-21,0.0,"{""type"":""MultiPoint"",""coordinates"":[]}"
20010222,2001-02-22,0.0,"{""type"":""MultiPoint"",""coordinates"":[]}"
20010223,2001-02-23,0.0,"{""type"":""MultiPoint"",""coordinates"":[]}"
20010224,2001-02-24,0.0,"{""type"":""MultiPoint"",""coordinates"":[]}"
20010225,2001-02-25,0.0,"{""type"":""MultiPoint"",""coordinates"":[]}"
20010226,2001-02-26,0.0,"{""type"":""MultiPoint"",""coordinates"":[]}"
20010227,2001-02-27,0.0,"{""type"":""MultiPoint"",""coordinates"":[]}"
20010228,2001-02-28,0.0,"{""type"":""MultiPoint"",""coordinates"":[]}"
20010301,2001-03-01,0.0,"{""type"":""MultiPoint"",""coordinates"":[]}"
20010302,2001-03-02,0.0,"{""type"":""MultiPoint"",""coordinates"":[]}"
20010303,2001-03-03,0.0,"{""type"":""MultiPoint"",""coordinates"":[]}"
20010304,2001-03-04,0.0,"{""type"":""MultiPoint"",""coordinates"":[]}"
20010305,2001-03-05,0.0,"{""type"":""MultiPoint"",""coordinates"":[]}"
20010306,2001-03-06,0.0,"{""type"":""MultiPoint"",""coordinates"":[]}"
20010307,2001-03-07,0.0,"{""type"":""MultiPoint"",""coordinates"":[]}"
20010308,2001-03-08,0.0,"{""type"":""MultiPoint"",""coordinates"":[]}"
20010309,2001-03-09,0.0,"{""type"":""MultiPoint"",""coordinates"":[]}"
20010310,2001-03-10,0.0,"{""type"":""MultiPoint"",""coordinates"":[]}"
20010311,2001-03-11,0.0,"{""type"":""MultiPoint"",""coordinates"":[]}"
20010312,2001-03-12,0.0,"{""type"":""MultiPoint"",""coordinates"":[]}"
20010313,2001-03-13,0.0,"{""type"":""MultiPoint"",""coordinates"":[]}"
20010314,2001-03-14,0.0,"{""type"":""MultiPoint"",""coordinates"":[]}"
20010315,2001-03-15,0.0,"{""type"":""MultiPoint"",""coordinates"":[]}"
20010316,2001-03-16,0.0,"{""type"":""MultiPoint"",""coordinates"":[]}"
20010317,2001-03-17,0.0,"{""type"":""MultiPoint"",""coordinates"":[]}"
20010318,2001-03-18,0.0,"{""type"":""MultiPoint"",""coordinates"":[]}"
20010319,2001-03-19,0.0,"{""type"":""MultiPoint"",""coordinates"":[]}"
20010320,2001-03-20,0.0,"{""type"":""MultiPoint"",""coordinates"":[]}"
20010321,2001-03-21,0.0,"{""type"":""MultiPoint"",""coordinates"":[]}"
20010322,2001-03-22,0.0,"{""type"":""MultiPoint"",""coordinates"":[]}"
20010323,2001-03-23,0.0,"{""type"":""MultiPoint"",""coordinates"":[]}"
20010324,2001-03-24,1.4227380048060834,"{""type"":""MultiPoint"",""coordinates"":[]}"
20010325,2001-03-25,0.17302691250131524,"{""type"":""MultiPoint"",""coordinates"":[]}"
20010326,2001-03-26,0.0,"{""type"":""MultiPoint"",""coordinates"":[]}"
20010327,2001-03-27,0.0,"{""type"":""MultiPoint"",""coordinates"":[]}"
20010328,2001-03-28,0.0,"{""type"":""MultiPoint"",""coordinates"":[]}"
20010329,2001-03-29,0.014952639872978919,"{""type"":""MultiPoint"",""coordinates"":[]}"
20010330,2001-03-30,1.4230546344126145,"{""type"":""MultiPoint"",""coordinates"":[]}"
20010331,2001-03-31,0.14155819515199253,"{""type"":""MultiPoint"",""coordinates"":[]}"
20010401,2001-04-01,0.3086087336437848,"{""type"":""MultiPoint"",""coordinates"":[]}"
20010402,2001-04-02,0.0,"{""type"":""MultiPoint"",""coordinates"":[]}"
20010403,2001-04-03,0.0,"{""type"":""MultiPoint"",""coordinates"":[]}"
20010404,2001-04-04,0.0,"{""type"":""MultiPoint"",""coordinates"":[]}"
20010405,2001-04-05,0.0,"{""type"":""MultiPoint"",""coordinates"":[]}"
20010406,2001-04-06,0.0,"{""type"":""MultiPoint"",""coordinates"":[]}"
20010407,2001-04-07,0.0,"{""type"":""MultiPoint"",""coordinates"":[]}"
20010408,2001-04-08,0.0,"{""type"":""MultiPoint"",""coordinates"":[]}"
20010409,2001-04-09,0.0016964873710774032,"{""type"":""MultiPoint"",""coordinates"":[]}"
20010410,2001-04-10,0.0,"{""type"":""MultiPoint"",""coordinates"":[]}"
20010411,2001-04-11,0.2760380902529527,"{""type"":""MultiPoint"",""coordinates"":[]}"
20010412,2001-04-12,11.494742824394475,"{""type"":""MultiPoint"",""coordinates"":[]}"
20010413,2001-04-13,6.052925836639931,"{""type"":""MultiPoint"",""coordinates"":[]}"
20010414,2001-04-14,4.483926408440099,"{""type"":""MultiPoint"",""coordinates"":[]}"
20010415,2001-04-15,1.63960540701663,"{""type"":""MultiPoint"",""coordinates"":[]}"
20010416,2001-04-16,3.959547404638614,"{""type"":""MultiPoint"",""coordinates"":[]}"
20010417,2001-04-17,0.8896494574918202,"{""type"":""MultiPoint"",""coordinates"":[]}"
20010418,2001-04-18,0.20898927890476948,"{""type"":""MultiPoint"",""coordinates"":[]}"
20010419,2001-04-19,0.8527865190098507,"{""type"":""MultiPoint"",""coordinates"":[]}"
20010420,2001-04-20,0.4520092306244984,"{""type"":""MultiPoint"",""coordinates"":[]}"
20010421,2001-04-21,0.0074623496246028565,"{""type"":""MultiPoint"",""coordinates"":[]}"
20010422,2001-04-22,0.0,"{""type"":""MultiPoint"",""coordinates"":[]}"
20010423,2001-04-23,0.0,"{""type"":""MultiPoint"",""coordinates"":[]}"
20010424,2001-04-24,0.0,"{""type"":""MultiPoint"",""coordinates"":[]}"
20010425,2001-04-25,0.46761216901096875,"{""type"":""MultiPoint"",""coordinates"":[]}"
20010426,2001-04-26,0.06284088295399189,"{""type"":""MultiPoint"",""coordinates"":[]}"
20010427,2001-04-27,0.0,"{""type"":""MultiPoint"",""coordinates"":[]}"
20010428,2001-04-28,0.005762540376678455,"{""type"":""MultiPoint"",""coordinates"":[]}"
20010429,2001-04-29,0.0,"{""type"":""MultiPoint"",""coordinates"":[]}"
20010430,2001-04-30,0.0,"{""type"":""MultiPoint"",""coordinates"":[]}"
20010501,2001-05-01,0.0,"{""type"":""MultiPoint"",""coordinates"":[]}"
20010502,2001-05-02,0.0,"{""type"":""MultiPoint"",""coordinates"":[]}"
20010503,2001-05-03,9.461000282828785,"{""type"":""MultiPoint"",""coordinates"":[]}"
20010504,2001-05-04,0.3253474400845091,"{""type"":""MultiPoint"",""coordinates"":[]}"
20010505,2001-05-05,0.0,"{""type"":""MultiPoint"",""coordinates"":[]}"
20010506,2001-05-06,1.4154260317515226,"{""type"":""MultiPoint"",""coordinates"":[]}"
20010507,2001-05-07,5.286218599155103,"{""type"":""MultiPoint"",""coordinates"":[]}"
20010508,2001-05-08,0.008663701856440597,"{""type"":""MultiPoint"",""coordinates"":[]}"
20010509,2001-05-09,0.0,"{""type"":""MultiPoint"",""coordinates"":[]}"
20010510,2001-05-10,0.0,"{""type"":""MultiPoint"",""coordinates"":[]}"
20010511,2001-05-11,0.0,"{""type"":""MultiPoint"",""coordinates"":[]}"
20010512,2001-05-12,1.0020375730107827,"{""type"":""MultiPoint"",""coordinates"":[]}"
20010513,2001-05-13,0.0,"{""type"":""MultiPoint"",""coordinates"":[]}"
20010514,2001-05-14,0.0,"{""type"":""MultiPoint"",""coordinates"":[]}"
20010515,2001-05-15,0.0,"{""type"":""MultiPoint"",""coordinates"":[]}"
20010516,2001-05-16,0.18688511864100618,"{""type"":""MultiPoint"",""coordinates"":[]}"
20010517,2001-05-17,0.5163980416470516,"{""type"":""MultiPoint"",""coordinates"":[]}"
20010518,2001-05-18,0.0,"{""type"":""MultiPoint"",""coordinates"":[]}"
20010519,2001-05-19,0.0,"{""type"":""MultiPoint"",""coordinates"":[]}"
20010520,2001-05-20,0.0,"{""type"":""MultiPoint"",""coordinates"":[]}"
20010521,2001-05-21,9.097174913514868,"{""type"":""MultiPoint"",""coordinates"":[]}"
20010522,2001-05-22,0.9288936015928687,"{""type"":""MultiPoint"",""coordinates"":[]}"
20010523,2001-05-23,2.678446733446597,"{""type"":""MultiPoint"",""coordinates"":[]}"
20010524,2001-05-24,0.0,"{""type"":""MultiPoint"",""coordinates"":[]}"
20010525,2001-05-25,0.0,"{""type"":""MultiPoint"",""coordinates"":[]}"
20010526,2001-05-26,0.06207023063543595,"{""type"":""MultiPoint"",""coordinates"":[]}"
20010527,2001-05-27,0.21338047319136705,"{""type"":""MultiPoint"",""coordinates"":[]}"
20010528,2001-05-28,0.13907040640272755,"{""type"":""MultiPoint"",""coordinates"":[]}"
20010529,2001-05-29,0.7812251627424507,"{""type"":""MultiPoint"",""coordinates"":[]}"
20010530,2001-05-30,0.525010664507142,"{""type"":""MultiPoint"",""coordinates"":[]}"
20010531,2001-05-31,0.0,"{""type"":""MultiPoint"",""coordinates"":[]}"
20010601,2001-06-01,0.0,"{""type"":""MultiPoint"",""coordinates"":[]}"
20010602,2001-06-02,1.8890943018143658,"{""type"":""MultiPoint"",""coordinates"":[]}"
20010603,2001-06-03,4.602598854786281,"{""type"":""MultiPoint"",""coordinates"":[]}"
20010604,2001-06-04,3.8391075969349986,"{""type"":""MultiPoint"",""coordinates"":[]}"
20010605,2001-06-05,3.0669225920603247,"{""type"":""MultiPoint"",""coordinates"":[]}"
20010606,2001-06-06,0.6502143039530104,"{""type"":""MultiPoint"",""coordinates"":[]}"
20010607,2001-06-07,9.426060329789246,"{""type"":""MultiPoint"",""coordinates"":[]}"
20010608,2001-06-08,1.3678160427154975,"{""type"":""MultiPoint"",""coordinates"":[]}"
20010609,2001-06-09,1.164512344809183,"{""type"":""MultiPoint"",""coordinates"":[]}"
20010610,2001-06-10,9.435177414910372,"{""type"":""MultiPoint"",""coordinates"":[]}"
20010611,2001-06-11,9.613951991719029,"{""type"":""MultiPoint"",""coordinates"":[]}"
20010612,2001-06-12,6.680955722283486,"{""type"":""MultiPoint"",""coordinates"":[]}"
20010613,2001-06-13,3.8425884997388517,"{""type"":""MultiPoint"",""coordinates"":[]}"
20010614,2001-06-14,2.0834115349478157,"{""type"":""MultiPoint"",""coordinates"":[]}"
20010615,2001-06-15,0.3993060421933538,"{""type"":""MultiPoint"",""coordinates"":[]}"
20010616,2001-06-16,0.6491086838436149,"{""type"":""MultiPoint"",""coordinates"":[]}"
20010617,2001-06-17,0.0,"{""type"":""MultiPoint"",""coordinates"":[]}"
20010618,2001-06-18,0.0,"{""type"":""MultiPoint"",""coordinates"":[]}"
20010619,2001-06-19,0.36277387835930947,"{""type"":""MultiPoint"",""coordinates"":[]}"
20010620,2001-06-20,0.43604765343436847,"{""type"":""MultiPoint"",""coordinates"":[]}"
20010621,2001-06-21,0.0,"{""type"":""MultiPoint"",""coordinates"":[]}"
20010622,2001-06-22,0.0,"{""type"":""MultiPoint"",""coordinates"":[]}"
20010623,2001-06-23,0.0,"{""type"":""MultiPoint"",""coordinates"":[]}"
20010624,2001-06-24,0.05019513702914583,"{""type"":""MultiPoint"",""coordinates"":[]}"
20010625,2001-06-25,0.0031122146285435972,"{""type"":""MultiPoint"",""coordinates"":[]}"
20010626,2001-06-26,0.0,"{""type"":""MultiPoint"",""coordinates"":[]}"
20010627,2001-06-27,0.04638479343642553,"{""type"":""MultiPoint"",""coordinates"":[]}"
20010628,2001-06-28,0.0059754938316440975,"{""type"":""MultiPoint"",""coordinates"":[]}"
20010629,2001-06-29,0.5406868340914124,"{""type"":""MultiPoint"",""coordinates"":[]}"
20010630,2001-06-30,1.9019264053943037,"{""type"":""MultiPoint"",""coordinates"":[]}"
20010701,2001-07-01,0.0,"{""type"":""MultiPoint"",""coordinates"":[]}"
20010702,2001-07-02,0.0,"{""type"":""MultiPoint"",""coordinates"":[]}"
20010703,2001-07-03,0.0,"{""type"":""MultiPoint"",""coordinates"":[]}"
20010704,2001-07-04,0.31400677933630156,"{""type"":""MultiPoint"",""coordinates"":[]}"
20010705,2001-07-05,4.509450315520466,"{""type"":""MultiPoint"",""coordinates"":[]}"
20010706,2001-07-06,1.8018063645913034,"{""type"":""MultiPoint"",""coordinates"":[]}"
20010707,2001-07-07,0.0024790133307485292,"{""type"":""MultiPoint"",""coordinates"":[]}"
20010708,2001-07-08,2.198234993860373,"{""type"":""MultiPoint"",""coordinates"":[]}"
20010709,2001-07-09,0.9129123472774308,"{""type"":""MultiPoint"",""coordinates"":[]}"
20010710,2001-07-10,0.17120063274888206,"{""type"":""MultiPoint"",""coordinates"":[]}"
20010711,2001-07-11,3.7594255140399717,"{""type"":""MultiPoint"",""coordinates"":[]}"
20010712,2001-07-12,0.6682672925790307,"{""type"":""MultiPoint"",""coordinates"":[]}"
20010713,2001-07-13,0.26088495101229764,"{""type"":""MultiPoint"",""coordinates"":[]}"
20010714,2001-07-14,1.1229896090797291,"{""type"":""MultiPoint"",""coordinates"":[]}"
20010715,2001-07-15,6.308487549686897,"{""type"":""MultiPoint"",""coordinates"":[]}"
20010716,2001-07-16,16.33475811515264,"{""type"":""MultiPoint"",""coordinates"":[]}"
20010717,2001-07-17,4.992189793265982,"{""type"":""MultiPoint"",""coordinates"":[]}"
20010718,2001-07-18,0.0,"{""type"":""MultiPoint"",""coordinates"":[]}"
20010719,2001-07-19,0.1619238536864325,"{""type"":""MultiPoint"",""coordinates"":[]}"
20010720,2001-07-20,0.054495865658737506,"{""type"":""MultiPoint"",""coordinates"":[]}"
20010721,2001-07-21,0.0,"{""type"":""MultiPoint"",""coordinates"":[]}"
20010722,2001-07-22,0.0,"{""type"":""MultiPoint"",""coordinates"":[]}"
20010723,2001-07-23,4.331315420345254,"{""type"":""MultiPoint"",""coordinates"":[]}"
20010724,2001-07-24,0.9531002547707152,"{""type"":""MultiPoint"",""coordinates"":[]}"
20010725,2001-07-25,0.12111650878694358,"{""type"":""MultiPoint"",""coordinates"":[]}"
20010726,2001-07-26,9.841353757592174,"{""type"":""MultiPoint"",""coordinates"":[]}"
20010727,2001-07-27,5.681331557839398,"{""type"":""MultiPoint"",""coordinates"":[]}"
20010728,2001-07-28,7.896196321279805,"{""type"":""MultiPoint"",""coordinates"":[]}"
20010729,2001-07-29,3.292367455546597,"{""type"":""MultiPoint"",""coordinates"":[]}"
20010730,2001-07-30,0.4706296462480933,"{""type"":""MultiPoint"",""coordinates"":[]}"
20010731,2001-07-31,5.9391874142023084,"{""type"":""MultiPoint"",""coordinates"":[]}"
20010801,2001-08-01,5.164139457125875,"{""type"":""MultiPoint"",""coordinates"":[]}"
20010802,2001-08-02,12.675367251420964,"{""type"":""MultiPoint"",""coordinates"":[]}"
20010803,2001-08-03,20.27515574994868,"{""type"":""MultiPoint"",""coordinates"":[]}"
20010804,2001-08-04,1.2336147177351504,"{""type"":""MultiPoint"",""coordinates"":[]}"
20010805,2001-08-05,3.6573642937065522,"{""type"":""MultiPoint"",""coordinates"":[]}"
20010806,2001-08-06,3.858845870332444,"{""type"":""MultiPoint"",""coordinates"":[]}"
20010807,2001-08-07,4.057043114685576,"{""type"":""MultiPoint"",""coordinates"":[]}"
20010808,2001-08-08,1.1055245400400346,"{""type"":""MultiPoint"",""coordinates"":[]}"
20010809,2001-08-09,1.7691958644046994,"{""type"":""MultiPoint"",""coordinates"":[]}"
20010810,2001-08-10,10.62147630452235,"{""type"":""MultiPoint"",""coordinates"":[]}"
20010811,2001-08-11,7.63841666776379,"{""type"":""MultiPoint"",""coordinates"":[]}"
20010812,2001-08-12,1.2754167637926472,"{""type"":""MultiPoint"",""coordinates"":[]}"
20010813,2001-08-13,7.396886132668172,"{""type"":""MultiPoint"",""coordinates"":[]}"
20010814,2001-08-14,11.747024425543499,"{""type"":""MultiPoint"",""coordinates"":[]}"
20010815,2001-08-15,0.01956981307784393,"{""type"":""MultiPoint"",""coordinates"":[]}"
20010816,2001-08-16,1.3698020315715311,"{""type"":""MultiPoint"",""coordinates"":[]}"
20010817,2001-08-17,3.040413506179169,"{""type"":""MultiPoint"",""coordinates"":[]}"
20010818,2001-08-18,0.37684057259893833,"{""type"":""MultiPoint"",""coordinates"":[]}"
20010819,2001-08-19,0.1773438196253693,"{""type"":""MultiPoint"",""coordinates"":[]}"
20010820,2001-08-20,0.0,"{""type"":""MultiPoint"",""coordinates"":[]}"
20010821,2001-08-21,0.0,"{""type"":""MultiPoint"",""coordinates"":[]}"
20010822,2001-08-22,0.0,"{""type"":""MultiPoint"",""coordinates"":[]}"
20010823,2001-08-23,0.6159078752469312,"{""type"":""MultiPoint"",""coordinates"":[]}"
20010824,2001-08-24,0.07203091191256715,"{""type"":""MultiPoint"",""coordinates"":[]}"
20010825,2001-08-25,2.2074615494000818,"{""type"":""MultiPoint"",""coordinates"":[]}"
20010826,2001-08-26,6.089398867569226,"{""type"":""MultiPoint"",""coordinates"":[]}"
20010827,2001-08-27,6.276082874194175,"{""type"":""MultiPoint"",""coordinates"":[]}"
20010828,2001-08-28,0.0,"{""type"":""MultiPoint"",""coordinates"":[]}"
20010829,2001-08-29,0.0033069845212032037,"{""type"":""MultiPoint"",""coordinates"":[]}"
20010830,2001-08-30,0.4385652085218199,"{""type"":""MultiPoint"",""coordinates"":[]}"
20010831,2001-08-31,0.0,"{""type"":""MultiPoint"",""coordinates"":[]}"
20010901,2001-09-01,0.0,"{""type"":""MultiPoint"",""coordinates"":[]}"
20010902,2001-09-02,0.0,"{""type"":""MultiPoint"",""coordinates"":[]}"
20010903,2001-09-03,0.0,"{""type"":""MultiPoint"",""coordinates"":[]}"
20010904,2001-09-04,0.9338109625036269,"{""type"":""MultiPoint"",""coordinates"":[]}"
20010905,2001-09-05,0.027470012100920302,"{""type"":""MultiPoint"",""coordinates"":[]}"
20010906,2001-09-06,0.019784081847151126,"{""type"":""MultiPoint"",""coordinates"":[]}"
20010907,2001-09-07,1.362918268883464,"{""type"":""MultiPoint"",""coordinates"":[]}"
20010908,2001-09-08,2.6390877821981555,"{""type"":""MultiPoint"",""coordinates"":[]}"
20010909,2001-09-09,2.335768672221922,"{""type"":""MultiPoint"",""coordinates"":[]}"
20010910,2001-09-10,3.3482023997118464,"{""type"":""MultiPoint"",""coordinates"":[]}"
20010911,2001-09-11,8.185225052201448,"{""type"":""MultiPoint"",""coordinates"":[]}"
20010912,2001-09-12,4.5686801509497785,"{""type"":""MultiPoint"",""coordinates"":[]}"
20010913,2001-09-13,2.8466817849114276,"{""type"":""MultiPoint"",""coordinates"":[]}"
20010914,2001-09-14,7.7202767058947455,"{""type"":""MultiPoint"",""coordinates"":[]}"
20010915,2001-09-15,3.044895415174072,"{""type"":""MultiPoint"",""coordinates"":[]}"
20010916,2001-09-16,9.01151884508146,"{""type"":""MultiPoint"",""coordinates"":[]}"
20010917,2001-09-17,0.32220856502543416,"{""type"":""MultiPoint"",""coordinates"":[]}"
20010918,2001-09-18,8.131609900347463,"{""type"":""MultiPoint"",""coordinates"":[]}"
20010919,2001-09-19,7.810609800874413,"{""type"":""MultiPoint"",""coordinates"":[]}"
20010920,2001-09-20,8.306546474750585,"{""type"":""MultiPoint"",""coordinates"":[]}"
20010921,2001-09-21,1.5751296770187375,"{""type"":""MultiPoint"",""coordinates"":[]}"
20010922,2001-09-22,17.7025981322446,"{""type"":""MultiPoint"",""coordinates"":[]}"
20010923,2001-09-23,0.808245008153916,"{""type"":""MultiPoint"",""coordinates"":[]}"
20010924,2001-09-24,11.370599795538626,"{""type"":""MultiPoint"",""coordinates"":[]}"
20010925,2001-09-25,19.40430425821864,"{""type"":""MultiPoint"",""coordinates"":[]}"
20010926,2001-09-26,3.68476151230759,"{""type"":""MultiPoint"",""coordinates"":[]}"
20010927,2001-09-27,17.218094166727205,"{""type"":""MultiPoint"",""coordinates"":[]}"
20010928,2001-09-28,21.011343407202812,"{""type"":""MultiPoint"",""coordinates"":[]}"
20010929,2001-09-29,12.82627564351909,"{""type"":""MultiPoint"",""coordinates"":[]}"
20010930,2001-09-30,0.6226641696065708,"{""type"":""MultiPoint"",""coordinates"":[]}"
20011001,2001-10-01,0.33682729612470447,"{""type"":""MultiPoint"",""coordinates"":[]}"
20011002,2001-10-02,1.2652199188926512,"{""type"":""MultiPoint"",""coordinates"":[]}"
20011003,2001-10-03,1.6921136177326817,"{""type"":""MultiPoint"",""coordinates"":[]}"
20011004,2001-10-04,10.400178921411882,"{""type"":""MultiPoint"",""coordinates"":[]}"
20011005,2001-10-05,20.658426834177455,"{""type"":""MultiPoint"",""coordinates"":[]}"
20011006,2001-10-06,59.7741178112278,"{""type"":""MultiPoint"",""coordinates"":[]}"
20011007,2001-10-07,23.402363702352964,"{""type"":""MultiPoint"",""coordinates"":[]}"
20011008,2001-10-08,8.484405199382262,"{""type"":""MultiPoint"",""coordinates"":[]}"
20011009,2001-10-09,1.2763758377462309,"{""type"":""MultiPoint"",""coordinates"":[]}"
20011010,2001-10-10,15.166781499900749,"{""type"":""MultiPoint"",""coordinates"":[]}"
20011011,2001-10-11,2.1582582577732166,"{""type"":""MultiPoint"",""coordinates"":[]}"
20011012,2001-10-12,6.287342854898013,"{""type"":""MultiPoint"",""coordinates"":[]}"
20011013,2001-10-13,7.674218429421515,"{""type"":""MultiPoint"",""coordinates"":[]}"
20011014,2001-10-14,10.985392105234595,"{""type"":""MultiPoint"",""coordinates"":[]}"
20011015,2001-10-15,24.165984877666542,"{""type"":""MultiPoint"",""coordinates"":[]}"
20011016,2001-10-16,43.47979614872656,"{""type"":""MultiPoint"",""coordinates"":[]}"
20011017,2001-10-17,0.0,"{""type"":""MultiPoint"",""coordinates"":[]}"
20011018,2001-10-18,2.8049705616916043,"{""type"":""MultiPoint"",""coordinates"":[]}"
20011019,2001-10-19,3.9574888208232184,"{""type"":""MultiPoint"",""coordinates"":[]}"
20011020,2001-10-20,0.06144281845366757,"{""type"":""MultiPoint"",""coordinates"":[]}"
20011021,2001-10-21,0.0,"{""type"":""MultiPoint"",""coordinates"":[]}"
20011022,2001-10-22,0.0,"{""type"":""MultiPoint"",""coordinates"":[]}"
20011023,2001-10-23,0.6987726465424005,"{""type"":""MultiPoint"",""coordinates"":[]}"
20011024,2001-10-24,16.28366236097312,"{""type"":""MultiPoint"",""coordinates"":[]}"
20011025,2001-10-25,0.7712415188193051,"{""type"":""MultiPoint"",""coordinates"":[]}"
20011026,2001-10-26,0.003954274095466857,"{""type"":""MultiPoint"",""coordinates"":[]}"
20011027,2001-10-27,0.0,"{""type"":""MultiPoint"",""coordinates"":[]}"
20011028,2001-10-28,0.0,"{""type"":""MultiPoint"",""coordinates"":[]}"
20011029,2001-10-29,0.0,"{""type"":""MultiPoint"",""coordinates"":[]}"
20011030,2001-10-30,0.0,"{""type"":""MultiPoint"",""coordinates"":[]}"
20011031,2001-10-31,0.0,"{""type"":""MultiPoint"",""coordinates"":[]}"
20011101,2001-11-01,0.0,"{""type"":""MultiPoint"",""coordinates"":[]}"
20011102,2001-11-02,6.520575384250937,"{""type"":""MultiPoint"",""coordinates"":[]}"
20011103,2001-11-03,2.1141431897948846,"{""type"":""MultiPoint"",""coordinates"":[]}"
20011104,2001-11-04,1.0034212178271051,"{""type"":""MultiPoint"",""coordinates"":[]}"
20011105,2001-11-05,6.599203031453523,"{""type"":""MultiPoint"",""coordinates"":[]}"
20011106,2001-11-06,6.547922333243286,"{""type"":""MultiPoint"",""coordinates"":[]}"
20011107,2001-11-07,8.272520136594748,"{""type"":""MultiPoint"",""coordinates"":[]}"
20011108,2001-11-08,9.266346094710224,"{""type"":""MultiPoint"",""coordinates"":[]}"
20011109,2001-11-09,1.2925694303898876,"{""type"":""MultiPoint"",""coordinates"":[]}"
20011110,2001-11-10,5.060137357150936,"{""type"":""MultiPoint"",""coordinates"":[]}"
20011111,2001-11-11,0.031412745078162316,"{""type"":""MultiPoint"",""coordinates"":[]}"
20011112,2001-11-12,0.0,"{""type"":""MultiPoint"",""coordinates"":[]}"
20011113,2001-11-13,0.0,"{""type"":""MultiPoint"",""coordinates"":[]}"
20011114,2001-11-14,0.0,"{""type"":""MultiPoint"",""coordinates"":[]}"
20011115,2001-11-15,0.5707714488986249,"{""type"":""MultiPoint"",""coordinates"":[]}"
20011116,2001-11-16,0.027923340993889257,"{""type"":""MultiPoint"",""coordinates"":[]}"
20011117,2001-11-17,0.2839213725908036,"{""type"":""MultiPoint"",""coordinates"":[]}"
20011118,2001-11-18,0.038514678030901174,"{""type"":""MultiPoint"",""coordinates"":[]}"
20011119,2001-11-19,0.0,"{""type"":""MultiPoint"",""coordinates"":[]}"
20011120,2001-11-20,0.0,"{""type"":""MultiPoint"",""coordinates"":[]}"
20011121,2001-11-21,0.0,"{""type"":""MultiPoint"",""coordinates"":[]}"
20011122,2001-11-22,0.0,"{""type"":""MultiPoint"",""coordinates"":[]}"
20011123,2001-11-23,0.0,"{""type"":""MultiPoint"",""coordinates"":[]}"
20011124,2001-11-24,0.0,"{""type"":""MultiPoint"",""coordinates"":[]}"
20011125,2001-11-25,0.0,"{""type"":""MultiPoint"",""coordinates"":[]}"
20011126,2001-11-26,0.0,"{""type"":""MultiPoint"",""coordinates"":[]}"
20011127,2001-11-27,0.0,"{""type"":""MultiPoint"",""coordinates"":[]}"
20011128,2001-11-28,0.5326787602152518,"{""type"":""MultiPoint"",""coordinates"":[]}"
20011129,2001-11-29,0.0,"{""type"":""MultiPoint"",""coordinates"":[]}"
20011130,2001-11-30,0.0,"{""type"":""MultiPoint"",""coordinates"":[]}"
20011201,2001-12-01,0.22028459440756387,"{""type"":""MultiPoint"",""coordinates"":[]}"
20011202,2001-12-02,0.0,"{""type"":""MultiPoint"",""coordinates"":[]}"
20011203,2001-12-03,0.0,"{""type"":""MultiPoint"",""coordinates"":[]}"
20011204,2001-12-04,0.07394621015658374,"{""type"":""MultiPoint"",""coordinates"":[]}"
20011205,2001-12-05,0.0,"{""type"":""MultiPoint"",""coordinates"":[]}"
20011206,2001-12-06,0.0,"{""type"":""MultiPoint"",""coordinates"":[]}"
20011207,2001-12-07,0.0,"{""type"":""MultiPoint"",""coordinates"":[]}"
20011208,2001-12-08,0.0,"{""type"":""MultiPoint"",""coordinates"":[]}"
20011209,2001-12-09,0.0,"{""type"":""MultiPoint"",""coordinates"":[]}"
20011210,2001-12-10,0.0,"{""type"":""MultiPoint"",""coordinates"":[]}"
20011211,2001-12-11,0.0,"{""type"":""MultiPoint"",""coordinates"":[]}"
20011212,2001-12-12,0.0,"{""type"":""MultiPoint"",""coordinates"":[]}"
20011213,2001-12-13,0.0,"{""type"":""MultiPoint"",""coordinates"":[]}"
20011214,2001-12-14,0.0,"{""type"":""MultiPoint"",""coordinates"":[]}"
20011215,2001-12-15,0.053691308351171974,"{""type"":""MultiPoint"",""coordinates"":[]}"
20011216,2001-12-16,0.0,"{""type"":""MultiPoint"",""coordinates"":[]}"
20011217,2001-12-17,0.27342721201689746,"{""type"":""MultiPoint"",""coordinates"":[]}"
20011218,2001-12-18,0.04333306869475609,"{""type"":""MultiPoint"",""coordinates"":[]}"
20011219,2001-12-19,4.962486250459489,"{""type"":""MultiPoint"",""coordinates"":[]}"
20011220,2001-12-20,10.670718493430005,"{""type"":""MultiPoint"",""coordinates"":[]}"
20011221,2001-12-21,0.6444081006798431,"{""type"":""MultiPoint"",""coordinates"":[]}"
20011222,2001-12-22,0.0,"{""type"":""MultiPoint"",""coordinates"":[]}"
20011223,2001-12-23,2.8287921472866913,"{""type"":""MultiPoint"",""coordinates"":[]}"
20011224,2001-12-24,0.1175993012393189,"{""type"":""MultiPoint"",""coordinates"":[]}"
20011225,2001-12-25,0.14973495999841602,"{""type"":""MultiPoint"",""coordinates"":[]}"
20011226,2001-12-26,0.18765109852805087,"{""type"":""MultiPoint"",""coordinates"":[]}"
20011227,2001-12-27,0.0,"{""type"":""MultiPoint"",""coordinates"":[]}"
20011228,2001-12-28,0.0,"{""type"":""MultiPoint"",""coordinates"":[]}"
20011229,2001-12-29,1.4483250299678299,"{""type"":""MultiPoint"",""coordinates"":[]}"
20011230,2001-12-30,0.0016436506561474916,"{""type"":""MultiPoint"",""coordinates"":[]}"
20011231,2001-12-31,0.0,"{""type"":""MultiPoint"",""coordinates"":[]}"
20020101,2002-01-01,0.0,"{""type"":""MultiPoint"",""coordinates"":[]}"
20020102,2002-01-02,0.0,"{""type"":""MultiPoint"",""coordinates"":[]}"
20020103,2002-01-03,0.0,"{""type"":""MultiPoint"",""coordinates"":[]}"
20020104,2002-01-04,0.0,"{""type"":""MultiPoint"",""coordinates"":[]}"
20020105,2002-01-05,1.9280935058585655,"{""type"":""MultiPoint"",""coordinates"":[]}"
20020106,2002-01-06,0.28556836804685565,"{""type"":""MultiPoint"",""coordinates"":[]}"
20020107,2002-01-07,0.3713010814883431,"{""type"":""MultiPoint"",""coordinates"":[]}"
20020108,2002-01-08,0.22684746765190933,"{""type"":""MultiPoint"",""coordinates"":[]}"
20020109,2002-01-09,0.0,"{""type"":""MultiPoint"",""coordinates"":[]}"
20020110,2002-01-10,0.0,"{""type"":""MultiPoint"",""coordinates"":[]}"
20020111,2002-01-11,0.0,"{""type"":""MultiPoint"",""coordinates"":[]}"
20020112,2002-01-12,0.0,"{""type"":""MultiPoint"",""coordinates"":[]}"
20020113,2002-01-13,0.0,"{""type"":""MultiPoint"",""coordinates"":[]}"
20020114,2002-01-14,0.0,"{""type"":""MultiPoint"",""coordinates"":[]}"
20020115,2002-01-15,0.018922517068294845,"{""type"":""MultiPoint"",""coordinates"":[]}"
20020116,2002-01-16,0.0,"{""type"":""MultiPoint"",""coordinates"":[]}"
20020117,2002-01-17,0.0,"{""type"":""MultiPoint"",""coordinates"":[]}"
20020118,2002-01-18,0.0,"{""type"":""MultiPoint"",""coordinates"":[]}"
20020119,2002-01-19,0.0,"{""type"":""MultiPoint"",""coordinates"":[]}"
20020120,2002-01-20,0.0,"{""type"":""MultiPoint"",""coordinates"":[]}"
20020121,2002-01-21,0.02181071894838253,"{""type"":""MultiPoint"",""coordinates"":[]}"
20020122,2002-01-22,0.0,"{""type"":""MultiPoint"",""coordinates"":[]}"
20020123,2002-01-23,0.0,"{""type"":""MultiPoint"",""coordinates"":[]}"
20020124,2002-01-24,0.0,"{""type"":""MultiPoint"",""coordinates"":[]}"
20020125,2002-01-25,0.3777750054211139,"{""type"":""MultiPoint"",""coordinates"":[]}"
20020126,2002-01-26,0.11948956526830565,"{""type"":""MultiPoint"",""coordinates"":[]}"
20020127,2002-01-27,0.3102339453925892,"{""type"":""MultiPoint"",""coordinates"":[]}"
20020128,2002-01-28,0.008200063817578495,"{""type"":""MultiPoint"",""coordinates"":[]}"
20020129,2002-01-29,0.02652513826657995,"{""type"":""MultiPoint"",""coordinates"":[]}"
20020130,2002-01-30,0.0,"{""type"":""MultiPoint"",""coordinates"":[]}"
20020131,2002-01-31,0.0,"{""type"":""MultiPoint"",""coordinates"":[]}"
20020201,2002-02-01,3.1069670848884745,"{""type"":""MultiPoint"",""coordinates"":[]}"
20020202,2002-02-02,0.0013342664725772113,"{""type"":""MultiPoint"",""coordinates"":[]}"
20020203,2002-02-03,0.0,"{""type"":""MultiPoint"",""coordinates"":[]}"
20020204,2002-02-04,0.0,"{""type"":""MultiPoint"",""coordinates"":[]}"
20020205,2002-02-05,0.0,"{""type"":""MultiPoint"",""coordinates"":[]}"
20020206,2002-02-06,0.0,"{""type"":""MultiPoint"",""coordinates"":[]}"
20020207,2002-02-07,0.0,"{""type"":""MultiPoint"",""coordinates"":[]}"
20020208,2002-02-08,0.0,"{""type"":""MultiPoint"",""coordinates"":[]}"
20020209,2002-02-09,0.0,"{""type"":""MultiPoint"",""coordinates"":[]}"
20020210,2002-02-10,0.0,"{""type"":""MultiPoint"",""coordinates"":[]}"
20020211,2002-02-11,0.0,"{""type"":""MultiPoint"",""coordinates"":[]}"
20020212,2002-02-12,0.0,"{""type"":""MultiPoint"",""coordinates"":[]}"
20020213,2002-02-13,0.0,"{""type"":""MultiPoint"",""coordinates"":[]}"
20020214,2002-02-14,0.0,"{""type"":""MultiPoint"",""coordinates"":[]}"
20020215,2002-02-15,0.0,"{""type"":""MultiPoint"",""coordinates"":[]}"
20020216,2002-02-16,0.0,"{""type"":""MultiPoint"",""coordinates"":[]}"
20020217,2002-02-17,0.0,"{""type"":""MultiPoint"",""coordinates"":[]}"
20020218,2002-02-18,0.0,"{""type"":""MultiPoint"",""coordinates"":[]}"
20020219,2002-02-19,0.0,"{""type"":""MultiPoint"",""coordinates"":[]}"
20020220,2002-02-20,0.0,"{""type"":""MultiPoint"",""coordinates"":[]}"
20020221,2002-02-21,0.0,"{""type"":""MultiPoint"",""coordinates"":[]}"
20020222,2002-02-22,0.0,"{""type"":""MultiPoint"",""coordinates"":[]}"
20020223,2002-02-23,0.0,"{""type"":""MultiPoint"",""coordinates"":[]}"
20020224,2002-02-24,0.0,"{""type"":""MultiPoint"",""coordinates"":[]}"
20020225,2002-02-25,0.0,"{""type"":""MultiPoint"",""coordinates"":[]}"
20020226,2002-02-26,0.0,"{""type"":""MultiPoint"",""coordinates"":[]}"
20020227,2002-02-27,0.0,"{""type"":""MultiPoint"",""coordinates"":[]}"
20020228,2002-02-28,0.0,"{""type"":""MultiPoint"",""coordinates"":[]}"
20020301,2002-03-01,0.0,"{""type"":""MultiPoint"",""coordinates"":[]}"
20020302,2002-03-02,0.0,"{""type"":""MultiPoint"",""coordinates"":[]}"
20020303,2002-03-03,0.0,"{""type"":""MultiPoint"",""coordinates"":[]}"
20020304,2002-03-04,0.0,"{""type"":""MultiPoint"",""coordinates"":[]}"
20020305,2002-03-05,0.0,"{""type"":""MultiPoint"",""coordinates"":[]}"
20020306,2002-03-06,0.0,"{""type"":""MultiPoint"",""coordinates"":[]}"
20020307,2002-03-07,0.0,"{""type"":""MultiPoint"",""coordinates"":[]}"
20020308,2002-03-08,0.0,"{""type"":""MultiPoint"",""coordinates"":[]}"
20020309,2002-03-09,0.0,"{""type"":""MultiPoint"",""coordinates"":[]}"
20020310,2002-03-10,0.0,"{""type"":""MultiPoint"",""coordinates"":[]}"
20020311,2002-03-11,0.0,"{""type"":""MultiPoint"",""coordinates"":[]}"
20020312,2002-03-12,0.0,"{""type"":""MultiPoint"",""coordinates"":[]}"
20020313,2002-03-13,0.0,"{""type"":""MultiPoint"",""coordinates"":[]}"
20020314,2002-03-14,0.0,"{""type"":""MultiPoint"",""coordinates"":[]}"
20020315,2002-03-15,0.0,"{""type"":""MultiPoint"",""coordinates"":[]}"
20020316,2002-03-16,0.0,"{""type"":""MultiPoint"",""coordinates"":[]}"
20020317,2002-03-17,0.0,"{""type"":""MultiPoint"",""coordinates"":[]}"
20020318,2002-03-18,0.0,"{""type"":""MultiPoint"",""coordinates"":[]}"
20020319,2002-03-19,0.0,"{""type"":""MultiPoint"",""coordinates"":[]}"
20020320,2002-03-20,0.0,"{""type"":""MultiPoint"",""coordinates"":[]}"
20020321,2002-03-21,0.0,"{""type"":""MultiPoint"",""coordinates"":[]}"
20020322,2002-03-22,0.0,"{""type"":""MultiPoint"",""coordinates"":[]}"
20020323,2002-03-23,0.0,"{""type"":""MultiPoint"",""coordinates"":[]}"
20020324,2002-03-24,0.0,"{""type"":""MultiPoint"",""coordinates"":[]}"
20020325,2002-03-25,0.0,"{""type"":""MultiPoint"",""coordinates"":[]}"
20020326,2002-03-26,0.0,"{""type"":""MultiPoint"",""coordinates"":[]}"
20020327,2002-03-27,0.0,"{""type"":""MultiPoint"",""coordinates"":[]}"
20020328,2002-03-28,0.23405365585410823,"{""type"":""MultiPoint"",""coordinates"":[]}"
20020329,2002-03-29,0.6620298996861758,"{""type"":""MultiPoint"",""coordinates"":[]}"
20020330,2002-03-30,0.12288066447828391,"{""type"":""MultiPoint"",""coordinates"":[]}"
20020331,2002-03-31,0.0057035954568350825,"{""type"":""MultiPoint"",""coordinates"":[]}"
20020401,2002-04-01,0.0,"{""type"":""MultiPoint"",""coordinates"":[]}"
20020402,2002-04-02,0.09518166317066808,"{""type"":""MultiPoint"",""coordinates"":[]}"
20020403,2002-04-03,0.008489308823267596,"{""type"":""MultiPoint"",""coordinates"":[]}"
20020404,2002-04-04,2.815560091621291,"{""type"":""MultiPoint"",""coordinates"":[]}"
20020405,2002-04-05,3.645136897668981,"{""type"":""MultiPoint"",""coordinates"":[]}"
20020406,2002-04-06,0.0,"{""type"":""MultiPoint"",""coordinates"":[]}"
20020407,2002-04-07,0.0,"{""type"":""MultiPoint"",""coordinates"":[]}"
20020408,2002-04-08,0.0,"{""type"":""MultiPoint"",""coordinates"":[]}"
20020409,2002-04-09,0.0,"{""type"":""MultiPoint"",""coordinates"":[]}"
20020410,2002-04-10,0.0,"{""type"":""MultiPoint"",""coordinates"":[]}"
20020411,2002-04-11,0.0,"{""type"":""MultiPoint"",""coordinates"":[]}"
20020412,2002-04-12,0.0,"{""type"":""MultiPoint"",""coordinates"":[]}"
20020413,2002-04-13,0.012535255778437488,"{""type"":""MultiPoint"",""coordinates"":[]}"
20020414,2002-04-14,0.0,"{""type"":""MultiPoint"",""coordinates"":[]}"
20020415,2002-04-15,0.0,"{""type"":""MultiPoint"",""coordinates"":[]}"
20020416,2002-04-16,0.0,"{""type"":""MultiPoint"",""coordinates"":[]}"
20020417,2002-04-17,0.0,"{""type"":""MultiPoint"",""coordinates"":[]}"
20020418,2002-04-18,0.0,"{""type"":""MultiPoint"",""coordinates"":[]}"
20020419,2002-04-19,0.0,"{""type"":""MultiPoint"",""coordinates"":[]}"
20020420,2002-04-20,0.0,"{""type"":""MultiPoint"",""coordinates"":[]}"
20020421,2002-04-21,0.0,"{""type"":""MultiPoint"",""coordinates"":[]}"
20020422,2002-04-22,0.0,"{""type"":""MultiPoint"",""coordinates"":[]}"
20020423,2002-04-23,0.0,"{""type"":""MultiPoint"",""coordinates"":[]}"
20020424,2002-04-24,0.0,"{""type"":""MultiPoint"",""coordinates"":[]}"
20020425,2002-04-25,0.0,"{""type"":""MultiPoint"",""coordinates"":[]}"
20020426,2002-04-26,0.0,"{""type"":""MultiPoint"",""coordinates"":[]}"
20020427,2002-04-27,0.0,"{""type"":""MultiPoint"",""coordinates"":[]}"
20020428,2002-04-28,0.0,"{""type"":""MultiPoint"",""coordinates"":[]}"
20020429,2002-04-29,0.0,"{""type"":""MultiPoint"",""coordinates"":[]}"
20020430,2002-04-30,0.0,"{""type"":""MultiPoint"",""coordinates"":[]}"
20020501,2002-05-01,0.0,"{""type"":""MultiPoint"",""coordinates"":[]}"
20020502,2002-05-02,0.047034613942623094,"{""type"":""MultiPoint"",""coordinates"":[]}"
20020503,2002-05-03,5.336752034871465,"{""type"":""MultiPoint"",""coordinates"":[]}"
20020504,2002-05-04,0.5763317923723151,"{""type"":""MultiPoint"",""coordinates"":[]}"
20020505,2002-05-05,0.0,"{""type"":""MultiPoint"",""coordinates"":[]}"
20020506,2002-05-06,0.0,"{""type"":""MultiPoint"",""coordinates"":[]}"
20020507,2002-05-07,0.29572896279068667,"{""type"":""MultiPoint"",""coordinates"":[]}"
20020508,2002-05-08,0.37060917251730685,"{""type"":""MultiPoint"",""coordinates"":[]}"
20020509,2002-05-09,2.1625775218198697,"{""type"":""MultiPoint"",""coordinates"":[]}"
20020510,2002-05-10,3.187664156276416,"{""type"":""MultiPoint"",""coordinates"":[]}"
20020511,2002-05-11,0.0,"{""type"":""MultiPoint"",""coordinates"":[]}"
20020512,2002-05-12,0.03748102796102126,"{""type"":""MultiPoint"",""coordinates"":[]}"
20020513,2002-05-13,0.0054324845538183736,"{""type"":""MultiPoint"",""coordinates"":[]}"
20020514,2002-05-14,3.085291442818802,"{""type"":""MultiPoint"",""coordinates"":[]}"
20020515,2002-05-15,14.70493978655476,"{""type"":""MultiPoint"",""coordinates"":[]}"
20020516,2002-05-16,20.139086441191463,"{""type"":""MultiPoint"",""coordinates"":[]}"
20020517,2002-05-17,8.542030650661525,"{""type"":""MultiPoint"",""coordinates"":[]}"
20020518,2002-05-18,0.38159107547121757,"{""type"":""MultiPoint"",""coordinates"":[]}"
20020519,2002-05-19,0.0,"{""type"":""MultiPoint"",""coordinates"":[]}"
20020520,2002-05-20,0.0,"{""type"":""MultiPoint"",""coordinates"":[]}"
20020521,2002-05-21,0.0,"{""type"":""MultiPoint"",""coordinates"":[]}"
20020522,2002-05-22,0.0,"{""type"":""MultiPoint"",""coordinates"":[]}"
20020523,2002-05-23,0.0,"{""type"":""MultiPoint"",""coordinates"":[]}"
20020524,2002-05-24,0.07847140543239065,"{""type"":""MultiPoint"",""coordinates"":[]}"
20020525,2002-05-25,12.541106686148538,"{""type"":""MultiPoint"",""coordinates"":[]}"
20020526,2002-05-26,1.3239024791900922,"{""type"":""MultiPoint"",""coordinates"":[]}"
20020527,2002-05-27,0.09621911088845012,"{""type"":""MultiPoint"",""coordinates"":[]}"
20020528,2002-05-28,0.09030232952613006,"{""type"":""MultiPoint"",""coordinates"":[]}"
20020529,2002-05-29,2.2350681824873244,"{""type"":""MultiPoint"",""coordinates"":[]}"
20020530,2002-05-30,21.819577137481275,"{""type"":""MultiPoint"",""coordinates"":[]}"
20020531,2002-05-31,2.310405295369395,"{""type"":""MultiPoint"",""coordinates"":[]}"
20020601,2002-06-01,1.9222657316176732,"{""type"":""MultiPoint"",""coordinates"":[]}"
20020602,2002-06-02,10.135483690340573,"{""type"":""MultiPoint"",""coordinates"":[]}"
20020603,2002-06-03,0.15446211106759605,"{""type"":""MultiPoint"",""coordinates"":[]}"
20020604,2002-06-04,0.0,"{""type"":""MultiPoint"",""coordinates"":[]}"
20020605,2002-06-05,0.6458962640711879,"{""type"":""MultiPoint"",""coordinates"":[]}"
20020606,2002-06-06,3.5884409352615134,"{""type"":""MultiPoint"",""coordinates"":[]}"
20020607,2002-06-07,3.0170189096770494,"{""type"":""MultiPoint"",""coordinates"":[]}"
20020608,2002-06-08,3.5935255554867025,"{""type"":""MultiPoint"",""coordinates"":[]}"
20020609,2002-06-09,4.441880553148103,"{""type"":""MultiPoint"",""coordinates"":[]}"
20020610,2002-06-10,8.325981476458177,"{""type"":""MultiPoint"",""coordinates"":[]}"
20020611,2002-06-11,5.587724205509194,"{""type"":""MultiPoint"",""coordinates"":[]}"
20020612,2002-06-12,6.443085062448117,"{""type"":""MultiPoint"",""coordinates"":[]}"
20020613,2002-06-13,7.9857561754205415,"{""type"":""MultiPoint"",""coordinates"":[]}"
20020614,2002-06-14,0.04038394397762552,"{""type"":""MultiPoint"",""coordinates"":[]}"
20020615,2002-06-15,1.8905802014758148,"{""type"":""MultiPoint"",""coordinates"":[]}"
20020616,2002-06-16,1.6005623989686708,"{""type"":""MultiPoint"",""coordinates"":[]}"
20020617,2002-06-17,3.2891257793059987,"{""type"":""MultiPoint"",""coordinates"":[]}"
20020618,2002-06-18,10.962864752598707,"{""type"":""MultiPoint"",""coordinates"":[]}"
20020619,2002-06-19,7.895845123701185,"{""type"":""MultiPoint"",""coordinates"":[]}"
20020620,2002-06-20,2.983348055419285,"{""type"":""MultiPoint"",""coordinates"":[]}"
20020621,2002-06-21,5.974850712867625,"{""type"":""MultiPoint"",""coordinates"":[]}"
20020622,2002-06-22,2.270622829202014,"{""type"":""MultiPoint"",""coordinates"":[]}"
20020623,2002-06-23,0.1621558174127851,"{""type"":""MultiPoint"",""coordinates"":[]}"
20020624,2002-06-24,2.944318005831247,"{""type"":""MultiPoint"",""coordinates"":[]}"
20020625,2002-06-25,0.0,"{""type"":""MultiPoint"",""coordinates"":[]}"
20020626,2002-06-26,0.0,"{""type"":""MultiPoint"",""coordinates"":[]}"
20020627,2002-06-27,0.0,"{""type"":""MultiPoint"",""coordinates"":[]}"
20020628,2002-06-28,0.0,"{""type"":""MultiPoint"",""coordinates"":[]}"
20020629,2002-06-29,0.0,"{""type"":""MultiPoint"",""coordinates"":[]}"
20020630,2002-06-30,0.01917388787825476,"{""type"":""MultiPoint"",""coordinates"":[]}"
20020701,2002-07-01,5.980365928877376,"{""type"":""MultiPoint"",""coordinates"":[]}"
20020702,2002-07-02,0.0,"{""type"":""MultiPoint"",""coordinates"":[]}"
20020703,2002-07-03,0.0,"{""type"":""MultiPoint"",""coordinates"":[]}"
20020704,2002-07-04,0.21495517572067915,"{""type"":""MultiPoint"",""coordinates"":[]}"
20020705,2002-07-05,0.0,"{""type"":""MultiPoint"",""coordinates"":[]}"
20020706,2002-07-06,0.0,"{""type"":""MultiPoint"",""coordinates"":[]}"
20020707,2002-07-07,0.0,"{""type"":""MultiPoint"",""coordinates"":[]}"
20020708,2002-07-08,0.0,"{""type"":""MultiPoint"",""coordinates"":[]}"
20020709,2002-07-09,0.0,"{""type"":""MultiPoint"",""coordinates"":[]}"
20020710,2002-07-10,0.0,"{""type"":""MultiPoint"",""coordinates"":[]}"
20020711,2002-07-11,0.46212223114992945,"{""type"":""MultiPoint"",""coordinates"":[]}"
20020712,2002-07-12,0.0,"{""type"":""MultiPoint"",""coordinates"":[]}"
20020713,2002-07-13,0.0,"{""type"":""MultiPoint"",""coordinates"":[]}"
20020714,2002-07-14,0.0,"{""type"":""MultiPoint"",""coordinates"":[]}"
20020715,2002-07-15,4.5699580224843634,"{""type"":""MultiPoint"",""coordinates"":[]}"
20020716,2002-07-16,2.3769114462386676,"{""type"":""MultiPoint"",""coordinates"":[]}"
20020717,2002-07-17,5.6070623201389855,"{""type"":""MultiPoint"",""coordinates"":[]}"
20020718,2002-07-18,1.5211116668307734,"{""type"":""MultiPoint"",""coordinates"":[]}"
20020719,2002-07-19,0.079287797270371,"{""type"":""MultiPoint"",""coordinates"":[]}"
20020720,2002-07-20,0.0678671790296177,"{""type"":""MultiPoint"",""coordinates"":[]}"
20020721,2002-07-21,2.2725632243834584,"{""type"":""MultiPoint"",""coordinates"":[]}"
20020722,2002-07-22,2.9501993023060775,"{""type"":""MultiPoint"",""coordinates"":[]}"
20020723,2002-07-23,4.47673687169178,"{""type"":""MultiPoint"",""coordinates"":[]}"
20020724,2002-07-24,4.957624445535293,"{""type"":""MultiPoint"",""coordinates"":[]}"
20020725,2002-07-25,1.4701414882186186,"{""type"":""MultiPoint"",""coordinates"":[]}"
20020726,2002-07-26,0.0,"{""type"":""MultiPoint"",""coordinates"":[]}"
20020727,2002-07-27,0.0,"{""type"":""MultiPoint"",""coordinates"":[]}"
20020728,2002-07-28,0.1270353667509668,"{""type"":""MultiPoint"",""coordinates"":[]}"
20020729,2002-07-29,1.9103468043539855,"{""type"":""MultiPoint"",""coordinates"":[]}"
20020730,2002-07-30,11.414185295940188,"{""type"":""MultiPoint"",""coordinates"":[]}"
20020731,2002-07-31,5.84484603941917,"{""type"":""MultiPoint"",""coordinates"":[]}"
20020801,2002-08-01,4.401424076481023,"{""type"":""MultiPoint"",""coordinates"":[]}"
20020802,2002-08-02,8.458443562502143,"{""type"":""MultiPoint"",""coordinates"":[]}"
20020803,2002-08-03,2.378820625767265,"{""type"":""MultiPoint"",""coordinates"":[]}"
20020804,2002-08-04,6.042610657523994,"{""type"":""MultiPoint"",""coordinates"":[]}"
20020805,2002-08-05,2.979422513742715,"{""type"":""MultiPoint"",""coordinates"":[]}"
20020806,2002-08-06,1.9436580423140122,"{""type"":""MultiPoint"",""coordinates"":[]}"
20020807,2002-08-07,5.428744844616613,"{""type"":""MultiPoint"",""coordinates"":[]}"
20020808,2002-08-08,6.017497070383353,"{""type"":""MultiPoint"",""coordinates"":[]}"
20020809,2002-08-09,2.598414440513067,"{""type"":""MultiPoint"",""coordinates"":[]}"
20020810,2002-08-10,0.8346706667144166,"{""type"":""MultiPoint"",""coordinates"":[]}"
20020811,2002-08-11,3.8055441846068465,"{""type"":""MultiPoint"",""coordinates"":[]}"
20020812,2002-08-12,7.525445959465557,"{""type"":""MultiPoint"",""coordinates"":[]}"
20020813,2002-08-13,0.6816628299721718,"{""type"":""MultiPoint"",""coordinates"":[]}"
20020814,2002-08-14,0.0,"{""type"":""MultiPoint"",""coordinates"":[]}"
20020815,2002-08-15,0.0,"{""type"":""MultiPoint"",""coordinates"":[]}"
20020816,2002-08-16,0.4573815247329152,"{""type"":""MultiPoint"",""coordinates"":[]}"
20020817,2002-08-17,0.0,"{""type"":""MultiPoint"",""coordinates"":[]}"
20020818,2002-08-18,0.0,"{""type"":""MultiPoint"",""coordinates"":[]}"
20020819,2002-08-19,0.0,"{""type"":""MultiPoint"",""coordinates"":[]}"
20020820,2002-08-20,0.0,"{""type"":""MultiPoint"",""coordinates"":[]}"
20020821,2002-08-21,0.5045410989697718,"{""type"":""MultiPoint"",""coordinates"":[]}"
20020822,2002-08-22,2.712887354212323,"{""type"":""MultiPoint"",""coordinates"":[]}"
20020823,2002-08-23,3.9922206786432226,"{""type"":""MultiPoint"",""coordinates"":[]}"
20020824,2002-08-24,0.022205491174062345,"{""type"":""MultiPoint"",""coordinates"":[]}"
20020825,2002-08-25,0.41189989301695,"{""type"":""MultiPoint"",""coordinates"":[]}"
20020826,2002-08-26,0.0,"{""type"":""MultiPoint"",""coordinates"":[]}"
20020827,2002-08-27,1.2882161406267978,"{""type"":""MultiPoint"",""coordinates"":[]}"
20020828,2002-08-28,7.68437278017269,"{""type"":""MultiPoint"",""coordinates"":[]}"
20020829,2002-08-29,9.50272287682787,"{""type"":""MultiPoint"",""coordinates"":[]}"
20020830,2002-08-30,0.45265618783606343,"{""type"":""MultiPoint"",""coordinates"":[]}"
20020831,2002-08-31,4.869352273535592,"{""type"":""MultiPoint"",""coordinates"":[]}"
20020901,2002-09-01,9.608227990526782,"{""type"":""MultiPoint"",""coordinates"":[]}"
20020902,2002-09-02,0.08108102335600098,"{""type"":""MultiPoint"",""coordinates"":[]}"
20020903,2002-09-03,6.8732844188608615,"{""type"":""MultiPoint"",""coordinates"":[]}"
20020904,2002-09-04,2.121446974435755,"{""type"":""MultiPoint"",""coordinates"":[]}"
20020905,2002-09-05,4.921189617538941,"{""type"":""MultiPoint"",""coordinates"":[]}"
20020906,2002-09-06,4.605113274063178,"{""type"":""MultiPoint"",""coordinates"":[]}"
20020907,2002-09-07,1.6497777141649927,"{""type"":""MultiPoint"",""coordinates"":[]}"
20020908,2002-09-08,0.0,"{""type"":""MultiPoint"",""coordinates"":[]}"
20020909,2002-09-09,0.0621347549123028,"{""type"":""MultiPoint"",""coordinates"":[]}"
20020910,2002-09-10,0.1391533898999757,"{""type"":""MultiPoint"",""coordinates"":[]}"
20020911,2002-09-11,0.29274124910634713,"{""type"":""MultiPoint"",""coordinates"":[]}"
20020912,2002-09-12,0.0,"{""type"":""MultiPoint"",""coordinates"":[]}"
20020913,2002-09-13,0.12303087868119512,"{""type"":""MultiPoint"",""coordinates"":[]}"
20020914,2002-09-14,4.985628265247624,"{""type"":""MultiPoint"",""coordinates"":[]}"
20020915,2002-09-15,9.273155811126934,"{""type"":""MultiPoint"",""coordinates"":[]}"
20020916,2002-09-16,12.124523265957345,"{""type"":""MultiPoint"",""coordinates"":[]}"
20020917,2002-09-17,12.583735331816206,"{""type"":""MultiPoint"",""coordinates"":[]}"
20020918,2002-09-18,6.847431492213513,"{""type"":""MultiPoint"",""coordinates"":[]}"
20020919,2002-09-19,1.0477542191761116,"{""type"":""MultiPoint"",""coordinates"":[]}"
20020920,2002-09-20,2.7721748805209057,"{""type"":""MultiPoint"",""coordinates"":[]}"
20020921,2002-09-21,0.47552056668941445,"{""type"":""MultiPoint"",""coordinates"":[]}"
20020922,2002-09-22,0.0,"{""type"":""MultiPoint"",""coordinates"":[]}"
20020923,2002-09-23,2.8121085184303665,"{""type"":""MultiPoint"",""coordinates"":[]}"
20020924,2002-09-24,0.0,"{""type"":""MultiPoint"",""coordinates"":[]}"
20020925,2002-09-25,0.0,"{""type"":""MultiPoint"",""coordinates"":[]}"
20020926,2002-09-26,0.1500018900203149,"{""type"":""MultiPoint"",""coordinates"":[]}"
20020927,2002-09-27,0.055439120566757025,"{""type"":""MultiPoint"",""coordinates"":[]}"
20020928,2002-09-28,0.0,"{""type"":""MultiPoint"",""coordinates"":[]}"
20020929,2002-09-29,0.0,"{""type"":""MultiPoint"",""coordinates"":[]}"
20020930,2002-09-30,0.0,"{""type"":""MultiPoint"",""coordinates"":[]}"
20021001,2002-10-01,0.0,"{""type"":""MultiPoint"",""coordinates"":[]}"
20021002,2002-10-02,0.1765237473500633,"{""type"":""MultiPoint"",""coordinates"":[]}"
20021003,2002-10-03,0.0,"{""type"":""MultiPoint"",""coordinates"":[]}"
20021004,2002-10-04,0.0,"{""type"":""MultiPoint"",""coordinates"":[]}"
20021005,2002-10-05,0.0,"{""type"":""MultiPoint"",""coordinates"":[]}"
20021006,2002-10-06,5.2087972359495796,"{""type"":""MultiPoint"",""coordinates"":[]}"
20021007,2002-10-07,0.9213017859431122,"{""type"":""MultiPoint"",""coordinates"":[]}"
20021008,2002-10-08,5.5336885801341,"{""type"":""MultiPoint"",""coordinates"":[]}"
20021009,2002-10-09,6.379705621424978,"{""type"":""MultiPoint"",""coordinates"":[]}"
20021010,2002-10-10,10.651397359371645,"{""type"":""MultiPoint"",""coordinates"":[]}"
20021011,2002-10-11,35.80658500008672,"{""type"":""MultiPoint"",""coordinates"":[]}"
20021012,2002-10-12,25.275226625192172,"{""type"":""MultiPoint"",""coordinates"":[]}"
20021013,2002-10-13,19.438650733413642,"{""type"":""MultiPoint"",""coordinates"":[]}"
20021014,2002-10-14,19.129764312156116,"{""type"":""MultiPoint"",""coordinates"":[]}"
20021015,2002-10-15,17.6229844391537,"{""type"":""MultiPoint"",""coordinates"":[]}"
20021016,2002-10-16,12.006987169602116,"{""type"":""MultiPoint"",""coordinates"":[]}"
20021017,2002-10-17,19.919813984580237,"{""type"":""MultiPoint"",""coordinates"":[]}"
20021018,2002-10-18,4.755012789618467,"{""type"":""MultiPoint"",""coordinates"":[]}"
20021019,2002-10-19,0.41438960429899135,"{""type"":""MultiPoint"",""coordinates"":[]}"
20021020,2002-10-20,0.0,"{""type"":""MultiPoint"",""coordinates"":[]}"
20021021,2002-10-21,0.8646319600814658,"{""type"":""MultiPoint"",""coordinates"":[]}"
20021022,2002-10-22,3.163006695207033,"{""type"":""MultiPoint"",""coordinates"":[]}"
20021023,2002-10-23,0.0,"{""type"":""MultiPoint"",""coordinates"":[]}"
20021024,2002-10-24,2.8858160891155262,"{""type"":""MultiPoint"",""coordinates"":[]}"
20021025,2002-10-25,14.392565186172765,"{""type"":""MultiPoint"",""coordinates"":[]}"
20021026,2002-10-26,41.39953207030428,"{""type"":""MultiPoint"",""coordinates"":[]}"
20021027,2002-10-27,21.70372339356851,"{""type"":""MultiPoint"",""coordinates"":[]}"
20021028,2002-10-28,3.305153824991483,"{""type"":""MultiPoint"",""coordinates"":[]}"
20021029,2002-10-29,2.6037368537661845,"{""type"":""MultiPoint"",""coordinates"":[]}"
20021030,2002-10-30,2.280288840586759,"{""type"":""MultiPoint"",""coordinates"":[]}"
20021031,2002-10-31,11.379986974376143,"{""type"":""MultiPoint"",""coordinates"":[]}"
20021101,2002-11-01,1.0761728905966768,"{""type"":""MultiPoint"",""coordinates"":[]}"
20021102,2002-11-02,0.18194426861067847,"{""type"":""MultiPoint"",""coordinates"":[]}"
20021103,2002-11-03,0.0,"{""type"":""MultiPoint"",""coordinates"":[]}"
20021104,2002-11-04,0.0,"{""type"":""MultiPoint"",""coordinates"":[]}"
20021105,2002-11-05,0.0022920232935522956,"{""type"":""MultiPoint"",""coordinates"":[]}"
20021106,2002-11-06,0.3633913952995784,"{""type"":""MultiPoint"",""coordinates"":[]}"
20021107,2002-11-07,0.31385575911066793,"{""type"":""MultiPoint"",""coordinates"":[]}"
20021108,2002-11-08,4.065703056567231,"{""type"":""MultiPoint"",""coordinates"":[]}"
20021109,2002-11-09,10.018699112132547,"{""type"":""MultiPoint"",""coordinates"":[]}"
20021110,2002-11-10,7.367387151226515,"{""type"":""MultiPoint"",""coordinates"":[]}"
20021111,2002-11-11,0.0029773417663338537,"{""type"":""MultiPoint"",""coordinates"":[]}"
20021112,2002-11-12,0.0,"{""type"":""MultiPoint"",""coordinates"":[]}"
20021113,2002-11-13,0.0,"{""type"":""MultiPoint"",""coordinates"":[]}"
20021114,2002-11-14,0.0,"{""type"":""MultiPoint"",""coordinates"":[]}"
20021115,2002-11-15,0.09442562566059651,"{""type"":""MultiPoint"",""coordinates"":[]}"
20021116,2002-11-16,0.0,"{""type"":""MultiPoint"",""coordinates"":[]}"
20021117,2002-11-17,0.16395412551789146,"{""type"":""MultiPoint"",""coordinates"":[]}"
20021118,2002-11-18,1.02295990415755,"{""type"":""MultiPoint"",""coordinates"":[]}"
20021119,2002-11-19,0.0,"{""type"":""MultiPoint"",""coordinates"":[]}"
20021120,2002-11-20,0.0,"{""type"":""MultiPoint"",""coordinates"":[]}"
20021121,2002-11-21,1.151911045913278,"{""type"":""MultiPoint"",""coordinates"":[]}"
20021122,2002-11-22,4.0251338144377415,"{""type"":""MultiPoint"",""coordinates"":[]}"
20021123,2002-11-23,4.542738659011676,"{""type"":""MultiPoint"",""coordinates"":[]}"
20021124,2002-11-24,0.0,"{""type"":""MultiPoint"",""coordinates"":[]}"
20021125,2002-11-25,0.0,"{""type"":""MultiPoint"",""coordinates"":[]}"
20021126,2002-11-26,0.0,"{""type"":""MultiPoint"",""coordinates"":[]}"
20021127,2002-11-27,0.0,"{""type"":""MultiPoint"",""coordinates"":[]}"
20021128,2002-11-28,0.0,"{""type"":""MultiPoint"",""coordinates"":[]}"
20021129,2002-11-29,0.0,"{""type"":""MultiPoint"",""coordinates"":[]}"
20021130,2002-11-30,0.0,"{""type"":""MultiPoint"",""coordinates"":[]}"
20021201,2002-12-01,0.0,"{""type"":""MultiPoint"",""coordinates"":[]}"
20021202,2002-12-02,0.0,"{""type"":""MultiPoint"",""coordinates"":[]}"
20021203,2002-12-03,0.0,"{""type"":""MultiPoint"",""coordinates"":[]}"
20021204,2002-12-04,0.350465070065713,"{""type"":""MultiPoint"",""coordinates"":[]}"
20021205,2002-12-05,0.9048056887540918,"{""type"":""MultiPoint"",""coordinates"":[]}"
20021206,2002-12-06,1.9008098543774337,"{""type"":""MultiPoint"",""coordinates"":[]}"
20021207,2002-12-07,2.8270934469410687,"{""type"":""MultiPoint"",""coordinates"":[]}"
20021208,2002-12-08,0.06597639904632788,"{""type"":""MultiPoint"",""coordinates"":[]}"
20021209,2002-12-09,0.0,"{""type"":""MultiPoint"",""coordinates"":[]}"
20021210,2002-12-10,1.236378892891268,"{""type"":""MultiPoint"",""coordinates"":[]}"
20021211,2002-12-11,0.6193316425702498,"{""type"":""MultiPoint"",""coordinates"":[]}"
20021212,2002-12-12,0.015914677861031734,"{""type"":""MultiPoint"",""coordinates"":[]}"
20021213,2002-12-13,0.0,"{""type"":""MultiPoint"",""coordinates"":[]}"
20021214,2002-12-14,0.037091791737966666,"{""type"":""MultiPoint"",""coordinates"":[]}"
20021215,2002-12-15,0.06637961566920042,"{""type"":""MultiPoint"",""coordinates"":[]}"
20021216,2002-12-16,0.47860379231852107,"{""type"":""MultiPoint"",""coordinates"":[]}"
20021217,2002-12-17,2.066085398674528,"{""type"":""MultiPoint"",""coordinates"":[]}"
20021218,2002-12-18,0.052256761704024456,"{""type"":""MultiPoint"",""coordinates"":[]}"
20021219,2002-12-19,0.04228385298225499,"{""type"":""MultiPoint"",""coordinates"":[]}"
20021220,2002-12-20,0.11108341311176631,"{""type"":""MultiPoint"",""coordinates"":[]}"
20021221,2002-12-21,0.0,"{""type"":""MultiPoint"",""coordinates"":[]}"
20021222,2002-12-22,0.0,"{""type"":""MultiPoint"",""coordinates"":[]}"
20021223,2002-12-23,0.0,"{""type"":""MultiPoint"",""coordinates"":[]}"
20021224,2002-12-24,0.0,"{""type"":""MultiPoint"",""coordinates"":[]}"
20021225,2002-12-25,0.0,"{""type"":""MultiPoint"",""coordinates"":[]}"
20021226,2002-12-26,0.0,"{""type"":""MultiPoint"",""coordinates"":[]}"
20021227,2002-12-27,0.0,"{""type"":""MultiPoint"",""coordinates"":[]}"
20021228,2002-12-28,0.0,"{""type"":""MultiPoint"",""coordinates"":[]}"
20021229,2002-12-29,0.0,"{""type"":""MultiPoint"",""coordinates"":[]}"
20021230,2002-12-30,0.02991357228928756,"{""type"":""MultiPoint"",""coordinates"":[]}"
20021231,2002-12-31,0.04715863827821827,"{""type"":""MultiPoint"",""coordinates"":[]}"
20030101,2003-01-01,0.0,"{""type"":""MultiPoint"",""coordinates"":[]}"
20030102,2003-01-02,1.1622952377896985,"{""type"":""MultiPoint"",""coordinates"":[]}"
20030103,2003-01-03,0.7357321841424832,"{""type"":""MultiPoint"",""coordinates"":[]}"
20030104,2003-01-04,0.05005239849040494,"{""type"":""MultiPoint"",""coordinates"":[]}"
20030105,2003-01-05,0.0090548934801005,"{""type"":""MultiPoint"",""coordinates"":[]}"
20030106,2003-01-06,0.0,"{""type"":""MultiPoint"",""coordinates"":[]}"
20030107,2003-01-07,0.0,"{""type"":""MultiPoint"",""coordinates"":[]}"
20030108,2003-01-08,0.0,"{""type"":""MultiPoint"",""coordinates"":[]}"
20030109,2003-01-09,0.0,"{""type"":""MultiPoint"",""coordinates"":[]}"
20030110,2003-01-10,0.010280018588928302,"{""type"":""MultiPoint"",""coordinates"":[]}"
20030111,2003-01-11,0.0,"{""type"":""MultiPoint"",""coordinates"":[]}"
20030112,2003-01-12,0.0,"{""type"":""MultiPoint"",""coordinates"":[]}"
20030113,2003-01-13,0.0,"{""type"":""MultiPoint"",""coordinates"":[]}"
20030114,2003-01-14,0.0,"{""type"":""MultiPoint"",""coordinates"":[]}"
20030115,2003-01-15,9.130893634839303E-4,"{""type"":""MultiPoint"",""coordinates"":[]}"
20030116,2003-01-16,0.0,"{""type"":""MultiPoint"",""coordinates"":[]}"
20030117,2003-01-17,0.0,"{""type"":""MultiPoint"",""coordinates"":[]}"
20030118,2003-01-18,0.0,"{""type"":""MultiPoint"",""coordinates"":[]}"
20030119,2003-01-19,0.167765334570192,"{""type"":""MultiPoint"",""coordinates"":[]}"
20030120,2003-01-20,0.0,"{""type"":""MultiPoint"",""coordinates"":[]}"
20030121,2003-01-21,0.22945435963970692,"{""type"":""MultiPoint"",""coordinates"":[]}"
20030122,2003-01-22,0.0,"{""type"":""MultiPoint"",""coordinates"":[]}"
20030123,2003-01-23,0.040347000702553315,"{""type"":""MultiPoint"",""coordinates"":[]}"
20030124,2003-01-24,0.0,"{""type"":""MultiPoint"",""coordinates"":[]}"
20030125,2003-01-25,0.0,"{""type"":""MultiPoint"",""coordinates"":[]}"
20030126,2003-01-26,0.0,"{""type"":""MultiPoint"",""coordinates"":[]}"
20030127,2003-01-27,0.0,"{""type"":""MultiPoint"",""coordinates"":[]}"
20030128,2003-01-28,0.0,"{""type"":""MultiPoint"",""coordinates"":[]}"
20030129,2003-01-29,0.0,"{""type"":""MultiPoint"",""coordinates"":[]}"
20030130,2003-01-30,0.0,"{""type"":""MultiPoint"",""coordinates"":[]}"
20030131,2003-01-31,0.0,"{""type"":""MultiPoint"",""coordinates"":[]}"
20030201,2003-02-01,0.0,"{""type"":""MultiPoint"",""coordinates"":[]}"
20030202,2003-02-02,0.0,"{""type"":""MultiPoint"",""coordinates"":[]}"
20030203,2003-02-03,0.0,"{""type"":""MultiPoint"",""coordinates"":[]}"
20030204,2003-02-04,0.0,"{""type"":""MultiPoint"",""coordinates"":[]}"
20030205,2003-02-05,0.0,"{""type"":""MultiPoint"",""coordinates"":[]}"
20030206,2003-02-06,0.0,"{""type"":""MultiPoint"",""coordinates"":[]}"
20030207,2003-02-07,0.0,"{""type"":""MultiPoint"",""coordinates"":[]}"
20030208,2003-02-08,0.0,"{""type"":""MultiPoint"",""coordinates"":[]}"
20030209,2003-02-09,0.0,"{""type"":""MultiPoint"",""coordinates"":[]}"
20030210,2003-02-10,0.0,"{""type"":""MultiPoint"",""coordinates"":[]}"
20030211,2003-02-11,0.0,"{""type"":""MultiPoint"",""coordinates"":[]}"
20030212,2003-02-12,0.0,"{""type"":""MultiPoint"",""coordinates"":[]}"
20030213,2003-02-13,0.0,"{""type"":""MultiPoint"",""coordinates"":[]}"
20030214,2003-02-14,0.0,"{""type"":""MultiPoint"",""coordinates"":[]}"
20030215,2003-02-15,0.0,"{""type"":""MultiPoint"",""coordinates"":[]}"
20030216,2003-02-16,0.0,"{""type"":""MultiPoint"",""coordinates"":[]}"
20030217,2003-02-17,0.0,"{""type"":""MultiPoint"",""coordinates"":[]}"
20030218,2003-02-18,0.0,"{""type"":""MultiPoint"",""coordinates"":[]}"
20030219,2003-02-19,0.0,"{""type"":""MultiPoint"",""coordinates"":[]}"
20030220,2003-02-20,0.0,"{""type"":""MultiPoint"",""coordinates"":[]}"
20030221,2003-02-21,0.0,"{""type"":""MultiPoint"",""coordinates"":[]}"
20030222,2003-02-22,0.0,"{""type"":""MultiPoint"",""coordinates"":[]}"
20030223,2003-02-23,0.0,"{""type"":""MultiPoint"",""coordinates"":[]}"
20030224,2003-02-24,0.0,"{""type"":""MultiPoint"",""coordinates"":[]}"
20030225,2003-02-25,0.0,"{""type"":""MultiPoint"",""coordinates"":[]}"
20030226,2003-02-26,0.0,"{""type"":""MultiPoint"",""coordinates"":[]}"
20030227,2003-02-27,0.0,"{""type"":""MultiPoint"",""coordinates"":[]}"
20030228,2003-02-28,0.0,"{""type"":""MultiPoint"",""coordinates"":[]}"
20030301,2003-03-01,0.0,"{""type"":""MultiPoint"",""coordinates"":[]}"
20030302,2003-03-02,0.0,"{""type"":""MultiPoint"",""coordinates"":[]}"
20030303,2003-03-03,0.0,"{""type"":""MultiPoint"",""coordinates"":[]}"
20030304,2003-03-04,0.0,"{""type"":""MultiPoint"",""coordinates"":[]}"
20030305,2003-03-05,0.0,"{""type"":""MultiPoint"",""coordinates"":[]}"
20030306,2003-03-06,0.0,"{""type"":""MultiPoint"",""coordinates"":[]}"
20030307,2003-03-07,0.0,"{""type"":""MultiPoint"",""coordinates"":[]}"
20030308,2003-03-08,0.0,"{""type"":""MultiPoint"",""coordinates"":[]}"
20030309,2003-03-09,0.0,"{""type"":""MultiPoint"",""coordinates"":[]}"
20030310,2003-03-10,0.0,"{""type"":""MultiPoint"",""coordinates"":[]}"
20030311,2003-03-11,0.0,"{""type"":""MultiPoint"",""coordinates"":[]}"
20030312,2003-03-12,0.0,"{""type"":""MultiPoint"",""coordinates"":[]}"
20030313,2003-03-13,0.0,"{""type"":""MultiPoint"",""coordinates"":[]}"
20030314,2003-03-14,0.0,"{""type"":""MultiPoint"",""coordinates"":[]}"
20030315,2003-03-15,0.0073740517238753646,"{""type"":""MultiPoint"",""coordinates"":[]}"
20030316,2003-03-16,0.014046712377777791,"{""type"":""MultiPoint"",""coordinates"":[]}"
20030317,2003-03-17,0.4092586731387781,"{""type"":""MultiPoint"",""coordinates"":[]}"
20030318,2003-03-18,0.15597292010230018,"{""type"":""MultiPoint"",""coordinates"":[]}"
20030319,2003-03-19,0.0,"{""type"":""MultiPoint"",""coordinates"":[]}"
20030320,2003-03-20,1.500978291248207,"{""type"":""MultiPoint"",""coordinates"":[]}"
20030321,2003-03-21,0.0,"{""type"":""MultiPoint"",""coordinates"":[]}"
20030322,2003-03-22,0.0,"{""type"":""MultiPoint"",""coordinates"":[]}"
20030323,2003-03-23,0.0,"{""type"":""MultiPoint"",""coordinates"":[]}"
20030324,2003-03-24,0.0,"{""type"":""MultiPoint"",""coordinates"":[]}"
20030325,2003-03-25,0.0,"{""type"":""MultiPoint"",""coordinates"":[]}"
20030326,2003-03-26,0.0,"{""type"":""MultiPoint"",""coordinates"":[]}"
20030327,2003-03-27,0.0,"{""type"":""MultiPoint"",""coordinates"":[]}"
20030328,2003-03-28,0.0,"{""type"":""MultiPoint"",""coordinates"":[]}"
20030329,2003-03-29,0.0,"{""type"":""MultiPoint"",""coordinates"":[]}"
20030330,2003-03-30,0.0,"{""type"":""MultiPoint"",""coordinates"":[]}"
20030331,2003-03-31,0.0,"{""type"":""MultiPoint"",""coordinates"":[]}"
20030401,2003-04-01,0.0,"{""type"":""MultiPoint"",""coordinates"":[]}"
20030402,2003-04-02,0.012077432281884348,"{""type"":""MultiPoint"",""coordinates"":[]}"
20030403,2003-04-03,0.0,"{""type"":""MultiPoint"",""coordinates"":[]}"
20030404,2003-04-04,0.012551511826835398,"{""type"":""MultiPoint"",""coordinates"":[]}"
20030405,2003-04-05,0.718652322850513,"{""type"":""MultiPoint"",""coordinates"":[]}"
20030406,2003-04-06,0.0,"{""type"":""MultiPoint"",""coordinates"":[]}"
20030407,2003-04-07,0.0,"{""type"":""MultiPoint"",""coordinates"":[]}"
20030408,2003-04-08,0.0,"{""type"":""MultiPoint"",""coordinates"":[]}"
20030409,2003-04-09,0.0,"{""type"":""MultiPoint"",""coordinates"":[]}"
20030410,2003-04-10,1.1868365475909293,"{""type"":""MultiPoint"",""coordinates"":[]}"
20030411,2003-04-11,1.0054956526752974,"{""type"":""MultiPoint"",""coordinates"":[]}"
20030412,2003-04-12,1.7353199999512046,"{""type"":""MultiPoint"",""coordinates"":[]}"
20030413,2003-04-13,0.9528995155454966,"{""type"":""MultiPoint"",""coordinates"":[]}"
20030414,2003-04-14,0.006022381008732397,"{""type"":""MultiPoint"",""coordinates"":[]}"
20030415,2003-04-15,0.12461856258312756,"{""type"":""MultiPoint"",""coordinates"":[]}"
20030416,2003-04-16,0.0,"{""type"":""MultiPoint"",""coordinates"":[]}"
20030417,2003-04-17,0.0,"{""type"":""MultiPoint"",""coordinates"":[]}"
20030418,2003-04-18,0.018345658271962783,"{""type"":""MultiPoint"",""coordinates"":[]}"
20030419,2003-04-19,3.8411017231579048,"{""type"":""MultiPoint"",""coordinates"":[]}"
20030420,2003-04-20,0.07577607433653323,"{""type"":""MultiPoint"",""coordinates"":[]}"
20030421,2003-04-21,0.0,"{""type"":""MultiPoint"",""coordinates"":[]}"
20030422,2003-04-22,0.0,"{""type"":""MultiPoint"",""coordinates"":[]}"
20030423,2003-04-23,0.0,"{""type"":""MultiPoint"",""coordinates"":[]}"
20030424,2003-04-24,0.001560430780462249,"{""type"":""MultiPoint"",""coordinates"":[]}"
20030425,2003-04-25,0.0,"{""type"":""MultiPoint"",""coordinates"":[]}"
20030426,2003-04-26,0.0,"{""type"":""MultiPoint"",""coordinates"":[]}"
20030427,2003-04-27,0.0,"{""type"":""MultiPoint"",""coordinates"":[]}"
20030428,2003-04-28,0.0023814111629241125,"{""type"":""MultiPoint"",""coordinates"":[]}"
20030429,2003-04-29,0.01725179672278037,"{""type"":""MultiPoint"",""coordinates"":[]}"
20030430,2003-04-30,0.0,"{""type"":""MultiPoint"",""coordinates"":[]}"
20030501,2003-05-01,0.0,"{""type"":""MultiPoint"",""coordinates"":[]}"
20030502,2003-05-02,0.0,"{""type"":""MultiPoint"",""coordinates"":[]}"
20030503,2003-05-03,0.0,"{""type"":""MultiPoint"",""coordinates"":[]}"
20030504,2003-05-04,0.0,"{""type"":""MultiPoint"",""coordinates"":[]}"
20030505,2003-05-05,0.6053392352922342,"{""type"":""MultiPoint"",""coordinates"":[]}"
20030506,2003-05-06,0.0901082371765018,"{""type"":""MultiPoint"",""coordinates"":[]}"
20030507,2003-05-07,0.6608776913585179,"{""type"":""MultiPoint"",""coordinates"":[]}"
20030508,2003-05-08,0.0053315642405077366,"{""type"":""MultiPoint"",""coordinates"":[]}"
20030509,2003-05-09,0.11439679220348142,"{""type"":""MultiPoint"",""coordinates"":[]}"
20030510,2003-05-10,1.5730349310932095,"{""type"":""MultiPoint"",""coordinates"":[]}"
20030511,2003-05-11,2.2546422248306106,"{""type"":""MultiPoint"",""coordinates"":[]}"
20030512,2003-05-12,3.204504871464155,"{""type"":""MultiPoint"",""coordinates"":[]}"
20030513,2003-05-13,3.877335836338013,"{""type"":""MultiPoint"",""coordinates"":[]}"
20030514,2003-05-14,4.727941847881418,"{""type"":""MultiPoint"",""coordinates"":[]}"
20030515,2003-05-15,0.590357136616823,"{""type"":""MultiPoint"",""coordinates"":[]}"
20030516,2003-05-16,3.853308438380151,"{""type"":""MultiPoint"",""coordinates"":[]}"
20030517,2003-05-17,2.2870830937039885,"{""type"":""MultiPoint"",""coordinates"":[]}"
20030518,2003-05-18,0.0,"{""type"":""MultiPoint"",""coordinates"":[]}"
20030519,2003-05-19,0.0,"{""type"":""MultiPoint"",""coordinates"":[]}"
20030520,2003-05-20,0.0,"{""type"":""MultiPoint"",""coordinates"":[]}"
20030521,2003-05-21,0.0,"{""type"":""MultiPoint"",""coordinates"":[]}"
20030522,2003-05-22,0.0,"{""type"":""MultiPoint"",""coordinates"":[]}"
20030523,2003-05-23,0.0,"{""type"":""MultiPoint"",""coordinates"":[]}"
20030524,2003-05-24,0.00726612490033737,"{""type"":""MultiPoint"",""coordinates"":[]}"
20030525,2003-05-25,0.004250593708717543,"{""type"":""MultiPoint"",""coordinates"":[]}"
20030526,2003-05-26,3.5324516714542185,"{""type"":""MultiPoint"",""coordinates"":[]}"
20030527,2003-05-27,0.0,"{""type"":""MultiPoint"",""coordinates"":[]}"
20030528,2003-05-28,0.0,"{""type"":""MultiPoint"",""coordinates"":[]}"
20030529,2003-05-29,0.0,"{""type"":""MultiPoint"",""coordinates"":[]}"
20030530,2003-05-30,0.0,"{""type"":""MultiPoint"",""coordinates"":[]}"
20030531,2003-05-31,0.0020734623554991443,"{""type"":""MultiPoint"",""coordinates"":[]}"
20030601,2003-06-01,0.0034467137154038825,"{""type"":""MultiPoint"",""coordinates"":[]}"
20030602,2003-06-02,0.0,"{""type"":""MultiPoint"",""coordinates"":[]}"
20030603,2003-06-03,0.0,"{""type"":""MultiPoint"",""coordinates"":[]}"
20030604,2003-06-04,0.009883342264480847,"{""type"":""MultiPoint"",""coordinates"":[]}"
20030605,2003-06-05,0.0,"{""type"":""MultiPoint"",""coordinates"":[]}"
20030606,2003-06-06,0.0,"{""type"":""MultiPoint"",""coordinates"":[]}"
20030607,2003-06-07,1.3989615028243407,"{""type"":""MultiPoint"",""coordinates"":[]}"
20030608,2003-06-08,1.1229180130603376,"{""type"":""MultiPoint"",""coordinates"":[]}"
20030609,2003-06-09,0.508978638343518,"{""type"":""MultiPoint"",""coordinates"":[]}"
20030610,2003-06-10,0.9478220593603844,"{""type"":""MultiPoint"",""coordinates"":[]}"
20030611,2003-06-11,1.1709543863415197,"{""type"":""MultiPoint"",""coordinates"":[]}"
20030612,2003-06-12,2.80996762942673,"{""type"":""MultiPoint"",""coordinates"":[]}"
20030613,2003-06-13,5.79890887986538,"{""type"":""MultiPoint"",""coordinates"":[]}"
20030614,2003-06-14,4.358729445146227,"{""type"":""MultiPoint"",""coordinates"":[]}"
20030615,2003-06-15,2.2456238137203575,"{""type"":""MultiPoint"",""coordinates"":[]}"
20030616,2003-06-16,0.0,"{""type"":""MultiPoint"",""coordinates"":[]}"
20030617,2003-06-17,0.0,"{""type"":""MultiPoint"",""coordinates"":[]}"
20030618,2003-06-18,2.1232751219694816,"{""type"":""MultiPoint"",""coordinates"":[]}"
20030619,2003-06-19,2.7262580842383866,"{""type"":""MultiPoint"",""coordinates"":[]}"
20030620,2003-06-20,0.9971851988350071,"{""type"":""MultiPoint"",""coordinates"":[]}"
20030621,2003-06-21,5.656491465214468,"{""type"":""MultiPoint"",""coordinates"":[]}"
20030622,2003-06-22,0.05666318069384652,"{""type"":""MultiPoint"",""coordinates"":[]}"
20030623,2003-06-23,0.051099395010836574,"{""type"":""MultiPoint"",""coordinates"":[]}"
20030624,2003-06-24,2.8177558356294976,"{""type"":""MultiPoint"",""coordinates"":[]}"
20030625,2003-06-25,1.069534012399208,"{""type"":""MultiPoint"",""coordinates"":[]}"
20030626,2003-06-26,4.4811225223040445,"{""type"":""MultiPoint"",""coordinates"":[]}"
20030627,2003-06-27,1.7978185525505588,"{""type"":""MultiPoint"",""coordinates"":[]}"
20030628,2003-06-28,3.957381951346307,"{""type"":""MultiPoint"",""coordinates"":[]}"
20030629,2003-06-29,13.359681617774973,"{""type"":""MultiPoint"",""coordinates"":[]}"
20030630,2003-06-30,3.7778132267263818,"{""type"":""MultiPoint"",""coordinates"":[]}"
20030701,2003-07-01,1.0971507509518774,"{""type"":""MultiPoint"",""coordinates"":[]}"
20030702,2003-07-02,0.7642631026240866,"{""type"":""MultiPoint"",""coordinates"":[]}"
20030703,2003-07-03,4.66168353366968,"{""type"":""MultiPoint"",""coordinates"":[]}"
20030704,2003-07-04,0.8331428627491496,"{""type"":""MultiPoint"",""coordinates"":[]}"
20030705,2003-07-05,2.7675075518844183,"{""type"":""MultiPoint"",""coordinates"":[]}"
20030706,2003-07-06,3.757460234293347,"{""type"":""MultiPoint"",""coordinates"":[]}"
20030707,2003-07-07,0.0,"{""type"":""MultiPoint"",""coordinates"":[]}"
20030708,2003-07-08,0.37481677317686524,"{""type"":""MultiPoint"",""coordinates"":[]}"
20030709,2003-07-09,11.558154659924531,"{""type"":""MultiPoint"",""coordinates"":[]}"
20030710,2003-07-10,11.992919584771002,"{""type"":""MultiPoint"",""coordinates"":[]}"
20030711,2003-07-11,7.586297082837019,"{""type"":""MultiPoint"",""coordinates"":[]}"
20030712,2003-07-12,4.073289298213956,"{""type"":""MultiPoint"",""coordinates"":[]}"
20030713,2003-07-13,3.911970008212719,"{""type"":""MultiPoint"",""coordinates"":[]}"
20030714,2003-07-14,4.522447348142739,"{""type"":""MultiPoint"",""coordinates"":[]}"
20030715,2003-07-15,14.486125450209403,"{""type"":""MultiPoint"",""coordinates"":[]}"
20030716,2003-07-16,6.351816149621863,"{""type"":""MultiPoint"",""coordinates"":[]}"
20030717,2003-07-17,0.9036971023360124,"{""type"":""MultiPoint"",""coordinates"":[]}"
20030718,2003-07-18,4.80534997833932,"{""type"":""MultiPoint"",""coordinates"":[]}"
20030719,2003-07-19,5.16778883246578,"{""type"":""MultiPoint"",""coordinates"":[]}"
20030720,2003-07-20,0.38629964126207317,"{""type"":""MultiPoint"",""coordinates"":[]}"
20030721,2003-07-21,2.114307763600261,"{""type"":""MultiPoint"",""coordinates"":[]}"
20030722,2003-07-22,2.845201117898404,"{""type"":""MultiPoint"",""coordinates"":[]}"
20030723,2003-07-23,3.52804597137462,"{""type"":""MultiPoint"",""coordinates"":[]}"
20030724,2003-07-24,3.248983139926073,"{""type"":""MultiPoint"",""coordinates"":[]}"
20030725,2003-07-25,4.182179280884568,"{""type"":""MultiPoint"",""coordinates"":[]}"
20030726,2003-07-26,7.534236434460998,"{""type"":""MultiPoint"",""coordinates"":[]}"
20030727,2003-07-27,0.4293829040718009,"{""type"":""MultiPoint"",""coordinates"":[]}"
20030728,2003-07-28,0.1882842508656604,"{""type"":""MultiPoint"",""coordinates"":[]}"
20030729,2003-07-29,1.1044508020963093,"{""type"":""MultiPoint"",""coordinates"":[]}"
20030730,2003-07-30,0.766682132232851,"{""type"":""MultiPoint"",""coordinates"":[]}"
20030731,2003-07-31,3.1044526260283614,"{""type"":""MultiPoint"",""coordinates"":[]}"
20030801,2003-08-01,3.2269460961943626,"{""type"":""MultiPoint"",""coordinates"":[]}"
20030802,2003-08-02,0.6971168127088293,"{""type"":""MultiPoint"",""coordinates"":[]}"
20030803,2003-08-03,2.011259002829536,"{""type"":""MultiPoint"",""coordinates"":[]}"
20030804,2003-08-04,4.032261573698925,"{""type"":""MultiPoint"",""coordinates"":[]}"
20030805,2003-08-05,2.894694774135289,"{""type"":""MultiPoint"",""coordinates"":[]}"
20030806,2003-08-06,0.24215353482311913,"{""type"":""MultiPoint"",""coordinates"":[]}"
20030807,2003-08-07,1.7036971837317858,"{""type"":""MultiPoint"",""coordinates"":[]}"
20030808,2003-08-08,2.733686850453664,"{""type"":""MultiPoint"",""coordinates"":[]}"
20030809,2003-08-09,2.980096544810473,"{""type"":""MultiPoint"",""coordinates"":[]}"
20030810,2003-08-10,1.272189611467417,"{""type"":""MultiPoint"",""coordinates"":[]}"
20030811,2003-08-11,0.11364439802104988,"{""type"":""MultiPoint"",""coordinates"":[]}"
20030812,2003-08-12,2.7754837080217745,"{""type"":""MultiPoint"",""coordinates"":[]}"
20030813,2003-08-13,1.0571759868078758,"{""type"":""MultiPoint"",""coordinates"":[]}"
20030814,2003-08-14,8.147834801050616,"{""type"":""MultiPoint"",""coordinates"":[]}"
20030815,2003-08-15,1.2687066190808138,"{""type"":""MultiPoint"",""coordinates"":[]}"
20030816,2003-08-16,2.3959802581384095,"{""type"":""MultiPoint"",""coordinates"":[]}"
20030817,2003-08-17,0.09822815836049022,"{""type"":""MultiPoint"",""coordinates"":[]}"
20030818,2003-08-18,0.0,"{""type"":""MultiPoint"",""coordinates"":[]}"
20030819,2003-08-19,4.136260130660721,"{""type"":""MultiPoint"",""coordinates"":[]}"
20030820,2003-08-20,5.780741976865837,"{""type"":""MultiPoint"",""coordinates"":[]}"
20030821,2003-08-21,5.082307954801577,"{""type"":""MultiPoint"",""coordinates"":[]}"
20030822,2003-08-22,11.457450551191634,"{""type"":""MultiPoint"",""coordinates"":[]}"
20030823,2003-08-23,5.660446475067435,"{""type"":""MultiPoint"",""coordinates"":[]}"
20030824,2003-08-24,0.5916883271426479,"{""type"":""MultiPoint"",""coordinates"":[]}"
20030825,2003-08-25,1.9852182397024152,"{""type"":""MultiPoint"",""coordinates"":[]}"
20030826,2003-08-26,2.2959961357791348,"{""type"":""MultiPoint"",""coordinates"":[]}"
20030827,2003-08-27,0.0,"{""type"":""MultiPoint"",""coordinates"":[]}"
20030828,2003-08-28,3.112860040231604,"{""type"":""MultiPoint"",""coordinates"":[]}"
20030829,2003-08-29,1.836714415826976,"{""type"":""MultiPoint"",""coordinates"":[]}"
20030830,2003-08-30,5.503717796052289,"{""type"":""MultiPoint"",""coordinates"":[]}"
20030831,2003-08-31,6.690564379092005,"{""type"":""MultiPoint"",""coordinates"":[]}"
20030901,2003-09-01,3.5643481083872266,"{""type"":""MultiPoint"",""coordinates"":[]}"
20030902,2003-09-02,1.3765252061850797,"{""type"":""MultiPoint"",""coordinates"":[]}"
20030903,2003-09-03,0.20092972721810298,"{""type"":""MultiPoint"",""coordinates"":[]}"
20030904,2003-09-04,2.474740731482774,"{""type"":""MultiPoint"",""coordinates"":[]}"
20030905,2003-09-05,3.7181014668929078,"{""type"":""MultiPoint"",""coordinates"":[]}"
20030906,2003-09-06,6.168496058030208,"{""type"":""MultiPoint"",""coordinates"":[]}"
20030907,2003-09-07,1.2900193620971876,"{""type"":""MultiPoint"",""coordinates"":[]}"
20030908,2003-09-08,0.0,"{""type"":""MultiPoint"",""coordinates"":[]}"
20030909,2003-09-09,0.0,"{""type"":""MultiPoint"",""coordinates"":[]}"
20030910,2003-09-10,7.255423394447084E-4,"{""type"":""MultiPoint"",""coordinates"":[]}"
20030911,2003-09-11,0.0,"{""type"":""MultiPoint"",""coordinates"":[]}"
20030912,2003-09-12,0.0,"{""type"":""MultiPoint"",""coordinates"":[]}"
20030913,2003-09-13,1.0993967453936386,"{""type"":""MultiPoint"",""coordinates"":[]}"
20030914,2003-09-14,0.46488456204438644,"{""type"":""MultiPoint"",""coordinates"":[]}"
20030915,2003-09-15,0.08133178215006236,"{""type"":""MultiPoint"",""coordinates"":[]}"
20030916,2003-09-16,0.02365010268035375,"{""type"":""MultiPoint"",""coordinates"":[]}"
20030917,2003-09-17,6.362371033355753,"{""type"":""MultiPoint"",""coordinates"":[]}"
20030918,2003-09-18,4.154732053097683,"{""type"":""MultiPoint"",""coordinates"":[]}"
20030919,2003-09-19,4.3722392218009,"{""type"":""MultiPoint"",""coordinates"":[]}"
20030920,2003-09-20,1.678444520221206,"{""type"":""MultiPoint"",""coordinates"":[]}"
20030921,2003-09-21,0.007268680118338806,"{""type"":""MultiPoint"",""coordinates"":[]}"
20030922,2003-09-22,5.510713174945488,"{""type"":""MultiPoint"",""coordinates"":[]}"
20030923,2003-09-23,3.022685888659914,"{""type"":""MultiPoint"",""coordinates"":[]}"
20030924,2003-09-24,2.3043502251139922,"{""type"":""MultiPoint"",""coordinates"":[]}"
20030925,2003-09-25,0.6820801835421564,"{""type"":""MultiPoint"",""coordinates"":[]}"
20030926,2003-09-26,15.627421510170326,"{""type"":""MultiPoint"",""coordinates"":[]}"
20030927,2003-09-27,4.652985200374867,"{""type"":""MultiPoint"",""coordinates"":[]}"
20030928,2003-09-28,6.364010232481005,"{""type"":""MultiPoint"",""coordinates"":[]}"
20030929,2003-09-29,2.99149172799617,"{""type"":""MultiPoint"",""coordinates"":[]}"
20030930,2003-09-30,0.06337302686275377,"{""type"":""MultiPoint"",""coordinates"":[]}"
20031001,2003-10-01,0.22389599721523892,"{""type"":""MultiPoint"",""coordinates"":[]}"
20031002,2003-10-02,0.2758889253652202,"{""type"":""MultiPoint"",""coordinates"":[]}"
20031003,2003-10-03,2.0571163308423905,"{""type"":""MultiPoint"",""coordinates"":[]}"
20031004,2003-10-04,2.5192636479538564,"{""type"":""MultiPoint"",""coordinates"":[]}"
20031005,2003-10-05,12.75112069179622,"{""type"":""MultiPoint"",""coordinates"":[]}"
20031006,2003-10-06,14.598925920491531,"{""type"":""MultiPoint"",""coordinates"":[]}"
20031007,2003-10-07,1.942970419158373,"{""type"":""MultiPoint"",""coordinates"":[]}"
20031008,2003-10-08,8.323206801244538,"{""type"":""MultiPoint"",""coordinates"":[]}"
20031009,2003-10-09,0.0,"{""type"":""MultiPoint"",""coordinates"":[]}"
20031010,2003-10-10,0.0,"{""type"":""MultiPoint"",""coordinates"":[]}"
20031011,2003-10-11,0.0,"{""type"":""MultiPoint"",""coordinates"":[]}"
20031012,2003-10-12,0.44130920581101,"{""type"":""MultiPoint"",""coordinates"":[]}"
20031013,2003-10-13,10.366563721894801,"{""type"":""MultiPoint"",""coordinates"":[]}"
20031014,2003-10-14,0.0,"{""type"":""MultiPoint"",""coordinates"":[]}"
20031015,2003-10-15,0.0,"{""type"":""MultiPoint"",""coordinates"":[]}"
20031016,2003-10-16,0.048929774154036765,"{""type"":""MultiPoint"",""coordinates"":[]}"
20031017,2003-10-17,3.1537777822036173,"{""type"":""MultiPoint"",""coordinates"":[]}"
20031018,2003-10-18,4.216707993061905,"{""type"":""MultiPoint"",""coordinates"":[]}"
20031019,2003-10-19,15.504971675907418,"{""type"":""MultiPoint"",""coordinates"":[]}"
20031020,2003-10-20,36.43373405286264,"{""type"":""MultiPoint"",""coordinates"":[]}"
20031021,2003-10-21,13.316370178558806,"{""type"":""MultiPoint"",""coordinates"":[]}"
20031022,2003-10-22,23.48465285155195,"{""type"":""MultiPoint"",""coordinates"":[]}"
20031023,2003-10-23,10.860972501383051,"{""type"":""MultiPoint"",""coordinates"":[]}"
20031024,2003-10-24,0.0,"{""type"":""MultiPoint"",""coordinates"":[]}"
20031025,2003-10-25,0.0,"{""type"":""MultiPoint"",""coordinates"":[]}"
20031026,2003-10-26,0.0,"{""type"":""MultiPoint"",""coordinates"":[]}"
20031027,2003-10-27,0.0,"{""type"":""MultiPoint"",""coordinates"":[]}"
20031028,2003-10-28,0.0,"{""type"":""MultiPoint"",""coordinates"":[]}"
20031029,2003-10-29,0.0,"{""type"":""MultiPoint"",""coordinates"":[]}"
20031030,2003-10-30,0.2725414402692867,"{""type"":""MultiPoint"",""coordinates"":[]}"
20031031,2003-10-31,0.1628123544553866,"{""type"":""MultiPoint"",""coordinates"":[]}"
20031101,2003-11-01,0.06660099590119743,"{""type"":""MultiPoint"",""coordinates"":[]}"
20031102,2003-11-02,0.0,"{""type"":""MultiPoint"",""coordinates"":[]}"
20031103,2003-11-03,0.0,"{""type"":""MultiPoint"",""coordinates"":[]}"
20031104,2003-11-04,0.0,"{""type"":""MultiPoint"",""coordinates"":[]}"
20031105,2003-11-05,0.5904010378523132,"{""type"":""MultiPoint"",""coordinates"":[]}"
20031106,2003-11-06,0.027442506902921333,"{""type"":""MultiPoint"",""coordinates"":[]}"
20031107,2003-11-07,0.3289213806928188,"{""type"":""MultiPoint"",""coordinates"":[]}"
20031108,2003-11-08,0.38714334868176886,"{""type"":""MultiPoint"",""coordinates"":[]}"
20031109,2003-11-09,9.145332619249674,"{""type"":""MultiPoint"",""coordinates"":[]}"
20031110,2003-11-10,0.0,"{""type"":""MultiPoint"",""coordinates"":[]}"
20031111,2003-11-11,0.0,"{""type"":""MultiPoint"",""coordinates"":[]}"
20031112,2003-11-12,0.0,"{""type"":""MultiPoint"",""coordinates"":[]}"
20031113,2003-11-13,0.21346736070837913,"{""type"":""MultiPoint"",""coordinates"":[]}"
20031114,2003-11-14,1.1578678070764659,"{""type"":""MultiPoint"",""coordinates"":[]}"
20031115,2003-11-15,0.0,"{""type"":""MultiPoint"",""coordinates"":[]}"
20031116,2003-11-16,0.010567934859161255,"{""type"":""MultiPoint"",""coordinates"":[]}"
20031117,2003-11-17,0.0,"{""type"":""MultiPoint"",""coordinates"":[]}"
20031118,2003-11-18,0.0,"{""type"":""MultiPoint"",""coordinates"":[]}"
20031119,2003-11-19,0.0,"{""type"":""MultiPoint"",""coordinates"":[]}"
20031120,2003-11-20,0.6041845618378092,"{""type"":""MultiPoint"",""coordinates"":[]}"
20031121,2003-11-21,0.5028539353191805,"{""type"":""MultiPoint"",""coordinates"":[]}"
20031122,2003-11-22,0.6862684653745028,"{""type"":""MultiPoint"",""coordinates"":[]}"
20031123,2003-11-23,0.0,"{""type"":""MultiPoint"",""coordinates"":[]}"
20031124,2003-11-24,0.0,"{""type"":""MultiPoint"",""coordinates"":[]}"
20031125,2003-11-25,0.0,"{""type"":""MultiPoint"",""coordinates"":[]}"
20031126,2003-11-26,0.0,"{""type"":""MultiPoint"",""coordinates"":[]}"
20031127,2003-11-27,0.0,"{""type"":""MultiPoint"",""coordinates"":[]}"
20031128,2003-11-28,8.490321533533672,"{""type"":""MultiPoint"",""coordinates"":[]}"
20031129,2003-11-29,1.8421210652875892,"{""type"":""MultiPoint"",""coordinates"":[]}"
20031130,2003-11-30,0.04108342705681808,"{""type"":""MultiPoint"",""coordinates"":[]}"
20031201,2003-12-01,0.0,"{""type"":""MultiPoint"",""coordinates"":[]}"
20031202,2003-12-02,0.0,"{""type"":""MultiPoint"",""coordinates"":[]}"
20031203,2003-12-03,0.0,"{""type"":""MultiPoint"",""coordinates"":[]}"
20031204,2003-12-04,0.0,"{""type"":""MultiPoint"",""coordinates"":[]}"
20031205,2003-12-05,0.0,"{""type"":""MultiPoint"",""coordinates"":[]}"
20031206,2003-12-06,0.0,"{""type"":""MultiPoint"",""coordinates"":[]}"
20031207,2003-12-07,0.0,"{""type"":""MultiPoint"",""coordinates"":[]}"
20031208,2003-12-08,0.0,"{""type"":""MultiPoint"",""coordinates"":[]}"
20031209,2003-12-09,0.0,"{""type"":""MultiPoint"",""coordinates"":[]}"
20031210,2003-12-10,0.0,"{""type"":""MultiPoint"",""coordinates"":[]}"
20031211,2003-12-11,0.0,"{""type"":""MultiPoint"",""coordinates"":[]}"
20031212,2003-12-12,0.3129813379554043,"{""type"":""MultiPoint"",""coordinates"":[]}"
20031213,2003-12-13,0.04502392522238367,"{""type"":""MultiPoint"",""coordinates"":[]}"
20031214,2003-12-14,8.080974552579548,"{""type"":""MultiPoint"",""coordinates"":[]}"
20031215,2003-12-15,9.007003035769802,"{""type"":""MultiPoint"",""coordinates"":[]}"
20031216,2003-12-16,0.0,"{""type"":""MultiPoint"",""coordinates"":[]}"
20031217,2003-12-17,0.0,"{""type"":""MultiPoint"",""coordinates"":[]}"
20031218,2003-12-18,0.0,"{""type"":""MultiPoint"",""coordinates"":[]}"
20031219,2003-12-19,0.0,"{""type"":""MultiPoint"",""coordinates"":[]}"
20031220,2003-12-20,0.0,"{""type"":""MultiPoint"",""coordinates"":[]}"
20031221,2003-12-21,0.0,"{""type"":""MultiPoint"",""coordinates"":[]}"
20031222,2003-12-22,0.0,"{""type"":""MultiPoint"",""coordinates"":[]}"
20031223,2003-12-23,0.0,"{""type"":""MultiPoint"",""coordinates"":[]}"
20031224,2003-12-24,0.0,"{""type"":""MultiPoint"",""coordinates"":[]}"
20031225,2003-12-25,0.0,"{""type"":""MultiPoint"",""coordinates"":[]}"
20031226,2003-12-26,0.0,"{""type"":""MultiPoint"",""coordinates"":[]}"
20031227,2003-12-27,0.0,"{""type"":""MultiPoint"",""coordinates"":[]}"
20031228,2003-12-28,0.0,"{""type"":""MultiPoint"",""coordinates"":[]}"
20031229,2003-12-29,0.0,"{""type"":""MultiPoint"",""coordinates"":[]}"
20031230,2003-12-30,0.0,"{""type"":""MultiPoint"",""coordinates"":[]}"
20031231,2003-12-31,0.0,"{""type"":""MultiPoint"",""coordinates"":[]}"
20040101,2004-01-01,0.0,"{""type"":""MultiPoint"",""coordinates"":[]}"
20040102,2004-01-02,0.058142967701381755,"{""type"":""MultiPoint"",""coordinates"":[]}"
20040103,2004-01-03,0.01732633696903468,"{""type"":""MultiPoint"",""coordinates"":[]}"
20040104,2004-01-04,0.0,"{""type"":""MultiPoint"",""coordinates"":[]}"
20040105,2004-01-05,0.0032612413597202686,"{""type"":""MultiPoint"",""coordinates"":[]}"
20040106,2004-01-06,0.005661691604592458,"{""type"":""MultiPoint"",""coordinates"":[]}"
20040107,2004-01-07,0.0,"{""type"":""MultiPoint"",""coordinates"":[]}"
20040108,2004-01-08,0.0,"{""type"":""MultiPoint"",""coordinates"":[]}"
20040109,2004-01-09,0.0,"{""type"":""MultiPoint"",""coordinates"":[]}"
20040110,2004-01-10,0.0,"{""type"":""MultiPoint"",""coordinates"":[]}"
20040111,2004-01-11,0.0,"{""type"":""MultiPoint"",""coordinates"":[]}"
20040112,2004-01-12,0.0,"{""type"":""MultiPoint"",""coordinates"":[]}"
20040113,2004-01-13,0.0,"{""type"":""MultiPoint"",""coordinates"":[]}"
20040114,2004-01-14,0.0,"{""type"":""MultiPoint"",""coordinates"":[]}"
20040115,2004-01-15,0.0,"{""type"":""MultiPoint"",""coordinates"":[]}"
20040116,2004-01-16,0.0,"{""type"":""MultiPoint"",""coordinates"":[]}"
20040117,2004-01-17,0.0,"{""type"":""MultiPoint"",""coordinates"":[]}"
20040118,2004-01-18,0.0,"{""type"":""MultiPoint"",""coordinates"":[]}"
20040119,2004-01-19,0.0,"{""type"":""MultiPoint"",""coordinates"":[]}"
20040120,2004-01-20,0.0,"{""type"":""MultiPoint"",""coordinates"":[]}"
20040121,2004-01-21,0.0,"{""type"":""MultiPoint"",""coordinates"":[]}"
20040122,2004-01-22,0.0,"{""type"":""MultiPoint"",""coordinates"":[]}"
20040123,2004-01-23,0.0,"{""type"":""MultiPoint"",""coordinates"":[]}"
20040124,2004-01-24,0.4603360918915382,"{""type"":""MultiPoint"",""coordinates"":[]}"
20040125,2004-01-25,0.8396496667444706,"{""type"":""MultiPoint"",""coordinates"":[]}"
20040126,2004-01-26,0.005505183665831679,"{""type"":""MultiPoint"",""coordinates"":[]}"
20040127,2004-01-27,0.15829642848553854,"{""type"":""MultiPoint"",""coordinates"":[]}"
20040128,2004-01-28,0.1871222741954524,"{""type"":""MultiPoint"",""coordinates"":[]}"
20040129,2004-01-29,0.0,"{""type"":""MultiPoint"",""coordinates"":[]}"
20040130,2004-01-30,1.4471157255663247,"{""type"":""MultiPoint"",""coordinates"":[]}"
20040131,2004-01-31,0.004420383627333596,"{""type"":""MultiPoint"",""coordinates"":[]}"
20040201,2004-02-01,1.2034879865577592,"{""type"":""MultiPoint"",""coordinates"":[]}"
20040202,2004-02-02,0.0,"{""type"":""MultiPoint"",""coordinates"":[]}"
20040203,2004-02-03,0.05035369409927279,"{""type"":""MultiPoint"",""coordinates"":[]}"
20040204,2004-02-04,0.0,"{""type"":""MultiPoint"",""coordinates"":[]}"
20040205,2004-02-05,0.0,"{""type"":""MultiPoint"",""coordinates"":[]}"
20040206,2004-02-06,0.0,"{""type"":""MultiPoint"",""coordinates"":[]}"
20040207,2004-02-07,0.0,"{""type"":""MultiPoint"",""coordinates"":[]}"
20040208,2004-02-08,0.0,"{""type"":""MultiPoint"",""coordinates"":[]}"
20040209,2004-02-09,0.0,"{""type"":""MultiPoint"",""coordinates"":[]}"
20040210,2004-02-10,0.0,"{""type"":""MultiPoint"",""coordinates"":[]}"
20040211,2004-02-11,0.0,"{""type"":""MultiPoint"",""coordinates"":[]}"
20040212,2004-02-12,0.0,"{""type"":""MultiPoint"",""coordinates"":[]}"
20040213,2004-02-13,0.0,"{""type"":""MultiPoint"",""coordinates"":[]}"
20040214,2004-02-14,0.0,"{""type"":""MultiPoint"",""coordinates"":[]}"
20040215,2004-02-15,0.0,"{""type"":""MultiPoint"",""coordinates"":[]}"
20040216,2004-02-16,0.0,"{""type"":""MultiPoint"",""coordinates"":[]}"
20040217,2004-02-17,0.0,"{""type"":""MultiPoint"",""coordinates"":[]}"
20040218,2004-02-18,0.0,"{""type"":""MultiPoint"",""coordinates"":[]}"
20040219,2004-02-19,0.0,"{""type"":""MultiPoint"",""coordinates"":[]}"
20040220,2004-02-20,0.0,"{""type"":""MultiPoint"",""coordinates"":[]}"
20040221,2004-02-21,0.0,"{""type"":""MultiPoint"",""coordinates"":[]}"
20040222,2004-02-22,0.0,"{""type"":""MultiPoint"",""coordinates"":[]}"
20040223,2004-02-23,0.0,"{""type"":""MultiPoint"",""coordinates"":[]}"
20040224,2004-02-24,0.0,"{""type"":""MultiPoint"",""coordinates"":[]}"
20040225,2004-02-25,0.0,"{""type"":""MultiPoint"",""coordinates"":[]}"
20040226,2004-02-26,0.0,"{""type"":""MultiPoint"",""coordinates"":[]}"
20040227,2004-02-27,0.0,"{""type"":""MultiPoint"",""coordinates"":[]}"
20040228,2004-02-28,0.0,"{""type"":""MultiPoint"",""coordinates"":[]}"
20040229,2004-02-29,0.0,"{""type"":""MultiPoint"",""coordinates"":[]}"
20040301,2004-03-01,0.0,"{""type"":""MultiPoint"",""coordinates"":[]}"
20040302,2004-03-02,0.0,"{""type"":""MultiPoint"",""coordinates"":[]}"
20040303,2004-03-03,0.0,"{""type"":""MultiPoint"",""coordinates"":[]}"
20040304,2004-03-04,0.0,"{""type"":""MultiPoint"",""coordinates"":[]}"
20040305,2004-03-05,0.0,"{""type"":""MultiPoint"",""coordinates"":[]}"
20040306,2004-03-06,0.0,"{""type"":""MultiPoint"",""coordinates"":[]}"
20040307,2004-03-07,0.0,"{""type"":""MultiPoint"",""coordinates"":[]}"
20040308,2004-03-08,0.0,"{""type"":""MultiPoint"",""coordinates"":[]}"
20040309,2004-03-09,0.0,"{""type"":""MultiPoint"",""coordinates"":[]}"
20040310,2004-03-10,0.0,"{""type"":""MultiPoint"",""coordinates"":[]}"
20040311,2004-03-11,0.0,"{""type"":""MultiPoint"",""coordinates"":[]}"
20040312,2004-03-12,0.0,"{""type"":""MultiPoint"",""coordinates"":[]}"
20040313,2004-03-13,0.0,"{""type"":""MultiPoint"",""coordinates"":[]}"
20040314,2004-03-14,0.0,"{""type"":""MultiPoint"",""coordinates"":[]}"
20040315,2004-03-15,0.0,"{""type"":""MultiPoint"",""coordinates"":[]}"
20040316,2004-03-16,0.0,"{""type"":""MultiPoint"",""coordinates"":[]}"
20040317,2004-03-17,0.0,"{""type"":""MultiPoint"",""coordinates"":[]}"
20040318,2004-03-18,0.0,"{""type"":""MultiPoint"",""coordinates"":[]}"
20040319,2004-03-19,0.0,"{""type"":""MultiPoint"",""coordinates"":[]}"
20040320,2004-03-20,0.0,"{""type"":""MultiPoint"",""coordinates"":[]}"
20040321,2004-03-21,0.0,"{""type"":""MultiPoint"",""coordinates"":[]}"
20040322,2004-03-22,0.0,"{""type"":""MultiPoint"",""coordinates"":[]}"
20040323,2004-03-23,0.0,"{""type"":""MultiPoint"",""coordinates"":[]}"
20040324,2004-03-24,0.0,"{""type"":""MultiPoint"",""coordinates"":[]}"
20040325,2004-03-25,0.0,"{""type"":""MultiPoint"",""coordinates"":[]}"
20040326,2004-03-26,0.0,"{""type"":""MultiPoint"",""coordinates"":[]}"
20040327,2004-03-27,0.0,"{""type"":""MultiPoint"",""coordinates"":[]}"
20040328,2004-03-28,0.0,"{""type"":""MultiPoint"",""coordinates"":[]}"
20040329,2004-03-29,0.0,"{""type"":""MultiPoint"",""coordinates"":[]}"
20040330,2004-03-30,3.987579644374022,"{""type"":""MultiPoint"",""coordinates"":[]}"
20040331,2004-03-31,0.2342704101525233,"{""type"":""MultiPoint"",""coordinates"":[]}"
20040401,2004-04-01,3.668304488950473,"{""type"":""MultiPoint"",""coordinates"":[]}"
20040402,2004-04-02,4.119759795525066,"{""type"":""MultiPoint"",""coordinates"":[]}"
20040403,2004-04-03,0.8796768687096104,"{""type"":""MultiPoint"",""coordinates"":[]}"
20040404,2004-04-04,1.5183642770257404,"{""type"":""MultiPoint"",""coordinates"":[]}"
20040405,2004-04-05,0.6800521759304314,"{""type"":""MultiPoint"",""coordinates"":[]}"
20040406,2004-04-06,4.0179259449385105,"{""type"":""MultiPoint"",""coordinates"":[]}"
20040407,2004-04-07,0.0,"{""type"":""MultiPoint"",""coordinates"":[]}"
20040408,2004-04-08,0.0,"{""type"":""MultiPoint"",""coordinates"":[]}"
20040409,2004-04-09,0.0,"{""type"":""MultiPoint"",""coordinates"":[]}"
20040410,2004-04-10,0.026292942762697107,"{""type"":""MultiPoint"",""coordinates"":[]}"
20040411,2004-04-11,0.0,"{""type"":""MultiPoint"",""coordinates"":[]}"
20040412,2004-04-12,0.0,"{""type"":""MultiPoint"",""coordinates"":[]}"
20040413,2004-04-13,0.0,"{""type"":""MultiPoint"",""coordinates"":[]}"
20040414,2004-04-14,0.0,"{""type"":""MultiPoint"",""coordinates"":[]}"
20040415,2004-04-15,0.8957559377239281,"{""type"":""MultiPoint"",""coordinates"":[]}"
20040416,2004-04-16,7.694438419208732E-5,"{""type"":""MultiPoint"",""coordinates"":[]}"
20040417,2004-04-17,0.0,"{""type"":""MultiPoint"",""coordinates"":[]}"
20040418,2004-04-18,0.0,"{""type"":""MultiPoint"",""coordinates"":[]}"
20040419,2004-04-19,0.0,"{""type"":""MultiPoint"",""coordinates"":[]}"
20040420,2004-04-20,0.3146998050512345,"{""type"":""MultiPoint"",""coordinates"":[]}"
20040421,2004-04-21,0.04230537410684086,"{""type"":""MultiPoint"",""coordinates"":[]}"
20040422,2004-04-22,0.8793541386665403,"{""type"":""MultiPoint"",""coordinates"":[]}"
20040423,2004-04-23,5.314604561006757,"{""type"":""MultiPoint"",""coordinates"":[]}"
20040424,2004-04-24,0.8964684011310432,"{""type"":""MultiPoint"",""coordinates"":[]}"
20040425,2004-04-25,0.7303894555333473,"{""type"":""MultiPoint"",""coordinates"":[]}"
20040426,2004-04-26,0.0,"{""type"":""MultiPoint"",""coordinates"":[]}"
20040427,2004-04-27,0.0,"{""type"":""MultiPoint"",""coordinates"":[]}"
20040428,2004-04-28,0.0,"{""type"":""MultiPoint"",""coordinates"":[]}"
20040429,2004-04-29,0.0,"{""type"":""MultiPoint"",""coordinates"":[]}"
20040430,2004-04-30,0.0,"{""type"":""MultiPoint"",""coordinates"":[]}"
20040501,2004-05-01,0.03835873347882411,"{""type"":""MultiPoint"",""coordinates"":[]}"
20040502,2004-05-02,2.8060133729804253,"{""type"":""MultiPoint"",""coordinates"":[]}"
20040503,2004-05-03,18.2639157408687,"{""type"":""MultiPoint"",""coordinates"":[]}"
20040504,2004-05-04,10.005565788562032,"{""type"":""MultiPoint"",""coordinates"":[]}"
20040505,2004-05-05,4.307103692542986,"{""type"":""MultiPoint"",""coordinates"":[]}"
20040506,2004-05-06,9.397342967412582,"{""type"":""MultiPoint"",""coordinates"":[]}"
20040507,2004-05-07,6.618603433466935,"{""type"":""MultiPoint"",""coordinates"":[]}"
20040508,2004-05-08,0.04533616554766092,"{""type"":""MultiPoint"",""coordinates"":[]}"
20040509,2004-05-09,0.0,"{""type"":""MultiPoint"",""coordinates"":[]}"
20040510,2004-05-10,0.0,"{""type"":""MultiPoint"",""coordinates"":[]}"
20040511,2004-05-11,0.0,"{""type"":""MultiPoint"",""coordinates"":[]}"
20040512,2004-05-12,0.0,"{""type"":""MultiPoint"",""coordinates"":[]}"
20040513,2004-05-13,1.656316185791152,"{""type"":""MultiPoint"",""coordinates"":[]}"
20040514,2004-05-14,7.973283954618078,"{""type"":""MultiPoint"",""coordinates"":[]}"
20040515,2004-05-15,3.1566487565410526,"{""type"":""MultiPoint"",""coordinates"":[]}"
20040516,2004-05-16,8.128180820639862,"{""type"":""MultiPoint"",""coordinates"":[]}"
20040517,2004-05-17,1.528285951169158,"{""type"":""MultiPoint"",""coordinates"":[]}"
20040518,2004-05-18,0.03666330647338757,"{""type"":""MultiPoint"",""coordinates"":[]}"
20040519,2004-05-19,0.03760956396222294,"{""type"":""MultiPoint"",""coordinates"":[]}"
20040520,2004-05-20,0.0,"{""type"":""MultiPoint"",""coordinates"":[]}"
20040521,2004-05-21,0.0,"{""type"":""MultiPoint"",""coordinates"":[]}"
20040522,2004-05-22,0.06358932540118153,"{""type"":""MultiPoint"",""coordinates"":[]}"
20040523,2004-05-23,6.479960431116134,"{""type"":""MultiPoint"",""coordinates"":[]}"
20040524,2004-05-24,3.465566872585583,"{""type"":""MultiPoint"",""coordinates"":[]}"
20040525,2004-05-25,7.550527224907311,"{""type"":""MultiPoint"",""coordinates"":[]}"
20040526,2004-05-26,1.4921004967620104,"{""type"":""MultiPoint"",""coordinates"":[]}"
20040527,2004-05-27,5.867598796633766,"{""type"":""MultiPoint"",""coordinates"":[]}"
20040528,2004-05-28,0.014103122791756203,"{""type"":""MultiPoint"",""coordinates"":[]}"
20040529,2004-05-29,13.318590098690121,"{""type"":""MultiPoint"",""coordinates"":[]}"
20040530,2004-05-30,0.0,"{""type"":""MultiPoint"",""coordinates"":[]}"
20040531,2004-05-31,7.19907351651928,"{""type"":""MultiPoint"",""coordinates"":[]}"
20040601,2004-06-01,0.0,"{""type"":""MultiPoint"",""coordinates"":[]}"
20040602,2004-06-02,0.0,"{""type"":""MultiPoint"",""coordinates"":[]}"
20040603,2004-06-03,0.0,"{""type"":""MultiPoint"",""coordinates"":[]}"
20040604,2004-06-04,5.939397049546772,"{""type"":""MultiPoint"",""coordinates"":[]}"
20040605,2004-06-05,3.7794059315965858,"{""type"":""MultiPoint"",""coordinates"":[]}"
20040606,2004-06-06,0.42391706030124926,"{""type"":""MultiPoint"",""coordinates"":[]}"
20040607,2004-06-07,4.7279938441876554,"{""type"":""MultiPoint"",""coordinates"":[]}"
20040608,2004-06-08,2.4066730328764745,"{""type"":""MultiPoint"",""coordinates"":[]}"
20040609,2004-06-09,0.06054311581374588,"{""type"":""MultiPoint"",""coordinates"":[]}"
20040610,2004-06-10,1.9953819976822589,"{""type"":""MultiPoint"",""coordinates"":[]}"
20040611,2004-06-11,6.1372505063292,"{""type"":""MultiPoint"",""coordinates"":[]}"
20040612,2004-06-12,10.574163397324154,"{""type"":""MultiPoint"",""coordinates"":[]}"
20040613,2004-06-13,3.7752493055528658,"{""type"":""MultiPoint"",""coordinates"":[]}"
20040614,2004-06-14,2.1871782739056487,"{""type"":""MultiPoint"",""coordinates"":[]}"
20040615,2004-06-15,0.8267775366125586,"{""type"":""MultiPoint"",""coordinates"":[]}"
20040616,2004-06-16,0.0,"{""type"":""MultiPoint"",""coordinates"":[]}"
20040617,2004-06-17,0.0,"{""type"":""MultiPoint"",""coordinates"":[]}"
20040618,2004-06-18,0.38853943837942456,"{""type"":""MultiPoint"",""coordinates"":[]}"
20040619,2004-06-19,0.09389972607270168,"{""type"":""MultiPoint"",""coordinates"":[]}"
20040620,2004-06-20,0.0,"{""type"":""MultiPoint"",""coordinates"":[]}"
20040621,2004-06-21,0.0,"{""type"":""MultiPoint"",""coordinates"":[]}"
20040622,2004-06-22,0.0,"{""type"":""MultiPoint"",""coordinates"":[]}"
20040623,2004-06-23,0.0,"{""type"":""MultiPoint"",""coordinates"":[]}"
20040624,2004-06-24,0.0,"{""type"":""MultiPoint"",""coordinates"":[]}"
20040625,2004-06-25,0.0,"{""type"":""MultiPoint"",""coordinates"":[]}"
20040626,2004-06-26,0.2222381240682547,"{""type"":""MultiPoint"",""coordinates"":[]}"
20040627,2004-06-27,0.0,"{""type"":""MultiPoint"",""coordinates"":[]}"
20040628,2004-06-28,0.18370400426764977,"{""type"":""MultiPoint"",""coordinates"":[]}"
20040629,2004-06-29,1.238947306178954,"{""type"":""MultiPoint"",""coordinates"":[]}"
20040630,2004-06-30,2.4899290319726792,"{""type"":""MultiPoint"",""coordinates"":[]}"
20040701,2004-07-01,0.049797028101756,"{""type"":""MultiPoint"",""coordinates"":[]}"
20040702,2004-07-02,0.1485742156862886,"{""type"":""MultiPoint"",""coordinates"":[]}"
20040703,2004-07-03,0.2167477227046315,"{""type"":""MultiPoint"",""coordinates"":[]}"
20040704,2004-07-04,5.583383647862579E-4,"{""type"":""MultiPoint"",""coordinates"":[]}"
20040705,2004-07-05,5.1085135233016965,"{""type"":""MultiPoint"",""coordinates"":[]}"
20040706,2004-07-06,2.481425164077956,"{""type"":""MultiPoint"",""coordinates"":[]}"
20040707,2004-07-07,0.004604640340107208,"{""type"":""MultiPoint"",""coordinates"":[]}"
20040708,2004-07-08,7.597215183332596,"{""type"":""MultiPoint"",""coordinates"":[]}"
20040709,2004-07-09,8.176827058587,"{""type"":""MultiPoint"",""coordinates"":[]}"
20040710,2004-07-10,4.274158853370029,"{""type"":""MultiPoint"",""coordinates"":[]}"
20040711,2004-07-11,4.488534385583416,"{""type"":""MultiPoint"",""coordinates"":[]}"
20040712,2004-07-12,18.12457600865451,"{""type"":""MultiPoint"",""coordinates"":[]}"
20040713,2004-07-13,15.198028423718313,"{""type"":""MultiPoint"",""coordinates"":[]}"
20040714,2004-07-14,1.6561815355893577,"{""type"":""MultiPoint"",""coordinates"":[]}"
20040715,2004-07-15,1.7984014559442087,"{""type"":""MultiPoint"",""coordinates"":[]}"
20040716,2004-07-16,0.06643526264197598,"{""type"":""MultiPoint"",""coordinates"":[]}"
20040717,2004-07-17,0.4293691470603959,"{""type"":""MultiPoint"",""coordinates"":[]}"
20040718,2004-07-18,4.722976565908805,"{""type"":""MultiPoint"",""coordinates"":[]}"
20040719,2004-07-19,3.8645060370206594,"{""type"":""MultiPoint"",""coordinates"":[]}"
20040720,2004-07-20,0.056233214067990214,"{""type"":""MultiPoint"",""coordinates"":[]}"
20040721,2004-07-21,2.4299290543588192,"{""type"":""MultiPoint"",""coordinates"":[]}"
20040722,2004-07-22,8.402140179132278,"{""type"":""MultiPoint"",""coordinates"":[]}"
20040723,2004-07-23,4.775489568187864,"{""type"":""MultiPoint"",""coordinates"":[]}"
20040724,2004-07-24,5.127080123202745,"{""type"":""MultiPoint"",""coordinates"":[]}"
20040725,2004-07-25,5.469350212244159,"{""type"":""MultiPoint"",""coordinates"":[]}"
20040726,2004-07-26,6.879148213316607,"{""type"":""MultiPoint"",""coordinates"":[]}"
20040727,2004-07-27,14.070321722062314,"{""type"":""MultiPoint"",""coordinates"":[]}"
20040728,2004-07-28,3.9531454061667346,"{""type"":""MultiPoint"",""coordinates"":[]}"
20040729,2004-07-29,2.373576566157261,"{""type"":""MultiPoint"",""coordinates"":[]}"
20040730,2004-07-30,4.337879485347839,"{""type"":""MultiPoint"",""coordinates"":[]}"
20040731,2004-07-31,0.5543647716932604,"{""type"":""MultiPoint"",""coordinates"":[]}"
20040801,2004-08-01,5.468015656329657,"{""type"":""MultiPoint"",""coordinates"":[]}"
20040802,2004-08-02,10.86774867650473,"{""type"":""MultiPoint"",""coordinates"":[]}"
20040803,2004-08-03,10.393094505057517,"{""type"":""MultiPoint"",""coordinates"":[]}"
20040804,2004-08-04,2.993146385053561,"{""type"":""MultiPoint"",""coordinates"":[]}"
20040805,2004-08-05,1.9514988354413616,"{""type"":""MultiPoint"",""coordinates"":[]}"
20040806,2004-08-06,1.0930659586192792,"{""type"":""MultiPoint"",""coordinates"":[]}"
20040807,2004-08-07,2.161788330946474,"{""type"":""MultiPoint"",""coordinates"":[]}"
20040808,2004-08-08,0.1278641529081779,"{""type"":""MultiPoint"",""coordinates"":[]}"
20040809,2004-08-09,0.0,"{""type"":""MultiPoint"",""coordinates"":[]}"
20040810,2004-08-10,5.080759031372041,"{""type"":""MultiPoint"",""coordinates"":[]}"
20040811,2004-08-11,0.13342823491260555,"{""type"":""MultiPoint"",""coordinates"":[]}"
20040812,2004-08-12,0.03240221033925997,"{""type"":""MultiPoint"",""coordinates"":[]}"
20040813,2004-08-13,0.4368619983585782,"{""type"":""MultiPoint"",""coordinates"":[]}"
20040814,2004-08-14,0.672269682991103,"{""type"":""MultiPoint"",""coordinates"":[]}"
20040815,2004-08-15,0.0,"{""type"":""MultiPoint"",""coordinates"":[]}"
20040816,2004-08-16,0.0,"{""type"":""MultiPoint"",""coordinates"":[]}"
20040817,2004-08-17,0.0,"{""type"":""MultiPoint"",""coordinates"":[]}"
20040818,2004-08-18,0.4061935893227181,"{""type"":""MultiPoint"",""coordinates"":[]}"
20040819,2004-08-19,1.6029793529688736,"{""type"":""MultiPoint"",""coordinates"":[]}"
20040820,2004-08-20,1.7018810897866479,"{""type"":""MultiPoint"",""coordinates"":[]}"
20040821,2004-08-21,4.648275496942472,"{""type"":""MultiPoint"",""coordinates"":[]}"
20040822,2004-08-22,0.0,"{""type"":""MultiPoint"",""coordinates"":[]}"
20040823,2004-08-23,0.0,"{""type"":""MultiPoint"",""coordinates"":[]}"
20040824,2004-08-24,0.0,"{""type"":""MultiPoint"",""coordinates"":[]}"
20040825,2004-08-25,0.0,"{""type"":""MultiPoint"",""coordinates"":[]}"
20040826,2004-08-26,0.0,"{""type"":""MultiPoint"",""coordinates"":[]}"
20040827,2004-08-27,0.0,"{""type"":""MultiPoint"",""coordinates"":[]}"
20040828,2004-08-28,0.0046265897140653186,"{""type"":""MultiPoint"",""coordinates"":[]}"
20040829,2004-08-29,0.10559788411633134,"{""type"":""MultiPoint"",""coordinates"":[]}"
20040830,2004-08-30,0.0,"{""type"":""MultiPoint"",""coordinates"":[]}"
20040831,2004-08-31,0.03988947226475781,"{""type"":""MultiPoint"",""coordinates"":[]}"
20040901,2004-09-01,0.0,"{""type"":""MultiPoint"",""coordinates"":[]}"
20040902,2004-09-02,0.0,"{""type"":""MultiPoint"",""coordinates"":[]}"
20040903,2004-09-03,3.38137673952729,"{""type"":""MultiPoint"",""coordinates"":[]}"
20040904,2004-09-04,21.59447989226097,"{""type"":""MultiPoint"",""coordinates"":[]}"
20040905,2004-09-05,17.189165240937513,"{""type"":""MultiPoint"",""coordinates"":[]}"
20040906,2004-09-06,11.763987407278513,"{""type"":""MultiPoint"",""coordinates"":[]}"
20040907,2004-09-07,3.8510827181638208,"{""type"":""MultiPoint"",""coordinates"":[]}"
20040908,2004-09-08,3.9231528828547972,"{""type"":""MultiPoint"",""coordinates"":[]}"
20040909,2004-09-09,4.7280448378129005,"{""type"":""MultiPoint"",""coordinates"":[]}"
20040910,2004-09-10,6.363147094475562,"{""type"":""MultiPoint"",""coordinates"":[]}"
20040911,2004-09-11,0.010097769405333912,"{""type"":""MultiPoint"",""coordinates"":[]}"
20040912,2004-09-12,0.0,"{""type"":""MultiPoint"",""coordinates"":[]}"
20040913,2004-09-13,0.3554903543782142,"{""type"":""MultiPoint"",""coordinates"":[]}"
20040914,2004-09-14,1.5201954455625535,"{""type"":""MultiPoint"",""coordinates"":[]}"
20040915,2004-09-15,16.633575874474733,"{""type"":""MultiPoint"",""coordinates"":[]}"
20040916,2004-09-16,0.1506233619843578,"{""type"":""MultiPoint"",""coordinates"":[]}"
20040917,2004-09-17,1.1163359500765544,"{""type"":""MultiPoint"",""coordinates"":[]}"
20040918,2004-09-18,2.927267625561395,"{""type"":""MultiPoint"",""coordinates"":[]}"
20040919,2004-09-19,17.24725060745958,"{""type"":""MultiPoint"",""coordinates"":[]}"
20040920,2004-09-20,5.645385378974099,"{""type"":""MultiPoint"",""coordinates"":[]}"
20040921,2004-09-21,1.8007628830895994,"{""type"":""MultiPoint"",""coordinates"":[]}"
20040922,2004-09-22,8.502738562358292,"{""type"":""MultiPoint"",""coordinates"":[]}"
20040923,2004-09-23,5.243631000817455,"{""type"":""MultiPoint"",""coordinates"":[]}"
20040924,2004-09-24,15.887889430334836,"{""type"":""MultiPoint"",""coordinates"":[]}"
20040925,2004-09-25,0.4178123643592818,"{""type"":""MultiPoint"",""coordinates"":[]}"
20040926,2004-09-26,2.443204763282997,"{""type"":""MultiPoint"",""coordinates"":[]}"
20040927,2004-09-27,2.102321737805135,"{""type"":""MultiPoint"",""coordinates"":[]}"
20040928,2004-09-28,2.8586075251657697,"{""type"":""MultiPoint"",""coordinates"":[]}"
20040929,2004-09-29,4.34732197072233,"{""type"":""MultiPoint"",""coordinates"":[]}"
20040930,2004-09-30,0.011343183969306999,"{""type"":""MultiPoint"",""coordinates"":[]}"
20041001,2004-10-01,2.5400646980441213,"{""type"":""MultiPoint"",""coordinates"":[]}"
20041002,2004-10-02,21.00627378766895,"{""type"":""MultiPoint"",""coordinates"":[]}"
20041003,2004-10-03,35.240168480461215,"{""type"":""MultiPoint"",""coordinates"":[]}"
20041004,2004-10-04,28.500125397382696,"{""type"":""MultiPoint"",""coordinates"":[]}"
20041005,2004-10-05,3.2314263023556635,"{""type"":""MultiPoint"",""coordinates"":[]}"
20041006,2004-10-06,1.3452970892608673,"{""type"":""MultiPoint"",""coordinates"":[]}"
20041007,2004-10-07,0.0,"{""type"":""MultiPoint"",""coordinates"":[]}"
20041008,2004-10-08,0.0,"{""type"":""MultiPoint"",""coordinates"":[]}"
20041009,2004-10-09,0.0,"{""type"":""MultiPoint"",""coordinates"":[]}"
20041010,2004-10-10,7.129001327900875,"{""type"":""MultiPoint"",""coordinates"":[]}"
20041011,2004-10-11,0.9740833173945463,"{""type"":""MultiPoint"",""coordinates"":[]}"
20041012,2004-10-12,1.2212865323483104,"{""type"":""MultiPoint"",""coordinates"":[]}"
20041013,2004-10-13,1.5421031570243084,"{""type"":""MultiPoint"",""coordinates"":[]}"
20041014,2004-10-14,1.9644754330541205,"{""type"":""MultiPoint"",""coordinates"":[]}"
20041015,2004-10-15,9.920230157134956,"{""type"":""MultiPoint"",""coordinates"":[]}"
20041016,2004-10-16,0.7090556663882619,"{""type"":""MultiPoint"",""coordinates"":[]}"
20041017,2004-10-17,2.286806454336099,"{""type"":""MultiPoint"",""coordinates"":[]}"
20041018,2004-10-18,2.0697396551167486,"{""type"":""MultiPoint"",""coordinates"":[]}"
20041019,2004-10-19,0.6155376100391018,"{""type"":""MultiPoint"",""coordinates"":[]}"
20041020,2004-10-20,0.0,"{""type"":""MultiPoint"",""coordinates"":[]}"
20041021,2004-10-21,7.014445468266095E-4,"{""type"":""MultiPoint"",""coordinates"":[]}"
20041022,2004-10-22,0.7150424997268067,"{""type"":""MultiPoint"",""coordinates"":[]}"
20041023,2004-10-23,1.7039055447663685,"{""type"":""MultiPoint"",""coordinates"":[]}"
20041024,2004-10-24,0.045961827528809535,"{""type"":""MultiPoint"",""coordinates"":[]}"
20041025,2004-10-25,0.11190434454509034,"{""type"":""MultiPoint"",""coordinates"":[]}"
20041026,2004-10-26,0.0,"{""type"":""MultiPoint"",""coordinates"":[]}"
20041027,2004-10-27,0.0,"{""type"":""MultiPoint"",""coordinates"":[]}"
20041028,2004-10-28,0.24381915486981645,"{""type"":""MultiPoint"",""coordinates"":[]}"
20041029,2004-10-29,0.47283614754340797,"{""type"":""MultiPoint"",""coordinates"":[]}"
20041030,2004-10-30,0.4967165709140288,"{""type"":""MultiPoint"",""coordinates"":[]}"
20041031,2004-10-31,0.0,"{""type"":""MultiPoint"",""coordinates"":[]}"
20041101,2004-11-01,0.0,"{""type"":""MultiPoint"",""coordinates"":[]}"
20041102,2004-11-02,0.0,"{""type"":""MultiPoint"",""coordinates"":[]}"
20041103,2004-11-03,0.020657823394844333,"{""type"":""MultiPoint"",""coordinates"":[]}"
20041104,2004-11-04,0.5059031867693718,"{""type"":""MultiPoint"",""coordinates"":[]}"
20041105,2004-11-05,15.747959374101779,"{""type"":""MultiPoint"",""coordinates"":[]}"
20041106,2004-11-06,17.602419086964048,"{""type"":""MultiPoint"",""coordinates"":[]}"
20041107,2004-11-07,5.272090721872409,"{""type"":""MultiPoint"",""coordinates"":[]}"
20041108,2004-11-08,0.47796000329187893,"{""type"":""MultiPoint"",""coordinates"":[]}"
20041109,2004-11-09,0.017122349306557243,"{""type"":""MultiPoint"",""coordinates"":[]}"
20041110,2004-11-10,1.133084791975371,"{""type"":""MultiPoint"",""coordinates"":[]}"
20041111,2004-11-11,0.0,"{""type"":""MultiPoint"",""coordinates"":[]}"
20041112,2004-11-12,0.9467316496946244,"{""type"":""MultiPoint"",""coordinates"":[]}"
20041113,2004-11-13,0.0,"{""type"":""MultiPoint"",""coordinates"":[]}"
20041114,2004-11-14,3.3725170378989366E-4,"{""type"":""MultiPoint"",""coordinates"":[]}"
20041115,2004-11-15,0.4593911989704544,"{""type"":""MultiPoint"",""coordinates"":[]}"
20041116,2004-11-16,0.012589227767019574,"{""type"":""MultiPoint"",""coordinates"":[]}"
20041117,2004-11-17,0.18763928728250573,"{""type"":""MultiPoint"",""coordinates"":[]}"
20041118,2004-11-18,0.0,"{""type"":""MultiPoint"",""coordinates"":[]}"
20041119,2004-11-19,0.0,"{""type"":""MultiPoint"",""coordinates"":[]}"
20041120,2004-11-20,0.0,"{""type"":""MultiPoint"",""coordinates"":[]}"
20041121,2004-11-21,0.0,"{""type"":""MultiPoint"",""coordinates"":[]}"
20041122,2004-11-22,0.0,"{""type"":""MultiPoint"",""coordinates"":[]}"
20041123,2004-11-23,0.005671467305831654,"{""type"":""MultiPoint"",""coordinates"":[]}"
20041124,2004-11-24,0.0,"{""type"":""MultiPoint"",""coordinates"":[]}"
20041125,2004-11-25,0.0,"{""type"":""MultiPoint"",""coordinates"":[]}"
20041126,2004-11-26,0.0,"{""type"":""MultiPoint"",""coordinates"":[]}"
20041127,2004-11-27,0.0,"{""type"":""MultiPoint"",""coordinates"":[]}"
20041128,2004-11-28,0.0,"{""type"":""MultiPoint"",""coordinates"":[]}"
20041129,2004-11-29,0.0,"{""type"":""MultiPoint"",""coordinates"":[]}"
20041130,2004-11-30,0.0,"{""type"":""MultiPoint"",""coordinates"":[]}"
20041201,2004-12-01,0.0,"{""type"":""MultiPoint"",""coordinates"":[]}"
20041202,2004-12-02,0.0,"{""type"":""MultiPoint"",""coordinates"":[]}"
20041203,2004-12-03,0.30182942213568226,"{""type"":""MultiPoint"",""coordinates"":[]}"
20041204,2004-12-04,0.0,"{""type"":""MultiPoint"",""coordinates"":[]}"
20041205,2004-12-05,0.0,"{""type"":""MultiPoint"",""coordinates"":[]}"
20041206,2004-12-06,0.0,"{""type"":""MultiPoint"",""coordinates"":[]}"
20041207,2004-12-07,0.0,"{""type"":""MultiPoint"",""coordinates"":[]}"
20041208,2004-12-08,0.5363312554634709,"{""type"":""MultiPoint"",""coordinates"":[]}"
20041209,2004-12-09,1.952439577478136,"{""type"":""MultiPoint"",""coordinates"":[]}"
20041210,2004-12-10,0.0,"{""type"":""MultiPoint"",""coordinates"":[]}"
20041211,2004-12-11,0.0,"{""type"":""MultiPoint"",""coordinates"":[]}"
20041212,2004-12-12,0.5850026298785445,"{""type"":""MultiPoint"",""coordinates"":[]}"
20041213,2004-12-13,0.47509130465205035,"{""type"":""MultiPoint"",""coordinates"":[]}"
20041214,2004-12-14,0.0,"{""type"":""MultiPoint"",""coordinates"":[]}"
20041215,2004-12-15,0.0,"{""type"":""MultiPoint"",""coordinates"":[]}"
20041216,2004-12-16,0.0,"{""type"":""MultiPoint"",""coordinates"":[]}"
20041217,2004-12-17,0.0,"{""type"":""MultiPoint"",""coordinates"":[]}"
20041218,2004-12-18,0.0,"{""type"":""MultiPoint"",""coordinates"":[]}"
20041219,2004-12-19,0.0,"{""type"":""MultiPoint"",""coordinates"":[]}"
20041220,2004-12-20,0.0,"{""type"":""MultiPoint"",""coordinates"":[]}"
20041221,2004-12-21,0.0,"{""type"":""MultiPoint"",""coordinates"":[]}"
20041222,2004-12-22,0.0,"{""type"":""MultiPoint"",""coordinates"":[]}"
20041223,2004-12-23,0.0,"{""type"":""MultiPoint"",""coordinates"":[]}"
20041224,2004-12-24,0.0,"{""type"":""MultiPoint"",""coordinates"":[]}"
20041225,2004-12-25,0.1170570655131831,"{""type"":""MultiPoint"",""coordinates"":[]}"
20041226,2004-12-26,0.0,"{""type"":""MultiPoint"",""coordinates"":[]}"
20041227,2004-12-27,0.7301477835160609,"{""type"":""MultiPoint"",""coordinates"":[]}"
20041228,2004-12-28,1.077979678798699,"{""type"":""MultiPoint"",""coordinates"":[]}"
20041229,2004-12-29,0.0,"{""type"":""MultiPoint"",""coordinates"":[]}"
20041230,2004-12-30,0.3115333322530991,"{""type"":""MultiPoint"",""coordinates"":[]}"
20041231,2004-12-31,0.6277308860248446,"{""type"":""MultiPoint"",""coordinates"":[]}"
20050101,2005-01-01,0.009023446315328336,"{""type"":""MultiPoint"",""coordinates"":[]}"
20050102,2005-01-02,0.004972364422197568,"{""type"":""MultiPoint"",""coordinates"":[]}"
20050103,2005-01-03,0.09192650518316274,"{""type"":""MultiPoint"",""coordinates"":[]}"
20050104,2005-01-04,0.0,"{""type"":""MultiPoint"",""coordinates"":[]}"
20050105,2005-01-05,0.0,"{""type"":""MultiPoint"",""coordinates"":[]}"
20050106,2005-01-06,0.0,"{""type"":""MultiPoint"",""coordinates"":[]}"
20050107,2005-01-07,0.0,"{""type"":""MultiPoint"",""coordinates"":[]}"
20050108,2005-01-08,0.0,"{""type"":""MultiPoint"",""coordinates"":[]}"
20050109,2005-01-09,0.2990998904787998,"{""type"":""MultiPoint"",""coordinates"":[]}"
20050110,2005-01-10,0.012086894330165653,"{""type"":""MultiPoint"",""coordinates"":[]}"
20050111,2005-01-11,0.0,"{""type"":""MultiPoint"",""coordinates"":[]}"
20050112,2005-01-12,0.0,"{""type"":""MultiPoint"",""coordinates"":[]}"
20050113,2005-01-13,0.0,"{""type"":""MultiPoint"",""coordinates"":[]}"
20050114,2005-01-14,0.0,"{""type"":""MultiPoint"",""coordinates"":[]}"
20050115,2005-01-15,0.0,"{""type"":""MultiPoint"",""coordinates"":[]}"
20050116,2005-01-16,0.0,"{""type"":""MultiPoint"",""coordinates"":[]}"
20050117,2005-01-17,0.0,"{""type"":""MultiPoint"",""coordinates"":[]}"
20050118,2005-01-18,0.0,"{""type"":""MultiPoint"",""coordinates"":[]}"
20050119,2005-01-19,0.0,"{""type"":""MultiPoint"",""coordinates"":[]}"
20050120,2005-01-20,0.0,"{""type"":""MultiPoint"",""coordinates"":[]}"
20050121,2005-01-21,0.013912809833014808,"{""type"":""MultiPoint"",""coordinates"":[]}"
20050122,2005-01-22,0.0,"{""type"":""MultiPoint"",""coordinates"":[]}"
20050123,2005-01-23,0.09636972616408128,"{""type"":""MultiPoint"",""coordinates"":[]}"
20050124,2005-01-24,0.0,"{""type"":""MultiPoint"",""coordinates"":[]}"
20050125,2005-01-25,0.0,"{""type"":""MultiPoint"",""coordinates"":[]}"
20050126,2005-01-26,0.0,"{""type"":""MultiPoint"",""coordinates"":[]}"
20050127,2005-01-27,0.021751361610061137,"{""type"":""MultiPoint"",""coordinates"":[]}"
20050128,2005-01-28,0.23637262573618548,"{""type"":""MultiPoint"",""coordinates"":[]}"
20050129,2005-01-29,0.0,"{""type"":""MultiPoint"",""coordinates"":[]}"
20050130,2005-01-30,0.0,"{""type"":""MultiPoint"",""coordinates"":[]}"
20050131,2005-01-31,1.671520152224369,"{""type"":""MultiPoint"",""coordinates"":[]}"
20050201,2005-02-01,0.0015329845293095643,"{""type"":""MultiPoint"",""coordinates"":[]}"
20050202,2005-02-02,0.0,"{""type"":""MultiPoint"",""coordinates"":[]}"
20050203,2005-02-03,0.0,"{""type"":""MultiPoint"",""coordinates"":[]}"
20050204,2005-02-04,0.0,"{""type"":""MultiPoint"",""coordinates"":[]}"
20050205,2005-02-05,0.0,"{""type"":""MultiPoint"",""coordinates"":[]}"
20050206,2005-02-06,0.0,"{""type"":""MultiPoint"",""coordinates"":[]}"
20050207,2005-02-07,0.0,"{""type"":""MultiPoint"",""coordinates"":[]}"
20050208,2005-02-08,0.0,"{""type"":""MultiPoint"",""coordinates"":[]}"
20050209,2005-02-09,0.0,"{""type"":""MultiPoint"",""coordinates"":[]}"
20050210,2005-02-10,0.0,"{""type"":""MultiPoint"",""coordinates"":[]}"
20050211,2005-02-11,0.0,"{""type"":""MultiPoint"",""coordinates"":[]}"
20050212,2005-02-12,0.0,"{""type"":""MultiPoint"",""coordinates"":[]}"
20050213,2005-02-13,0.0,"{""type"":""MultiPoint"",""coordinates"":[]}"
20050214,2005-02-14,0.0,"{""type"":""MultiPoint"",""coordinates"":[]}"
20050215,2005-02-15,0.0,"{""type"":""MultiPoint"",""coordinates"":[]}"
20050216,2005-02-16,0.0,"{""type"":""MultiPoint"",""coordinates"":[]}"
20050217,2005-02-17,0.0,"{""type"":""MultiPoint"",""coordinates"":[]}"
20050218,2005-02-18,0.0,"{""type"":""MultiPoint"",""coordinates"":[]}"
20050219,2005-02-19,0.0,"{""type"":""MultiPoint"",""coordinates"":[]}"
20050220,2005-02-20,0.0,"{""type"":""MultiPoint"",""coordinates"":[]}"
20050221,2005-02-21,0.0,"{""type"":""MultiPoint"",""coordinates"":[]}"
20050222,2005-02-22,2.1775759439806816E-4,"{""type"":""MultiPoint"",""coordinates"":[]}"
20050223,2005-02-23,0.0,"{""type"":""MultiPoint"",""coordinates"":[]}"
20050224,2005-02-24,0.0,"{""type"":""MultiPoint"",""coordinates"":[]}"
20050225,2005-02-25,0.0,"{""type"":""MultiPoint"",""coordinates"":[]}"
20050226,2005-02-26,0.0,"{""type"":""MultiPoint"",""coordinates"":[]}"
20050227,2005-02-27,0.0,"{""type"":""MultiPoint"",""coordinates"":[]}"
20050228,2005-02-28,0.0,"{""type"":""MultiPoint"",""coordinates"":[]}"
20050301,2005-03-01,0.0,"{""type"":""MultiPoint"",""coordinates"":[]}"
20050302,2005-03-02,0.0,"{""type"":""MultiPoint"",""coordinates"":[]}"
20050303,2005-03-03,0.0,"{""type"":""MultiPoint"",""coordinates"":[]}"
20050304,2005-03-04,0.0,"{""type"":""MultiPoint"",""coordinates"":[]}"
20050305,2005-03-05,0.0,"{""type"":""MultiPoint"",""coordinates"":[]}"
20050306,2005-03-06,0.0,"{""type"":""MultiPoint"",""coordinates"":[]}"
20050307,2005-03-07,0.0,"{""type"":""MultiPoint"",""coordinates"":[]}"
20050308,2005-03-08,0.007029743264456784,"{""type"":""MultiPoint"",""coordinates"":[]}"
20050309,2005-03-09,0.04046845073915751,"{""type"":""MultiPoint"",""coordinates"":[]}"
20050310,2005-03-10,0.14438810578386704,"{""type"":""MultiPoint"",""coordinates"":[]}"
20050311,2005-03-11,0.23868976234814315,"{""type"":""MultiPoint"",""coordinates"":[]}"
20050312,2005-03-12,0.15183935229113682,"{""type"":""MultiPoint"",""coordinates"":[]}"
20050313,2005-03-13,0.7424253647279642,"{""type"":""MultiPoint"",""coordinates"":[]}"
20050314,2005-03-14,0.0,"{""type"":""MultiPoint"",""coordinates"":[]}"
20050315,2005-03-15,0.07863379836529949,"{""type"":""MultiPoint"",""coordinates"":[]}"
20050316,2005-03-16,0.0,"{""type"":""MultiPoint"",""coordinates"":[]}"
20050317,2005-03-17,0.0,"{""type"":""MultiPoint"",""coordinates"":[]}"
20050318,2005-03-18,0.0,"{""type"":""MultiPoint"",""coordinates"":[]}"
20050319,2005-03-19,0.0,"{""type"":""MultiPoint"",""coordinates"":[]}"
20050320,2005-03-20,0.0,"{""type"":""MultiPoint"",""coordinates"":[]}"
20050321,2005-03-21,0.0,"{""type"":""MultiPoint"",""coordinates"":[]}"
20050322,2005-03-22,0.0,"{""type"":""MultiPoint"",""coordinates"":[]}"
20050323,2005-03-23,0.0,"{""type"":""MultiPoint"",""coordinates"":[]}"
20050324,2005-03-24,0.0,"{""type"":""MultiPoint"",""coordinates"":[]}"
20050325,2005-03-25,0.0,"{""type"":""MultiPoint"",""coordinates"":[]}"
20050326,2005-03-26,0.20038170350694878,"{""type"":""MultiPoint"",""coordinates"":[]}"
20050327,2005-03-27,0.0,"{""type"":""MultiPoint"",""coordinates"":[]}"
20050328,2005-03-28,0.0,"{""type"":""MultiPoint"",""coordinates"":[]}"
20050329,2005-03-29,1.2607165120037134,"{""type"":""MultiPoint"",""coordinates"":[]}"
20050330,2005-03-30,0.2127024193456718,"{""type"":""MultiPoint"",""coordinates"":[]}"
20050331,2005-03-31,0.15500704525667588,"{""type"":""MultiPoint"",""coordinates"":[]}"
20050401,2005-04-01,0.0,"{""type"":""MultiPoint"",""coordinates"":[]}"
20050402,2005-04-02,0.025490326872570537,"{""type"":""MultiPoint"",""coordinates"":[]}"
20050403,2005-04-03,0.1323038658766819,"{""type"":""MultiPoint"",""coordinates"":[]}"
20050404,2005-04-04,0.2005747567264575,"{""type"":""MultiPoint"",""coordinates"":[]}"
20050405,2005-04-05,0.8445723963155755,"{""type"":""MultiPoint"",""coordinates"":[]}"
20050406,2005-04-06,0.18301996860687544,"{""type"":""MultiPoint"",""coordinates"":[]}"
20050407,2005-04-07,0.686888361333461,"{""type"":""MultiPoint"",""coordinates"":[]}"
20050408,2005-04-08,0.15133521719715767,"{""type"":""MultiPoint"",""coordinates"":[]}"
20050409,2005-04-09,0.49225762945236606,"{""type"":""MultiPoint"",""coordinates"":[]}"
20050410,2005-04-10,4.47456251081824,"{""type"":""MultiPoint"",""coordinates"":[]}"
20050411,2005-04-11,9.863303794673766E-5,"{""type"":""MultiPoint"",""coordinates"":[]}"
20050412,2005-04-12,0.13650865046523294,"{""type"":""MultiPoint"",""coordinates"":[]}"
20050413,2005-04-13,0.03624985376122275,"{""type"":""MultiPoint"",""coordinates"":[]}"
20050414,2005-04-14,0.3367500934070725,"{""type"":""MultiPoint"",""coordinates"":[]}"
20050415,2005-04-15,1.9062488843014929,"{""type"":""MultiPoint"",""coordinates"":[]}"
20050416,2005-04-16,0.0,"{""type"":""MultiPoint"",""coordinates"":[]}"
20050417,2005-04-17,0.0,"{""type"":""MultiPoint"",""coordinates"":[]}"
20050418,2005-04-18,0.0,"{""type"":""MultiPoint"",""coordinates"":[]}"
20050419,2005-04-19,0.741979340284438,"{""type"":""MultiPoint"",""coordinates"":[]}"
20050420,2005-04-20,0.4279834592137994,"{""type"":""MultiPoint"",""coordinates"":[]}"
20050421,2005-04-21,0.0,"{""type"":""MultiPoint"",""coordinates"":[]}"
20050422,2005-04-22,0.2901522306172494,"{""type"":""MultiPoint"",""coordinates"":[]}"
20050423,2005-04-23,0.3905782833319674,"{""type"":""MultiPoint"",""coordinates"":[]}"
20050424,2005-04-24,0.5930410951413939,"{""type"":""MultiPoint"",""coordinates"":[]}"
20050425,2005-04-25,0.44990241390059543,"{""type"":""MultiPoint"",""coordinates"":[]}"
20050426,2005-04-26,1.0054721304305796,"{""type"":""MultiPoint"",""coordinates"":[]}"
20050427,2005-04-27,2.371884736976289,"{""type"":""MultiPoint"",""coordinates"":[]}"
20050428,2005-04-28,0.32752001951821375,"{""type"":""MultiPoint"",""coordinates"":[]}"
20050429,2005-04-29,0.0,"{""type"":""MultiPoint"",""coordinates"":[]}"
20050430,2005-04-30,0.09170850259657372,"{""type"":""MultiPoint"",""coordinates"":[]}"
20050501,2005-05-01,0.09136255913297796,"{""type"":""MultiPoint"",""coordinates"":[]}"
20050502,2005-05-02,1.3260671569218656,"{""type"":""MultiPoint"",""coordinates"":[]}"
20050503,2005-05-03,5.264603031061375,"{""type"":""MultiPoint"",""coordinates"":[]}"
20050504,2005-05-04,4.092161834805696,"{""type"":""MultiPoint"",""coordinates"":[]}"
20050505,2005-05-05,2.46693936352491E-4,"{""type"":""MultiPoint"",""coordinates"":[]}"
20050506,2005-05-06,5.877531606097726,"{""type"":""MultiPoint"",""coordinates"":[]}"
20050507,2005-05-07,0.0,"{""type"":""MultiPoint"",""coordinates"":[]}"
20050508,2005-05-08,0.0,"{""type"":""MultiPoint"",""coordinates"":[]}"
20050509,2005-05-09,0.0,"{""type"":""MultiPoint"",""coordinates"":[]}"
20050510,2005-05-10,0.5339851061441717,"{""type"":""MultiPoint"",""coordinates"":[]}"
20050511,2005-05-11,0.6639655335684075,"{""type"":""MultiPoint"",""coordinates"":[]}"
20050512,2005-05-12,0.9137508173902538,"{""type"":""MultiPoint"",""coordinates"":[]}"
20050513,2005-05-13,0.030575048891730298,"{""type"":""MultiPoint"",""coordinates"":[]}"
20050514,2005-05-14,0.08357766309741771,"{""type"":""MultiPoint"",""coordinates"":[]}"
20050515,2005-05-15,0.0,"{""type"":""MultiPoint"",""coordinates"":[]}"
20050516,2005-05-16,0.0,"{""type"":""MultiPoint"",""coordinates"":[]}"
20050517,2005-05-17,0.0,"{""type"":""MultiPoint"",""coordinates"":[]}"
20050518,2005-05-18,0.09987917653740146,"{""type"":""MultiPoint"",""coordinates"":[]}"
20050519,2005-05-19,0.0,"{""type"":""MultiPoint"",""coordinates"":[]}"
20050520,2005-05-20,0.03562169048681855,"{""type"":""MultiPoint"",""coordinates"":[]}"
20050521,2005-05-21,8.746697978606603,"{""type"":""MultiPoint"",""coordinates"":[]}"
20050522,2005-05-22,0.6019075120006808,"{""type"":""MultiPoint"",""coordinates"":[]}"
20050523,2005-05-23,0.4979844049629101,"{""type"":""MultiPoint"",""coordinates"":[]}"
20050524,2005-05-24,1.1632440613361712,"{""type"":""MultiPoint"",""coordinates"":[]}"
20050525,2005-05-25,1.9036217092809458,"{""type"":""MultiPoint"",""coordinates"":[]}"
20050526,2005-05-26,18.775566179741222,"{""type"":""MultiPoint"",""coordinates"":[]}"
20050527,2005-05-27,1.445520715587926,"{""type"":""MultiPoint"",""coordinates"":[]}"
20050528,2005-05-28,12.932643790380762,"{""type"":""MultiPoint"",""coordinates"":[]}"
20050529,2005-05-29,3.62577956540983,"{""type"":""MultiPoint"",""coordinates"":[]}"
20050530,2005-05-30,6.696698957097742,"{""type"":""MultiPoint"",""coordinates"":[]}"
20050531,2005-05-31,0.3204576892751882,"{""type"":""MultiPoint"",""coordinates"":[]}"
20050601,2005-06-01,0.4866868842525935,"{""type"":""MultiPoint"",""coordinates"":[]}"
20050602,2005-06-02,1.0043031270040825,"{""type"":""MultiPoint"",""coordinates"":[]}"
20050603,2005-06-03,1.2477531508064112,"{""type"":""MultiPoint"",""coordinates"":[]}"
20050604,2005-06-04,3.931790963666301,"{""type"":""MultiPoint"",""coordinates"":[]}"
20050605,2005-06-05,0.04974907475207936,"{""type"":""MultiPoint"",""coordinates"":[]}"
20050606,2005-06-06,1.8768123573873365,"{""type"":""MultiPoint"",""coordinates"":[]}"
20050607,2005-06-07,8.48121981313847,"{""type"":""MultiPoint"",""coordinates"":[]}"
20050608,2005-06-08,2.5017492775586168,"{""type"":""MultiPoint"",""coordinates"":[]}"
20050609,2005-06-09,9.222063245637797,"{""type"":""MultiPoint"",""coordinates"":[]}"
20050610,2005-06-10,3.5349253399370184,"{""type"":""MultiPoint"",""coordinates"":[]}"
20050611,2005-06-11,0.010058216318207903,"{""type"":""MultiPoint"",""coordinates"":[]}"
20050612,2005-06-12,0.0,"{""type"":""MultiPoint"",""coordinates"":[]}"
20050613,2005-06-13,0.5187024474351125,"{""type"":""MultiPoint"",""coordinates"":[]}"
20050614,2005-06-14,0.11323320263255245,"{""type"":""MultiPoint"",""coordinates"":[]}"
20050615,2005-06-15,0.0,"{""type"":""MultiPoint"",""coordinates"":[]}"
20050616,2005-06-16,0.14989880556194288,"{""type"":""MultiPoint"",""coordinates"":[]}"
20050617,2005-06-17,0.0,"{""type"":""MultiPoint"",""coordinates"":[]}"
20050618,2005-06-18,0.12269568412733037,"{""type"":""MultiPoint"",""coordinates"":[]}"
20050619,2005-06-19,0.12360151426927574,"{""type"":""MultiPoint"",""coordinates"":[]}"
20050620,2005-06-20,7.052667105505862,"{""type"":""MultiPoint"",""coordinates"":[]}"
20050621,2005-06-21,6.144789148093279,"{""type"":""MultiPoint"",""coordinates"":[]}"
20050622,2005-06-22,0.0,"{""type"":""MultiPoint"",""coordinates"":[]}"
20050623,2005-06-23,0.34204585251994324,"{""type"":""MultiPoint"",""coordinates"":[]}"
20050624,2005-06-24,0.0,"{""type"":""MultiPoint"",""coordinates"":[]}"
20050625,2005-06-25,6.434446449788346,"{""type"":""MultiPoint"",""coordinates"":[]}"
20050626,2005-06-26,3.3134054831341393,"{""type"":""MultiPoint"",""coordinates"":[]}"
20050627,2005-06-27,1.164344659654469,"{""type"":""MultiPoint"",""coordinates"":[]}"
20050628,2005-06-28,3.8845527640080726,"{""type"":""MultiPoint"",""coordinates"":[]}"
20050629,2005-06-29,0.9775430596136712,"{""type"":""MultiPoint"",""coordinates"":[]}"
20050630,2005-06-30,3.2788242842293345,"{""type"":""MultiPoint"",""coordinates"":[]}"
20050701,2005-07-01,0.4520151753073362,"{""type"":""MultiPoint"",""coordinates"":[]}"
20050702,2005-07-02,0.0,"{""type"":""MultiPoint"",""coordinates"":[]}"
20050703,2005-07-03,0.0,"{""type"":""MultiPoint"",""coordinates"":[]}"
20050704,2005-07-04,3.538539368746231,"{""type"":""MultiPoint"",""coordinates"":[]}"
20050705,2005-07-05,0.942064563218206,"{""type"":""MultiPoint"",""coordinates"":[]}"
20050706,2005-07-06,1.3627817085131115,"{""type"":""MultiPoint"",""coordinates"":[]}"
20050707,2005-07-07,1.8822171637370895,"{""type"":""MultiPoint"",""coordinates"":[]}"
20050708,2005-07-08,5.852464223080184,"{""type"":""MultiPoint"",""coordinates"":[]}"
20050709,2005-07-09,12.88139646296271,"{""type"":""MultiPoint"",""coordinates"":[]}"
20050710,2005-07-10,0.001481344840993991,"{""type"":""MultiPoint"",""coordinates"":[]}"
20050711,2005-07-11,0.0,"{""type"":""MultiPoint"",""coordinates"":[]}"
20050712,2005-07-12,0.005968167850233513,"{""type"":""MultiPoint"",""coordinates"":[]}"
20050713,2005-07-13,0.2264447296135729,"{""type"":""MultiPoint"",""coordinates"":[]}"
20050714,2005-07-14,6.9573610669098995,"{""type"":""MultiPoint"",""coordinates"":[]}"
20050715,2005-07-15,2.389253328592891,"{""type"":""MultiPoint"",""coordinates"":[]}"
20050716,2005-07-16,4.717024896017542,"{""type"":""MultiPoint"",""coordinates"":[]}"
20050717,2005-07-17,11.372593324398105,"{""type"":""MultiPoint"",""coordinates"":[]}"
20050718,2005-07-18,0.8432719877071216,"{""type"":""MultiPoint"",""coordinates"":[]}"
20050719,2005-07-19,11.223917830639904,"{""type"":""MultiPoint"",""coordinates"":[]}"
20050720,2005-07-20,11.826602852559484,"{""type"":""MultiPoint"",""coordinates"":[]}"
20050721,2005-07-21,1.2287064545825812,"{""type"":""MultiPoint"",""coordinates"":[]}"
20050722,2005-07-22,12.837385588835332,"{""type"":""MultiPoint"",""coordinates"":[]}"
20050723,2005-07-23,16.529742617311953,"{""type"":""MultiPoint"",""coordinates"":[]}"
20050724,2005-07-24,13.630108112774609,"{""type"":""MultiPoint"",""coordinates"":[]}"
20050725,2005-07-25,16.626615148386627,"{""type"":""MultiPoint"",""coordinates"":[]}"
20050726,2005-07-26,4.3656865386828105,"{""type"":""MultiPoint"",""coordinates"":[]}"
20050727,2005-07-27,0.0,"{""type"":""MultiPoint"",""coordinates"":[]}"
20050728,2005-07-28,0.10338508036484907,"{""type"":""MultiPoint"",""coordinates"":[]}"
20050729,2005-07-29,0.0,"{""type"":""MultiPoint"",""coordinates"":[]}"
20050730,2005-07-30,5.791737604730447,"{""type"":""MultiPoint"",""coordinates"":[]}"
20050731,2005-07-31,0.17718504052707748,"{""type"":""MultiPoint"",""coordinates"":[]}"
20050801,2005-08-01,3.1241705953078283,"{""type"":""MultiPoint"",""coordinates"":[]}"
20050802,2005-08-02,0.6989052109945355,"{""type"":""MultiPoint"",""coordinates"":[]}"
20050803,2005-08-03,0.6890056603534042,"{""type"":""MultiPoint"",""coordinates"":[]}"
20050804,2005-08-04,8.658421819585769,"{""type"":""MultiPoint"",""coordinates"":[]}"
20050805,2005-08-05,0.8005045157296045,"{""type"":""MultiPoint"",""coordinates"":[]}"
20050806,2005-08-06,0.0,"{""type"":""MultiPoint"",""coordinates"":[]}"
20050807,2005-08-07,3.8928826009370563,"{""type"":""MultiPoint"",""coordinates"":[]}"
20050808,2005-08-08,7.865206355601521,"{""type"":""MultiPoint"",""coordinates"":[]}"
20050809,2005-08-09,0.13030625847024238,"{""type"":""MultiPoint"",""coordinates"":[]}"
20050810,2005-08-10,0.0,"{""type"":""MultiPoint"",""coordinates"":[]}"
20050811,2005-08-11,0.24639149806985305,"{""type"":""MultiPoint"",""coordinates"":[]}"
20050812,2005-08-12,0.08945882378680674,"{""type"":""MultiPoint"",""coordinates"":[]}"
20050813,2005-08-13,3.7612188390310606,"{""type"":""MultiPoint"",""coordinates"":[]}"
20050814,2005-08-14,10.788158820394198,"{""type"":""MultiPoint"",""coordinates"":[]}"
20050815,2005-08-15,12.829528328549083,"{""type"":""MultiPoint"",""coordinates"":[]}"
20050816,2005-08-16,8.813320005583103,"{""type"":""MultiPoint"",""coordinates"":[]}"
20050817,2005-08-17,2.0774049181291327,"{""type"":""MultiPoint"",""coordinates"":[]}"
20050818,2005-08-18,1.3303886220276289,"{""type"":""MultiPoint"",""coordinates"":[]}"
20050819,2005-08-19,1.7800749352527283,"{""type"":""MultiPoint"",""coordinates"":[]}"
20050820,2005-08-20,2.9574564022175864,"{""type"":""MultiPoint"",""coordinates"":[]}"
20050821,2005-08-21,0.002103244878566601,"{""type"":""MultiPoint"",""coordinates"":[]}"
20050822,2005-08-22,0.01302083631130233,"{""type"":""MultiPoint"",""coordinates"":[]}"
20050823,2005-08-23,2.968184747978376,"{""type"":""MultiPoint"",""coordinates"":[]}"
20050824,2005-08-24,7.879521808803979,"{""type"":""MultiPoint"",""coordinates"":[]}"
20050825,2005-08-25,7.660022637976383,"{""type"":""MultiPoint"",""coordinates"":[]}"
20050826,2005-08-26,1.711963626298729,"{""type"":""MultiPoint"",""coordinates"":[]}"
20050827,2005-08-27,0.9341746414076452,"{""type"":""MultiPoint"",""coordinates"":[]}"
20050828,2005-08-28,0.0,"{""type"":""MultiPoint"",""coordinates"":[]}"
20050829,2005-08-29,1.2068366303970333,"{""type"":""MultiPoint"",""coordinates"":[]}"
20050830,2005-08-30,1.6156273625691242,"{""type"":""MultiPoint"",""coordinates"":[]}"
20050831,2005-08-31,24.345827258647304,"{""type"":""MultiPoint"",""coordinates"":[]}"
20050901,2005-09-01,2.640067488336009,"{""type"":""MultiPoint"",""coordinates"":[]}"
20050902,2005-09-02,2.2044298616261937,"{""type"":""MultiPoint"",""coordinates"":[]}"
20050903,2005-09-03,3.541685556187917,"{""type"":""MultiPoint"",""coordinates"":[]}"
20050904,2005-09-04,3.6455962122022942,"{""type"":""MultiPoint"",""coordinates"":[]}"
20050905,2005-09-05,1.347233975728599,"{""type"":""MultiPoint"",""coordinates"":[]}"
20050906,2005-09-06,4.700219782176625,"{""type"":""MultiPoint"",""coordinates"":[]}"
20050907,2005-09-07,18.1385729595847,"{""type"":""MultiPoint"",""coordinates"":[]}"
20050908,2005-09-08,5.393342471081312,"{""type"":""MultiPoint"",""coordinates"":[]}"
20050909,2005-09-09,10.849979290030713,"{""type"":""MultiPoint"",""coordinates"":[]}"
20050910,2005-09-10,13.830611181260997,"{""type"":""MultiPoint"",""coordinates"":[]}"
20050911,2005-09-11,7.588378255777978,"{""type"":""MultiPoint"",""coordinates"":[]}"
20050912,2005-09-12,7.226716999643608,"{""type"":""MultiPoint"",""coordinates"":[]}"
20050913,2005-09-13,0.34067499892161196,"{""type"":""MultiPoint"",""coordinates"":[]}"
20050914,2005-09-14,0.11296285433801818,"{""type"":""MultiPoint"",""coordinates"":[]}"
20050915,2005-09-15,0.6002574595962387,"{""type"":""MultiPoint"",""coordinates"":[]}"
20050916,2005-09-16,0.0,"{""type"":""MultiPoint"",""coordinates"":[]}"
20050917,2005-09-17,0.0,"{""type"":""MultiPoint"",""coordinates"":[]}"
20050918,2005-09-18,0.4684592346788424,"{""type"":""MultiPoint"",""coordinates"":[]}"
20050919,2005-09-19,18.17767502861732,"{""type"":""MultiPoint"",""coordinates"":[]}"
20050920,2005-09-20,16.495753936327144,"{""type"":""MultiPoint"",""coordinates"":[]}"
20050921,2005-09-21,0.8746904992723977,"{""type"":""MultiPoint"",""coordinates"":[]}"
20050922,2005-09-22,0.0,"{""type"":""MultiPoint"",""coordinates"":[]}"
20050923,2005-09-23,0.0,"{""type"":""MultiPoint"",""coordinates"":[]}"
20050924,2005-09-24,3.090512668798757,"{""type"":""MultiPoint"",""coordinates"":[]}"
20050925,2005-09-25,2.9406070315396438,"{""type"":""MultiPoint"",""coordinates"":[]}"
20050926,2005-09-26,0.1104969619687342,"{""type"":""MultiPoint"",""coordinates"":[]}"
20050927,2005-09-27,1.8519701221483893,"{""type"":""MultiPoint"",""coordinates"":[]}"
20050928,2005-09-28,0.18701487767787064,"{""type"":""MultiPoint"",""coordinates"":[]}"
20050929,2005-09-29,17.550381182747813,"{""type"":""MultiPoint"",""coordinates"":[]}"
20050930,2005-09-30,4.356672882758481,"{""type"":""MultiPoint"",""coordinates"":[]}"
20051001,2005-10-01,9.7860849990271,"{""type"":""MultiPoint"",""coordinates"":[]}"
20051002,2005-10-02,6.676514735011772,"{""type"":""MultiPoint"",""coordinates"":[]}"
20051003,2005-10-03,1.2234971219473156,"{""type"":""MultiPoint"",""coordinates"":[]}"
20051004,2005-10-04,3.7147733263386282,"{""type"":""MultiPoint"",""coordinates"":[]}"
20051005,2005-10-05,0.3139703709512907,"{""type"":""MultiPoint"",""coordinates"":[]}"
20051006,2005-10-06,0.0,"{""type"":""MultiPoint"",""coordinates"":[]}"
20051007,2005-10-07,0.483576001541704,"{""type"":""MultiPoint"",""coordinates"":[]}"
20051008,2005-10-08,0.40851012528686087,"{""type"":""MultiPoint"",""coordinates"":[]}"
20051009,2005-10-09,8.08587680370618,"{""type"":""MultiPoint"",""coordinates"":[]}"
20051010,2005-10-10,19.70912590140279,"{""type"":""MultiPoint"",""coordinates"":[]}"
20051011,2005-10-11,34.26521660560631,"{""type"":""MultiPoint"",""coordinates"":[]}"
20051012,2005-10-12,35.234157775645876,"{""type"":""MultiPoint"",""coordinates"":[]}"
20051013,2005-10-13,49.388439209768634,"{""type"":""MultiPoint"",""coordinates"":[]}"
20051014,2005-10-14,5.4462095944656905,"{""type"":""MultiPoint"",""coordinates"":[]}"
20051015,2005-10-15,6.662758888877739,"{""type"":""MultiPoint"",""coordinates"":[]}"
20051016,2005-10-16,11.821699344455887,"{""type"":""MultiPoint"",""coordinates"":[]}"
20051017,2005-10-17,0.9675080704754392,"{""type"":""MultiPoint"",""coordinates"":[]}"
20051018,2005-10-18,18.216792553496852,"{""type"":""MultiPoint"",""coordinates"":[]}"
20051019,2005-10-19,7.5062315992412865,"{""type"":""MultiPoint"",""coordinates"":[]}"
20051020,2005-10-20,22.121828720818847,"{""type"":""MultiPoint"",""coordinates"":[]}"
20051021,2005-10-21,6.568699227413458,"{""type"":""MultiPoint"",""coordinates"":[]}"
20051022,2005-10-22,7.779185694370714,"{""type"":""MultiPoint"",""coordinates"":[]}"
20051023,2005-10-23,2.150154880189011,"{""type"":""MultiPoint"",""coordinates"":[]}"
20051024,2005-10-24,10.083898056704703,"{""type"":""MultiPoint"",""coordinates"":[]}"
20051025,2005-10-25,18.76777863422406,"{""type"":""MultiPoint"",""coordinates"":[]}"
20051026,2005-10-26,43.49837951557045,"{""type"":""MultiPoint"",""coordinates"":[]}"
20051027,2005-10-27,54.17764902096827,"{""type"":""MultiPoint"",""coordinates"":[]}"
20051028,2005-10-28,41.43876062104403,"{""type"":""MultiPoint"",""coordinates"":[]}"
20051029,2005-10-29,0.0,"{""type"":""MultiPoint"",""coordinates"":[]}"
20051030,2005-10-30,0.01897931930277437,"{""type"":""MultiPoint"",""coordinates"":[]}"
20051031,2005-10-31,0.9198408436571747,"{""type"":""MultiPoint"",""coordinates"":[]}"
20051101,2005-11-01,9.431345022133929,"{""type"":""MultiPoint"",""coordinates"":[]}"
20051102,2005-11-02,10.578574206467536,"{""type"":""MultiPoint"",""coordinates"":[]}"
20051103,2005-11-03,0.0,"{""type"":""MultiPoint"",""coordinates"":[]}"
20051104,2005-11-04,5.954793939383495,"{""type"":""MultiPoint"",""coordinates"":[]}"
20051105,2005-11-05,2.662582467267673,"{""type"":""MultiPoint"",""coordinates"":[]}"
20051106,2005-11-06,18.89164339326205,"{""type"":""MultiPoint"",""coordinates"":[]}"
20051107,2005-11-07,0.3678968926527816,"{""type"":""MultiPoint"",""coordinates"":[]}"
20051108,2005-11-08,0.23033204826235376,"{""type"":""MultiPoint"",""coordinates"":[]}"
20051109,2005-11-09,3.9078489946353283,"{""type"":""MultiPoint"",""coordinates"":[]}"
20051110,2005-11-10,0.0,"{""type"":""MultiPoint"",""coordinates"":[]}"
20051111,2005-11-11,0.2925469229910629,"{""type"":""MultiPoint"",""coordinates"":[]}"
20051112,2005-11-12,0.0,"{""type"":""MultiPoint"",""coordinates"":[]}"
20051113,2005-11-13,0.0,"{""type"":""MultiPoint"",""coordinates"":[]}"
20051114,2005-11-14,0.0,"{""type"":""MultiPoint"",""coordinates"":[]}"
20051115,2005-11-15,0.0,"{""type"":""MultiPoint"",""coordinates"":[]}"
20051116,2005-11-16,0.0,"{""type"":""MultiPoint"",""coordinates"":[]}"
20051117,2005-11-17,0.0,"{""type"":""MultiPoint"",""coordinates"":[]}"
20051118,2005-11-18,0.0,"{""type"":""MultiPoint"",""coordinates"":[]}"
20051119,2005-11-19,0.0,"{""type"":""MultiPoint"",""coordinates"":[]}"
20051120,2005-11-20,0.16864887091001085,"{""type"":""MultiPoint"",""coordinates"":[]}"
20051121,2005-11-21,10.678855524472981,"{""type"":""MultiPoint"",""coordinates"":[]}"
20051122,2005-11-22,18.375020092714017,"{""type"":""MultiPoint"",""coordinates"":[]}"
20051123,2005-11-23,9.332041234972305,"{""type"":""MultiPoint"",""coordinates"":[]}"
20051124,2005-11-24,1.011891556323788,"{""type"":""MultiPoint"",""coordinates"":[]}"
20051125,2005-11-25,0.007083607681120631,"{""type"":""MultiPoint"",""coordinates"":[]}"
20051126,2005-11-26,0.0,"{""type"":""MultiPoint"",""coordinates"":[]}"
20051127,2005-11-27,0.0,"{""type"":""MultiPoint"",""coordinates"":[]}"
20051128,2005-11-28,0.0,"{""type"":""MultiPoint"",""coordinates"":[]}"
20051129,2005-11-29,1.3038723044696132,"{""type"":""MultiPoint"",""coordinates"":[]}"
20051130,2005-11-30,0.0,"{""type"":""MultiPoint"",""coordinates"":[]}"
20051201,2005-12-01,0.33126453549059937,"{""type"":""MultiPoint"",""coordinates"":[]}"
20051202,2005-12-02,6.3506948723072,"{""type"":""MultiPoint"",""coordinates"":[]}"
20051203,2005-12-03,19.02960043317329,"{""type"":""MultiPoint"",""coordinates"":[]}"
20051204,2005-12-04,2.021714023498466,"{""type"":""MultiPoint"",""coordinates"":[]}"
20051205,2005-12-05,0.0,"{""type"":""MultiPoint"",""coordinates"":[]}"
20051206,2005-12-06,0.0,"{""type"":""MultiPoint"",""coordinates"":[]}"
20051207,2005-12-07,0.0,"{""type"":""MultiPoint"",""coordinates"":[]}"
20051208,2005-12-08,0.0,"{""type"":""MultiPoint"",""coordinates"":[]}"
20051209,2005-12-09,0.09665620360507209,"{""type"":""MultiPoint"",""coordinates"":[]}"
20051210,2005-12-10,0.3452809770719404,"{""type"":""MultiPoint"",""coordinates"":[]}"
20051211,2005-12-11,0.0,"{""type"":""MultiPoint"",""coordinates"":[]}"
20051212,2005-12-12,1.2572421441875647,"{""type"":""MultiPoint"",""coordinates"":[]}"
20051213,2005-12-13,0.41035543174160344,"{""type"":""MultiPoint"",""coordinates"":[]}"
20051214,2005-12-14,0.0,"{""type"":""MultiPoint"",""coordinates"":[]}"
20051215,2005-12-15,0.0,"{""type"":""MultiPoint"",""coordinates"":[]}"
20051216,2005-12-16,0.0,"{""type"":""MultiPoint"",""coordinates"":[]}"
20051217,2005-12-17,0.0,"{""type"":""MultiPoint"",""coordinates"":[]}"
20051218,2005-12-18,0.0,"{""type"":""MultiPoint"",""coordinates"":[]}"
20051219,2005-12-19,0.0,"{""type"":""MultiPoint"",""coordinates"":[]}"
20051220,2005-12-20,0.0,"{""type"":""MultiPoint"",""coordinates"":[]}"
20051221,2005-12-21,0.0,"{""type"":""MultiPoint"",""coordinates"":[]}"
20051222,2005-12-22,0.0,"{""type"":""MultiPoint"",""coordinates"":[]}"
20051223,2005-12-23,0.0,"{""type"":""MultiPoint"",""coordinates"":[]}"
20051224,2005-12-24,0.0,"{""type"":""MultiPoint"",""coordinates"":[]}"
20051225,2005-12-25,0.0,"{""type"":""MultiPoint"",""coordinates"":[]}"
20051226,2005-12-26,0.0,"{""type"":""MultiPoint"",""coordinates"":[]}"
20051227,2005-12-27,0.0,"{""type"":""MultiPoint"",""coordinates"":[]}"
20051228,2005-12-28,0.0,"{""type"":""MultiPoint"",""coordinates"":[]}"
20051229,2005-12-29,0.0,"{""type"":""MultiPoint"",""coordinates"":[]}"
20051230,2005-12-30,0.0,"{""type"":""MultiPoint"",""coordinates"":[]}"
20051231,2005-12-31,0.0,"{""type"":""MultiPoint"",""coordinates"":[]}"
20060101,2006-01-01,0.0,"{""type"":""MultiPoint"",""coordinates"":[]}"
20060102,2006-01-02,0.011348740117413735,"{""type"":""MultiPoint"",""coordinates"":[]}"
20060103,2006-01-03,0.0,"{""type"":""MultiPoint"",""coordinates"":[]}"
20060104,2006-01-04,0.0,"{""type"":""MultiPoint"",""coordinates"":[]}"
20060105,2006-01-05,0.0,"{""type"":""MultiPoint"",""coordinates"":[]}"
20060106,2006-01-06,0.0,"{""type"":""MultiPoint"",""coordinates"":[]}"
20060107,2006-01-07,0.18513462842097683,"{""type"":""MultiPoint"",""coordinates"":[]}"
20060108,2006-01-08,1.380410001318156,"{""type"":""MultiPoint"",""coordinates"":[]}"
20060109,2006-01-09,0.3824715916353769,"{""type"":""MultiPoint"",""coordinates"":[]}"
20060110,2006-01-10,0.004605127862232894,"{""type"":""MultiPoint"",""coordinates"":[]}"
20060111,2006-01-11,0.0,"{""type"":""MultiPoint"",""coordinates"":[]}"
20060112,2006-01-12,0.0,"{""type"":""MultiPoint"",""coordinates"":[]}"
20060113,2006-01-13,0.0,"{""type"":""MultiPoint"",""coordinates"":[]}"
20060114,2006-01-14,0.0027978211686192933,"{""type"":""MultiPoint"",""coordinates"":[]}"
20060115,2006-01-15,0.054634068937206265,"{""type"":""MultiPoint"",""coordinates"":[]}"
20060116,2006-01-16,0.0,"{""type"":""MultiPoint"",""coordinates"":[]}"
20060117,2006-01-17,0.05710077547228844,"{""type"":""MultiPoint"",""coordinates"":[]}"
20060118,2006-01-18,0.0,"{""type"":""MultiPoint"",""coordinates"":[]}"
20060119,2006-01-19,0.0,"{""type"":""MultiPoint"",""coordinates"":[]}"
20060120,2006-01-20,0.0,"{""type"":""MultiPoint"",""coordinates"":[]}"
20060121,2006-01-21,0.0,"{""type"":""MultiPoint"",""coordinates"":[]}"
20060122,2006-01-22,0.0,"{""type"":""MultiPoint"",""coordinates"":[]}"
20060123,2006-01-23,0.0,"{""type"":""MultiPoint"",""coordinates"":[]}"
20060124,2006-01-24,0.0,"{""type"":""MultiPoint"",""coordinates"":[]}"
20060125,2006-01-25,0.0,"{""type"":""MultiPoint"",""coordinates"":[]}"
20060126,2006-01-26,0.10251245330179799,"{""type"":""MultiPoint"",""coordinates"":[]}"
20060127,2006-01-27,0.10175851344620349,"{""type"":""MultiPoint"",""coordinates"":[]}"
20060128,2006-01-28,0.0,"{""type"":""MultiPoint"",""coordinates"":[]}"
20060129,2006-01-29,0.0,"{""type"":""MultiPoint"",""coordinates"":[]}"
20060130,2006-01-30,0.0,"{""type"":""MultiPoint"",""coordinates"":[]}"
20060131,2006-01-31,0.0,"{""type"":""MultiPoint"",""coordinates"":[]}"
20060201,2006-02-01,0.0,"{""type"":""MultiPoint"",""coordinates"":[]}"
20060202,2006-02-02,0.0,"{""type"":""MultiPoint"",""coordinates"":[]}"
20060203,2006-02-03,0.0,"{""type"":""MultiPoint"",""coordinates"":[]}"
20060204,2006-02-04,0.0,"{""type"":""MultiPoint"",""coordinates"":[]}"
20060205,2006-02-05,0.0,"{""type"":""MultiPoint"",""coordinates"":[]}"
20060206,2006-02-06,0.0,"{""type"":""MultiPoint"",""coordinates"":[]}"
20060207,2006-02-07,0.0,"{""type"":""MultiPoint"",""coordinates"":[]}"
20060208,2006-02-08,0.1303706252879193,"{""type"":""MultiPoint"",""coordinates"":[]}"
20060209,2006-02-09,0.041033209482804235,"{""type"":""MultiPoint"",""coordinates"":[]}"
20060210,2006-02-10,0.041033209482804235,"{""type"":""MultiPoint"",""coordinates"":[]}"
20060211,2006-02-11,0.0,"{""type"":""MultiPoint"",""coordinates"":[]}"
20060212,2006-02-12,0.0,"{""type"":""MultiPoint"",""coordinates"":[]}"
20060213,2006-02-13,0.0,"{""type"":""MultiPoint"",""coordinates"":[]}"
20060214,2006-02-14,0.0,"{""type"":""MultiPoint"",""coordinates"":[]}"
20060215,2006-02-15,0.0,"{""type"":""MultiPoint"",""coordinates"":[]}"
20060216,2006-02-16,0.0,"{""type"":""MultiPoint"",""coordinates"":[]}"
20060217,2006-02-17,0.0,"{""type"":""MultiPoint"",""coordinates"":[]}"
20060218,2006-02-18,0.0,"{""type"":""MultiPoint"",""coordinates"":[]}"
20060219,2006-02-19,0.0,"{""type"":""MultiPoint"",""coordinates"":[]}"
20060220,2006-02-20,0.0,"{""type"":""MultiPoint"",""coordinates"":[]}"
20060221,2006-02-21,0.03654755727754172,"{""type"":""MultiPoint"",""coordinates"":[]}"
20060222,2006-02-22,0.0,"{""type"":""MultiPoint"",""coordinates"":[]}"
20060223,2006-02-23,0.0,"{""type"":""MultiPoint"",""coordinates"":[]}"
20060224,2006-02-24,5.24234390582855E-4,"{""type"":""MultiPoint"",""coordinates"":[]}"
20060225,2006-02-25,5.24234390582855E-4,"{""type"":""MultiPoint"",""coordinates"":[]}"
20060226,2006-02-26,0.028486372767007738,"{""type"":""MultiPoint"",""coordinates"":[]}"
20060227,2006-02-27,0.0,"{""type"":""MultiPoint"",""coordinates"":[]}"
20060228,2006-02-28,0.0,"{""type"":""MultiPoint"",""coordinates"":[]}"
20060301,2006-03-01,0.0,"{""type"":""MultiPoint"",""coordinates"":[]}"
20060302,2006-03-02,0.0,"{""type"":""MultiPoint"",""coordinates"":[]}"
20060303,2006-03-03,0.8736855785121437,"{""type"":""MultiPoint"",""coordinates"":[]}"
20060304,2006-03-04,0.3038690454256408,"{""type"":""MultiPoint"",""coordinates"":[]}"
20060305,2006-03-05,1.6407512526183112,"{""type"":""MultiPoint"",""coordinates"":[]}"
20060306,2006-03-06,0.0,"{""type"":""MultiPoint"",""coordinates"":[]}"
20060307,2006-03-07,0.0,"{""type"":""MultiPoint"",""coordinates"":[]}"
20060308,2006-03-08,0.0,"{""type"":""MultiPoint"",""coordinates"":[]}"
20060309,2006-03-09,0.0,"{""type"":""MultiPoint"",""coordinates"":[]}"
20060310,2006-03-10,1.5713551928629976,"{""type"":""MultiPoint"",""coordinates"":[]}"
20060311,2006-03-11,0.663807916459869,"{""type"":""MultiPoint"",""coordinates"":[]}"
20060312,2006-03-12,0.0,"{""type"":""MultiPoint"",""coordinates"":[]}"
20060313,2006-03-13,0.0,"{""type"":""MultiPoint"",""coordinates"":[]}"
20060314,2006-03-14,0.8450956860421621,"{""type"":""MultiPoint"",""coordinates"":[]}"
20060315,2006-03-15,0.09246939978286715,"{""type"":""MultiPoint"",""coordinates"":[]}"
20060316,2006-03-16,0.0,"{""type"":""MultiPoint"",""coordinates"":[]}"
20060317,2006-03-17,0.0,"{""type"":""MultiPoint"",""coordinates"":[]}"
20060318,2006-03-18,0.0,"{""type"":""MultiPoint"",""coordinates"":[]}"
20060319,2006-03-19,0.0,"{""type"":""MultiPoint"",""coordinates"":[]}"
20060320,2006-03-20,0.0,"{""type"":""MultiPoint"",""coordinates"":[]}"
20060321,2006-03-21,0.0,"{""type"":""MultiPoint"",""coordinates"":[]}"
20060322,2006-03-22,0.0,"{""type"":""MultiPoint"",""coordinates"":[]}"
20060323,2006-03-23,0.0,"{""type"":""MultiPoint"",""coordinates"":[]}"
20060324,2006-03-24,0.0,"{""type"":""MultiPoint"",""coordinates"":[]}"
20060325,2006-03-25,0.0,"{""type"":""MultiPoint"",""coordinates"":[]}"
20060326,2006-03-26,0.0,"{""type"":""MultiPoint"",""coordinates"":[]}"
20060327,2006-03-27,0.0,"{""type"":""MultiPoint"",""coordinates"":[]}"
20060328,2006-03-28,0.0,"{""type"":""MultiPoint"",""coordinates"":[]}"
20060329,2006-03-29,0.0,"{""type"":""MultiPoint"",""coordinates"":[]}"
20060330,2006-03-30,0.0,"{""type"":""MultiPoint"",""coordinates"":[]}"
20060331,2006-03-31,0.0,"{""type"":""MultiPoint"",""coordinates"":[]}"
20060401,2006-04-01,0.0,"{""type"":""MultiPoint"",""coordinates"":[]}"
20060402,2006-04-02,0.0,"{""type"":""MultiPoint"",""coordinates"":[]}"
20060403,2006-04-03,0.0,"{""type"":""MultiPoint"",""coordinates"":[]}"
20060404,2006-04-04,0.0,"{""type"":""MultiPoint"",""coordinates"":[]}"
20060405,2006-04-05,0.0,"{""type"":""MultiPoint"",""coordinates"":[]}"
20060406,2006-04-06,0.0,"{""type"":""MultiPoint"",""coordinates"":[]}"
20060407,2006-04-07,0.0,"{""type"":""MultiPoint"",""coordinates"":[]}"
20060408,2006-04-08,0.0,"{""type"":""MultiPoint"",""coordinates"":[]}"
20060409,2006-04-09,0.0,"{""type"":""MultiPoint"",""coordinates"":[]}"
20060410,2006-04-10,0.0,"{""type"":""MultiPoint"",""coordinates"":[]}"
20060411,2006-04-11,0.0,"{""type"":""MultiPoint"",""coordinates"":[]}"
20060412,2006-04-12,2.567396102441565E-4,"{""type"":""MultiPoint"",""coordinates"":[]}"
20060413,2006-04-13,0.0,"{""type"":""MultiPoint"",""coordinates"":[]}"
20060414,2006-04-14,0.12825745657180165,"{""type"":""MultiPoint"",""coordinates"":[]}"
20060415,2006-04-15,4.394386840389563,"{""type"":""MultiPoint"",""coordinates"":[]}"
20060416,2006-04-16,12.012330090246989,"{""type"":""MultiPoint"",""coordinates"":[]}"
20060417,2006-04-17,1.0464892204891338,"{""type"":""MultiPoint"",""coordinates"":[]}"
20060418,2006-04-18,0.0,"{""type"":""MultiPoint"",""coordinates"":[]}"
20060419,2006-04-19,0.08720248404969562,"{""type"":""MultiPoint"",""coordinates"":[]}"
20060420,2006-04-20,0.0,"{""type"":""MultiPoint"",""coordinates"":[]}"
20060421,2006-04-21,0.0,"{""type"":""MultiPoint"",""coordinates"":[]}"
20060422,2006-04-22,0.011437735260373016,"{""type"":""MultiPoint"",""coordinates"":[]}"
20060423,2006-04-23,0.0,"{""type"":""MultiPoint"",""coordinates"":[]}"
20060424,2006-04-24,0.0,"{""type"":""MultiPoint"",""coordinates"":[]}"
20060425,2006-04-25,0.0,"{""type"":""MultiPoint"",""coordinates"":[]}"
20060426,2006-04-26,0.0,"{""type"":""MultiPoint"",""coordinates"":[]}"
20060427,2006-04-27,0.0,"{""type"":""MultiPoint"",""coordinates"":[]}"
20060428,2006-04-28,0.0,"{""type"":""MultiPoint"",""coordinates"":[]}"
20060429,2006-04-29,0.28716668312018484,"{""type"":""MultiPoint"",""coordinates"":[]}"
20060430,2006-04-30,0.0,"{""type"":""MultiPoint"",""coordinates"":[]}"
20060501,2006-05-01,2.2940894093914705,"{""type"":""MultiPoint"",""coordinates"":[]}"
20060502,2006-05-02,0.7258035269861458,"{""type"":""MultiPoint"",""coordinates"":[]}"
20060503,2006-05-03,0.0,"{""type"":""MultiPoint"",""coordinates"":[]}"
20060504,2006-05-04,0.0,"{""type"":""MultiPoint"",""coordinates"":[]}"
20060505,2006-05-05,0.010751358288091303,"{""type"":""MultiPoint"",""coordinates"":[]}"
20060506,2006-05-06,0.0,"{""type"":""MultiPoint"",""coordinates"":[]}"
20060507,2006-05-07,0.0,"{""type"":""MultiPoint"",""coordinates"":[]}"
20060508,2006-05-08,2.0332564834444184,"{""type"":""MultiPoint"",""coordinates"":[]}"
20060509,2006-05-09,4.61166621066891,"{""type"":""MultiPoint"",""coordinates"":[]}"
20060510,2006-05-10,0.011945343581010842,"{""type"":""MultiPoint"",""coordinates"":[]}"
20060511,2006-05-11,0.35960997627771807,"{""type"":""MultiPoint"",""coordinates"":[]}"
20060512,2006-05-12,0.2483079413628953,"{""type"":""MultiPoint"",""coordinates"":[]}"
20060513,2006-05-13,0.34750365674203393,"{""type"":""MultiPoint"",""coordinates"":[]}"
20060514,2006-05-14,0.7996237196553864,"{""type"":""MultiPoint"",""coordinates"":[]}"
20060515,2006-05-15,0.800651219731966,"{""type"":""MultiPoint"",""coordinates"":[]}"
20060516,2006-05-16,6.316139824086507,"{""type"":""MultiPoint"",""coordinates"":[]}"
20060517,2006-05-17,8.669394630214196,"{""type"":""MultiPoint"",""coordinates"":[]}"
20060518,2006-05-18,9.744425930398517,"{""type"":""MultiPoint"",""coordinates"":[]}"
20060519,2006-05-19,0.6896190657442399,"{""type"":""MultiPoint"",""coordinates"":[]}"
20060520,2006-05-20,0.17250350490888539,"{""type"":""MultiPoint"",""coordinates"":[]}"
20060521,2006-05-21,0.0,"{""type"":""MultiPoint"",""coordinates"":[]}"
20060522,2006-05-22,0.0,"{""type"":""MultiPoint"",""coordinates"":[]}"
20060523,2006-05-23,0.7039750289239401,"{""type"":""MultiPoint"",""coordinates"":[]}"
20060524,2006-05-24,8.953263178148633,"{""type"":""MultiPoint"",""coordinates"":[]}"
20060525,2006-05-25,18.29968788364097,"{""type"":""MultiPoint"",""coordinates"":[]}"
20060526,2006-05-26,7.804374746822066,"{""type"":""MultiPoint"",""coordinates"":[]}"
20060527,2006-05-27,24.116184266421804,"{""type"":""MultiPoint"",""coordinates"":[]}"
20060528,2006-05-28,2.1083861932877155,"{""type"":""MultiPoint"",""coordinates"":[]}"
20060529,2006-05-29,1.300014843395531,"{""type"":""MultiPoint"",""coordinates"":[]}"
20060530,2006-05-30,0.0,"{""type"":""MultiPoint"",""coordinates"":[]}"
20060531,2006-05-31,0.0,"{""type"":""MultiPoint"",""coordinates"":[]}"
20060601,2006-06-01,0.09761796009772102,"{""type"":""MultiPoint"",""coordinates"":[]}"
20060602,2006-06-02,0.06772559761020557,"{""type"":""MultiPoint"",""coordinates"":[]}"
20060603,2006-06-03,2.002576569470171,"{""type"":""MultiPoint"",""coordinates"":[]}"
20060604,2006-06-04,4.632985351141545,"{""type"":""MultiPoint"",""coordinates"":[]}"
20060605,2006-06-05,12.891859117726982,"{""type"":""MultiPoint"",""coordinates"":[]}"
20060606,2006-06-06,0.17515637089019714,"{""type"":""MultiPoint"",""coordinates"":[]}"
20060607,2006-06-07,0.10681968375642859,"{""type"":""MultiPoint"",""coordinates"":[]}"
20060608,2006-06-08,0.0,"{""type"":""MultiPoint"",""coordinates"":[]}"
20060609,2006-06-09,0.02872312003021264,"{""type"":""MultiPoint"",""coordinates"":[]}"
20060610,2006-06-10,0.0,"{""type"":""MultiPoint"",""coordinates"":[]}"
20060611,2006-06-11,0.0,"{""type"":""MultiPoint"",""coordinates"":[]}"
20060612,2006-06-12,0.0,"{""type"":""MultiPoint"",""coordinates"":[]}"
20060613,2006-06-13,1.43356718101911,"{""type"":""MultiPoint"",""coordinates"":[]}"
20060614,2006-06-14,0.07525611193330978,"{""type"":""MultiPoint"",""coordinates"":[]}"
20060615,2006-06-15,2.364787258976477,"{""type"":""MultiPoint"",""coordinates"":[]}"
20060616,2006-06-16,8.091129264720328,"{""type"":""MultiPoint"",""coordinates"":[]}"
20060617,2006-06-17,0.6814477933365972,"{""type"":""MultiPoint"",""coordinates"":[]}"
20060618,2006-06-18,0.6764494713288954,"{""type"":""MultiPoint"",""coordinates"":[]}"
20060619,2006-06-19,5.498423269269421,"{""type"":""MultiPoint"",""coordinates"":[]}"
20060620,2006-06-20,10.744082805875342,"{""type"":""MultiPoint"",""coordinates"":[]}"
20060621,2006-06-21,4.214551737746084,"{""type"":""MultiPoint"",""coordinates"":[]}"
20060622,2006-06-22,4.934288475976263,"{""type"":""MultiPoint"",""coordinates"":[]}"
20060623,2006-06-23,13.456412081628779,"{""type"":""MultiPoint"",""coordinates"":[]}"
20060624,2006-06-24,9.189917479024668,"{""type"":""MultiPoint"",""coordinates"":[]}"
20060625,2006-06-25,1.4484823434643894,"{""type"":""MultiPoint"",""coordinates"":[]}"
20060626,2006-06-26,1.0579359518835834,"{""type"":""MultiPoint"",""coordinates"":[]}"
20060627,2006-06-27,4.827732532929467,"{""type"":""MultiPoint"",""coordinates"":[]}"
20060628,2006-06-28,10.434917175869696,"{""type"":""MultiPoint"",""coordinates"":[]}"
20060629,2006-06-29,4.791564127065531,"{""type"":""MultiPoint"",""coordinates"":[]}"
20060630,2006-06-30,5.733619736268097E-4,"{""type"":""MultiPoint"",""coordinates"":[]}"
20060701,2006-07-01,2.198567983684527,"{""type"":""MultiPoint"",""coordinates"":[]}"
20060702,2006-07-02,4.128129058982173,"{""type"":""MultiPoint"",""coordinates"":[]}"
20060703,2006-07-03,4.274773551268383,"{""type"":""MultiPoint"",""coordinates"":[]}"
20060704,2006-07-04,6.038073410241032,"{""type"":""MultiPoint"",""coordinates"":[]}"
20060705,2006-07-05,0.16620458905501787,"{""type"":""MultiPoint"",""coordinates"":[]}"
20060706,2006-07-06,0.0,"{""type"":""MultiPoint"",""coordinates"":[]}"
20060707,2006-07-07,0.0,"{""type"":""MultiPoint"",""coordinates"":[]}"
20060708,2006-07-08,0.0,"{""type"":""MultiPoint"",""coordinates"":[]}"
20060709,2006-07-09,0.44473390212071734,"{""type"":""MultiPoint"",""coordinates"":[]}"
20060710,2006-07-10,0.0,"{""type"":""MultiPoint"",""coordinates"":[]}"
20060711,2006-07-11,3.0149832282235933,"{""type"":""MultiPoint"",""coordinates"":[]}"
20060712,2006-07-12,0.3431190027768775,"{""type"":""MultiPoint"",""coordinates"":[]}"
20060713,2006-07-13,0.01630806745597008,"{""type"":""MultiPoint"",""coordinates"":[]}"
20060714,2006-07-14,5.6160253046101865,"{""type"":""MultiPoint"",""coordinates"":[]}"
20060715,2006-07-15,0.052745181805204516,"{""type"":""MultiPoint"",""coordinates"":[]}"
20060716,2006-07-16,0.0,"{""type"":""MultiPoint"",""coordinates"":[]}"
20060717,2006-07-17,0.0,"{""type"":""MultiPoint"",""coordinates"":[]}"
20060718,2006-07-18,0.0,"{""type"":""MultiPoint"",""coordinates"":[]}"
20060719,2006-07-19,0.0,"{""type"":""MultiPoint"",""coordinates"":[]}"
20060720,2006-07-20,0.0,"{""type"":""MultiPoint"",""coordinates"":[]}"
20060721,2006-07-21,1.4679569708369768,"{""type"":""MultiPoint"",""coordinates"":[]}"
20060722,2006-07-22,6.498388421000137,"{""type"":""MultiPoint"",""coordinates"":[]}"
20060723,2006-07-23,2.500067376574894,"{""type"":""MultiPoint"",""coordinates"":[]}"
20060724,2006-07-24,1.7292946616286882,"{""type"":""MultiPoint"",""coordinates"":[]}"
20060725,2006-07-25,2.3006385853871767,"{""type"":""MultiPoint"",""coordinates"":[]}"
20060726,2006-07-26,11.016696288872263,"{""type"":""MultiPoint"",""coordinates"":[]}"
20060727,2006-07-27,21.41493456800707,"{""type"":""MultiPoint"",""coordinates"":[]}"
20060728,2006-07-28,4.315369509357135,"{""type"":""MultiPoint"",""coordinates"":[]}"
20060729,2006-07-29,2.9345422899879097,"{""type"":""MultiPoint"",""coordinates"":[]}"
20060730,2006-07-30,0.22558590273841103,"{""type"":""MultiPoint"",""coordinates"":[]}"
20060731,2006-07-31,0.0,"{""type"":""MultiPoint"",""coordinates"":[]}"
20060801,2006-08-01,0.22810237713475476,"{""type"":""MultiPoint"",""coordinates"":[]}"
20060802,2006-08-02,4.163245108364016,"{""type"":""MultiPoint"",""coordinates"":[]}"
20060803,2006-08-03,7.688330253777909,"{""type"":""MultiPoint"",""coordinates"":[]}"
20060804,2006-08-04,7.687440968406805,"{""type"":""MultiPoint"",""coordinates"":[]}"
20060805,2006-08-05,4.3910285514119245,"{""type"":""MultiPoint"",""coordinates"":[]}"
20060806,2006-08-06,2.703658552245662,"{""type"":""MultiPoint"",""coordinates"":[]}"
20060807,2006-08-07,0.0,"{""type"":""MultiPoint"",""coordinates"":[]}"
20060808,2006-08-08,0.41713765988355617,"{""type"":""MultiPoint"",""coordinates"":[]}"
20060809,2006-08-09,1.3837618413531068,"{""type"":""MultiPoint"",""coordinates"":[]}"
20060810,2006-08-10,2.177785297645614,"{""type"":""MultiPoint"",""coordinates"":[]}"
20060811,2006-08-11,1.561906985170101,"{""type"":""MultiPoint"",""coordinates"":[]}"
20060812,2006-08-12,0.2811081881467342,"{""type"":""MultiPoint"",""coordinates"":[]}"
20060813,2006-08-13,0.2849353958429203,"{""type"":""MultiPoint"",""coordinates"":[]}"
20060814,2006-08-14,0.0,"{""type"":""MultiPoint"",""coordinates"":[]}"
20060815,2006-08-15,1.1137590850159556,"{""type"":""MultiPoint"",""coordinates"":[]}"
20060816,2006-08-16,0.5135556610771168,"{""type"":""MultiPoint"",""coordinates"":[]}"
20060817,2006-08-17,0.26544371585236115,"{""type"":""MultiPoint"",""coordinates"":[]}"
20060818,2006-08-18,0.38721649479386366,"{""type"":""MultiPoint"",""coordinates"":[]}"
20060819,2006-08-19,2.5229138163050546,"{""type"":""MultiPoint"",""coordinates"":[]}"
20060820,2006-08-20,6.7416155525785255,"{""type"":""MultiPoint"",""coordinates"":[]}"
20060821,2006-08-21,5.8899879302785925,"{""type"":""MultiPoint"",""coordinates"":[]}"
20060822,2006-08-22,3.304272646828866,"{""type"":""MultiPoint"",""coordinates"":[]}"
20060823,2006-08-23,0.6207508631137765,"{""type"":""MultiPoint"",""coordinates"":[]}"
20060824,2006-08-24,0.0,"{""type"":""MultiPoint"",""coordinates"":[]}"
20060825,2006-08-25,0.0,"{""type"":""MultiPoint"",""coordinates"":[]}"
20060826,2006-08-26,0.9469452614443055,"{""type"":""MultiPoint"",""coordinates"":[]}"
20060827,2006-08-27,0.0,"{""type"":""MultiPoint"",""coordinates"":[]}"
20060828,2006-08-28,6.048484488946207,"{""type"":""MultiPoint"",""coordinates"":[]}"
20060829,2006-08-29,2.582493952980841,"{""type"":""MultiPoint"",""coordinates"":[]}"
20060830,2006-08-30,1.125977973964319,"{""type"":""MultiPoint"",""coordinates"":[]}"
20060831,2006-08-31,0.657744873894381,"{""type"":""MultiPoint"",""coordinates"":[]}"
20060901,2006-09-01,0.0,"{""type"":""MultiPoint"",""coordinates"":[]}"
20060902,2006-09-02,3.8337948954859846,"{""type"":""MultiPoint"",""coordinates"":[]}"
20060903,2006-09-03,5.9646457268371735,"{""type"":""MultiPoint"",""coordinates"":[]}"
20060904,2006-09-04,11.514373841848954,"{""type"":""MultiPoint"",""coordinates"":[]}"
20060905,2006-09-05,5.1746694516688185,"{""type"":""MultiPoint"",""coordinates"":[]}"
20060906,2006-09-06,3.465027355785034,"{""type"":""MultiPoint"",""coordinates"":[]}"
20060907,2006-09-07,0.12457049527849366,"{""type"":""MultiPoint"",""coordinates"":[]}"
20060908,2006-09-08,0.016033440213104558,"{""type"":""MultiPoint"",""coordinates"":[]}"
20060909,2006-09-09,0.15695547566485876,"{""type"":""MultiPoint"",""coordinates"":[]}"
20060910,2006-09-10,0.0,"{""type"":""MultiPoint"",""coordinates"":[]}"
20060911,2006-09-11,4.475796866272392,"{""type"":""MultiPoint"",""coordinates"":[]}"
20060912,2006-09-12,13.984795908580471,"{""type"":""MultiPoint"",""coordinates"":[]}"
20060913,2006-09-13,12.141028139827547,"{""type"":""MultiPoint"",""coordinates"":[]}"
20060914,2006-09-14,12.268408947345966,"{""type"":""MultiPoint"",""coordinates"":[]}"
20060915,2006-09-15,13.18335970889538,"{""type"":""MultiPoint"",""coordinates"":[]}"
20060916,2006-09-16,8.34630503569413,"{""type"":""MultiPoint"",""coordinates"":[]}"
20060917,2006-09-17,1.3557886953578888,"{""type"":""MultiPoint"",""coordinates"":[]}"
20060918,2006-09-18,1.8856486058628283,"{""type"":""MultiPoint"",""coordinates"":[]}"
20060919,2006-09-19,5.4010542521546885,"{""type"":""MultiPoint"",""coordinates"":[]}"
20060920,2006-09-20,2.1741098762373303,"{""type"":""MultiPoint"",""coordinates"":[]}"
20060921,2006-09-21,2.216382412764631,"{""type"":""MultiPoint"",""coordinates"":[]}"
20060922,2006-09-22,0.3852100438527004,"{""type"":""MultiPoint"",""coordinates"":[]}"
20060923,2006-09-23,4.4154511217859795,"{""type"":""MultiPoint"",""coordinates"":[]}"
20060924,2006-09-24,5.984198510948329,"{""type"":""MultiPoint"",""coordinates"":[]}"
20060925,2006-09-25,1.9885614146945811,"{""type"":""MultiPoint"",""coordinates"":[]}"
20060926,2006-09-26,3.657095222185536,"{""type"":""MultiPoint"",""coordinates"":[]}"
20060927,2006-09-27,0.3622538434495687,"{""type"":""MultiPoint"",""coordinates"":[]}"
20060928,2006-09-28,0.41896688316247427,"{""type"":""MultiPoint"",""coordinates"":[]}"
20060929,2006-09-29,4.722996585017516,"{""type"":""MultiPoint"",""coordinates"":[]}"
20060930,2006-09-30,0.2589863412660186,"{""type"":""MultiPoint"",""coordinates"":[]}"
20061001,2006-10-01,6.296653449953802,"{""type"":""MultiPoint"",""coordinates"":[]}"
20061002,2006-10-02,0.20627441735103214,"{""type"":""MultiPoint"",""coordinates"":[]}"
20061003,2006-10-03,1.841702332496459,"{""type"":""MultiPoint"",""coordinates"":[]}"
20061004,2006-10-04,5.303354037122413,"{""type"":""MultiPoint"",""coordinates"":[]}"
20061005,2006-10-05,0.13037555908316253,"{""type"":""MultiPoint"",""coordinates"":[]}"
20061006,2006-10-06,11.481499542950452,"{""type"":""MultiPoint"",""coordinates"":[]}"
20061007,2006-10-07,2.897406724593298,"{""type"":""MultiPoint"",""coordinates"":[]}"
20061008,2006-10-08,6.862885311910507,"{""type"":""MultiPoint"",""coordinates"":[]}"
20061009,2006-10-09,0.32897686203939197,"{""type"":""MultiPoint"",""coordinates"":[]}"
20061010,2006-10-10,0.0,"{""type"":""MultiPoint"",""coordinates"":[]}"
20061011,2006-10-11,0.06124053641802171,"{""type"":""MultiPoint"",""coordinates"":[]}"
20061012,2006-10-12,0.0,"{""type"":""MultiPoint"",""coordinates"":[]}"
20061013,2006-10-13,0.0,"{""type"":""MultiPoint"",""coordinates"":[]}"
20061014,2006-10-14,0.0,"{""type"":""MultiPoint"",""coordinates"":[]}"
20061015,2006-10-15,0.11895174549303264,"{""type"":""MultiPoint"",""coordinates"":[]}"
20061016,2006-10-16,2.4265181078820417,"{""type"":""MultiPoint"",""coordinates"":[]}"
20061017,2006-10-17,1.3154451024317348,"{""type"":""MultiPoint"",""coordinates"":[]}"
20061018,2006-10-18,0.04846834469684862,"{""type"":""MultiPoint"",""coordinates"":[]}"
20061019,2006-10-19,0.0,"{""type"":""MultiPoint"",""coordinates"":[]}"
20061020,2006-10-20,0.0,"{""type"":""MultiPoint"",""coordinates"":[]}"
20061021,2006-10-21,0.0,"{""type"":""MultiPoint"",""coordinates"":[]}"
20061022,2006-10-22,0.0,"{""type"":""MultiPoint"",""coordinates"":[]}"
20061023,2006-10-23,0.0,"{""type"":""MultiPoint"",""coordinates"":[]}"
20061024,2006-10-24,10.014985408557221,"{""type"":""MultiPoint"",""coordinates"":[]}"
20061025,2006-10-25,1.8821880242932911,"{""type"":""MultiPoint"",""coordinates"":[]}"
20061026,2006-10-26,0.09296291515339884,"{""type"":""MultiPoint"",""coordinates"":[]}"
20061027,2006-10-27,10.977868924187142,"{""type"":""MultiPoint"",""coordinates"":[]}"
20061028,2006-10-28,14.667867587497163,"{""type"":""MultiPoint"",""coordinates"":[]}"
20061029,2006-10-29,4.9518645949237925,"{""type"":""MultiPoint"",""coordinates"":[]}"
20061030,2006-10-30,2.249454345597068,"{""type"":""MultiPoint"",""coordinates"":[]}"
20061031,2006-10-31,0.40356714110413683,"{""type"":""MultiPoint"",""coordinates"":[]}"
20061101,2006-11-01,8.814620187296649,"{""type"":""MultiPoint"",""coordinates"":[]}"
20061102,2006-11-02,3.4687901479468675,"{""type"":""MultiPoint"",""coordinates"":[]}"
20061103,2006-11-03,3.3241130306964064,"{""type"":""MultiPoint"",""coordinates"":[]}"
20061104,2006-11-04,0.002265797294041925,"{""type"":""MultiPoint"",""coordinates"":[]}"
20061105,2006-11-05,0.0,"{""type"":""MultiPoint"",""coordinates"":[]}"
20061106,2006-11-06,0.1409051456124404,"{""type"":""MultiPoint"",""coordinates"":[]}"
20061107,2006-11-07,7.66595821642814,"{""type"":""MultiPoint"",""coordinates"":[]}"
20061108,2006-11-08,3.906103666389284,"{""type"":""MultiPoint"",""coordinates"":[]}"
20061109,2006-11-09,0.049681446923019026,"{""type"":""MultiPoint"",""coordinates"":[]}"
20061110,2006-11-10,0.06469267488202612,"{""type"":""MultiPoint"",""coordinates"":[]}"
20061111,2006-11-11,0.00599519674964967,"{""type"":""MultiPoint"",""coordinates"":[]}"
20061112,2006-11-12,0.001460199355710845,"{""type"":""MultiPoint"",""coordinates"":[]}"
20061113,2006-11-13,0.2643919509152361,"{""type"":""MultiPoint"",""coordinates"":[]}"
20061114,2006-11-14,0.02240096167090704,"{""type"":""MultiPoint"",""coordinates"":[]}"
20061115,2006-11-15,0.5125716833606689,"{""type"":""MultiPoint"",""coordinates"":[]}"
20061116,2006-11-16,0.08121567719248857,"{""type"":""MultiPoint"",""coordinates"":[]}"
20061117,2006-11-17,0.7025261906623363,"{""type"":""MultiPoint"",""coordinates"":[]}"
20061118,2006-11-18,7.3401428277526515,"{""type"":""MultiPoint"",""coordinates"":[]}"
20061119,2006-11-19,0.5209249874806872,"{""type"":""MultiPoint"",""coordinates"":[]}"
20061120,2006-11-20,0.0,"{""type"":""MultiPoint"",""coordinates"":[]}"
20061121,2006-11-21,28.99160199222608,"{""type"":""MultiPoint"",""coordinates"":[]}"
20061122,2006-11-22,0.030992676640319183,"{""type"":""MultiPoint"",""coordinates"":[]}"
20061123,2006-11-23,0.0,"{""type"":""MultiPoint"",""coordinates"":[]}"
20061124,2006-11-24,0.0,"{""type"":""MultiPoint"",""coordinates"":[]}"
20061125,2006-11-25,0.22230412432800997,"{""type"":""MultiPoint"",""coordinates"":[]}"
20061126,2006-11-26,0.010725586875670712,"{""type"":""MultiPoint"",""coordinates"":[]}"
20061127,2006-11-27,0.0,"{""type"":""MultiPoint"",""coordinates"":[]}"
20061128,2006-11-28,0.0,"{""type"":""MultiPoint"",""coordinates"":[]}"
20061129,2006-11-29,0.0,"{""type"":""MultiPoint"",""coordinates"":[]}"
20061130,2006-11-30,0.0,"{""type"":""MultiPoint"",""coordinates"":[]}"
20061201,2006-12-01,1.4178707064968032,"{""type"":""MultiPoint"",""coordinates"":[]}"
20061202,2006-12-02,0.0,"{""type"":""MultiPoint"",""coordinates"":[]}"
20061203,2006-12-03,0.19308033457832388,"{""type"":""MultiPoint"",""coordinates"":[]}"
20061204,2006-12-04,1.3291867081463584,"{""type"":""MultiPoint"",""coordinates"":[]}"
20061205,2006-12-05,0.0025363680745301696,"{""type"":""MultiPoint"",""coordinates"":[]}"
20061206,2006-12-06,0.0,"{""type"":""MultiPoint"",""coordinates"":[]}"
20061207,2006-12-07,0.0,"{""type"":""MultiPoint"",""coordinates"":[]}"
20061208,2006-12-08,0.0,"{""type"":""MultiPoint"",""coordinates"":[]}"
20061209,2006-12-09,0.0,"{""type"":""MultiPoint"",""coordinates"":[]}"
20061210,2006-12-10,2.444773277651046,"{""type"":""MultiPoint"",""coordinates"":[]}"
20061211,2006-12-11,2.733601492386729,"{""type"":""MultiPoint"",""coordinates"":[]}"
20061212,2006-12-12,0.0,"{""type"":""MultiPoint"",""coordinates"":[]}"
20061213,2006-12-13,0.0,"{""type"":""MultiPoint"",""coordinates"":[]}"
20061214,2006-12-14,0.0070732796280090484,"{""type"":""MultiPoint"",""coordinates"":[]}"
20061215,2006-12-15,0.0,"{""type"":""MultiPoint"",""coordinates"":[]}"
20061216,2006-12-16,0.0,"{""type"":""MultiPoint"",""coordinates"":[]}"
20061217,2006-12-17,0.0,"{""type"":""MultiPoint"",""coordinates"":[]}"
20061218,2006-12-18,0.0,"{""type"":""MultiPoint"",""coordinates"":[]}"
20061219,2006-12-19,0.0,"{""type"":""MultiPoint"",""coordinates"":[]}"
20061220,2006-12-20,0.0,"{""type"":""MultiPoint"",""coordinates"":[]}"
20061221,2006-12-21,0.4081103492704705,"{""type"":""MultiPoint"",""coordinates"":[]}"
20061222,2006-12-22,0.0,"{""type"":""MultiPoint"",""coordinates"":[]}"
20061223,2006-12-23,0.6304846586663507,"{""type"":""MultiPoint"",""coordinates"":[]}"
20061224,2006-12-24,0.0,"{""type"":""MultiPoint"",""coordinates"":[]}"
20061225,2006-12-25,0.0,"{""type"":""MultiPoint"",""coordinates"":[]}"
20061226,2006-12-26,0.07444485441461911,"{""type"":""MultiPoint"",""coordinates"":[]}"
20061227,2006-12-27,0.0,"{""type"":""MultiPoint"",""coordinates"":[]}"
20061228,2006-12-28,0.0,"{""type"":""MultiPoint"",""coordinates"":[]}"
20061229,2006-12-29,0.0,"{""type"":""MultiPoint"",""coordinates"":[]}"
20061230,2006-12-30,0.0,"{""type"":""MultiPoint"",""coordinates"":[]}"
20061231,2006-12-31,0.0,"{""type"":""MultiPoint"",""coordinates"":[]}"
20070101,2007-01-01,0.0,"{""type"":""MultiPoint"",""coordinates"":[]}"
20070102,2007-01-02,0.0,"{""type"":""MultiPoint"",""coordinates"":[]}"
20070103,2007-01-03,0.0,"{""type"":""MultiPoint"",""coordinates"":[]}"
20070104,2007-01-04,0.0,"{""type"":""MultiPoint"",""coordinates"":[]}"
20070105,2007-01-05,0.04978891540808251,"{""type"":""MultiPoint"",""coordinates"":[]}"
20070106,2007-01-06,0.0,"{""type"":""MultiPoint"",""coordinates"":[]}"
20070107,2007-01-07,0.0,"{""type"":""MultiPoint"",""coordinates"":[]}"
20070108,2007-01-08,0.0,"{""type"":""MultiPoint"",""coordinates"":[]}"
20070109,2007-01-09,0.09855479044394454,"{""type"":""MultiPoint"",""coordinates"":[]}"
20070110,2007-01-10,0.14953223708035265,"{""type"":""MultiPoint"",""coordinates"":[]}"
20070111,2007-01-11,0.9938652631485883,"{""type"":""MultiPoint"",""coordinates"":[]}"
20070112,2007-01-12,0.10254903483741573,"{""type"":""MultiPoint"",""coordinates"":[]}"
20070113,2007-01-13,0.0,"{""type"":""MultiPoint"",""coordinates"":[]}"
20070114,2007-01-14,0.0,"{""type"":""MultiPoint"",""coordinates"":[]}"
20070115,2007-01-15,0.0,"{""type"":""MultiPoint"",""coordinates"":[]}"
20070116,2007-01-16,0.0,"{""type"":""MultiPoint"",""coordinates"":[]}"
20070117,2007-01-17,0.0,"{""type"":""MultiPoint"",""coordinates"":[]}"
20070118,2007-01-18,0.0,"{""type"":""MultiPoint"",""coordinates"":[]}"
20070119,2007-01-19,0.0,"{""type"":""MultiPoint"",""coordinates"":[]}"
20070120,2007-01-20,0.0,"{""type"":""MultiPoint"",""coordinates"":[]}"
20070121,2007-01-21,0.0,"{""type"":""MultiPoint"",""coordinates"":[]}"
20070122,2007-01-22,0.5377507554542035,"{""type"":""MultiPoint"",""coordinates"":[]}"
20070123,2007-01-23,0.0,"{""type"":""MultiPoint"",""coordinates"":[]}"
20070124,2007-01-24,0.05893786765067382,"{""type"":""MultiPoint"",""coordinates"":[]}"
20070125,2007-01-25,0.08561757226135204,"{""type"":""MultiPoint"",""coordinates"":[]}"
20070126,2007-01-26,0.0,"{""type"":""MultiPoint"",""coordinates"":[]}"
20070127,2007-01-27,0.0,"{""type"":""MultiPoint"",""coordinates"":[]}"
20070128,2007-01-28,0.6926831271674464,"{""type"":""MultiPoint"",""coordinates"":[]}"
20070129,2007-01-29,0.0,"{""type"":""MultiPoint"",""coordinates"":[]}"
20070130,2007-01-30,0.07557747515305621,"{""type"":""MultiPoint"",""coordinates"":[]}"
20070131,2007-01-31,0.0,"{""type"":""MultiPoint"",""coordinates"":[]}"
20070201,2007-02-01,0.0,"{""type"":""MultiPoint"",""coordinates"":[]}"
20070202,2007-02-02,0.0,"{""type"":""MultiPoint"",""coordinates"":[]}"
20070203,2007-02-03,0.0,"{""type"":""MultiPoint"",""coordinates"":[]}"
20070204,2007-02-04,0.0,"{""type"":""MultiPoint"",""coordinates"":[]}"
20070205,2007-02-05,0.0,"{""type"":""MultiPoint"",""coordinates"":[]}"
20070206,2007-02-06,0.0,"{""type"":""MultiPoint"",""coordinates"":[]}"
20070207,2007-02-07,0.0,"{""type"":""MultiPoint"",""coordinates"":[]}"
20070208,2007-02-08,0.0,"{""type"":""MultiPoint"",""coordinates"":[]}"
20070209,2007-02-09,0.0,"{""type"":""MultiPoint"",""coordinates"":[]}"
20070210,2007-02-10,0.0,"{""type"":""MultiPoint"",""coordinates"":[]}"
20070211,2007-02-11,0.0,"{""type"":""MultiPoint"",""coordinates"":[]}"
20070212,2007-02-12,0.0,"{""type"":""MultiPoint"",""coordinates"":[]}"
20070213,2007-02-13,0.0,"{""type"":""MultiPoint"",""coordinates"":[]}"
20070214,2007-02-14,0.0,"{""type"":""MultiPoint"",""coordinates"":[]}"
20070215,2007-02-15,0.0,"{""type"":""MultiPoint"",""coordinates"":[]}"
20070216,2007-02-16,0.0,"{""type"":""MultiPoint"",""coordinates"":[]}"
20070217,2007-02-17,0.0,"{""type"":""MultiPoint"",""coordinates"":[]}"
20070218,2007-02-18,0.0,"{""type"":""MultiPoint"",""coordinates"":[]}"
20070219,2007-02-19,0.0,"{""type"":""MultiPoint"",""coordinates"":[]}"
20070220,2007-02-20,0.0,"{""type"":""MultiPoint"",""coordinates"":[]}"
20070221,2007-02-21,0.0,"{""type"":""MultiPoint"",""coordinates"":[]}"
20070222,2007-02-22,0.0,"{""type"":""MultiPoint"",""coordinates"":[]}"
20070223,2007-02-23,0.0,"{""type"":""MultiPoint"",""coordinates"":[]}"
20070224,2007-02-24,0.0,"{""type"":""MultiPoint"",""coordinates"":[]}"
20070225,2007-02-25,0.0,"{""type"":""MultiPoint"",""coordinates"":[]}"
20070226,2007-02-26,0.0,"{""type"":""MultiPoint"",""coordinates"":[]}"
20070227,2007-02-27,0.0,"{""type"":""MultiPoint"",""coordinates"":[]}"
20070228,2007-02-28,0.0,"{""type"":""MultiPoint"",""coordinates"":[]}"
20070301,2007-03-01,0.0,"{""type"":""MultiPoint"",""coordinates"":[]}"
20070302,2007-03-02,0.11532575223613174,"{""type"":""MultiPoint"",""coordinates"":[]}"
20070303,2007-03-03,0.0569681433216874,"{""type"":""MultiPoint"",""coordinates"":[]}"
20070304,2007-03-04,0.0,"{""type"":""MultiPoint"",""coordinates"":[]}"
20070305,2007-03-05,0.0,"{""type"":""MultiPoint"",""coordinates"":[]}"
20070306,2007-03-06,0.0,"{""type"":""MultiPoint"",""coordinates"":[]}"
20070307,2007-03-07,0.0,"{""type"":""MultiPoint"",""coordinates"":[]}"
20070308,2007-03-08,0.0,"{""type"":""MultiPoint"",""coordinates"":[]}"
20070309,2007-03-09,0.0,"{""type"":""MultiPoint"",""coordinates"":[]}"
20070310,2007-03-10,0.0,"{""type"":""MultiPoint"",""coordinates"":[]}"
20070311,2007-03-11,0.0,"{""type"":""MultiPoint"",""coordinates"":[]}"
20070312,2007-03-12,0.0,"{""type"":""MultiPoint"",""coordinates"":[]}"
20070313,2007-03-13,0.0,"{""type"":""MultiPoint"",""coordinates"":[]}"
20070314,2007-03-14,0.0,"{""type"":""MultiPoint"",""coordinates"":[]}"
20070315,2007-03-15,0.0,"{""type"":""MultiPoint"",""coordinates"":[]}"
20070316,2007-03-16,0.0,"{""type"":""MultiPoint"",""coordinates"":[]}"
20070317,2007-03-17,0.0,"{""type"":""MultiPoint"",""coordinates"":[]}"
20070318,2007-03-18,0.0,"{""type"":""MultiPoint"",""coordinates"":[]}"
20070319,2007-03-19,0.0,"{""type"":""MultiPoint"",""coordinates"":[]}"
20070320,2007-03-20,0.0,"{""type"":""MultiPoint"",""coordinates"":[]}"
20070321,2007-03-21,0.0,"{""type"":""MultiPoint"",""coordinates"":[]}"
20070322,2007-03-22,0.0,"{""type"":""MultiPoint"",""coordinates"":[]}"
20070323,2007-03-23,0.0,"{""type"":""MultiPoint"",""coordinates"":[]}"
20070324,2007-03-24,0.0,"{""type"":""MultiPoint"",""coordinates"":[]}"
20070325,2007-03-25,0.0,"{""type"":""MultiPoint"",""coordinates"":[]}"
20070326,2007-03-26,0.0,"{""type"":""MultiPoint"",""coordinates"":[]}"
20070327,2007-03-27,0.0,"{""type"":""MultiPoint"",""coordinates"":[]}"
20070328,2007-03-28,0.0,"{""type"":""MultiPoint"",""coordinates"":[]}"
20070329,2007-03-29,0.0,"{""type"":""MultiPoint"",""coordinates"":[]}"
20070330,2007-03-30,0.0,"{""type"":""MultiPoint"",""coordinates"":[]}"
20070331,2007-03-31,0.0,"{""type"":""MultiPoint"",""coordinates"":[]}"
20070401,2007-04-01,0.0,"{""type"":""MultiPoint"",""coordinates"":[]}"
20070402,2007-04-02,0.0,"{""type"":""MultiPoint"",""coordinates"":[]}"
20070403,2007-04-03,0.0,"{""type"":""MultiPoint"",""coordinates"":[]}"
20070404,2007-04-04,0.0,"{""type"":""MultiPoint"",""coordinates"":[]}"
20070405,2007-04-05,0.0,"{""type"":""MultiPoint"",""coordinates"":[]}"
20070406,2007-04-06,0.3195662158370668,"{""type"":""MultiPoint"",""coordinates"":[]}"
20070407,2007-04-07,1.6632266906406377,"{""type"":""MultiPoint"",""coordinates"":[]}"
20070408,2007-04-08,0.0,"{""type"":""MultiPoint"",""coordinates"":[]}"
20070409,2007-04-09,0.27310531175508973,"{""type"":""MultiPoint"",""coordinates"":[]}"
20070410,2007-04-10,0.3717512566440193,"{""type"":""MultiPoint"",""coordinates"":[]}"
20070411,2007-04-11,0.0,"{""type"":""MultiPoint"",""coordinates"":[]}"
20070412,2007-04-12,0.2307931416043077,"{""type"":""MultiPoint"",""coordinates"":[]}"
20070413,2007-04-13,0.0,"{""type"":""MultiPoint"",""coordinates"":[]}"
20070414,2007-04-14,0.010820120866038042,"{""type"":""MultiPoint"",""coordinates"":[]}"
20070415,2007-04-15,0.0,"{""type"":""MultiPoint"",""coordinates"":[]}"
20070416,2007-04-16,0.0,"{""type"":""MultiPoint"",""coordinates"":[]}"
20070417,2007-04-17,0.0,"{""type"":""MultiPoint"",""coordinates"":[]}"
20070418,2007-04-18,0.5651210437627651,"{""type"":""MultiPoint"",""coordinates"":[]}"
20070419,2007-04-19,6.656554590273391,"{""type"":""MultiPoint"",""coordinates"":[]}"
20070420,2007-04-20,2.5251044468386783,"{""type"":""MultiPoint"",""coordinates"":[]}"
20070421,2007-04-21,0.9549201047627185,"{""type"":""MultiPoint"",""coordinates"":[]}"
20070422,2007-04-22,0.5323441892842757,"{""type"":""MultiPoint"",""coordinates"":[]}"
20070423,2007-04-23,2.536488015696723,"{""type"":""MultiPoint"",""coordinates"":[]}"
20070424,2007-04-24,0.0,"{""type"":""MultiPoint"",""coordinates"":[]}"
20070425,2007-04-25,0.0,"{""type"":""MultiPoint"",""coordinates"":[]}"
20070426,2007-04-26,0.0,"{""type"":""MultiPoint"",""coordinates"":[]}"
20070427,2007-04-27,0.0,"{""type"":""MultiPoint"",""coordinates"":[]}"
20070428,2007-04-28,0.0,"{""type"":""MultiPoint"",""coordinates"":[]}"
20070429,2007-04-29,0.0,"{""type"":""MultiPoint"",""coordinates"":[]}"
20070430,2007-04-30,0.0,"{""type"":""MultiPoint"",""coordinates"":[]}"
20070501,2007-05-01,0.004574592386833392,"{""type"":""MultiPoint"",""coordinates"":[]}"
20070502,2007-05-02,2.665287267990996,"{""type"":""MultiPoint"",""coordinates"":[]}"
20070503,2007-05-03,11.475652143278287,"{""type"":""MultiPoint"",""coordinates"":[]}"
20070504,2007-05-04,0.7628865160048871,"{""type"":""MultiPoint"",""coordinates"":[]}"
20070505,2007-05-05,0.5501342485755387,"{""type"":""MultiPoint"",""coordinates"":[]}"
20070506,2007-05-06,6.235956433195267,"{""type"":""MultiPoint"",""coordinates"":[]}"
20070507,2007-05-07,0.06599204650821754,"{""type"":""MultiPoint"",""coordinates"":[]}"
20070508,2007-05-08,0.6939863110829648,"{""type"":""MultiPoint"",""coordinates"":[]}"
20070509,2007-05-09,0.0,"{""type"":""MultiPoint"",""coordinates"":[]}"
20070510,2007-05-10,0.0,"{""type"":""MultiPoint"",""coordinates"":[]}"
20070511,2007-05-11,0.0,"{""type"":""MultiPoint"",""coordinates"":[]}"
20070512,2007-05-12,0.0,"{""type"":""MultiPoint"",""coordinates"":[]}"
20070513,2007-05-13,7.583458469554524E-5,"{""type"":""MultiPoint"",""coordinates"":[]}"
20070514,2007-05-14,0.0,"{""type"":""MultiPoint"",""coordinates"":[]}"
20070515,2007-05-15,0.0,"{""type"":""MultiPoint"",""coordinates"":[]}"
20070516,2007-05-16,0.0,"{""type"":""MultiPoint"",""coordinates"":[]}"
20070517,2007-05-17,0.0,"{""type"":""MultiPoint"",""coordinates"":[]}"
20070518,2007-05-18,0.0,"{""type"":""MultiPoint"",""coordinates"":[]}"
20070519,2007-05-19,0.0,"{""type"":""MultiPoint"",""coordinates"":[]}"
20070520,2007-05-20,0.0,"{""type"":""MultiPoint"",""coordinates"":[]}"
20070521,2007-05-21,0.16108506771525435,"{""type"":""MultiPoint"",""coordinates"":[]}"
20070522,2007-05-22,0.047010361628582686,"{""type"":""MultiPoint"",""coordinates"":[]}"
20070523,2007-05-23,6.169748867782985,"{""type"":""MultiPoint"",""coordinates"":[]}"
20070524,2007-05-24,2.5670018411766287,"{""type"":""MultiPoint"",""coordinates"":[]}"
20070525,2007-05-25,0.5381862874187026,"{""type"":""MultiPoint"",""coordinates"":[]}"
20070526,2007-05-26,15.576784545043932,"{""type"":""MultiPoint"",""coordinates"":[]}"
20070527,2007-05-27,0.31048557953783534,"{""type"":""MultiPoint"",""coordinates"":[]}"
20070528,2007-05-28,16.03593123696295,"{""type"":""MultiPoint"",""coordinates"":[]}"
20070529,2007-05-29,0.09190123184411211,"{""type"":""MultiPoint"",""coordinates"":[]}"
20070530,2007-05-30,0.0,"{""type"":""MultiPoint"",""coordinates"":[]}"
20070531,2007-05-31,0.0,"{""type"":""MultiPoint"",""coordinates"":[]}"
20070601,2007-06-01,0.0,"{""type"":""MultiPoint"",""coordinates"":[]}"
20070602,2007-06-02,2.7262703638304733,"{""type"":""MultiPoint"",""coordinates"":[]}"
20070603,2007-06-03,0.23194305110807226,"{""type"":""MultiPoint"",""coordinates"":[]}"
20070604,2007-06-04,0.0,"{""type"":""MultiPoint"",""coordinates"":[]}"
20070605,2007-06-05,10.627863645332638,"{""type"":""MultiPoint"",""coordinates"":[]}"
20070606,2007-06-06,1.7101944693884907,"{""type"":""MultiPoint"",""coordinates"":[]}"
20070607,2007-06-07,22.782423451506837,"{""type"":""MultiPoint"",""coordinates"":[]}"
20070608,2007-06-08,0.0,"{""type"":""MultiPoint"",""coordinates"":[]}"
20070609,2007-06-09,13.3779879049587,"{""type"":""MultiPoint"",""coordinates"":[]}"
20070610,2007-06-10,0.676752648256173,"{""type"":""MultiPoint"",""coordinates"":[]}"
20070611,2007-06-11,0.37769854149864646,"{""type"":""MultiPoint"",""coordinates"":[]}"
20070612,2007-06-12,1.7971849166615501,"{""type"":""MultiPoint"",""coordinates"":[]}"
20070613,2007-06-13,4.7467113719988365,"{""type"":""MultiPoint"",""coordinates"":[]}"
20070614,2007-06-14,3.047341090903604,"{""type"":""MultiPoint"",""coordinates"":[]}"
20070615,2007-06-15,7.216630313051858,"{""type"":""MultiPoint"",""coordinates"":[]}"
20070616,2007-06-16,3.5488605180007444,"{""type"":""MultiPoint"",""coordinates"":[]}"
20070617,2007-06-17,0.07514067075931692,"{""type"":""MultiPoint"",""coordinates"":[]}"
20070618,2007-06-18,2.363005361699431,"{""type"":""MultiPoint"",""coordinates"":[]}"
20070619,2007-06-19,2.3745759612023343,"{""type"":""MultiPoint"",""coordinates"":[]}"
20070620,2007-06-20,10.189649961344289,"{""type"":""MultiPoint"",""coordinates"":[]}"
20070621,2007-06-21,33.2915228199424,"{""type"":""MultiPoint"",""coordinates"":[]}"
20070622,2007-06-22,33.16268367691474,"{""type"":""MultiPoint"",""coordinates"":[]}"
20070623,2007-06-23,7.4049113013797125,"{""type"":""MultiPoint"",""coordinates"":[]}"
20070624,2007-06-24,0.6496837362725888,"{""type"":""MultiPoint"",""coordinates"":[]}"
20070625,2007-06-25,2.758639229835864,"{""type"":""MultiPoint"",""coordinates"":[]}"
20070626,2007-06-26,5.333907006755134,"{""type"":""MultiPoint"",""coordinates"":[]}"
20070627,2007-06-27,13.386914906739479,"{""type"":""MultiPoint"",""coordinates"":[]}"
20070628,2007-06-28,9.52607864312566,"{""type"":""MultiPoint"",""coordinates"":[]}"
20070629,2007-06-29,5.239450915798734,"{""type"":""MultiPoint"",""coordinates"":[]}"
20070630,2007-06-30,2.359004862648128,"{""type"":""MultiPoint"",""coordinates"":[]}"
20070701,2007-07-01,0.0,"{""type"":""MultiPoint"",""coordinates"":[]}"
20070702,2007-07-02,0.0,"{""type"":""MultiPoint"",""coordinates"":[]}"
20070703,2007-07-03,0.0,"{""type"":""MultiPoint"",""coordinates"":[]}"
20070704,2007-07-04,1.5943091730733232,"{""type"":""MultiPoint"",""coordinates"":[]}"
20070705,2007-07-05,0.0,"{""type"":""MultiPoint"",""coordinates"":[]}"
20070706,2007-07-06,1.3003190466716594,"{""type"":""MultiPoint"",""coordinates"":[]}"
20070707,2007-07-07,1.8119940090203384,"{""type"":""MultiPoint"",""coordinates"":[]}"
20070708,2007-07-08,0.0,"{""type"":""MultiPoint"",""coordinates"":[]}"
20070709,2007-07-09,0.0,"{""type"":""MultiPoint"",""coordinates"":[]}"
20070710,2007-07-10,0.4137720656937217,"{""type"":""MultiPoint"",""coordinates"":[]}"
20070711,2007-07-11,5.196374703248126,"{""type"":""MultiPoint"",""coordinates"":[]}"
20070712,2007-07-12,2.195981317286961,"{""type"":""MultiPoint"",""coordinates"":[]}"
20070713,2007-07-13,1.6199021027079608,"{""type"":""MultiPoint"",""coordinates"":[]}"
20070714,2007-07-14,0.4012727027193121,"{""type"":""MultiPoint"",""coordinates"":[]}"
20070715,2007-07-15,9.764195800811743,"{""type"":""MultiPoint"",""coordinates"":[]}"
20070716,2007-07-16,7.700514395767166,"{""type"":""MultiPoint"",""coordinates"":[]}"
20070717,2007-07-17,0.3312898132420556,"{""type"":""MultiPoint"",""coordinates"":[]}"
20070718,2007-07-18,0.0,"{""type"":""MultiPoint"",""coordinates"":[]}"
20070719,2007-07-19,1.0062131093626168,"{""type"":""MultiPoint"",""coordinates"":[]}"
20070720,2007-07-20,4.547210666660767,"{""type"":""MultiPoint"",""coordinates"":[]}"
20070721,2007-07-21,11.187085022782533,"{""type"":""MultiPoint"",""coordinates"":[]}"
20070722,2007-07-22,1.0368641485112673,"{""type"":""MultiPoint"",""coordinates"":[]}"
20070723,2007-07-23,9.36109221582225,"{""type"":""MultiPoint"",""coordinates"":[]}"
20070724,2007-07-24,0.9457643245147288,"{""type"":""MultiPoint"",""coordinates"":[]}"
20070725,2007-07-25,0.297643328274604,"{""type"":""MultiPoint"",""coordinates"":[]}"
20070726,2007-07-26,2.9524920582343186,"{""type"":""MultiPoint"",""coordinates"":[]}"
20070727,2007-07-27,11.176931451776204,"{""type"":""MultiPoint"",""coordinates"":[]}"
20070728,2007-07-28,28.144158714754898,"{""type"":""MultiPoint"",""coordinates"":[]}"
20070729,2007-07-29,4.001253984024817,"{""type"":""MultiPoint"",""coordinates"":[]}"
20070730,2007-07-30,7.891667697777385,"{""type"":""MultiPoint"",""coordinates"":[]}"
20070731,2007-07-31,17.903513712764596,"{""type"":""MultiPoint"",""coordinates"":[]}"
20070801,2007-08-01,3.097115088705991,"{""type"":""MultiPoint"",""coordinates"":[]}"
20070802,2007-08-02,15.157822384403248,"{""type"":""MultiPoint"",""coordinates"":[]}"
20070803,2007-08-03,1.4771849873010983,"{""type"":""MultiPoint"",""coordinates"":[]}"
20070804,2007-08-04,2.803850915488412,"{""type"":""MultiPoint"",""coordinates"":[]}"
20070805,2007-08-05,0.3798926337159232,"{""type"":""MultiPoint"",""coordinates"":[]}"
20070806,2007-08-06,0.4624161338992124,"{""type"":""MultiPoint"",""coordinates"":[]}"
20070807,2007-08-07,4.336801730066939,"{""type"":""MultiPoint"",""coordinates"":[]}"
20070808,2007-08-08,0.0,"{""type"":""MultiPoint"",""coordinates"":[]}"
20070809,2007-08-09,0.0,"{""type"":""MultiPoint"",""coordinates"":[]}"
20070810,2007-08-10,0.0,"{""type"":""MultiPoint"",""coordinates"":[]}"
20070811,2007-08-11,0.9485080083631692,"{""type"":""MultiPoint"",""coordinates"":[]}"
20070812,2007-08-12,9.46897433653676,"{""type"":""MultiPoint"",""coordinates"":[]}"
20070813,2007-08-13,0.8744908372771354,"{""type"":""MultiPoint"",""coordinates"":[]}"
20070814,2007-08-14,0.0,"{""type"":""MultiPoint"",""coordinates"":[]}"
20070815,2007-08-15,0.0,"{""type"":""MultiPoint"",""coordinates"":[]}"
20070816,2007-08-16,0.0,"{""type"":""MultiPoint"",""coordinates"":[]}"
20070817,2007-08-17,0.5057266668808087,"{""type"":""MultiPoint"",""coordinates"":[]}"
20070818,2007-08-18,8.812574424561184,"{""type"":""MultiPoint"",""coordinates"":[]}"
20070819,2007-08-19,2.4706204908384017,"{""type"":""MultiPoint"",""coordinates"":[]}"
20070820,2007-08-20,8.384456692885564,"{""type"":""MultiPoint"",""coordinates"":[]}"
20070821,2007-08-21,2.038304964034177,"{""type"":""MultiPoint"",""coordinates"":[]}"
20070822,2007-08-22,3.455364057558975,"{""type"":""MultiPoint"",""coordinates"":[]}"
20070823,2007-08-23,3.791253201755386,"{""type"":""MultiPoint"",""coordinates"":[]}"
20070824,2007-08-24,18.038011290538496,"{""type"":""MultiPoint"",""coordinates"":[]}"
20070825,2007-08-25,7.0020680032863005,"{""type"":""MultiPoint"",""coordinates"":[]}"
20070826,2007-08-26,5.984479463504136,"{""type"":""MultiPoint"",""coordinates"":[]}"
20070827,2007-08-27,5.314269404538918,"{""type"":""MultiPoint"",""coordinates"":[]}"
20070828,2007-08-28,6.820647483183742,"{""type"":""MultiPoint"",""coordinates"":[]}"
20070829,2007-08-29,25.183010382040422,"{""type"":""MultiPoint"",""coordinates"":[]}"
20070830,2007-08-30,10.762261682343478,"{""type"":""MultiPoint"",""coordinates"":[]}"
20070831,2007-08-31,7.503842400582035,"{""type"":""MultiPoint"",""coordinates"":[]}"
20070901,2007-09-01,5.155419085396533,"{""type"":""MultiPoint"",""coordinates"":[]}"
20070902,2007-09-02,2.1471112071112173,"{""type"":""MultiPoint"",""coordinates"":[]}"
20070903,2007-09-03,0.2942222850692913,"{""type"":""MultiPoint"",""coordinates"":[]}"
20070904,2007-09-04,0.5079856751641514,"{""type"":""MultiPoint"",""coordinates"":[]}"
20070905,2007-09-05,10.040993463963149,"{""type"":""MultiPoint"",""coordinates"":[]}"
20070906,2007-09-06,20.06119073620403,"{""type"":""MultiPoint"",""coordinates"":[]}"
20070907,2007-09-07,1.78662939053979,"{""type"":""MultiPoint"",""coordinates"":[]}"
20070908,2007-09-08,0.8252367133997022,"{""type"":""MultiPoint"",""coordinates"":[]}"
20070909,2007-09-09,7.358560908609926,"{""type"":""MultiPoint"",""coordinates"":[]}"
20070910,2007-09-10,0.0,"{""type"":""MultiPoint"",""coordinates"":[]}"
20070911,2007-09-11,0.08279627407131572,"{""type"":""MultiPoint"",""coordinates"":[]}"
20070912,2007-09-12,0.12991032668714447,"{""type"":""MultiPoint"",""coordinates"":[]}"
20070913,2007-09-13,7.417344521533457,"{""type"":""MultiPoint"",""coordinates"":[]}"
20070914,2007-09-14,21.147445720088264,"{""type"":""MultiPoint"",""coordinates"":[]}"
20070915,2007-09-15,8.905700318152402,"{""type"":""MultiPoint"",""coordinates"":[]}"
20070916,2007-09-16,12.89064671953576,"{""type"":""MultiPoint"",""coordinates"":[]}"
20070917,2007-09-17,16.102529129958242,"{""type"":""MultiPoint"",""coordinates"":[]}"
20070918,2007-09-18,11.89162678848378,"{""type"":""MultiPoint"",""coordinates"":[]}"
20070919,2007-09-19,0.09826419245125582,"{""type"":""MultiPoint"",""coordinates"":[]}"
20070920,2007-09-20,3.9788962137111294,"{""type"":""MultiPoint"",""coordinates"":[]}"
20070921,2007-09-21,0.7590480931298582,"{""type"":""MultiPoint"",""coordinates"":[]}"
20070922,2007-09-22,0.04871366295698698,"{""type"":""MultiPoint"",""coordinates"":[]}"
20070923,2007-09-23,0.027787181398198982,"{""type"":""MultiPoint"",""coordinates"":[]}"
20070924,2007-09-24,1.5640076444577764,"{""type"":""MultiPoint"",""coordinates"":[]}"
20070925,2007-09-25,0.7401623018120194,"{""type"":""MultiPoint"",""coordinates"":[]}"
20070926,2007-09-26,1.4097477814716397,"{""type"":""MultiPoint"",""coordinates"":[]}"
20070927,2007-09-27,2.9884264142641164,"{""type"":""MultiPoint"",""coordinates"":[]}"
20070928,2007-09-28,0.19284841788203147,"{""type"":""MultiPoint"",""coordinates"":[]}"
20070929,2007-09-29,5.97856028446126,"{""type"":""MultiPoint"",""coordinates"":[]}"
20070930,2007-09-30,7.167145911131041,"{""type"":""MultiPoint"",""coordinates"":[]}"
20071001,2007-10-01,10.107073538652388,"{""type"":""MultiPoint"",""coordinates"":[]}"
20071002,2007-10-02,2.53715471061182,"{""type"":""MultiPoint"",""coordinates"":[]}"
20071003,2007-10-03,0.07752559545643428,"{""type"":""MultiPoint"",""coordinates"":[]}"
20071004,2007-10-04,1.6234899217927676,"{""type"":""MultiPoint"",""coordinates"":[]}"
20071005,2007-10-05,0.0,"{""type"":""MultiPoint"",""coordinates"":[]}"
20071006,2007-10-06,0.0,"{""type"":""MultiPoint"",""coordinates"":[]}"
20071007,2007-10-07,0.007371545258684915,"{""type"":""MultiPoint"",""coordinates"":[]}"
20071008,2007-10-08,1.9677463029836488,"{""type"":""MultiPoint"",""coordinates"":[]}"
20071009,2007-10-09,0.056741658003536366,"{""type"":""MultiPoint"",""coordinates"":[]}"
20071010,2007-10-10,0.0,"{""type"":""MultiPoint"",""coordinates"":[]}"
20071011,2007-10-11,0.0,"{""type"":""MultiPoint"",""coordinates"":[]}"
20071012,2007-10-12,0.0,"{""type"":""MultiPoint"",""coordinates"":[]}"
20071013,2007-10-13,0.0,"{""type"":""MultiPoint"",""coordinates"":[]}"
20071014,2007-10-14,0.0,"{""type"":""MultiPoint"",""coordinates"":[]}"
20071015,2007-10-15,0.0,"{""type"":""MultiPoint"",""coordinates"":[]}"
20071016,2007-10-16,0.0,"{""type"":""MultiPoint"",""coordinates"":[]}"
20071017,2007-10-17,1.3926028714638659,"{""type"":""MultiPoint"",""coordinates"":[]}"
20071018,2007-10-18,0.0,"{""type"":""MultiPoint"",""coordinates"":[]}"
20071019,2007-10-19,10.101510742039611,"{""type"":""MultiPoint"",""coordinates"":[]}"
20071020,2007-10-20,1.9933815797765355,"{""type"":""MultiPoint"",""coordinates"":[]}"
20071021,2007-10-21,12.6875500036666,"{""type"":""MultiPoint"",""coordinates"":[]}"
20071022,2007-10-22,25.2341633544031,"{""type"":""MultiPoint"",""coordinates"":[]}"
20071023,2007-10-23,38.53879947182886,"{""type"":""MultiPoint"",""coordinates"":[]}"
20071024,2007-10-24,27.87198302166645,"{""type"":""MultiPoint"",""coordinates"":[]}"
20071025,2007-10-25,0.966214762515818,"{""type"":""MultiPoint"",""coordinates"":[]}"
20071026,2007-10-26,9.777427274891647,"{""type"":""MultiPoint"",""coordinates"":[]}"
20071027,2007-10-27,11.20899602900455,"{""type"":""MultiPoint"",""coordinates"":[]}"
20071028,2007-10-28,21.42128727174513,"{""type"":""MultiPoint"",""coordinates"":[]}"
20071029,2007-10-29,16.10604465528222,"{""type"":""MultiPoint"",""coordinates"":[]}"
20071030,2007-10-30,5.151211737679595,"{""type"":""MultiPoint"",""coordinates"":[]}"
20071031,2007-10-31,8.592205311614325,"{""type"":""MultiPoint"",""coordinates"":[]}"
20071101,2007-11-01,11.694965817577826,"{""type"":""MultiPoint"",""coordinates"":[]}"
20071102,2007-11-02,0.8203663051029421,"{""type"":""MultiPoint"",""coordinates"":[]}"
20071103,2007-11-03,6.470230626067487,"{""type"":""MultiPoint"",""coordinates"":[]}"
20071104,2007-11-04,10.488352786371015,"{""type"":""MultiPoint"",""coordinates"":[]}"
20071105,2007-11-05,1.2959118448344282,"{""type"":""MultiPoint"",""coordinates"":[]}"
20071106,2007-11-06,0.0,"{""type"":""MultiPoint"",""coordinates"":[]}"
20071107,2007-11-07,0.0,"{""type"":""MultiPoint"",""coordinates"":[]}"
20071108,2007-11-08,0.0,"{""type"":""MultiPoint"",""coordinates"":[]}"
20071109,2007-11-09,0.0,"{""type"":""MultiPoint"",""coordinates"":[]}"
20071110,2007-11-10,0.0,"{""type"":""MultiPoint"",""coordinates"":[]}"
20071111,2007-11-11,0.0,"{""type"":""MultiPoint"",""coordinates"":[]}"
20071112,2007-11-12,0.0,"{""type"":""MultiPoint"",""coordinates"":[]}"
20071113,2007-11-13,0.0,"{""type"":""MultiPoint"",""coordinates"":[]}"
20071114,2007-11-14,0.0,"{""type"":""MultiPoint"",""coordinates"":[]}"
20071115,2007-11-15,0.0,"{""type"":""MultiPoint"",""coordinates"":[]}"
20071116,2007-11-16,0.0,"{""type"":""MultiPoint"",""coordinates"":[]}"
20071117,2007-11-17,0.0,"{""type"":""MultiPoint"",""coordinates"":[]}"
20071118,2007-11-18,0.0,"{""type"":""MultiPoint"",""coordinates"":[]}"
20071119,2007-11-19,2.0333828961181295,"{""type"":""MultiPoint"",""coordinates"":[]}"
20071120,2007-11-20,0.0,"{""type"":""MultiPoint"",""coordinates"":[]}"
20071121,2007-11-21,0.0,"{""type"":""MultiPoint"",""coordinates"":[]}"
20071122,2007-11-22,0.0,"{""type"":""MultiPoint"",""coordinates"":[]}"
20071123,2007-11-23,0.0,"{""type"":""MultiPoint"",""coordinates"":[]}"
20071124,2007-11-24,0.0,"{""type"":""MultiPoint"",""coordinates"":[]}"
20071125,2007-11-25,0.0,"{""type"":""MultiPoint"",""coordinates"":[]}"
20071126,2007-11-26,0.0,"{""type"":""MultiPoint"",""coordinates"":[]}"
20071127,2007-11-27,0.0,"{""type"":""MultiPoint"",""coordinates"":[]}"
20071128,2007-11-28,0.0,"{""type"":""MultiPoint"",""coordinates"":[]}"
20071129,2007-11-29,0.0,"{""type"":""MultiPoint"",""coordinates"":[]}"
20071130,2007-11-30,0.0,"{""type"":""MultiPoint"",""coordinates"":[]}"
20071201,2007-12-01,0.021282444903577773,"{""type"":""MultiPoint"",""coordinates"":[]}"
20071202,2007-12-02,0.0,"{""type"":""MultiPoint"",""coordinates"":[]}"
20071203,2007-12-03,0.0,"{""type"":""MultiPoint"",""coordinates"":[]}"
20071204,2007-12-04,0.08658071846539771,"{""type"":""MultiPoint"",""coordinates"":[]}"
20071205,2007-12-05,0.0,"{""type"":""MultiPoint"",""coordinates"":[]}"
20071206,2007-12-06,0.0,"{""type"":""MultiPoint"",""coordinates"":[]}"
20071207,2007-12-07,0.0,"{""type"":""MultiPoint"",""coordinates"":[]}"
20071208,2007-12-08,0.0,"{""type"":""MultiPoint"",""coordinates"":[]}"
20071209,2007-12-09,0.18693094663870044,"{""type"":""MultiPoint"",""coordinates"":[]}"
20071210,2007-12-10,0.0,"{""type"":""MultiPoint"",""coordinates"":[]}"
20071211,2007-12-11,0.2152803672051878,"{""type"":""MultiPoint"",""coordinates"":[]}"
20071212,2007-12-12,0.008590574487689915,"{""type"":""MultiPoint"",""coordinates"":[]}"
20071213,2007-12-13,0.0016840591865022816,"{""type"":""MultiPoint"",""coordinates"":[]}"
20071214,2007-12-14,0.37865479340142516,"{""type"":""MultiPoint"",""coordinates"":[]}"
20071215,2007-12-15,0.0,"{""type"":""MultiPoint"",""coordinates"":[]}"
20071216,2007-12-16,0.0,"{""type"":""MultiPoint"",""coordinates"":[]}"
20071217,2007-12-17,0.0,"{""type"":""MultiPoint"",""coordinates"":[]}"
20071218,2007-12-18,3.5167693095736214,"{""type"":""MultiPoint"",""coordinates"":[]}"
20071219,2007-12-19,23.80393375789271,"{""type"":""MultiPoint"",""coordinates"":[]}"
20071220,2007-12-20,1.5292357499955653,"{""type"":""MultiPoint"",""coordinates"":[]}"
20071221,2007-12-21,0.0,"{""type"":""MultiPoint"",""coordinates"":[]}"
20071222,2007-12-22,0.0,"{""type"":""MultiPoint"",""coordinates"":[]}"
20071223,2007-12-23,0.0,"{""type"":""MultiPoint"",""coordinates"":[]}"
20071224,2007-12-24,0.0,"{""type"":""MultiPoint"",""coordinates"":[]}"
20071225,2007-12-25,0.0,"{""type"":""MultiPoint"",""coordinates"":[]}"
20071226,2007-12-26,0.0,"{""type"":""MultiPoint"",""coordinates"":[]}"
20071227,2007-12-27,0.0,"{""type"":""MultiPoint"",""coordinates"":[]}"
20071228,2007-12-28,0.0,"{""type"":""MultiPoint"",""coordinates"":[]}"
20071229,2007-12-29,0.0,"{""type"":""MultiPoint"",""coordinates"":[]}"
20071230,2007-12-30,0.0,"{""type"":""MultiPoint"",""coordinates"":[]}"
20071231,2007-12-31,0.0,"{""type"":""MultiPoint"",""coordinates"":[]}"
20080101,2008-01-01,0.0,"{""type"":""MultiPoint"",""coordinates"":[]}"
20080102,2008-01-02,0.0,"{""type"":""MultiPoint"",""coordinates"":[]}"
20080103,2008-01-03,0.0,"{""type"":""MultiPoint"",""coordinates"":[]}"
20080104,2008-01-04,1.833774970974127,"{""type"":""MultiPoint"",""coordinates"":[]}"
20080105,2008-01-05,0.042344075361034496,"{""type"":""MultiPoint"",""coordinates"":[]}"
20080106,2008-01-06,0.0,"{""type"":""MultiPoint"",""coordinates"":[]}"
20080107,2008-01-07,0.0,"{""type"":""MultiPoint"",""coordinates"":[]}"
20080108,2008-01-08,0.0,"{""type"":""MultiPoint"",""coordinates"":[]}"
20080109,2008-01-09,0.0,"{""type"":""MultiPoint"",""coordinates"":[]}"
20080110,2008-01-10,0.0012212398001856476,"{""type"":""MultiPoint"",""coordinates"":[]}"
20080111,2008-01-11,0.0,"{""type"":""MultiPoint"",""coordinates"":[]}"
20080112,2008-01-12,0.0,"{""type"":""MultiPoint"",""coordinates"":[]}"
20080113,2008-01-13,0.0,"{""type"":""MultiPoint"",""coordinates"":[]}"
20080114,2008-01-14,0.0,"{""type"":""MultiPoint"",""coordinates"":[]}"
20080115,2008-01-15,0.0,"{""type"":""MultiPoint"",""coordinates"":[]}"
20080116,2008-01-16,0.0,"{""type"":""MultiPoint"",""coordinates"":[]}"
20080117,2008-01-17,0.0,"{""type"":""MultiPoint"",""coordinates"":[]}"
20080118,2008-01-18,0.12620096859768257,"{""type"":""MultiPoint"",""coordinates"":[]}"
20080119,2008-01-19,0.0,"{""type"":""MultiPoint"",""coordinates"":[]}"
20080120,2008-01-20,0.0,"{""type"":""MultiPoint"",""coordinates"":[]}"
20080121,2008-01-21,0.0,"{""type"":""MultiPoint"",""coordinates"":[]}"
20080122,2008-01-22,0.0,"{""type"":""MultiPoint"",""coordinates"":[]}"
20080123,2008-01-23,0.0,"{""type"":""MultiPoint"",""coordinates"":[]}"
20080124,2008-01-24,0.01734795411839036,"{""type"":""MultiPoint"",""coordinates"":[]}"
20080125,2008-01-25,0.006458692916706318,"{""type"":""MultiPoint"",""coordinates"":[]}"
20080126,2008-01-26,0.054401199091938635,"{""type"":""MultiPoint"",""coordinates"":[]}"
20080127,2008-01-27,0.0,"{""type"":""MultiPoint"",""coordinates"":[]}"
20080128,2008-01-28,0.324710117385494,"{""type"":""MultiPoint"",""coordinates"":[]}"
20080129,2008-01-29,0.019519802719560622,"{""type"":""MultiPoint"",""coordinates"":[]}"
20080130,2008-01-30,0.005919996274412013,"{""type"":""MultiPoint"",""coordinates"":[]}"
20080131,2008-01-31,0.014061024406312838,"{""type"":""MultiPoint"",""coordinates"":[]}"
20080201,2008-02-01,0.0,"{""type"":""MultiPoint"",""coordinates"":[]}"
20080202,2008-02-02,0.0,"{""type"":""MultiPoint"",""coordinates"":[]}"
20080203,2008-02-03,0.0,"{""type"":""MultiPoint"",""coordinates"":[]}"
20080204,2008-02-04,0.0,"{""type"":""MultiPoint"",""coordinates"":[]}"
20080205,2008-02-05,0.0,"{""type"":""MultiPoint"",""coordinates"":[]}"
20080206,2008-02-06,0.0,"{""type"":""MultiPoint"",""coordinates"":[]}"
20080207,2008-02-07,0.0,"{""type"":""MultiPoint"",""coordinates"":[]}"
20080208,2008-02-08,0.0,"{""type"":""MultiPoint"",""coordinates"":[]}"
20080209,2008-02-09,0.31823856429381275,"{""type"":""MultiPoint"",""coordinates"":[]}"
20080210,2008-02-10,3.104854363422851,"{""type"":""MultiPoint"",""coordinates"":[]}"
20080211,2008-02-11,0.2990744929212482,"{""type"":""MultiPoint"",""coordinates"":[]}"
20080212,2008-02-12,0.017552892856903188,"{""type"":""MultiPoint"",""coordinates"":[]}"
20080213,2008-02-13,0.48024313235062416,"{""type"":""MultiPoint"",""coordinates"":[]}"
20080214,2008-02-14,0.0,"{""type"":""MultiPoint"",""coordinates"":[]}"
20080215,2008-02-15,0.0,"{""type"":""MultiPoint"",""coordinates"":[]}"
20080216,2008-02-16,0.0,"{""type"":""MultiPoint"",""coordinates"":[]}"
20080217,2008-02-17,0.0,"{""type"":""MultiPoint"",""coordinates"":[]}"
20080218,2008-02-18,0.0,"{""type"":""MultiPoint"",""coordinates"":[]}"
20080219,2008-02-19,0.0,"{""type"":""MultiPoint"",""coordinates"":[]}"
20080220,2008-02-20,0.0,"{""type"":""MultiPoint"",""coordinates"":[]}"
20080221,2008-02-21,0.0,"{""type"":""MultiPoint"",""coordinates"":[]}"
20080222,2008-02-22,0.0,"{""type"":""MultiPoint"",""coordinates"":[]}"
20080223,2008-02-23,0.0,"{""type"":""MultiPoint"",""coordinates"":[]}"
20080224,2008-02-24,0.0,"{""type"":""MultiPoint"",""coordinates"":[]}"
20080225,2008-02-25,0.0,"{""type"":""MultiPoint"",""coordinates"":[]}"
20080226,2008-02-26,0.0,"{""type"":""MultiPoint"",""coordinates"":[]}"
20080227,2008-02-27,0.0,"{""type"":""MultiPoint"",""coordinates"":[]}"
20080228,2008-02-28,0.0,"{""type"":""MultiPoint"",""coordinates"":[]}"
20080229,2008-02-29,0.0,"{""type"":""MultiPoint"",""coordinates"":[]}"
20080301,2008-03-01,0.0,"{""type"":""MultiPoint"",""coordinates"":[]}"
20080302,2008-03-02,0.0,"{""type"":""MultiPoint"",""coordinates"":[]}"
20080303,2008-03-03,0.0,"{""type"":""MultiPoint"",""coordinates"":[]}"
20080304,2008-03-04,0.0,"{""type"":""MultiPoint"",""coordinates"":[]}"
20080305,2008-03-05,0.0,"{""type"":""MultiPoint"",""coordinates"":[]}"
20080306,2008-03-06,0.0,"{""type"":""MultiPoint"",""coordinates"":[]}"
20080307,2008-03-07,0.0,"{""type"":""MultiPoint"",""coordinates"":[]}"
20080308,2008-03-08,0.0,"{""type"":""MultiPoint"",""coordinates"":[]}"
20080309,2008-03-09,0.05348714453058133,"{""type"":""MultiPoint"",""coordinates"":[]}"
20080310,2008-03-10,0.14051280091226098,"{""type"":""MultiPoint"",""coordinates"":[]}"
20080311,2008-03-11,0.0,"{""type"":""MultiPoint"",""coordinates"":[]}"
20080312,2008-03-12,0.026543049775122975,"{""type"":""MultiPoint"",""coordinates"":[]}"
20080313,2008-03-13,0.06725700616987017,"{""type"":""MultiPoint"",""coordinates"":[]}"
20080314,2008-03-14,1.2253816748525164,"{""type"":""MultiPoint"",""coordinates"":[]}"
20080315,2008-03-15,0.26748035470762854,"{""type"":""MultiPoint"",""coordinates"":[]}"
20080316,2008-03-16,0.0,"{""type"":""MultiPoint"",""coordinates"":[]}"
20080317,2008-03-17,0.0,"{""type"":""MultiPoint"",""coordinates"":[]}"
20080318,2008-03-18,0.0,"{""type"":""MultiPoint"",""coordinates"":[]}"
20080319,2008-03-19,0.0,"{""type"":""MultiPoint"",""coordinates"":[]}"
20080320,2008-03-20,0.0917286929418789,"{""type"":""MultiPoint"",""coordinates"":[]}"
20080321,2008-03-21,0.11851699039657645,"{""type"":""MultiPoint"",""coordinates"":[]}"
20080322,2008-03-22,0.07227873997433025,"{""type"":""MultiPoint"",""coordinates"":[]}"
20080323,2008-03-23,0.6413809936247148,"{""type"":""MultiPoint"",""coordinates"":[]}"
20080324,2008-03-24,0.88426340146213,"{""type"":""MultiPoint"",""coordinates"":[]}"
20080325,2008-03-25,0.561611344333563,"{""type"":""MultiPoint"",""coordinates"":[]}"
20080326,2008-03-26,2.702787424925651,"{""type"":""MultiPoint"",""coordinates"":[]}"
20080327,2008-03-27,0.39296810562860957,"{""type"":""MultiPoint"",""coordinates"":[]}"
20080328,2008-03-28,2.1976849549508635,"{""type"":""MultiPoint"",""coordinates"":[]}"
20080329,2008-03-29,0.3864457450180196,"{""type"":""MultiPoint"",""coordinates"":[]}"
20080330,2008-03-30,0.19009725569495695,"{""type"":""MultiPoint"",""coordinates"":[]}"
20080331,2008-03-31,0.33184538449555945,"{""type"":""MultiPoint"",""coordinates"":[]}"
20080401,2008-04-01,0.04065828258459019,"{""type"":""MultiPoint"",""coordinates"":[]}"
20080402,2008-04-02,0.34807570198997556,"{""type"":""MultiPoint"",""coordinates"":[]}"
20080403,2008-04-03,0.0,"{""type"":""MultiPoint"",""coordinates"":[]}"
20080404,2008-04-04,3.077668407531661E-4,"{""type"":""MultiPoint"",""coordinates"":[]}"
20080405,2008-04-05,0.06705739435903049,"{""type"":""MultiPoint"",""coordinates"":[]}"
20080406,2008-04-06,0.14596482851783593,"{""type"":""MultiPoint"",""coordinates"":[]}"
20080407,2008-04-07,0.0,"{""type"":""MultiPoint"",""coordinates"":[]}"
20080408,2008-04-08,0.0,"{""type"":""MultiPoint"",""coordinates"":[]}"
20080409,2008-04-09,0.0,"{""type"":""MultiPoint"",""coordinates"":[]}"
20080410,2008-04-10,0.3465964137861092,"{""type"":""MultiPoint"",""coordinates"":[]}"
20080411,2008-04-11,0.0,"{""type"":""MultiPoint"",""coordinates"":[]}"
20080412,2008-04-12,0.0,"{""type"":""MultiPoint"",""coordinates"":[]}"
20080413,2008-04-13,0.0,"{""type"":""MultiPoint"",""coordinates"":[]}"
20080414,2008-04-14,0.0,"{""type"":""MultiPoint"",""coordinates"":[]}"
20080415,2008-04-15,0.0,"{""type"":""MultiPoint"",""coordinates"":[]}"
20080416,2008-04-16,0.0,"{""type"":""MultiPoint"",""coordinates"":[]}"
20080417,2008-04-17,0.0,"{""type"":""MultiPoint"",""coordinates"":[]}"
20080418,2008-04-18,0.0,"{""type"":""MultiPoint"",""coordinates"":[]}"
20080419,2008-04-19,0.0,"{""type"":""MultiPoint"",""coordinates"":[]}"
20080420,2008-04-20,0.0,"{""type"":""MultiPoint"",""coordinates"":[]}"
20080421,2008-04-21,0.0,"{""type"":""MultiPoint"",""coordinates"":[]}"
20080422,2008-04-22,0.0,"{""type"":""MultiPoint"",""coordinates"":[]}"
20080423,2008-04-23,0.0,"{""type"":""MultiPoint"",""coordinates"":[]}"
20080424,2008-04-24,0.0,"{""type"":""MultiPoint"",""coordinates"":[]}"
20080425,2008-04-25,0.0,"{""type"":""MultiPoint"",""coordinates"":[]}"
20080426,2008-04-26,0.0,"{""type"":""MultiPoint"",""coordinates"":[]}"
20080427,2008-04-27,2.4884250134166384,"{""type"":""MultiPoint"",""coordinates"":[]}"
20080428,2008-04-28,1.0146662994540834,"{""type"":""MultiPoint"",""coordinates"":[]}"
20080429,2008-04-29,1.384581429670091,"{""type"":""MultiPoint"",""coordinates"":[]}"
20080430,2008-04-30,0.13928287254915633,"{""type"":""MultiPoint"",""coordinates"":[]}"
20080501,2008-05-01,2.554280646837841,"{""type"":""MultiPoint"",""coordinates"":[]}"
20080502,2008-05-02,0.0,"{""type"":""MultiPoint"",""coordinates"":[]}"
20080503,2008-05-03,0.0,"{""type"":""MultiPoint"",""coordinates"":[]}"
20080504,2008-05-04,0.0,"{""type"":""MultiPoint"",""coordinates"":[]}"
20080505,2008-05-05,0.0,"{""type"":""MultiPoint"",""coordinates"":[]}"
20080506,2008-05-06,0.0,"{""type"":""MultiPoint"",""coordinates"":[]}"
20080507,2008-05-07,0.0,"{""type"":""MultiPoint"",""coordinates"":[]}"
20080508,2008-05-08,0.09652875423818068,"{""type"":""MultiPoint"",""coordinates"":[]}"
20080509,2008-05-09,0.11112210095175014,"{""type"":""MultiPoint"",""coordinates"":[]}"
20080510,2008-05-10,0.2979344017308538,"{""type"":""MultiPoint"",""coordinates"":[]}"
20080511,2008-05-11,0.09390084603654285,"{""type"":""MultiPoint"",""coordinates"":[]}"
20080512,2008-05-12,0.032149641002960395,"{""type"":""MultiPoint"",""coordinates"":[]}"
20080513,2008-05-13,0.0,"{""type"":""MultiPoint"",""coordinates"":[]}"
20080514,2008-05-14,0.0,"{""type"":""MultiPoint"",""coordinates"":[]}"
20080515,2008-05-15,0.0,"{""type"":""MultiPoint"",""coordinates"":[]}"
20080516,2008-05-16,0.0,"{""type"":""MultiPoint"",""coordinates"":[]}"
20080517,2008-05-17,0.0,"{""type"":""MultiPoint"",""coordinates"":[]}"
20080518,2008-05-18,0.0,"{""type"":""MultiPoint"",""coordinates"":[]}"
20080519,2008-05-19,0.0,"{""type"":""MultiPoint"",""coordinates"":[]}"
20080520,2008-05-20,0.03534164994169066,"{""type"":""MultiPoint"",""coordinates"":[]}"
20080521,2008-05-21,6.81833538974662,"{""type"":""MultiPoint"",""coordinates"":[]}"
20080522,2008-05-22,2.2081489637247236,"{""type"":""MultiPoint"",""coordinates"":[]}"
20080523,2008-05-23,6.35857654134247,"{""type"":""MultiPoint"",""coordinates"":[]}"
20080524,2008-05-24,0.0065688228452509935,"{""type"":""MultiPoint"",""coordinates"":[]}"
20080525,2008-05-25,7.25834303532309,"{""type"":""MultiPoint"",""coordinates"":[]}"
20080526,2008-05-26,3.036845987782255,"{""type"":""MultiPoint"",""coordinates"":[]}"
20080527,2008-05-27,0.3029247002311254,"{""type"":""MultiPoint"",""coordinates"":[]}"
20080528,2008-05-28,1.695092261531259,"{""type"":""MultiPoint"",""coordinates"":[]}"
20080529,2008-05-29,0.0,"{""type"":""MultiPoint"",""coordinates"":[]}"
20080530,2008-05-30,8.116056842049398,"{""type"":""MultiPoint"",""coordinates"":[]}"
20080531,2008-05-31,3.946426521157945,"{""type"":""MultiPoint"",""coordinates"":[]}"
20080601,2008-06-01,1.083982959596256,"{""type"":""MultiPoint"",""coordinates"":[]}"
20080602,2008-06-02,0.4319306609077924,"{""type"":""MultiPoint"",""coordinates"":[]}"
20080603,2008-06-03,13.268024973004477,"{""type"":""MultiPoint"",""coordinates"":[]}"
20080604,2008-06-04,0.6789845090163381,"{""type"":""MultiPoint"",""coordinates"":[]}"
20080605,2008-06-05,0.0,"{""type"":""MultiPoint"",""coordinates"":[]}"
20080606,2008-06-06,0.047697633854941565,"{""type"":""MultiPoint"",""coordinates"":[]}"
20080607,2008-06-07,2.2160475026503836,"{""type"":""MultiPoint"",""coordinates"":[]}"
20080608,2008-06-08,4.797127323689763,"{""type"":""MultiPoint"",""coordinates"":[]}"
20080609,2008-06-09,0.512113639141651,"{""type"":""MultiPoint"",""coordinates"":[]}"
20080610,2008-06-10,7.563068021586191,"{""type"":""MultiPoint"",""coordinates"":[]}"
20080611,2008-06-11,5.993708987783254,"{""type"":""MultiPoint"",""coordinates"":[]}"
20080612,2008-06-12,4.856345777573832,"{""type"":""MultiPoint"",""coordinates"":[]}"
20080613,2008-06-13,6.402306489409655,"{""type"":""MultiPoint"",""coordinates"":[]}"
20080614,2008-06-14,0.014742362092773756,"{""type"":""MultiPoint"",""coordinates"":[]}"
20080615,2008-06-15,0.23447826627221732,"{""type"":""MultiPoint"",""coordinates"":[]}"
20080616,2008-06-16,0.026963862828887627,"{""type"":""MultiPoint"",""coordinates"":[]}"
20080617,2008-06-17,0.016971861123440284,"{""type"":""MultiPoint"",""coordinates"":[]}"
20080618,2008-06-18,0.8552729731554894,"{""type"":""MultiPoint"",""coordinates"":[]}"
20080619,2008-06-19,0.03863774953295598,"{""type"":""MultiPoint"",""coordinates"":[]}"
20080620,2008-06-20,0.0,"{""type"":""MultiPoint"",""coordinates"":[]}"
20080621,2008-06-21,1.3374464006567943,"{""type"":""MultiPoint"",""coordinates"":[]}"
20080622,2008-06-22,0.1262309252214592,"{""type"":""MultiPoint"",""coordinates"":[]}"
20080623,2008-06-23,0.0,"{""type"":""MultiPoint"",""coordinates"":[]}"
20080624,2008-06-24,0.8130673733559264,"{""type"":""MultiPoint"",""coordinates"":[]}"
20080625,2008-06-25,0.19913196221978513,"{""type"":""MultiPoint"",""coordinates"":[]}"
20080626,2008-06-26,0.047862925287167096,"{""type"":""MultiPoint"",""coordinates"":[]}"
20080627,2008-06-27,0.5157131791750051,"{""type"":""MultiPoint"",""coordinates"":[]}"
20080628,2008-06-28,6.239392013455347,"{""type"":""MultiPoint"",""coordinates"":[]}"
20080629,2008-06-29,0.36311551752102245,"{""type"":""MultiPoint"",""coordinates"":[]}"
20080630,2008-06-30,0.25746282501819495,"{""type"":""MultiPoint"",""coordinates"":[]}"
20080701,2008-07-01,0.5717977210822361,"{""type"":""MultiPoint"",""coordinates"":[]}"
20080702,2008-07-02,0.0,"{""type"":""MultiPoint"",""coordinates"":[]}"
20080703,2008-07-03,0.0,"{""type"":""MultiPoint"",""coordinates"":[]}"
20080704,2008-07-04,0.0,"{""type"":""MultiPoint"",""coordinates"":[]}"
20080705,2008-07-05,5.418569343303739,"{""type"":""MultiPoint"",""coordinates"":[]}"
20080706,2008-07-06,7.159265276617618,"{""type"":""MultiPoint"",""coordinates"":[]}"
20080707,2008-07-07,1.1914604332413268,"{""type"":""MultiPoint"",""coordinates"":[]}"
20080708,2008-07-08,2.239656057378779,"{""type"":""MultiPoint"",""coordinates"":[]}"
20080709,2008-07-09,4.617563291405623,"{""type"":""MultiPoint"",""coordinates"":[]}"
20080710,2008-07-10,3.4709028081318154,"{""type"":""MultiPoint"",""coordinates"":[]}"
20080711,2008-07-11,1.6615909716418003,"{""type"":""MultiPoint"",""coordinates"":[]}"
20080712,2008-07-12,0.0,"{""type"":""MultiPoint"",""coordinates"":[]}"
20080713,2008-07-13,0.0,"{""type"":""MultiPoint"",""coordinates"":[]}"
20080714,2008-07-14,0.15690462163236976,"{""type"":""MultiPoint"",""coordinates"":[]}"
20080715,2008-07-15,4.7791635972544775,"{""type"":""MultiPoint"",""coordinates"":[]}"
20080716,2008-07-16,4.604144883951258,"{""type"":""MultiPoint"",""coordinates"":[]}"
20080717,2008-07-17,0.512638698399571,"{""type"":""MultiPoint"",""coordinates"":[]}"
20080718,2008-07-18,3.7494463177718274,"{""type"":""MultiPoint"",""coordinates"":[]}"
20080719,2008-07-19,5.109145593801538,"{""type"":""MultiPoint"",""coordinates"":[]}"
20080720,2008-07-20,6.369107217109631,"{""type"":""MultiPoint"",""coordinates"":[]}"
20080721,2008-07-21,4.369713162773755,"{""type"":""MultiPoint"",""coordinates"":[]}"
20080722,2008-07-22,5.669648942176995,"{""type"":""MultiPoint"",""coordinates"":[]}"
20080723,2008-07-23,3.3631292212519015,"{""type"":""MultiPoint"",""coordinates"":[]}"
20080724,2008-07-24,11.30138729404758,"{""type"":""MultiPoint"",""coordinates"":[]}"
20080725,2008-07-25,15.360294534766307,"{""type"":""MultiPoint"",""coordinates"":[]}"
20080726,2008-07-26,17.281131921913953,"{""type"":""MultiPoint"",""coordinates"":[]}"
20080727,2008-07-27,5.18025100768181,"{""type"":""MultiPoint"",""coordinates"":[]}"
20080728,2008-07-28,7.123033398875227,"{""type"":""MultiPoint"",""coordinates"":[]}"
20080729,2008-07-29,0.7872841840232807,"{""type"":""MultiPoint"",""coordinates"":[]}"
20080730,2008-07-30,0.35576245000648987,"{""type"":""MultiPoint"",""coordinates"":[]}"
20080731,2008-07-31,0.11275920174124343,"{""type"":""MultiPoint"",""coordinates"":[]}"
20080801,2008-08-01,0.9696971095408806,"{""type"":""MultiPoint"",""coordinates"":[]}"
20080802,2008-08-02,7.077952564492272,"{""type"":""MultiPoint"",""coordinates"":[]}"
20080803,2008-08-03,20.53804163357768,"{""type"":""MultiPoint"",""coordinates"":[]}"
20080804,2008-08-04,12.80019493587286,"{""type"":""MultiPoint"",""coordinates"":[]}"
20080805,2008-08-05,3.9947893509944175,"{""type"":""MultiPoint"",""coordinates"":[]}"
20080806,2008-08-06,0.9302776513847418,"{""type"":""MultiPoint"",""coordinates"":[]}"
20080807,2008-08-07,2.1063597062722543,"{""type"":""MultiPoint"",""coordinates"":[]}"
20080808,2008-08-08,11.658365092215112,"{""type"":""MultiPoint"",""coordinates"":[]}"
20080809,2008-08-09,15.34114394677893,"{""type"":""MultiPoint"",""coordinates"":[]}"
20080810,2008-08-10,2.353257538747819,"{""type"":""MultiPoint"",""coordinates"":[]}"
20080811,2008-08-11,0.0,"{""type"":""MultiPoint"",""coordinates"":[]}"
20080812,2008-08-12,2.980427308971368,"{""type"":""MultiPoint"",""coordinates"":[]}"
20080813,2008-08-13,1.9718156047607016,"{""type"":""MultiPoint"",""coordinates"":[]}"
20080814,2008-08-14,8.83547845543658,"{""type"":""MultiPoint"",""coordinates"":[]}"
20080815,2008-08-15,2.5940550921998735,"{""type"":""MultiPoint"",""coordinates"":[]}"
20080816,2008-08-16,3.928799996206825,"{""type"":""MultiPoint"",""coordinates"":[]}"
20080817,2008-08-17,10.120950861653291,"{""type"":""MultiPoint"",""coordinates"":[]}"
20080818,2008-08-18,6.906497903236963,"{""type"":""MultiPoint"",""coordinates"":[]}"
20080819,2008-08-19,7.222452172847472,"{""type"":""MultiPoint"",""coordinates"":[]}"
20080820,2008-08-20,6.95887319498202,"{""type"":""MultiPoint"",""coordinates"":[]}"
20080821,2008-08-21,7.507699159913556,"{""type"":""MultiPoint"",""coordinates"":[]}"
20080822,2008-08-22,1.8073577671671177,"{""type"":""MultiPoint"",""coordinates"":[]}"
20080823,2008-08-23,0.7606348869832513,"{""type"":""MultiPoint"",""coordinates"":[]}"
20080824,2008-08-24,1.3965675938187887,"{""type"":""MultiPoint"",""coordinates"":[]}"
20080825,2008-08-25,4.354113317339671,"{""type"":""MultiPoint"",""coordinates"":[]}"
20080826,2008-08-26,3.9860994507282563,"{""type"":""MultiPoint"",""coordinates"":[]}"
20080827,2008-08-27,0.057545148245030806,"{""type"":""MultiPoint"",""coordinates"":[]}"
20080828,2008-08-28,0.0,"{""type"":""MultiPoint"",""coordinates"":[]}"
20080829,2008-08-29,0.0,"{""type"":""MultiPoint"",""coordinates"":[]}"
20080830,2008-08-30,1.8075816542917127,"{""type"":""MultiPoint"",""coordinates"":[]}"
20080831,2008-08-31,4.760261558428575,"{""type"":""MultiPoint"",""coordinates"":[]}"
20080901,2008-09-01,0.292241391961803,"{""type"":""MultiPoint"",""coordinates"":[]}"
20080902,2008-09-02,0.0,"{""type"":""MultiPoint"",""coordinates"":[]}"
20080903,2008-09-03,0.19491478906762502,"{""type"":""MultiPoint"",""coordinates"":[]}"
20080904,2008-09-04,10.947922151182715,"{""type"":""MultiPoint"",""coordinates"":[]}"
20080905,2008-09-05,4.3970103653765165,"{""type"":""MultiPoint"",""coordinates"":[]}"
20080906,2008-09-06,10.353749201040628,"{""type"":""MultiPoint"",""coordinates"":[]}"
20080907,2008-09-07,17.582809106790922,"{""type"":""MultiPoint"",""coordinates"":[]}"
20080908,2008-09-08,16.359218770978845,"{""type"":""MultiPoint"",""coordinates"":[]}"
20080909,2008-09-09,9.814587370519005,"{""type"":""MultiPoint"",""coordinates"":[]}"
20080910,2008-09-10,0.5340676267317291,"{""type"":""MultiPoint"",""coordinates"":[]}"
20080911,2008-09-11,3.919538384301049,"{""type"":""MultiPoint"",""coordinates"":[]}"
20080912,2008-09-12,1.9342311550992084,"{""type"":""MultiPoint"",""coordinates"":[]}"
20080913,2008-09-13,0.0,"{""type"":""MultiPoint"",""coordinates"":[]}"
20080914,2008-09-14,0.0,"{""type"":""MultiPoint"",""coordinates"":[]}"
20080915,2008-09-15,0.0,"{""type"":""MultiPoint"",""coordinates"":[]}"
20080916,2008-09-16,1.121982367756735,"{""type"":""MultiPoint"",""coordinates"":[]}"
20080917,2008-09-17,1.3418517764177995,"{""type"":""MultiPoint"",""coordinates"":[]}"
20080918,2008-09-18,5.025427283431298,"{""type"":""MultiPoint"",""coordinates"":[]}"
20080919,2008-09-19,0.03315270403229961,"{""type"":""MultiPoint"",""coordinates"":[]}"
20080920,2008-09-20,7.796181095762734,"{""type"":""MultiPoint"",""coordinates"":[]}"
20080921,2008-09-21,0.06986375145780153,"{""type"":""MultiPoint"",""coordinates"":[]}"
20080922,2008-09-22,0.0,"{""type"":""MultiPoint"",""coordinates"":[]}"
20080923,2008-09-23,0.06723730126352309,"{""type"":""MultiPoint"",""coordinates"":[]}"
20080924,2008-09-24,9.00629762410611,"{""type"":""MultiPoint"",""coordinates"":[]}"
20080925,2008-09-25,0.29257609538462664,"{""type"":""MultiPoint"",""coordinates"":[]}"
20080926,2008-09-26,0.0,"{""type"":""MultiPoint"",""coordinates"":[]}"
20080927,2008-09-27,0.0,"{""type"":""MultiPoint"",""coordinates"":[]}"
20080928,2008-09-28,0.0,"{""type"":""MultiPoint"",""coordinates"":[]}"
20080929,2008-09-29,0.17545352048218776,"{""type"":""MultiPoint"",""coordinates"":[]}"
20080930,2008-09-30,0.0,"{""type"":""MultiPoint"",""coordinates"":[]}"
20081001,2008-10-01,0.0,"{""type"":""MultiPoint"",""coordinates"":[]}"
20081002,2008-10-02,0.06297376673345968,"{""type"":""MultiPoint"",""coordinates"":[]}"
20081003,2008-10-03,5.826357246786628,"{""type"":""MultiPoint"",""coordinates"":[]}"
20081004,2008-10-04,0.009856955465692471,"{""type"":""MultiPoint"",""coordinates"":[]}"
20081005,2008-10-05,0.5692188195640546,"{""type"":""MultiPoint"",""coordinates"":[]}"
20081006,2008-10-06,0.9756566604288427,"{""type"":""MultiPoint"",""coordinates"":[]}"
20081007,2008-10-07,16.29587499097668,"{""type"":""MultiPoint"",""coordinates"":[]}"
20081008,2008-10-08,2.77341198805755,"{""type"":""MultiPoint"",""coordinates"":[]}"
20081009,2008-10-09,5.508323466881376,"{""type"":""MultiPoint"",""coordinates"":[]}"
20081010,2008-10-10,0.0,"{""type"":""MultiPoint"",""coordinates"":[]}"
20081011,2008-10-11,0.12226363831414871,"{""type"":""MultiPoint"",""coordinates"":[]}"
20081012,2008-10-12,8.204321966330719,"{""type"":""MultiPoint"",""coordinates"":[]}"
20081013,2008-10-13,1.592643702574742,"{""type"":""MultiPoint"",""coordinates"":[]}"
20081014,2008-10-14,0.010274835249151086,"{""type"":""MultiPoint"",""coordinates"":[]}"
20081015,2008-10-15,1.1812150467057556,"{""type"":""MultiPoint"",""coordinates"":[]}"
20081016,2008-10-16,5.553887696945056,"{""type"":""MultiPoint"",""coordinates"":[]}"
20081017,2008-10-17,0.2554238749815377,"{""type"":""MultiPoint"",""coordinates"":[]}"
20081018,2008-10-18,6.902955482821481,"{""type"":""MultiPoint"",""coordinates"":[]}"
20081019,2008-10-19,2.667047190525342,"{""type"":""MultiPoint"",""coordinates"":[]}"
20081020,2008-10-20,4.951166387673544,"{""type"":""MultiPoint"",""coordinates"":[]}"
20081021,2008-10-21,15.749853719525044,"{""type"":""MultiPoint"",""coordinates"":[]}"
20081022,2008-10-22,38.504580689507705,"{""type"":""MultiPoint"",""coordinates"":[]}"
20081023,2008-10-23,3.114208650568736,"{""type"":""MultiPoint"",""coordinates"":[]}"
20081024,2008-10-24,7.017100997931728,"{""type"":""MultiPoint"",""coordinates"":[]}"
20081025,2008-10-25,4.477529802597476,"{""type"":""MultiPoint"",""coordinates"":[]}"
20081026,2008-10-26,0.0,"{""type"":""MultiPoint"",""coordinates"":[]}"
20081027,2008-10-27,0.0,"{""type"":""MultiPoint"",""coordinates"":[]}"
20081028,2008-10-28,0.0,"{""type"":""MultiPoint"",""coordinates"":[]}"
20081029,2008-10-29,0.0,"{""type"":""MultiPoint"",""coordinates"":[]}"
20081030,2008-10-30,0.0,"{""type"":""MultiPoint"",""coordinates"":[]}"
20081031,2008-10-31,0.0,"{""type"":""MultiPoint"",""coordinates"":[]}"
20081101,2008-11-01,0.0,"{""type"":""MultiPoint"",""coordinates"":[]}"
20081102,2008-11-02,0.0,"{""type"":""MultiPoint"",""coordinates"":[]}"
20081103,2008-11-03,0.0,"{""type"":""MultiPoint"",""coordinates"":[]}"
20081104,2008-11-04,0.0,"{""type"":""MultiPoint"",""coordinates"":[]}"
20081105,2008-11-05,0.0,"{""type"":""MultiPoint"",""coordinates"":[]}"
20081106,2008-11-06,0.0,"{""type"":""MultiPoint"",""coordinates"":[]}"
20081107,2008-11-07,0.0,"{""type"":""MultiPoint"",""coordinates"":[]}"
20081108,2008-11-08,0.0,"{""type"":""MultiPoint"",""coordinates"":[]}"
20081109,2008-11-09,0.0,"{""type"":""MultiPoint"",""coordinates"":[]}"
20081110,2008-11-10,0.0,"{""type"":""MultiPoint"",""coordinates"":[]}"
20081111,2008-11-11,0.12926568619306475,"{""type"":""MultiPoint"",""coordinates"":[]}"
20081112,2008-11-12,1.669638933345343,"{""type"":""MultiPoint"",""coordinates"":[]}"
20081113,2008-11-13,0.17073793813943564,"{""type"":""MultiPoint"",""coordinates"":[]}"
20081114,2008-11-14,6.244205851406092,"{""type"":""MultiPoint"",""coordinates"":[]}"
20081115,2008-11-15,12.359277647274517,"{""type"":""MultiPoint"",""coordinates"":[]}"
20081116,2008-11-16,12.82140314642258,"{""type"":""MultiPoint"",""coordinates"":[]}"
20081117,2008-11-17,0.0,"{""type"":""MultiPoint"",""coordinates"":[]}"
20081118,2008-11-18,4.10427379563043,"{""type"":""MultiPoint"",""coordinates"":[]}"
20081119,2008-11-19,0.750862086225708,"{""type"":""MultiPoint"",""coordinates"":[]}"
20081120,2008-11-20,0.08363639274959829,"{""type"":""MultiPoint"",""coordinates"":[]}"
20081121,2008-11-21,0.5057942107547116,"{""type"":""MultiPoint"",""coordinates"":[]}"
20081122,2008-11-22,8.474693515628777,"{""type"":""MultiPoint"",""coordinates"":[]}"
20081123,2008-11-23,4.064878551555923,"{""type"":""MultiPoint"",""coordinates"":[]}"
20081124,2008-11-24,0.4368334947444576,"{""type"":""MultiPoint"",""coordinates"":[]}"
20081125,2008-11-25,5.298484449559311,"{""type"":""MultiPoint"",""coordinates"":[]}"
20081126,2008-11-26,20.262327115243064,"{""type"":""MultiPoint"",""coordinates"":[]}"
20081127,2008-11-27,27.921493710951218,"{""type"":""MultiPoint"",""coordinates"":[]}"
20081128,2008-11-28,23.36368728758042,"{""type"":""MultiPoint"",""coordinates"":[]}"
20081129,2008-11-29,2.400617381901007,"{""type"":""MultiPoint"",""coordinates"":[]}"
20081130,2008-11-30,0.007997833591043875,"{""type"":""MultiPoint"",""coordinates"":[]}"
20081201,2008-12-01,3.911129784001281,"{""type"":""MultiPoint"",""coordinates"":[]}"
20081202,2008-12-02,0.014305730859768478,"{""type"":""MultiPoint"",""coordinates"":[]}"
20081203,2008-12-03,0.0,"{""type"":""MultiPoint"",""coordinates"":[]}"
20081204,2008-12-04,0.0,"{""type"":""MultiPoint"",""coordinates"":[]}"
20081205,2008-12-05,1.2860437920532035,"{""type"":""MultiPoint"",""coordinates"":[]}"
20081206,2008-12-06,1.1369199531163132,"{""type"":""MultiPoint"",""coordinates"":[]}"
20081207,2008-12-07,0.0,"{""type"":""MultiPoint"",""coordinates"":[]}"
20081208,2008-12-08,0.05954944428069283,"{""type"":""MultiPoint"",""coordinates"":[]}"
20081209,2008-12-09,0.346524538074851,"{""type"":""MultiPoint"",""coordinates"":[]}"
20081210,2008-12-10,0.9951981410660949,"{""type"":""MultiPoint"",""coordinates"":[]}"
20081211,2008-12-11,0.0,"{""type"":""MultiPoint"",""coordinates"":[]}"
20081212,2008-12-12,0.0,"{""type"":""MultiPoint"",""coordinates"":[]}"
20081213,2008-12-13,0.07708984691442962,"{""type"":""MultiPoint"",""coordinates"":[]}"
20081214,2008-12-14,0.0,"{""type"":""MultiPoint"",""coordinates"":[]}"
20081215,2008-12-15,0.0,"{""type"":""MultiPoint"",""coordinates"":[]}"
20081216,2008-12-16,0.0,"{""type"":""MultiPoint"",""coordinates"":[]}"
20081217,2008-12-17,0.0,"{""type"":""MultiPoint"",""coordinates"":[]}"
20081218,2008-12-18,0.0,"{""type"":""MultiPoint"",""coordinates"":[]}"
20081219,2008-12-19,0.0,"{""type"":""MultiPoint"",""coordinates"":[]}"
20081220,2008-12-20,0.1084744164293446,"{""type"":""MultiPoint"",""coordinates"":[]}"
20081221,2008-12-21,0.4779352906671193,"{""type"":""MultiPoint"",""coordinates"":[]}"
20081222,2008-12-22,0.0,"{""type"":""MultiPoint"",""coordinates"":[]}"
20081223,2008-12-23,0.0,"{""type"":""MultiPoint"",""coordinates"":[]}"
20081224,2008-12-24,0.17246263428729044,"{""type"":""MultiPoint"",""coordinates"":[]}"
20081225,2008-12-25,0.0,"{""type"":""MultiPoint"",""coordinates"":[]}"
20081226,2008-12-26,0.6628050619903973,"{""type"":""MultiPoint"",""coordinates"":[]}"
20081227,2008-12-27,0.0,"{""type"":""MultiPoint"",""coordinates"":[]}"
20081228,2008-12-28,0.0,"{""type"":""MultiPoint"",""coordinates"":[]}"
20081229,2008-12-29,0.0,"{""type"":""MultiPoint"",""coordinates"":[]}"
20081230,2008-12-30,0.0,"{""type"":""MultiPoint"",""coordinates"":[]}"
20081231,2008-12-31,0.014980306067273219,"{""type"":""MultiPoint"",""coordinates"":[]}"
20090101,2009-01-01,0.0,"{""type"":""MultiPoint"",""coordinates"":[]}"
20090102,2009-01-02,0.10162625587156403,"{""type"":""MultiPoint"",""coordinates"":[]}"
20090103,2009-01-03,0.0,"{""type"":""MultiPoint"",""coordinates"":[]}"
20090104,2009-01-04,0.01714267312833627,"{""type"":""MultiPoint"",""coordinates"":[]}"
20090105,2009-01-05,0.012458666156962025,"{""type"":""MultiPoint"",""coordinates"":[]}"
20090106,2009-01-06,0.0,"{""type"":""MultiPoint"",""coordinates"":[]}"
20090107,2009-01-07,0.09740253248173113,"{""type"":""MultiPoint"",""coordinates"":[]}"
20090108,2009-01-08,2.3622928185762544,"{""type"":""MultiPoint"",""coordinates"":[]}"
20090109,2009-01-09,0.015105048711223394,"{""type"":""MultiPoint"",""coordinates"":[]}"
20090110,2009-01-10,0.0,"{""type"":""MultiPoint"",""coordinates"":[]}"
20090111,2009-01-11,0.0,"{""type"":""MultiPoint"",""coordinates"":[]}"
20090112,2009-01-12,0.0,"{""type"":""MultiPoint"",""coordinates"":[]}"
20090113,2009-01-13,0.1740828080739267,"{""type"":""MultiPoint"",""coordinates"":[]}"
20090114,2009-01-14,0.19498484425780976,"{""type"":""MultiPoint"",""coordinates"":[]}"
20090115,2009-01-15,0.04694140636953612,"{""type"":""MultiPoint"",""coordinates"":[]}"
20090116,2009-01-16,0.0,"{""type"":""MultiPoint"",""coordinates"":[]}"
20090117,2009-01-17,0.0,"{""type"":""MultiPoint"",""coordinates"":[]}"
20090118,2009-01-18,0.0,"{""type"":""MultiPoint"",""coordinates"":[]}"
20090119,2009-01-19,0.0,"{""type"":""MultiPoint"",""coordinates"":[]}"
20090120,2009-01-20,0.0,"{""type"":""MultiPoint"",""coordinates"":[]}"
20090121,2009-01-21,0.0,"{""type"":""MultiPoint"",""coordinates"":[]}"
20090122,2009-01-22,0.0,"{""type"":""MultiPoint"",""coordinates"":[]}"
20090123,2009-01-23,0.0,"{""type"":""MultiPoint"",""coordinates"":[]}"
20090124,2009-01-24,0.0,"{""type"":""MultiPoint"",""coordinates"":[]}"
20090125,2009-01-25,0.0,"{""type"":""MultiPoint"",""coordinates"":[]}"
20090126,2009-01-26,0.0,"{""type"":""MultiPoint"",""coordinates"":[]}"
20090127,2009-01-27,0.0,"{""type"":""MultiPoint"",""coordinates"":[]}"
20090128,2009-01-28,0.10504405905796524,"{""type"":""MultiPoint"",""coordinates"":[]}"
20090129,2009-01-29,0.0,"{""type"":""MultiPoint"",""coordinates"":[]}"
20090130,2009-01-30,0.0,"{""type"":""MultiPoint"",""coordinates"":[]}"
20090131,2009-01-31,0.0,"{""type"":""MultiPoint"",""coordinates"":[]}"
20090201,2009-02-01,0.0,"{""type"":""MultiPoint"",""coordinates"":[]}"
20090202,2009-02-02,0.0,"{""type"":""MultiPoint"",""coordinates"":[]}"
20090203,2009-02-03,0.0,"{""type"":""MultiPoint"",""coordinates"":[]}"
20090204,2009-02-04,0.0,"{""type"":""MultiPoint"",""coordinates"":[]}"
20090205,2009-02-05,0.0,"{""type"":""MultiPoint"",""coordinates"":[]}"
20090206,2009-02-06,0.0,"{""type"":""MultiPoint"",""coordinates"":[]}"
20090207,2009-02-07,0.0,"{""type"":""MultiPoint"",""coordinates"":[]}"
20090208,2009-02-08,0.0,"{""type"":""MultiPoint"",""coordinates"":[]}"
20090209,2009-02-09,0.0,"{""type"":""MultiPoint"",""coordinates"":[]}"
20090210,2009-02-10,0.0,"{""type"":""MultiPoint"",""coordinates"":[]}"
20090211,2009-02-11,0.0,"{""type"":""MultiPoint"",""coordinates"":[]}"
20090212,2009-02-12,0.0,"{""type"":""MultiPoint"",""coordinates"":[]}"
20090213,2009-02-13,0.0,"{""type"":""MultiPoint"",""coordinates"":[]}"
20090214,2009-02-14,0.0,"{""type"":""MultiPoint"",""coordinates"":[]}"
20090215,2009-02-15,0.0,"{""type"":""MultiPoint"",""coordinates"":[]}"
20090216,2009-02-16,0.0,"{""type"":""MultiPoint"",""coordinates"":[]}"
20090217,2009-02-17,0.0,"{""type"":""MultiPoint"",""coordinates"":[]}"
20090218,2009-02-18,0.0,"{""type"":""MultiPoint"",""coordinates"":[]}"
20090219,2009-02-19,0.0,"{""type"":""MultiPoint"",""coordinates"":[]}"
20090220,2009-02-20,0.0,"{""type"":""MultiPoint"",""coordinates"":[]}"
20090221,2009-02-21,0.0,"{""type"":""MultiPoint"",""coordinates"":[]}"
20090222,2009-02-22,0.0,"{""type"":""MultiPoint"",""coordinates"":[]}"
20090223,2009-02-23,0.0,"{""type"":""MultiPoint"",""coordinates"":[]}"
20090224,2009-02-24,0.0,"{""type"":""MultiPoint"",""coordinates"":[]}"
20090225,2009-02-25,0.0,"{""type"":""MultiPoint"",""coordinates"":[]}"
20090226,2009-02-26,0.0,"{""type"":""MultiPoint"",""coordinates"":[]}"
20090227,2009-02-27,0.0,"{""type"":""MultiPoint"",""coordinates"":[]}"
20090228,2009-02-28,0.0,"{""type"":""MultiPoint"",""coordinates"":[]}"
20090301,2009-03-01,0.0,"{""type"":""MultiPoint"",""coordinates"":[]}"
20090302,2009-03-02,0.0,"{""type"":""MultiPoint"",""coordinates"":[]}"
20090303,2009-03-03,0.0,"{""type"":""MultiPoint"",""coordinates"":[]}"
20090304,2009-03-04,0.0,"{""type"":""MultiPoint"",""coordinates"":[]}"
20090305,2009-03-05,0.0,"{""type"":""MultiPoint"",""coordinates"":[]}"
20090306,2009-03-06,0.0,"{""type"":""MultiPoint"",""coordinates"":[]}"
20090307,2009-03-07,0.0,"{""type"":""MultiPoint"",""coordinates"":[]}"
20090308,2009-03-08,0.0,"{""type"":""MultiPoint"",""coordinates"":[]}"
20090309,2009-03-09,0.0,"{""type"":""MultiPoint"",""coordinates"":[]}"
20090310,2009-03-10,0.1043109191524139,"{""type"":""MultiPoint"",""coordinates"":[]}"
20090311,2009-03-11,0.2621883404436971,"{""type"":""MultiPoint"",""coordinates"":[]}"
20090312,2009-03-12,0.6844795076092014,"{""type"":""MultiPoint"",""coordinates"":[]}"
20090313,2009-03-13,4.757844910831734E-4,"{""type"":""MultiPoint"",""coordinates"":[]}"
20090314,2009-03-14,0.19162129779035683,"{""type"":""MultiPoint"",""coordinates"":[]}"
20090315,2009-03-15,0.10951884830407299,"{""type"":""MultiPoint"",""coordinates"":[]}"
20090316,2009-03-16,0.0,"{""type"":""MultiPoint"",""coordinates"":[]}"
20090317,2009-03-17,0.0,"{""type"":""MultiPoint"",""coordinates"":[]}"
20090318,2009-03-18,0.0,"{""type"":""MultiPoint"",""coordinates"":[]}"
20090319,2009-03-19,0.0,"{""type"":""MultiPoint"",""coordinates"":[]}"
20090320,2009-03-20,0.0,"{""type"":""MultiPoint"",""coordinates"":[]}"
20090321,2009-03-21,0.0011645085701966567,"{""type"":""MultiPoint"",""coordinates"":[]}"
20090322,2009-03-22,1.5548510358357253,"{""type"":""MultiPoint"",""coordinates"":[]}"
20090323,2009-03-23,0.0021902019463759456,"{""type"":""MultiPoint"",""coordinates"":[]}"
20090324,2009-03-24,0.0,"{""type"":""MultiPoint"",""coordinates"":[]}"
20090325,2009-03-25,0.0,"{""type"":""MultiPoint"",""coordinates"":[]}"
20090326,2009-03-26,0.0,"{""type"":""MultiPoint"",""coordinates"":[]}"
20090327,2009-03-27,0.0,"{""type"":""MultiPoint"",""coordinates"":[]}"
20090328,2009-03-28,0.010530254314888233,"{""type"":""MultiPoint"",""coordinates"":[]}"
20090329,2009-03-29,0.0,"{""type"":""MultiPoint"",""coordinates"":[]}"
20090330,2009-03-30,0.0,"{""type"":""MultiPoint"",""coordinates"":[]}"
20090331,2009-03-31,0.0,"{""type"":""MultiPoint"",""coordinates"":[]}"
20090401,2009-04-01,0.0,"{""type"":""MultiPoint"",""coordinates"":[]}"
20090402,2009-04-02,0.0,"{""type"":""MultiPoint"",""coordinates"":[]}"
20090403,2009-04-03,0.0,"{""type"":""MultiPoint"",""coordinates"":[]}"
20090404,2009-04-04,0.0,"{""type"":""MultiPoint"",""coordinates"":[]}"
20090405,2009-04-05,0.0,"{""type"":""MultiPoint"",""coordinates"":[]}"
20090406,2009-04-06,0.0,"{""type"":""MultiPoint"",""coordinates"":[]}"
20090407,2009-04-07,0.013068672650642101,"{""type"":""MultiPoint"",""coordinates"":[]}"
20090408,2009-04-08,0.002949731754198836,"{""type"":""MultiPoint"",""coordinates"":[]}"
20090409,2009-04-09,0.07970686931980576,"{""type"":""MultiPoint"",""coordinates"":[]}"
20090410,2009-04-10,0.06501524265325177,"{""type"":""MultiPoint"",""coordinates"":[]}"
20090411,2009-04-11,0.3793741651776722,"{""type"":""MultiPoint"",""coordinates"":[]}"
20090412,2009-04-12,1.6214114746103958,"{""type"":""MultiPoint"",""coordinates"":[]}"
20090413,2009-04-13,0.0,"{""type"":""MultiPoint"",""coordinates"":[]}"
20090414,2009-04-14,0.6609555652257849,"{""type"":""MultiPoint"",""coordinates"":[]}"
20090415,2009-04-15,0.20655715929503038,"{""type"":""MultiPoint"",""coordinates"":[]}"
20090416,2009-04-16,0.0,"{""type"":""MultiPoint"",""coordinates"":[]}"
20090417,2009-04-17,0.134507469057084,"{""type"":""MultiPoint"",""coordinates"":[]}"
20090418,2009-04-18,0.3650258073605327,"{""type"":""MultiPoint"",""coordinates"":[]}"
20090419,2009-04-19,0.003923304665478546,"{""type"":""MultiPoint"",""coordinates"":[]}"
20090420,2009-04-20,0.007657274713054812,"{""type"":""MultiPoint"",""coordinates"":[]}"
20090421,2009-04-21,0.13620511420321715,"{""type"":""MultiPoint"",""coordinates"":[]}"
20090422,2009-04-22,0.6986858821207067,"{""type"":""MultiPoint"",""coordinates"":[]}"
20090423,2009-04-23,0.0,"{""type"":""MultiPoint"",""coordinates"":[]}"
20090424,2009-04-24,1.4475635352680463,"{""type"":""MultiPoint"",""coordinates"":[]}"
20090425,2009-04-25,2.7090242120484693,"{""type"":""MultiPoint"",""coordinates"":[]}"
20090426,2009-04-26,0.0,"{""type"":""MultiPoint"",""coordinates"":[]}"
20090427,2009-04-27,0.0,"{""type"":""MultiPoint"",""coordinates"":[]}"
20090428,2009-04-28,0.0,"{""type"":""MultiPoint"",""coordinates"":[]}"
20090429,2009-04-29,0.0,"{""type"":""MultiPoint"",""coordinates"":[]}"
20090430,2009-04-30,0.0,"{""type"":""MultiPoint"",""coordinates"":[]}"
20090501,2009-05-01,0.030442938916208244,"{""type"":""MultiPoint"",""coordinates"":[]}"
20090502,2009-05-02,0.346205208401618,"{""type"":""MultiPoint"",""coordinates"":[]}"
20090503,2009-05-03,0.1205366404161411,"{""type"":""MultiPoint"",""coordinates"":[]}"
20090504,2009-05-04,3.831061386946993,"{""type"":""MultiPoint"",""coordinates"":[]}"
20090505,2009-05-05,0.4860066398725632,"{""type"":""MultiPoint"",""coordinates"":[]}"
20090506,2009-05-06,0.0,"{""type"":""MultiPoint"",""coordinates"":[]}"
20090507,2009-05-07,0.0,"{""type"":""MultiPoint"",""coordinates"":[]}"
20090508,2009-05-08,0.775063432426201,"{""type"":""MultiPoint"",""coordinates"":[]}"
20090509,2009-05-09,3.6008758827669354,"{""type"":""MultiPoint"",""coordinates"":[]}"
20090510,2009-05-10,0.0,"{""type"":""MultiPoint"",""coordinates"":[]}"
20090511,2009-05-11,0.0,"{""type"":""MultiPoint"",""coordinates"":[]}"
20090512,2009-05-12,0.0,"{""type"":""MultiPoint"",""coordinates"":[]}"
20090513,2009-05-13,0.0,"{""type"":""MultiPoint"",""coordinates"":[]}"
20090514,2009-05-14,0.2538919046476881,"{""type"":""MultiPoint"",""coordinates"":[]}"
20090515,2009-05-15,1.7334918176179115,"{""type"":""MultiPoint"",""coordinates"":[]}"
20090516,2009-05-16,2.209254671340883,"{""type"":""MultiPoint"",""coordinates"":[]}"
20090517,2009-05-17,0.1730352001309501,"{""type"":""MultiPoint"",""coordinates"":[]}"
20090518,2009-05-18,0.5218800896792153,"{""type"":""MultiPoint"",""coordinates"":[]}"
20090519,2009-05-19,3.705870139672959,"{""type"":""MultiPoint"",""coordinates"":[]}"
20090520,2009-05-20,1.869486097457782,"{""type"":""MultiPoint"",""coordinates"":[]}"
20090521,2009-05-21,20.81707178303951,"{""type"":""MultiPoint"",""coordinates"":[]}"
20090522,2009-05-22,8.739051375153602,"{""type"":""MultiPoint"",""coordinates"":[]}"
20090523,2009-05-23,11.316904379376291,"{""type"":""MultiPoint"",""coordinates"":[]}"
20090524,2009-05-24,10.66040013066156,"{""type"":""MultiPoint"",""coordinates"":[]}"
20090525,2009-05-25,0.0,"{""type"":""MultiPoint"",""coordinates"":[]}"
20090526,2009-05-26,0.211715704554107,"{""type"":""MultiPoint"",""coordinates"":[]}"
20090527,2009-05-27,0.0,"{""type"":""MultiPoint"",""coordinates"":[]}"
20090528,2009-05-28,1.0826394390285616,"{""type"":""MultiPoint"",""coordinates"":[]}"
20090529,2009-05-29,0.00786366197378584,"{""type"":""MultiPoint"",""coordinates"":[]}"
20090530,2009-05-30,0.09828137263057822,"{""type"":""MultiPoint"",""coordinates"":[]}"
20090531,2009-05-31,7.481758434774242,"{""type"":""MultiPoint"",""coordinates"":[]}"
20090601,2009-06-01,0.0,"{""type"":""MultiPoint"",""coordinates"":[]}"
20090602,2009-06-02,0.0,"{""type"":""MultiPoint"",""coordinates"":[]}"
20090603,2009-06-03,0.12433547721008735,"{""type"":""MultiPoint"",""coordinates"":[]}"
20090604,2009-06-04,0.0,"{""type"":""MultiPoint"",""coordinates"":[]}"
20090605,2009-06-05,0.4038947623586288,"{""type"":""MultiPoint"",""coordinates"":[]}"
20090606,2009-06-06,2.3458630483997576,"{""type"":""MultiPoint"",""coordinates"":[]}"
20090607,2009-06-07,0.0,"{""type"":""MultiPoint"",""coordinates"":[]}"
20090608,2009-06-08,0.0,"{""type"":""MultiPoint"",""coordinates"":[]}"
20090609,2009-06-09,0.0,"{""type"":""MultiPoint"",""coordinates"":[]}"
20090610,2009-06-10,0.1704323519729447,"{""type"":""MultiPoint"",""coordinates"":[]}"
20090611,2009-06-11,7.470009764587624,"{""type"":""MultiPoint"",""coordinates"":[]}"
20090612,2009-06-12,16.618716104532265,"{""type"":""MultiPoint"",""coordinates"":[]}"
20090613,2009-06-13,1.7536824224206686,"{""type"":""MultiPoint"",""coordinates"":[]}"
20090614,2009-06-14,1.321592948974116,"{""type"":""MultiPoint"",""coordinates"":[]}"
20090615,2009-06-15,2.4296529087260055,"{""type"":""MultiPoint"",""coordinates"":[]}"
20090616,2009-06-16,0.9897762354209158,"{""type"":""MultiPoint"",""coordinates"":[]}"
20090617,2009-06-17,0.6405726630627782,"{""type"":""MultiPoint"",""coordinates"":[]}"
20090618,2009-06-18,2.871026290002998,"{""type"":""MultiPoint"",""coordinates"":[]}"
20090619,2009-06-19,0.6010534199995533,"{""type"":""MultiPoint"",""coordinates"":[]}"
20090620,2009-06-20,11.47856215064064,"{""type"":""MultiPoint"",""coordinates"":[]}"
20090621,2009-06-21,0.17959715701596793,"{""type"":""MultiPoint"",""coordinates"":[]}"
20090622,2009-06-22,0.04989370921912302,"{""type"":""MultiPoint"",""coordinates"":[]}"
20090623,2009-06-23,0.0,"{""type"":""MultiPoint"",""coordinates"":[]}"
20090624,2009-06-24,0.0,"{""type"":""MultiPoint"",""coordinates"":[]}"
20090625,2009-06-25,3.177357991100689,"{""type"":""MultiPoint"",""coordinates"":[]}"
20090626,2009-06-26,0.40229618779369253,"{""type"":""MultiPoint"",""coordinates"":[]}"
20090627,2009-06-27,0.487619268033856,"{""type"":""MultiPoint"",""coordinates"":[]}"
20090628,2009-06-28,0.006593808458685237,"{""type"":""MultiPoint"",""coordinates"":[]}"
20090629,2009-06-29,0.020792798730458622,"{""type"":""MultiPoint"",""coordinates"":[]}"
20090630,2009-06-30,1.207848750109672,"{""type"":""MultiPoint"",""coordinates"":[]}"
20090701,2009-07-01,0.9540436664999198,"{""type"":""MultiPoint"",""coordinates"":[]}"
20090702,2009-07-02,2.435536463588767,"{""type"":""MultiPoint"",""coordinates"":[]}"
20090703,2009-07-03,2.5643978468224766,"{""type"":""MultiPoint"",""coordinates"":[]}"
20090704,2009-07-04,0.9350534892728504,"{""type"":""MultiPoint"",""coordinates"":[]}"
20090705,2009-07-05,0.15822918694484336,"{""type"":""MultiPoint"",""coordinates"":[]}"
20090706,2009-07-06,0.3972344948692424,"{""type"":""MultiPoint"",""coordinates"":[]}"
20090707,2009-07-07,1.5434338434286066,"{""type"":""MultiPoint"",""coordinates"":[]}"
20090708,2009-07-08,2.667692244729558,"{""type"":""MultiPoint"",""coordinates"":[]}"
20090709,2009-07-09,3.8641142733977114,"{""type"":""MultiPoint"",""coordinates"":[]}"
20090710,2009-07-10,0.24011160183280633,"{""type"":""MultiPoint"",""coordinates"":[]}"
20090711,2009-07-11,0.0,"{""type"":""MultiPoint"",""coordinates"":[]}"
20090712,2009-07-12,1.2231170637789768,"{""type"":""MultiPoint"",""coordinates"":[]}"
20090713,2009-07-13,2.5842494066918715,"{""type"":""MultiPoint"",""coordinates"":[]}"
20090714,2009-07-14,3.118100850714786,"{""type"":""MultiPoint"",""coordinates"":[]}"
20090715,2009-07-15,0.4389891736718335,"{""type"":""MultiPoint"",""coordinates"":[]}"
20090716,2009-07-16,0.14361322749262678,"{""type"":""MultiPoint"",""coordinates"":[]}"
20090717,2009-07-17,0.07030153769196917,"{""type"":""MultiPoint"",""coordinates"":[]}"
20090718,2009-07-18,0.2006457982857071,"{""type"":""MultiPoint"",""coordinates"":[]}"
20090719,2009-07-19,3.7705941865226644,"{""type"":""MultiPoint"",""coordinates"":[]}"
20090720,2009-07-20,4.52062365053869,"{""type"":""MultiPoint"",""coordinates"":[]}"
20090721,2009-07-21,1.3148729504630083,"{""type"":""MultiPoint"",""coordinates"":[]}"
20090722,2009-07-22,0.12695984045188807,"{""type"":""MultiPoint"",""coordinates"":[]}"
20090723,2009-07-23,0.13414625221225487,"{""type"":""MultiPoint"",""coordinates"":[]}"
20090724,2009-07-24,0.8128989834424019,"{""type"":""MultiPoint"",""coordinates"":[]}"
20090725,2009-07-25,0.0,"{""type"":""MultiPoint"",""coordinates"":[]}"
20090726,2009-07-26,0.0,"{""type"":""MultiPoint"",""coordinates"":[]}"
20090727,2009-07-27,0.22190786277658164,"{""type"":""MultiPoint"",""coordinates"":[]}"
20090728,2009-07-28,0.0,"{""type"":""MultiPoint"",""coordinates"":[]}"
20090729,2009-07-29,1.3537566155702738,"{""type"":""MultiPoint"",""coordinates"":[]}"
20090730,2009-07-30,3.9868264466863623,"{""type"":""MultiPoint"",""coordinates"":[]}"
20090731,2009-07-31,2.514428849819982,"{""type"":""MultiPoint"",""coordinates"":[]}"
20090801,2009-08-01,0.5342854155929604,"{""type"":""MultiPoint"",""coordinates"":[]}"
20090802,2009-08-02,0.0,"{""type"":""MultiPoint"",""coordinates"":[]}"
20090803,2009-08-03,0.0,"{""type"":""MultiPoint"",""coordinates"":[]}"
20090804,2009-08-04,0.0,"{""type"":""MultiPoint"",""coordinates"":[]}"
20090805,2009-08-05,0.008552021219283223,"{""type"":""MultiPoint"",""coordinates"":[]}"
20090806,2009-08-06,0.0,"{""type"":""MultiPoint"",""coordinates"":[]}"
20090807,2009-08-07,0.0,"{""type"":""MultiPoint"",""coordinates"":[]}"
20090808,2009-08-08,0.0,"{""type"":""MultiPoint"",""coordinates"":[]}"
20090809,2009-08-09,0.0,"{""type"":""MultiPoint"",""coordinates"":[]}"
20090810,2009-08-10,0.5891206454424233,"{""type"":""MultiPoint"",""coordinates"":[]}"
20090811,2009-08-11,0.40754268447989267,"{""type"":""MultiPoint"",""coordinates"":[]}"
20090812,2009-08-12,0.0,"{""type"":""MultiPoint"",""coordinates"":[]}"
20090813,2009-08-13,0.0,"{""type"":""MultiPoint"",""coordinates"":[]}"
20090814,2009-08-14,12.364151653203326,"{""type"":""MultiPoint"",""coordinates"":[]}"
20090815,2009-08-15,15.904171677223484,"{""type"":""MultiPoint"",""coordinates"":[]}"
20090816,2009-08-16,4.179597673866515,"{""type"":""MultiPoint"",""coordinates"":[]}"
20090817,2009-08-17,16.630083748150582,"{""type"":""MultiPoint"",""coordinates"":[]}"
20090818,2009-08-18,0.0,"{""type"":""MultiPoint"",""coordinates"":[]}"
20090819,2009-08-19,0.0,"{""type"":""MultiPoint"",""coordinates"":[]}"
20090820,2009-08-20,6.286913245248208,"{""type"":""MultiPoint"",""coordinates"":[]}"
20090821,2009-08-21,3.6825132929726854,"{""type"":""MultiPoint"",""coordinates"":[]}"
20090822,2009-08-22,13.347042174688587,"{""type"":""MultiPoint"",""coordinates"":[]}"
20090823,2009-08-23,7.098368585003376,"{""type"":""MultiPoint"",""coordinates"":[]}"
20090824,2009-08-24,20.981231614052575,"{""type"":""MultiPoint"",""coordinates"":[]}"
20090825,2009-08-25,8.251700906257865,"{""type"":""MultiPoint"",""coordinates"":[]}"
20090826,2009-08-26,0.0,"{""type"":""MultiPoint"",""coordinates"":[]}"
20090827,2009-08-27,2.143621850432625,"{""type"":""MultiPoint"",""coordinates"":[]}"
20090828,2009-08-28,7.386187034057054,"{""type"":""MultiPoint"",""coordinates"":[]}"
20090829,2009-08-29,0.0,"{""type"":""MultiPoint"",""coordinates"":[]}"
20090830,2009-08-30,14.64133948686524,"{""type"":""MultiPoint"",""coordinates"":[]}"
20090831,2009-08-31,13.619743654993727,"{""type"":""MultiPoint"",""coordinates"":[]}"
20090901,2009-09-01,29.590023999052683,"{""type"":""MultiPoint"",""coordinates"":[]}"
20090902,2009-09-02,6.698842151863686,"{""type"":""MultiPoint"",""coordinates"":[]}"
20090903,2009-09-03,0.1671954444381184,"{""type"":""MultiPoint"",""coordinates"":[]}"
20090904,2009-09-04,0.28888908797867785,"{""type"":""MultiPoint"",""coordinates"":[]}"
20090905,2009-09-05,1.0748394198531273,"{""type"":""MultiPoint"",""coordinates"":[]}"
20090906,2009-09-06,1.2611831885735292,"{""type"":""MultiPoint"",""coordinates"":[]}"
20090907,2009-09-07,0.3474848948966013,"{""type"":""MultiPoint"",""coordinates"":[]}"
20090908,2009-09-08,0.0,"{""type"":""MultiPoint"",""coordinates"":[]}"
20090909,2009-09-09,0.0,"{""type"":""MultiPoint"",""coordinates"":[]}"
20090910,2009-09-10,0.005369157360645641,"{""type"":""MultiPoint"",""coordinates"":[]}"
20090911,2009-09-11,0.041179819523553964,"{""type"":""MultiPoint"",""coordinates"":[]}"
20090912,2009-09-12,1.5103782018123924,"{""type"":""MultiPoint"",""coordinates"":[]}"
20090913,2009-09-13,5.864781580609501,"{""type"":""MultiPoint"",""coordinates"":[]}"
20090914,2009-09-14,5.485681332789523,"{""type"":""MultiPoint"",""coordinates"":[]}"
20090915,2009-09-15,0.48359702233619695,"{""type"":""MultiPoint"",""coordinates"":[]}"
20090916,2009-09-16,1.1173485702928274,"{""type"":""MultiPoint"",""coordinates"":[]}"
20090917,2009-09-17,0.14475192163434045,"{""type"":""MultiPoint"",""coordinates"":[]}"
20090918,2009-09-18,9.5094704606816,"{""type"":""MultiPoint"",""coordinates"":[]}"
20090919,2009-09-19,9.331226631790146,"{""type"":""MultiPoint"",""coordinates"":[]}"
20090920,2009-09-20,11.961370952688105,"{""type"":""MultiPoint"",""coordinates"":[]}"
20090921,2009-09-21,3.956814222948595,"{""type"":""MultiPoint"",""coordinates"":[]}"
20090922,2009-09-22,0.8200993692496988,"{""type"":""MultiPoint"",""coordinates"":[]}"
20090923,2009-09-23,3.243127991655377,"{""type"":""MultiPoint"",""coordinates"":[]}"
20090924,2009-09-24,4.459654640430566,"{""type"":""MultiPoint"",""coordinates"":[]}"
20090925,2009-09-25,3.5421834177716254,"{""type"":""MultiPoint"",""coordinates"":[]}"
20090926,2009-09-26,3.6703542558310116,"{""type"":""MultiPoint"",""coordinates"":[]}"
20090927,2009-09-27,2.148535321006196,"{""type"":""MultiPoint"",""coordinates"":[]}"
20090928,2009-09-28,4.955263803091486,"{""type"":""MultiPoint"",""coordinates"":[]}"
20090929,2009-09-29,9.872264926544137,"{""type"":""MultiPoint"",""coordinates"":[]}"
20090930,2009-09-30,9.927434910110156,"{""type"":""MultiPoint"",""coordinates"":[]}"
20091001,2009-10-01,12.95826313780943,"{""type"":""MultiPoint"",""coordinates"":[]}"
20091002,2009-10-02,8.34405504747326,"{""type"":""MultiPoint"",""coordinates"":[]}"
20091003,2009-10-03,3.731942986563725,"{""type"":""MultiPoint"",""coordinates"":[]}"
20091004,2009-10-04,0.0,"{""type"":""MultiPoint"",""coordinates"":[]}"
20091005,2009-10-05,0.24581765948830783,"{""type"":""MultiPoint"",""coordinates"":[]}"
20091006,2009-10-06,0.0,"{""type"":""MultiPoint"",""coordinates"":[]}"
20091007,2009-10-07,0.0,"{""type"":""MultiPoint"",""coordinates"":[]}"
20091008,2009-10-08,0.7961853108986257,"{""type"":""MultiPoint"",""coordinates"":[]}"
20091009,2009-10-09,1.5769503574866277,"{""type"":""MultiPoint"",""coordinates"":[]}"
20091010,2009-10-10,0.11940313833544337,"{""type"":""MultiPoint"",""coordinates"":[]}"
20091011,2009-10-11,0.3727520709599925,"{""type"":""MultiPoint"",""coordinates"":[]}"
20091012,2009-10-12,0.41931406087514844,"{""type"":""MultiPoint"",""coordinates"":[]}"
20091013,2009-10-13,0.0,"{""type"":""MultiPoint"",""coordinates"":[]}"
20091014,2009-10-14,0.0,"{""type"":""MultiPoint"",""coordinates"":[]}"
20091015,2009-10-15,0.0,"{""type"":""MultiPoint"",""coordinates"":[]}"
20091016,2009-10-16,0.0,"{""type"":""MultiPoint"",""coordinates"":[]}"
20091017,2009-10-17,0.0,"{""type"":""MultiPoint"",""coordinates"":[]}"
20091018,2009-10-18,0.0,"{""type"":""MultiPoint"",""coordinates"":[]}"
20091019,2009-10-19,0.0,"{""type"":""MultiPoint"",""coordinates"":[]}"
20091020,2009-10-20,0.0,"{""type"":""MultiPoint"",""coordinates"":[]}"
20091021,2009-10-21,0.0,"{""type"":""MultiPoint"",""coordinates"":[]}"
20091022,2009-10-22,0.0,"{""type"":""MultiPoint"",""coordinates"":[]}"
20091023,2009-10-23,0.0,"{""type"":""MultiPoint"",""coordinates"":[]}"
20091024,2009-10-24,0.0,"{""type"":""MultiPoint"",""coordinates"":[]}"
20091025,2009-10-25,0.0,"{""type"":""MultiPoint"",""coordinates"":[]}"
20091026,2009-10-26,0.0,"{""type"":""MultiPoint"",""coordinates"":[]}"
20091027,2009-10-27,0.20629166894453066,"{""type"":""MultiPoint"",""coordinates"":[]}"
20091028,2009-10-28,0.6452954698723846,"{""type"":""MultiPoint"",""coordinates"":[]}"
20091029,2009-10-29,0.8911330302921544,"{""type"":""MultiPoint"",""coordinates"":[]}"
20091030,2009-10-30,0.011969934255730562,"{""type"":""MultiPoint"",""coordinates"":[]}"
20091031,2009-10-31,0.0,"{""type"":""MultiPoint"",""coordinates"":[]}"
20091101,2009-11-01,0.0,"{""type"":""MultiPoint"",""coordinates"":[]}"
20091102,2009-11-02,0.0,"{""type"":""MultiPoint"",""coordinates"":[]}"
20091103,2009-11-03,0.0,"{""type"":""MultiPoint"",""coordinates"":[]}"
20091104,2009-11-04,0.0,"{""type"":""MultiPoint"",""coordinates"":[]}"
20091105,2009-11-05,0.019194834664203343,"{""type"":""MultiPoint"",""coordinates"":[]}"
20091106,2009-11-06,6.2881358553370195,"{""type"":""MultiPoint"",""coordinates"":[]}"
20091107,2009-11-07,3.1193217561784174,"{""type"":""MultiPoint"",""coordinates"":[]}"
20091108,2009-11-08,34.40816376741298,"{""type"":""MultiPoint"",""coordinates"":[]}"
20091109,2009-11-09,1.6197967630567458,"{""type"":""MultiPoint"",""coordinates"":[]}"
20091110,2009-11-10,0.39580961333769527,"{""type"":""MultiPoint"",""coordinates"":[]}"
20091111,2009-11-11,1.426307909469437,"{""type"":""MultiPoint"",""coordinates"":[]}"
20091112,2009-11-12,2.320646076502154,"{""type"":""MultiPoint"",""coordinates"":[]}"
20091113,2009-11-13,0.0,"{""type"":""MultiPoint"",""coordinates"":[]}"
20091114,2009-11-14,21.354231359272138,"{""type"":""MultiPoint"",""coordinates"":[]}"
20091115,2009-11-15,13.296475738191463,"{""type"":""MultiPoint"",""coordinates"":[]}"
20091116,2009-11-16,0.4603039081931581,"{""type"":""MultiPoint"",""coordinates"":[]}"
20091117,2009-11-17,1.5366033342034957,"{""type"":""MultiPoint"",""coordinates"":[]}"
20091118,2009-11-18,31.70442683799583,"{""type"":""MultiPoint"",""coordinates"":[]}"
20091119,2009-11-19,0.37280603236579835,"{""type"":""MultiPoint"",""coordinates"":[]}"
20091120,2009-11-20,2.284403918508204,"{""type"":""MultiPoint"",""coordinates"":[]}"
20091121,2009-11-21,1.0702784996877497,"{""type"":""MultiPoint"",""coordinates"":[]}"
20091122,2009-11-22,0.0,"{""type"":""MultiPoint"",""coordinates"":[]}"
20091123,2009-11-23,0.0,"{""type"":""MultiPoint"",""coordinates"":[]}"
20091124,2009-11-24,4.200690449777891,"{""type"":""MultiPoint"",""coordinates"":[]}"
20091125,2009-11-25,0.0,"{""type"":""MultiPoint"",""coordinates"":[]}"
20091126,2009-11-26,0.0,"{""type"":""MultiPoint"",""coordinates"":[]}"
20091127,2009-11-27,0.0,"{""type"":""MultiPoint"",""coordinates"":[]}"
20091128,2009-11-28,0.0,"{""type"":""MultiPoint"",""coordinates"":[]}"
20091129,2009-11-29,0.0,"{""type"":""MultiPoint"",""coordinates"":[]}"
20091130,2009-11-30,0.0,"{""type"":""MultiPoint"",""coordinates"":[]}"
20091201,2009-12-01,0.0,"{""type"":""MultiPoint"",""coordinates"":[]}"
20091202,2009-12-02,0.0,"{""type"":""MultiPoint"",""coordinates"":[]}"
20091203,2009-12-03,9.780596816508003,"{""type"":""MultiPoint"",""coordinates"":[]}"
20091204,2009-12-04,2.467956137602848,"{""type"":""MultiPoint"",""coordinates"":[]}"
20091205,2009-12-05,0.0,"{""type"":""MultiPoint"",""coordinates"":[]}"
20091206,2009-12-06,2.65974470581489,"{""type"":""MultiPoint"",""coordinates"":[]}"
20091207,2009-12-07,1.0033546249594991,"{""type"":""MultiPoint"",""coordinates"":[]}"
20091208,2009-12-08,0.036085705621438535,"{""type"":""MultiPoint"",""coordinates"":[]}"
20091209,2009-12-09,0.0,"{""type"":""MultiPoint"",""coordinates"":[]}"
20091210,2009-12-10,0.0,"{""type"":""MultiPoint"",""coordinates"":[]}"
20091211,2009-12-11,0.0,"{""type"":""MultiPoint"",""coordinates"":[]}"
20091212,2009-12-12,0.0,"{""type"":""MultiPoint"",""coordinates"":[]}"
20091213,2009-12-13,0.0,"{""type"":""MultiPoint"",""coordinates"":[]}"
20091214,2009-12-14,0.0,"{""type"":""MultiPoint"",""coordinates"":[]}"
20091215,2009-12-15,1.2477193234532746,"{""type"":""MultiPoint"",""coordinates"":[]}"
20091216,2009-12-16,1.058066135053631,"{""type"":""MultiPoint"",""coordinates"":[]}"
20091217,2009-12-17,2.148331318119988,"{""type"":""MultiPoint"",""coordinates"":[]}"
20091218,2009-12-18,0.0,"{""type"":""MultiPoint"",""coordinates"":[]}"
20091219,2009-12-19,0.0,"{""type"":""MultiPoint"",""coordinates"":[]}"
20091220,2009-12-20,0.0,"{""type"":""MultiPoint"",""coordinates"":[]}"
20091221,2009-12-21,0.1252684132935076,"{""type"":""MultiPoint"",""coordinates"":[]}"
20091222,2009-12-22,1.3412002124148645,"{""type"":""MultiPoint"",""coordinates"":[]}"
20091223,2009-12-23,1.0474670901273424,"{""type"":""MultiPoint"",""coordinates"":[]}"
20091224,2009-12-24,0.0,"{""type"":""MultiPoint"",""coordinates"":[]}"
20091225,2009-12-25,0.0,"{""type"":""MultiPoint"",""coordinates"":[]}"
20091226,2009-12-26,0.0,"{""type"":""MultiPoint"",""coordinates"":[]}"
20091227,2009-12-27,0.11031500720451178,"{""type"":""MultiPoint"",""coordinates"":[]}"
20091228,2009-12-28,0.0016337710706203579,"{""type"":""MultiPoint"",""coordinates"":[]}"
20091229,2009-12-29,0.0,"{""type"":""MultiPoint"",""coordinates"":[]}"
20091230,2009-12-30,0.0,"{""type"":""MultiPoint"",""coordinates"":[]}"
20091231,2009-12-31,0.0,"{""type"":""MultiPoint"",""coordinates"":[]}"
20100101,2010-01-01,0.0,"{""type"":""MultiPoint"",""coordinates"":[]}"
20100102,2010-01-02,0.0656314892258272,"{""type"":""MultiPoint"",""coordinates"":[]}"
20100103,2010-01-03,0.0,"{""type"":""MultiPoint"",""coordinates"":[]}"
20100104,2010-01-04,0.0,"{""type"":""MultiPoint"",""coordinates"":[]}"
20100105,2010-01-05,0.0,"{""type"":""MultiPoint"",""coordinates"":[]}"
20100106,2010-01-06,0.0,"{""type"":""MultiPoint"",""coordinates"":[]}"
20100107,2010-01-07,0.0,"{""type"":""MultiPoint"",""coordinates"":[]}"
20100108,2010-01-08,1.7410840492798711,"{""type"":""MultiPoint"",""coordinates"":[]}"
20100109,2010-01-09,0.0,"{""type"":""MultiPoint"",""coordinates"":[]}"
20100110,2010-01-10,0.059383553279644424,"{""type"":""MultiPoint"",""coordinates"":[]}"
20100111,2010-01-11,6.627741230819826E-4,"{""type"":""MultiPoint"",""coordinates"":[]}"
20100112,2010-01-12,0.0,"{""type"":""MultiPoint"",""coordinates"":[]}"
20100113,2010-01-13,0.616678928399991,"{""type"":""MultiPoint"",""coordinates"":[]}"
20100114,2010-01-14,1.3617055877422322,"{""type"":""MultiPoint"",""coordinates"":[]}"
20100115,2010-01-15,0.0,"{""type"":""MultiPoint"",""coordinates"":[]}"
20100116,2010-01-16,0.0,"{""type"":""MultiPoint"",""coordinates"":[]}"
20100117,2010-01-17,0.0,"{""type"":""MultiPoint"",""coordinates"":[]}"
20100118,2010-01-18,0.0,"{""type"":""MultiPoint"",""coordinates"":[]}"
20100119,2010-01-19,0.0,"{""type"":""MultiPoint"",""coordinates"":[]}"
20100120,2010-01-20,0.0,"{""type"":""MultiPoint"",""coordinates"":[]}"
20100121,2010-01-21,0.0,"{""type"":""MultiPoint"",""coordinates"":[]}"
20100122,2010-01-22,0.0,"{""type"":""MultiPoint"",""coordinates"":[]}"
20100123,2010-01-23,0.0,"{""type"":""MultiPoint"",""coordinates"":[]}"
20100124,2010-01-24,0.0,"{""type"":""MultiPoint"",""coordinates"":[]}"
20100125,2010-01-25,0.0,"{""type"":""MultiPoint"",""coordinates"":[]}"
20100126,2010-01-26,0.0,"{""type"":""MultiPoint"",""coordinates"":[]}"
20100127,2010-01-27,0.0,"{""type"":""MultiPoint"",""coordinates"":[]}"
20100128,2010-01-28,0.0,"{""type"":""MultiPoint"",""coordinates"":[]}"
20100129,2010-01-29,0.0,"{""type"":""MultiPoint"",""coordinates"":[]}"
20100130,2010-01-30,0.0,"{""type"":""MultiPoint"",""coordinates"":[]}"
20100131,2010-01-31,0.0,"{""type"":""MultiPoint"",""coordinates"":[]}"
20100201,2010-02-01,0.0,"{""type"":""MultiPoint"",""coordinates"":[]}"
20100202,2010-02-02,0.0,"{""type"":""MultiPoint"",""coordinates"":[]}"
20100203,2010-02-03,0.0,"{""type"":""MultiPoint"",""coordinates"":[]}"
20100204,2010-02-04,0.0,"{""type"":""MultiPoint"",""coordinates"":[]}"
20100205,2010-02-05,0.0,"{""type"":""MultiPoint"",""coordinates"":[]}"
20100206,2010-02-06,0.0,"{""type"":""MultiPoint"",""coordinates"":[]}"
20100207,2010-02-07,0.0,"{""type"":""MultiPoint"",""coordinates"":[]}"
20100208,2010-02-08,0.0,"{""type"":""MultiPoint"",""coordinates"":[]}"
20100209,2010-02-09,0.0,"{""type"":""MultiPoint"",""coordinates"":[]}"
20100210,2010-02-10,0.0,"{""type"":""MultiPoint"",""coordinates"":[]}"
20100211,2010-02-11,0.0,"{""type"":""MultiPoint"",""coordinates"":[]}"
20100212,2010-02-12,0.0,"{""type"":""MultiPoint"",""coordinates"":[]}"
20100213,2010-02-13,0.0,"{""type"":""MultiPoint"",""coordinates"":[]}"
20100214,2010-02-14,0.04808417720104565,"{""type"":""MultiPoint"",""coordinates"":[]}"
20100215,2010-02-15,0.0,"{""type"":""MultiPoint"",""coordinates"":[]}"
20100216,2010-02-16,0.0,"{""type"":""MultiPoint"",""coordinates"":[]}"
20100217,2010-02-17,0.0,"{""type"":""MultiPoint"",""coordinates"":[]}"
20100218,2010-02-18,0.0,"{""type"":""MultiPoint"",""coordinates"":[]}"
20100219,2010-02-19,0.0,"{""type"":""MultiPoint"",""coordinates"":[]}"
20100220,2010-02-20,0.0,"{""type"":""MultiPoint"",""coordinates"":[]}"
20100221,2010-02-21,0.0,"{""type"":""MultiPoint"",""coordinates"":[]}"
20100222,2010-02-22,0.0,"{""type"":""MultiPoint"",""coordinates"":[]}"
20100223,2010-02-23,0.0,"{""type"":""MultiPoint"",""coordinates"":[]}"
20100224,2010-02-24,0.011034214028466249,"{""type"":""MultiPoint"",""coordinates"":[]}"
20100225,2010-02-25,0.034655333501139904,"{""type"":""MultiPoint"",""coordinates"":[]}"
20100226,2010-02-26,0.0,"{""type"":""MultiPoint"",""coordinates"":[]}"
20100227,2010-02-27,0.0,"{""type"":""MultiPoint"",""coordinates"":[]}"
20100228,2010-02-28,0.0,"{""type"":""MultiPoint"",""coordinates"":[]}"
20100301,2010-03-01,0.0,"{""type"":""MultiPoint"",""coordinates"":[]}"
20100302,2010-03-02,0.0,"{""type"":""MultiPoint"",""coordinates"":[]}"
20100303,2010-03-03,0.0,"{""type"":""MultiPoint"",""coordinates"":[]}"
20100304,2010-03-04,0.0,"{""type"":""MultiPoint"",""coordinates"":[]}"
20100305,2010-03-05,0.0,"{""type"":""MultiPoint"",""coordinates"":[]}"
20100306,2010-03-06,0.0,"{""type"":""MultiPoint"",""coordinates"":[]}"
20100307,2010-03-07,0.0,"{""type"":""MultiPoint"",""coordinates"":[]}"
20100308,2010-03-08,0.0,"{""type"":""MultiPoint"",""coordinates"":[]}"
20100309,2010-03-09,0.0,"{""type"":""MultiPoint"",""coordinates"":[]}"
20100310,2010-03-10,0.0,"{""type"":""MultiPoint"",""coordinates"":[]}"
20100311,2010-03-11,0.0,"{""type"":""MultiPoint"",""coordinates"":[]}"
20100312,2010-03-12,0.0,"{""type"":""MultiPoint"",""coordinates"":[]}"
20100313,2010-03-13,0.17240229560562964,"{""type"":""MultiPoint"",""coordinates"":[]}"
20100314,2010-03-14,1.5032482354214423,"{""type"":""MultiPoint"",""coordinates"":[]}"
20100315,2010-03-15,0.0032110333355227032,"{""type"":""MultiPoint"",""coordinates"":[]}"
20100316,2010-03-16,0.0,"{""type"":""MultiPoint"",""coordinates"":[]}"
20100317,2010-03-17,0.0,"{""type"":""MultiPoint"",""coordinates"":[]}"
20100318,2010-03-18,0.008429987695625255,"{""type"":""MultiPoint"",""coordinates"":[]}"
20100319,2010-03-19,0.02936472528394265,"{""type"":""MultiPoint"",""coordinates"":[]}"
20100320,2010-03-20,0.0,"{""type"":""MultiPoint"",""coordinates"":[]}"
20100321,2010-03-21,7.019919299957821E-4,"{""type"":""MultiPoint"",""coordinates"":[]}"
20100322,2010-03-22,0.0,"{""type"":""MultiPoint"",""coordinates"":[]}"
20100323,2010-03-23,0.0,"{""type"":""MultiPoint"",""coordinates"":[]}"
20100324,2010-03-24,0.0,"{""type"":""MultiPoint"",""coordinates"":[]}"
20100325,2010-03-25,0.0,"{""type"":""MultiPoint"",""coordinates"":[]}"
20100326,2010-03-26,0.0,"{""type"":""MultiPoint"",""coordinates"":[]}"
20100327,2010-03-27,0.0,"{""type"":""MultiPoint"",""coordinates"":[]}"
20100328,2010-03-28,0.0,"{""type"":""MultiPoint"",""coordinates"":[]}"
20100329,2010-03-29,0.0,"{""type"":""MultiPoint"",""coordinates"":[]}"
20100330,2010-03-30,0.06024178364527578,"{""type"":""MultiPoint"",""coordinates"":[]}"
20100331,2010-03-31,1.6891454831695005,"{""type"":""MultiPoint"",""coordinates"":[]}"
20100401,2010-04-01,0.0,"{""type"":""MultiPoint"",""coordinates"":[]}"
20100402,2010-04-02,0.003064564795099493,"{""type"":""MultiPoint"",""coordinates"":[]}"
20100403,2010-04-03,0.0,"{""type"":""MultiPoint"",""coordinates"":[]}"
20100404,2010-04-04,0.0,"{""type"":""MultiPoint"",""coordinates"":[]}"
20100405,2010-04-05,0.0,"{""type"":""MultiPoint"",""coordinates"":[]}"
20100406,2010-04-06,0.0,"{""type"":""MultiPoint"",""coordinates"":[]}"
20100407,2010-04-07,0.0,"{""type"":""MultiPoint"",""coordinates"":[]}"
20100408,2010-04-08,0.0,"{""type"":""MultiPoint"",""coordinates"":[]}"
20100409,2010-04-09,0.0255219063376968,"{""type"":""MultiPoint"",""coordinates"":[]}"
20100410,2010-04-10,0.0,"{""type"":""MultiPoint"",""coordinates"":[]}"
20100411,2010-04-11,0.0,"{""type"":""MultiPoint"",""coordinates"":[]}"
20100412,2010-04-12,2.2302799305299197,"{""type"":""MultiPoint"",""coordinates"":[]}"
20100413,2010-04-13,0.5069212726199427,"{""type"":""MultiPoint"",""coordinates"":[]}"
20100414,2010-04-14,7.8166317088901245,"{""type"":""MultiPoint"",""coordinates"":[]}"
20100415,2010-04-15,0.12401788424270821,"{""type"":""MultiPoint"",""coordinates"":[]}"
20100416,2010-04-16,0.0,"{""type"":""MultiPoint"",""coordinates"":[]}"
20100417,2010-04-17,0.0,"{""type"":""MultiPoint"",""coordinates"":[]}"
20100418,2010-04-18,0.17873609418799424,"{""type"":""MultiPoint"",""coordinates"":[]}"
20100419,2010-04-19,0.0042594090646706296,"{""type"":""MultiPoint"",""coordinates"":[]}"
20100420,2010-04-20,0.0,"{""type"":""MultiPoint"",""coordinates"":[]}"
20100421,2010-04-21,1.1715038972080098,"{""type"":""MultiPoint"",""coordinates"":[]}"
20100422,2010-04-22,0.0,"{""type"":""MultiPoint"",""coordinates"":[]}"
20100423,2010-04-23,0.004877927324765161,"{""type"":""MultiPoint"",""coordinates"":[]}"
20100424,2010-04-24,1.7863843804883948,"{""type"":""MultiPoint"",""coordinates"":[]}"
20100425,2010-04-25,0.45244133165408634,"{""type"":""MultiPoint"",""coordinates"":[]}"
20100426,2010-04-26,0.5079516561278903,"{""type"":""MultiPoint"",""coordinates"":[]}"
20100427,2010-04-27,0.0,"{""type"":""MultiPoint"",""coordinates"":[]}"
20100428,2010-04-28,0.03380299271655994,"{""type"":""MultiPoint"",""coordinates"":[]}"
20100429,2010-04-29,0.0,"{""type"":""MultiPoint"",""coordinates"":[]}"
20100430,2010-04-30,6.182116838948222,"{""type"":""MultiPoint"",""coordinates"":[]}"
20100501,2010-05-01,0.5100698059045354,"{""type"":""MultiPoint"",""coordinates"":[]}"
20100502,2010-05-02,0.023785909772467036,"{""type"":""MultiPoint"",""coordinates"":[]}"
20100503,2010-05-03,1.4338888876787157,"{""type"":""MultiPoint"",""coordinates"":[]}"
20100504,2010-05-04,0.42909532592771377,"{""type"":""MultiPoint"",""coordinates"":[]}"
20100505,2010-05-05,0.0,"{""type"":""MultiPoint"",""coordinates"":[]}"
20100506,2010-05-06,0.8848787061403163,"{""type"":""MultiPoint"",""coordinates"":[]}"
20100507,2010-05-07,0.0,"{""type"":""MultiPoint"",""coordinates"":[]}"
20100508,2010-05-08,0.4181381256482674,"{""type"":""MultiPoint"",""coordinates"":[]}"
20100509,2010-05-09,0.030007192525743232,"{""type"":""MultiPoint"",""coordinates"":[]}"
20100510,2010-05-10,0.760026822558019,"{""type"":""MultiPoint"",""coordinates"":[]}"
20100511,2010-05-11,0.0,"{""type"":""MultiPoint"",""coordinates"":[]}"
20100512,2010-05-12,0.0,"{""type"":""MultiPoint"",""coordinates"":[]}"
20100513,2010-05-13,0.06602280007442757,"{""type"":""MultiPoint"",""coordinates"":[]}"
20100514,2010-05-14,0.5595181309164603,"{""type"":""MultiPoint"",""coordinates"":[]}"
20100515,2010-05-15,8.34837212209035,"{""type"":""MultiPoint"",""coordinates"":[]}"
20100516,2010-05-16,0.6521707046969628,"{""type"":""MultiPoint"",""coordinates"":[]}"
20100517,2010-05-17,0.6630382194847525,"{""type"":""MultiPoint"",""coordinates"":[]}"
20100518,2010-05-18,9.516200329252353,"{""type"":""MultiPoint"",""coordinates"":[]}"
20100519,2010-05-19,17.774690834805792,"{""type"":""MultiPoint"",""coordinates"":[]}"
20100520,2010-05-20,13.363041562456266,"{""type"":""MultiPoint"",""coordinates"":[]}"
20100521,2010-05-21,5.958875261713982,"{""type"":""MultiPoint"",""coordinates"":[]}"
20100522,2010-05-22,0.0,"{""type"":""MultiPoint"",""coordinates"":[]}"
20100523,2010-05-23,0.0,"{""type"":""MultiPoint"",""coordinates"":[]}"
20100524,2010-05-24,0.0,"{""type"":""MultiPoint"",""coordinates"":[]}"
20100525,2010-05-25,0.0,"{""type"":""MultiPoint"",""coordinates"":[]}"
20100526,2010-05-26,0.0,"{""type"":""MultiPoint"",""coordinates"":[]}"
20100527,2010-05-27,0.0,"{""type"":""MultiPoint"",""coordinates"":[]}"
20100528,2010-05-28,0.0,"{""type"":""MultiPoint"",""coordinates"":[]}"
20100529,2010-05-29,0.011082085779828402,"{""type"":""MultiPoint"",""coordinates"":[]}"
20100530,2010-05-30,0.0,"{""type"":""MultiPoint"",""coordinates"":[]}"
20100531,2010-05-31,0.0,"{""type"":""MultiPoint"",""coordinates"":[]}"
20100601,2010-06-01,0.0,"{""type"":""MultiPoint"",""coordinates"":[]}"
20100602,2010-06-02,0.0,"{""type"":""MultiPoint"",""coordinates"":[]}"
20100603,2010-06-03,0.6793590424774045,"{""type"":""MultiPoint"",""coordinates"":[]}"
20100604,2010-06-04,8.069971044760402,"{""type"":""MultiPoint"",""coordinates"":[]}"
20100605,2010-06-05,2.9365775635515257,"{""type"":""MultiPoint"",""coordinates"":[]}"
20100606,2010-06-06,0.7302563971523415,"{""type"":""MultiPoint"",""coordinates"":[]}"
20100607,2010-06-07,1.8634201057436817,"{""type"":""MultiPoint"",""coordinates"":[]}"
20100608,2010-06-08,0.027224992498788257,"{""type"":""MultiPoint"",""coordinates"":[]}"
20100609,2010-06-09,8.028114077688327,"{""type"":""MultiPoint"",""coordinates"":[]}"
20100610,2010-06-10,14.354582299120791,"{""type"":""MultiPoint"",""coordinates"":[]}"
20100611,2010-06-11,19.662003436417955,"{""type"":""MultiPoint"",""coordinates"":[]}"
20100612,2010-06-12,14.529867747561257,"{""type"":""MultiPoint"",""coordinates"":[]}"
20100613,2010-06-13,3.461328750059552,"{""type"":""MultiPoint"",""coordinates"":[]}"
20100614,2010-06-14,1.4165671928778587,"{""type"":""MultiPoint"",""coordinates"":[]}"
20100615,2010-06-15,8.470039595566822,"{""type"":""MultiPoint"",""coordinates"":[]}"
20100616,2010-06-16,2.0665252700226517,"{""type"":""MultiPoint"",""coordinates"":[]}"
20100617,2010-06-17,3.891524438702076,"{""type"":""MultiPoint"",""coordinates"":[]}"
20100618,2010-06-18,0.5636994489275841,"{""type"":""MultiPoint"",""coordinates"":[]}"
20100619,2010-06-19,6.470229362550749,"{""type"":""MultiPoint"",""coordinates"":[]}"
20100620,2010-06-20,9.343391684128447,"{""type"":""MultiPoint"",""coordinates"":[]}"
20100621,2010-06-21,4.250021798969184,"{""type"":""MultiPoint"",""coordinates"":[]}"
20100622,2010-06-22,0.17477865796542683,"{""type"":""MultiPoint"",""coordinates"":[]}"
20100623,2010-06-23,0.8456217973652177,"{""type"":""MultiPoint"",""coordinates"":[]}"
20100624,2010-06-24,2.707665150754169,"{""type"":""MultiPoint"",""coordinates"":[]}"
20100625,2010-06-25,0.0,"{""type"":""MultiPoint"",""coordinates"":[]}"
20100626,2010-06-26,0.028466589607253213,"{""type"":""MultiPoint"",""coordinates"":[]}"
20100627,2010-06-27,0.02943140710556043,"{""type"":""MultiPoint"",""coordinates"":[]}"
20100628,2010-06-28,0.11598422711901893,"{""type"":""MultiPoint"",""coordinates"":[]}"
20100629,2010-06-29,0.0,"{""type"":""MultiPoint"",""coordinates"":[]}"
20100630,2010-06-30,0.4761818832746644,"{""type"":""MultiPoint"",""coordinates"":[]}"
20100701,2010-07-01,8.233873061903264,"{""type"":""MultiPoint"",""coordinates"":[]}"
20100702,2010-07-02,8.123134016757737,"{""type"":""MultiPoint"",""coordinates"":[]}"
20100703,2010-07-03,0.2148339066002946,"{""type"":""MultiPoint"",""coordinates"":[]}"
20100704,2010-07-04,5.5853822419076025,"{""type"":""MultiPoint"",""coordinates"":[]}"
20100705,2010-07-05,13.617540269399393,"{""type"":""MultiPoint"",""coordinates"":[]}"
20100706,2010-07-06,11.755629622306985,"{""type"":""MultiPoint"",""coordinates"":[]}"
20100707,2010-07-07,6.706527947867638,"{""type"":""MultiPoint"",""coordinates"":[]}"
20100708,2010-07-08,10.07041225806762,"{""type"":""MultiPoint"",""coordinates"":[]}"
20100709,2010-07-09,1.3037889660355322,"{""type"":""MultiPoint"",""coordinates"":[]}"
20100710,2010-07-10,1.3067583280368849,"{""type"":""MultiPoint"",""coordinates"":[]}"
20100711,2010-07-11,1.1974236634365265,"{""type"":""MultiPoint"",""coordinates"":[]}"
20100712,2010-07-12,13.837225787109412,"{""type"":""MultiPoint"",""coordinates"":[]}"
20100713,2010-07-13,3.465912779589927,"{""type"":""MultiPoint"",""coordinates"":[]}"
20100714,2010-07-14,0.014938997293423609,"{""type"":""MultiPoint"",""coordinates"":[]}"
20100715,2010-07-15,1.592097906511751,"{""type"":""MultiPoint"",""coordinates"":[]}"
20100716,2010-07-16,12.209771288139565,"{""type"":""MultiPoint"",""coordinates"":[]}"
20100717,2010-07-17,6.4458854711511036,"{""type"":""MultiPoint"",""coordinates"":[]}"
20100718,2010-07-18,2.1972378296000885,"{""type"":""MultiPoint"",""coordinates"":[]}"
20100719,2010-07-19,3.275531312286217,"{""type"":""MultiPoint"",""coordinates"":[]}"
20100720,2010-07-20,6.871419618143264,"{""type"":""MultiPoint"",""coordinates"":[]}"
20100721,2010-07-21,6.303420017552467,"{""type"":""MultiPoint"",""coordinates"":[]}"
20100722,2010-07-22,0.5758780591385784,"{""type"":""MultiPoint"",""coordinates"":[]}"
20100723,2010-07-23,0.6860426820493251,"{""type"":""MultiPoint"",""coordinates"":[]}"
20100724,2010-07-24,12.177846194913675,"{""type"":""MultiPoint"",""coordinates"":[]}"
20100725,2010-07-25,7.3686753300206025,"{""type"":""MultiPoint"",""coordinates"":[]}"
20100726,2010-07-26,0.9312938107051102,"{""type"":""MultiPoint"",""coordinates"":[]}"
20100727,2010-07-27,4.316753817208555,"{""type"":""MultiPoint"",""coordinates"":[]}"
20100728,2010-07-28,15.122666856617197,"{""type"":""MultiPoint"",""coordinates"":[]}"
20100729,2010-07-29,7.3995096144797925,"{""type"":""MultiPoint"",""coordinates"":[]}"
20100730,2010-07-30,3.683743330021644,"{""type"":""MultiPoint"",""coordinates"":[]}"
20100731,2010-07-31,0.0,"{""type"":""MultiPoint"",""coordinates"":[]}"
20100801,2010-08-01,0.0,"{""type"":""MultiPoint"",""coordinates"":[]}"
20100802,2010-08-02,1.7747675946418289,"{""type"":""MultiPoint"",""coordinates"":[]}"
20100803,2010-08-03,4.976785027760314,"{""type"":""MultiPoint"",""coordinates"":[]}"
20100804,2010-08-04,2.114133346837089,"{""type"":""MultiPoint"",""coordinates"":[]}"
20100805,2010-08-05,2.228958864502407,"{""type"":""MultiPoint"",""coordinates"":[]}"
20100806,2010-08-06,3.0400307614550055,"{""type"":""MultiPoint"",""coordinates"":[]}"
20100807,2010-08-07,3.3157403972704307,"{""type"":""MultiPoint"",""coordinates"":[]}"
20100808,2010-08-08,0.22080655352795056,"{""type"":""MultiPoint"",""coordinates"":[]}"
20100809,2010-08-09,0.1255796246737243,"{""type"":""MultiPoint"",""coordinates"":[]}"
20100810,2010-08-10,0.462176804995129,"{""type"":""MultiPoint"",""coordinates"":[]}"
20100811,2010-08-11,0.5404103153243638,"{""type"":""MultiPoint"",""coordinates"":[]}"
20100812,2010-08-12,8.996740252215703,"{""type"":""MultiPoint"",""coordinates"":[]}"
20100813,2010-08-13,14.33562097644265,"{""type"":""MultiPoint"",""coordinates"":[]}"
20100814,2010-08-14,9.266608755245223,"{""type"":""MultiPoint"",""coordinates"":[]}"
20100815,2010-08-15,4.445313743565972,"{""type"":""MultiPoint"",""coordinates"":[]}"
20100816,2010-08-16,7.324807741465517,"{""type"":""MultiPoint"",""coordinates"":[]}"
20100817,2010-08-17,8.50215262903985,"{""type"":""MultiPoint"",""coordinates"":[]}"
20100818,2010-08-18,7.412098333399865,"{""type"":""MultiPoint"",""coordinates"":[]}"
20100819,2010-08-19,0.12663940716817232,"{""type"":""MultiPoint"",""coordinates"":[]}"
20100820,2010-08-20,8.664343246682831,"{""type"":""MultiPoint"",""coordinates"":[]}"
20100821,2010-08-21,4.6092726416830345,"{""type"":""MultiPoint"",""coordinates"":[]}"
20100822,2010-08-22,9.936329963029843,"{""type"":""MultiPoint"",""coordinates"":[]}"
20100823,2010-08-23,18.342541834586022,"{""type"":""MultiPoint"",""coordinates"":[]}"
20100824,2010-08-24,8.300926771866207,"{""type"":""MultiPoint"",""coordinates"":[]}"
20100825,2010-08-25,29.620190909157703,"{""type"":""MultiPoint"",""coordinates"":[]}"
20100826,2010-08-26,14.132473020486941,"{""type"":""MultiPoint"",""coordinates"":[]}"
20100827,2010-08-27,0.18184647840362964,"{""type"":""MultiPoint"",""coordinates"":[]}"
20100828,2010-08-28,8.690892648943636,"{""type"":""MultiPoint"",""coordinates"":[]}"
20100829,2010-08-29,9.533908768367114,"{""type"":""MultiPoint"",""coordinates"":[]}"
20100830,2010-08-30,13.712884167468191,"{""type"":""MultiPoint"",""coordinates"":[]}"
20100831,2010-08-31,0.0,"{""type"":""MultiPoint"",""coordinates"":[]}"
20100901,2010-09-01,0.0,"{""type"":""MultiPoint"",""coordinates"":[]}"
20100902,2010-09-02,1.8903382867782987,"{""type"":""MultiPoint"",""coordinates"":[]}"
20100903,2010-09-03,14.730643815445932,"{""type"":""MultiPoint"",""coordinates"":[]}"
20100904,2010-09-04,10.338142771059307,"{""type"":""MultiPoint"",""coordinates"":[]}"
20100905,2010-09-05,1.1825935464202337,"{""type"":""MultiPoint"",""coordinates"":[]}"
20100906,2010-09-06,6.098505362946225,"{""type"":""MultiPoint"",""coordinates"":[]}"
20100907,2010-09-07,11.785276133254511,"{""type"":""MultiPoint"",""coordinates"":[]}"
20100908,2010-09-08,2.417762633712659,"{""type"":""MultiPoint"",""coordinates"":[]}"
20100909,2010-09-09,3.5045768004833286,"{""type"":""MultiPoint"",""coordinates"":[]}"
20100910,2010-09-10,6.038620545156412,"{""type"":""MultiPoint"",""coordinates"":[]}"
20100911,2010-09-11,4.251948616575286,"{""type"":""MultiPoint"",""coordinates"":[]}"
20100912,2010-09-12,3.684445168666641,"{""type"":""MultiPoint"",""coordinates"":[]}"
20100913,2010-09-13,5.978750499204334,"{""type"":""MultiPoint"",""coordinates"":[]}"
20100914,2010-09-14,8.883541123281606,"{""type"":""MultiPoint"",""coordinates"":[]}"
20100915,2010-09-15,10.11991057005032,"{""type"":""MultiPoint"",""coordinates"":[]}"
20100916,2010-09-16,3.7755887196819566,"{""type"":""MultiPoint"",""coordinates"":[]}"
20100917,2010-09-17,7.084023185974433,"{""type"":""MultiPoint"",""coordinates"":[]}"
20100918,2010-09-18,3.260948383774534,"{""type"":""MultiPoint"",""coordinates"":[]}"
20100919,2010-09-19,0.02116725484749551,"{""type"":""MultiPoint"",""coordinates"":[]}"
20100920,2010-09-20,1.9553145424677159,"{""type"":""MultiPoint"",""coordinates"":[]}"
20100921,2010-09-21,0.018808889888025884,"{""type"":""MultiPoint"",""coordinates"":[]}"
20100922,2010-09-22,0.0,"{""type"":""MultiPoint"",""coordinates"":[]}"
20100923,2010-09-23,0.0,"{""type"":""MultiPoint"",""coordinates"":[]}"
20100924,2010-09-24,10.602237558786518,"{""type"":""MultiPoint"",""coordinates"":[]}"
20100925,2010-09-25,0.5517762624357101,"{""type"":""MultiPoint"",""coordinates"":[]}"
20100926,2010-09-26,0.8199468227216635,"{""type"":""MultiPoint"",""coordinates"":[]}"
20100927,2010-09-27,2.8899444750838748,"{""type"":""MultiPoint"",""coordinates"":[]}"
20100928,2010-09-28,0.005518777292106274,"{""type"":""MultiPoint"",""coordinates"":[]}"
20100929,2010-09-29,0.3707498300239866,"{""type"":""MultiPoint"",""coordinates"":[]}"
20100930,2010-09-30,5.728533298276854,"{""type"":""MultiPoint"",""coordinates"":[]}"
20101001,2010-10-01,4.169922931929806,"{""type"":""MultiPoint"",""coordinates"":[]}"
20101002,2010-10-02,1.328844873716543,"{""type"":""MultiPoint"",""coordinates"":[]}"
20101003,2010-10-03,1.9861488839652635,"{""type"":""MultiPoint"",""coordinates"":[]}"
20101004,2010-10-04,2.430208703326955,"{""type"":""MultiPoint"",""coordinates"":[]}"
20101005,2010-10-05,14.106216680599868,"{""type"":""MultiPoint"",""coordinates"":[]}"
20101006,2010-10-06,29.317484438115066,"{""type"":""MultiPoint"",""coordinates"":[]}"
20101007,2010-10-07,9.279974982145323,"{""type"":""MultiPoint"",""coordinates"":[]}"
20101008,2010-10-08,0.16218607384721143,"{""type"":""MultiPoint"",""coordinates"":[]}"
20101009,2010-10-09,0.0,"{""type"":""MultiPoint"",""coordinates"":[]}"
20101010,2010-10-10,0.0,"{""type"":""MultiPoint"",""coordinates"":[]}"
20101011,2010-10-11,0.526192920913281,"{""type"":""MultiPoint"",""coordinates"":[]}"
20101012,2010-10-12,1.5098522340891865,"{""type"":""MultiPoint"",""coordinates"":[]}"
20101013,2010-10-13,0.0,"{""type"":""MultiPoint"",""coordinates"":[]}"
20101014,2010-10-14,0.0,"{""type"":""MultiPoint"",""coordinates"":[]}"
20101015,2010-10-15,2.716288264955837,"{""type"":""MultiPoint"",""coordinates"":[]}"
20101016,2010-10-16,0.0012390211548506769,"{""type"":""MultiPoint"",""coordinates"":[]}"
20101017,2010-10-17,2.22252984110092,"{""type"":""MultiPoint"",""coordinates"":[]}"
20101018,2010-10-18,0.0,"{""type"":""MultiPoint"",""coordinates"":[]}"
20101019,2010-10-19,12.50228240435918,"{""type"":""MultiPoint"",""coordinates"":[]}"
20101020,2010-10-20,3.582807649013715,"{""type"":""MultiPoint"",""coordinates"":[]}"
20101021,2010-10-21,8.461010563818698,"{""type"":""MultiPoint"",""coordinates"":[]}"
20101022,2010-10-22,26.21410564465767,"{""type"":""MultiPoint"",""coordinates"":[]}"
20101023,2010-10-23,9.148831088972788,"{""type"":""MultiPoint"",""coordinates"":[]}"
20101024,2010-10-24,5.1003880705286395,"{""type"":""MultiPoint"",""coordinates"":[]}"
20101025,2010-10-25,6.303410720762593,"{""type"":""MultiPoint"",""coordinates"":[]}"
20101026,2010-10-26,0.3714498610157172,"{""type"":""MultiPoint"",""coordinates"":[]}"
20101027,2010-10-27,0.3530243398710795,"{""type"":""MultiPoint"",""coordinates"":[]}"
20101028,2010-10-28,13.079693485467267,"{""type"":""MultiPoint"",""coordinates"":[]}"
20101029,2010-10-29,12.096179351260886,"{""type"":""MultiPoint"",""coordinates"":[]}"
20101030,2010-10-30,25.630853136017475,"{""type"":""MultiPoint"",""coordinates"":[]}"
20101031,2010-10-31,5.155197202313723,"{""type"":""MultiPoint"",""coordinates"":[]}"
20101101,2010-11-01,16.37511029493332,"{""type"":""MultiPoint"",""coordinates"":[]}"
20101102,2010-11-02,14.556564931412504,"{""type"":""MultiPoint"",""coordinates"":[]}"
20101103,2010-11-03,6.841531150819864,"{""type"":""MultiPoint"",""coordinates"":[]}"
20101104,2010-11-04,1.2656672684958614,"{""type"":""MultiPoint"",""coordinates"":[]}"
20101105,2010-11-05,4.182636288438023,"{""type"":""MultiPoint"",""coordinates"":[]}"
20101106,2010-11-06,13.201700004771043,"{""type"":""MultiPoint"",""coordinates"":[]}"
20101107,2010-11-07,32.832426287083244,"{""type"":""MultiPoint"",""coordinates"":[]}"
20101108,2010-11-08,0.7653857019889696,"{""type"":""MultiPoint"",""coordinates"":[]}"
20101109,2010-11-09,5.047337609438122,"{""type"":""MultiPoint"",""coordinates"":[]}"
20101110,2010-11-10,0.3107407277894535,"{""type"":""MultiPoint"",""coordinates"":[]}"
20101111,2010-11-11,3.9663900205194804,"{""type"":""MultiPoint"",""coordinates"":[]}"
20101112,2010-11-12,0.0,"{""type"":""MultiPoint"",""coordinates"":[]}"
20101113,2010-11-13,0.0,"{""type"":""MultiPoint"",""coordinates"":[]}"
20101114,2010-11-14,0.18133759227375154,"{""type"":""MultiPoint"",""coordinates"":[]}"
20101115,2010-11-15,6.319936193999863,"{""type"":""MultiPoint"",""coordinates"":[]}"
20101116,2010-11-16,34.31691541999503,"{""type"":""MultiPoint"",""coordinates"":[]}"
20101117,2010-11-17,5.627420939273043,"{""type"":""MultiPoint"",""coordinates"":[]}"
20101118,2010-11-18,0.4409818496723252,"{""type"":""MultiPoint"",""coordinates"":[]}"
20101119,2010-11-19,0.0,"{""type"":""MultiPoint"",""coordinates"":[]}"
20101120,2010-11-20,0.0,"{""type"":""MultiPoint"",""coordinates"":[]}"
20101121,2010-11-21,0.0,"{""type"":""MultiPoint"",""coordinates"":[]}"
20101122,2010-11-22,0.0,"{""type"":""MultiPoint"",""coordinates"":[]}"
20101123,2010-11-23,0.04047934971348441,"{""type"":""MultiPoint"",""coordinates"":[]}"
20101124,2010-11-24,1.679962786780447,"{""type"":""MultiPoint"",""coordinates"":[]}"
20101125,2010-11-25,2.8705157094247222,"{""type"":""MultiPoint"",""coordinates"":[]}"
20101126,2010-11-26,5.621246255534162,"{""type"":""MultiPoint"",""coordinates"":[]}"
20101127,2010-11-27,3.6204000369901386,"{""type"":""MultiPoint"",""coordinates"":[]}"
20101128,2010-11-28,0.0,"{""type"":""MultiPoint"",""coordinates"":[]}"
20101129,2010-11-29,0.024180246632214325,"{""type"":""MultiPoint"",""coordinates"":[]}"
20101130,2010-11-30,0.001669064463715473,"{""type"":""MultiPoint"",""coordinates"":[]}"
20101201,2010-12-01,4.096396476268105,"{""type"":""MultiPoint"",""coordinates"":[]}"
20101202,2010-12-02,0.17052797702222638,"{""type"":""MultiPoint"",""coordinates"":[]}"
20101203,2010-12-03,0.12559014705013033,"{""type"":""MultiPoint"",""coordinates"":[]}"
20101204,2010-12-04,1.7283644631983173,"{""type"":""MultiPoint"",""coordinates"":[]}"
20101205,2010-12-05,7.848470393083187,"{""type"":""MultiPoint"",""coordinates"":[]}"
20101206,2010-12-06,21.606411944071095,"{""type"":""MultiPoint"",""coordinates"":[]}"
20101207,2010-12-07,4.843417377451118,"{""type"":""MultiPoint"",""coordinates"":[]}"
20101208,2010-12-08,0.013041433478964984,"{""type"":""MultiPoint"",""coordinates"":[]}"
20101209,2010-12-09,0.9868190515187276,"{""type"":""MultiPoint"",""coordinates"":[]}"
20101210,2010-12-10,0.2908886321452602,"{""type"":""MultiPoint"",""coordinates"":[]}"
20101211,2010-12-11,0.0,"{""type"":""MultiPoint"",""coordinates"":[]}"
20101212,2010-12-12,0.0,"{""type"":""MultiPoint"",""coordinates"":[]}"
20101213,2010-12-13,0.0,"{""type"":""MultiPoint"",""coordinates"":[]}"
20101214,2010-12-14,0.0,"{""type"":""MultiPoint"",""coordinates"":[]}"
20101215,2010-12-15,0.0,"{""type"":""MultiPoint"",""coordinates"":[]}"
20101216,2010-12-16,0.0,"{""type"":""MultiPoint"",""coordinates"":[]}"
20101217,2010-12-17,0.0,"{""type"":""MultiPoint"",""coordinates"":[]}"
20101218,2010-12-18,0.0,"{""type"":""MultiPoint"",""coordinates"":[]}"
20101219,2010-12-19,0.0,"{""type"":""MultiPoint"",""coordinates"":[]}"
20101220,2010-12-20,0.0,"{""type"":""MultiPoint"",""coordinates"":[]}"
20101221,2010-12-21,0.0,"{""type"":""MultiPoint"",""coordinates"":[]}"
20101222,2010-12-22,0.0,"{""type"":""MultiPoint"",""coordinates"":[]}"
20101223,2010-12-23,0.0,"{""type"":""MultiPoint"",""coordinates"":[]}"
20101224,2010-12-24,0.0,"{""type"":""MultiPoint"",""coordinates"":[]}"
20101225,2010-12-25,0.0,"{""type"":""MultiPoint"",""coordinates"":[]}"
20101226,2010-12-26,0.0,"{""type"":""MultiPoint"",""coordinates"":[]}"
20101227,2010-12-27,0.0,"{""type"":""MultiPoint"",""coordinates"":[]}"
20101228,2010-12-28,0.0,"{""type"":""MultiPoint"",""coordinates"":[]}"
20101229,2010-12-29,0.0,"{""type"":""MultiPoint"",""coordinates"":[]}"
20101230,2010-12-30,0.0,"{""type"":""MultiPoint"",""coordinates"":[]}"
20101231,2010-12-31,0.0,"{""type"":""MultiPoint"",""coordinates"":[]}"
20110101,2011-01-01,0.01845831283571251,"{""type"":""MultiPoint"",""coordinates"":[]}"
20110102,2011-01-02,0.02579204305380971,"{""type"":""MultiPoint"",""coordinates"":[]}"
20110103,2011-01-03,0.18310189299653964,"{""type"":""MultiPoint"",""coordinates"":[]}"
20110104,2011-01-04,2.3994761238918616,"{""type"":""MultiPoint"",""coordinates"":[]}"
20110105,2011-01-05,0.23273486157211554,"{""type"":""MultiPoint"",""coordinates"":[]}"
20110106,2011-01-06,0.0,"{""type"":""MultiPoint"",""coordinates"":[]}"
20110107,2011-01-07,0.0,"{""type"":""MultiPoint"",""coordinates"":[]}"
20110108,2011-01-08,0.0,"{""type"":""MultiPoint"",""coordinates"":[]}"
20110109,2011-01-09,0.0,"{""type"":""MultiPoint"",""coordinates"":[]}"
20110110,2011-01-10,0.0,"{""type"":""MultiPoint"",""coordinates"":[]}"
20110111,2011-01-11,0.0,"{""type"":""MultiPoint"",""coordinates"":[]}"
20110112,2011-01-12,0.0,"{""type"":""MultiPoint"",""coordinates"":[]}"
20110113,2011-01-13,0.0,"{""type"":""MultiPoint"",""coordinates"":[]}"
20110114,2011-01-14,0.0,"{""type"":""MultiPoint"",""coordinates"":[]}"
20110115,2011-01-15,0.0,"{""type"":""MultiPoint"",""coordinates"":[]}"
20110116,2011-01-16,0.15813098602664655,"{""type"":""MultiPoint"",""coordinates"":[]}"
20110117,2011-01-17,0.0,"{""type"":""MultiPoint"",""coordinates"":[]}"
20110118,2011-01-18,0.0,"{""type"":""MultiPoint"",""coordinates"":[]}"
20110119,2011-01-19,0.0,"{""type"":""MultiPoint"",""coordinates"":[]}"
20110120,2011-01-20,0.0,"{""type"":""MultiPoint"",""coordinates"":[]}"
20110121,2011-01-21,0.0,"{""type"":""MultiPoint"",""coordinates"":[]}"
20110122,2011-01-22,0.0,"{""type"":""MultiPoint"",""coordinates"":[]}"
20110123,2011-01-23,0.0,"{""type"":""MultiPoint"",""coordinates"":[]}"
20110124,2011-01-24,0.0,"{""type"":""MultiPoint"",""coordinates"":[]}"
20110125,2011-01-25,0.0,"{""type"":""MultiPoint"",""coordinates"":[]}"
20110126,2011-01-26,0.0,"{""type"":""MultiPoint"",""coordinates"":[]}"
20110127,2011-01-27,0.033214659462906054,"{""type"":""MultiPoint"",""coordinates"":[]}"
20110128,2011-01-28,0.0,"{""type"":""MultiPoint"",""coordinates"":[]}"
20110129,2011-01-29,0.0,"{""type"":""MultiPoint"",""coordinates"":[]}"
20110130,2011-01-30,0.0,"{""type"":""MultiPoint"",""coordinates"":[]}"
20110131,2011-01-31,0.0,"{""type"":""MultiPoint"",""coordinates"":[]}"
20110201,2011-02-01,0.0,"{""type"":""MultiPoint"",""coordinates"":[]}"
20110202,2011-02-02,0.0,"{""type"":""MultiPoint"",""coordinates"":[]}"
20110203,2011-02-03,0.0,"{""type"":""MultiPoint"",""coordinates"":[]}"
20110204,2011-02-04,0.0,"{""type"":""MultiPoint"",""coordinates"":[]}"
20110205,2011-02-05,0.0,"{""type"":""MultiPoint"",""coordinates"":[]}"
20110206,2011-02-06,0.0,"{""type"":""MultiPoint"",""coordinates"":[]}"
20110207,2011-02-07,0.0,"{""type"":""MultiPoint"",""coordinates"":[]}"
20110208,2011-02-08,0.0,"{""type"":""MultiPoint"",""coordinates"":[]}"
20110209,2011-02-09,0.0,"{""type"":""MultiPoint"",""coordinates"":[]}"
20110210,2011-02-10,0.0,"{""type"":""MultiPoint"",""coordinates"":[]}"
20110211,2011-02-11,0.0,"{""type"":""MultiPoint"",""coordinates"":[]}"
20110212,2011-02-12,0.0,"{""type"":""MultiPoint"",""coordinates"":[]}"
20110213,2011-02-13,0.0,"{""type"":""MultiPoint"",""coordinates"":[]}"
20110214,2011-02-14,0.0,"{""type"":""MultiPoint"",""coordinates"":[]}"
20110215,2011-02-15,0.0,"{""type"":""MultiPoint"",""coordinates"":[]}"
20110216,2011-02-16,0.0,"{""type"":""MultiPoint"",""coordinates"":[]}"
20110217,2011-02-17,0.0,"{""type"":""MultiPoint"",""coordinates"":[]}"
20110218,2011-02-18,0.0,"{""type"":""MultiPoint"",""coordinates"":[]}"
20110219,2011-02-19,0.0,"{""type"":""MultiPoint"",""coordinates"":[]}"
20110220,2011-02-20,0.0,"{""type"":""MultiPoint"",""coordinates"":[]}"
20110221,2011-02-21,0.09291485376734024,"{""type"":""MultiPoint"",""coordinates"":[]}"
20110222,2011-02-22,0.018756142000289033,"{""type"":""MultiPoint"",""coordinates"":[]}"
20110223,2011-02-23,0.014437292778211642,"{""type"":""MultiPoint"",""coordinates"":[]}"
20110224,2011-02-24,0.0,"{""type"":""MultiPoint"",""coordinates"":[]}"
20110225,2011-02-25,0.0,"{""type"":""MultiPoint"",""coordinates"":[]}"
20110226,2011-02-26,0.0,"{""type"":""MultiPoint"",""coordinates"":[]}"
20110227,2011-02-27,0.0,"{""type"":""MultiPoint"",""coordinates"":[]}"
20110228,2011-02-28,0.0,"{""type"":""MultiPoint"",""coordinates"":[]}"
20110301,2011-03-01,0.0,"{""type"":""MultiPoint"",""coordinates"":[]}"
20110302,2011-03-02,0.0,"{""type"":""MultiPoint"",""coordinates"":[]}"
20110303,2011-03-03,0.0,"{""type"":""MultiPoint"",""coordinates"":[]}"
20110304,2011-03-04,0.005765553152680412,"{""type"":""MultiPoint"",""coordinates"":[]}"
20110305,2011-03-05,0.005765553152680412,"{""type"":""MultiPoint"",""coordinates"":[]}"
20110306,2011-03-06,0.0,"{""type"":""MultiPoint"",""coordinates"":[]}"
20110307,2011-03-07,0.0,"{""type"":""MultiPoint"",""coordinates"":[]}"
20110308,2011-03-08,0.0,"{""type"":""MultiPoint"",""coordinates"":[]}"
20110309,2011-03-09,0.05236591676876353,"{""type"":""MultiPoint"",""coordinates"":[]}"
20110310,2011-03-10,0.05236591676876353,"{""type"":""MultiPoint"",""coordinates"":[]}"
20110311,2011-03-11,0.0,"{""type"":""MultiPoint"",""coordinates"":[]}"
20110312,2011-03-12,0.0,"{""type"":""MultiPoint"",""coordinates"":[]}"
20110313,2011-03-13,0.0,"{""type"":""MultiPoint"",""coordinates"":[]}"
20110314,2011-03-14,0.0,"{""type"":""MultiPoint"",""coordinates"":[]}"
20110315,2011-03-15,0.0,"{""type"":""MultiPoint"",""coordinates"":[]}"
20110316,2011-03-16,0.0,"{""type"":""MultiPoint"",""coordinates"":[]}"
20110317,2011-03-17,0.0,"{""type"":""MultiPoint"",""coordinates"":[]}"
20110318,2011-03-18,0.0,"{""type"":""MultiPoint"",""coordinates"":[]}"
20110319,2011-03-19,0.0,"{""type"":""MultiPoint"",""coordinates"":[]}"
20110320,2011-03-20,0.0,"{""type"":""MultiPoint"",""coordinates"":[]}"
20110321,2011-03-21,0.0,"{""type"":""MultiPoint"",""coordinates"":[]}"
20110322,2011-03-22,0.0,"{""type"":""MultiPoint"",""coordinates"":[]}"
20110323,2011-03-23,0.0,"{""type"":""MultiPoint"",""coordinates"":[]}"
20110324,2011-03-24,0.0,"{""type"":""MultiPoint"",""coordinates"":[]}"
20110325,2011-03-25,0.0,"{""type"":""MultiPoint"",""coordinates"":[]}"
20110326,2011-03-26,0.0,"{""type"":""MultiPoint"",""coordinates"":[]}"
20110327,2011-03-27,0.0,"{""type"":""MultiPoint"",""coordinates"":[]}"
20110328,2011-03-28,0.0,"{""type"":""MultiPoint"",""coordinates"":[]}"
20110329,2011-03-29,0.0,"{""type"":""MultiPoint"",""coordinates"":[]}"
20110330,2011-03-30,0.027596074831358248,"{""type"":""MultiPoint"",""coordinates"":[]}"
20110331,2011-03-31,0.027596074831358248,"{""type"":""MultiPoint"",""coordinates"":[]}"
20110401,2011-04-01,0.0,"{""type"":""MultiPoint"",""coordinates"":[]}"
20110402,2011-04-02,0.0,"{""type"":""MultiPoint"",""coordinates"":[]}"
20110403,2011-04-03,0.0,"{""type"":""MultiPoint"",""coordinates"":[]}"
20110404,2011-04-04,0.0,"{""type"":""MultiPoint"",""coordinates"":[]}"
20110405,2011-04-05,0.0,"{""type"":""MultiPoint"",""coordinates"":[]}"
20110406,2011-04-06,0.0,"{""type"":""MultiPoint"",""coordinates"":[]}"
20110407,2011-04-07,0.0,"{""type"":""MultiPoint"",""coordinates"":[]}"
20110408,2011-04-08,0.0,"{""type"":""MultiPoint"",""coordinates"":[]}"
20110409,2011-04-09,0.0,"{""type"":""MultiPoint"",""coordinates"":[]}"
20110410,2011-04-10,0.0,"{""type"":""MultiPoint"",""coordinates"":[]}"
20110411,2011-04-11,0.0,"{""type"":""MultiPoint"",""coordinates"":[]}"
20110412,2011-04-12,0.0,"{""type"":""MultiPoint"",""coordinates"":[]}"
20110413,2011-04-13,0.0,"{""type"":""MultiPoint"",""coordinates"":[]}"
20110414,2011-04-14,0.1630886364669953,"{""type"":""MultiPoint"",""coordinates"":[]}"
20110415,2011-04-15,3.9772132293448044,"{""type"":""MultiPoint"",""coordinates"":[]}"
20110416,2011-04-16,0.2617977961005404,"{""type"":""MultiPoint"",""coordinates"":[]}"
20110417,2011-04-17,0.0,"{""type"":""MultiPoint"",""coordinates"":[]}"
20110418,2011-04-18,0.0,"{""type"":""MultiPoint"",""coordinates"":[]}"
20110419,2011-04-19,0.8519532142382599,"{""type"":""MultiPoint"",""coordinates"":[]}"
20110420,2011-04-20,1.691410882489472,"{""type"":""MultiPoint"",""coordinates"":[]}"
20110421,2011-04-21,6.142355808020605,"{""type"":""MultiPoint"",""coordinates"":[]}"
20110422,2011-04-22,13.154753815936745,"{""type"":""MultiPoint"",""coordinates"":[]}"
20110423,2011-04-23,0.48411040210528716,"{""type"":""MultiPoint"",""coordinates"":[]}"
20110424,2011-04-24,3.4121010496629522,"{""type"":""MultiPoint"",""coordinates"":[]}"
20110425,2011-04-25,0.17793010192869918,"{""type"":""MultiPoint"",""coordinates"":[]}"
20110426,2011-04-26,0.05047192537550274,"{""type"":""MultiPoint"",""coordinates"":[]}"
20110427,2011-04-27,0.0,"{""type"":""MultiPoint"",""coordinates"":[]}"
20110428,2011-04-28,4.563915768589675,"{""type"":""MultiPoint"",""coordinates"":[]}"
20110429,2011-04-29,0.37634436236747315,"{""type"":""MultiPoint"",""coordinates"":[]}"
20110430,2011-04-30,0.0446013737273556,"{""type"":""MultiPoint"",""coordinates"":[]}"
20110501,2011-05-01,0.0,"{""type"":""MultiPoint"",""coordinates"":[]}"
20110502,2011-05-02,0.08585591671774966,"{""type"":""MultiPoint"",""coordinates"":[]}"
20110503,2011-05-03,0.1625736183819497,"{""type"":""MultiPoint"",""coordinates"":[]}"
20110504,2011-05-04,0.6560546047895505,"{""type"":""MultiPoint"",""coordinates"":[]}"
20110505,2011-05-05,0.0,"{""type"":""MultiPoint"",""coordinates"":[]}"
20110506,2011-05-06,0.0,"{""type"":""MultiPoint"",""coordinates"":[]}"
20110507,2011-05-07,0.0,"{""type"":""MultiPoint"",""coordinates"":[]}"
20110508,2011-05-08,0.0,"{""type"":""MultiPoint"",""coordinates"":[]}"
20110509,2011-05-09,0.0,"{""type"":""MultiPoint"",""coordinates"":[]}"
20110510,2011-05-10,0.0,"{""type"":""MultiPoint"",""coordinates"":[]}"
20110511,2011-05-11,0.0,"{""type"":""MultiPoint"",""coordinates"":[]}"
20110512,2011-05-12,0.0,"{""type"":""MultiPoint"",""coordinates"":[]}"
20110513,2011-05-13,0.150867283866733,"{""type"":""MultiPoint"",""coordinates"":[]}"
20110514,2011-05-14,3.755940175957766,"{""type"":""MultiPoint"",""coordinates"":[]}"
20110515,2011-05-15,2.026889152599034,"{""type"":""MultiPoint"",""coordinates"":[]}"
20110516,2011-05-16,0.6184688941785285,"{""type"":""MultiPoint"",""coordinates"":[]}"
20110517,2011-05-17,0.08396488551804057,"{""type"":""MultiPoint"",""coordinates"":[]}"
20110518,2011-05-18,0.5119483175040922,"{""type"":""MultiPoint"",""coordinates"":[]}"
20110519,2011-05-19,13.540873150406249,"{""type"":""MultiPoint"",""coordinates"":[]}"
20110520,2011-05-20,12.613956702600218,"{""type"":""MultiPoint"",""coordinates"":[]}"
20110521,2011-05-21,0.42494704976626696,"{""type"":""MultiPoint"",""coordinates"":[]}"
20110522,2011-05-22,0.0,"{""type"":""MultiPoint"",""coordinates"":[]}"
20110523,2011-05-23,0.0,"{""type"":""MultiPoint"",""coordinates"":[]}"
20110524,2011-05-24,4.796704754496321,"{""type"":""MultiPoint"",""coordinates"":[]}"
20110525,2011-05-25,3.9160657001986166,"{""type"":""MultiPoint"",""coordinates"":[]}"
20110526,2011-05-26,19.930520188575073,"{""type"":""MultiPoint"",""coordinates"":[]}"
20110527,2011-05-27,2.7285789639037357,"{""type"":""MultiPoint"",""coordinates"":[]}"
20110528,2011-05-28,0.04158565632674706,"{""type"":""MultiPoint"",""coordinates"":[]}"
20110529,2011-05-29,0.0,"{""type"":""MultiPoint"",""coordinates"":[]}"
20110530,2011-05-30,0.6917513400766204,"{""type"":""MultiPoint"",""coordinates"":[]}"
20110531,2011-05-31,2.54629946448064,"{""type"":""MultiPoint"",""coordinates"":[]}"
20110601,2011-06-01,10.638234441886238,"{""type"":""MultiPoint"",""coordinates"":[]}"
20110602,2011-06-02,3.18381477019665,"{""type"":""MultiPoint"",""coordinates"":[]}"
20110603,2011-06-03,0.0,"{""type"":""MultiPoint"",""coordinates"":[]}"
20110604,2011-06-04,0.020506661349881845,"{""type"":""MultiPoint"",""coordinates"":[]}"
20110605,2011-06-05,0.1671391353462821,"{""type"":""MultiPoint"",""coordinates"":[]}"
20110606,2011-06-06,5.8813078155479666,"{""type"":""MultiPoint"",""coordinates"":[]}"
20110607,2011-06-07,7.222287783888992,"{""type"":""MultiPoint"",""coordinates"":[]}"
20110608,2011-06-08,10.720910572390688,"{""type"":""MultiPoint"",""coordinates"":[]}"
20110609,2011-06-09,0.012608188483026143,"{""type"":""MultiPoint"",""coordinates"":[]}"
20110610,2011-06-10,12.535707539766738,"{""type"":""MultiPoint"",""coordinates"":[]}"
20110611,2011-06-11,0.8366916409808203,"{""type"":""MultiPoint"",""coordinates"":[]}"
20110612,2011-06-12,0.050190952669383344,"{""type"":""MultiPoint"",""coordinates"":[]}"
20110613,2011-06-13,0.0116891234601037,"{""type"":""MultiPoint"",""coordinates"":[]}"
20110614,2011-06-14,0.748264421326233,"{""type"":""MultiPoint"",""coordinates"":[]}"
20110615,2011-06-15,0.8133466237050833,"{""type"":""MultiPoint"",""coordinates"":[]}"
20110616,2011-06-16,0.0,"{""type"":""MultiPoint"",""coordinates"":[]}"
20110617,2011-06-17,0.04437175558152594,"{""type"":""MultiPoint"",""coordinates"":[]}"
20110618,2011-06-18,0.0029803605573483086,"{""type"":""MultiPoint"",""coordinates"":[]}"
20110619,2011-06-19,0.0,"{""type"":""MultiPoint"",""coordinates"":[]}"
20110620,2011-06-20,0.0,"{""type"":""MultiPoint"",""coordinates"":[]}"
20110621,2011-06-21,0.0,"{""type"":""MultiPoint"",""coordinates"":[]}"
20110622,2011-06-22,0.0,"{""type"":""MultiPoint"",""coordinates"":[]}"
20110623,2011-06-23,0.0,"{""type"":""MultiPoint"",""coordinates"":[]}"
20110624,2011-06-24,0.3331468741774177,"{""type"":""MultiPoint"",""coordinates"":[]}"
20110625,2011-06-25,3.6850806982695756,"{""type"":""MultiPoint"",""coordinates"":[]}"
20110626,2011-06-26,3.127124194237709,"{""type"":""MultiPoint"",""coordinates"":[]}"
20110627,2011-06-27,0.30815096181364343,"{""type"":""MultiPoint"",""coordinates"":[]}"
20110628,2011-06-28,0.06324968566515965,"{""type"":""MultiPoint"",""coordinates"":[]}"
20110629,2011-06-29,0.0,"{""type"":""MultiPoint"",""coordinates"":[]}"
20110630,2011-06-30,0.3209454268871894,"{""type"":""MultiPoint"",""coordinates"":[]}"
20110701,2011-07-01,0.7442721200301418,"{""type"":""MultiPoint"",""coordinates"":[]}"
20110702,2011-07-02,13.868264607738361,"{""type"":""MultiPoint"",""coordinates"":[]}"
20110703,2011-07-03,5.744212991031216,"{""type"":""MultiPoint"",""coordinates"":[]}"
20110704,2011-07-04,10.165601672753182,"{""type"":""MultiPoint"",""coordinates"":[]}"
20110705,2011-07-05,13.880949722671486,"{""type"":""MultiPoint"",""coordinates"":[]}"
20110706,2011-07-06,11.235032776550389,"{""type"":""MultiPoint"",""coordinates"":[]}"
20110707,2011-07-07,3.629092552933761,"{""type"":""MultiPoint"",""coordinates"":[]}"
20110708,2011-07-08,0.0,"{""type"":""MultiPoint"",""coordinates"":[]}"
20110709,2011-07-09,0.0,"{""type"":""MultiPoint"",""coordinates"":[]}"
20110710,2011-07-10,0.0,"{""type"":""MultiPoint"",""coordinates"":[]}"
20110711,2011-07-11,1.046386091460656,"{""type"":""MultiPoint"",""coordinates"":[]}"
20110712,2011-07-12,3.5530411192278666,"{""type"":""MultiPoint"",""coordinates"":[]}"
20110713,2011-07-13,10.62375335668778,"{""type"":""MultiPoint"",""coordinates"":[]}"
20110714,2011-07-14,0.15091881090441042,"{""type"":""MultiPoint"",""coordinates"":[]}"
20110715,2011-07-15,0.0,"{""type"":""MultiPoint"",""coordinates"":[]}"
20110716,2011-07-16,0.28529263966773194,"{""type"":""MultiPoint"",""coordinates"":[]}"
20110717,2011-07-17,0.0729372795785298,"{""type"":""MultiPoint"",""coordinates"":[]}"
20110718,2011-07-18,4.204672381513049,"{""type"":""MultiPoint"",""coordinates"":[]}"
20110719,2011-07-19,0.0,"{""type"":""MultiPoint"",""coordinates"":[]}"
20110720,2011-07-20,4.4883042738014804,"{""type"":""MultiPoint"",""coordinates"":[]}"
20110721,2011-07-21,10.813708289902225,"{""type"":""MultiPoint"",""coordinates"":[]}"
20110722,2011-07-22,5.19943019193899,"{""type"":""MultiPoint"",""coordinates"":[]}"
20110723,2011-07-23,4.607386520957792,"{""type"":""MultiPoint"",""coordinates"":[]}"
20110724,2011-07-24,0.49997408995919473,"{""type"":""MultiPoint"",""coordinates"":[]}"
20110725,2011-07-25,4.98491572130001,"{""type"":""MultiPoint"",""coordinates"":[]}"
20110726,2011-07-26,3.4397018755007513,"{""type"":""MultiPoint"",""coordinates"":[]}"
20110727,2011-07-27,2.5156341811158494,"{""type"":""MultiPoint"",""coordinates"":[]}"
20110728,2011-07-28,1.5500975758255042,"{""type"":""MultiPoint"",""coordinates"":[]}"
20110729,2011-07-29,3.1260771930220055,"{""type"":""MultiPoint"",""coordinates"":[]}"
20110730,2011-07-30,4.5917553009773115,"{""type"":""MultiPoint"",""coordinates"":[]}"
20110731,2011-07-31,2.790318961768978,"{""type"":""MultiPoint"",""coordinates"":[]}"
20110801,2011-08-01,1.9847999911209417,"{""type"":""MultiPoint"",""coordinates"":[]}"
20110802,2011-08-02,6.61549229427632,"{""type"":""MultiPoint"",""coordinates"":[]}"
20110803,2011-08-03,11.072467350294152,"{""type"":""MultiPoint"",""coordinates"":[]}"
20110804,2011-08-04,1.0622078868962308,"{""type"":""MultiPoint"",""coordinates"":[]}"
20110805,2011-08-05,0.7294176130979393,"{""type"":""MultiPoint"",""coordinates"":[]}"
20110806,2011-08-06,0.8872932432922025,"{""type"":""MultiPoint"",""coordinates"":[]}"
20110807,2011-08-07,0.06503959317444312,"{""type"":""MultiPoint"",""coordinates"":[]}"
20110808,2011-08-08,0.0,"{""type"":""MultiPoint"",""coordinates"":[]}"
20110809,2011-08-09,0.012898585196742269,"{""type"":""MultiPoint"",""coordinates"":[]}"
20110810,2011-08-10,0.39512291661274407,"{""type"":""MultiPoint"",""coordinates"":[]}"
20110811,2011-08-11,0.7012978596268795,"{""type"":""MultiPoint"",""coordinates"":[]}"
20110812,2011-08-12,1.3313073271217692,"{""type"":""MultiPoint"",""coordinates"":[]}"
20110813,2011-08-13,0.3637053003751961,"{""type"":""MultiPoint"",""coordinates"":[]}"
20110814,2011-08-14,5.660087161815945,"{""type"":""MultiPoint"",""coordinates"":[]}"
20110815,2011-08-15,0.1361314022859128,"{""type"":""MultiPoint"",""coordinates"":[]}"
20110816,2011-08-16,6.011806403951223,"{""type"":""MultiPoint"",""coordinates"":[]}"
20110817,2011-08-17,6.960699395296192,"{""type"":""MultiPoint"",""coordinates"":[]}"
20110818,2011-08-18,12.594354152359065,"{""type"":""MultiPoint"",""coordinates"":[]}"
20110819,2011-08-19,15.965058185955085,"{""type"":""MultiPoint"",""coordinates"":[]}"
20110820,2011-08-20,13.59319830281802,"{""type"":""MultiPoint"",""coordinates"":[]}"
20110821,2011-08-21,20.711274809792602,"{""type"":""MultiPoint"",""coordinates"":[]}"
20110822,2011-08-22,9.354540080026563,"{""type"":""MultiPoint"",""coordinates"":[]}"
20110823,2011-08-23,5.788471782613031,"{""type"":""MultiPoint"",""coordinates"":[]}"
20110824,2011-08-24,13.110767087642905,"{""type"":""MultiPoint"",""coordinates"":[]}"
20110825,2011-08-25,5.775831826152906,"{""type"":""MultiPoint"",""coordinates"":[]}"
20110826,2011-08-26,5.337088391941689,"{""type"":""MultiPoint"",""coordinates"":[]}"
20110827,2011-08-27,6.436610396902558,"{""type"":""MultiPoint"",""coordinates"":[]}"
20110828,2011-08-28,0.0610380567721604,"{""type"":""MultiPoint"",""coordinates"":[]}"
20110829,2011-08-29,0.07846004227420494,"{""type"":""MultiPoint"",""coordinates"":[]}"
20110830,2011-08-30,0.0,"{""type"":""MultiPoint"",""coordinates"":[]}"
20110831,2011-08-31,0.5667717976851295,"{""type"":""MultiPoint"",""coordinates"":[]}"
20110901,2011-09-01,11.027093377602947,"{""type"":""MultiPoint"",""coordinates"":[]}"
20110902,2011-09-02,1.678298173821856,"{""type"":""MultiPoint"",""coordinates"":[]}"
20110903,2011-09-03,0.2830742814879015,"{""type"":""MultiPoint"",""coordinates"":[]}"
20110904,2011-09-04,0.5662528232225061,"{""type"":""MultiPoint"",""coordinates"":[]}"
20110905,2011-09-05,1.0917559382639028,"{""type"":""MultiPoint"",""coordinates"":[]}"
20110906,2011-09-06,0.14828926196184686,"{""type"":""MultiPoint"",""coordinates"":[]}"
20110907,2011-09-07,0.14573553700555167,"{""type"":""MultiPoint"",""coordinates"":[]}"
20110908,2011-09-08,0.7666354466189831,"{""type"":""MultiPoint"",""coordinates"":[]}"
20110909,2011-09-09,0.6619299592504854,"{""type"":""MultiPoint"",""coordinates"":[]}"
20110910,2011-09-10,0.0639061285169096,"{""type"":""MultiPoint"",""coordinates"":[]}"
20110911,2011-09-11,0.0,"{""type"":""MultiPoint"",""coordinates"":[]}"
20110912,2011-09-12,0.0,"{""type"":""MultiPoint"",""coordinates"":[]}"
20110913,2011-09-13,4.008837832650352,"{""type"":""MultiPoint"",""coordinates"":[]}"
20110914,2011-09-14,6.864805021588717,"{""type"":""MultiPoint"",""coordinates"":[]}"
20110915,2011-09-15,15.17644314854864,"{""type"":""MultiPoint"",""coordinates"":[]}"
20110916,2011-09-16,3.7373973037467714,"{""type"":""MultiPoint"",""coordinates"":[]}"
20110917,2011-09-17,2.213683102194139,"{""type"":""MultiPoint"",""coordinates"":[]}"
20110918,2011-09-18,1.2544892806254122,"{""type"":""MultiPoint"",""coordinates"":[]}"
20110919,2011-09-19,4.27709310087462,"{""type"":""MultiPoint"",""coordinates"":[]}"
20110920,2011-09-20,12.916180267778476,"{""type"":""MultiPoint"",""coordinates"":[]}"
20110921,2011-09-21,0.7547225332427691,"{""type"":""MultiPoint"",""coordinates"":[]}"
20110922,2011-09-22,0.0,"{""type"":""MultiPoint"",""coordinates"":[]}"
20110923,2011-09-23,0.0,"{""type"":""MultiPoint"",""coordinates"":[]}"
20110924,2011-09-24,0.0,"{""type"":""MultiPoint"",""coordinates"":[]}"
20110925,2011-09-25,0.0,"{""type"":""MultiPoint"",""coordinates"":[]}"
20110926,2011-09-26,0.0,"{""type"":""MultiPoint"",""coordinates"":[]}"
20110927,2011-09-27,0.02807921310435411,"{""type"":""MultiPoint"",""coordinates"":[]}"
20110928,2011-09-28,0.32090935439922075,"{""type"":""MultiPoint"",""coordinates"":[]}"
20110929,2011-09-29,0.5083814895912115,"{""type"":""MultiPoint"",""coordinates"":[]}"
20110930,2011-09-30,0.0,"{""type"":""MultiPoint"",""coordinates"":[]}"
20111001,2011-10-01,0.0,"{""type"":""MultiPoint"",""coordinates"":[]}"
20111002,2011-10-02,0.0,"{""type"":""MultiPoint"",""coordinates"":[]}"
20111003,2011-10-03,0.1157191314812162,"{""type"":""MultiPoint"",""coordinates"":[]}"
20111004,2011-10-04,0.0,"{""type"":""MultiPoint"",""coordinates"":[]}"
20111005,2011-10-05,0.7898247062651289,"{""type"":""MultiPoint"",""coordinates"":[]}"
20111006,2011-10-06,0.2857149797834273,"{""type"":""MultiPoint"",""coordinates"":[]}"
20111007,2011-10-07,0.0,"{""type"":""MultiPoint"",""coordinates"":[]}"
20111008,2011-10-08,0.41113452051865873,"{""type"":""MultiPoint"",""coordinates"":[]}"
20111009,2011-10-09,0.24506148392709384,"{""type"":""MultiPoint"",""coordinates"":[]}"
20111010,2011-10-10,1.9712367154614978,"{""type"":""MultiPoint"",""coordinates"":[]}"
20111011,2011-10-11,19.998263011980544,"{""type"":""MultiPoint"",""coordinates"":[]}"
20111012,2011-10-12,29.372704674611427,"{""type"":""MultiPoint"",""coordinates"":[]}"
20111013,2011-10-13,3.9904704519785144,"{""type"":""MultiPoint"",""coordinates"":[]}"
20111014,2011-10-14,3.57550283929448,"{""type"":""MultiPoint"",""coordinates"":[]}"
20111015,2011-10-15,0.0,"{""type"":""MultiPoint"",""coordinates"":[]}"
20111016,2011-10-16,2.5300857658546803,"{""type"":""MultiPoint"",""coordinates"":[]}"
20111017,2011-10-17,0.19047430396729073,"{""type"":""MultiPoint"",""coordinates"":[]}"
20111018,2011-10-18,0.09484975271788042,"{""type"":""MultiPoint"",""coordinates"":[]}"
20111019,2011-10-19,0.0,"{""type"":""MultiPoint"",""coordinates"":[]}"
20111020,2011-10-20,0.0,"{""type"":""MultiPoint"",""coordinates"":[]}"
20111021,2011-10-21,0.0,"{""type"":""MultiPoint"",""coordinates"":[]}"
20111022,2011-10-22,0.2289272402402365,"{""type"":""MultiPoint"",""coordinates"":[]}"
20111023,2011-10-23,2.7263667797404305,"{""type"":""MultiPoint"",""coordinates"":[]}"
20111024,2011-10-24,9.772006508245038,"{""type"":""MultiPoint"",""coordinates"":[]}"
20111025,2011-10-25,17.75824345955726,"{""type"":""MultiPoint"",""coordinates"":[]}"
20111026,2011-10-26,20.48332989062933,"{""type"":""MultiPoint"",""coordinates"":[]}"
20111027,2011-10-27,0.6243528484888473,"{""type"":""MultiPoint"",""coordinates"":[]}"
20111028,2011-10-28,0.29419174796803865,"{""type"":""MultiPoint"",""coordinates"":[]}"
20111029,2011-10-29,4.4409309949903255,"{""type"":""MultiPoint"",""coordinates"":[]}"
20111030,2011-10-30,0.03308011812238881,"{""type"":""MultiPoint"",""coordinates"":[]}"
20111031,2011-10-31,0.0,"{""type"":""MultiPoint"",""coordinates"":[]}"
20111101,2011-11-01,0.41132309785629234,"{""type"":""MultiPoint"",""coordinates"":[]}"
20111102,2011-11-02,2.107793214467796,"{""type"":""MultiPoint"",""coordinates"":[]}"
20111103,2011-11-03,9.895395343040473,"{""type"":""MultiPoint"",""coordinates"":[]}"
20111104,2011-11-04,12.755336003827013,"{""type"":""MultiPoint"",""coordinates"":[]}"
20111105,2011-11-05,0.06228284212725132,"{""type"":""MultiPoint"",""coordinates"":[]}"
20111106,2011-11-06,0.0,"{""type"":""MultiPoint"",""coordinates"":[]}"
20111107,2011-11-07,0.0,"{""type"":""MultiPoint"",""coordinates"":[]}"
20111108,2011-11-08,0.0,"{""type"":""MultiPoint"",""coordinates"":[]}"
20111109,2011-11-09,0.0,"{""type"":""MultiPoint"",""coordinates"":[]}"
20111110,2011-11-10,0.0,"{""type"":""MultiPoint"",""coordinates"":[]}"
20111111,2011-11-11,0.0,"{""type"":""MultiPoint"",""coordinates"":[]}"
20111112,2011-11-12,0.0,"{""type"":""MultiPoint"",""coordinates"":[]}"
20111113,2011-11-13,0.0,"{""type"":""MultiPoint"",""coordinates"":[]}"
20111114,2011-11-14,0.0,"{""type"":""MultiPoint"",""coordinates"":[]}"
20111115,2011-11-15,0.0,"{""type"":""MultiPoint"",""coordinates"":[]}"
20111116,2011-11-16,0.0,"{""type"":""MultiPoint"",""coordinates"":[]}"
20111117,2011-11-17,0.0,"{""type"":""MultiPoint"",""coordinates"":[]}"
20111118,2011-11-18,0.0,"{""type"":""MultiPoint"",""coordinates"":[]}"
20111119,2011-11-19,0.0,"{""type"":""MultiPoint"",""coordinates"":[]}"
20111120,2011-11-20,0.0,"{""type"":""MultiPoint"",""coordinates"":[]}"
20111121,2011-11-21,0.0,"{""type"":""MultiPoint"",""coordinates"":[]}"
20111122,2011-11-22,0.0,"{""type"":""MultiPoint"",""coordinates"":[]}"
20111123,2011-11-23,0.0,"{""type"":""MultiPoint"",""coordinates"":[]}"
20111124,2011-11-24,0.009292917545824,"{""type"":""MultiPoint"",""coordinates"":[]}"
20111125,2011-11-25,13.69513097132164,"{""type"":""MultiPoint"",""coordinates"":[]}"
20111126,2011-11-26,28.09507255689718,"{""type"":""MultiPoint"",""coordinates"":[]}"
20111127,2011-11-27,18.122494160575236,"{""type"":""MultiPoint"",""coordinates"":[]}"
20111128,2011-11-28,0.0,"{""type"":""MultiPoint"",""coordinates"":[]}"
20111129,2011-11-29,0.0,"{""type"":""MultiPoint"",""coordinates"":[]}"
20111130,2011-11-30,0.0,"{""type"":""MultiPoint"",""coordinates"":[]}"
20111201,2011-12-01,0.0,"{""type"":""MultiPoint"",""coordinates"":[]}"
20111202,2011-12-02,0.0,"{""type"":""MultiPoint"",""coordinates"":[]}"
20111203,2011-12-03,0.0,"{""type"":""MultiPoint"",""coordinates"":[]}"
20111204,2011-12-04,0.0,"{""type"":""MultiPoint"",""coordinates"":[]}"
20111205,2011-12-05,0.0,"{""type"":""MultiPoint"",""coordinates"":[]}"
20111206,2011-12-06,0.0,"{""type"":""MultiPoint"",""coordinates"":[]}"
20111207,2011-12-07,0.0,"{""type"":""MultiPoint"",""coordinates"":[]}"
20111208,2011-12-08,0.0,"{""type"":""MultiPoint"",""coordinates"":[]}"
20111209,2011-12-09,0.007866678655840337,"{""type"":""MultiPoint"",""coordinates"":[]}"
20111210,2011-12-10,0.0,"{""type"":""MultiPoint"",""coordinates"":[]}"
20111211,2011-12-11,0.0,"{""type"":""MultiPoint"",""coordinates"":[]}"
20111212,2011-12-12,0.0,"{""type"":""MultiPoint"",""coordinates"":[]}"
20111213,2011-12-13,0.0,"{""type"":""MultiPoint"",""coordinates"":[]}"
20111214,2011-12-14,0.10398907184315431,"{""type"":""MultiPoint"",""coordinates"":[]}"
20111215,2011-12-15,6.142479252869565E-4,"{""type"":""MultiPoint"",""coordinates"":[]}"
20111216,2011-12-16,0.004002466843285359,"{""type"":""MultiPoint"",""coordinates"":[]}"
20111217,2011-12-17,0.0,"{""type"":""MultiPoint"",""coordinates"":[]}"
20111218,2011-12-18,0.21546476620957952,"{""type"":""MultiPoint"",""coordinates"":[]}"
20111219,2011-12-19,0.7891222091527982,"{""type"":""MultiPoint"",""coordinates"":[]}"
20111220,2011-12-20,2.6382061904722436,"{""type"":""MultiPoint"",""coordinates"":[]}"
20111221,2011-12-21,0.0,"{""type"":""MultiPoint"",""coordinates"":[]}"
20111222,2011-12-22,0.0,"{""type"":""MultiPoint"",""coordinates"":[]}"
20111223,2011-12-23,0.0028306676116363286,"{""type"":""MultiPoint"",""coordinates"":[]}"
20111224,2011-12-24,0.0,"{""type"":""MultiPoint"",""coordinates"":[]}"
20111225,2011-12-25,0.0,"{""type"":""MultiPoint"",""coordinates"":[]}"
20111226,2011-12-26,0.0,"{""type"":""MultiPoint"",""coordinates"":[]}"
20111227,2011-12-27,0.23063873599228055,"{""type"":""MultiPoint"",""coordinates"":[]}"
20111228,2011-12-28,0.276344448957507,"{""type"":""MultiPoint"",""coordinates"":[]}"
20111229,2011-12-29,10.173996606730157,"{""type"":""MultiPoint"",""coordinates"":[]}"
20111230,2011-12-30,5.484879709677507,"{""type"":""MultiPoint"",""coordinates"":[]}"
20111231,2011-12-31,0.04641676983069365,"{""type"":""MultiPoint"",""coordinates"":[]}"
20120101,2012-01-01,1.7596306884003852,"{""type"":""MultiPoint"",""coordinates"":[]}"
20120102,2012-01-02,0.26652801565190987,"{""type"":""MultiPoint"",""coordinates"":[]}"
20120103,2012-01-03,0.0,"{""type"":""MultiPoint"",""coordinates"":[]}"
20120104,2012-01-04,0.0,"{""type"":""MultiPoint"",""coordinates"":[]}"
20120105,2012-01-05,0.0,"{""type"":""MultiPoint"",""coordinates"":[]}"
20120106,2012-01-06,0.3568033252060863,"{""type"":""MultiPoint"",""coordinates"":[]}"
20120107,2012-01-07,0.0,"{""type"":""MultiPoint"",""coordinates"":[]}"
20120108,2012-01-08,0.0,"{""type"":""MultiPoint"",""coordinates"":[]}"
20120109,2012-01-09,0.0,"{""type"":""MultiPoint"",""coordinates"":[]}"
20120110,2012-01-10,0.3668888970922401,"{""type"":""MultiPoint"",""coordinates"":[]}"
20120111,2012-01-11,1.7384498561391162,"{""type"":""MultiPoint"",""coordinates"":[]}"
20120112,2012-01-12,0.0,"{""type"":""MultiPoint"",""coordinates"":[]}"
20120113,2012-01-13,0.0,"{""type"":""MultiPoint"",""coordinates"":[]}"
20120114,2012-01-14,0.0,"{""type"":""MultiPoint"",""coordinates"":[]}"
20120115,2012-01-15,0.0,"{""type"":""MultiPoint"",""coordinates"":[]}"
20120116,2012-01-16,0.0,"{""type"":""MultiPoint"",""coordinates"":[]}"
20120117,2012-01-17,0.0,"{""type"":""MultiPoint"",""coordinates"":[]}"
20120118,2012-01-18,0.0,"{""type"":""MultiPoint"",""coordinates"":[]}"
20120119,2012-01-19,0.0,"{""type"":""MultiPoint"",""coordinates"":[]}"
20120120,2012-01-20,0.0,"{""type"":""MultiPoint"",""coordinates"":[]}"
20120121,2012-01-21,0.0,"{""type"":""MultiPoint"",""coordinates"":[]}"
20120122,2012-01-22,0.0,"{""type"":""MultiPoint"",""coordinates"":[]}"
20120123,2012-01-23,0.08965194576075766,"{""type"":""MultiPoint"",""coordinates"":[]}"
20120124,2012-01-24,0.0,"{""type"":""MultiPoint"",""coordinates"":[]}"
20120125,2012-01-25,0.0,"{""type"":""MultiPoint"",""coordinates"":[]}"
20120126,2012-01-26,0.0,"{""type"":""MultiPoint"",""coordinates"":[]}"
20120127,2012-01-27,0.0,"{""type"":""MultiPoint"",""coordinates"":[]}"
20120128,2012-01-28,0.0,"{""type"":""MultiPoint"",""coordinates"":[]}"
20120129,2012-01-29,0.0,"{""type"":""MultiPoint"",""coordinates"":[]}"
20120130,2012-01-30,0.0,"{""type"":""MultiPoint"",""coordinates"":[]}"
20120131,2012-01-31,0.0,"{""type"":""MultiPoint"",""coordinates"":[]}"
20120201,2012-02-01,0.0,"{""type"":""MultiPoint"",""coordinates"":[]}"
20120202,2012-02-02,0.0,"{""type"":""MultiPoint"",""coordinates"":[]}"
20120203,2012-02-03,0.0,"{""type"":""MultiPoint"",""coordinates"":[]}"
20120204,2012-02-04,0.0,"{""type"":""MultiPoint"",""coordinates"":[]}"
20120205,2012-02-05,0.0,"{""type"":""MultiPoint"",""coordinates"":[]}"
20120206,2012-02-06,0.0,"{""type"":""MultiPoint"",""coordinates"":[]}"
20120207,2012-02-07,0.0,"{""type"":""MultiPoint"",""coordinates"":[]}"
20120208,2012-02-08,0.0,"{""type"":""MultiPoint"",""coordinates"":[]}"
20120209,2012-02-09,0.0027196540465920017,"{""type"":""MultiPoint"",""coordinates"":[]}"
20120210,2012-02-10,0.0,"{""type"":""MultiPoint"",""coordinates"":[]}"
20120211,2012-02-11,0.5974276543772946,"{""type"":""MultiPoint"",""coordinates"":[]}"
20120212,2012-02-12,0.0,"{""type"":""MultiPoint"",""coordinates"":[]}"
20120213,2012-02-13,0.0,"{""type"":""MultiPoint"",""coordinates"":[]}"
20120214,2012-02-14,0.04040678044325156,"{""type"":""MultiPoint"",""coordinates"":[]}"
20120215,2012-02-15,0.04354453372021792,"{""type"":""MultiPoint"",""coordinates"":[]}"
20120216,2012-02-16,0.0,"{""type"":""MultiPoint"",""coordinates"":[]}"
20120217,2012-02-17,0.0,"{""type"":""MultiPoint"",""coordinates"":[]}"
20120218,2012-02-18,0.0,"{""type"":""MultiPoint"",""coordinates"":[]}"
20120219,2012-02-19,0.0,"{""type"":""MultiPoint"",""coordinates"":[]}"
20120220,2012-02-20,0.0,"{""type"":""MultiPoint"",""coordinates"":[]}"
20120221,2012-02-21,0.012253331157578123,"{""type"":""MultiPoint"",""coordinates"":[]}"
20120222,2012-02-22,0.009794635450848745,"{""type"":""MultiPoint"",""coordinates"":[]}"
20120223,2012-02-23,0.04448160010470145,"{""type"":""MultiPoint"",""coordinates"":[]}"
20120224,2012-02-24,0.0032165245553740767,"{""type"":""MultiPoint"",""coordinates"":[]}"
20120225,2012-02-25,0.0,"{""type"":""MultiPoint"",""coordinates"":[]}"
20120226,2012-02-26,0.0,"{""type"":""MultiPoint"",""coordinates"":[]}"
20120227,2012-02-27,0.0,"{""type"":""MultiPoint"",""coordinates"":[]}"
20120228,2012-02-28,0.0,"{""type"":""MultiPoint"",""coordinates"":[]}"
20120229,2012-02-29,0.0,"{""type"":""MultiPoint"",""coordinates"":[]}"
20120301,2012-03-01,0.0,"{""type"":""MultiPoint"",""coordinates"":[]}"
20120302,2012-03-02,0.0,"{""type"":""MultiPoint"",""coordinates"":[]}"
20120303,2012-03-03,0.0,"{""type"":""MultiPoint"",""coordinates"":[]}"
20120304,2012-03-04,0.0,"{""type"":""MultiPoint"",""coordinates"":[]}"
20120305,2012-03-05,0.00497466768634574,"{""type"":""MultiPoint"",""coordinates"":[]}"
20120306,2012-03-06,0.0,"{""type"":""MultiPoint"",""coordinates"":[]}"
20120307,2012-03-07,0.0,"{""type"":""MultiPoint"",""coordinates"":[]}"
20120308,2012-03-08,0.0,"{""type"":""MultiPoint"",""coordinates"":[]}"
20120309,2012-03-09,4.7361747655425896E-4,"{""type"":""MultiPoint"",""coordinates"":[]}"
20120310,2012-03-10,0.0,"{""type"":""MultiPoint"",""coordinates"":[]}"
20120311,2012-03-11,0.0,"{""type"":""MultiPoint"",""coordinates"":[]}"
20120312,2012-03-12,0.19253039821656137,"{""type"":""MultiPoint"",""coordinates"":[]}"
20120313,2012-03-13,0.0528795323362865,"{""type"":""MultiPoint"",""coordinates"":[]}"
20120314,2012-03-14,0.0,"{""type"":""MultiPoint"",""coordinates"":[]}"
20120315,2012-03-15,0.0,"{""type"":""MultiPoint"",""coordinates"":[]}"
20120316,2012-03-16,0.0,"{""type"":""MultiPoint"",""coordinates"":[]}"
20120317,2012-03-17,0.0,"{""type"":""MultiPoint"",""coordinates"":[]}"
20120318,2012-03-18,0.0,"{""type"":""MultiPoint"",""coordinates"":[]}"
20120319,2012-03-19,0.0,"{""type"":""MultiPoint"",""coordinates"":[]}"
20120320,2012-03-20,0.0,"{""type"":""MultiPoint"",""coordinates"":[]}"
20120321,2012-03-21,0.0,"{""type"":""MultiPoint"",""coordinates"":[]}"
20120322,2012-03-22,0.0,"{""type"":""MultiPoint"",""coordinates"":[]}"
20120323,2012-03-23,0.0,"{""type"":""MultiPoint"",""coordinates"":[]}"
20120324,2012-03-24,0.0,"{""type"":""MultiPoint"",""coordinates"":[]}"
20120325,2012-03-25,0.0,"{""type"":""MultiPoint"",""coordinates"":[]}"
20120326,2012-03-26,0.0,"{""type"":""MultiPoint"",""coordinates"":[]}"
20120327,2012-03-27,0.0,"{""type"":""MultiPoint"",""coordinates"":[]}"
20120328,2012-03-28,0.013507197745339717,"{""type"":""MultiPoint"",""coordinates"":[]}"
20120329,2012-03-29,0.0,"{""type"":""MultiPoint"",""coordinates"":[]}"
20120330,2012-03-30,0.6413223625242138,"{""type"":""MultiPoint"",""coordinates"":[]}"
20120331,2012-03-31,0.589469870409966,"{""type"":""MultiPoint"",""coordinates"":[]}"
20120401,2012-04-01,0.0,"{""type"":""MultiPoint"",""coordinates"":[]}"
20120402,2012-04-02,0.0,"{""type"":""MultiPoint"",""coordinates"":[]}"
20120403,2012-04-03,0.0,"{""type"":""MultiPoint"",""coordinates"":[]}"
20120404,2012-04-04,0.0,"{""type"":""MultiPoint"",""coordinates"":[]}"
20120405,2012-04-05,0.0,"{""type"":""MultiPoint"",""coordinates"":[]}"
20120406,2012-04-06,0.03166391352555437,"{""type"":""MultiPoint"",""coordinates"":[]}"
20120407,2012-04-07,8.237975423582854E-5,"{""type"":""MultiPoint"",""coordinates"":[]}"
20120408,2012-04-08,0.0,"{""type"":""MultiPoint"",""coordinates"":[]}"
20120409,2012-04-09,0.0,"{""type"":""MultiPoint"",""coordinates"":[]}"
20120410,2012-04-10,0.0,"{""type"":""MultiPoint"",""coordinates"":[]}"
20120411,2012-04-11,2.993399421045181,"{""type"":""MultiPoint"",""coordinates"":[]}"
20120412,2012-04-12,2.740517112998589,"{""type"":""MultiPoint"",""coordinates"":[]}"
20120413,2012-04-13,0.21981923186963614,"{""type"":""MultiPoint"",""coordinates"":[]}"
20120414,2012-04-14,0.0,"{""type"":""MultiPoint"",""coordinates"":[]}"
20120415,2012-04-15,0.0,"{""type"":""MultiPoint"",""coordinates"":[]}"
20120416,2012-04-16,0.0,"{""type"":""MultiPoint"",""coordinates"":[]}"
20120417,2012-04-17,0.17091550357407045,"{""type"":""MultiPoint"",""coordinates"":[]}"
20120418,2012-04-18,2.3983747824842965,"{""type"":""MultiPoint"",""coordinates"":[]}"
20120419,2012-04-19,0.0,"{""type"":""MultiPoint"",""coordinates"":[]}"
20120420,2012-04-20,0.07528176500575674,"{""type"":""MultiPoint"",""coordinates"":[]}"
20120421,2012-04-21,0.039582114212852786,"{""type"":""MultiPoint"",""coordinates"":[]}"
20120422,2012-04-22,0.07850278279410967,"{""type"":""MultiPoint"",""coordinates"":[]}"
20120423,2012-04-23,0.12473159838207039,"{""type"":""MultiPoint"",""coordinates"":[]}"
20120424,2012-04-24,0.520662009090458,"{""type"":""MultiPoint"",""coordinates"":[]}"
20120425,2012-04-25,10.453614803532883,"{""type"":""MultiPoint"",""coordinates"":[]}"
20120426,2012-04-26,0.7480578977661108,"{""type"":""MultiPoint"",""coordinates"":[]}"
20120427,2012-04-27,2.5823899324761412,"{""type"":""MultiPoint"",""coordinates"":[]}"
20120428,2012-04-28,0.833232577487291,"{""type"":""MultiPoint"",""coordinates"":[]}"
20120429,2012-04-29,5.42321255660754,"{""type"":""MultiPoint"",""coordinates"":[]}"
20120430,2012-04-30,2.3139317013929497,"{""type"":""MultiPoint"",""coordinates"":[]}"
20120501,2012-05-01,2.811010346857513,"{""type"":""MultiPoint"",""coordinates"":[]}"
20120502,2012-05-02,1.192810570737518,"{""type"":""MultiPoint"",""coordinates"":[]}"
20120503,2012-05-03,0.0,"{""type"":""MultiPoint"",""coordinates"":[]}"
20120504,2012-05-04,0.0,"{""type"":""MultiPoint"",""coordinates"":[]}"
20120505,2012-05-05,0.0,"{""type"":""MultiPoint"",""coordinates"":[]}"
20120506,2012-05-06,0.0,"{""type"":""MultiPoint"",""coordinates"":[]}"
20120507,2012-05-07,0.07933485405865927,"{""type"":""MultiPoint"",""coordinates"":[]}"
20120508,2012-05-08,0.109984074050627,"{""type"":""MultiPoint"",""coordinates"":[]}"
20120509,2012-05-09,0.0651201616131017,"{""type"":""MultiPoint"",""coordinates"":[]}"
20120510,2012-05-10,4.302403343188313,"{""type"":""MultiPoint"",""coordinates"":[]}"
20120511,2012-05-11,0.15356724464778723,"{""type"":""MultiPoint"",""coordinates"":[]}"
20120512,2012-05-12,5.418248529839652,"{""type"":""MultiPoint"",""coordinates"":[]}"
20120513,2012-05-13,4.269823534986654,"{""type"":""MultiPoint"",""coordinates"":[]}"
20120514,2012-05-14,0.05570374914001314,"{""type"":""MultiPoint"",""coordinates"":[]}"
20120515,2012-05-15,9.890369107137063,"{""type"":""MultiPoint"",""coordinates"":[]}"
20120516,2012-05-16,6.279181845885892,"{""type"":""MultiPoint"",""coordinates"":[]}"
20120517,2012-05-17,0.5360452593848223,"{""type"":""MultiPoint"",""coordinates"":[]}"
20120518,2012-05-18,0.0,"{""type"":""MultiPoint"",""coordinates"":[]}"
20120519,2012-05-19,0.003932664528516158,"{""type"":""MultiPoint"",""coordinates"":[]}"
20120520,2012-05-20,0.8275690800131771,"{""type"":""MultiPoint"",""coordinates"":[]}"
20120521,2012-05-21,0.0,"{""type"":""MultiPoint"",""coordinates"":[]}"
20120522,2012-05-22,0.0,"{""type"":""MultiPoint"",""coordinates"":[]}"
20120523,2012-05-23,0.0,"{""type"":""MultiPoint"",""coordinates"":[]}"
20120524,2012-05-24,0.20856027238943564,"{""type"":""MultiPoint"",""coordinates"":[]}"
20120525,2012-05-25,0.0,"{""type"":""MultiPoint"",""coordinates"":[]}"
20120526,2012-05-26,0.10720658717516535,"{""type"":""MultiPoint"",""coordinates"":[]}"
20120527,2012-05-27,0.0,"{""type"":""MultiPoint"",""coordinates"":[]}"
20120528,2012-05-28,0.0,"{""type"":""MultiPoint"",""coordinates"":[]}"
20120529,2012-05-29,0.0,"{""type"":""MultiPoint"",""coordinates"":[]}"
20120530,2012-05-30,0.0376332627524141,"{""type"":""MultiPoint"",""coordinates"":[]}"
20120531,2012-05-31,0.013734533269649246,"{""type"":""MultiPoint"",""coordinates"":[]}"
20120601,2012-06-01,0.07194868950520299,"{""type"":""MultiPoint"",""coordinates"":[]}"
20120602,2012-06-02,0.0,"{""type"":""MultiPoint"",""coordinates"":[]}"
20120603,2012-06-03,0.0,"{""type"":""MultiPoint"",""coordinates"":[]}"
20120604,2012-06-04,0.5968699945263566,"{""type"":""MultiPoint"",""coordinates"":[]}"
20120605,2012-06-05,0.0,"{""type"":""MultiPoint"",""coordinates"":[]}"
20120606,2012-06-06,0.1607330869605524,"{""type"":""MultiPoint"",""coordinates"":[]}"
20120607,2012-06-07,0.42228183127390484,"{""type"":""MultiPoint"",""coordinates"":[]}"
20120608,2012-06-08,0.0,"{""type"":""MultiPoint"",""coordinates"":[]}"
20120609,2012-06-09,1.4167342871967263,"{""type"":""MultiPoint"",""coordinates"":[]}"
20120610,2012-06-10,2.7817378920146605,"{""type"":""MultiPoint"",""coordinates"":[]}"
20120611,2012-06-11,0.0,"{""type"":""MultiPoint"",""coordinates"":[]}"
20120612,2012-06-12,0.0,"{""type"":""MultiPoint"",""coordinates"":[]}"
20120613,2012-06-13,0.1155755409509624,"{""type"":""MultiPoint"",""coordinates"":[]}"
20120614,2012-06-14,0.0406086731731291,"{""type"":""MultiPoint"",""coordinates"":[]}"
20120615,2012-06-15,0.0,"{""type"":""MultiPoint"",""coordinates"":[]}"
20120616,2012-06-16,4.951894855050456,"{""type"":""MultiPoint"",""coordinates"":[]}"
20120617,2012-06-17,5.124475537306849,"{""type"":""MultiPoint"",""coordinates"":[]}"
20120618,2012-06-18,0.7290330154847817,"{""type"":""MultiPoint"",""coordinates"":[]}"
20120619,2012-06-19,1.4093279348237455,"{""type"":""MultiPoint"",""coordinates"":[]}"
20120620,2012-06-20,0.0,"{""type"":""MultiPoint"",""coordinates"":[]}"
20120621,2012-06-21,0.46654851335413455,"{""type"":""MultiPoint"",""coordinates"":[]}"
20120622,2012-06-22,0.31525787463905186,"{""type"":""MultiPoint"",""coordinates"":[]}"
20120623,2012-06-23,0.0,"{""type"":""MultiPoint"",""coordinates"":[]}"
20120624,2012-06-24,0.025264851556356598,"{""type"":""MultiPoint"",""coordinates"":[]}"
20120625,2012-06-25,1.461962395064753,"{""type"":""MultiPoint"",""coordinates"":[]}"
20120626,2012-06-26,13.12086339032792,"{""type"":""MultiPoint"",""coordinates"":[]}"
20120627,2012-06-27,1.1596165577776205,"{""type"":""MultiPoint"",""coordinates"":[]}"
20120628,2012-06-28,0.46452025830085164,"{""type"":""MultiPoint"",""coordinates"":[]}"
20120629,2012-06-29,0.0,"{""type"":""MultiPoint"",""coordinates"":[]}"
20120630,2012-06-30,1.2188508511860088,"{""type"":""MultiPoint"",""coordinates"":[]}"
20120701,2012-07-01,10.888139444106052,"{""type"":""MultiPoint"",""coordinates"":[]}"
20120702,2012-07-02,0.32339137060354917,"{""type"":""MultiPoint"",""coordinates"":[]}"
20120703,2012-07-03,1.4774476014458866,"{""type"":""MultiPoint"",""coordinates"":[]}"
20120704,2012-07-04,0.0,"{""type"":""MultiPoint"",""coordinates"":[]}"
20120705,2012-07-05,0.0,"{""type"":""MultiPoint"",""coordinates"":[]}"
20120706,2012-07-06,0.6424095060570607,"{""type"":""MultiPoint"",""coordinates"":[]}"
20120707,2012-07-07,3.7029263653198017,"{""type"":""MultiPoint"",""coordinates"":[]}"
20120708,2012-07-08,3.2152354136449404,"{""type"":""MultiPoint"",""coordinates"":[]}"
20120709,2012-07-09,7.8312804098041315,"{""type"":""MultiPoint"",""coordinates"":[]}"
20120710,2012-07-10,5.0539630758148775,"{""type"":""MultiPoint"",""coordinates"":[]}"
20120711,2012-07-11,1.4849879319075754,"{""type"":""MultiPoint"",""coordinates"":[]}"
20120712,2012-07-12,0.0,"{""type"":""MultiPoint"",""coordinates"":[]}"
20120713,2012-07-13,3.938259986988361,"{""type"":""MultiPoint"",""coordinates"":[]}"
20120714,2012-07-14,7.336281153282686,"{""type"":""MultiPoint"",""coordinates"":[]}"
20120715,2012-07-15,5.219169953663284,"{""type"":""MultiPoint"",""coordinates"":[]}"
20120716,2012-07-16,2.7788130406657268,"{""type"":""MultiPoint"",""coordinates"":[]}"
20120717,2012-07-17,4.074810607172687,"{""type"":""MultiPoint"",""coordinates"":[]}"
20120718,2012-07-18,13.180086599234276,"{""type"":""MultiPoint"",""coordinates"":[]}"
20120719,2012-07-19,10.204882247075014,"{""type"":""MultiPoint"",""coordinates"":[]}"
20120720,2012-07-20,7.020056944592749,"{""type"":""MultiPoint"",""coordinates"":[]}"
20120721,2012-07-21,10.013746699216345,"{""type"":""MultiPoint"",""coordinates"":[]}"
20120722,2012-07-22,0.0,"{""type"":""MultiPoint"",""coordinates"":[]}"
20120723,2012-07-23,0.0,"{""type"":""MultiPoint"",""coordinates"":[]}"
20120724,2012-07-24,0.17992942185826705,"{""type"":""MultiPoint"",""coordinates"":[]}"
20120725,2012-07-25,10.72192076089304,"{""type"":""MultiPoint"",""coordinates"":[]}"
20120726,2012-07-26,7.5420223002259394,"{""type"":""MultiPoint"",""coordinates"":[]}"
20120727,2012-07-27,3.7311323306383475,"{""type"":""MultiPoint"",""coordinates"":[]}"
20120728,2012-07-28,1.7422012028806653,"{""type"":""MultiPoint"",""coordinates"":[]}"
20120729,2012-07-29,8.07569478952264,"{""type"":""MultiPoint"",""coordinates"":[]}"
20120730,2012-07-30,2.8283054695426952,"{""type"":""MultiPoint"",""coordinates"":[]}"
20120731,2012-07-31,2.600991977895739,"{""type"":""MultiPoint"",""coordinates"":[]}"
20120801,2012-08-01,0.029184227223220834,"{""type"":""MultiPoint"",""coordinates"":[]}"
20120802,2012-08-02,0.9318141467167006,"{""type"":""MultiPoint"",""coordinates"":[]}"
20120803,2012-08-03,3.948280918827876,"{""type"":""MultiPoint"",""coordinates"":[]}"
20120804,2012-08-04,0.1540535939560529,"{""type"":""MultiPoint"",""coordinates"":[]}"
20120805,2012-08-05,4.616535958584778,"{""type"":""MultiPoint"",""coordinates"":[]}"
20120806,2012-08-06,7.885729992094616,"{""type"":""MultiPoint"",""coordinates"":[]}"
20120807,2012-08-07,0.3384655660766706,"{""type"":""MultiPoint"",""coordinates"":[]}"
20120808,2012-08-08,0.9875932572186904,"{""type"":""MultiPoint"",""coordinates"":[]}"
20120809,2012-08-09,1.508124547333921,"{""type"":""MultiPoint"",""coordinates"":[]}"
20120810,2012-08-10,4.018487987692495,"{""type"":""MultiPoint"",""coordinates"":[]}"
20120811,2012-08-11,3.9099581203474707,"{""type"":""MultiPoint"",""coordinates"":[]}"
20120812,2012-08-12,6.028163672716145,"{""type"":""MultiPoint"",""coordinates"":[]}"
20120813,2012-08-13,1.5520482611259396,"{""type"":""MultiPoint"",""coordinates"":[]}"
20120814,2012-08-14,0.16199671444471417,"{""type"":""MultiPoint"",""coordinates"":[]}"
20120815,2012-08-15,0.04219932788338179,"{""type"":""MultiPoint"",""coordinates"":[]}"
20120816,2012-08-16,0.04773594003048313,"{""type"":""MultiPoint"",""coordinates"":[]}"
20120817,2012-08-17,0.0,"{""type"":""MultiPoint"",""coordinates"":[]}"
20120818,2012-08-18,0.5182293378243914,"{""type"":""MultiPoint"",""coordinates"":[]}"
20120819,2012-08-19,0.059946388776096954,"{""type"":""MultiPoint"",""coordinates"":[]}"
20120820,2012-08-20,0.05317173753184473,"{""type"":""MultiPoint"",""coordinates"":[]}"
20120821,2012-08-21,21.76710318377448,"{""type"":""MultiPoint"",""coordinates"":[]}"
20120822,2012-08-22,3.6813938858067434,"{""type"":""MultiPoint"",""coordinates"":[]}"
20120823,2012-08-23,6.00804500106072,"{""type"":""MultiPoint"",""coordinates"":[]}"
20120824,2012-08-24,0.01841106267860508,"{""type"":""MultiPoint"",""coordinates"":[]}"
20120825,2012-08-25,13.477397525988572,"{""type"":""MultiPoint"",""coordinates"":[]}"
20120826,2012-08-26,11.80302786702801,"{""type"":""MultiPoint"",""coordinates"":[]}"
20120827,2012-08-27,0.059225210377703896,"{""type"":""MultiPoint"",""coordinates"":[]}"
20120828,2012-08-28,2.2785787404474256,"{""type"":""MultiPoint"",""coordinates"":[]}"
20120829,2012-08-29,2.3771537754707563,"{""type"":""MultiPoint"",""coordinates"":[]}"
20120830,2012-08-30,9.699839011935207,"{""type"":""MultiPoint"",""coordinates"":[]}"
20120831,2012-08-31,0.6994356883033876,"{""type"":""MultiPoint"",""coordinates"":[]}"
20120901,2012-09-01,0.019372421033309592,"{""type"":""MultiPoint"",""coordinates"":[]}"
20120902,2012-09-02,8.526412892191548,"{""type"":""MultiPoint"",""coordinates"":[]}"
20120903,2012-09-03,13.662281819027339,"{""type"":""MultiPoint"",""coordinates"":[]}"
20120904,2012-09-04,4.055319216069361,"{""type"":""MultiPoint"",""coordinates"":[]}"
20120905,2012-09-05,0.045499633156471195,"{""type"":""MultiPoint"",""coordinates"":[]}"
20120906,2012-09-06,4.299057905807565,"{""type"":""MultiPoint"",""coordinates"":[]}"
20120907,2012-09-07,1.6650832947568142,"{""type"":""MultiPoint"",""coordinates"":[]}"
20120908,2012-09-08,9.166561894602411,"{""type"":""MultiPoint"",""coordinates"":[]}"
20120909,2012-09-09,7.8543553359159475,"{""type"":""MultiPoint"",""coordinates"":[]}"
20120910,2012-09-10,9.90758165746056,"{""type"":""MultiPoint"",""coordinates"":[]}"
20120911,2012-09-11,4.719909670752771,"{""type"":""MultiPoint"",""coordinates"":[]}"
20120912,2012-09-12,0.0,"{""type"":""MultiPoint"",""coordinates"":[]}"
20120913,2012-09-13,0.0,"{""type"":""MultiPoint"",""coordinates"":[]}"
20120914,2012-09-14,0.05960075569764139,"{""type"":""MultiPoint"",""coordinates"":[]}"
20120915,2012-09-15,0.0,"{""type"":""MultiPoint"",""coordinates"":[]}"
20120916,2012-09-16,0.015645346595692573,"{""type"":""MultiPoint"",""coordinates"":[]}"
20120917,2012-09-17,0.0,"{""type"":""MultiPoint"",""coordinates"":[]}"
20120918,2012-09-18,0.04507700340137541,"{""type"":""MultiPoint"",""coordinates"":[]}"
20120919,2012-09-19,0.0,"{""type"":""MultiPoint"",""coordinates"":[]}"
20120920,2012-09-20,5.605129303042669,"{""type"":""MultiPoint"",""coordinates"":[]}"
20120921,2012-09-21,3.2083025913089007,"{""type"":""MultiPoint"",""coordinates"":[]}"
20120922,2012-09-22,0.05670698129399319,"{""type"":""MultiPoint"",""coordinates"":[]}"
20120923,2012-09-23,0.0,"{""type"":""MultiPoint"",""coordinates"":[]}"
20120924,2012-09-24,0.0,"{""type"":""MultiPoint"",""coordinates"":[]}"
20120925,2012-09-25,0.02173747645154692,"{""type"":""MultiPoint"",""coordinates"":[]}"
20120926,2012-09-26,12.967115618611151,"{""type"":""MultiPoint"",""coordinates"":[]}"
20120927,2012-09-27,1.4605694980645645,"{""type"":""MultiPoint"",""coordinates"":[]}"
20120928,2012-09-28,4.503043865265433,"{""type"":""MultiPoint"",""coordinates"":[]}"
20120929,2012-09-29,11.053129320107457,"{""type"":""MultiPoint"",""coordinates"":[]}"
20120930,2012-09-30,8.463032696680447,"{""type"":""MultiPoint"",""coordinates"":[]}"
20121001,2012-10-01,21.238847441727962,"{""type"":""MultiPoint"",""coordinates"":[]}"
20121002,2012-10-02,7.99374626867973,"{""type"":""MultiPoint"",""coordinates"":[]}"
20121003,2012-10-03,4.818225262640765,"{""type"":""MultiPoint"",""coordinates"":[]}"
20121004,2012-10-04,0.0,"{""type"":""MultiPoint"",""coordinates"":[]}"
20121005,2012-10-05,0.0,"{""type"":""MultiPoint"",""coordinates"":[]}"
20121006,2012-10-06,15.729503701656322,"{""type"":""MultiPoint"",""coordinates"":[]}"
20121007,2012-10-07,0.2094654227166663,"{""type"":""MultiPoint"",""coordinates"":[]}"
20121008,2012-10-08,0.0,"{""type"":""MultiPoint"",""coordinates"":[]}"
20121009,2012-10-09,0.0,"{""type"":""MultiPoint"",""coordinates"":[]}"
20121010,2012-10-10,0.0,"{""type"":""MultiPoint"",""coordinates"":[]}"
20121011,2012-10-11,0.0,"{""type"":""MultiPoint"",""coordinates"":[]}"
20121012,2012-10-12,0.0,"{""type"":""MultiPoint"",""coordinates"":[]}"
20121013,2012-10-13,0.8065101203740958,"{""type"":""MultiPoint"",""coordinates"":[]}"
20121014,2012-10-14,2.467532423341045,"{""type"":""MultiPoint"",""coordinates"":[]}"
20121015,2012-10-15,0.45194923635587303,"{""type"":""MultiPoint"",""coordinates"":[]}"
20121016,2012-10-16,0.25693417050255984,"{""type"":""MultiPoint"",""coordinates"":[]}"
20121017,2012-10-17,0.0,"{""type"":""MultiPoint"",""coordinates"":[]}"
20121018,2012-10-18,0.0,"{""type"":""MultiPoint"",""coordinates"":[]}"
20121019,2012-10-19,16.73640668421734,"{""type"":""MultiPoint"",""coordinates"":[]}"
20121020,2012-10-20,9.320955919566687,"{""type"":""MultiPoint"",""coordinates"":[]}"
20121021,2012-10-21,10.801312909287578,"{""type"":""MultiPoint"",""coordinates"":[]}"
20121022,2012-10-22,3.176842629235144,"{""type"":""MultiPoint"",""coordinates"":[]}"
20121023,2012-10-23,2.5081764392541257,"{""type"":""MultiPoint"",""coordinates"":[]}"
20121024,2012-10-24,2.599139337049523,"{""type"":""MultiPoint"",""coordinates"":[]}"
20121025,2012-10-25,0.0,"{""type"":""MultiPoint"",""coordinates"":[]}"
20121026,2012-10-26,0.0,"{""type"":""MultiPoint"",""coordinates"":[]}"
20121027,2012-10-27,0.0,"{""type"":""MultiPoint"",""coordinates"":[]}"
20121028,2012-10-28,0.0,"{""type"":""MultiPoint"",""coordinates"":[]}"
20121029,2012-10-29,4.488532964070295,"{""type"":""MultiPoint"",""coordinates"":[]}"
20121030,2012-10-30,13.440046585057743,"{""type"":""MultiPoint"",""coordinates"":[]}"
20121031,2012-10-31,31.640249811568662,"{""type"":""MultiPoint"",""coordinates"":[]}"
20121101,2012-11-01,24.423912373127504,"{""type"":""MultiPoint"",""coordinates"":[]}"
20121102,2012-11-02,14.715807452266114,"{""type"":""MultiPoint"",""coordinates"":[]}"
20121103,2012-11-03,34.1885545393452,"{""type"":""MultiPoint"",""coordinates"":[]}"
20121104,2012-11-04,5.655719134634231,"{""type"":""MultiPoint"",""coordinates"":[]}"
20121105,2012-11-05,4.236340949546141,"{""type"":""MultiPoint"",""coordinates"":[]}"
20121106,2012-11-06,0.0,"{""type"":""MultiPoint"",""coordinates"":[]}"
20121107,2012-11-07,0.026250051066521663,"{""type"":""MultiPoint"",""coordinates"":[]}"
20121108,2012-11-08,0.0,"{""type"":""MultiPoint"",""coordinates"":[]}"
20121109,2012-11-09,0.0,"{""type"":""MultiPoint"",""coordinates"":[]}"
20121110,2012-11-10,0.0,"{""type"":""MultiPoint"",""coordinates"":[]}"
20121111,2012-11-11,0.0,"{""type"":""MultiPoint"",""coordinates"":[]}"
20121112,2012-11-12,0.0,"{""type"":""MultiPoint"",""coordinates"":[]}"
20121113,2012-11-13,0.0,"{""type"":""MultiPoint"",""coordinates"":[]}"
20121114,2012-11-14,0.0,"{""type"":""MultiPoint"",""coordinates"":[]}"
20121115,2012-11-15,0.0,"{""type"":""MultiPoint"",""coordinates"":[]}"
20121116,2012-11-16,0.0,"{""type"":""MultiPoint"",""coordinates"":[]}"
20121117,2012-11-17,0.0,"{""type"":""MultiPoint"",""coordinates"":[]}"
20121118,2012-11-18,0.0,"{""type"":""MultiPoint"",""coordinates"":[]}"
20121119,2012-11-19,0.0,"{""type"":""MultiPoint"",""coordinates"":[]}"
20121120,2012-11-20,0.0,"{""type"":""MultiPoint"",""coordinates"":[]}"
20121121,2012-11-21,0.0,"{""type"":""MultiPoint"",""coordinates"":[]}"
20121122,2012-11-22,8.438956112712857,"{""type"":""MultiPoint"",""coordinates"":[]}"
20121123,2012-11-23,4.029406734433888,"{""type"":""MultiPoint"",""coordinates"":[]}"
20121124,2012-11-24,0.0,"{""type"":""MultiPoint"",""coordinates"":[]}"
20121125,2012-11-25,0.09526655579246684,"{""type"":""MultiPoint"",""coordinates"":[]}"
20121126,2012-11-26,0.0,"{""type"":""MultiPoint"",""coordinates"":[]}"
20121127,2012-11-27,0.0,"{""type"":""MultiPoint"",""coordinates"":[]}"
20121128,2012-11-28,0.0,"{""type"":""MultiPoint"",""coordinates"":[]}"
20121129,2012-11-29,0.0,"{""type"":""MultiPoint"",""coordinates"":[]}"
20121130,2012-11-30,0.0697949110534093,"{""type"":""MultiPoint"",""coordinates"":[]}"
20121201,2012-12-01,0.0,"{""type"":""MultiPoint"",""coordinates"":[]}"
20121202,2012-12-02,0.0,"{""type"":""MultiPoint"",""coordinates"":[]}"
20121203,2012-12-03,16.846967930935914,"{""type"":""MultiPoint"",""coordinates"":[]}"
20121204,2012-12-04,10.006853837830116,"{""type"":""MultiPoint"",""coordinates"":[]}"
20121205,2012-12-05,2.152086135749767,"{""type"":""MultiPoint"",""coordinates"":[]}"
20121206,2012-12-06,0.0,"{""type"":""MultiPoint"",""coordinates"":[]}"
20121207,2012-12-07,0.0,"{""type"":""MultiPoint"",""coordinates"":[]}"
20121208,2012-12-08,0.0,"{""type"":""MultiPoint"",""coordinates"":[]}"
20121209,2012-12-09,0.0,"{""type"":""MultiPoint"",""coordinates"":[]}"
20121210,2012-12-10,0.0,"{""type"":""MultiPoint"",""coordinates"":[]}"
20121211,2012-12-11,0.00828443423575838,"{""type"":""MultiPoint"",""coordinates"":[]}"
20121212,2012-12-12,0.0,"{""type"":""MultiPoint"",""coordinates"":[]}"
20121213,2012-12-13,0.0,"{""type"":""MultiPoint"",""coordinates"":[]}"
20121214,2012-12-14,0.0,"{""type"":""MultiPoint"",""coordinates"":[]}"
20121215,2012-12-15,0.0,"{""type"":""MultiPoint"",""coordinates"":[]}"
20121216,2012-12-16,0.8742502476886677,"{""type"":""MultiPoint"",""coordinates"":[]}"
20121217,2012-12-17,0.0,"{""type"":""MultiPoint"",""coordinates"":[]}"
20121218,2012-12-18,0.6034035718473634,"{""type"":""MultiPoint"",""coordinates"":[]}"
20121219,2012-12-19,0.0,"{""type"":""MultiPoint"",""coordinates"":[]}"
20121220,2012-12-20,0.0,"{""type"":""MultiPoint"",""coordinates"":[]}"
20121221,2012-12-21,0.0,"{""type"":""MultiPoint"",""coordinates"":[]}"
20121222,2012-12-22,0.0,"{""type"":""MultiPoint"",""coordinates"":[]}"
20121223,2012-12-23,0.06438267642054064,"{""type"":""MultiPoint"",""coordinates"":[]}"
20121224,2012-12-24,0.0,"{""type"":""MultiPoint"",""coordinates"":[]}"
20121225,2012-12-25,0.0,"{""type"":""MultiPoint"",""coordinates"":[]}"
20121226,2012-12-26,0.0,"{""type"":""MultiPoint"",""coordinates"":[]}"
20121227,2012-12-27,0.0158844837816672,"{""type"":""MultiPoint"",""coordinates"":[]}"
20121228,2012-12-28,3.733101670896336,"{""type"":""MultiPoint"",""coordinates"":[]}"
20121229,2012-12-29,5.8593318235673015,"{""type"":""MultiPoint"",""coordinates"":[]}"
20121230,2012-12-30,0.004689443063316151,"{""type"":""MultiPoint"",""coordinates"":[]}"
20121231,2012-12-31,0.3634065602310617,"{""type"":""MultiPoint"",""coordinates"":[]}"
20130101,2013-01-01,1.707524014765836,"{""type"":""MultiPoint"",""coordinates"":[]}"
20130102,2013-01-02,0.0,"{""type"":""MultiPoint"",""coordinates"":[]}"
20130103,2013-01-03,0.0,"{""type"":""MultiPoint"",""coordinates"":[]}"
20130104,2013-01-04,0.0,"{""type"":""MultiPoint"",""coordinates"":[]}"
20130105,2013-01-05,0.0,"{""type"":""MultiPoint"",""coordinates"":[]}"
20130106,2013-01-06,0.0,"{""type"":""MultiPoint"",""coordinates"":[]}"
20130107,2013-01-07,0.2718143084051343,"{""type"":""MultiPoint"",""coordinates"":[]}"
20130108,2013-01-08,0.0,"{""type"":""MultiPoint"",""coordinates"":[]}"
20130109,2013-01-09,0.0,"{""type"":""MultiPoint"",""coordinates"":[]}"
20130110,2013-01-10,0.0,"{""type"":""MultiPoint"",""coordinates"":[]}"
20130111,2013-01-11,0.0,"{""type"":""MultiPoint"",""coordinates"":[]}"
20130112,2013-01-12,0.0,"{""type"":""MultiPoint"",""coordinates"":[]}"
20130113,2013-01-13,0.040604162893778814,"{""type"":""MultiPoint"",""coordinates"":[]}"
20130114,2013-01-14,0.0,"{""type"":""MultiPoint"",""coordinates"":[]}"
20130115,2013-01-15,0.5478470819532336,"{""type"":""MultiPoint"",""coordinates"":[]}"
20130116,2013-01-16,0.0,"{""type"":""MultiPoint"",""coordinates"":[]}"
20130117,2013-01-17,0.0,"{""type"":""MultiPoint"",""coordinates"":[]}"
20130118,2013-01-18,0.0047990180923427155,"{""type"":""MultiPoint"",""coordinates"":[]}"
20130119,2013-01-19,0.18721651446889737,"{""type"":""MultiPoint"",""coordinates"":[]}"
20130120,2013-01-20,0.0,"{""type"":""MultiPoint"",""coordinates"":[]}"
20130121,2013-01-21,0.0,"{""type"":""MultiPoint"",""coordinates"":[]}"
20130122,2013-01-22,0.0,"{""type"":""MultiPoint"",""coordinates"":[]}"
20130123,2013-01-23,0.024877766605030598,"{""type"":""MultiPoint"",""coordinates"":[]}"
20130124,2013-01-24,0.0,"{""type"":""MultiPoint"",""coordinates"":[]}"
20130125,2013-01-25,0.0,"{""type"":""MultiPoint"",""coordinates"":[]}"
20130126,2013-01-26,0.0,"{""type"":""MultiPoint"",""coordinates"":[]}"
20130127,2013-01-27,0.0,"{""type"":""MultiPoint"",""coordinates"":[]}"
20130128,2013-01-28,0.0,"{""type"":""MultiPoint"",""coordinates"":[]}"
20130129,2013-01-29,0.0,"{""type"":""MultiPoint"",""coordinates"":[]}"
20130130,2013-01-30,0.0,"{""type"":""MultiPoint"",""coordinates"":[]}"
20130131,2013-01-31,0.05036136243142378,"{""type"":""MultiPoint"",""coordinates"":[]}"
20130201,2013-02-01,0.0,"{""type"":""MultiPoint"",""coordinates"":[]}"
20130202,2013-02-02,0.0,"{""type"":""MultiPoint"",""coordinates"":[]}"
20130203,2013-02-03,0.0,"{""type"":""MultiPoint"",""coordinates"":[]}"
20130204,2013-02-04,0.0,"{""type"":""MultiPoint"",""coordinates"":[]}"
20130205,2013-02-05,0.0,"{""type"":""MultiPoint"",""coordinates"":[]}"
20130206,2013-02-06,0.0,"{""type"":""MultiPoint"",""coordinates"":[]}"
20130207,2013-02-07,0.0,"{""type"":""MultiPoint"",""coordinates"":[]}"
20130208,2013-02-08,0.0,"{""type"":""MultiPoint"",""coordinates"":[]}"
20130209,2013-02-09,0.0,"{""type"":""MultiPoint"",""coordinates"":[]}"
20130210,2013-02-10,0.0,"{""type"":""MultiPoint"",""coordinates"":[]}"
20130211,2013-02-11,0.0,"{""type"":""MultiPoint"",""coordinates"":[]}"
20130212,2013-02-12,0.0,"{""type"":""MultiPoint"",""coordinates"":[]}"
20130213,2013-02-13,0.0,"{""type"":""MultiPoint"",""coordinates"":[]}"
20130214,2013-02-14,0.0,"{""type"":""MultiPoint"",""coordinates"":[]}"
20130215,2013-02-15,0.3049287481474067,"{""type"":""MultiPoint"",""coordinates"":[]}"
20130216,2013-02-16,1.9947584044327082,"{""type"":""MultiPoint"",""coordinates"":[]}"
20130217,2013-02-17,0.011131950837376267,"{""type"":""MultiPoint"",""coordinates"":[]}"
20130218,2013-02-18,0.0,"{""type"":""MultiPoint"",""coordinates"":[]}"
20130219,2013-02-19,0.0,"{""type"":""MultiPoint"",""coordinates"":[]}"
20130220,2013-02-20,0.0,"{""type"":""MultiPoint"",""coordinates"":[]}"
20130221,2013-02-21,0.0,"{""type"":""MultiPoint"",""coordinates"":[]}"
20130222,2013-02-22,0.0,"{""type"":""MultiPoint"",""coordinates"":[]}"
20130223,2013-02-23,0.0,"{""type"":""MultiPoint"",""coordinates"":[]}"
20130224,2013-02-24,0.0,"{""type"":""MultiPoint"",""coordinates"":[]}"
20130225,2013-02-25,0.0,"{""type"":""MultiPoint"",""coordinates"":[]}"
20130226,2013-02-26,0.0,"{""type"":""MultiPoint"",""coordinates"":[]}"
20130227,2013-02-27,0.0,"{""type"":""MultiPoint"",""coordinates"":[]}"
20130228,2013-02-28,0.0,"{""type"":""MultiPoint"",""coordinates"":[]}"
20130301,2013-03-01,0.0,"{""type"":""MultiPoint"",""coordinates"":[]}"
20130302,2013-03-02,0.0,"{""type"":""MultiPoint"",""coordinates"":[]}"
20130303,2013-03-03,0.0,"{""type"":""MultiPoint"",""coordinates"":[]}"
20130304,2013-03-04,0.04009309076484822,"{""type"":""MultiPoint"",""coordinates"":[]}"
20130305,2013-03-05,0.5528914325757689,"{""type"":""MultiPoint"",""coordinates"":[]}"
20130306,2013-03-06,0.0,"{""type"":""MultiPoint"",""coordinates"":[]}"
20130307,2013-03-07,0.0,"{""type"":""MultiPoint"",""coordinates"":[]}"
20130308,2013-03-08,0.0,"{""type"":""MultiPoint"",""coordinates"":[]}"
20130309,2013-03-09,0.0,"{""type"":""MultiPoint"",""coordinates"":[]}"
20130310,2013-03-10,0.0,"{""type"":""MultiPoint"",""coordinates"":[]}"
20130311,2013-03-11,0.0,"{""type"":""MultiPoint"",""coordinates"":[]}"
20130312,2013-03-12,0.0,"{""type"":""MultiPoint"",""coordinates"":[]}"
20130313,2013-03-13,0.0,"{""type"":""MultiPoint"",""coordinates"":[]}"
20130314,2013-03-14,0.0,"{""type"":""MultiPoint"",""coordinates"":[]}"
20130315,2013-03-15,0.0,"{""type"":""MultiPoint"",""coordinates"":[]}"
20130316,2013-03-16,0.0,"{""type"":""MultiPoint"",""coordinates"":[]}"
20130317,2013-03-17,0.0,"{""type"":""MultiPoint"",""coordinates"":[]}"
20130318,2013-03-18,0.0,"{""type"":""MultiPoint"",""coordinates"":[]}"
20130319,2013-03-19,0.0,"{""type"":""MultiPoint"",""coordinates"":[]}"
20130320,2013-03-20,0.13557979124791147,"{""type"":""MultiPoint"",""coordinates"":[]}"
20130321,2013-03-21,0.024806821307385856,"{""type"":""MultiPoint"",""coordinates"":[]}"
20130322,2013-03-22,0.0,"{""type"":""MultiPoint"",""coordinates"":[]}"
20130323,2013-03-23,0.0,"{""type"":""MultiPoint"",""coordinates"":[]}"
20130324,2013-03-24,0.0,"{""type"":""MultiPoint"",""coordinates"":[]}"
20130325,2013-03-25,0.0,"{""type"":""MultiPoint"",""coordinates"":[]}"
20130326,2013-03-26,0.0,"{""type"":""MultiPoint"",""coordinates"":[]}"
20130327,2013-03-27,0.0,"{""type"":""MultiPoint"",""coordinates"":[]}"
20130328,2013-03-28,0.0,"{""type"":""MultiPoint"",""coordinates"":[]}"
20130329,2013-03-29,0.028982120604801768,"{""type"":""MultiPoint"",""coordinates"":[]}"
20130330,2013-03-30,0.0,"{""type"":""MultiPoint"",""coordinates"":[]}"
20130331,2013-03-31,2.315850521114685,"{""type"":""MultiPoint"",""coordinates"":[]}"
20130401,2013-04-01,0.030709749691071247,"{""type"":""MultiPoint"",""coordinates"":[]}"
20130402,2013-04-02,2.0172621649296807,"{""type"":""MultiPoint"",""coordinates"":[]}"
20130403,2013-04-03,0.009113906373221632,"{""type"":""MultiPoint"",""coordinates"":[]}"
20130404,2013-04-04,0.3797025234794904,"{""type"":""MultiPoint"",""coordinates"":[]}"
20130405,2013-04-05,3.8004325817859184,"{""type"":""MultiPoint"",""coordinates"":[]}"
20130406,2013-04-06,0.2735242953810328,"{""type"":""MultiPoint"",""coordinates"":[]}"
20130407,2013-04-07,0.037326077029443315,"{""type"":""MultiPoint"",""coordinates"":[]}"
20130408,2013-04-08,0.0,"{""type"":""MultiPoint"",""coordinates"":[]}"
20130409,2013-04-09,0.0,"{""type"":""MultiPoint"",""coordinates"":[]}"
20130410,2013-04-10,0.0,"{""type"":""MultiPoint"",""coordinates"":[]}"
20130411,2013-04-11,0.0,"{""type"":""MultiPoint"",""coordinates"":[]}"
20130412,2013-04-12,0.0,"{""type"":""MultiPoint"",""coordinates"":[]}"
20130413,2013-04-13,0.0,"{""type"":""MultiPoint"",""coordinates"":[]}"
20130414,2013-04-14,0.0,"{""type"":""MultiPoint"",""coordinates"":[]}"
20130415,2013-04-15,2.0396599801704274,"{""type"":""MultiPoint"",""coordinates"":[]}"
20130416,2013-04-16,0.0,"{""type"":""MultiPoint"",""coordinates"":[]}"
20130417,2013-04-17,0.0,"{""type"":""MultiPoint"",""coordinates"":[]}"
20130418,2013-04-18,0.0,"{""type"":""MultiPoint"",""coordinates"":[]}"
20130419,2013-04-19,0.0,"{""type"":""MultiPoint"",""coordinates"":[]}"
20130420,2013-04-20,0.0,"{""type"":""MultiPoint"",""coordinates"":[]}"
20130421,2013-04-21,0.0,"{""type"":""MultiPoint"",""coordinates"":[]}"
20130422,2013-04-22,0.14366550003832756,"{""type"":""MultiPoint"",""coordinates"":[]}"
20130423,2013-04-23,0.5174344029404296,"{""type"":""MultiPoint"",""coordinates"":[]}"
20130424,2013-04-24,0.5182887688577789,"{""type"":""MultiPoint"",""coordinates"":[]}"
20130425,2013-04-25,0.10260943035529416,"{""type"":""MultiPoint"",""coordinates"":[]}"
20130426,2013-04-26,0.8231611535710922,"{""type"":""MultiPoint"",""coordinates"":[]}"
20130427,2013-04-27,0.0016613695673690866,"{""type"":""MultiPoint"",""coordinates"":[]}"
20130428,2013-04-28,0.7037290556014597,"{""type"":""MultiPoint"",""coordinates"":[]}"
20130429,2013-04-29,0.4476598548061505,"{""type"":""MultiPoint"",""coordinates"":[]}"
20130430,2013-04-30,0.0,"{""type"":""MultiPoint"",""coordinates"":[]}"
20130501,2013-05-01,0.0,"{""type"":""MultiPoint"",""coordinates"":[]}"
20130502,2013-05-02,0.0,"{""type"":""MultiPoint"",""coordinates"":[]}"
20130503,2013-05-03,0.2610209674509666,"{""type"":""MultiPoint"",""coordinates"":[]}"
20130504,2013-05-04,0.013681235064658145,"{""type"":""MultiPoint"",""coordinates"":[]}"
20130505,2013-05-05,4.344067609351119,"{""type"":""MultiPoint"",""coordinates"":[]}"
20130506,2013-05-06,0.3870110383921067,"{""type"":""MultiPoint"",""coordinates"":[]}"
20130507,2013-05-07,0.2719422315683044,"{""type"":""MultiPoint"",""coordinates"":[]}"
20130508,2013-05-08,0.7158782803248628,"{""type"":""MultiPoint"",""coordinates"":[]}"
20130509,2013-05-09,1.463151427286033,"{""type"":""MultiPoint"",""coordinates"":[]}"
20130510,2013-05-10,0.2146641037779646,"{""type"":""MultiPoint"",""coordinates"":[]}"
20130511,2013-05-11,0.822702102390096,"{""type"":""MultiPoint"",""coordinates"":[]}"
20130512,2013-05-12,6.512013968745823,"{""type"":""MultiPoint"",""coordinates"":[]}"
20130513,2013-05-13,12.017403079239234,"{""type"":""MultiPoint"",""coordinates"":[]}"
20130514,2013-05-14,1.5216961747519082,"{""type"":""MultiPoint"",""coordinates"":[]}"
20130515,2013-05-15,0.6537962247207967,"{""type"":""MultiPoint"",""coordinates"":[]}"
20130516,2013-05-16,1.929411370125352,"{""type"":""MultiPoint"",""coordinates"":[]}"
20130517,2013-05-17,0.0,"{""type"":""MultiPoint"",""coordinates"":[]}"
20130518,2013-05-18,0.16272525723276857,"{""type"":""MultiPoint"",""coordinates"":[]}"
20130519,2013-05-19,0.0,"{""type"":""MultiPoint"",""coordinates"":[]}"
20130520,2013-05-20,4.39570541321534,"{""type"":""MultiPoint"",""coordinates"":[]}"
20130521,2013-05-21,0.0,"{""type"":""MultiPoint"",""coordinates"":[]}"
20130522,2013-05-22,0.0,"{""type"":""MultiPoint"",""coordinates"":[]}"
20130523,2013-05-23,0.0,"{""type"":""MultiPoint"",""coordinates"":[]}"
20130524,2013-05-24,0.0,"{""type"":""MultiPoint"",""coordinates"":[]}"
20130525,2013-05-25,0.0,"{""type"":""MultiPoint"",""coordinates"":[]}"
20130526,2013-05-26,0.5525726201585184,"{""type"":""MultiPoint"",""coordinates"":[]}"
20130527,2013-05-27,0.0,"{""type"":""MultiPoint"",""coordinates"":[]}"
20130528,2013-05-28,4.67790965530897,"{""type"":""MultiPoint"",""coordinates"":[]}"
20130529,2013-05-29,0.9405803387968885,"{""type"":""MultiPoint"",""coordinates"":[]}"
20130530,2013-05-30,14.032299559866786,"{""type"":""MultiPoint"",""coordinates"":[]}"
20130531,2013-05-31,11.947121684022884,"{""type"":""MultiPoint"",""coordinates"":[]}"
20130601,2013-06-01,0.42117092402997663,"{""type"":""MultiPoint"",""coordinates"":[]}"
20130602,2013-06-02,4.952613445591798,"{""type"":""MultiPoint"",""coordinates"":[]}"
20130603,2013-06-03,2.5223577155069656,"{""type"":""MultiPoint"",""coordinates"":[]}"
20130604,2013-06-04,0.14058943571269011,"{""type"":""MultiPoint"",""coordinates"":[]}"
20130605,2013-06-05,6.64336028073282,"{""type"":""MultiPoint"",""coordinates"":[]}"
20130606,2013-06-06,10.525847326216377,"{""type"":""MultiPoint"",""coordinates"":[]}"
20130607,2013-06-07,11.85634006166862,"{""type"":""MultiPoint"",""coordinates"":[]}"
20130608,2013-06-08,11.760839579023163,"{""type"":""MultiPoint"",""coordinates"":[]}"
20130609,2013-06-09,0.08778964827160775,"{""type"":""MultiPoint"",""coordinates"":[]}"
20130610,2013-06-10,5.632835427556676,"{""type"":""MultiPoint"",""coordinates"":[]}"
20130611,2013-06-11,4.8464929782253785,"{""type"":""MultiPoint"",""coordinates"":[]}"
20130612,2013-06-12,5.613755283167166,"{""type"":""MultiPoint"",""coordinates"":[]}"
20130613,2013-06-13,5.829191600454271,"{""type"":""MultiPoint"",""coordinates"":[]}"
20130614,2013-06-14,1.5934665616796342,"{""type"":""MultiPoint"",""coordinates"":[]}"
20130615,2013-06-15,0.21284153750077467,"{""type"":""MultiPoint"",""coordinates"":[]}"
20130616,2013-06-16,4.8191390792646946E-4,"{""type"":""MultiPoint"",""coordinates"":[]}"
20130617,2013-06-17,0.0,"{""type"":""MultiPoint"",""coordinates"":[]}"
20130618,2013-06-18,0.0,"{""type"":""MultiPoint"",""coordinates"":[]}"
20130619,2013-06-19,0.0,"{""type"":""MultiPoint"",""coordinates"":[]}"
20130620,2013-06-20,3.1582292410691397,"{""type"":""MultiPoint"",""coordinates"":[]}"
20130621,2013-06-21,3.2281011672661104,"{""type"":""MultiPoint"",""coordinates"":[]}"
20130622,2013-06-22,0.93474037270843,"{""type"":""MultiPoint"",""coordinates"":[]}"
20130623,2013-06-23,6.999712947561884,"{""type"":""MultiPoint"",""coordinates"":[]}"
20130624,2013-06-24,6.0814679681829045,"{""type"":""MultiPoint"",""coordinates"":[]}"
20130625,2013-06-25,3.9854770379429754,"{""type"":""MultiPoint"",""coordinates"":[]}"
20130626,2013-06-26,0.11162479584542152,"{""type"":""MultiPoint"",""coordinates"":[]}"
20130627,2013-06-27,1.8062060994849127,"{""type"":""MultiPoint"",""coordinates"":[]}"
20130628,2013-06-28,0.0,"{""type"":""MultiPoint"",""coordinates"":[]}"
20130629,2013-06-29,1.8519037108317853,"{""type"":""MultiPoint"",""coordinates"":[]}"
20130630,2013-06-30,1.8393609793535028,"{""type"":""MultiPoint"",""coordinates"":[]}"
20130701,2013-07-01,0.0,"{""type"":""MultiPoint"",""coordinates"":[]}"
20130702,2013-07-02,0.8541552217272659,"{""type"":""MultiPoint"",""coordinates"":[]}"
20130703,2013-07-03,0.5454147384084506,"{""type"":""MultiPoint"",""coordinates"":[]}"
20130704,2013-07-04,3.6964052415144515,"{""type"":""MultiPoint"",""coordinates"":[]}"
20130705,2013-07-05,4.451111175104632,"{""type"":""MultiPoint"",""coordinates"":[]}"
20130706,2013-07-06,6.235017979853486,"{""type"":""MultiPoint"",""coordinates"":[]}"
20130707,2013-07-07,9.1893719998843,"{""type"":""MultiPoint"",""coordinates"":[]}"
20130708,2013-07-08,2.1315017053518184,"{""type"":""MultiPoint"",""coordinates"":[]}"
20130709,2013-07-09,8.7214706660919,"{""type"":""MultiPoint"",""coordinates"":[]}"
20130710,2013-07-10,5.8830337760945355,"{""type"":""MultiPoint"",""coordinates"":[]}"
20130711,2013-07-11,10.376024522381632,"{""type"":""MultiPoint"",""coordinates"":[]}"
20130712,2013-07-12,7.293278038624648,"{""type"":""MultiPoint"",""coordinates"":[]}"
20130713,2013-07-13,3.8808520949314507,"{""type"":""MultiPoint"",""coordinates"":[]}"
20130714,2013-07-14,3.268201616742361,"{""type"":""MultiPoint"",""coordinates"":[]}"
20130715,2013-07-15,6.0050883075963295,"{""type"":""MultiPoint"",""coordinates"":[]}"
20130716,2013-07-16,13.572745791852224,"{""type"":""MultiPoint"",""coordinates"":[]}"
20130717,2013-07-17,11.878657092664005,"{""type"":""MultiPoint"",""coordinates"":[]}"
20130718,2013-07-18,10.220378171619208,"{""type"":""MultiPoint"",""coordinates"":[]}"
20130719,2013-07-19,1.902868051704221,"{""type"":""MultiPoint"",""coordinates"":[]}"
20130720,2013-07-20,2.084538820839694,"{""type"":""MultiPoint"",""coordinates"":[]}"
20130721,2013-07-21,2.3558395937464356,"{""type"":""MultiPoint"",""coordinates"":[]}"
20130722,2013-07-22,4.228973805241064,"{""type"":""MultiPoint"",""coordinates"":[]}"
20130723,2013-07-23,0.11902615610142864,"{""type"":""MultiPoint"",""coordinates"":[]}"
20130724,2013-07-24,1.6203195644943127,"{""type"":""MultiPoint"",""coordinates"":[]}"
20130725,2013-07-25,0.0,"{""type"":""MultiPoint"",""coordinates"":[]}"
20130726,2013-07-26,0.024414327207502636,"{""type"":""MultiPoint"",""coordinates"":[]}"
20130727,2013-07-27,0.020307301802907154,"{""type"":""MultiPoint"",""coordinates"":[]}"
20130728,2013-07-28,0.03560529664597852,"{""type"":""MultiPoint"",""coordinates"":[]}"
20130729,2013-07-29,0.0,"{""type"":""MultiPoint"",""coordinates"":[]}"
20130730,2013-07-30,0.0681519545845743,"{""type"":""MultiPoint"",""coordinates"":[]}"
20130731,2013-07-31,6.362522811731669,"{""type"":""MultiPoint"",""coordinates"":[]}"
20130801,2013-08-01,5.168624787581595,"{""type"":""MultiPoint"",""coordinates"":[]}"
20130802,2013-08-02,0.0,"{""type"":""MultiPoint"",""coordinates"":[]}"
20130803,2013-08-03,1.1472541231858107,"{""type"":""MultiPoint"",""coordinates"":[]}"
20130804,2013-08-04,3.257555086991913,"{""type"":""MultiPoint"",""coordinates"":[]}"
20130805,2013-08-05,6.235164135695656,"{""type"":""MultiPoint"",""coordinates"":[]}"
20130806,2013-08-06,3.1133022199787552,"{""type"":""MultiPoint"",""coordinates"":[]}"
20130807,2013-08-07,0.7974912758181397,"{""type"":""MultiPoint"",""coordinates"":[]}"
20130808,2013-08-08,0.0,"{""type"":""MultiPoint"",""coordinates"":[]}"
20130809,2013-08-09,0.9566765739756001,"{""type"":""MultiPoint"",""coordinates"":[]}"
20130810,2013-08-10,14.173628241403529,"{""type"":""MultiPoint"",""coordinates"":[]}"
20130811,2013-08-11,0.7876506814258083,"{""type"":""MultiPoint"",""coordinates"":[]}"
20130812,2013-08-12,19.38916552194864,"{""type"":""MultiPoint"",""coordinates"":[]}"
20130813,2013-08-13,0.451883083813696,"{""type"":""MultiPoint"",""coordinates"":[]}"
20130814,2013-08-14,5.104008455472034,"{""type"":""MultiPoint"",""coordinates"":[]}"
20130815,2013-08-15,16.73232503776022,"{""type"":""MultiPoint"",""coordinates"":[]}"
20130816,2013-08-16,17.951525299995716,"{""type"":""MultiPoint"",""coordinates"":[]}"
20130817,2013-08-17,1.2542340474206615,"{""type"":""MultiPoint"",""coordinates"":[]}"
20130818,2013-08-18,1.8378219539628382,"{""type"":""MultiPoint"",""coordinates"":[]}"
20130819,2013-08-19,0.5753847626611966,"{""type"":""MultiPoint"",""coordinates"":[]}"
20130820,2013-08-20,0.0,"{""type"":""MultiPoint"",""coordinates"":[]}"
20130821,2013-08-21,0.0,"{""type"":""MultiPoint"",""coordinates"":[]}"
20130822,2013-08-22,0.0,"{""type"":""MultiPoint"",""coordinates"":[]}"
20130823,2013-08-23,0.0,"{""type"":""MultiPoint"",""coordinates"":[]}"
20130824,2013-08-24,0.0,"{""type"":""MultiPoint"",""coordinates"":[]}"
20130825,2013-08-25,0.0,"{""type"":""MultiPoint"",""coordinates"":[]}"
20130826,2013-08-26,0.04780542979660415,"{""type"":""MultiPoint"",""coordinates"":[]}"
20130827,2013-08-27,6.562566016019303,"{""type"":""MultiPoint"",""coordinates"":[]}"
20130828,2013-08-28,0.7907857655272844,"{""type"":""MultiPoint"",""coordinates"":[]}"
20130829,2013-08-29,2.356220482375928,"{""type"":""MultiPoint"",""coordinates"":[]}"
20130830,2013-08-30,0.4279537001120868,"{""type"":""MultiPoint"",""coordinates"":[]}"
20130831,2013-08-31,4.967922390786526,"{""type"":""MultiPoint"",""coordinates"":[]}"
20130901,2013-09-01,2.583398292701474,"{""type"":""MultiPoint"",""coordinates"":[]}"
20130902,2013-09-02,11.403221573601146,"{""type"":""MultiPoint"",""coordinates"":[]}"
20130903,2013-09-03,12.661449310016081,"{""type"":""MultiPoint"",""coordinates"":[]}"
20130904,2013-09-04,5.030394411383484,"{""type"":""MultiPoint"",""coordinates"":[]}"
20130905,2013-09-05,0.015967619692988804,"{""type"":""MultiPoint"",""coordinates"":[]}"
20130906,2013-09-06,4.197288451478506,"{""type"":""MultiPoint"",""coordinates"":[]}"
20130907,2013-09-07,18.75684429127752,"{""type"":""MultiPoint"",""coordinates"":[]}"
20130908,2013-09-08,4.977576072301563,"{""type"":""MultiPoint"",""coordinates"":[]}"
20130909,2013-09-09,2.729160995216781,"{""type"":""MultiPoint"",""coordinates"":[]}"
20130910,2013-09-10,6.62292496277089,"{""type"":""MultiPoint"",""coordinates"":[]}"
20130911,2013-09-11,15.557151637003864,"{""type"":""MultiPoint"",""coordinates"":[]}"
20130912,2013-09-12,3.703210610401016,"{""type"":""MultiPoint"",""coordinates"":[]}"
20130913,2013-09-13,6.331522093317467,"{""type"":""MultiPoint"",""coordinates"":[]}"
20130914,2013-09-14,2.2047889647310934,"{""type"":""MultiPoint"",""coordinates"":[]}"
20130915,2013-09-15,15.404412389341996,"{""type"":""MultiPoint"",""coordinates"":[]}"
20130916,2013-09-16,8.193168360615175,"{""type"":""MultiPoint"",""coordinates"":[]}"
20130917,2013-09-17,6.130657147135838,"{""type"":""MultiPoint"",""coordinates"":[]}"
20130918,2013-09-18,2.356886211506588,"{""type"":""MultiPoint"",""coordinates"":[]}"
20130919,2013-09-19,0.5653097893872556,"{""type"":""MultiPoint"",""coordinates"":[]}"
20130920,2013-09-20,6.224716710486405,"{""type"":""MultiPoint"",""coordinates"":[]}"
20130921,2013-09-21,2.488458643227686,"{""type"":""MultiPoint"",""coordinates"":[]}"
20130922,2013-09-22,0.0,"{""type"":""MultiPoint"",""coordinates"":[]}"
20130923,2013-09-23,0.0,"{""type"":""MultiPoint"",""coordinates"":[]}"
20130924,2013-09-24,0.0,"{""type"":""MultiPoint"",""coordinates"":[]}"
20130925,2013-09-25,0.0,"{""type"":""MultiPoint"",""coordinates"":[]}"
20130926,2013-09-26,0.005552377747574263,"{""type"":""MultiPoint"",""coordinates"":[]}"
20130927,2013-09-27,0.0,"{""type"":""MultiPoint"",""coordinates"":[]}"
20130928,2013-09-28,8.672846917472311,"{""type"":""MultiPoint"",""coordinates"":[]}"
20130929,2013-09-29,1.1900739019808357,"{""type"":""MultiPoint"",""coordinates"":[]}"
20130930,2013-09-30,0.2950160683962113,"{""type"":""MultiPoint"",""coordinates"":[]}"
20131001,2013-10-01,5.597194290558851E-4,"{""type"":""MultiPoint"",""coordinates"":[]}"
20131002,2013-10-02,7.738844014525107,"{""type"":""MultiPoint"",""coordinates"":[]}"
20131003,2013-10-03,18.374345498405958,"{""type"":""MultiPoint"",""coordinates"":[]}"
20131004,2013-10-04,0.0,"{""type"":""MultiPoint"",""coordinates"":[]}"
20131005,2013-10-05,0.0,"{""type"":""MultiPoint"",""coordinates"":[]}"
20131006,2013-10-06,1.713514764418394,"{""type"":""MultiPoint"",""coordinates"":[]}"
20131007,2013-10-07,1.9731959342726382,"{""type"":""MultiPoint"",""coordinates"":[]}"
20131008,2013-10-08,11.672723416802999,"{""type"":""MultiPoint"",""coordinates"":[]}"
20131009,2013-10-09,8.070703339382465,"{""type"":""MultiPoint"",""coordinates"":[]}"
20131010,2013-10-10,3.489559485856442,"{""type"":""MultiPoint"",""coordinates"":[]}"
20131011,2013-10-11,3.036398499164912,"{""type"":""MultiPoint"",""coordinates"":[]}"
20131012,2013-10-12,3.725090795946651,"{""type"":""MultiPoint"",""coordinates"":[]}"
20131013,2013-10-13,0.710506516870635,"{""type"":""MultiPoint"",""coordinates"":[]}"
20131014,2013-10-14,0.0,"{""type"":""MultiPoint"",""coordinates"":[]}"
20131015,2013-10-15,2.4768048439328947,"{""type"":""MultiPoint"",""coordinates"":[]}"
20131016,2013-10-16,0.0,"{""type"":""MultiPoint"",""coordinates"":[]}"
20131017,2013-10-17,0.0,"{""type"":""MultiPoint"",""coordinates"":[]}"
20131018,2013-10-18,0.5677368857885701,"{""type"":""MultiPoint"",""coordinates"":[]}"
20131019,2013-10-19,1.525149320364781,"{""type"":""MultiPoint"",""coordinates"":[]}"
20131020,2013-10-20,9.659757260751112,"{""type"":""MultiPoint"",""coordinates"":[]}"
20131021,2013-10-21,18.28797020314674,"{""type"":""MultiPoint"",""coordinates"":[]}"
20131022,2013-10-22,21.396716999222328,"{""type"":""MultiPoint"",""coordinates"":[]}"
20131023,2013-10-23,18.058579340267226,"{""type"":""MultiPoint"",""coordinates"":[]}"
20131024,2013-10-24,9.869223944859218,"{""type"":""MultiPoint"",""coordinates"":[]}"
20131025,2013-10-25,13.45431703112782,"{""type"":""MultiPoint"",""coordinates"":[]}"
20131026,2013-10-26,1.5565389512151158,"{""type"":""MultiPoint"",""coordinates"":[]}"
20131027,2013-10-27,9.98536027023479,"{""type"":""MultiPoint"",""coordinates"":[]}"
20131028,2013-10-28,0.08928967690879364,"{""type"":""MultiPoint"",""coordinates"":[]}"
20131029,2013-10-29,0.0,"{""type"":""MultiPoint"",""coordinates"":[]}"
20131030,2013-10-30,0.0,"{""type"":""MultiPoint"",""coordinates"":[]}"
20131031,2013-10-31,0.0,"{""type"":""MultiPoint"",""coordinates"":[]}"
20131101,2013-11-01,1.6061116439612968,"{""type"":""MultiPoint"",""coordinates"":[]}"
20131102,2013-11-02,9.252018190559863,"{""type"":""MultiPoint"",""coordinates"":[]}"
20131103,2013-11-03,5.932681203080904,"{""type"":""MultiPoint"",""coordinates"":[]}"
20131104,2013-11-04,0.0,"{""type"":""MultiPoint"",""coordinates"":[]}"
20131105,2013-11-05,0.0,"{""type"":""MultiPoint"",""coordinates"":[]}"
20131106,2013-11-06,0.013606101945407992,"{""type"":""MultiPoint"",""coordinates"":[]}"
20131107,2013-11-07,0.0,"{""type"":""MultiPoint"",""coordinates"":[]}"
20131108,2013-11-08,0.0,"{""type"":""MultiPoint"",""coordinates"":[]}"
20131109,2013-11-09,0.0,"{""type"":""MultiPoint"",""coordinates"":[]}"
20131110,2013-11-10,0.0,"{""type"":""MultiPoint"",""coordinates"":[]}"
20131111,2013-11-11,0.007130438689398952,"{""type"":""MultiPoint"",""coordinates"":[]}"
20131112,2013-11-12,0.0,"{""type"":""MultiPoint"",""coordinates"":[]}"
20131113,2013-11-13,0.002823975487888129,"{""type"":""MultiPoint"",""coordinates"":[]}"
20131114,2013-11-14,0.05726811038567191,"{""type"":""MultiPoint"",""coordinates"":[]}"
20131115,2013-11-15,0.42218500305917017,"{""type"":""MultiPoint"",""coordinates"":[]}"
20131116,2013-11-16,15.385145251391988,"{""type"":""MultiPoint"",""coordinates"":[]}"
20131117,2013-11-17,6.806036608836991,"{""type"":""MultiPoint"",""coordinates"":[]}"
20131118,2013-11-18,0.0,"{""type"":""MultiPoint"",""coordinates"":[]}"
20131119,2013-11-19,0.0,"{""type"":""MultiPoint"",""coordinates"":[]}"
20131120,2013-11-20,0.0,"{""type"":""MultiPoint"",""coordinates"":[]}"
20131121,2013-11-21,0.0,"{""type"":""MultiPoint"",""coordinates"":[]}"
20131122,2013-11-22,9.013554642696421E-4,"{""type"":""MultiPoint"",""coordinates"":[]}"
20131123,2013-11-23,0.0,"{""type"":""MultiPoint"",""coordinates"":[]}"
20131124,2013-11-24,1.4325531123241189,"{""type"":""MultiPoint"",""coordinates"":[]}"
20131125,2013-11-25,0.0,"{""type"":""MultiPoint"",""coordinates"":[]}"
20131126,2013-11-26,0.0,"{""type"":""MultiPoint"",""coordinates"":[]}"
20131127,2013-11-27,1.6651560302350952,"{""type"":""MultiPoint"",""coordinates"":[]}"
20131128,2013-11-28,0.9005700283475508,"{""type"":""MultiPoint"",""coordinates"":[]}"
20131129,2013-11-29,0.0,"{""type"":""MultiPoint"",""coordinates"":[]}"
20131130,2013-11-30,1.1063692119888724,"{""type"":""MultiPoint"",""coordinates"":[]}"
20131201,2013-12-01,0.09027836954989076,"{""type"":""MultiPoint"",""coordinates"":[]}"
20131202,2013-12-02,0.051567720833830794,"{""type"":""MultiPoint"",""coordinates"":[]}"
20131203,2013-12-03,0.05186013030505031,"{""type"":""MultiPoint"",""coordinates"":[]}"
20131204,2013-12-04,0.0,"{""type"":""MultiPoint"",""coordinates"":[]}"
20131205,2013-12-05,0.0,"{""type"":""MultiPoint"",""coordinates"":[]}"
20131206,2013-12-06,0.031207638138182107,"{""type"":""MultiPoint"",""coordinates"":[]}"
20131207,2013-12-07,3.613411349911817,"{""type"":""MultiPoint"",""coordinates"":[]}"
20131208,2013-12-08,0.028817637692078915,"{""type"":""MultiPoint"",""coordinates"":[]}"
20131209,2013-12-09,0.0,"{""type"":""MultiPoint"",""coordinates"":[]}"
20131210,2013-12-10,0.0,"{""type"":""MultiPoint"",""coordinates"":[]}"
20131211,2013-12-11,0.0,"{""type"":""MultiPoint"",""coordinates"":[]}"
20131212,2013-12-12,0.0,"{""type"":""MultiPoint"",""coordinates"":[]}"
20131213,2013-12-13,0.0,"{""type"":""MultiPoint"",""coordinates"":[]}"
20131214,2013-12-14,0.0,"{""type"":""MultiPoint"",""coordinates"":[]}"
20131215,2013-12-15,0.0,"{""type"":""MultiPoint"",""coordinates"":[]}"
20131216,2013-12-16,0.0,"{""type"":""MultiPoint"",""coordinates"":[]}"
20131217,2013-12-17,1.3508077964030738,"{""type"":""MultiPoint"",""coordinates"":[]}"
20131218,2013-12-18,0.0,"{""type"":""MultiPoint"",""coordinates"":[]}"
20131219,2013-12-19,0.0,"{""type"":""MultiPoint"",""coordinates"":[]}"
20131220,2013-12-20,0.06253148333494299,"{""type"":""MultiPoint"",""coordinates"":[]}"
20131221,2013-12-21,0.0,"{""type"":""MultiPoint"",""coordinates"":[]}"
20131222,2013-12-22,0.0,"{""type"":""MultiPoint"",""coordinates"":[]}"
20131223,2013-12-23,2.098041947345437,"{""type"":""MultiPoint"",""coordinates"":[]}"
20131224,2013-12-24,0.07726576696073945,"{""type"":""MultiPoint"",""coordinates"":[]}"
20131225,2013-12-25,0.0,"{""type"":""MultiPoint"",""coordinates"":[]}"
20131226,2013-12-26,0.0,"{""type"":""MultiPoint"",""coordinates"":[]}"
20131227,2013-12-27,0.035408390277683284,"{""type"":""MultiPoint"",""coordinates"":[]}"
20131228,2013-12-28,0.0,"{""type"":""MultiPoint"",""coordinates"":[]}"
20131229,2013-12-29,0.0,"{""type"":""MultiPoint"",""coordinates"":[]}"
20131230,2013-12-30,0.0,"{""type"":""MultiPoint"",""coordinates"":[]}"
20131231,2013-12-31,0.23839986816025038,"{""type"":""MultiPoint"",""coordinates"":[]}"
20140101,2014-01-01,1.6190270399952487,"{""type"":""MultiPoint"",""coordinates"":[]}"
20140102,2014-01-02,0.16971173761581165,"{""type"":""MultiPoint"",""coordinates"":[]}"
20140103,2014-01-03,0.0,"{""type"":""MultiPoint"",""coordinates"":[]}"
20140104,2014-01-04,9.849346314230755E-4,"{""type"":""MultiPoint"",""coordinates"":[]}"
20140105,2014-01-05,0.0,"{""type"":""MultiPoint"",""coordinates"":[]}"
20140106,2014-01-06,0.0,"{""type"":""MultiPoint"",""coordinates"":[]}"
20140107,2014-01-07,0.027541049246613658,"{""type"":""MultiPoint"",""coordinates"":[]}"
20140108,2014-01-08,0.0,"{""type"":""MultiPoint"",""coordinates"":[]}"
20140109,2014-01-09,0.8550499899716859,"{""type"":""MultiPoint"",""coordinates"":[]}"
20140110,2014-01-10,0.11815389314157955,"{""type"":""MultiPoint"",""coordinates"":[]}"
20140111,2014-01-11,0.0,"{""type"":""MultiPoint"",""coordinates"":[]}"
20140112,2014-01-12,0.25235132001130084,"{""type"":""MultiPoint"",""coordinates"":[]}"
20140113,2014-01-13,0.0,"{""type"":""MultiPoint"",""coordinates"":[]}"
20140114,2014-01-14,0.0,"{""type"":""MultiPoint"",""coordinates"":[]}"
20140115,2014-01-15,0.007396133221194207,"{""type"":""MultiPoint"",""coordinates"":[]}"
20140116,2014-01-16,0.0,"{""type"":""MultiPoint"",""coordinates"":[]}"
20140117,2014-01-17,0.0,"{""type"":""MultiPoint"",""coordinates"":[]}"
20140118,2014-01-18,0.0,"{""type"":""MultiPoint"",""coordinates"":[]}"
20140119,2014-01-19,0.017177303486332157,"{""type"":""MultiPoint"",""coordinates"":[]}"
20140120,2014-01-20,0.0,"{""type"":""MultiPoint"",""coordinates"":[]}"
20140121,2014-01-21,0.00412301976335423,"{""type"":""MultiPoint"",""coordinates"":[]}"
20140122,2014-01-22,0.0,"{""type"":""MultiPoint"",""coordinates"":[]}"
20140123,2014-01-23,0.0,"{""type"":""MultiPoint"",""coordinates"":[]}"
20140124,2014-01-24,0.0,"{""type"":""MultiPoint"",""coordinates"":[]}"
20140125,2014-01-25,0.0,"{""type"":""MultiPoint"",""coordinates"":[]}"
20140126,2014-01-26,0.0,"{""type"":""MultiPoint"",""coordinates"":[]}"
20140127,2014-01-27,0.032264977238990904,"{""type"":""MultiPoint"",""coordinates"":[]}"
20140128,2014-01-28,0.0,"{""type"":""MultiPoint"",""coordinates"":[]}"
20140129,2014-01-29,0.0,"{""type"":""MultiPoint"",""coordinates"":[]}"
20140130,2014-01-30,0.0,"{""type"":""MultiPoint"",""coordinates"":[]}"
20140131,2014-01-31,0.0,"{""type"":""MultiPoint"",""coordinates"":[]}"
20140201,2014-02-01,0.00101128785993278,"{""type"":""MultiPoint"",""coordinates"":[]}"
20140202,2014-02-02,0.0,"{""type"":""MultiPoint"",""coordinates"":[]}"
20140203,2014-02-03,0.0,"{""type"":""MultiPoint"",""coordinates"":[]}"
20140204,2014-02-04,0.0,"{""type"":""MultiPoint"",""coordinates"":[]}"
20140205,2014-02-05,0.0,"{""type"":""MultiPoint"",""coordinates"":[]}"
20140206,2014-02-06,0.0,"{""type"":""MultiPoint"",""coordinates"":[]}"
20140207,2014-02-07,0.0,"{""type"":""MultiPoint"",""coordinates"":[]}"
20140208,2014-02-08,0.0,"{""type"":""MultiPoint"",""coordinates"":[]}"
20140209,2014-02-09,0.0,"{""type"":""MultiPoint"",""coordinates"":[]}"
20140210,2014-02-10,0.0,"{""type"":""MultiPoint"",""coordinates"":[]}"
20140211,2014-02-11,0.0,"{""type"":""MultiPoint"",""coordinates"":[]}"
20140212,2014-02-12,0.0,"{""type"":""MultiPoint"",""coordinates"":[]}"
20140213,2014-02-13,0.0,"{""type"":""MultiPoint"",""coordinates"":[]}"
20140214,2014-02-14,0.0,"{""type"":""MultiPoint"",""coordinates"":[]}"
20140215,2014-02-15,6.685210373538174E-4,"{""type"":""MultiPoint"",""coordinates"":[]}"
20140216,2014-02-16,0.0,"{""type"":""MultiPoint"",""coordinates"":[]}"
20140217,2014-02-17,0.0,"{""type"":""MultiPoint"",""coordinates"":[]}"
20140218,2014-02-18,0.0,"{""type"":""MultiPoint"",""coordinates"":[]}"
20140219,2014-02-19,0.0,"{""type"":""MultiPoint"",""coordinates"":[]}"
20140220,2014-02-20,0.0,"{""type"":""MultiPoint"",""coordinates"":[]}"
20140221,2014-02-21,0.0,"{""type"":""MultiPoint"",""coordinates"":[]}"
20140222,2014-02-22,0.0,"{""type"":""MultiPoint"",""coordinates"":[]}"
20140223,2014-02-23,0.0,"{""type"":""MultiPoint"",""coordinates"":[]}"
20140224,2014-02-24,0.0,"{""type"":""MultiPoint"",""coordinates"":[]}"
20140225,2014-02-25,0.0,"{""type"":""MultiPoint"",""coordinates"":[]}"
20140226,2014-02-26,0.0,"{""type"":""MultiPoint"",""coordinates"":[]}"
20140227,2014-02-27,0.0,"{""type"":""MultiPoint"",""coordinates"":[]}"
20140228,2014-02-28,0.0,"{""type"":""MultiPoint"",""coordinates"":[]}"
20140301,2014-03-01,0.0,"{""type"":""MultiPoint"",""coordinates"":[]}"
20140302,2014-03-02,0.09595299398465917,"{""type"":""MultiPoint"",""coordinates"":[]}"
20140303,2014-03-03,0.0,"{""type"":""MultiPoint"",""coordinates"":[]}"
20140304,2014-03-04,0.006863391370383333,"{""type"":""MultiPoint"",""coordinates"":[]}"
20140305,2014-03-05,0.003974888564748838,"{""type"":""MultiPoint"",""coordinates"":[]}"
20140306,2014-03-06,0.003870027120607666,"{""type"":""MultiPoint"",""coordinates"":[]}"
20140307,2014-03-07,0.007635218058748564,"{""type"":""MultiPoint"",""coordinates"":[]}"
20140308,2014-03-08,0.005889954937790041,"{""type"":""MultiPoint"",""coordinates"":[]}"
20140309,2014-03-09,0.0,"{""type"":""MultiPoint"",""coordinates"":[]}"
20140310,2014-03-10,0.0,"{""type"":""MultiPoint"",""coordinates"":[]}"
20140311,2014-03-11,0.0,"{""type"":""MultiPoint"",""coordinates"":[]}"
20140312,2014-03-12,0.0,"{""type"":""MultiPoint"",""coordinates"":[]}"
20140313,2014-03-13,0.0,"{""type"":""MultiPoint"",""coordinates"":[]}"
20140314,2014-03-14,0.0,"{""type"":""MultiPoint"",""coordinates"":[]}"
20140315,2014-03-15,0.0,"{""type"":""MultiPoint"",""coordinates"":[]}"
20140316,2014-03-16,0.0,"{""type"":""MultiPoint"",""coordinates"":[]}"
20140317,2014-03-17,0.0,"{""type"":""MultiPoint"",""coordinates"":[]}"
20140318,2014-03-18,0.0,"{""type"":""MultiPoint"",""coordinates"":[]}"
20140319,2014-03-19,0.0,"{""type"":""MultiPoint"",""coordinates"":[]}"
20140320,2014-03-20,0.0,"{""type"":""MultiPoint"",""coordinates"":[]}"
20140321,2014-03-21,0.0,"{""type"":""MultiPoint"",""coordinates"":[]}"
20140322,2014-03-22,0.0,"{""type"":""MultiPoint"",""coordinates"":[]}"
20140323,2014-03-23,0.0,"{""type"":""MultiPoint"",""coordinates"":[]}"
20140324,2014-03-24,0.0,"{""type"":""MultiPoint"",""coordinates"":[]}"
20140325,2014-03-25,0.0,"{""type"":""MultiPoint"",""coordinates"":[]}"
20140326,2014-03-26,0.0,"{""type"":""MultiPoint"",""coordinates"":[]}"
20140327,2014-03-27,0.0,"{""type"":""MultiPoint"",""coordinates"":[]}"
20140328,2014-03-28,0.0,"{""type"":""MultiPoint"",""coordinates"":[]}"
20140329,2014-03-29,0.0,"{""type"":""MultiPoint"",""coordinates"":[]}"
20140330,2014-03-30,0.0,"{""type"":""MultiPoint"",""coordinates"":[]}"
20140331,2014-03-31,0.0,"{""type"":""MultiPoint"",""coordinates"":[]}"
20140401,2014-04-01,0.0,"{""type"":""MultiPoint"",""coordinates"":[]}"
20140402,2014-04-02,0.0,"{""type"":""MultiPoint"",""coordinates"":[]}"
20140403,2014-04-03,0.0,"{""type"":""MultiPoint"",""coordinates"":[]}"
20140404,2014-04-04,0.0,"{""type"":""MultiPoint"",""coordinates"":[]}"
20140405,2014-04-05,0.0,"{""type"":""MultiPoint"",""coordinates"":[]}"
20140406,2014-04-06,0.0,"{""type"":""MultiPoint"",""coordinates"":[]}"
20140407,2014-04-07,0.0,"{""type"":""MultiPoint"",""coordinates"":[]}"
20140408,2014-04-08,0.0,"{""type"":""MultiPoint"",""coordinates"":[]}"
20140409,2014-04-09,0.33607712895473324,"{""type"":""MultiPoint"",""coordinates"":[]}"
20140410,2014-04-10,0.11873402828028082,"{""type"":""MultiPoint"",""coordinates"":[]}"
20140411,2014-04-11,0.0,"{""type"":""MultiPoint"",""coordinates"":[]}"
20140412,2014-04-12,0.01949186698393449,"{""type"":""MultiPoint"",""coordinates"":[]}"
20140413,2014-04-13,0.2900764257280819,"{""type"":""MultiPoint"",""coordinates"":[]}"
20140414,2014-04-14,0.0,"{""type"":""MultiPoint"",""coordinates"":[]}"
20140415,2014-04-15,0.0,"{""type"":""MultiPoint"",""coordinates"":[]}"
20140416,2014-04-16,0.0025542539975199137,"{""type"":""MultiPoint"",""coordinates"":[]}"
20140417,2014-04-17,0.14790120858108002,"{""type"":""MultiPoint"",""coordinates"":[]}"
20140418,2014-04-18,0.7858349683068686,"{""type"":""MultiPoint"",""coordinates"":[]}"
20140419,2014-04-19,0.014078084971493505,"{""type"":""MultiPoint"",""coordinates"":[]}"
20140420,2014-04-20,0.005668374927466398,"{""type"":""MultiPoint"",""coordinates"":[]}"
20140421,2014-04-21,0.0,"{""type"":""MultiPoint"",""coordinates"":[]}"
20140422,2014-04-22,0.017288948261273362,"{""type"":""MultiPoint"",""coordinates"":[]}"
20140423,2014-04-23,0.0,"{""type"":""MultiPoint"",""coordinates"":[]}"
20140424,2014-04-24,0.006529689942676,"{""type"":""MultiPoint"",""coordinates"":[]}"
20140425,2014-04-25,0.004860619239771777,"{""type"":""MultiPoint"",""coordinates"":[]}"
20140426,2014-04-26,0.4678642963467315,"{""type"":""MultiPoint"",""coordinates"":[]}"
20140427,2014-04-27,0.0,"{""type"":""MultiPoint"",""coordinates"":[]}"
20140428,2014-04-28,0.10498705229556861,"{""type"":""MultiPoint"",""coordinates"":[]}"
20140429,2014-04-29,0.9037697206046373,"{""type"":""MultiPoint"",""coordinates"":[]}"
20140430,2014-04-30,0.1887901590980471,"{""type"":""MultiPoint"",""coordinates"":[]}"
20140501,2014-05-01,0.1127607423729725,"{""type"":""MultiPoint"",""coordinates"":[]}"
20140502,2014-05-02,0.0,"{""type"":""MultiPoint"",""coordinates"":[]}"
20140503,2014-05-03,3.0754791399997773E-4,"{""type"":""MultiPoint"",""coordinates"":[]}"
20140504,2014-05-04,0.0,"{""type"":""MultiPoint"",""coordinates"":[]}"
20140505,2014-05-05,0.2826615111461527,"{""type"":""MultiPoint"",""coordinates"":[]}"
20140506,2014-05-06,0.22348321821945824,"{""type"":""MultiPoint"",""coordinates"":[]}"
20140507,2014-05-07,4.555433534617482,"{""type"":""MultiPoint"",""coordinates"":[]}"
20140508,2014-05-08,7.263687797534902,"{""type"":""MultiPoint"",""coordinates"":[]}"
20140509,2014-05-09,4.345118515186848,"{""type"":""MultiPoint"",""coordinates"":[]}"
20140510,2014-05-10,0.7147504984497006,"{""type"":""MultiPoint"",""coordinates"":[]}"
20140511,2014-05-11,0.0,"{""type"":""MultiPoint"",""coordinates"":[]}"
20140512,2014-05-12,0.0,"{""type"":""MultiPoint"",""coordinates"":[]}"
20140513,2014-05-13,0.02530311332106356,"{""type"":""MultiPoint"",""coordinates"":[]}"
20140514,2014-05-14,0.002447095412418466,"{""type"":""MultiPoint"",""coordinates"":[]}"
20140515,2014-05-15,0.0052660071629329315,"{""type"":""MultiPoint"",""coordinates"":[]}"
20140516,2014-05-16,0.0,"{""type"":""MultiPoint"",""coordinates"":[]}"
20140517,2014-05-17,0.6495459630258545,"{""type"":""MultiPoint"",""coordinates"":[]}"
20140518,2014-05-18,0.0,"{""type"":""MultiPoint"",""coordinates"":[]}"
20140519,2014-05-19,0.0,"{""type"":""MultiPoint"",""coordinates"":[]}"
20140520,2014-05-20,4.522540117969117,"{""type"":""MultiPoint"",""coordinates"":[]}"
20140521,2014-05-21,0.0,"{""type"":""MultiPoint"",""coordinates"":[]}"
20140522,2014-05-22,0.17003901118858766,"{""type"":""MultiPoint"",""coordinates"":[]}"
20140523,2014-05-23,0.15524349113585445,"{""type"":""MultiPoint"",""coordinates"":[]}"
20140524,2014-05-24,0.9523086427229088,"{""type"":""MultiPoint"",""coordinates"":[]}"
20140525,2014-05-25,0.9808015902594684,"{""type"":""MultiPoint"",""coordinates"":[]}"
20140526,2014-05-26,2.8897114871307514,"{""type"":""MultiPoint"",""coordinates"":[]}"
20140527,2014-05-27,11.16053978538506,"{""type"":""MultiPoint"",""coordinates"":[]}"
20140528,2014-05-28,0.10455445407435544,"{""type"":""MultiPoint"",""coordinates"":[]}"
20140529,2014-05-29,0.0,"{""type"":""MultiPoint"",""coordinates"":[]}"
20140530,2014-05-30,0.005674957548710732,"{""type"":""MultiPoint"",""coordinates"":[]}"
20140531,2014-05-31,1.2441942075451786,"{""type"":""MultiPoint"",""coordinates"":[]}"
20140601,2014-06-01,3.095723663805425,"{""type"":""MultiPoint"",""coordinates"":[]}"
20140602,2014-06-02,19.67928258021117,"{""type"":""MultiPoint"",""coordinates"":[]}"
20140603,2014-06-03,18.23429035530425,"{""type"":""MultiPoint"",""coordinates"":[]}"
20140604,2014-06-04,2.3325707692227593,"{""type"":""MultiPoint"",""coordinates"":[]}"
20140605,2014-06-05,3.889458698290456,"{""type"":""MultiPoint"",""coordinates"":[]}"
20140606,2014-06-06,2.406251173323774,"{""type"":""MultiPoint"",""coordinates"":[]}"
20140607,2014-06-07,0.0,"{""type"":""MultiPoint"",""coordinates"":[]}"
20140608,2014-06-08,1.2661521175144574,"{""type"":""MultiPoint"",""coordinates"":[]}"
20140609,2014-06-09,16.355915365954893,"{""type"":""MultiPoint"",""coordinates"":[]}"
20140610,2014-06-10,0.0,"{""type"":""MultiPoint"",""coordinates"":[]}"
20140611,2014-06-11,0.0,"{""type"":""MultiPoint"",""coordinates"":[]}"
20140612,2014-06-12,0.03819812606898875,"{""type"":""MultiPoint"",""coordinates"":[]}"
20140613,2014-06-13,0.0,"{""type"":""MultiPoint"",""coordinates"":[]}"
20140614,2014-06-14,1.4928218380311253,"{""type"":""MultiPoint"",""coordinates"":[]}"
20140615,2014-06-15,0.0,"{""type"":""MultiPoint"",""coordinates"":[]}"
20140616,2014-06-16,0.0,"{""type"":""MultiPoint"",""coordinates"":[]}"
20140617,2014-06-17,0.3344049709830252,"{""type"":""MultiPoint"",""coordinates"":[]}"
20140618,2014-06-18,0.02268981989384637,"{""type"":""MultiPoint"",""coordinates"":[]}"
20140619,2014-06-19,0.010354118033781539,"{""type"":""MultiPoint"",""coordinates"":[]}"
20140620,2014-06-20,1.3186314511000847,"{""type"":""MultiPoint"",""coordinates"":[]}"
20140621,2014-06-21,0.2663382876410504,"{""type"":""MultiPoint"",""coordinates"":[]}"
20140622,2014-06-22,0.0,"{""type"":""MultiPoint"",""coordinates"":[]}"
20140623,2014-06-23,0.061786901650707,"{""type"":""MultiPoint"",""coordinates"":[]}"
20140624,2014-06-24,0.0,"{""type"":""MultiPoint"",""coordinates"":[]}"
20140625,2014-06-25,0.0,"{""type"":""MultiPoint"",""coordinates"":[]}"
20140626,2014-06-26,0.32975983328168756,"{""type"":""MultiPoint"",""coordinates"":[]}"
20140627,2014-06-27,3.4080724606211272,"{""type"":""MultiPoint"",""coordinates"":[]}"
20140628,2014-06-28,3.7878607490216742,"{""type"":""MultiPoint"",""coordinates"":[]}"
20140629,2014-06-29,4.405483201641315,"{""type"":""MultiPoint"",""coordinates"":[]}"
20140630,2014-06-30,1.8068642472766951,"{""type"":""MultiPoint"",""coordinates"":[]}"
20140701,2014-07-01,1.222342413783778,"{""type"":""MultiPoint"",""coordinates"":[]}"
20140702,2014-07-02,2.113017509583595,"{""type"":""MultiPoint"",""coordinates"":[]}"
20140703,2014-07-03,0.0,"{""type"":""MultiPoint"",""coordinates"":[]}"
20140704,2014-07-04,0.004084503896936937,"{""type"":""MultiPoint"",""coordinates"":[]}"
20140705,2014-07-05,6.806743356070059,"{""type"":""MultiPoint"",""coordinates"":[]}"
20140706,2014-07-06,9.881567645501034,"{""type"":""MultiPoint"",""coordinates"":[]}"
20140707,2014-07-07,4.540910198920783,"{""type"":""MultiPoint"",""coordinates"":[]}"
20140708,2014-07-08,3.0267036916114334,"{""type"":""MultiPoint"",""coordinates"":[]}"
20140709,2014-07-09,3.674055659171169,"{""type"":""MultiPoint"",""coordinates"":[]}"
20140710,2014-07-10,0.3179302317804226,"{""type"":""MultiPoint"",""coordinates"":[]}"
20140711,2014-07-11,3.7874823965575017,"{""type"":""MultiPoint"",""coordinates"":[]}"
20140712,2014-07-12,4.1781963638782065,"{""type"":""MultiPoint"",""coordinates"":[]}"
20140713,2014-07-13,1.6855561121355163,"{""type"":""MultiPoint"",""coordinates"":[]}"
20140714,2014-07-14,1.9663057696719421,"{""type"":""MultiPoint"",""coordinates"":[]}"
20140715,2014-07-15,9.01761261132222,"{""type"":""MultiPoint"",""coordinates"":[]}"
20140716,2014-07-16,0.0,"{""type"":""MultiPoint"",""coordinates"":[]}"
20140717,2014-07-17,0.0,"{""type"":""MultiPoint"",""coordinates"":[]}"
20140718,2014-07-18,1.1202030646974537,"{""type"":""MultiPoint"",""coordinates"":[]}"
20140719,2014-07-19,0.1799580065344284,"{""type"":""MultiPoint"",""coordinates"":[]}"
20140720,2014-07-20,0.1781778917858747,"{""type"":""MultiPoint"",""coordinates"":[]}"
20140721,2014-07-21,0.3393146138672351,"{""type"":""MultiPoint"",""coordinates"":[]}"
20140722,2014-07-22,0.29981174186817466,"{""type"":""MultiPoint"",""coordinates"":[]}"
20140723,2014-07-23,0.0,"{""type"":""MultiPoint"",""coordinates"":[]}"
20140724,2014-07-24,0.008310645580494292,"{""type"":""MultiPoint"",""coordinates"":[]}"
20140725,2014-07-25,0.14796199880705224,"{""type"":""MultiPoint"",""coordinates"":[]}"
20140726,2014-07-26,0.07250557697228532,"{""type"":""MultiPoint"",""coordinates"":[]}"
20140727,2014-07-27,8.82081861566862,"{""type"":""MultiPoint"",""coordinates"":[]}"
20140728,2014-07-28,7.7272509371870255,"{""type"":""MultiPoint"",""coordinates"":[]}"
20140729,2014-07-29,0.08824874403651914,"{""type"":""MultiPoint"",""coordinates"":[]}"
20140730,2014-07-30,0.0,"{""type"":""MultiPoint"",""coordinates"":[]}"
20140731,2014-07-31,0.07807515636486369,"{""type"":""MultiPoint"",""coordinates"":[]}"
20140801,2014-08-01,2.190777501074113,"{""type"":""MultiPoint"",""coordinates"":[]}"
20140802,2014-08-02,0.3375255439117314,"{""type"":""MultiPoint"",""coordinates"":[]}"
20140803,2014-08-03,0.34421659069327903,"{""type"":""MultiPoint"",""coordinates"":[]}"
20140804,2014-08-04,1.5180105383425515,"{""type"":""MultiPoint"",""coordinates"":[]}"
20140805,2014-08-05,3.3727547418639885,"{""type"":""MultiPoint"",""coordinates"":[]}"
20140806,2014-08-06,0.010906597549456745,"{""type"":""MultiPoint"",""coordinates"":[]}"
20140807,2014-08-07,0.04808516644527449,"{""type"":""MultiPoint"",""coordinates"":[]}"
20140808,2014-08-08,2.913890626064373,"{""type"":""MultiPoint"",""coordinates"":[]}"
20140809,2014-08-09,0.34349799049762797,"{""type"":""MultiPoint"",""coordinates"":[]}"
20140810,2014-08-10,0.5272858787490701,"{""type"":""MultiPoint"",""coordinates"":[]}"
20140811,2014-08-11,2.999925889895036,"{""type"":""MultiPoint"",""coordinates"":[]}"
20140812,2014-08-12,1.004443731640151,"{""type"":""MultiPoint"",""coordinates"":[]}"
20140813,2014-08-13,0.0,"{""type"":""MultiPoint"",""coordinates"":[]}"
20140814,2014-08-14,0.2169776337899016,"{""type"":""MultiPoint"",""coordinates"":[]}"
20140815,2014-08-15,2.18417888136496,"{""type"":""MultiPoint"",""coordinates"":[]}"
20140816,2014-08-16,12.877172085014129,"{""type"":""MultiPoint"",""coordinates"":[]}"
20140817,2014-08-17,6.074389042522693,"{""type"":""MultiPoint"",""coordinates"":[]}"
20140818,2014-08-18,8.642128068967073,"{""type"":""MultiPoint"",""coordinates"":[]}"
20140819,2014-08-19,0.26702868711323746,"{""type"":""MultiPoint"",""coordinates"":[]}"
20140820,2014-08-20,0.0,"{""type"":""MultiPoint"",""coordinates"":[]}"
20140821,2014-08-21,0.031487493023023734,"{""type"":""MultiPoint"",""coordinates"":[]}"
20140822,2014-08-22,0.0,"{""type"":""MultiPoint"",""coordinates"":[]}"
20140823,2014-08-23,1.3133873990333584,"{""type"":""MultiPoint"",""coordinates"":[]}"
20140824,2014-08-24,18.728314800106315,"{""type"":""MultiPoint"",""coordinates"":[]}"
20140825,2014-08-25,15.261114007598005,"{""type"":""MultiPoint"",""coordinates"":[]}"
20140826,2014-08-26,10.134157144969496,"{""type"":""MultiPoint"",""coordinates"":[]}"
20140827,2014-08-27,7.40918900871174,"{""type"":""MultiPoint"",""coordinates"":[]}"
20140828,2014-08-28,10.127968056474353,"{""type"":""MultiPoint"",""coordinates"":[]}"
20140829,2014-08-29,0.2806626189209372,"{""type"":""MultiPoint"",""coordinates"":[]}"
20140830,2014-08-30,1.1886182497352065,"{""type"":""MultiPoint"",""coordinates"":[]}"
20140831,2014-08-31,1.474803192613576,"{""type"":""MultiPoint"",""coordinates"":[]}"
20140901,2014-09-01,7.731258957751602,"{""type"":""MultiPoint"",""coordinates"":[]}"
20140902,2014-09-02,0.71039124051268,"{""type"":""MultiPoint"",""coordinates"":[]}"
20140903,2014-09-03,7.015526930652551,"{""type"":""MultiPoint"",""coordinates"":[]}"
20140904,2014-09-04,3.191520688879668,"{""type"":""MultiPoint"",""coordinates"":[]}"
20140905,2014-09-05,1.7231998839792468,"{""type"":""MultiPoint"",""coordinates"":[]}"
20140906,2014-09-06,11.170070263494027,"{""type"":""MultiPoint"",""coordinates"":[]}"
20140907,2014-09-07,1.1382578462589,"{""type"":""MultiPoint"",""coordinates"":[]}"
20140908,2014-09-08,4.118308545208468E-4,"{""type"":""MultiPoint"",""coordinates"":[]}"
20140909,2014-09-09,0.0,"{""type"":""MultiPoint"",""coordinates"":[]}"
20140910,2014-09-10,0.0,"{""type"":""MultiPoint"",""coordinates"":[]}"
20140911,2014-09-11,0.032347578594904364,"{""type"":""MultiPoint"",""coordinates"":[]}"
20140912,2014-09-12,0.963981761454376,"{""type"":""MultiPoint"",""coordinates"":[]}"
20140913,2014-09-13,3.687975970232273,"{""type"":""MultiPoint"",""coordinates"":[]}"
20140914,2014-09-14,4.992824293367789,"{""type"":""MultiPoint"",""coordinates"":[]}"
20140915,2014-09-15,13.847295716197658,"{""type"":""MultiPoint"",""coordinates"":[]}"
20140916,2014-09-16,8.46820056746769,"{""type"":""MultiPoint"",""coordinates"":[]}"
20140917,2014-09-17,2.4485915364153747,"{""type"":""MultiPoint"",""coordinates"":[]}"
20140918,2014-09-18,16.988950807411076,"{""type"":""MultiPoint"",""coordinates"":[]}"
20140919,2014-09-19,0.7140746712440662,"{""type"":""MultiPoint"",""coordinates"":[]}"
20140920,2014-09-20,7.475291062441692,"{""type"":""MultiPoint"",""coordinates"":[]}"
20140921,2014-09-21,0.0,"{""type"":""MultiPoint"",""coordinates"":[]}"
20140922,2014-09-22,1.67730283333205,"{""type"":""MultiPoint"",""coordinates"":[]}"
20140923,2014-09-23,1.9063138532478359,"{""type"":""MultiPoint"",""coordinates"":[]}"
20140924,2014-09-24,4.895069275531328,"{""type"":""MultiPoint"",""coordinates"":[]}"
20140925,2014-09-25,1.2120854562280006,"{""type"":""MultiPoint"",""coordinates"":[]}"
20140926,2014-09-26,0.0,"{""type"":""MultiPoint"",""coordinates"":[]}"
20140927,2014-09-27,0.3251532563409388,"{""type"":""MultiPoint"",""coordinates"":[]}"
20140928,2014-09-28,2.2355330691326727,"{""type"":""MultiPoint"",""coordinates"":[]}"
20140929,2014-09-29,0.0,"{""type"":""MultiPoint"",""coordinates"":[]}"
20140930,2014-09-30,1.9260119484995222,"{""type"":""MultiPoint"",""coordinates"":[]}"
20141001,2014-10-01,0.0,"{""type"":""MultiPoint"",""coordinates"":[]}"
20141002,2014-10-02,0.0,"{""type"":""MultiPoint"",""coordinates"":[]}"
20141003,2014-10-03,0.025016263271752635,"{""type"":""MultiPoint"",""coordinates"":[]}"
20141004,2014-10-04,0.0,"{""type"":""MultiPoint"",""coordinates"":[]}"
20141005,2014-10-05,4.621020102428185,"{""type"":""MultiPoint"",""coordinates"":[]}"
20141006,2014-10-06,10.65982632935128,"{""type"":""MultiPoint"",""coordinates"":[]}"
20141007,2014-10-07,15.85320518476492,"{""type"":""MultiPoint"",""coordinates"":[]}"
20141008,2014-10-08,2.3252231099317684,"{""type"":""MultiPoint"",""coordinates"":[]}"
20141009,2014-10-09,2.3656176392450328,"{""type"":""MultiPoint"",""coordinates"":[]}"
20141010,2014-10-10,20.47915942641019,"{""type"":""MultiPoint"",""coordinates"":[]}"
20141011,2014-10-11,23.90865397968315,"{""type"":""MultiPoint"",""coordinates"":[]}"
20141012,2014-10-12,27.920852535943954,"{""type"":""MultiPoint"",""coordinates"":[]}"
20141013,2014-10-13,0.015358168525429185,"{""type"":""MultiPoint"",""coordinates"":[]}"
20141014,2014-10-14,0.0,"{""type"":""MultiPoint"",""coordinates"":[]}"
20141015,2014-10-15,0.3445333642131387,"{""type"":""MultiPoint"",""coordinates"":[]}"
20141016,2014-10-16,1.441697099103234,"{""type"":""MultiPoint"",""coordinates"":[]}"
20141017,2014-10-17,1.4226928190719714,"{""type"":""MultiPoint"",""coordinates"":[]}"
20141018,2014-10-18,0.34095913052591126,"{""type"":""MultiPoint"",""coordinates"":[]}"
20141019,2014-10-19,0.42101094972886155,"{""type"":""MultiPoint"",""coordinates"":[]}"
20141020,2014-10-20,6.220962523765933,"{""type"":""MultiPoint"",""coordinates"":[]}"
20141021,2014-10-21,0.0,"{""type"":""MultiPoint"",""coordinates"":[]}"
20141022,2014-10-22,0.0,"{""type"":""MultiPoint"",""coordinates"":[]}"
20141023,2014-10-23,0.03997341354422558,"{""type"":""MultiPoint"",""coordinates"":[]}"
20141024,2014-10-24,0.0011727940950144369,"{""type"":""MultiPoint"",""coordinates"":[]}"
20141025,2014-10-25,32.1475550766115,"{""type"":""MultiPoint"",""coordinates"":[]}"
20141026,2014-10-26,6.181062098150066,"{""type"":""MultiPoint"",""coordinates"":[]}"
20141027,2014-10-27,4.648524092132809,"{""type"":""MultiPoint"",""coordinates"":[]}"
20141028,2014-10-28,0.0,"{""type"":""MultiPoint"",""coordinates"":[]}"
20141029,2014-10-29,0.0,"{""type"":""MultiPoint"",""coordinates"":[]}"
20141030,2014-10-30,0.0,"{""type"":""MultiPoint"",""coordinates"":[]}"
20141031,2014-10-31,22.57166379519899,"{""type"":""MultiPoint"",""coordinates"":[]}"
20141101,2014-11-01,2.729871494164174,"{""type"":""MultiPoint"",""coordinates"":[]}"
20141102,2014-11-02,1.249470933105015,"{""type"":""MultiPoint"",""coordinates"":[]}"
20141103,2014-11-03,0.202544617067365,"{""type"":""MultiPoint"",""coordinates"":[]}"
20141104,2014-11-04,0.8206471594207543,"{""type"":""MultiPoint"",""coordinates"":[]}"
20141105,2014-11-05,5.924010473902901,"{""type"":""MultiPoint"",""coordinates"":[]}"
20141106,2014-11-06,3.610282837637981,"{""type"":""MultiPoint"",""coordinates"":[]}"
20141107,2014-11-07,0.30618690305194946,"{""type"":""MultiPoint"",""coordinates"":[]}"
20141108,2014-11-08,1.9632193581148454,"{""type"":""MultiPoint"",""coordinates"":[]}"
20141109,2014-11-09,11.71060798818984,"{""type"":""MultiPoint"",""coordinates"":[]}"
20141110,2014-11-10,0.0,"{""type"":""MultiPoint"",""coordinates"":[]}"
20141111,2014-11-11,0.0,"{""type"":""MultiPoint"",""coordinates"":[]}"
20141112,2014-11-12,16.937020051349066,"{""type"":""MultiPoint"",""coordinates"":[]}"
20141113,2014-11-13,4.906146971813091,"{""type"":""MultiPoint"",""coordinates"":[]}"
20141114,2014-11-14,1.1519835186689595,"{""type"":""MultiPoint"",""coordinates"":[]}"
20141115,2014-11-15,0.0,"{""type"":""MultiPoint"",""coordinates"":[]}"
20141116,2014-11-16,0.0,"{""type"":""MultiPoint"",""coordinates"":[]}"
20141117,2014-11-17,0.0,"{""type"":""MultiPoint"",""coordinates"":[]}"
20141118,2014-11-18,0.0,"{""type"":""MultiPoint"",""coordinates"":[]}"
20141119,2014-11-19,0.0,"{""type"":""MultiPoint"",""coordinates"":[]}"
20141120,2014-11-20,0.839868164184025,"{""type"":""MultiPoint"",""coordinates"":[]}"
20141121,2014-11-21,0.0,"{""type"":""MultiPoint"",""coordinates"":[]}"
20141122,2014-11-22,0.0,"{""type"":""MultiPoint"",""coordinates"":[]}"
20141123,2014-11-23,0.0,"{""type"":""MultiPoint"",""coordinates"":[]}"
20141124,2014-11-24,6.586249640546132E-4,"{""type"":""MultiPoint"",""coordinates"":[]}"
20141125,2014-11-25,0.5208412588390691,"{""type"":""MultiPoint"",""coordinates"":[]}"
20141126,2014-11-26,0.17214691789103195,"{""type"":""MultiPoint"",""coordinates"":[]}"
20141127,2014-11-27,0.09724314655351536,"{""type"":""MultiPoint"",""coordinates"":[]}"
20141128,2014-11-28,3.534837746904659,"{""type"":""MultiPoint"",""coordinates"":[]}"
20141129,2014-11-29,1.5278679903526586,"{""type"":""MultiPoint"",""coordinates"":[]}"
20141130,2014-11-30,3.4351783545831,"{""type"":""MultiPoint"",""coordinates"":[]}"
20141201,2014-12-01,0.009246649242954541,"{""type"":""MultiPoint"",""coordinates"":[]}"
20141202,2014-12-02,0.1831131557987966,"{""type"":""MultiPoint"",""coordinates"":[]}"
20141203,2014-12-03,0.3422840190696989,"{""type"":""MultiPoint"",""coordinates"":[]}"
20141204,2014-12-04,0.11299813109972112,"{""type"":""MultiPoint"",""coordinates"":[]}"
20141205,2014-12-05,0.0,"{""type"":""MultiPoint"",""coordinates"":[]}"
20141206,2014-12-06,0.0,"{""type"":""MultiPoint"",""coordinates"":[]}"
20141207,2014-12-07,0.0,"{""type"":""MultiPoint"",""coordinates"":[]}"
20141208,2014-12-08,0.0,"{""type"":""MultiPoint"",""coordinates"":[]}"
20141209,2014-12-09,0.026858176718109136,"{""type"":""MultiPoint"",""coordinates"":[]}"
20141210,2014-12-10,1.832035333671943,"{""type"":""MultiPoint"",""coordinates"":[]}"
20141211,2014-12-11,3.1213517800405617,"{""type"":""MultiPoint"",""coordinates"":[]}"
20141212,2014-12-12,0.007135545263309924,"{""type"":""MultiPoint"",""coordinates"":[]}"
20141213,2014-12-13,0.5584738833059947,"{""type"":""MultiPoint"",""coordinates"":[]}"
20141214,2014-12-14,0.0,"{""type"":""MultiPoint"",""coordinates"":[]}"
20141215,2014-12-15,0.0,"{""type"":""MultiPoint"",""coordinates"":[]}"
20141216,2014-12-16,0.007244038529371569,"{""type"":""MultiPoint"",""coordinates"":[]}"
20141217,2014-12-17,0.010011382382289,"{""type"":""MultiPoint"",""coordinates"":[]}"
20141218,2014-12-18,0.9190959907937853,"{""type"":""MultiPoint"",""coordinates"":[]}"
20141219,2014-12-19,0.06838392017292473,"{""type"":""MultiPoint"",""coordinates"":[]}"
20141220,2014-12-20,4.740317486403842,"{""type"":""MultiPoint"",""coordinates"":[]}"
20141221,2014-12-21,0.8420239705332745,"{""type"":""MultiPoint"",""coordinates"":[]}"
20141222,2014-12-22,0.0,"{""type"":""MultiPoint"",""coordinates"":[]}"
20141223,2014-12-23,1.631318675847055,"{""type"":""MultiPoint"",""coordinates"":[]}"
20141224,2014-12-24,0.05930584657374979,"{""type"":""MultiPoint"",""coordinates"":[]}"
20141225,2014-12-25,0.008501769995355202,"{""type"":""MultiPoint"",""coordinates"":[]}"
20141226,2014-12-26,0.27142000541119166,"{""type"":""MultiPoint"",""coordinates"":[]}"
20141227,2014-12-27,6.7376821427500495,"{""type"":""MultiPoint"",""coordinates"":[]}"
20141228,2014-12-28,1.36353086692217,"{""type"":""MultiPoint"",""coordinates"":[]}"
20141229,2014-12-29,3.1048552296293037,"{""type"":""MultiPoint"",""coordinates"":[]}"
20141230,2014-12-30,0.0,"{""type"":""MultiPoint"",""coordinates"":[]}"
20141231,2014-12-31,0.0,"{""type"":""MultiPoint"",""coordinates"":[]}"
20150101,2015-01-01,0.02204143444295049,"{""type"":""MultiPoint"",""coordinates"":[]}"
20150102,2015-01-02,0.5471865134160575,"{""type"":""MultiPoint"",""coordinates"":[]}"
20150103,2015-01-03,0.0,"{""type"":""MultiPoint"",""coordinates"":[]}"
20150104,2015-01-04,0.0,"{""type"":""MultiPoint"",""coordinates"":[]}"
20150105,2015-01-05,0.0,"{""type"":""MultiPoint"",""coordinates"":[]}"
20150106,2015-01-06,0.0,"{""type"":""MultiPoint"",""coordinates"":[]}"
20150107,2015-01-07,0.0,"{""type"":""MultiPoint"",""coordinates"":[]}"
20150108,2015-01-08,0.7836668084624029,"{""type"":""MultiPoint"",""coordinates"":[]}"
20150109,2015-01-09,0.16876125537129763,"{""type"":""MultiPoint"",""coordinates"":[]}"
20150110,2015-01-10,0.0,"{""type"":""MultiPoint"",""coordinates"":[]}"
20150111,2015-01-11,0.004990844435271469,"{""type"":""MultiPoint"",""coordinates"":[]}"
20150112,2015-01-12,0.06304912322984496,"{""type"":""MultiPoint"",""coordinates"":[]}"
20150113,2015-01-13,0.0,"{""type"":""MultiPoint"",""coordinates"":[]}"
20150114,2015-01-14,0.0,"{""type"":""MultiPoint"",""coordinates"":[]}"
20150115,2015-01-15,0.9846534270229739,"{""type"":""MultiPoint"",""coordinates"":[]}"
20150116,2015-01-16,0.24376850900039831,"{""type"":""MultiPoint"",""coordinates"":[]}"
20150117,2015-01-17,0.0,"{""type"":""MultiPoint"",""coordinates"":[]}"
20150118,2015-01-18,0.0,"{""type"":""MultiPoint"",""coordinates"":[]}"
20150119,2015-01-19,0.017580593360060962,"{""type"":""MultiPoint"",""coordinates"":[]}"
20150120,2015-01-20,0.0,"{""type"":""MultiPoint"",""coordinates"":[]}"
20150121,2015-01-21,0.0,"{""type"":""MultiPoint"",""coordinates"":[]}"
20150122,2015-01-22,0.0,"{""type"":""MultiPoint"",""coordinates"":[]}"
20150123,2015-01-23,0.04384218332237842,"{""type"":""MultiPoint"",""coordinates"":[]}"
20150124,2015-01-24,0.0,"{""type"":""MultiPoint"",""coordinates"":[]}"
20150125,2015-01-25,0.0,"{""type"":""MultiPoint"",""coordinates"":[]}"
20150126,2015-01-26,0.0,"{""type"":""MultiPoint"",""coordinates"":[]}"
20150127,2015-01-27,0.0,"{""type"":""MultiPoint"",""coordinates"":[]}"
20150128,2015-01-28,0.0,"{""type"":""MultiPoint"",""coordinates"":[]}"
20150129,2015-01-29,0.06511142758847703,"{""type"":""MultiPoint"",""coordinates"":[]}"
20150130,2015-01-30,0.0,"{""type"":""MultiPoint"",""coordinates"":[]}"
20150131,2015-01-31,0.0,"{""type"":""MultiPoint"",""coordinates"":[]}"
20150201,2015-02-01,0.0,"{""type"":""MultiPoint"",""coordinates"":[]}"
20150202,2015-02-02,0.0,"{""type"":""MultiPoint"",""coordinates"":[]}"
20150203,2015-02-03,0.0,"{""type"":""MultiPoint"",""coordinates"":[]}"
20150204,2015-02-04,0.0,"{""type"":""MultiPoint"",""coordinates"":[]}"
20150205,2015-02-05,0.0,"{""type"":""MultiPoint"",""coordinates"":[]}"
20150206,2015-02-06,0.0,"{""type"":""MultiPoint"",""coordinates"":[]}"
20150207,2015-02-07,0.0,"{""type"":""MultiPoint"",""coordinates"":[]}"
20150208,2015-02-08,0.0,"{""type"":""MultiPoint"",""coordinates"":[]}"
20150209,2015-02-09,0.0,"{""type"":""MultiPoint"",""coordinates"":[]}"
20150210,2015-02-10,0.0,"{""type"":""MultiPoint"",""coordinates"":[]}"
20150211,2015-02-11,0.0,"{""type"":""MultiPoint"",""coordinates"":[]}"
20150212,2015-02-12,0.0,"{""type"":""MultiPoint"",""coordinates"":[]}"
20150213,2015-02-13,0.0,"{""type"":""MultiPoint"",""coordinates"":[]}"
20150214,2015-02-14,0.0,"{""type"":""MultiPoint"",""coordinates"":[]}"
20150215,2015-02-15,0.0,"{""type"":""MultiPoint"",""coordinates"":[]}"
20150216,2015-02-16,0.0,"{""type"":""MultiPoint"",""coordinates"":[]}"
20150217,2015-02-17,0.0,"{""type"":""MultiPoint"",""coordinates"":[]}"
20150218,2015-02-18,0.0,"{""type"":""MultiPoint"",""coordinates"":[]}"
20150219,2015-02-19,0.0,"{""type"":""MultiPoint"",""coordinates"":[]}"
20150220,2015-02-20,0.0,"{""type"":""MultiPoint"",""coordinates"":[]}"
20150221,2015-02-21,0.0,"{""type"":""MultiPoint"",""coordinates"":[]}"
20150222,2015-02-22,0.0,"{""type"":""MultiPoint"",""coordinates"":[]}"
20150223,2015-02-23,0.0,"{""type"":""MultiPoint"",""coordinates"":[]}"
20150224,2015-02-24,0.0,"{""type"":""MultiPoint"",""coordinates"":[]}"
20150225,2015-02-25,0.0,"{""type"":""MultiPoint"",""coordinates"":[]}"
20150226,2015-02-26,0.0,"{""type"":""MultiPoint"",""coordinates"":[]}"
20150227,2015-02-27,0.0,"{""type"":""MultiPoint"",""coordinates"":[]}"
20150228,2015-02-28,0.0,"{""type"":""MultiPoint"",""coordinates"":[]}"
20150301,2015-03-01,0.06316820050398025,"{""type"":""MultiPoint"",""coordinates"":[]}"
20150302,2015-03-02,0.7460129648459695,"{""type"":""MultiPoint"",""coordinates"":[]}"
20150303,2015-03-03,0.5023569902213896,"{""type"":""MultiPoint"",""coordinates"":[]}"
20150304,2015-03-04,0.1952438555388864,"{""type"":""MultiPoint"",""coordinates"":[]}"
20150305,2015-03-05,0.0,"{""type"":""MultiPoint"",""coordinates"":[]}"
20150306,2015-03-06,0.028024682880078578,"{""type"":""MultiPoint"",""coordinates"":[]}"
20150307,2015-03-07,0.005476251414288296,"{""type"":""MultiPoint"",""coordinates"":[]}"
20150308,2015-03-08,0.0,"{""type"":""MultiPoint"",""coordinates"":[]}"
20150309,2015-03-09,0.0,"{""type"":""MultiPoint"",""coordinates"":[]}"
20150310,2015-03-10,0.0,"{""type"":""MultiPoint"",""coordinates"":[]}"
20150311,2015-03-11,0.0,"{""type"":""MultiPoint"",""coordinates"":[]}"
20150312,2015-03-12,0.0,"{""type"":""MultiPoint"",""coordinates"":[]}"
20150313,2015-03-13,0.0,"{""type"":""MultiPoint"",""coordinates"":[]}"
20150314,2015-03-14,0.0,"{""type"":""MultiPoint"",""coordinates"":[]}"
20150315,2015-03-15,0.0027738391245986233,"{""type"":""MultiPoint"",""coordinates"":[]}"
20150316,2015-03-16,0.1307401440670837,"{""type"":""MultiPoint"",""coordinates"":[]}"
20150317,2015-03-17,0.00642762070167625,"{""type"":""MultiPoint"",""coordinates"":[]}"
20150318,2015-03-18,0.0,"{""type"":""MultiPoint"",""coordinates"":[]}"
20150319,2015-03-19,0.011256579321929194,"{""type"":""MultiPoint"",""coordinates"":[]}"
20150320,2015-03-20,0.0,"{""type"":""MultiPoint"",""coordinates"":[]}"
20150321,2015-03-21,0.0,"{""type"":""MultiPoint"",""coordinates"":[]}"
20150322,2015-03-22,0.0,"{""type"":""MultiPoint"",""coordinates"":[]}"
20150323,2015-03-23,0.0,"{""type"":""MultiPoint"",""coordinates"":[]}"
20150324,2015-03-24,0.0,"{""type"":""MultiPoint"",""coordinates"":[]}"
20150325,2015-03-25,0.0,"{""type"":""MultiPoint"",""coordinates"":[]}"
20150326,2015-03-26,0.0,"{""type"":""MultiPoint"",""coordinates"":[]}"
20150327,2015-03-27,0.0,"{""type"":""MultiPoint"",""coordinates"":[]}"
20150328,2015-03-28,0.0,"{""type"":""MultiPoint"",""coordinates"":[]}"
20150329,2015-03-29,0.0,"{""type"":""MultiPoint"",""coordinates"":[]}"
20150330,2015-03-30,0.0018948018028408645,"{""type"":""MultiPoint"",""coordinates"":[]}"
20150331,2015-03-31,0.1396364694498412,"{""type"":""MultiPoint"",""coordinates"":[]}"
20150401,2015-04-01,0.0,"{""type"":""MultiPoint"",""coordinates"":[]}"
20150402,2015-04-02,0.0,"{""type"":""MultiPoint"",""coordinates"":[]}"
20150403,2015-04-03,0.016559936213402206,"{""type"":""MultiPoint"",""coordinates"":[]}"
20150404,2015-04-04,0.0,"{""type"":""MultiPoint"",""coordinates"":[]}"
20150405,2015-04-05,0.0,"{""type"":""MultiPoint"",""coordinates"":[]}"
20150406,2015-04-06,0.21896316167971946,"{""type"":""MultiPoint"",""coordinates"":[]}"
20150407,2015-04-07,0.0,"{""type"":""MultiPoint"",""coordinates"":[]}"
20150408,2015-04-08,0.25358052633764044,"{""type"":""MultiPoint"",""coordinates"":[]}"
20150409,2015-04-09,4.566937596401055E-5,"{""type"":""MultiPoint"",""coordinates"":[]}"
20150410,2015-04-10,0.0,"{""type"":""MultiPoint"",""coordinates"":[]}"
20150411,2015-04-11,0.48212826683764604,"{""type"":""MultiPoint"",""coordinates"":[]}"
20150412,2015-04-12,6.447444233699356,"{""type"":""MultiPoint"",""coordinates"":[]}"
20150413,2015-04-13,3.8167894385461896,"{""type"":""MultiPoint"",""coordinates"":[]}"
20150414,2015-04-14,0.0,"{""type"":""MultiPoint"",""coordinates"":[]}"
20150415,2015-04-15,0.0,"{""type"":""MultiPoint"",""coordinates"":[]}"
20150416,2015-04-16,0.0,"{""type"":""MultiPoint"",""coordinates"":[]}"
20150417,2015-04-17,0.9024084593207834,"{""type"":""MultiPoint"",""coordinates"":[]}"
20150418,2015-04-18,0.0,"{""type"":""MultiPoint"",""coordinates"":[]}"
20150419,2015-04-19,0.0,"{""type"":""MultiPoint"",""coordinates"":[]}"
20150420,2015-04-20,0.0,"{""type"":""MultiPoint"",""coordinates"":[]}"
20150421,2015-04-21,0.036246032043143576,"{""type"":""MultiPoint"",""coordinates"":[]}"
20150422,2015-04-22,0.37770754716596766,"{""type"":""MultiPoint"",""coordinates"":[]}"
20150423,2015-04-23,3.1535111850452475,"{""type"":""MultiPoint"",""coordinates"":[]}"
20150424,2015-04-24,7.993632564023781,"{""type"":""MultiPoint"",""coordinates"":[]}"
20150425,2015-04-25,0.62250675232055,"{""type"":""MultiPoint"",""coordinates"":[]}"
20150426,2015-04-26,0.0,"{""type"":""MultiPoint"",""coordinates"":[]}"
20150427,2015-04-27,0.0,"{""type"":""MultiPoint"",""coordinates"":[]}"
20150428,2015-04-28,0.0,"{""type"":""MultiPoint"",""coordinates"":[]}"
20150429,2015-04-29,10.58065689191646,"{""type"":""MultiPoint"",""coordinates"":[]}"
20150430,2015-04-30,0.0,"{""type"":""MultiPoint"",""coordinates"":[]}"
20150501,2015-05-01,0.2930367726444089,"{""type"":""MultiPoint"",""coordinates"":[]}"
20150502,2015-05-02,8.920873172624647,"{""type"":""MultiPoint"",""coordinates"":[]}"
20150503,2015-05-03,0.6626086623060033,"{""type"":""MultiPoint"",""coordinates"":[]}"
20150504,2015-05-04,0.2012067612034017,"{""type"":""MultiPoint"",""coordinates"":[]}"
20150505,2015-05-05,0.0,"{""type"":""MultiPoint"",""coordinates"":[]}"
20150506,2015-05-06,0.0,"{""type"":""MultiPoint"",""coordinates"":[]}"
20150507,2015-05-07,0.21640769988177588,"{""type"":""MultiPoint"",""coordinates"":[]}"
20150508,2015-05-08,0.0,"{""type"":""MultiPoint"",""coordinates"":[]}"
20150509,2015-05-09,0.05626301604329599,"{""type"":""MultiPoint"",""coordinates"":[]}"
20150510,2015-05-10,2.1269238191124704,"{""type"":""MultiPoint"",""coordinates"":[]}"
20150511,2015-05-11,0.0932536956191123,"{""type"":""MultiPoint"",""coordinates"":[]}"
20150512,2015-05-12,0.13455567729746085,"{""type"":""MultiPoint"",""coordinates"":[]}"
20150513,2015-05-13,0.2820717253104809,"{""type"":""MultiPoint"",""coordinates"":[]}"
20150514,2015-05-14,5.114425698523311,"{""type"":""MultiPoint"",""coordinates"":[]}"
20150515,2015-05-15,5.623498024428432,"{""type"":""MultiPoint"",""coordinates"":[]}"
20150516,2015-05-16,6.738417110587839,"{""type"":""MultiPoint"",""coordinates"":[]}"
20150517,2015-05-17,4.189225615791111,"{""type"":""MultiPoint"",""coordinates"":[]}"
20150518,2015-05-18,0.0,"{""type"":""MultiPoint"",""coordinates"":[]}"
20150519,2015-05-19,4.414518466717388,"{""type"":""MultiPoint"",""coordinates"":[]}"
20150520,2015-05-20,0.05744188551544274,"{""type"":""MultiPoint"",""coordinates"":[]}"
20150521,2015-05-21,0.0,"{""type"":""MultiPoint"",""coordinates"":[]}"
20150522,2015-05-22,0.0,"{""type"":""MultiPoint"",""coordinates"":[]}"
20150523,2015-05-23,0.0,"{""type"":""MultiPoint"",""coordinates"":[]}"
20150524,2015-05-24,0.0,"{""type"":""MultiPoint"",""coordinates"":[]}"
20150525,2015-05-25,0.0,"{""type"":""MultiPoint"",""coordinates"":[]}"
20150526,2015-05-26,0.7098888084879894,"{""type"":""MultiPoint"",""coordinates"":[]}"
20150527,2015-05-27,9.379207510060136,"{""type"":""MultiPoint"",""coordinates"":[]}"
20150528,2015-05-28,0.0,"{""type"":""MultiPoint"",""coordinates"":[]}"
20150529,2015-05-29,4.783590367103946,"{""type"":""MultiPoint"",""coordinates"":[]}"
20150530,2015-05-30,0.0,"{""type"":""MultiPoint"",""coordinates"":[]}"
20150531,2015-05-31,13.27030278589338,"{""type"":""MultiPoint"",""coordinates"":[]}"
20150601,2015-06-01,3.4195359374499392,"{""type"":""MultiPoint"",""coordinates"":[]}"
20150602,2015-06-02,7.129174713295401,"{""type"":""MultiPoint"",""coordinates"":[]}"
20150603,2015-06-03,0.15043626119948983,"{""type"":""MultiPoint"",""coordinates"":[]}"
20150604,2015-06-04,0.2909994631369299,"{""type"":""MultiPoint"",""coordinates"":[]}"
20150605,2015-06-05,3.1646334922152133,"{""type"":""MultiPoint"",""coordinates"":[]}"
20150606,2015-06-06,3.7515264037079192,"{""type"":""MultiPoint"",""coordinates"":[]}"
20150607,2015-06-07,1.5859858330333585,"{""type"":""MultiPoint"",""coordinates"":[]}"
20150608,2015-06-08,3.7283409722050114,"{""type"":""MultiPoint"",""coordinates"":[]}"
20150609,2015-06-09,3.3165008768674626,"{""type"":""MultiPoint"",""coordinates"":[]}"
20150610,2015-06-10,0.0,"{""type"":""MultiPoint"",""coordinates"":[]}"
20150611,2015-06-11,0.043619300945617986,"{""type"":""MultiPoint"",""coordinates"":[]}"
20150612,2015-06-12,8.622924896165216,"{""type"":""MultiPoint"",""coordinates"":[]}"
20150613,2015-06-13,0.11183069053798976,"{""type"":""MultiPoint"",""coordinates"":[]}"
20150614,2015-06-14,9.016824267421233,"{""type"":""MultiPoint"",""coordinates"":[]}"
20150615,2015-06-15,4.354886525422166,"{""type"":""MultiPoint"",""coordinates"":[]}"
20150616,2015-06-16,1.0109207881004714,"{""type"":""MultiPoint"",""coordinates"":[]}"
20150617,2015-06-17,6.03672015055886,"{""type"":""MultiPoint"",""coordinates"":[]}"
20150618,2015-06-18,9.058223846736935,"{""type"":""MultiPoint"",""coordinates"":[]}"
20150619,2015-06-19,4.571771276480498,"{""type"":""MultiPoint"",""coordinates"":[]}"
20150620,2015-06-20,5.47086905554721,"{""type"":""MultiPoint"",""coordinates"":[]}"
20150621,2015-06-21,4.1850389111353685,"{""type"":""MultiPoint"",""coordinates"":[]}"
20150622,2015-06-22,0.3113362222388615,"{""type"":""MultiPoint"",""coordinates"":[]}"
20150623,2015-06-23,1.3913203491089121,"{""type"":""MultiPoint"",""coordinates"":[]}"
20150624,2015-06-24,0.0,"{""type"":""MultiPoint"",""coordinates"":[]}"
20150625,2015-06-25,0.09988477116372775,"{""type"":""MultiPoint"",""coordinates"":[]}"
20150626,2015-06-26,0.0,"{""type"":""MultiPoint"",""coordinates"":[]}"
20150627,2015-06-27,0.0,"{""type"":""MultiPoint"",""coordinates"":[]}"
20150628,2015-06-28,0.10683751266453864,"{""type"":""MultiPoint"",""coordinates"":[]}"
20150629,2015-06-29,0.25942674566890467,"{""type"":""MultiPoint"",""coordinates"":[]}"
20150630,2015-06-30,0.0,"{""type"":""MultiPoint"",""coordinates"":[]}"
20150701,2015-07-01,0.00795725342775996,"{""type"":""MultiPoint"",""coordinates"":[]}"
20150702,2015-07-02,0.0,"{""type"":""MultiPoint"",""coordinates"":[]}"
20150703,2015-07-03,0.19308184050508334,"{""type"":""MultiPoint"",""coordinates"":[]}"
20150704,2015-07-04,0.0,"{""type"":""MultiPoint"",""coordinates"":[]}"
20150705,2015-07-05,0.0,"{""type"":""MultiPoint"",""coordinates"":[]}"
20150706,2015-07-06,0.0,"{""type"":""MultiPoint"",""coordinates"":[]}"
20150707,2015-07-07,0.24818572693866864,"{""type"":""MultiPoint"",""coordinates"":[]}"
20150708,2015-07-08,0.05009682650142054,"{""type"":""MultiPoint"",""coordinates"":[]}"
20150709,2015-07-09,0.06247530170779029,"{""type"":""MultiPoint"",""coordinates"":[]}"
20150710,2015-07-10,2.8918543801563796,"{""type"":""MultiPoint"",""coordinates"":[]}"
20150711,2015-07-11,0.6957553196078576,"{""type"":""MultiPoint"",""coordinates"":[]}"
20150712,2015-07-12,0.0,"{""type"":""MultiPoint"",""coordinates"":[]}"
20150713,2015-07-13,0.014247739562225257,"{""type"":""MultiPoint"",""coordinates"":[]}"
20150714,2015-07-14,6.458434491747294,"{""type"":""MultiPoint"",""coordinates"":[]}"
20150715,2015-07-15,6.260425325124409,"{""type"":""MultiPoint"",""coordinates"":[]}"
20150716,2015-07-16,3.7315822353021315,"{""type"":""MultiPoint"",""coordinates"":[]}"
20150717,2015-07-17,0.0145954840127191,"{""type"":""MultiPoint"",""coordinates"":[]}"
20150718,2015-07-18,0.0021013137792194056,"{""type"":""MultiPoint"",""coordinates"":[]}"
20150719,2015-07-19,4.210219711988467,"{""type"":""MultiPoint"",""coordinates"":[]}"
20150720,2015-07-20,0.22314158603897125,"{""type"":""MultiPoint"",""coordinates"":[]}"
20150721,2015-07-21,1.5530692069775467,"{""type"":""MultiPoint"",""coordinates"":[]}"
20150722,2015-07-22,5.176055639390483,"{""type"":""MultiPoint"",""coordinates"":[]}"
20150723,2015-07-23,0.7386734549150499,"{""type"":""MultiPoint"",""coordinates"":[]}"
20150724,2015-07-24,0.3782774569219791,"{""type"":""MultiPoint"",""coordinates"":[]}"
20150725,2015-07-25,2.6667158996745397,"{""type"":""MultiPoint"",""coordinates"":[]}"
20150726,2015-07-26,4.170122790159848,"{""type"":""MultiPoint"",""coordinates"":[]}"
20150727,2015-07-27,1.9174011066078973,"{""type"":""MultiPoint"",""coordinates"":[]}"
20150728,2015-07-28,0.0,"{""type"":""MultiPoint"",""coordinates"":[]}"
20150729,2015-07-29,0.0,"{""type"":""MultiPoint"",""coordinates"":[]}"
20150730,2015-07-30,2.30301807181653,"{""type"":""MultiPoint"",""coordinates"":[]}"
20150731,2015-07-31,7.992791425577394,"{""type"":""MultiPoint"",""coordinates"":[]}"
20150801,2015-08-01,8.537314766114457,"{""type"":""MultiPoint"",""coordinates"":[]}"
20150802,2015-08-02,0.6755625665797762,"{""type"":""MultiPoint"",""coordinates"":[]}"
20150803,2015-08-03,3.8162270939432523,"{""type"":""MultiPoint"",""coordinates"":[]}"
20150804,2015-08-04,1.5606472028389538,"{""type"":""MultiPoint"",""coordinates"":[]}"
20150805,2015-08-05,1.847559849343236,"{""type"":""MultiPoint"",""coordinates"":[]}"
20150806,2015-08-06,0.7766188793321945,"{""type"":""MultiPoint"",""coordinates"":[]}"
20150807,2015-08-07,4.08876391835446,"{""type"":""MultiPoint"",""coordinates"":[]}"
20150808,2015-08-08,0.05927161087643463,"{""type"":""MultiPoint"",""coordinates"":[]}"
20150809,2015-08-09,0.10856710582477881,"{""type"":""MultiPoint"",""coordinates"":[]}"
20150810,2015-08-10,1.8564429755044614,"{""type"":""MultiPoint"",""coordinates"":[]}"
20150811,2015-08-11,4.270680480081245,"{""type"":""MultiPoint"",""coordinates"":[]}"
20150812,2015-08-12,9.050489048046948,"{""type"":""MultiPoint"",""coordinates"":[]}"
20150813,2015-08-13,0.45419036436252175,"{""type"":""MultiPoint"",""coordinates"":[]}"
20150814,2015-08-14,2.5585764856970425,"{""type"":""MultiPoint"",""coordinates"":[]}"
20150815,2015-08-15,0.0,"{""type"":""MultiPoint"",""coordinates"":[]}"
20150816,2015-08-16,1.562503529216404,"{""type"":""MultiPoint"",""coordinates"":[]}"
20150817,2015-08-17,3.5536825503972294,"{""type"":""MultiPoint"",""coordinates"":[]}"
20150818,2015-08-18,0.011151775754215719,"{""type"":""MultiPoint"",""coordinates"":[]}"
20150819,2015-08-19,0.9428467783278128,"{""type"":""MultiPoint"",""coordinates"":[]}"
20150820,2015-08-20,11.441171898167763,"{""type"":""MultiPoint"",""coordinates"":[]}"
20150821,2015-08-21,16.95545211947691,"{""type"":""MultiPoint"",""coordinates"":[]}"
20150822,2015-08-22,7.57641610944207,"{""type"":""MultiPoint"",""coordinates"":[]}"
20150823,2015-08-23,0.5479234950157714,"{""type"":""MultiPoint"",""coordinates"":[]}"
20150824,2015-08-24,0.0,"{""type"":""MultiPoint"",""coordinates"":[]}"
20150825,2015-08-25,0.10414337894421875,"{""type"":""MultiPoint"",""coordinates"":[]}"
20150826,2015-08-26,0.2052886344578458,"{""type"":""MultiPoint"",""coordinates"":[]}"
20150827,2015-08-27,4.323223625946613,"{""type"":""MultiPoint"",""coordinates"":[]}"
20150828,2015-08-28,3.678272698489645,"{""type"":""MultiPoint"",""coordinates"":[]}"
20150829,2015-08-29,0.0,"{""type"":""MultiPoint"",""coordinates"":[]}"
20150830,2015-08-30,0.039385060429568464,"{""type"":""MultiPoint"",""coordinates"":[]}"
20150831,2015-08-31,0.0,"{""type"":""MultiPoint"",""coordinates"":[]}"
20150901,2015-09-01,0.42208173506719426,"{""type"":""MultiPoint"",""coordinates"":[]}"
20150902,2015-09-02,4.997855452074898,"{""type"":""MultiPoint"",""coordinates"":[]}"
20150903,2015-09-03,0.328996812007913,"{""type"":""MultiPoint"",""coordinates"":[]}"
20150904,2015-09-04,1.421777945772333,"{""type"":""MultiPoint"",""coordinates"":[]}"
20150905,2015-09-05,2.6307795018962348,"{""type"":""MultiPoint"",""coordinates"":[]}"
20150906,2015-09-06,11.720838707417792,"{""type"":""MultiPoint"",""coordinates"":[]}"
20150907,2015-09-07,6.9092967652296835,"{""type"":""MultiPoint"",""coordinates"":[]}"
20150908,2015-09-08,10.97000611561507,"{""type"":""MultiPoint"",""coordinates"":[]}"
20150909,2015-09-09,13.279315944372902,"{""type"":""MultiPoint"",""coordinates"":[]}"
20150910,2015-09-10,5.901049021854823,"{""type"":""MultiPoint"",""coordinates"":[]}"
20150911,2015-09-11,6.195383257268779,"{""type"":""MultiPoint"",""coordinates"":[]}"
20150912,2015-09-12,0.16934350402575138,"{""type"":""MultiPoint"",""coordinates"":[]}"
20150913,2015-09-13,0.4867984580603301,"{""type"":""MultiPoint"",""coordinates"":[]}"
20150914,2015-09-14,8.447300841142972,"{""type"":""MultiPoint"",""coordinates"":[]}"
20150915,2015-09-15,2.4835114848868303,"{""type"":""MultiPoint"",""coordinates"":[]}"
20150916,2015-09-16,4.761689592182955,"{""type"":""MultiPoint"",""coordinates"":[]}"
20150917,2015-09-17,5.845770404934216,"{""type"":""MultiPoint"",""coordinates"":[]}"
20150918,2015-09-18,1.5580877437929248,"{""type"":""MultiPoint"",""coordinates"":[]}"
20150919,2015-09-19,1.0571419335021086,"{""type"":""MultiPoint"",""coordinates"":[]}"
20150920,2015-09-20,6.666157236985637,"{""type"":""MultiPoint"",""coordinates"":[]}"
20150921,2015-09-21,1.0434789097511197,"{""type"":""MultiPoint"",""coordinates"":[]}"
20150922,2015-09-22,0.0,"{""type"":""MultiPoint"",""coordinates"":[]}"
20150923,2015-09-23,0.0,"{""type"":""MultiPoint"",""coordinates"":[]}"
20150924,2015-09-24,0.0,"{""type"":""MultiPoint"",""coordinates"":[]}"
20150925,2015-09-25,8.241497999908209,"{""type"":""MultiPoint"",""coordinates"":[]}"
20150926,2015-09-26,3.27466542521844,"{""type"":""MultiPoint"",""coordinates"":[]}"
20150927,2015-09-27,7.691815890857843,"{""type"":""MultiPoint"",""coordinates"":[]}"
20150928,2015-09-28,0.8074778107200743,"{""type"":""MultiPoint"",""coordinates"":[]}"
20150929,2015-09-29,0.6746955545674872,"{""type"":""MultiPoint"",""coordinates"":[]}"
20150930,2015-09-30,0.703894722921561,"{""type"":""MultiPoint"",""coordinates"":[]}"
20151001,2015-10-01,3.7692964556374,"{""type"":""MultiPoint"",""coordinates"":[]}"
20151002,2015-10-02,20.161454109262305,"{""type"":""MultiPoint"",""coordinates"":[]}"
20151003,2015-10-03,15.013274481534346,"{""type"":""MultiPoint"",""coordinates"":[]}"
20151004,2015-10-04,10.198358661485752,"{""type"":""MultiPoint"",""coordinates"":[]}"
20151005,2015-10-05,2.80737032797151,"{""type"":""MultiPoint"",""coordinates"":[]}"
20151006,2015-10-06,0.38996027158660673,"{""type"":""MultiPoint"",""coordinates"":[]}"
20151007,2015-10-07,8.087432651572808,"{""type"":""MultiPoint"",""coordinates"":[]}"
20151008,2015-10-08,20.6461984955151,"{""type"":""MultiPoint"",""coordinates"":[]}"
20151009,2015-10-09,11.854223035139283,"{""type"":""MultiPoint"",""coordinates"":[]}"
20151010,2015-10-10,5.5204253188209575,"{""type"":""MultiPoint"",""coordinates"":[]}"
20151011,2015-10-11,1.6828078612842285,"{""type"":""MultiPoint"",""coordinates"":[]}"
20151012,2015-10-12,0.0,"{""type"":""MultiPoint"",""coordinates"":[]}"
20151013,2015-10-13,0.0,"{""type"":""MultiPoint"",""coordinates"":[]}"
20151014,2015-10-14,0.0,"{""type"":""MultiPoint"",""coordinates"":[]}"
20151015,2015-10-15,0.0,"{""type"":""MultiPoint"",""coordinates"":[]}"
20151016,2015-10-16,0.0,"{""type"":""MultiPoint"",""coordinates"":[]}"
20151017,2015-10-17,0.0,"{""type"":""MultiPoint"",""coordinates"":[]}"
20151018,2015-10-18,0.0,"{""type"":""MultiPoint"",""coordinates"":[]}"
20151019,2015-10-19,0.0,"{""type"":""MultiPoint"",""coordinates"":[]}"
20151020,2015-10-20,0.0,"{""type"":""MultiPoint"",""coordinates"":[]}"
20151021,2015-10-21,0.0,"{""type"":""MultiPoint"",""coordinates"":[]}"
20151022,2015-10-22,0.0,"{""type"":""MultiPoint"",""coordinates"":[]}"
20151023,2015-10-23,0.0,"{""type"":""MultiPoint"",""coordinates"":[]}"
20151024,2015-10-24,0.0,"{""type"":""MultiPoint"",""coordinates"":[]}"
20151025,2015-10-25,0.0,"{""type"":""MultiPoint"",""coordinates"":[]}"
20151026,2015-10-26,0.0,"{""type"":""MultiPoint"",""coordinates"":[]}"
20151027,2015-10-27,0.0,"{""type"":""MultiPoint"",""coordinates"":[]}"
20151028,2015-10-28,0.18224897694347422,"{""type"":""MultiPoint"",""coordinates"":[]}"
20151029,2015-10-29,0.08021513445476688,"{""type"":""MultiPoint"",""coordinates"":[]}"
20151030,2015-10-30,0.047776350853696054,"{""type"":""MultiPoint"",""coordinates"":[]}"
20151031,2015-10-31,2.8404885429928526,"{""type"":""MultiPoint"",""coordinates"":[]}"
20151101,2015-11-01,1.1749917301003132,"{""type"":""MultiPoint"",""coordinates"":[]}"
20151102,2015-11-02,3.4831843519337875,"{""type"":""MultiPoint"",""coordinates"":[]}"
20151103,2015-11-03,3.5525421174874237,"{""type"":""MultiPoint"",""coordinates"":[]}"
20151104,2015-11-04,0.8180210462301291,"{""type"":""MultiPoint"",""coordinates"":[]}"
20151105,2015-11-05,0.0,"{""type"":""MultiPoint"",""coordinates"":[]}"
20151106,2015-11-06,0.0,"{""type"":""MultiPoint"",""coordinates"":[]}"
20151107,2015-11-07,0.0,"{""type"":""MultiPoint"",""coordinates"":[]}"
20151108,2015-11-08,8.23299438660912,"{""type"":""MultiPoint"",""coordinates"":[]}"
20151109,2015-11-09,31.4064516263933,"{""type"":""MultiPoint"",""coordinates"":[]}"
20151110,2015-11-10,13.419494099533596,"{""type"":""MultiPoint"",""coordinates"":[]}"
20151111,2015-11-11,5.05786188721413,"{""type"":""MultiPoint"",""coordinates"":[]}"
20151112,2015-11-12,0.7590456184808935,"{""type"":""MultiPoint"",""coordinates"":[]}"
20151113,2015-11-13,4.273698839463888,"{""type"":""MultiPoint"",""coordinates"":[]}"
20151114,2015-11-14,1.9112200028970812,"{""type"":""MultiPoint"",""coordinates"":[]}"
20151115,2015-11-15,32.86997328955369,"{""type"":""MultiPoint"",""coordinates"":[]}"
20151116,2015-11-16,51.41231639141161,"{""type"":""MultiPoint"",""coordinates"":[]}"
20151117,2015-11-17,2.5844483873045694,"{""type"":""MultiPoint"",""coordinates"":[]}"
20151118,2015-11-18,8.132994492177259,"{""type"":""MultiPoint"",""coordinates"":[]}"
20151119,2015-11-19,2.6705198210390604,"{""type"":""MultiPoint"",""coordinates"":[]}"
20151120,2015-11-20,4.464256692926051,"{""type"":""MultiPoint"",""coordinates"":[]}"
20151121,2015-11-21,7.985018235359174,"{""type"":""MultiPoint"",""coordinates"":[]}"
20151122,2015-11-22,35.28166762287286,"{""type"":""MultiPoint"",""coordinates"":[]}"
20151123,2015-11-23,2.2353490428473077,"{""type"":""MultiPoint"",""coordinates"":[]}"
20151124,2015-11-24,0.0,"{""type"":""MultiPoint"",""coordinates"":[]}"
20151125,2015-11-25,0.0,"{""type"":""MultiPoint"",""coordinates"":[]}"
20151126,2015-11-26,0.0,"{""type"":""MultiPoint"",""coordinates"":[]}"
20151127,2015-11-27,0.0,"{""type"":""MultiPoint"",""coordinates"":[]}"
20151128,2015-11-28,0.13931588077055387,"{""type"":""MultiPoint"",""coordinates"":[]}"
20151129,2015-11-29,3.0540730639480302,"{""type"":""MultiPoint"",""coordinates"":[]}"
20151130,2015-11-30,10.499676398144233,"{""type"":""MultiPoint"",""coordinates"":[]}"
20151201,2015-12-01,22.191742501115424,"{""type"":""MultiPoint"",""coordinates"":[]}"
20151202,2015-12-02,3.1736962804795428,"{""type"":""MultiPoint"",""coordinates"":[]}"
20151203,2015-12-03,0.0,"{""type"":""MultiPoint"",""coordinates"":[]}"
20151204,2015-12-04,0.0,"{""type"":""MultiPoint"",""coordinates"":[]}"
20151205,2015-12-05,0.0,"{""type"":""MultiPoint"",""coordinates"":[]}"
20151206,2015-12-06,1.4772463952030745,"{""type"":""MultiPoint"",""coordinates"":[]}"
20151207,2015-12-07,0.0,"{""type"":""MultiPoint"",""coordinates"":[]}"
20151208,2015-12-08,0.05675888448238981,"{""type"":""MultiPoint"",""coordinates"":[]}"
20151209,2015-12-09,0.0,"{""type"":""MultiPoint"",""coordinates"":[]}"
20151210,2015-12-10,0.0,"{""type"":""MultiPoint"",""coordinates"":[]}"
20151211,2015-12-11,0.0,"{""type"":""MultiPoint"",""coordinates"":[]}"
20151212,2015-12-12,0.0,"{""type"":""MultiPoint"",""coordinates"":[]}"
20151213,2015-12-13,0.0,"{""type"":""MultiPoint"",""coordinates"":[]}"
20151214,2015-12-14,0.0,"{""type"":""MultiPoint"",""coordinates"":[]}"
20151215,2015-12-15,0.0,"{""type"":""MultiPoint"",""coordinates"":[]}"
20151216,2015-12-16,0.0,"{""type"":""MultiPoint"",""coordinates"":[]}"
20151217,2015-12-17,0.0,"{""type"":""MultiPoint"",""coordinates"":[]}"
20151218,2015-12-18,0.0,"{""type"":""MultiPoint"",""coordinates"":[]}"
20151219,2015-12-19,0.0,"{""type"":""MultiPoint"",""coordinates"":[]}"
20151220,2015-12-20,0.0,"{""type"":""MultiPoint"",""coordinates"":[]}"
20151221,2015-12-21,0.014511495712397527,"{""type"":""MultiPoint"",""coordinates"":[]}"
20151222,2015-12-22,0.0,"{""type"":""MultiPoint"",""coordinates"":[]}"
20151223,2015-12-23,0.0,"{""type"":""MultiPoint"",""coordinates"":[]}"
20151224,2015-12-24,0.0,"{""type"":""MultiPoint"",""coordinates"":[]}"
20151225,2015-12-25,0.12627810112236967,"{""type"":""MultiPoint"",""coordinates"":[]}"
20151226,2015-12-26,0.2946263765567896,"{""type"":""MultiPoint"",""coordinates"":[]}"
20151227,2015-12-27,0.0,"{""type"":""MultiPoint"",""coordinates"":[]}"
20151228,2015-12-28,0.0,"{""type"":""MultiPoint"",""coordinates"":[]}"
20151229,2015-12-29,0.0,"{""type"":""MultiPoint"",""coordinates"":[]}"
20151230,2015-12-30,0.0,"{""type"":""MultiPoint"",""coordinates"":[]}"
20151231,2015-12-31,0.0,"{""type"":""MultiPoint"",""coordinates"":[]}"
20160101,2016-01-01,1.623108201868937,"{""type"":""MultiPoint"",""coordinates"":[]}"
20160102,2016-01-02,0.0,"{""type"":""MultiPoint"",""coordinates"":[]}"
20160103,2016-01-03,0.0011639411676738808,"{""type"":""MultiPoint"",""coordinates"":[]}"
20160104,2016-01-04,0.06809178988445716,"{""type"":""MultiPoint"",""coordinates"":[]}"
20160105,2016-01-05,0.0,"{""type"":""MultiPoint"",""coordinates"":[]}"
20160106,2016-01-06,0.24174659915673222,"{""type"":""MultiPoint"",""coordinates"":[]}"
20160107,2016-01-07,0.05168552343719333,"{""type"":""MultiPoint"",""coordinates"":[]}"
20160108,2016-01-08,0.0,"{""type"":""MultiPoint"",""coordinates"":[]}"
20160109,2016-01-09,0.39176939582393855,"{""type"":""MultiPoint"",""coordinates"":[]}"
20160110,2016-01-10,0.038852943709197056,"{""type"":""MultiPoint"",""coordinates"":[]}"
20160111,2016-01-11,0.0,"{""type"":""MultiPoint"",""coordinates"":[]}"
20160112,2016-01-12,1.05904256587517,"{""type"":""MultiPoint"",""coordinates"":[]}"
20160113,2016-01-13,0.02101117028330921,"{""type"":""MultiPoint"",""coordinates"":[]}"
20160114,2016-01-14,0.0,"{""type"":""MultiPoint"",""coordinates"":[]}"
20160115,2016-01-15,0.047420335091250876,"{""type"":""MultiPoint"",""coordinates"":[]}"
20160116,2016-01-16,0.0,"{""type"":""MultiPoint"",""coordinates"":[]}"
20160117,2016-01-17,0.0,"{""type"":""MultiPoint"",""coordinates"":[]}"
20160118,2016-01-18,0.0,"{""type"":""MultiPoint"",""coordinates"":[]}"
20160119,2016-01-19,0.0,"{""type"":""MultiPoint"",""coordinates"":[]}"
20160120,2016-01-20,0.04565374021728643,"{""type"":""MultiPoint"",""coordinates"":[]}"
20160121,2016-01-21,0.036588527558139614,"{""type"":""MultiPoint"",""coordinates"":[]}"
20160122,2016-01-22,0.0,"{""type"":""MultiPoint"",""coordinates"":[]}"
20160123,2016-01-23,0.0,"{""type"":""MultiPoint"",""coordinates"":[]}"
20160124,2016-01-24,0.0,"{""type"":""MultiPoint"",""coordinates"":[]}"
20160125,2016-01-25,0.0,"{""type"":""MultiPoint"",""coordinates"":[]}"
20160126,2016-01-26,0.020887806769360466,"{""type"":""MultiPoint"",""coordinates"":[]}"
20160127,2016-01-27,0.007764966444522299,"{""type"":""MultiPoint"",""coordinates"":[]}"
20160128,2016-01-28,0.0,"{""type"":""MultiPoint"",""coordinates"":[]}"
20160129,2016-01-29,0.0,"{""type"":""MultiPoint"",""coordinates"":[]}"
20160130,2016-01-30,0.0,"{""type"":""MultiPoint"",""coordinates"":[]}"
20160131,2016-01-31,0.17222301073597637,"{""type"":""MultiPoint"",""coordinates"":[]}"
20160201,2016-02-01,0.0346981142158006,"{""type"":""MultiPoint"",""coordinates"":[]}"
20160202,2016-02-02,0.0031459511852349113,"{""type"":""MultiPoint"",""coordinates"":[]}"
20160203,2016-02-03,0.0,"{""type"":""MultiPoint"",""coordinates"":[]}"
20160204,2016-02-04,0.0017533040218851894,"{""type"":""MultiPoint"",""coordinates"":[]}"
20160205,2016-02-05,5.561279100667843E-4,"{""type"":""MultiPoint"",""coordinates"":[]}"
20160206,2016-02-06,0.05130642607169994,"{""type"":""MultiPoint"",""coordinates"":[]}"
20160207,2016-02-07,0.0,"{""type"":""MultiPoint"",""coordinates"":[]}"
20160208,2016-02-08,0.0,"{""type"":""MultiPoint"",""coordinates"":[]}"
20160209,2016-02-09,0.0023514415562583264,"{""type"":""MultiPoint"",""coordinates"":[]}"
20160210,2016-02-10,0.004613195040301752,"{""type"":""MultiPoint"",""coordinates"":[]}"
20160211,2016-02-11,0.0,"{""type"":""MultiPoint"",""coordinates"":[]}"
20160212,2016-02-12,0.0,"{""type"":""MultiPoint"",""coordinates"":[]}"
20160213,2016-02-13,0.0,"{""type"":""MultiPoint"",""coordinates"":[]}"
20160214,2016-02-14,0.0,"{""type"":""MultiPoint"",""coordinates"":[]}"
20160215,2016-02-15,0.0,"{""type"":""MultiPoint"",""coordinates"":[]}"
20160216,2016-02-16,0.0,"{""type"":""MultiPoint"",""coordinates"":[]}"
20160217,2016-02-17,0.0,"{""type"":""MultiPoint"",""coordinates"":[]}"
20160218,2016-02-18,0.0,"{""type"":""MultiPoint"",""coordinates"":[]}"
20160219,2016-02-19,0.0,"{""type"":""MultiPoint"",""coordinates"":[]}"
20160220,2016-02-20,0.053074856770794925,"{""type"":""MultiPoint"",""coordinates"":[]}"
20160221,2016-02-21,0.0,"{""type"":""MultiPoint"",""coordinates"":[]}"
20160222,2016-02-22,0.0,"{""type"":""MultiPoint"",""coordinates"":[]}"
20160223,2016-02-23,0.0,"{""type"":""MultiPoint"",""coordinates"":[]}"
20160224,2016-02-24,0.0,"{""type"":""MultiPoint"",""coordinates"":[]}"
20160225,2016-02-25,0.0,"{""type"":""MultiPoint"",""coordinates"":[]}"
20160226,2016-02-26,0.0,"{""type"":""MultiPoint"",""coordinates"":[]}"
20160227,2016-02-27,0.03810273442170968,"{""type"":""MultiPoint"",""coordinates"":[]}"
20160228,2016-02-28,0.4150816246134696,"{""type"":""MultiPoint"",""coordinates"":[]}"
20160229,2016-02-29,0.2050996171308171,"{""type"":""MultiPoint"",""coordinates"":[]}"
20160301,2016-03-01,0.0077391630775492035,"{""type"":""MultiPoint"",""coordinates"":[]}"
20160302,2016-03-02,0.2624161426379433,"{""type"":""MultiPoint"",""coordinates"":[]}"
20160303,2016-03-03,0.0,"{""type"":""MultiPoint"",""coordinates"":[]}"
20160304,2016-03-04,0.0,"{""type"":""MultiPoint"",""coordinates"":[]}"
20160305,2016-03-05,0.0,"{""type"":""MultiPoint"",""coordinates"":[]}"
20160306,2016-03-06,0.0,"{""type"":""MultiPoint"",""coordinates"":[]}"
20160307,2016-03-07,0.0,"{""type"":""MultiPoint"",""coordinates"":[]}"
20160308,2016-03-08,0.0,"{""type"":""MultiPoint"",""coordinates"":[]}"
20160309,2016-03-09,0.0,"{""type"":""MultiPoint"",""coordinates"":[]}"
20160310,2016-03-10,0.0,"{""type"":""MultiPoint"",""coordinates"":[]}"
20160311,2016-03-11,0.014550268437847024,"{""type"":""MultiPoint"",""coordinates"":[]}"
20160312,2016-03-12,0.0,"{""type"":""MultiPoint"",""coordinates"":[]}"
20160313,2016-03-13,0.01699273359150888,"{""type"":""MultiPoint"",""coordinates"":[]}"
20160314,2016-03-14,0.02274309098225706,"{""type"":""MultiPoint"",""coordinates"":[]}"
20160315,2016-03-15,0.41416705632230966,"{""type"":""MultiPoint"",""coordinates"":[]}"
20160316,2016-03-16,0.0,"{""type"":""MultiPoint"",""coordinates"":[]}"
20160317,2016-03-17,0.0,"{""type"":""MultiPoint"",""coordinates"":[]}"
20160318,2016-03-18,0.0,"{""type"":""MultiPoint"",""coordinates"":[]}"
20160319,2016-03-19,0.0,"{""type"":""MultiPoint"",""coordinates"":[]}"
20160320,2016-03-20,0.0,"{""type"":""MultiPoint"",""coordinates"":[]}"
20160321,2016-03-21,0.0,"{""type"":""MultiPoint"",""coordinates"":[]}"
20160322,2016-03-22,1.1898456275493027E-4,"{""type"":""MultiPoint"",""coordinates"":[]}"
20160323,2016-03-23,0.0,"{""type"":""MultiPoint"",""coordinates"":[]}"
20160324,2016-03-24,0.0,"{""type"":""MultiPoint"",""coordinates"":[]}"
20160325,2016-03-25,0.0,"{""type"":""MultiPoint"",""coordinates"":[]}"
20160326,2016-03-26,0.0,"{""type"":""MultiPoint"",""coordinates"":[]}"
20160327,2016-03-27,0.0,"{""type"":""MultiPoint"",""coordinates"":[]}"
20160328,2016-03-28,0.0,"{""type"":""MultiPoint"",""coordinates"":[]}"
20160329,2016-03-29,0.0065704910590454685,"{""type"":""MultiPoint"",""coordinates"":[]}"
20160330,2016-03-30,0.0,"{""type"":""MultiPoint"",""coordinates"":[]}"
20160331,2016-03-31,0.0,"{""type"":""MultiPoint"",""coordinates"":[]}"
20160401,2016-04-01,0.0,"{""type"":""MultiPoint"",""coordinates"":[]}"
20160402,2016-04-02,0.0,"{""type"":""MultiPoint"",""coordinates"":[]}"
20160403,2016-04-03,0.008557508956347075,"{""type"":""MultiPoint"",""coordinates"":[]}"
20160404,2016-04-04,0.0,"{""type"":""MultiPoint"",""coordinates"":[]}"
20160405,2016-04-05,0.0,"{""type"":""MultiPoint"",""coordinates"":[]}"
20160406,2016-04-06,0.0,"{""type"":""MultiPoint"",""coordinates"":[]}"
20160407,2016-04-07,0.017414141062185494,"{""type"":""MultiPoint"",""coordinates"":[]}"
20160408,2016-04-08,0.0,"{""type"":""MultiPoint"",""coordinates"":[]}"
20160409,2016-04-09,0.0031027155051006937,"{""type"":""MultiPoint"",""coordinates"":[]}"
20160410,2016-04-10,0.0,"{""type"":""MultiPoint"",""coordinates"":[]}"
20160411,2016-04-11,0.0,"{""type"":""MultiPoint"",""coordinates"":[]}"
20160412,2016-04-12,0.0,"{""type"":""MultiPoint"",""coordinates"":[]}"
20160413,2016-04-13,0.0022056080749349102,"{""type"":""MultiPoint"",""coordinates"":[]}"
20160414,2016-04-14,0.0,"{""type"":""MultiPoint"",""coordinates"":[]}"
20160415,2016-04-15,0.0,"{""type"":""MultiPoint"",""coordinates"":[]}"
20160416,2016-04-16,0.0,"{""type"":""MultiPoint"",""coordinates"":[]}"
20160417,2016-04-17,0.0,"{""type"":""MultiPoint"",""coordinates"":[]}"
20160418,2016-04-18,0.0,"{""type"":""MultiPoint"",""coordinates"":[]}"
20160419,2016-04-19,0.0,"{""type"":""MultiPoint"",""coordinates"":[]}"
20160420,2016-04-20,0.0,"{""type"":""MultiPoint"",""coordinates"":[]}"
20160421,2016-04-21,0.006193962337271324,"{""type"":""MultiPoint"",""coordinates"":[]}"
20160422,2016-04-22,0.01931319086506647,"{""type"":""MultiPoint"",""coordinates"":[]}"
20160423,2016-04-23,0.0,"{""type"":""MultiPoint"",""coordinates"":[]}"
20160424,2016-04-24,0.0,"{""type"":""MultiPoint"",""coordinates"":[]}"
20160425,2016-04-25,0.672240154943066,"{""type"":""MultiPoint"",""coordinates"":[]}"
20160426,2016-04-26,0.0043030797512267896,"{""type"":""MultiPoint"",""coordinates"":[]}"
20160427,2016-04-27,0.0,"{""type"":""MultiPoint"",""coordinates"":[]}"
20160428,2016-04-28,0.0037027617221164558,"{""type"":""MultiPoint"",""coordinates"":[]}"
20160429,2016-04-29,0.0,"{""type"":""MultiPoint"",""coordinates"":[]}"
20160430,2016-04-30,0.0,"{""type"":""MultiPoint"",""coordinates"":[]}"
20160501,2016-05-01,0.0,"{""type"":""MultiPoint"",""coordinates"":[]}"
20160502,2016-05-02,0.36889255141394395,"{""type"":""MultiPoint"",""coordinates"":[]}"
20160503,2016-05-03,2.5384103953186994,"{""type"":""MultiPoint"",""coordinates"":[]}"
20160504,2016-05-04,0.15863382635776863,"{""type"":""MultiPoint"",""coordinates"":[]}"
20160505,2016-05-05,3.399121917346852,"{""type"":""MultiPoint"",""coordinates"":[]}"
20160506,2016-05-06,1.6643753246307817,"{""type"":""MultiPoint"",""coordinates"":[]}"
20160507,2016-05-07,0.15652580404114064,"{""type"":""MultiPoint"",""coordinates"":[]}"
20160508,2016-05-08,2.122371544790815,"{""type"":""MultiPoint"",""coordinates"":[]}"
20160509,2016-05-09,0.0,"{""type"":""MultiPoint"",""coordinates"":[]}"
20160510,2016-05-10,0.0,"{""type"":""MultiPoint"",""coordinates"":[]}"
20160511,2016-05-11,0.036077051298606444,"{""type"":""MultiPoint"",""coordinates"":[]}"
20160512,2016-05-12,0.8238726953136815,"{""type"":""MultiPoint"",""coordinates"":[]}"
20160513,2016-05-13,0.0,"{""type"":""MultiPoint"",""coordinates"":[]}"
20160514,2016-05-14,1.0477327230699633,"{""type"":""MultiPoint"",""coordinates"":[]}"
20160515,2016-05-15,2.532797975862754,"{""type"":""MultiPoint"",""coordinates"":[]}"
20160516,2016-05-16,2.5991023405061227,"{""type"":""MultiPoint"",""coordinates"":[]}"
20160517,2016-05-17,18.615218622886935,"{""type"":""MultiPoint"",""coordinates"":[]}"
20160518,2016-05-18,19.400268732290332,"{""type"":""MultiPoint"",""coordinates"":[]}"
20160519,2016-05-19,14.562703337464818,"{""type"":""MultiPoint"",""coordinates"":[]}"
20160520,2016-05-20,1.4240571225661225,"{""type"":""MultiPoint"",""coordinates"":[]}"
20160521,2016-05-21,0.0,"{""type"":""MultiPoint"",""coordinates"":[]}"
20160522,2016-05-22,0.0,"{""type"":""MultiPoint"",""coordinates"":[]}"
20160523,2016-05-23,0.0,"{""type"":""MultiPoint"",""coordinates"":[]}"
20160524,2016-05-24,0.0,"{""type"":""MultiPoint"",""coordinates"":[]}"
20160525,2016-05-25,0.0,"{""type"":""MultiPoint"",""coordinates"":[]}"
20160526,2016-05-26,0.0,"{""type"":""MultiPoint"",""coordinates"":[]}"
20160527,2016-05-27,1.0294315255203361,"{""type"":""MultiPoint"",""coordinates"":[]}"
20160528,2016-05-28,17.868374709289053,"{""type"":""MultiPoint"",""coordinates"":[]}"
20160529,2016-05-29,3.0487945072088496,"{""type"":""MultiPoint"",""coordinates"":[]}"
20160530,2016-05-30,0.0,"{""type"":""MultiPoint"",""coordinates"":[]}"
20160531,2016-05-31,1.3132320536514661,"{""type"":""MultiPoint"",""coordinates"":[]}"
20160601,2016-06-01,0.49174295618676156,"{""type"":""MultiPoint"",""coordinates"":[]}"
20160602,2016-06-02,6.743518491788749,"{""type"":""MultiPoint"",""coordinates"":[]}"
20160603,2016-06-03,1.585430824299524,"{""type"":""MultiPoint"",""coordinates"":[]}"
20160604,2016-06-04,9.444668034762957,"{""type"":""MultiPoint"",""coordinates"":[]}"
20160605,2016-06-05,6.6906889700993615,"{""type"":""MultiPoint"",""coordinates"":[]}"
20160606,2016-06-06,5.309204864248772,"{""type"":""MultiPoint"",""coordinates"":[]}"
20160607,2016-06-07,7.361271787545032,"{""type"":""MultiPoint"",""coordinates"":[]}"
20160608,2016-06-08,9.948843403251427,"{""type"":""MultiPoint"",""coordinates"":[]}"
20160609,2016-06-09,0.45181917382579206,"{""type"":""MultiPoint"",""coordinates"":[]}"
20160610,2016-06-10,0.9016684416431662,"{""type"":""MultiPoint"",""coordinates"":[]}"
20160611,2016-06-11,0.0,"{""type"":""MultiPoint"",""coordinates"":[]}"
20160612,2016-06-12,0.0,"{""type"":""MultiPoint"",""coordinates"":[]}"
20160613,2016-06-13,0.0,"{""type"":""MultiPoint"",""coordinates"":[]}"
20160614,2016-06-14,0.41740712167747457,"{""type"":""MultiPoint"",""coordinates"":[]}"
20160615,2016-06-15,0.06893802211520045,"{""type"":""MultiPoint"",""coordinates"":[]}"
20160616,2016-06-16,0.39864672981284605,"{""type"":""MultiPoint"",""coordinates"":[]}"
20160617,2016-06-17,3.8038006564781575,"{""type"":""MultiPoint"",""coordinates"":[]}"
20160618,2016-06-18,11.933207364364424,"{""type"":""MultiPoint"",""coordinates"":[]}"
20160619,2016-06-19,5.081282543186868,"{""type"":""MultiPoint"",""coordinates"":[]}"
20160620,2016-06-20,2.7742903361307794,"{""type"":""MultiPoint"",""coordinates"":[]}"
20160621,2016-06-21,4.181123216369374,"{""type"":""MultiPoint"",""coordinates"":[]}"
20160622,2016-06-22,0.20337538301942434,"{""type"":""MultiPoint"",""coordinates"":[]}"
20160623,2016-06-23,2.128216058965695,"{""type"":""MultiPoint"",""coordinates"":[]}"
20160624,2016-06-24,5.1664736753670635,"{""type"":""MultiPoint"",""coordinates"":[]}"
20160625,2016-06-25,13.057466231492807,"{""type"":""MultiPoint"",""coordinates"":[]}"
20160626,2016-06-26,3.277085430456292,"{""type"":""MultiPoint"",""coordinates"":[]}"
20160627,2016-06-27,7.813795975596258,"{""type"":""MultiPoint"",""coordinates"":[]}"
20160628,2016-06-28,11.993164035390784,"{""type"":""MultiPoint"",""coordinates"":[]}"
20160629,2016-06-29,0.7575480500082162,"{""type"":""MultiPoint"",""coordinates"":[]}"
20160630,2016-06-30,0.44937796351872533,"{""type"":""MultiPoint"",""coordinates"":[]}"
20160701,2016-07-01,0.38553645283981536,"{""type"":""MultiPoint"",""coordinates"":[]}"
20160702,2016-07-02,0.1908057989004188,"{""type"":""MultiPoint"",""coordinates"":[]}"
20160703,2016-07-03,1.2397330409813871,"{""type"":""MultiPoint"",""coordinates"":[]}"
20160704,2016-07-04,1.339969012921587,"{""type"":""MultiPoint"",""coordinates"":[]}"
20160705,2016-07-05,5.221542218774835,"{""type"":""MultiPoint"",""coordinates"":[]}"
20160706,2016-07-06,2.841158343169774,"{""type"":""MultiPoint"",""coordinates"":[]}"
20160707,2016-07-07,1.3538810821648763,"{""type"":""MultiPoint"",""coordinates"":[]}"
20160708,2016-07-08,3.9904142567323073,"{""type"":""MultiPoint"",""coordinates"":[]}"
20160709,2016-07-09,4.457242435852375,"{""type"":""MultiPoint"",""coordinates"":[]}"
20160710,2016-07-10,11.522064640441267,"{""type"":""MultiPoint"",""coordinates"":[]}"
20160711,2016-07-11,0.0,"{""type"":""MultiPoint"",""coordinates"":[]}"
20160712,2016-07-12,0.003904046002661358,"{""type"":""MultiPoint"",""coordinates"":[]}"
20160713,2016-07-13,0.0,"{""type"":""MultiPoint"",""coordinates"":[]}"
20160714,2016-07-14,0.0,"{""type"":""MultiPoint"",""coordinates"":[]}"
20160715,2016-07-15,0.07148852827705769,"{""type"":""MultiPoint"",""coordinates"":[]}"
20160716,2016-07-16,0.48803860730276427,"{""type"":""MultiPoint"",""coordinates"":[]}"
20160717,2016-07-17,1.801072203167508,"{""type"":""MultiPoint"",""coordinates"":[]}"
20160718,2016-07-18,2.2370082974489147,"{""type"":""MultiPoint"",""coordinates"":[]}"
20160719,2016-07-19,7.4999059036062805,"{""type"":""MultiPoint"",""coordinates"":[]}"
20160720,2016-07-20,0.08324891012893451,"{""type"":""MultiPoint"",""coordinates"":[]}"
20160721,2016-07-21,0.14993296773589185,"{""type"":""MultiPoint"",""coordinates"":[]}"
20160722,2016-07-22,8.628281064426996,"{""type"":""MultiPoint"",""coordinates"":[]}"
20160723,2016-07-23,4.937447684748495,"{""type"":""MultiPoint"",""coordinates"":[]}"
20160724,2016-07-24,2.961428074275692,"{""type"":""MultiPoint"",""coordinates"":[]}"
20160725,2016-07-25,5.0119090864445415,"{""type"":""MultiPoint"",""coordinates"":[]}"
20160726,2016-07-26,5.156425939495787,"{""type"":""MultiPoint"",""coordinates"":[]}"
20160727,2016-07-27,4.822167867177444,"{""type"":""MultiPoint"",""coordinates"":[]}"
20160728,2016-07-28,3.918442088563263,"{""type"":""MultiPoint"",""coordinates"":[]}"
20160729,2016-07-29,8.194284078572835,"{""type"":""MultiPoint"",""coordinates"":[]}"
20160730,2016-07-30,1.615434362838898,"{""type"":""MultiPoint"",""coordinates"":[]}"
20160731,2016-07-31,1.492821681157463,"{""type"":""MultiPoint"",""coordinates"":[]}"
20160801,2016-08-01,1.0480410799978515,"{""type"":""MultiPoint"",""coordinates"":[]}"
20160802,2016-08-02,1.2654465726366761,"{""type"":""MultiPoint"",""coordinates"":[]}"
20160803,2016-08-03,1.3687010010370457,"{""type"":""MultiPoint"",""coordinates"":[]}"
20160804,2016-08-04,8.78193029015894,"{""type"":""MultiPoint"",""coordinates"":[]}"
20160805,2016-08-05,0.19320917096925888,"{""type"":""MultiPoint"",""coordinates"":[]}"
20160806,2016-08-06,1.4419386913377117,"{""type"":""MultiPoint"",""coordinates"":[]}"
20160807,2016-08-07,1.0506986084879978E-4,"{""type"":""MultiPoint"",""coordinates"":[]}"
20160808,2016-08-08,0.0,"{""type"":""MultiPoint"",""coordinates"":[]}"
20160809,2016-08-09,0.21854801480823607,"{""type"":""MultiPoint"",""coordinates"":[]}"
20160810,2016-08-10,0.17631714822298028,"{""type"":""MultiPoint"",""coordinates"":[]}"
20160811,2016-08-11,0.0,"{""type"":""MultiPoint"",""coordinates"":[]}"
20160812,2016-08-12,0.12332689094281997,"{""type"":""MultiPoint"",""coordinates"":[]}"
20160813,2016-08-13,0.15071832077813557,"{""type"":""MultiPoint"",""coordinates"":[]}"
20160814,2016-08-14,0.6295685876284428,"{""type"":""MultiPoint"",""coordinates"":[]}"
20160815,2016-08-15,0.0,"{""type"":""MultiPoint"",""coordinates"":[]}"
20160816,2016-08-16,0.009478138860930909,"{""type"":""MultiPoint"",""coordinates"":[]}"
20160817,2016-08-17,0.0,"{""type"":""MultiPoint"",""coordinates"":[]}"
20160818,2016-08-18,0.0,"{""type"":""MultiPoint"",""coordinates"":[]}"
20160819,2016-08-19,0.0,"{""type"":""MultiPoint"",""coordinates"":[]}"
20160820,2016-08-20,0.0,"{""type"":""MultiPoint"",""coordinates"":[]}"
20160821,2016-08-21,0.0,"{""type"":""MultiPoint"",""coordinates"":[]}"
20160822,2016-08-22,0.11831530819078413,"{""type"":""MultiPoint"",""coordinates"":[]}"
20160823,2016-08-23,0.17056607934191925,"{""type"":""MultiPoint"",""coordinates"":[]}"
20160824,2016-08-24,0.0,"{""type"":""MultiPoint"",""coordinates"":[]}"
20160825,2016-08-25,7.758724911069207,"{""type"":""MultiPoint"",""coordinates"":[]}"
20160826,2016-08-26,9.328938957015978,"{""type"":""MultiPoint"",""coordinates"":[]}"
20160827,2016-08-27,11.344497400732832,"{""type"":""MultiPoint"",""coordinates"":[]}"
20160828,2016-08-28,0.8001606515315887,"{""type"":""MultiPoint"",""coordinates"":[]}"
20160829,2016-08-29,9.947492717340493,"{""type"":""MultiPoint"",""coordinates"":[]}"
20160830,2016-08-30,15.396851765603579,"{""type"":""MultiPoint"",""coordinates"":[]}"
20160831,2016-08-31,7.170515854227854,"{""type"":""MultiPoint"",""coordinates"":[]}"
20160901,2016-09-01,2.5908803851207574,"{""type"":""MultiPoint"",""coordinates"":[]}"
20160902,2016-09-02,1.9538326698522996,"{""type"":""MultiPoint"",""coordinates"":[]}"
20160903,2016-09-03,3.8221574211873697,"{""type"":""MultiPoint"",""coordinates"":[]}"
20160904,2016-09-04,2.4734323296467946,"{""type"":""MultiPoint"",""coordinates"":[]}"
20160905,2016-09-05,0.2964023195215463,"{""type"":""MultiPoint"",""coordinates"":[]}"
20160906,2016-09-06,0.0,"{""type"":""MultiPoint"",""coordinates"":[]}"
20160907,2016-09-07,0.0,"{""type"":""MultiPoint"",""coordinates"":[]}"
20160908,2016-09-08,0.0,"{""type"":""MultiPoint"",""coordinates"":[]}"
20160909,2016-09-09,0.24846112768719203,"{""type"":""MultiPoint"",""coordinates"":[]}"
20160910,2016-09-10,7.909538775841491,"{""type"":""MultiPoint"",""coordinates"":[]}"
20160911,2016-09-11,0.10858841423418099,"{""type"":""MultiPoint"",""coordinates"":[]}"
20160912,2016-09-12,11.125496287632576,"{""type"":""MultiPoint"",""coordinates"":[]}"
20160913,2016-09-13,2.3774103021632764,"{""type"":""MultiPoint"",""coordinates"":[]}"
20160914,2016-09-14,1.939119593693068,"{""type"":""MultiPoint"",""coordinates"":[]}"
20160915,2016-09-15,0.6342218324218096,"{""type"":""MultiPoint"",""coordinates"":[]}"
20160916,2016-09-16,0.0,"{""type"":""MultiPoint"",""coordinates"":[]}"
20160917,2016-09-17,0.06248037386903545,"{""type"":""MultiPoint"",""coordinates"":[]}"
20160918,2016-09-18,0.5223455209688234,"{""type"":""MultiPoint"",""coordinates"":[]}"
20160919,2016-09-19,0.07928354962938114,"{""type"":""MultiPoint"",""coordinates"":[]}"
20160920,2016-09-20,12.360597627325058,"{""type"":""MultiPoint"",""coordinates"":[]}"
20160921,2016-09-21,11.72847214937164,"{""type"":""MultiPoint"",""coordinates"":[]}"
20160922,2016-09-22,1.7229335062024254,"{""type"":""MultiPoint"",""coordinates"":[]}"
20160923,2016-09-23,0.3090334334971707,"{""type"":""MultiPoint"",""coordinates"":[]}"
20160924,2016-09-24,0.0,"{""type"":""MultiPoint"",""coordinates"":[]}"
20160925,2016-09-25,0.0,"{""type"":""MultiPoint"",""coordinates"":[]}"
20160926,2016-09-26,0.7698665069568,"{""type"":""MultiPoint"",""coordinates"":[]}"
20160927,2016-09-27,0.8221343100041033,"{""type"":""MultiPoint"",""coordinates"":[]}"
20160928,2016-09-28,3.8666432325170765,"{""type"":""MultiPoint"",""coordinates"":[]}"
20160929,2016-09-29,2.2810654342296517,"{""type"":""MultiPoint"",""coordinates"":[]}"
20160930,2016-09-30,2.068092928850803,"{""type"":""MultiPoint"",""coordinates"":[]}"
20161001,2016-10-01,3.9031391220377807,"{""type"":""MultiPoint"",""coordinates"":[]}"
20161002,2016-10-02,0.277720653656786,"{""type"":""MultiPoint"",""coordinates"":[]}"
20161003,2016-10-03,0.9172143611410079,"{""type"":""MultiPoint"",""coordinates"":[]}"
20161004,2016-10-04,0.008157197621796968,"{""type"":""MultiPoint"",""coordinates"":[]}"
20161005,2016-10-05,0.0,"{""type"":""MultiPoint"",""coordinates"":[]}"
20161006,2016-10-06,0.4986202858624627,"{""type"":""MultiPoint"",""coordinates"":[]}"
20161007,2016-10-07,5.199414972815774,"{""type"":""MultiPoint"",""coordinates"":[]}"
20161008,2016-10-08,2.8022643985631195,"{""type"":""MultiPoint"",""coordinates"":[]}"
20161009,2016-10-09,4.109674441711771,"{""type"":""MultiPoint"",""coordinates"":[]}"
20161010,2016-10-10,4.657251689409843,"{""type"":""MultiPoint"",""coordinates"":[]}"
20161011,2016-10-11,1.198540128368795,"{""type"":""MultiPoint"",""coordinates"":[]}"
20161012,2016-10-12,0.23345329054360248,"{""type"":""MultiPoint"",""coordinates"":[]}"
20161013,2016-10-13,0.0,"{""type"":""MultiPoint"",""coordinates"":[]}"
20161014,2016-10-14,0.0,"{""type"":""MultiPoint"",""coordinates"":[]}"
20161015,2016-10-15,0.0,"{""type"":""MultiPoint"",""coordinates"":[]}"
20161016,2016-10-16,0.008979020581059639,"{""type"":""MultiPoint"",""coordinates"":[]}"
20161017,2016-10-17,0.0,"{""type"":""MultiPoint"",""coordinates"":[]}"
20161018,2016-10-18,0.01875319725970815,"{""type"":""MultiPoint"",""coordinates"":[]}"
20161019,2016-10-19,0.0,"{""type"":""MultiPoint"",""coordinates"":[]}"
20161020,2016-10-20,0.0,"{""type"":""MultiPoint"",""coordinates"":[]}"
20161021,2016-10-21,1.7660000813901755,"{""type"":""MultiPoint"",""coordinates"":[]}"
20161022,2016-10-22,0.0,"{""type"":""MultiPoint"",""coordinates"":[]}"
20161023,2016-10-23,0.0663186271314838,"{""type"":""MultiPoint"",""coordinates"":[]}"
20161024,2016-10-24,0.0,"{""type"":""MultiPoint"",""coordinates"":[]}"
20161025,2016-10-25,0.0,"{""type"":""MultiPoint"",""coordinates"":[]}"
20161026,2016-10-26,0.0,"{""type"":""MultiPoint"",""coordinates"":[]}"
20161027,2016-10-27,0.0,"{""type"":""MultiPoint"",""coordinates"":[]}"
20161028,2016-10-28,0.0,"{""type"":""MultiPoint"",""coordinates"":[]}"
20161029,2016-10-29,3.0625947481233395,"{""type"":""MultiPoint"",""coordinates"":[]}"
20161030,2016-10-30,0.6581418725207548,"{""type"":""MultiPoint"",""coordinates"":[]}"
20161031,2016-10-31,0.9869368550758749,"{""type"":""MultiPoint"",""coordinates"":[]}"
20161101,2016-11-01,0.0,"{""type"":""MultiPoint"",""coordinates"":[]}"
20161102,2016-11-02,0.015159265226381887,"{""type"":""MultiPoint"",""coordinates"":[]}"
20161103,2016-11-03,0.0,"{""type"":""MultiPoint"",""coordinates"":[]}"
20161104,2016-11-04,0.0,"{""type"":""MultiPoint"",""coordinates"":[]}"
20161105,2016-11-05,0.0,"{""type"":""MultiPoint"",""coordinates"":[]}"
20161106,2016-11-06,0.0,"{""type"":""MultiPoint"",""coordinates"":[]}"
20161107,2016-11-07,1.22708470755923,"{""type"":""MultiPoint"",""coordinates"":[]}"
20161108,2016-11-08,0.0,"{""type"":""MultiPoint"",""coordinates"":[]}"
20161109,2016-11-09,0.045339155760576275,"{""type"":""MultiPoint"",""coordinates"":[]}"
20161110,2016-11-10,6.668177636824103E-4,"{""type"":""MultiPoint"",""coordinates"":[]}"
20161111,2016-11-11,0.0,"{""type"":""MultiPoint"",""coordinates"":[]}"
20161112,2016-11-12,0.0,"{""type"":""MultiPoint"",""coordinates"":[]}"
20161113,2016-11-13,1.1087470653282936,"{""type"":""MultiPoint"",""coordinates"":[]}"
20161114,2016-11-14,2.926290258503414E-4,"{""type"":""MultiPoint"",""coordinates"":[]}"
20161115,2016-11-15,0.0,"{""type"":""MultiPoint"",""coordinates"":[]}"
20161116,2016-11-16,1.520848182437457,"{""type"":""MultiPoint"",""coordinates"":[]}"
20161117,2016-11-17,0.4102547967020102,"{""type"":""MultiPoint"",""coordinates"":[]}"
20161118,2016-11-18,0.13099072650394308,"{""type"":""MultiPoint"",""coordinates"":[]}"
20161119,2016-11-19,0.21893994563766658,"{""type"":""MultiPoint"",""coordinates"":[]}"
20161120,2016-11-20,0.0,"{""type"":""MultiPoint"",""coordinates"":[]}"
20161121,2016-11-21,1.7943950703637812,"{""type"":""MultiPoint"",""coordinates"":[]}"
20161122,2016-11-22,0.0,"{""type"":""MultiPoint"",""coordinates"":[]}"
20161123,2016-11-23,0.020437028387151973,"{""type"":""MultiPoint"",""coordinates"":[]}"
20161124,2016-11-24,0.19764564071847066,"{""type"":""MultiPoint"",""coordinates"":[]}"
20161125,2016-11-25,0.0,"{""type"":""MultiPoint"",""coordinates"":[]}"
20161126,2016-11-26,0.0,"{""type"":""MultiPoint"",""coordinates"":[]}"
20161127,2016-11-27,0.0,"{""type"":""MultiPoint"",""coordinates"":[]}"
20161128,2016-11-28,1.5917757804050279,"{""type"":""MultiPoint"",""coordinates"":[]}"
20161129,2016-11-29,1.0694194906608672,"{""type"":""MultiPoint"",""coordinates"":[]}"
20161130,2016-11-30,1.2114819345766272,"{""type"":""MultiPoint"",""coordinates"":[]}"
20161201,2016-12-01,14.152752595624118,"{""type"":""MultiPoint"",""coordinates"":[]}"
20161202,2016-12-02,0.0,"{""type"":""MultiPoint"",""coordinates"":[]}"
20161203,2016-12-03,0.2797130605339171,"{""type"":""MultiPoint"",""coordinates"":[]}"
20161204,2016-12-04,0.30772017003413027,"{""type"":""MultiPoint"",""coordinates"":[]}"
20161205,2016-12-05,0.0,"{""type"":""MultiPoint"",""coordinates"":[]}"
20161206,2016-12-06,0.0,"{""type"":""MultiPoint"",""coordinates"":[]}"
20161207,2016-12-07,0.0,"{""type"":""MultiPoint"",""coordinates"":[]}"
20161208,2016-12-08,0.0,"{""type"":""MultiPoint"",""coordinates"":[]}"
20161209,2016-12-09,0.0,"{""type"":""MultiPoint"",""coordinates"":[]}"
20161210,2016-12-10,0.43260005127211204,"{""type"":""MultiPoint"",""coordinates"":[]}"
20161211,2016-12-11,0.22528166540774638,"{""type"":""MultiPoint"",""coordinates"":[]}"
20161212,2016-12-12,29.74411306693138,"{""type"":""MultiPoint"",""coordinates"":[]}"
20161213,2016-12-13,0.0,"{""type"":""MultiPoint"",""coordinates"":[]}"
20161214,2016-12-14,0.0,"{""type"":""MultiPoint"",""coordinates"":[]}"
20161215,2016-12-15,0.0,"{""type"":""MultiPoint"",""coordinates"":[]}"
20161216,2016-12-16,0.0,"{""type"":""MultiPoint"",""coordinates"":[]}"
20161217,2016-12-17,0.0,"{""type"":""MultiPoint"",""coordinates"":[]}"
20161218,2016-12-18,0.0,"{""type"":""MultiPoint"",""coordinates"":[]}"
20161219,2016-12-19,0.0,"{""type"":""MultiPoint"",""coordinates"":[]}"
20161220,2016-12-20,0.0,"{""type"":""MultiPoint"",""coordinates"":[]}"
20161221,2016-12-21,0.0,"{""type"":""MultiPoint"",""coordinates"":[]}"
20161222,2016-12-22,0.0,"{""type"":""MultiPoint"",""coordinates"":[]}"
20161223,2016-12-23,0.0,"{""type"":""MultiPoint"",""coordinates"":[]}"
20161224,2016-12-24,0.0,"{""type"":""MultiPoint"",""coordinates"":[]}"
20161225,2016-12-25,0.0,"{""type"":""MultiPoint"",""coordinates"":[]}"
20161226,2016-12-26,0.0,"{""type"":""MultiPoint"",""coordinates"":[]}"
20161227,2016-12-27,0.0,"{""type"":""MultiPoint"",""coordinates"":[]}"
20161228,2016-12-28,0.0,"{""type"":""MultiPoint"",""coordinates"":[]}"
20161229,2016-12-29,0.0,"{""type"":""MultiPoint"",""coordinates"":[]}"
20161230,2016-12-30,0.0,"{""type"":""MultiPoint"",""coordinates"":[]}"
20161231,2016-12-31,0.0,"{""type"":""MultiPoint"",""coordinates"":[]}"
20170101,2017-01-01,0.023453552894078203,"{""type"":""MultiPoint"",""coordinates"":[]}"
20170102,2017-01-02,0.857894698977954,"{""type"":""MultiPoint"",""coordinates"":[]}"
20170103,2017-01-03,0.6164728381539211,"{""type"":""MultiPoint"",""coordinates"":[]}"
20170104,2017-01-04,0.12468719253182094,"{""type"":""MultiPoint"",""coordinates"":[]}"
20170105,2017-01-05,0.027119543990900323,"{""type"":""MultiPoint"",""coordinates"":[]}"
20170106,2017-01-06,0.17825649037261532,"{""type"":""MultiPoint"",""coordinates"":[]}"
20170107,2017-01-07,0.005608282480690247,"{""type"":""MultiPoint"",""coordinates"":[]}"
20170108,2017-01-08,0.09406795925664485,"{""type"":""MultiPoint"",""coordinates"":[]}"
20170109,2017-01-09,0.002196422810673636,"{""type"":""MultiPoint"",""coordinates"":[]}"
20170110,2017-01-10,0.0625514228063076,"{""type"":""MultiPoint"",""coordinates"":[]}"
20170111,2017-01-11,0.0,"{""type"":""MultiPoint"",""coordinates"":[]}"
20170112,2017-01-12,0.16787669431998906,"{""type"":""MultiPoint"",""coordinates"":[]}"
20170113,2017-01-13,0.049869425771742505,"{""type"":""MultiPoint"",""coordinates"":[]}"
20170114,2017-01-14,0.1825486493008466,"{""type"":""MultiPoint"",""coordinates"":[]}"
20170115,2017-01-15,0.0,"{""type"":""MultiPoint"",""coordinates"":[]}"
20170116,2017-01-16,0.0,"{""type"":""MultiPoint"",""coordinates"":[]}"
20170117,2017-01-17,0.0,"{""type"":""MultiPoint"",""coordinates"":[]}"
20170118,2017-01-18,0.0,"{""type"":""MultiPoint"",""coordinates"":[]}"
20170119,2017-01-19,0.19695447218456333,"{""type"":""MultiPoint"",""coordinates"":[]}"
20170120,2017-01-20,0.041697995718019784,"{""type"":""MultiPoint"",""coordinates"":[]}"
20170121,2017-01-21,0.3818285498586122,"{""type"":""MultiPoint"",""coordinates"":[]}"
20170122,2017-01-22,0.0,"{""type"":""MultiPoint"",""coordinates"":[]}"
20170123,2017-01-23,0.28544165607161026,"{""type"":""MultiPoint"",""coordinates"":[]}"
20170124,2017-01-24,0.0,"{""type"":""MultiPoint"",""coordinates"":[]}"
20170125,2017-01-25,0.0,"{""type"":""MultiPoint"",""coordinates"":[]}"
20170126,2017-01-26,0.0,"{""type"":""MultiPoint"",""coordinates"":[]}"
20170127,2017-01-27,0.0730251475006898,"{""type"":""MultiPoint"",""coordinates"":[]}"
20170128,2017-01-28,0.0,"{""type"":""MultiPoint"",""coordinates"":[]}"
20170129,2017-01-29,0.0,"{""type"":""MultiPoint"",""coordinates"":[]}"
20170130,2017-01-30,0.0,"{""type"":""MultiPoint"",""coordinates"":[]}"
20170131,2017-01-31,0.0,"{""type"":""MultiPoint"",""coordinates"":[]}"
20170201,2017-02-01,0.0,"{""type"":""MultiPoint"",""coordinates"":[]}"
20170202,2017-02-02,0.0,"{""type"":""MultiPoint"",""coordinates"":[]}"
20170203,2017-02-03,0.0,"{""type"":""MultiPoint"",""coordinates"":[]}"
20170204,2017-02-04,0.0,"{""type"":""MultiPoint"",""coordinates"":[]}"
20170205,2017-02-05,0.0,"{""type"":""MultiPoint"",""coordinates"":[]}"
20170206,2017-02-06,0.0,"{""type"":""MultiPoint"",""coordinates"":[]}"
20170207,2017-02-07,0.0,"{""type"":""MultiPoint"",""coordinates"":[]}"
20170208,2017-02-08,0.0,"{""type"":""MultiPoint"",""coordinates"":[]}"
20170209,2017-02-09,0.0,"{""type"":""MultiPoint"",""coordinates"":[]}"
20170210,2017-02-10,0.0,"{""type"":""MultiPoint"",""coordinates"":[]}"
20170211,2017-02-11,0.0,"{""type"":""MultiPoint"",""coordinates"":[]}"
20170212,2017-02-12,0.0,"{""type"":""MultiPoint"",""coordinates"":[]}"
20170213,2017-02-13,0.0,"{""type"":""MultiPoint"",""coordinates"":[]}"
20170214,2017-02-14,0.0,"{""type"":""MultiPoint"",""coordinates"":[]}"
20170215,2017-02-15,0.0,"{""type"":""MultiPoint"",""coordinates"":[]}"
20170216,2017-02-16,0.0,"{""type"":""MultiPoint"",""coordinates"":[]}"
20170217,2017-02-17,0.0,"{""type"":""MultiPoint"",""coordinates"":[]}"
20170218,2017-02-18,0.0,"{""type"":""MultiPoint"",""coordinates"":[]}"
20170219,2017-02-19,0.05912273619222555,"{""type"":""MultiPoint"",""coordinates"":[]}"
20170220,2017-02-20,0.0,"{""type"":""MultiPoint"",""coordinates"":[]}"
20170221,2017-02-21,0.0,"{""type"":""MultiPoint"",""coordinates"":[]}"
20170222,2017-02-22,0.0,"{""type"":""MultiPoint"",""coordinates"":[]}"
20170223,2017-02-23,0.0,"{""type"":""MultiPoint"",""coordinates"":[]}"
20170224,2017-02-24,0.0,"{""type"":""MultiPoint"",""coordinates"":[]}"
20170225,2017-02-25,0.0,"{""type"":""MultiPoint"",""coordinates"":[]}"
20170226,2017-02-26,0.0,"{""type"":""MultiPoint"",""coordinates"":[]}"
20170227,2017-02-27,0.17296616469621062,"{""type"":""MultiPoint"",""coordinates"":[]}"
20170228,2017-02-28,0.0,"{""type"":""MultiPoint"",""coordinates"":[]}"
20170301,2017-03-01,0.0,"{""type"":""MultiPoint"",""coordinates"":[]}"
20170302,2017-03-02,0.09746837645887653,"{""type"":""MultiPoint"",""coordinates"":[]}"
20170303,2017-03-03,0.0,"{""type"":""MultiPoint"",""coordinates"":[]}"
20170304,2017-03-04,1.8595768000741965E-5,"{""type"":""MultiPoint"",""coordinates"":[]}"
20170305,2017-03-05,0.0013070484627700385,"{""type"":""MultiPoint"",""coordinates"":[]}"
20170306,2017-03-06,0.0,"{""type"":""MultiPoint"",""coordinates"":[]}"
20170307,2017-03-07,1.0788837826159459,"{""type"":""MultiPoint"",""coordinates"":[]}"
20170308,2017-03-08,0.12454011640884927,"{""type"":""MultiPoint"",""coordinates"":[]}"
20170309,2017-03-09,1.067300184136588,"{""type"":""MultiPoint"",""coordinates"":[]}"
20170310,2017-03-10,5.323452825605555E-4,"{""type"":""MultiPoint"",""coordinates"":[]}"
20170311,2017-03-11,0.0,"{""type"":""MultiPoint"",""coordinates"":[]}"
20170312,2017-03-12,0.0,"{""type"":""MultiPoint"",""coordinates"":[]}"
20170313,2017-03-13,1.088702131033027,"{""type"":""MultiPoint"",""coordinates"":[]}"
20170314,2017-03-14,0.7897640903086885,"{""type"":""MultiPoint"",""coordinates"":[]}"
20170315,2017-03-15,0.0,"{""type"":""MultiPoint"",""coordinates"":[]}"
20170316,2017-03-16,0.0,"{""type"":""MultiPoint"",""coordinates"":[]}"
20170317,2017-03-17,6.623159204021166E-4,"{""type"":""MultiPoint"",""coordinates"":[]}"
20170318,2017-03-18,0.0,"{""type"":""MultiPoint"",""coordinates"":[]}"
20170319,2017-03-19,0.0,"{""type"":""MultiPoint"",""coordinates"":[]}"
20170320,2017-03-20,0.00893968153161911,"{""type"":""MultiPoint"",""coordinates"":[]}"
20170321,2017-03-21,0.0,"{""type"":""MultiPoint"",""coordinates"":[]}"
20170322,2017-03-22,0.0,"{""type"":""MultiPoint"",""coordinates"":[]}"
20170323,2017-03-23,0.0,"{""type"":""MultiPoint"",""coordinates"":[]}"
20170324,2017-03-24,0.0,"{""type"":""MultiPoint"",""coordinates"":[]}"
20170325,2017-03-25,0.0,"{""type"":""MultiPoint"",""coordinates"":[]}"
20170326,2017-03-26,0.0,"{""type"":""MultiPoint"",""coordinates"":[]}"
20170327,2017-03-27,0.0,"{""type"":""MultiPoint"",""coordinates"":[]}"
20170328,2017-03-28,0.0,"{""type"":""MultiPoint"",""coordinates"":[]}"
20170329,2017-03-29,0.0,"{""type"":""MultiPoint"",""coordinates"":[]}"
20170330,2017-03-30,0.0,"{""type"":""MultiPoint"",""coordinates"":[]}"
20170331,2017-03-31,0.0,"{""type"":""MultiPoint"",""coordinates"":[]}"
20170401,2017-04-01,0.0,"{""type"":""MultiPoint"",""coordinates"":[]}"
20170402,2017-04-02,0.0,"{""type"":""MultiPoint"",""coordinates"":[]}"
20170403,2017-04-03,0.49029247259046,"{""type"":""MultiPoint"",""coordinates"":[]}"
20170404,2017-04-04,0.0,"{""type"":""MultiPoint"",""coordinates"":[]}"
20170405,2017-04-05,0.5639909453043014,"{""type"":""MultiPoint"",""coordinates"":[]}"
20170406,2017-04-06,0.09407189666946393,"{""type"":""MultiPoint"",""coordinates"":[]}"
20170407,2017-04-07,0.013583220362815177,"{""type"":""MultiPoint"",""coordinates"":[]}"
20170408,2017-04-08,0.0,"{""type"":""MultiPoint"",""coordinates"":[]}"
20170409,2017-04-09,0.0,"{""type"":""MultiPoint"",""coordinates"":[]}"
20170410,2017-04-10,0.0,"{""type"":""MultiPoint"",""coordinates"":[]}"
20170411,2017-04-11,0.0,"{""type"":""MultiPoint"",""coordinates"":[]}"
20170412,2017-04-12,0.0,"{""type"":""MultiPoint"",""coordinates"":[]}"
20170413,2017-04-13,0.00689870961251837,"{""type"":""MultiPoint"",""coordinates"":[]}"
20170414,2017-04-14,0.07256817288019808,"{""type"":""MultiPoint"",""coordinates"":[]}"
20170415,2017-04-15,0.0,"{""type"":""MultiPoint"",""coordinates"":[]}"
20170416,2017-04-16,0.006642641396800005,"{""type"":""MultiPoint"",""coordinates"":[]}"
20170417,2017-04-17,0.0,"{""type"":""MultiPoint"",""coordinates"":[]}"
20170418,2017-04-18,0.0,"{""type"":""MultiPoint"",""coordinates"":[]}"
20170419,2017-04-19,0.0,"{""type"":""MultiPoint"",""coordinates"":[]}"
20170420,2017-04-20,2.0111274379811492,"{""type"":""MultiPoint"",""coordinates"":[]}"
20170421,2017-04-21,0.5804247254611266,"{""type"":""MultiPoint"",""coordinates"":[]}"
20170422,2017-04-22,0.0,"{""type"":""MultiPoint"",""coordinates"":[]}"
20170423,2017-04-23,0.024990383860696387,"{""type"":""MultiPoint"",""coordinates"":[]}"
20170424,2017-04-24,0.0,"{""type"":""MultiPoint"",""coordinates"":[]}"
20170425,2017-04-25,0.9854547872549593,"{""type"":""MultiPoint"",""coordinates"":[]}"
20170426,2017-04-26,0.0,"{""type"":""MultiPoint"",""coordinates"":[]}"
20170427,2017-04-27,0.6125001370872307,"{""type"":""MultiPoint"",""coordinates"":[]}"
20170428,2017-04-28,0.07384880785822948,"{""type"":""MultiPoint"",""coordinates"":[]}"
20170429,2017-04-29,0.025957536314400755,"{""type"":""MultiPoint"",""coordinates"":[]}"
20170430,2017-04-30,0.004857529046089258,"{""type"":""MultiPoint"",""coordinates"":[]}"
20170501,2017-05-01,0.02089439271043874,"{""type"":""MultiPoint"",""coordinates"":[]}"
20170502,2017-05-02,0.0,"{""type"":""MultiPoint"",""coordinates"":[]}"
20170503,2017-05-03,0.0,"{""type"":""MultiPoint"",""coordinates"":[]}"
20170504,2017-05-04,0.0,"{""type"":""MultiPoint"",""coordinates"":[]}"
20170505,2017-05-05,0.0,"{""type"":""MultiPoint"",""coordinates"":[]}"
20170506,2017-05-06,0.0031531294151618734,"{""type"":""MultiPoint"",""coordinates"":[]}"
20170507,2017-05-07,3.8081001218407335,"{""type"":""MultiPoint"",""coordinates"":[]}"
20170508,2017-05-08,0.0,"{""type"":""MultiPoint"",""coordinates"":[]}"
20170509,2017-05-09,0.8230042044994993,"{""type"":""MultiPoint"",""coordinates"":[]}"
20170510,2017-05-10,0.9110678542271156,"{""type"":""MultiPoint"",""coordinates"":[]}"
20170511,2017-05-11,0.8356082311121984,"{""type"":""MultiPoint"",""coordinates"":[]}"
20170512,2017-05-12,0.0,"{""type"":""MultiPoint"",""coordinates"":[]}"
20170513,2017-05-13,0.0,"{""type"":""MultiPoint"",""coordinates"":[]}"
20170514,2017-05-14,0.0,"{""type"":""MultiPoint"",""coordinates"":[]}"
20170515,2017-05-15,0.00899111654241329,"{""type"":""MultiPoint"",""coordinates"":[]}"
20170516,2017-05-16,0.0,"{""type"":""MultiPoint"",""coordinates"":[]}"
20170517,2017-05-17,0.0,"{""type"":""MultiPoint"",""coordinates"":[]}"
20170518,2017-05-18,4.658314268548602,"{""type"":""MultiPoint"",""coordinates"":[]}"
20170519,2017-05-19,0.049777397106120724,"{""type"":""MultiPoint"",""coordinates"":[]}"
20170520,2017-05-20,2.077787757409642,"{""type"":""MultiPoint"",""coordinates"":[]}"
20170521,2017-05-21,0.0,"{""type"":""MultiPoint"",""coordinates"":[]}"
20170522,2017-05-22,7.37103538482987,"{""type"":""MultiPoint"",""coordinates"":[]}"
20170523,2017-05-23,0.5317367363359062,"{""type"":""MultiPoint"",""coordinates"":[]}"
20170524,2017-05-24,0.055020377237962416,"{""type"":""MultiPoint"",""coordinates"":[]}"
20170525,2017-05-25,0.9379298835646424,"{""type"":""MultiPoint"",""coordinates"":[]}"
20170526,2017-05-26,16.200046804307828,"{""type"":""MultiPoint"",""coordinates"":[]}"
20170527,2017-05-27,3.722975487743479,"{""type"":""MultiPoint"",""coordinates"":[]}"
20170528,2017-05-28,0.5183732842903743,"{""type"":""MultiPoint"",""coordinates"":[]}"
20170529,2017-05-29,0.0,"{""type"":""MultiPoint"",""coordinates"":[]}"
20170530,2017-05-30,0.0,"{""type"":""MultiPoint"",""coordinates"":[]}"
20170531,2017-05-31,0.0,"{""type"":""MultiPoint"",""coordinates"":[]}"
20170601,2017-06-01,0.0,"{""type"":""MultiPoint"",""coordinates"":[]}"
20170602,2017-06-02,2.4231515558777654,"{""type"":""MultiPoint"",""coordinates"":[]}"
20170603,2017-06-03,1.1600021178443338,"{""type"":""MultiPoint"",""coordinates"":[]}"
20170604,2017-06-04,0.3443556211121493,"{""type"":""MultiPoint"",""coordinates"":[]}"
20170605,2017-06-05,0.27650487860616185,"{""type"":""MultiPoint"",""coordinates"":[]}"
20170606,2017-06-06,9.168240948220907,"{""type"":""MultiPoint"",""coordinates"":[]}"
20170607,2017-06-07,6.694627218440349,"{""type"":""MultiPoint"",""coordinates"":[]}"
20170608,2017-06-08,0.323999475179807,"{""type"":""MultiPoint"",""coordinates"":[]}"
20170609,2017-06-09,3.0070600578958677,"{""type"":""MultiPoint"",""coordinates"":[]}"
20170610,2017-06-10,1.5191576074061532,"{""type"":""MultiPoint"",""coordinates"":[]}"
20170611,2017-06-11,2.4124785830869895,"{""type"":""MultiPoint"",""coordinates"":[]}"
20170612,2017-06-12,0.10574938146176016,"{""type"":""MultiPoint"",""coordinates"":[]}"
20170613,2017-06-13,1.4163756981813693,"{""type"":""MultiPoint"",""coordinates"":[]}"
20170614,2017-06-14,4.333499136864829,"{""type"":""MultiPoint"",""coordinates"":[]}"
20170615,2017-06-15,9.248665914400371,"{""type"":""MultiPoint"",""coordinates"":[]}"
20170616,2017-06-16,17.952733405328612,"{""type"":""MultiPoint"",""coordinates"":[]}"
20170617,2017-06-17,3.1373958265026016,"{""type"":""MultiPoint"",""coordinates"":[]}"
20170618,2017-06-18,5.647803656521025,"{""type"":""MultiPoint"",""coordinates"":[]}"
20170619,2017-06-19,9.348348646517099,"{""type"":""MultiPoint"",""coordinates"":[]}"
20170620,2017-06-20,2.8531973068376377,"{""type"":""MultiPoint"",""coordinates"":[]}"
20170621,2017-06-21,2.43971637934475,"{""type"":""MultiPoint"",""coordinates"":[]}"
20170622,2017-06-22,0.18913207014090275,"{""type"":""MultiPoint"",""coordinates"":[]}"
20170623,2017-06-23,6.138193278994513,"{""type"":""MultiPoint"",""coordinates"":[]}"
20170624,2017-06-24,6.226599422676173,"{""type"":""MultiPoint"",""coordinates"":[]}"
20170625,2017-06-25,3.5461498873599373,"{""type"":""MultiPoint"",""coordinates"":[]}"
20170626,2017-06-26,0.25318517100144916,"{""type"":""MultiPoint"",""coordinates"":[]}"
20170627,2017-06-27,0.9777198132098898,"{""type"":""MultiPoint"",""coordinates"":[]}"
20170628,2017-06-28,4.390784656724383,"{""type"":""MultiPoint"",""coordinates"":[]}"
20170629,2017-06-29,0.18294529061006817,"{""type"":""MultiPoint"",""coordinates"":[]}"
20170630,2017-06-30,2.965803030991171,"{""type"":""MultiPoint"",""coordinates"":[]}"
20170701,2017-07-01,9.064101932173735,"{""type"":""MultiPoint"",""coordinates"":[]}"
20170702,2017-07-02,0.22326754658784806,"{""type"":""MultiPoint"",""coordinates"":[]}"
20170703,2017-07-03,0.5466414514971492,"{""type"":""MultiPoint"",""coordinates"":[]}"
20170704,2017-07-04,2.2513697035253637,"{""type"":""MultiPoint"",""coordinates"":[]}"
20170705,2017-07-05,0.0,"{""type"":""MultiPoint"",""coordinates"":[]}"
20170706,2017-07-06,5.793513349535364,"{""type"":""MultiPoint"",""coordinates"":[]}"
20170707,2017-07-07,9.753143462129607,"{""type"":""MultiPoint"",""coordinates"":[]}"
20170708,2017-07-08,9.341576850603007,"{""type"":""MultiPoint"",""coordinates"":[]}"
20170709,2017-07-09,2.631916152231345,"{""type"":""MultiPoint"",""coordinates"":[]}"
20170710,2017-07-10,0.12600508289787907,"{""type"":""MultiPoint"",""coordinates"":[]}"
20170711,2017-07-11,8.923103338905106,"{""type"":""MultiPoint"",""coordinates"":[]}"
20170712,2017-07-12,2.951839002177089,"{""type"":""MultiPoint"",""coordinates"":[]}"
20170713,2017-07-13,2.3593040828079364,"{""type"":""MultiPoint"",""coordinates"":[]}"
20170714,2017-07-14,1.6693665362630712,"{""type"":""MultiPoint"",""coordinates"":[]}"
20170715,2017-07-15,3.8103890315655113,"{""type"":""MultiPoint"",""coordinates"":[]}"
20170716,2017-07-16,1.1707829952543805,"{""type"":""MultiPoint"",""coordinates"":[]}"
20170717,2017-07-17,6.765175754021745,"{""type"":""MultiPoint"",""coordinates"":[]}"
20170718,2017-07-18,2.2292290835535766,"{""type"":""MultiPoint"",""coordinates"":[]}"
20170719,2017-07-19,0.5139784191843948,"{""type"":""MultiPoint"",""coordinates"":[]}"
20170720,2017-07-20,0.0,"{""type"":""MultiPoint"",""coordinates"":[]}"
20170721,2017-07-21,0.0,"{""type"":""MultiPoint"",""coordinates"":[]}"
20170722,2017-07-22,0.0,"{""type"":""MultiPoint"",""coordinates"":[]}"
20170723,2017-07-23,0.0,"{""type"":""MultiPoint"",""coordinates"":[]}"
20170724,2017-07-24,0.010901819304913202,"{""type"":""MultiPoint"",""coordinates"":[]}"
20170725,2017-07-25,0.05663332592802545,"{""type"":""MultiPoint"",""coordinates"":[]}"
20170726,2017-07-26,0.0,"{""type"":""MultiPoint"",""coordinates"":[]}"
20170727,2017-07-27,0.08226878253420326,"{""type"":""MultiPoint"",""coordinates"":[]}"
20170728,2017-07-28,1.6520314759368875,"{""type"":""MultiPoint"",""coordinates"":[]}"
20170729,2017-07-29,0.005774043511068351,"{""type"":""MultiPoint"",""coordinates"":[]}"
20170730,2017-07-30,3.402612702091693,"{""type"":""MultiPoint"",""coordinates"":[]}"
20170731,2017-07-31,8.819125392243004,"{""type"":""MultiPoint"",""coordinates"":[]}"
20170801,2017-08-01,1.0817471503516343,"{""type"":""MultiPoint"",""coordinates"":[]}"
20170802,2017-08-02,2.9979162957588477,"{""type"":""MultiPoint"",""coordinates"":[]}"
20170803,2017-08-03,2.1083303087645247,"{""type"":""MultiPoint"",""coordinates"":[]}"
20170804,2017-08-04,2.1839929051733793,"{""type"":""MultiPoint"",""coordinates"":[]}"
20170805,2017-08-05,0.5065354513846739,"{""type"":""MultiPoint"",""coordinates"":[]}"
20170806,2017-08-06,1.2121240886301636,"{""type"":""MultiPoint"",""coordinates"":[]}"
20170807,2017-08-07,0.3737884887388814,"{""type"":""MultiPoint"",""coordinates"":[]}"
20170808,2017-08-08,4.0818452002730865,"{""type"":""MultiPoint"",""coordinates"":[]}"
20170809,2017-08-09,8.198122784539661,"{""type"":""MultiPoint"",""coordinates"":[]}"
20170810,2017-08-10,2.868583538457042,"{""type"":""MultiPoint"",""coordinates"":[]}"
20170811,2017-08-11,3.2060142202285635,"{""type"":""MultiPoint"",""coordinates"":[]}"
20170812,2017-08-12,1.034363102232549,"{""type"":""MultiPoint"",""coordinates"":[]}"
20170813,2017-08-13,10.031886050921816,"{""type"":""MultiPoint"",""coordinates"":[]}"
20170814,2017-08-14,6.731794548163561,"{""type"":""MultiPoint"",""coordinates"":[]}"
20170815,2017-08-15,5.543351725700276,"{""type"":""MultiPoint"",""coordinates"":[]}"
20170816,2017-08-16,6.331129798783469,"{""type"":""MultiPoint"",""coordinates"":[]}"
20170817,2017-08-17,13.91837646251858,"{""type"":""MultiPoint"",""coordinates"":[]}"
20170818,2017-08-18,3.454863171004448,"{""type"":""MultiPoint"",""coordinates"":[]}"
20170819,2017-08-19,3.075328689239824,"{""type"":""MultiPoint"",""coordinates"":[]}"
20170820,2017-08-20,1.9109249247258828,"{""type"":""MultiPoint"",""coordinates"":[]}"
20170821,2017-08-21,9.352811681321592,"{""type"":""MultiPoint"",""coordinates"":[]}"
20170822,2017-08-22,4.59510890888552,"{""type"":""MultiPoint"",""coordinates"":[]}"
20170823,2017-08-23,6.5123235913470525,"{""type"":""MultiPoint"",""coordinates"":[]}"
20170824,2017-08-24,26.33217541320162,"{""type"":""MultiPoint"",""coordinates"":[]}"
20170825,2017-08-25,10.281892601733052,"{""type"":""MultiPoint"",""coordinates"":[]}"
20170826,2017-08-26,7.875779841928246,"{""type"":""MultiPoint"",""coordinates"":[]}"
20170827,2017-08-27,7.718187677250337,"{""type"":""MultiPoint"",""coordinates"":[]}"
20170828,2017-08-28,18.87762954488531,"{""type"":""MultiPoint"",""coordinates"":[]}"
20170829,2017-08-29,6.571979638991327,"{""type"":""MultiPoint"",""coordinates"":[]}"
20170830,2017-08-30,1.369793027464698,"{""type"":""MultiPoint"",""coordinates"":[]}"
20170831,2017-08-31,0.3557745978183837,"{""type"":""MultiPoint"",""coordinates"":[]}"
20170901,2017-09-01,0.7876533690900857,"{""type"":""MultiPoint"",""coordinates"":[]}"
20170902,2017-09-02,5.5108282451910995,"{""type"":""MultiPoint"",""coordinates"":[]}"
20170903,2017-09-03,6.731991443213485,"{""type"":""MultiPoint"",""coordinates"":[]}"
20170904,2017-09-04,3.3414205894841427,"{""type"":""MultiPoint"",""coordinates"":[]}"
20170905,2017-09-05,4.618857266014782,"{""type"":""MultiPoint"",""coordinates"":[]}"
20170906,2017-09-06,18.167944657675992,"{""type"":""MultiPoint"",""coordinates"":[]}"
20170907,2017-09-07,3.382815770159799,"{""type"":""MultiPoint"",""coordinates"":[]}"
20170908,2017-09-08,3.244551153953009,"{""type"":""MultiPoint"",""coordinates"":[]}"
20170909,2017-09-09,4.497674158784367,"{""type"":""MultiPoint"",""coordinates"":[]}"
20170910,2017-09-10,0.6527795441266575,"{""type"":""MultiPoint"",""coordinates"":[]}"
20170911,2017-09-11,0.2519510663549528,"{""type"":""MultiPoint"",""coordinates"":[]}"
20170912,2017-09-12,0.1277998638709144,"{""type"":""MultiPoint"",""coordinates"":[]}"
20170913,2017-09-13,0.036630903244313166,"{""type"":""MultiPoint"",""coordinates"":[]}"
20170914,2017-09-14,7.435620106163738,"{""type"":""MultiPoint"",""coordinates"":[]}"
20170915,2017-09-15,5.664923870465456,"{""type"":""MultiPoint"",""coordinates"":[]}"
20170916,2017-09-16,21.115456016596653,"{""type"":""MultiPoint"",""coordinates"":[]}"
20170917,2017-09-17,7.563984902634118,"{""type"":""MultiPoint"",""coordinates"":[]}"
20170918,2017-09-18,0.5081822614805687,"{""type"":""MultiPoint"",""coordinates"":[]}"
20170919,2017-09-19,0.12564840173704742,"{""type"":""MultiPoint"",""coordinates"":[]}"
20170920,2017-09-20,0.23486629321399602,"{""type"":""MultiPoint"",""coordinates"":[]}"
20170921,2017-09-21,0.0,"{""type"":""MultiPoint"",""coordinates"":[]}"
20170922,2017-09-22,0.0,"{""type"":""MultiPoint"",""coordinates"":[]}"
20170923,2017-09-23,2.1819767248816038,"{""type"":""MultiPoint"",""coordinates"":[]}"
20170924,2017-09-24,6.154131486649062,"{""type"":""MultiPoint"",""coordinates"":[]}"
20170925,2017-09-25,13.781581797599609,"{""type"":""MultiPoint"",""coordinates"":[]}"
20170926,2017-09-26,3.222047374498644,"{""type"":""MultiPoint"",""coordinates"":[]}"
20170927,2017-09-27,8.874509883688317,"{""type"":""MultiPoint"",""coordinates"":[]}"
20170928,2017-09-28,7.513444658774283,"{""type"":""MultiPoint"",""coordinates"":[]}"
20170929,2017-09-29,4.572082795194391,"{""type"":""MultiPoint"",""coordinates"":[]}"
20170930,2017-09-30,7.564318030512179,"{""type"":""MultiPoint"",""coordinates"":[]}"
20171001,2017-10-01,31.56010863561219,"{""type"":""MultiPoint"",""coordinates"":[]}"
20171002,2017-10-02,2.8625061991261056,"{""type"":""MultiPoint"",""coordinates"":[]}"
20171003,2017-10-03,8.871013948244126,"{""type"":""MultiPoint"",""coordinates"":[]}"
20171004,2017-10-04,14.836798894330336,"{""type"":""MultiPoint"",""coordinates"":[]}"
20171005,2017-10-05,21.547835718643146,"{""type"":""MultiPoint"",""coordinates"":[]}"
20171006,2017-10-06,3.465685199405087,"{""type"":""MultiPoint"",""coordinates"":[]}"
20171007,2017-10-07,14.288686035404607,"{""type"":""MultiPoint"",""coordinates"":[]}"
20171008,2017-10-08,16.805966853222692,"{""type"":""MultiPoint"",""coordinates"":[]}"
20171009,2017-10-09,14.345027242357007,"{""type"":""MultiPoint"",""coordinates"":[]}"
20171010,2017-10-10,8.927345911563584,"{""type"":""MultiPoint"",""coordinates"":[]}"
20171011,2017-10-11,3.6713347307838533,"{""type"":""MultiPoint"",""coordinates"":[]}"
20171012,2017-10-12,5.070470762939609,"{""type"":""MultiPoint"",""coordinates"":[]}"
20171013,2017-10-13,12.298877615195272,"{""type"":""MultiPoint"",""coordinates"":[]}"
20171014,2017-10-14,3.257979035752204,"{""type"":""MultiPoint"",""coordinates"":[]}"
20171015,2017-10-15,10.64810437360325,"{""type"":""MultiPoint"",""coordinates"":[]}"
20171016,2017-10-16,9.727482714032318,"{""type"":""MultiPoint"",""coordinates"":[]}"
20171017,2017-10-17,4.605926476256997,"{""type"":""MultiPoint"",""coordinates"":[]}"
20171018,2017-10-18,0.03902247869660459,"{""type"":""MultiPoint"",""coordinates"":[]}"
20171019,2017-10-19,0.0,"{""type"":""MultiPoint"",""coordinates"":[]}"
20171020,2017-10-20,0.0,"{""type"":""MultiPoint"",""coordinates"":[]}"
20171021,2017-10-21,0.27132308078870015,"{""type"":""MultiPoint"",""coordinates"":[]}"
20171022,2017-10-22,0.0,"{""type"":""MultiPoint"",""coordinates"":[]}"
20171023,2017-10-23,0.0,"{""type"":""MultiPoint"",""coordinates"":[]}"
20171024,2017-10-24,0.0025298197039187215,"{""type"":""MultiPoint"",""coordinates"":[]}"
20171025,2017-10-25,0.02557492887724752,"{""type"":""MultiPoint"",""coordinates"":[]}"
20171026,2017-10-26,1.5511057975407558,"{""type"":""MultiPoint"",""coordinates"":[]}"
20171027,2017-10-27,0.40334358088835864,"{""type"":""MultiPoint"",""coordinates"":[]}"
20171028,2017-10-28,0.007620445323201246,"{""type"":""MultiPoint"",""coordinates"":[]}"
20171029,2017-10-29,0.0,"{""type"":""MultiPoint"",""coordinates"":[]}"
20171030,2017-10-30,0.11710115821360532,"{""type"":""MultiPoint"",""coordinates"":[]}"
20171031,2017-10-31,0.7122472348551809,"{""type"":""MultiPoint"",""coordinates"":[]}"
20171101,2017-11-01,2.808633572481616,"{""type"":""MultiPoint"",""coordinates"":[]}"
20171102,2017-11-02,0.12309348451293484,"{""type"":""MultiPoint"",""coordinates"":[]}"
20171103,2017-11-03,0.16300510708170016,"{""type"":""MultiPoint"",""coordinates"":[]}"
20171104,2017-11-04,0.6127061739802734,"{""type"":""MultiPoint"",""coordinates"":[]}"
20171105,2017-11-05,0.11446578819263709,"{""type"":""MultiPoint"",""coordinates"":[]}"
20171106,2017-11-06,0.08049110032262162,"{""type"":""MultiPoint"",""coordinates"":[]}"
20171107,2017-11-07,0.0,"{""type"":""MultiPoint"",""coordinates"":[]}"
20171108,2017-11-08,0.0,"{""type"":""MultiPoint"",""coordinates"":[]}"
20171109,2017-11-09,0.0,"{""type"":""MultiPoint"",""coordinates"":[]}"
20171110,2017-11-10,2.598131493706039,"{""type"":""MultiPoint"",""coordinates"":[]}"
20171111,2017-11-11,12.808064380769046,"{""type"":""MultiPoint"",""coordinates"":[]}"
20171112,2017-11-12,9.099332397619436,"{""type"":""MultiPoint"",""coordinates"":[]}"
20171113,2017-11-13,2.5103467258720435,"{""type"":""MultiPoint"",""coordinates"":[]}"
20171114,2017-11-14,2.4524422952188556,"{""type"":""MultiPoint"",""coordinates"":[]}"
20171115,2017-11-15,0.15608162147297192,"{""type"":""MultiPoint"",""coordinates"":[]}"
20171116,2017-11-16,0.0,"{""type"":""MultiPoint"",""coordinates"":[]}"
20171117,2017-11-17,1.3878629705512533,"{""type"":""MultiPoint"",""coordinates"":[]}"
20171118,2017-11-18,0.0,"{""type"":""MultiPoint"",""coordinates"":[]}"
20171119,2017-11-19,0.0,"{""type"":""MultiPoint"",""coordinates"":[]}"
20171120,2017-11-20,0.0,"{""type"":""MultiPoint"",""coordinates"":[]}"
20171121,2017-11-21,0.005687603168139178,"{""type"":""MultiPoint"",""coordinates"":[]}"
20171122,2017-11-22,0.0,"{""type"":""MultiPoint"",""coordinates"":[]}"
20171123,2017-11-23,0.0,"{""type"":""MultiPoint"",""coordinates"":[]}"
20171124,2017-11-24,0.8022130232158902,"{""type"":""MultiPoint"",""coordinates"":[]}"
20171125,2017-11-25,6.060166691704485,"{""type"":""MultiPoint"",""coordinates"":[]}"
20171126,2017-11-26,1.3494386056990695,"{""type"":""MultiPoint"",""coordinates"":[]}"
20171127,2017-11-27,0.14420128832011814,"{""type"":""MultiPoint"",""coordinates"":[]}"
20171128,2017-11-28,0.0,"{""type"":""MultiPoint"",""coordinates"":[]}"
20171129,2017-11-29,0.0923075596347262,"{""type"":""MultiPoint"",""coordinates"":[]}"
20171130,2017-11-30,0.23215232245106499,"{""type"":""MultiPoint"",""coordinates"":[]}"
20171201,2017-12-01,9.552697261741796,"{""type"":""MultiPoint"",""coordinates"":[]}"
20171202,2017-12-02,0.0165254878041256,"{""type"":""MultiPoint"",""coordinates"":[]}"
20171203,2017-12-03,0.0,"{""type"":""MultiPoint"",""coordinates"":[]}"
20171204,2017-12-04,0.0,"{""type"":""MultiPoint"",""coordinates"":[]}"
20171205,2017-12-05,0.0,"{""type"":""MultiPoint"",""coordinates"":[]}"
20171206,2017-12-06,2.286599797024462E-4,"{""type"":""MultiPoint"",""coordinates"":[]}"
20171207,2017-12-07,0.0,"{""type"":""MultiPoint"",""coordinates"":[]}"
20171208,2017-12-08,0.0,"{""type"":""MultiPoint"",""coordinates"":[]}"
20171209,2017-12-09,0.0,"{""type"":""MultiPoint"",""coordinates"":[]}"
20171210,2017-12-10,0.0,"{""type"":""MultiPoint"",""coordinates"":[]}"
20171211,2017-12-11,0.0,"{""type"":""MultiPoint"",""coordinates"":[]}"
20171212,2017-12-12,0.0,"{""type"":""MultiPoint"",""coordinates"":[]}"
20171213,2017-12-13,0.0,"{""type"":""MultiPoint"",""coordinates"":[]}"
20171214,2017-12-14,0.0,"{""type"":""MultiPoint"",""coordinates"":[]}"
20171215,2017-12-15,0.2798958124836224,"{""type"":""MultiPoint"",""coordinates"":[]}"
20171216,2017-12-16,0.7119024092476172,"{""type"":""MultiPoint"",""coordinates"":[]}"
20171217,2017-12-17,0.0,"{""type"":""MultiPoint"",""coordinates"":[]}"
20171218,2017-12-18,0.0,"{""type"":""MultiPoint"",""coordinates"":[]}"
20171219,2017-12-19,0.0,"{""type"":""MultiPoint"",""coordinates"":[]}"
20171220,2017-12-20,0.0,"{""type"":""MultiPoint"",""coordinates"":[]}"
20171221,2017-12-21,1.2021434808166842,"{""type"":""MultiPoint"",""coordinates"":[]}"
20171222,2017-12-22,0.029784669435847778,"{""type"":""MultiPoint"",""coordinates"":[]}"
20171223,2017-12-23,0.0,"{""type"":""MultiPoint"",""coordinates"":[]}"
20171224,2017-12-24,0.0,"{""type"":""MultiPoint"",""coordinates"":[]}"
20171225,2017-12-25,0.0,"{""type"":""MultiPoint"",""coordinates"":[]}"
20171226,2017-12-26,0.0,"{""type"":""MultiPoint"",""coordinates"":[]}"
20171227,2017-12-27,0.1706106532276904,"{""type"":""MultiPoint"",""coordinates"":[]}"
20171228,2017-12-28,0.004891724090629201,"{""type"":""MultiPoint"",""coordinates"":[]}"
20171229,2017-12-29,0.14091203949527586,"{""type"":""MultiPoint"",""coordinates"":[]}"
20171230,2017-12-30,1.6808599835239046,"{""type"":""MultiPoint"",""coordinates"":[]}"
20171231,2017-12-31,0.0,"{""type"":""MultiPoint"",""coordinates"":[]}"
20180101,2018-01-01,0.15554906170299238,"{""type"":""MultiPoint"",""coordinates"":[]}"
20180102,2018-01-02,0.6778837066509277,"{""type"":""MultiPoint"",""coordinates"":[]}"
20180103,2018-01-03,0.10660217088286232,"{""type"":""MultiPoint"",""coordinates"":[]}"
20180104,2018-01-04,0.0,"{""type"":""MultiPoint"",""coordinates"":[]}"
20180105,2018-01-05,0.19599265778999642,"{""type"":""MultiPoint"",""coordinates"":[]}"
20180106,2018-01-06,0.0,"{""type"":""MultiPoint"",""coordinates"":[]}"
20180107,2018-01-07,0.0,"{""type"":""MultiPoint"",""coordinates"":[]}"
20180108,2018-01-08,0.0,"{""type"":""MultiPoint"",""coordinates"":[]}"
20180109,2018-01-09,0.12525369829803232,"{""type"":""MultiPoint"",""coordinates"":[]}"
20180110,2018-01-10,0.9077561547306278,"{""type"":""MultiPoint"",""coordinates"":[]}"
20180111,2018-01-11,0.24805264074231514,"{""type"":""MultiPoint"",""coordinates"":[]}"
20180112,2018-01-12,0.0,"{""type"":""MultiPoint"",""coordinates"":[]}"
20180113,2018-01-13,0.046755428583404625,"{""type"":""MultiPoint"",""coordinates"":[]}"
20180114,2018-01-14,0.13031777798468927,"{""type"":""MultiPoint"",""coordinates"":[]}"
20180115,2018-01-15,0.0091700672914601,"{""type"":""MultiPoint"",""coordinates"":[]}"
20180116,2018-01-16,0.030971185942941248,"{""type"":""MultiPoint"",""coordinates"":[]}"
20180117,2018-01-17,0.29958738683940744,"{""type"":""MultiPoint"",""coordinates"":[]}"
20180118,2018-01-18,0.00495616105844115,"{""type"":""MultiPoint"",""coordinates"":[]}"
20180119,2018-01-19,0.0,"{""type"":""MultiPoint"",""coordinates"":[]}"
20180120,2018-01-20,0.0,"{""type"":""MultiPoint"",""coordinates"":[]}"
20180121,2018-01-21,0.0,"{""type"":""MultiPoint"",""coordinates"":[]}"
20180122,2018-01-22,0.0,"{""type"":""MultiPoint"",""coordinates"":[]}"
20180123,2018-01-23,0.0,"{""type"":""MultiPoint"",""coordinates"":[]}"
20180124,2018-01-24,0.0,"{""type"":""MultiPoint"",""coordinates"":[]}"
20180125,2018-01-25,0.0,"{""type"":""MultiPoint"",""coordinates"":[]}"
20180126,2018-01-26,0.0,"{""type"":""MultiPoint"",""coordinates"":[]}"
20180127,2018-01-27,0.0,"{""type"":""MultiPoint"",""coordinates"":[]}"
20180128,2018-01-28,0.0,"{""type"":""MultiPoint"",""coordinates"":[]}"
20180129,2018-01-29,0.0,"{""type"":""MultiPoint"",""coordinates"":[]}"
20180130,2018-01-30,0.0,"{""type"":""MultiPoint"",""coordinates"":[]}"
20180131,2018-01-31,0.0,"{""type"":""MultiPoint"",""coordinates"":[]}"
20180201,2018-02-01,0.0,"{""type"":""MultiPoint"",""coordinates"":[]}"
20180202,2018-02-02,0.0,"{""type"":""MultiPoint"",""coordinates"":[]}"
20180203,2018-02-03,0.0,"{""type"":""MultiPoint"",""coordinates"":[]}"
20180204,2018-02-04,0.010406606172131598,"{""type"":""MultiPoint"",""coordinates"":[]}"
20180205,2018-02-05,0.0,"{""type"":""MultiPoint"",""coordinates"":[]}"
20180206,2018-02-06,0.0,"{""type"":""MultiPoint"",""coordinates"":[]}"
20180207,2018-02-07,1.3129523556591596,"{""type"":""MultiPoint"",""coordinates"":[]}"
20180208,2018-02-08,0.0,"{""type"":""MultiPoint"",""coordinates"":[]}"
20180209,2018-02-09,0.11162159525897462,"{""type"":""MultiPoint"",""coordinates"":[]}"
20180210,2018-02-10,0.0014765717446787938,"{""type"":""MultiPoint"",""coordinates"":[]}"
20180211,2018-02-11,0.13815889072431103,"{""type"":""MultiPoint"",""coordinates"":[]}"
20180212,2018-02-12,0.03724470161105527,"{""type"":""MultiPoint"",""coordinates"":[]}"
20180213,2018-02-13,0.12988661074528354,"{""type"":""MultiPoint"",""coordinates"":[]}"
20180214,2018-02-14,0.007959533100925082,"{""type"":""MultiPoint"",""coordinates"":[]}"
20180215,2018-02-15,0.1590202785978613,"{""type"":""MultiPoint"",""coordinates"":[]}"
20180216,2018-02-16,0.0,"{""type"":""MultiPoint"",""coordinates"":[]}"
20180217,2018-02-17,0.0,"{""type"":""MultiPoint"",""coordinates"":[]}"
20180218,2018-02-18,0.0,"{""type"":""MultiPoint"",""coordinates"":[]}"
20180219,2018-02-19,0.0,"{""type"":""MultiPoint"",""coordinates"":[]}"
20180220,2018-02-20,0.0,"{""type"":""MultiPoint"",""coordinates"":[]}"
20180221,2018-02-21,0.0,"{""type"":""MultiPoint"",""coordinates"":[]}"
20180222,2018-02-22,0.0,"{""type"":""MultiPoint"",""coordinates"":[]}"
20180223,2018-02-23,0.0,"{""type"":""MultiPoint"",""coordinates"":[]}"
20180224,2018-02-24,0.0,"{""type"":""MultiPoint"",""coordinates"":[]}"
20180225,2018-02-25,0.0,"{""type"":""MultiPoint"",""coordinates"":[]}"
20180226,2018-02-26,0.0,"{""type"":""MultiPoint"",""coordinates"":[]}"
20180227,2018-02-27,0.0,"{""type"":""MultiPoint"",""coordinates"":[]}"
20180228,2018-02-28,0.0,"{""type"":""MultiPoint"",""coordinates"":[]}"
20180301,2018-03-01,0.0,"{""type"":""MultiPoint"",""coordinates"":[]}"
20180302,2018-03-02,0.0,"{""type"":""MultiPoint"",""coordinates"":[]}"
20180303,2018-03-03,0.0,"{""type"":""MultiPoint"",""coordinates"":[]}"
20180304,2018-03-04,0.0010261117281930147,"{""type"":""MultiPoint"",""coordinates"":[]}"
20180305,2018-03-05,0.0,"{""type"":""MultiPoint"",""coordinates"":[]}"
20180306,2018-03-06,0.0,"{""type"":""MultiPoint"",""coordinates"":[]}"
20180307,2018-03-07,0.0,"{""type"":""MultiPoint"",""coordinates"":[]}"
20180308,2018-03-08,0.0,"{""type"":""MultiPoint"",""coordinates"":[]}"
20180309,2018-03-09,0.0,"{""type"":""MultiPoint"",""coordinates"":[]}"
20180310,2018-03-10,0.0,"{""type"":""MultiPoint"",""coordinates"":[]}"
20180311,2018-03-11,0.0,"{""type"":""MultiPoint"",""coordinates"":[]}"
20180312,2018-03-12,0.0,"{""type"":""MultiPoint"",""coordinates"":[]}"
20180313,2018-03-13,8.442639135350481E-5,"{""type"":""MultiPoint"",""coordinates"":[]}"
20180314,2018-03-14,0.0,"{""type"":""MultiPoint"",""coordinates"":[]}"
20180315,2018-03-15,0.0,"{""type"":""MultiPoint"",""coordinates"":[]}"
20180316,2018-03-16,4.899919047562485,"{""type"":""MultiPoint"",""coordinates"":[]}"
20180317,2018-03-17,0.32902555377408715,"{""type"":""MultiPoint"",""coordinates"":[]}"
20180318,2018-03-18,0.0,"{""type"":""MultiPoint"",""coordinates"":[]}"
20180319,2018-03-19,0.0,"{""type"":""MultiPoint"",""coordinates"":[]}"
20180320,2018-03-20,0.0,"{""type"":""MultiPoint"",""coordinates"":[]}"
20180321,2018-03-21,0.0,"{""type"":""MultiPoint"",""coordinates"":[]}"
20180322,2018-03-22,0.0,"{""type"":""MultiPoint"",""coordinates"":[]}"
20180323,2018-03-23,0.0390171503796975,"{""type"":""MultiPoint"",""coordinates"":[]}"
20180324,2018-03-24,0.007193617349463264,"{""type"":""MultiPoint"",""coordinates"":[]}"
20180325,2018-03-25,0.0,"{""type"":""MultiPoint"",""coordinates"":[]}"
20180326,2018-03-26,0.0,"{""type"":""MultiPoint"",""coordinates"":[]}"
20180327,2018-03-27,0.0,"{""type"":""MultiPoint"",""coordinates"":[]}"
20180328,2018-03-28,0.0,"{""type"":""MultiPoint"",""coordinates"":[]}"
20180329,2018-03-29,0.0333099631318237,"{""type"":""MultiPoint"",""coordinates"":[]}"
20180330,2018-03-30,3.2104360327339236,"{""type"":""MultiPoint"",""coordinates"":[]}"
20180331,2018-03-31,0.8130529202112023,"{""type"":""MultiPoint"",""coordinates"":[]}"
20180401,2018-04-01,0.0235184470318402,"{""type"":""MultiPoint"",""coordinates"":[]}"
20180402,2018-04-02,1.5516614245301388,"{""type"":""MultiPoint"",""coordinates"":[]}"
20180403,2018-04-03,0.029638611159140706,"{""type"":""MultiPoint"",""coordinates"":[]}"
20180404,2018-04-04,0.0,"{""type"":""MultiPoint"",""coordinates"":[]}"
20180405,2018-04-05,0.0,"{""type"":""MultiPoint"",""coordinates"":[]}"
20180406,2018-04-06,0.021235465433540764,"{""type"":""MultiPoint"",""coordinates"":[]}"
20180407,2018-04-07,0.0,"{""type"":""MultiPoint"",""coordinates"":[]}"
20180408,2018-04-08,0.0,"{""type"":""MultiPoint"",""coordinates"":[]}"
20180409,2018-04-09,0.0,"{""type"":""MultiPoint"",""coordinates"":[]}"
20180410,2018-04-10,0.005049825345300205,"{""type"":""MultiPoint"",""coordinates"":[]}"
20180411,2018-04-11,0.0,"{""type"":""MultiPoint"",""coordinates"":[]}"
20180412,2018-04-12,0.0,"{""type"":""MultiPoint"",""coordinates"":[]}"
20180413,2018-04-13,0.0,"{""type"":""MultiPoint"",""coordinates"":[]}"
20180414,2018-04-14,0.0,"{""type"":""MultiPoint"",""coordinates"":[]}"
20180415,2018-04-15,0.0,"{""type"":""MultiPoint"",""coordinates"":[]}"
20180416,2018-04-16,0.0,"{""type"":""MultiPoint"",""coordinates"":[]}"
20180417,2018-04-17,0.0,"{""type"":""MultiPoint"",""coordinates"":[]}"
20180418,2018-04-18,0.0,"{""type"":""MultiPoint"",""coordinates"":[]}"
20180419,2018-04-19,2.8245221695688403,"{""type"":""MultiPoint"",""coordinates"":[]}"
20180420,2018-04-20,1.1281140082038161,"{""type"":""MultiPoint"",""coordinates"":[]}"
20180421,2018-04-21,0.0,"{""type"":""MultiPoint"",""coordinates"":[]}"
20180422,2018-04-22,1.1390955845034667,"{""type"":""MultiPoint"",""coordinates"":[]}"
20180423,2018-04-23,0.10478319150304025,"{""type"":""MultiPoint"",""coordinates"":[]}"
20180424,2018-04-24,1.9345071217818317,"{""type"":""MultiPoint"",""coordinates"":[]}"
20180425,2018-04-25,0.028463670364764642,"{""type"":""MultiPoint"",""coordinates"":[]}"
20180426,2018-04-26,0.058747770175255516,"{""type"":""MultiPoint"",""coordinates"":[]}"
20180427,2018-04-27,0.0,"{""type"":""MultiPoint"",""coordinates"":[]}"
20180428,2018-04-28,0.0,"{""type"":""MultiPoint"",""coordinates"":[]}"
20180429,2018-04-29,0.04394049622374814,"{""type"":""MultiPoint"",""coordinates"":[]}"
20180430,2018-04-30,0.38972031687771397,"{""type"":""MultiPoint"",""coordinates"":[]}"
20180501,2018-05-01,4.26820657034797,"{""type"":""MultiPoint"",""coordinates"":[]}"
20180502,2018-05-02,0.9181850330449488,"{""type"":""MultiPoint"",""coordinates"":[]}"
20180503,2018-05-03,7.209117766222439,"{""type"":""MultiPoint"",""coordinates"":[]}"
20180504,2018-05-04,0.0,"{""type"":""MultiPoint"",""coordinates"":[]}"
20180505,2018-05-05,0.0,"{""type"":""MultiPoint"",""coordinates"":[]}"
20180506,2018-05-06,0.0072881148543400024,"{""type"":""MultiPoint"",""coordinates"":[]}"
20180507,2018-05-07,0.0,"{""type"":""MultiPoint"",""coordinates"":[]}"
20180508,2018-05-08,0.4155589597595381,"{""type"":""MultiPoint"",""coordinates"":[]}"
20180509,2018-05-09,0.48590926717468075,"{""type"":""MultiPoint"",""coordinates"":[]}"
20180510,2018-05-10,2.649075775422309,"{""type"":""MultiPoint"",""coordinates"":[]}"
20180511,2018-05-11,0.019208683608355946,"{""type"":""MultiPoint"",""coordinates"":[]}"
20180512,2018-05-12,3.2012432671948443,"{""type"":""MultiPoint"",""coordinates"":[]}"
20180513,2018-05-13,4.332174796850411,"{""type"":""MultiPoint"",""coordinates"":[]}"
20180514,2018-05-14,1.2811064608921887,"{""type"":""MultiPoint"",""coordinates"":[]}"
20180515,2018-05-15,0.7191232215696705,"{""type"":""MultiPoint"",""coordinates"":[]}"
20180516,2018-05-16,0.04681932040520671,"{""type"":""MultiPoint"",""coordinates"":[]}"
20180517,2018-05-17,0.015155325110098495,"{""type"":""MultiPoint"",""coordinates"":[]}"
20180518,2018-05-18,1.3775368034179072,"{""type"":""MultiPoint"",""coordinates"":[]}"
20180519,2018-05-19,5.977093660801532,"{""type"":""MultiPoint"",""coordinates"":[]}"
20180520,2018-05-20,0.0,"{""type"":""MultiPoint"",""coordinates"":[]}"
20180521,2018-05-21,2.3198451315964927,"{""type"":""MultiPoint"",""coordinates"":[]}"
20180522,2018-05-22,2.0851469602751305,"{""type"":""MultiPoint"",""coordinates"":[]}"
20180523,2018-05-23,1.0491813082213886,"{""type"":""MultiPoint"",""coordinates"":[]}"
20180524,2018-05-24,0.12954317299505919,"{""type"":""MultiPoint"",""coordinates"":[]}"
20180525,2018-05-25,1.2066068603094193,"{""type"":""MultiPoint"",""coordinates"":[]}"
20180526,2018-05-26,0.33630301808465757,"{""type"":""MultiPoint"",""coordinates"":[]}"
20180527,2018-05-27,0.0,"{""type"":""MultiPoint"",""coordinates"":[]}"
20180528,2018-05-28,0.0,"{""type"":""MultiPoint"",""coordinates"":[]}"
20180529,2018-05-29,0.7858935233197646,"{""type"":""MultiPoint"",""coordinates"":[]}"
20180530,2018-05-30,0.26763739757852345,"{""type"":""MultiPoint"",""coordinates"":[]}"
20180531,2018-05-31,4.732646805673797,"{""type"":""MultiPoint"",""coordinates"":[]}"
20180601,2018-06-01,2.8804184753462008,"{""type"":""MultiPoint"",""coordinates"":[]}"
20180602,2018-06-02,6.39584834691654,"{""type"":""MultiPoint"",""coordinates"":[]}"
20180603,2018-06-03,2.5853988641762164,"{""type"":""MultiPoint"",""coordinates"":[]}"
20180604,2018-06-04,0.5242469494934868,"{""type"":""MultiPoint"",""coordinates"":[]}"
20180605,2018-06-05,2.8242975973505713,"{""type"":""MultiPoint"",""coordinates"":[]}"
20180606,2018-06-06,14.468925421106398,"{""type"":""MultiPoint"",""coordinates"":[]}"
20180607,2018-06-07,8.5775489284094,"{""type"":""MultiPoint"",""coordinates"":[]}"
20180608,2018-06-08,4.647788016597346,"{""type"":""MultiPoint"",""coordinates"":[]}"
20180609,2018-06-09,1.204508565030752,"{""type"":""MultiPoint"",""coordinates"":[]}"
20180610,2018-06-10,3.6178979728352347,"{""type"":""MultiPoint"",""coordinates"":[]}"
20180611,2018-06-11,5.695546910447654,"{""type"":""MultiPoint"",""coordinates"":[]}"
20180612,2018-06-12,2.424096869138989,"{""type"":""MultiPoint"",""coordinates"":[]}"
20180613,2018-06-13,0.30751770695889863,"{""type"":""MultiPoint"",""coordinates"":[]}"
20180614,2018-06-14,0.0,"{""type"":""MultiPoint"",""coordinates"":[]}"
20180615,2018-06-15,0.5169383613465859,"{""type"":""MultiPoint"",""coordinates"":[]}"
20180616,2018-06-16,0.0,"{""type"":""MultiPoint"",""coordinates"":[]}"
20180617,2018-06-17,0.027014008340593632,"{""type"":""MultiPoint"",""coordinates"":[]}"
20180618,2018-06-18,0.0,"{""type"":""MultiPoint"",""coordinates"":[]}"
20180619,2018-06-19,0.019650946651484816,"{""type"":""MultiPoint"",""coordinates"":[]}"
20180620,2018-06-20,0.0,"{""type"":""MultiPoint"",""coordinates"":[]}"
20180621,2018-06-21,3.450854362742516,"{""type"":""MultiPoint"",""coordinates"":[]}"
20180622,2018-06-22,0.3761649924695974,"{""type"":""MultiPoint"",""coordinates"":[]}"
20180623,2018-06-23,1.176436218582176,"{""type"":""MultiPoint"",""coordinates"":[]}"
20180624,2018-06-24,2.848514205297228,"{""type"":""MultiPoint"",""coordinates"":[]}"
20180625,2018-06-25,0.8549462011349581,"{""type"":""MultiPoint"",""coordinates"":[]}"
20180626,2018-06-26,2.171765386040949,"{""type"":""MultiPoint"",""coordinates"":[]}"
20180627,2018-06-27,5.866439847031141,"{""type"":""MultiPoint"",""coordinates"":[]}"
20180628,2018-06-28,11.628551886043676,"{""type"":""MultiPoint"",""coordinates"":[]}"
20180629,2018-06-29,3.2241997828178652,"{""type"":""MultiPoint"",""coordinates"":[]}"
20180630,2018-06-30,4.986310621217883,"{""type"":""MultiPoint"",""coordinates"":[]}"
20180701,2018-07-01,5.838283232020274,"{""type"":""MultiPoint"",""coordinates"":[]}"
20180702,2018-07-02,0.1905852740913965,"{""type"":""MultiPoint"",""coordinates"":[]}"
20180703,2018-07-03,6.4553576035430895,"{""type"":""MultiPoint"",""coordinates"":[]}"
20180704,2018-07-04,4.636120803685672,"{""type"":""MultiPoint"",""coordinates"":[]}"
20180705,2018-07-05,0.06385964543984132,"{""type"":""MultiPoint"",""coordinates"":[]}"
20180706,2018-07-06,4.063511716696214,"{""type"":""MultiPoint"",""coordinates"":[]}"
20180707,2018-07-07,5.407121613704454,"{""type"":""MultiPoint"",""coordinates"":[]}"
20180708,2018-07-08,3.19802276734501,"{""type"":""MultiPoint"",""coordinates"":[]}"
20180709,2018-07-09,1.1660071601051807,"{""type"":""MultiPoint"",""coordinates"":[]}"
20180710,2018-07-10,6.213187934267166,"{""type"":""MultiPoint"",""coordinates"":[]}"
20180711,2018-07-11,1.7374605058859587,"{""type"":""MultiPoint"",""coordinates"":[]}"
20180712,2018-07-12,3.677343416825297,"{""type"":""MultiPoint"",""coordinates"":[]}"
20180713,2018-07-13,2.0766665664516277,"{""type"":""MultiPoint"",""coordinates"":[]}"
20180714,2018-07-14,7.20637306690161,"{""type"":""MultiPoint"",""coordinates"":[]}"
20180715,2018-07-15,8.551554855476107,"{""type"":""MultiPoint"",""coordinates"":[]}"
20180716,2018-07-16,0.16274543280821907,"{""type"":""MultiPoint"",""coordinates"":[]}"
20180717,2018-07-17,0.0,"{""type"":""MultiPoint"",""coordinates"":[]}"
20180718,2018-07-18,0.01959236520558484,"{""type"":""MultiPoint"",""coordinates"":[]}"
20180719,2018-07-19,0.11815128806346534,"{""type"":""MultiPoint"",""coordinates"":[]}"
20180720,2018-07-20,4.009523081871084,"{""type"":""MultiPoint"",""coordinates"":[]}"
20180721,2018-07-21,5.269205060105355,"{""type"":""MultiPoint"",""coordinates"":[]}"
20180722,2018-07-22,1.9379148091929999,"{""type"":""MultiPoint"",""coordinates"":[]}"
20180723,2018-07-23,0.03695868448285508,"{""type"":""MultiPoint"",""coordinates"":[]}"
20180724,2018-07-24,0.0,"{""type"":""MultiPoint"",""coordinates"":[]}"
20180725,2018-07-25,0.0723846318376807,"{""type"":""MultiPoint"",""coordinates"":[]}"
20180726,2018-07-26,0.0,"{""type"":""MultiPoint"",""coordinates"":[]}"
20180727,2018-07-27,0.33749736358462357,"{""type"":""MultiPoint"",""coordinates"":[]}"
20180728,2018-07-28,2.2091341466877354,"{""type"":""MultiPoint"",""coordinates"":[]}"
20180729,2018-07-29,0.01904662004165099,"{""type"":""MultiPoint"",""coordinates"":[]}"
20180730,2018-07-30,0.5651160670462854,"{""type"":""MultiPoint"",""coordinates"":[]}"
20180731,2018-07-31,0.687527953650393,"{""type"":""MultiPoint"",""coordinates"":[]}"
20180801,2018-08-01,0.6481912571559816,"{""type"":""MultiPoint"",""coordinates"":[]}"
20180802,2018-08-02,1.5409849349645115,"{""type"":""MultiPoint"",""coordinates"":[]}"
20180803,2018-08-03,3.0691793606558115,"{""type"":""MultiPoint"",""coordinates"":[]}"
20180804,2018-08-04,0.4952280261210275,"{""type"":""MultiPoint"",""coordinates"":[]}"
20180805,2018-08-05,0.7431124086384059,"{""type"":""MultiPoint"",""coordinates"":[]}"
20180806,2018-08-06,0.7615904314180011,"{""type"":""MultiPoint"",""coordinates"":[]}"
20180807,2018-08-07,3.136003564980866,"{""type"":""MultiPoint"",""coordinates"":[]}"
20180808,2018-08-08,2.1398943234066308,"{""type"":""MultiPoint"",""coordinates"":[]}"
20180809,2018-08-09,1.289779209582443,"{""type"":""MultiPoint"",""coordinates"":[]}"
20180810,2018-08-10,12.2190617633537,"{""type"":""MultiPoint"",""coordinates"":[]}"
20180811,2018-08-11,6.068094051945285,"{""type"":""MultiPoint"",""coordinates"":[]}"
20180812,2018-08-12,7.45911947371725,"{""type"":""MultiPoint"",""coordinates"":[]}"
20180813,2018-08-13,6.1848426263189715,"{""type"":""MultiPoint"",""coordinates"":[]}"
20180814,2018-08-14,0.8845853935338663,"{""type"":""MultiPoint"",""coordinates"":[]}"
20180815,2018-08-15,8.59731875683215,"{""type"":""MultiPoint"",""coordinates"":[]}"
20180816,2018-08-16,11.982952173044266,"{""type"":""MultiPoint"",""coordinates"":[]}"
20180817,2018-08-17,2.744033610414768,"{""type"":""MultiPoint"",""coordinates"":[]}"
20180818,2018-08-18,0.5810284663626266,"{""type"":""MultiPoint"",""coordinates"":[]}"
20180819,2018-08-19,3.565882816778516,"{""type"":""MultiPoint"",""coordinates"":[]}"
20180820,2018-08-20,3.4727244535075283,"{""type"":""MultiPoint"",""coordinates"":[]}"
20180821,2018-08-21,0.0,"{""type"":""MultiPoint"",""coordinates"":[]}"
20180822,2018-08-22,0.0,"{""type"":""MultiPoint"",""coordinates"":[]}"
20180823,2018-08-23,2.373077685303056,"{""type"":""MultiPoint"",""coordinates"":[]}"
20180824,2018-08-24,1.3884962064817468,"{""type"":""MultiPoint"",""coordinates"":[]}"
20180825,2018-08-25,3.0132490471577973,"{""type"":""MultiPoint"",""coordinates"":[]}"
20180826,2018-08-26,6.835058556044204,"{""type"":""MultiPoint"",""coordinates"":[]}"
20180827,2018-08-27,7.205104484415224,"{""type"":""MultiPoint"",""coordinates"":[]}"
20180828,2018-08-28,14.684369028530178,"{""type"":""MultiPoint"",""coordinates"":[]}"
20180829,2018-08-29,2.139748520182197,"{""type"":""MultiPoint"",""coordinates"":[]}"
20180830,2018-08-30,3.300401983624947,"{""type"":""MultiPoint"",""coordinates"":[]}"
20180831,2018-08-31,2.4526567878624452,"{""type"":""MultiPoint"",""coordinates"":[]}"
20180901,2018-09-01,3.234614823301563,"{""type"":""MultiPoint"",""coordinates"":[]}"
20180902,2018-09-02,2.037534615205155,"{""type"":""MultiPoint"",""coordinates"":[]}"
20180903,2018-09-03,0.0,"{""type"":""MultiPoint"",""coordinates"":[]}"
20180904,2018-09-04,7.362506102101521E-4,"{""type"":""MultiPoint"",""coordinates"":[]}"
20180905,2018-09-05,0.02795256873459026,"{""type"":""MultiPoint"",""coordinates"":[]}"
20180906,2018-09-06,0.8142735279347071,"{""type"":""MultiPoint"",""coordinates"":[]}"
20180907,2018-09-07,1.8258133748804242,"{""type"":""MultiPoint"",""coordinates"":[]}"
20180908,2018-09-08,0.0,"{""type"":""MultiPoint"",""coordinates"":[]}"
20180909,2018-09-09,0.0,"{""type"":""MultiPoint"",""coordinates"":[]}"
20180910,2018-09-10,0.0,"{""type"":""MultiPoint"",""coordinates"":[]}"
20180911,2018-09-11,5.467271250686384,"{""type"":""MultiPoint"",""coordinates"":[]}"
20180912,2018-09-12,0.8035248881468661,"{""type"":""MultiPoint"",""coordinates"":[]}"
20180913,2018-09-13,4.027841877601284,"{""type"":""MultiPoint"",""coordinates"":[]}"
20180914,2018-09-14,2.952192655688488,"{""type"":""MultiPoint"",""coordinates"":[]}"
20180915,2018-09-15,4.302629091518978,"{""type"":""MultiPoint"",""coordinates"":[]}"
20180916,2018-09-16,4.33270165744047,"{""type"":""MultiPoint"",""coordinates"":[]}"
20180917,2018-09-17,6.353944970425637,"{""type"":""MultiPoint"",""coordinates"":[]}"
20180918,2018-09-18,4.004294644943437,"{""type"":""MultiPoint"",""coordinates"":[]}"
20180919,2018-09-19,9.073151852824305,"{""type"":""MultiPoint"",""coordinates"":[]}"
20180920,2018-09-20,7.58913198261826,"{""type"":""MultiPoint"",""coordinates"":[]}"
20180921,2018-09-21,8.28655393510573,"{""type"":""MultiPoint"",""coordinates"":[]}"
20180922,2018-09-22,0.2775000497936425,"{""type"":""MultiPoint"",""coordinates"":[]}"
20180923,2018-09-23,0.7331704647443368,"{""type"":""MultiPoint"",""coordinates"":[]}"
20180924,2018-09-24,0.0,"{""type"":""MultiPoint"",""coordinates"":[]}"
20180925,2018-09-25,1.9940601896925754,"{""type"":""MultiPoint"",""coordinates"":[]}"
20180926,2018-09-26,6.35651668904946,"{""type"":""MultiPoint"",""coordinates"":[]}"
20180927,2018-09-27,2.072332012905147,"{""type"":""MultiPoint"",""coordinates"":[]}"
20180928,2018-09-28,1.990995721161151,"{""type"":""MultiPoint"",""coordinates"":[]}"
20180929,2018-09-29,0.05945761727334801,"{""type"":""MultiPoint"",""coordinates"":[]}"
20180930,2018-09-30,0.04649188525613112,"{""type"":""MultiPoint"",""coordinates"":[]}"
20181001,2018-10-01,0.0,"{""type"":""MultiPoint"",""coordinates"":[]}"
20181002,2018-10-02,1.9853584255505454,"{""type"":""MultiPoint"",""coordinates"":[]}"
20181003,2018-10-03,2.0495640862893523,"{""type"":""MultiPoint"",""coordinates"":[]}"
20181004,2018-10-04,10.818975098363156,"{""type"":""MultiPoint"",""coordinates"":[]}"
20181005,2018-10-05,2.2084293404458486,"{""type"":""MultiPoint"",""coordinates"":[]}"
20181006,2018-10-06,0.0,"{""type"":""MultiPoint"",""coordinates"":[]}"
20181007,2018-10-07,0.0,"{""type"":""MultiPoint"",""coordinates"":[]}"
20181008,2018-10-08,1.6498674972612402,"{""type"":""MultiPoint"",""coordinates"":[]}"
20181009,2018-10-09,3.7470375164883554,"{""type"":""MultiPoint"",""coordinates"":[]}"
20181010,2018-10-10,4.984099356038196,"{""type"":""MultiPoint"",""coordinates"":[]}"
20181011,2018-10-11,0.33720001667288,"{""type"":""MultiPoint"",""coordinates"":[]}"
20181012,2018-10-12,0.0,"{""type"":""MultiPoint"",""coordinates"":[]}"
20181013,2018-10-13,1.7546214702594571,"{""type"":""MultiPoint"",""coordinates"":[]}"
20181014,2018-10-14,10.451485811655475,"{""type"":""MultiPoint"",""coordinates"":[]}"
20181015,2018-10-15,0.008558584554925381,"{""type"":""MultiPoint"",""coordinates"":[]}"
20181016,2018-10-16,3.002633029902613,"{""type"":""MultiPoint"",""coordinates"":[]}"
20181017,2018-10-17,12.699774276587423,"{""type"":""MultiPoint"",""coordinates"":[]}"
20181018,2018-10-18,7.841931386888271,"{""type"":""MultiPoint"",""coordinates"":[]}"
20181019,2018-10-19,0.0,"{""type"":""MultiPoint"",""coordinates"":[]}"
20181020,2018-10-20,0.0,"{""type"":""MultiPoint"",""coordinates"":[]}"
20181021,2018-10-21,0.0034027213584816537,"{""type"":""MultiPoint"",""coordinates"":[]}"
20181022,2018-10-22,0.0,"{""type"":""MultiPoint"",""coordinates"":[]}"
20181023,2018-10-23,0.02890267308422943,"{""type"":""MultiPoint"",""coordinates"":[]}"
20181024,2018-10-24,0.0,"{""type"":""MultiPoint"",""coordinates"":[]}"
20181025,2018-10-25,0.14069359273336413,"{""type"":""MultiPoint"",""coordinates"":[]}"
20181026,2018-10-26,0.0,"{""type"":""MultiPoint"",""coordinates"":[]}"
20181027,2018-10-27,0.11353316556193514,"{""type"":""MultiPoint"",""coordinates"":[]}"
20181028,2018-10-28,0.0,"{""type"":""MultiPoint"",""coordinates"":[]}"
20181029,2018-10-29,0.0,"{""type"":""MultiPoint"",""coordinates"":[]}"
20181030,2018-10-30,0.0,"{""type"":""MultiPoint"",""coordinates"":[]}"
20181031,2018-10-31,0.36799359533157705,"{""type"":""MultiPoint"",""coordinates"":[]}"
20181101,2018-11-01,3.196321749621829,"{""type"":""MultiPoint"",""coordinates"":[]}"
20181102,2018-11-02,0.23180076871667865,"{""type"":""MultiPoint"",""coordinates"":[]}"
20181103,2018-11-03,0.0,"{""type"":""MultiPoint"",""coordinates"":[]}"
20181104,2018-11-04,0.6849780450756775,"{""type"":""MultiPoint"",""coordinates"":[]}"
20181105,2018-11-05,1.6149097335869347,"{""type"":""MultiPoint"",""coordinates"":[]}"
20181106,2018-11-06,0.12056732215664814,"{""type"":""MultiPoint"",""coordinates"":[]}"
20181107,2018-11-07,0.0019552422899230823,"{""type"":""MultiPoint"",""coordinates"":[]}"
20181108,2018-11-08,0.0,"{""type"":""MultiPoint"",""coordinates"":[]}"
20181109,2018-11-09,0.0,"{""type"":""MultiPoint"",""coordinates"":[]}"
20181110,2018-11-10,0.03653371679776884,"{""type"":""MultiPoint"",""coordinates"":[]}"
20181111,2018-11-11,1.0046347986543833,"{""type"":""MultiPoint"",""coordinates"":[]}"
20181112,2018-11-12,0.6118095495445176,"{""type"":""MultiPoint"",""coordinates"":[]}"
20181113,2018-11-13,0.0,"{""type"":""MultiPoint"",""coordinates"":[]}"
20181114,2018-11-14,0.0,"{""type"":""MultiPoint"",""coordinates"":[]}"
20181115,2018-11-15,0.7706338339930554,"{""type"":""MultiPoint"",""coordinates"":[]}"
20181116,2018-11-16,9.723697405409789,"{""type"":""MultiPoint"",""coordinates"":[]}"
20181117,2018-11-17,0.9029117440148092,"{""type"":""MultiPoint"",""coordinates"":[]}"
20181118,2018-11-18,0.6578894306187575,"{""type"":""MultiPoint"",""coordinates"":[]}"
20181119,2018-11-19,0.18420790427116954,"{""type"":""MultiPoint"",""coordinates"":[]}"
20181120,2018-11-20,0.010954264494867987,"{""type"":""MultiPoint"",""coordinates"":[]}"
20181121,2018-11-21,1.268847001485946,"{""type"":""MultiPoint"",""coordinates"":[]}"
20181122,2018-11-22,0.6155691361894071,"{""type"":""MultiPoint"",""coordinates"":[]}"
20181123,2018-11-23,0.3623466167228261,"{""type"":""MultiPoint"",""coordinates"":[]}"
20181124,2018-11-24,0.0,"{""type"":""MultiPoint"",""coordinates"":[]}"
20181125,2018-11-25,0.0,"{""type"":""MultiPoint"",""coordinates"":[]}"
20181126,2018-11-26,0.0,"{""type"":""MultiPoint"",""coordinates"":[]}"
20181127,2018-11-27,0.0,"{""type"":""MultiPoint"",""coordinates"":[]}"
20181128,2018-11-28,0.0,"{""type"":""MultiPoint"",""coordinates"":[]}"
20181129,2018-11-29,2.9984757472912977,"{""type"":""MultiPoint"",""coordinates"":[]}"
20181130,2018-11-30,0.0,"{""type"":""MultiPoint"",""coordinates"":[]}"
20181201,2018-12-01,0.04821964066548849,"{""type"":""MultiPoint"",""coordinates"":[]}"
20181202,2018-12-02,0.0,"{""type"":""MultiPoint"",""coordinates"":[]}"
20181203,2018-12-03,0.0,"{""type"":""MultiPoint"",""coordinates"":[]}"
20181204,2018-12-04,0.04381279748908599,"{""type"":""MultiPoint"",""coordinates"":[]}"
20181205,2018-12-05,0.12131493257206694,"{""type"":""MultiPoint"",""coordinates"":[]}"
20181206,2018-12-06,0.0,"{""type"":""MultiPoint"",""coordinates"":[]}"
20181207,2018-12-07,0.0,"{""type"":""MultiPoint"",""coordinates"":[]}"
20181208,2018-12-08,0.0,"{""type"":""MultiPoint"",""coordinates"":[]}"
20181209,2018-12-09,0.0,"{""type"":""MultiPoint"",""coordinates"":[]}"
20181210,2018-12-10,0.0,"{""type"":""MultiPoint"",""coordinates"":[]}"
20181211,2018-12-11,0.0,"{""type"":""MultiPoint"",""coordinates"":[]}"
20181212,2018-12-12,0.0,"{""type"":""MultiPoint"",""coordinates"":[]}"
20181213,2018-12-13,0.9420790780509871,"{""type"":""MultiPoint"",""coordinates"":[]}"
20181214,2018-12-14,0.0,"{""type"":""MultiPoint"",""coordinates"":[]}"
20181215,2018-12-15,0.0,"{""type"":""MultiPoint"",""coordinates"":[]}"
20181216,2018-12-16,15.825851290092581,"{""type"":""MultiPoint"",""coordinates"":[]}"
20181217,2018-12-17,3.9163236646813786,"{""type"":""MultiPoint"",""coordinates"":[]}"
20181218,2018-12-18,0.0,"{""type"":""MultiPoint"",""coordinates"":[]}"
20181219,2018-12-19,0.0,"{""type"":""MultiPoint"",""coordinates"":[]}"
20181220,2018-12-20,0.0,"{""type"":""MultiPoint"",""coordinates"":[]}"
20181221,2018-12-21,1.4019498492608957,"{""type"":""MultiPoint"",""coordinates"":[]}"
20181222,2018-12-22,1.050352842297911,"{""type"":""MultiPoint"",""coordinates"":[]}"
20181223,2018-12-23,1.288399379116335,"{""type"":""MultiPoint"",""coordinates"":[]}"
20181224,2018-12-24,0.26966374875731763,"{""type"":""MultiPoint"",""coordinates"":[]}"
20181225,2018-12-25,6.621100647508058E-5,"{""type"":""MultiPoint"",""coordinates"":[]}"
20181226,2018-12-26,0.0,"{""type"":""MultiPoint"",""coordinates"":[]}"
20181227,2018-12-27,0.0,"{""type"":""MultiPoint"",""coordinates"":[]}"
20181228,2018-12-28,0.0,"{""type"":""MultiPoint"",""coordinates"":[]}"
20181229,2018-12-29,0.0,"{""type"":""MultiPoint"",""coordinates"":[]}"
20181230,2018-12-30,0.0,"{""type"":""MultiPoint"",""coordinates"":[]}"
20181231,2018-12-31,0.0,"{""type"":""MultiPoint"",""coordinates"":[]}"
20190101,2019-01-01,0.0,"{""type"":""MultiPoint"",""coordinates"":[]}"
20190102,2019-01-02,0.9647391211099506,"{""type"":""MultiPoint"",""coordinates"":[]}"
20190103,2019-01-03,0.047879764231566826,"{""type"":""MultiPoint"",""coordinates"":[]}"
20190104,2019-01-04,0.0,"{""type"":""MultiPoint"",""coordinates"":[]}"
20190105,2019-01-05,2.951339212839183,"{""type"":""MultiPoint"",""coordinates"":[]}"
20190106,2019-01-06,3.4183702813983827,"{""type"":""MultiPoint"",""coordinates"":[]}"
20190107,2019-01-07,0.0,"{""type"":""MultiPoint"",""coordinates"":[]}"
20190108,2019-01-08,0.035629380917132095,"{""type"":""MultiPoint"",""coordinates"":[]}"
20190109,2019-01-09,0.0,"{""type"":""MultiPoint"",""coordinates"":[]}"
20190110,2019-01-10,0.0074735915572936885,"{""type"":""MultiPoint"",""coordinates"":[]}"
20190111,2019-01-11,0.0,"{""type"":""MultiPoint"",""coordinates"":[]}"
20190112,2019-01-12,0.6866526852658658,"{""type"":""MultiPoint"",""coordinates"":[]}"
20190113,2019-01-13,1.364993435018987,"{""type"":""MultiPoint"",""coordinates"":[]}"
20190114,2019-01-14,0.2314049503087639,"{""type"":""MultiPoint"",""coordinates"":[]}"
20190115,2019-01-15,0.0,"{""type"":""MultiPoint"",""coordinates"":[]}"
20190116,2019-01-16,0.07046686622973745,"{""type"":""MultiPoint"",""coordinates"":[]}"
20190117,2019-01-17,4.494877511913558E-4,"{""type"":""MultiPoint"",""coordinates"":[]}"
20190118,2019-01-18,0.5773952483799432,"{""type"":""MultiPoint"",""coordinates"":[]}"
20190119,2019-01-19,0.0,"{""type"":""MultiPoint"",""coordinates"":[]}"
20190120,2019-01-20,0.0,"{""type"":""MultiPoint"",""coordinates"":[]}"
20190121,2019-01-21,0.0,"{""type"":""MultiPoint"",""coordinates"":[]}"
20190122,2019-01-22,0.0,"{""type"":""MultiPoint"",""coordinates"":[]}"
20190123,2019-01-23,0.0,"{""type"":""MultiPoint"",""coordinates"":[]}"
20190124,2019-01-24,0.0,"{""type"":""MultiPoint"",""coordinates"":[]}"
20190125,2019-01-25,0.04843020043272022,"{""type"":""MultiPoint"",""coordinates"":[]}"
20190126,2019-01-26,0.0,"{""type"":""MultiPoint"",""coordinates"":[]}"
20190127,2019-01-27,0.0,"{""type"":""MultiPoint"",""coordinates"":[]}"
20190128,2019-01-28,0.0,"{""type"":""MultiPoint"",""coordinates"":[]}"
20190129,2019-01-29,0.0,"{""type"":""MultiPoint"",""coordinates"":[]}"
20190130,2019-01-30,0.0,"{""type"":""MultiPoint"",""coordinates"":[]}"
20190131,2019-01-31,0.0,"{""type"":""MultiPoint"",""coordinates"":[]}"
20190201,2019-02-01,0.0,"{""type"":""MultiPoint"",""coordinates"":[]}"
20190202,2019-02-02,0.0,"{""type"":""MultiPoint"",""coordinates"":[]}"
20190203,2019-02-03,0.0,"{""type"":""MultiPoint"",""coordinates"":[]}"
20190204,2019-02-04,0.019940019919751962,"{""type"":""MultiPoint"",""coordinates"":[]}"
20190205,2019-02-05,0.0,"{""type"":""MultiPoint"",""coordinates"":[]}"
20190206,2019-02-06,0.0,"{""type"":""MultiPoint"",""coordinates"":[]}"
20190207,2019-02-07,0.0,"{""type"":""MultiPoint"",""coordinates"":[]}"
20190208,2019-02-08,0.0,"{""type"":""MultiPoint"",""coordinates"":[]}"
20190209,2019-02-09,0.08524482984701566,"{""type"":""MultiPoint"",""coordinates"":[]}"
20190210,2019-02-10,0.14403874588071622,"{""type"":""MultiPoint"",""coordinates"":[]}"
20190211,2019-02-11,0.0,"{""type"":""MultiPoint"",""coordinates"":[]}"
20190212,2019-02-12,0.0,"{""type"":""MultiPoint"",""coordinates"":[]}"
20190213,2019-02-13,0.0,"{""type"":""MultiPoint"",""coordinates"":[]}"
20190214,2019-02-14,0.0,"{""type"":""MultiPoint"",""coordinates"":[]}"
20190215,2019-02-15,0.0,"{""type"":""MultiPoint"",""coordinates"":[]}"
20190216,2019-02-16,0.0,"{""type"":""MultiPoint"",""coordinates"":[]}"
20190217,2019-02-17,0.0,"{""type"":""MultiPoint"",""coordinates"":[]}"
20190218,2019-02-18,0.0,"{""type"":""MultiPoint"",""coordinates"":[]}"
20190219,2019-02-19,0.0,"{""type"":""MultiPoint"",""coordinates"":[]}"
20190220,2019-02-20,0.0,"{""type"":""MultiPoint"",""coordinates"":[]}"
20190221,2019-02-21,0.0,"{""type"":""MultiPoint"",""coordinates"":[]}"
20190222,2019-02-22,0.0,"{""type"":""MultiPoint"",""coordinates"":[]}"
20190223,2019-02-23,0.0,"{""type"":""MultiPoint"",""coordinates"":[]}"
20190224,2019-02-24,0.0,"{""type"":""MultiPoint"",""coordinates"":[]}"
20190225,2019-02-25,0.0,"{""type"":""MultiPoint"",""coordinates"":[]}"
20190226,2019-02-26,0.0,"{""type"":""MultiPoint"",""coordinates"":[]}"
20190227,2019-02-27,0.0,"{""type"":""MultiPoint"",""coordinates"":[]}"
20190228,2019-02-28,0.02792077355068679,"{""type"":""MultiPoint"",""coordinates"":[]}"
20190301,2019-03-01,0.0,"{""type"":""MultiPoint"",""coordinates"":[]}"
20190302,2019-03-02,0.0,"{""type"":""MultiPoint"",""coordinates"":[]}"
20190303,2019-03-03,0.0,"{""type"":""MultiPoint"",""coordinates"":[]}"
20190304,2019-03-04,0.0,"{""type"":""MultiPoint"",""coordinates"":[]}"
20190305,2019-03-05,0.0,"{""type"":""MultiPoint"",""coordinates"":[]}"
20190306,2019-03-06,0.0,"{""type"":""MultiPoint"",""coordinates"":[]}"
20190307,2019-03-07,0.0,"{""type"":""MultiPoint"",""coordinates"":[]}"
20190308,2019-03-08,0.011704880208836916,"{""type"":""MultiPoint"",""coordinates"":[]}"
20190309,2019-03-09,0.0,"{""type"":""MultiPoint"",""coordinates"":[]}"
20190310,2019-03-10,0.0,"{""type"":""MultiPoint"",""coordinates"":[]}"
20190311,2019-03-11,0.0,"{""type"":""MultiPoint"",""coordinates"":[]}"
20190312,2019-03-12,0.0,"{""type"":""MultiPoint"",""coordinates"":[]}"
20190313,2019-03-13,0.0,"{""type"":""MultiPoint"",""coordinates"":[]}"
20190314,2019-03-14,0.0,"{""type"":""MultiPoint"",""coordinates"":[]}"
20190315,2019-03-15,0.0,"{""type"":""MultiPoint"",""coordinates"":[]}"
20190316,2019-03-16,0.0,"{""type"":""MultiPoint"",""coordinates"":[]}"
20190317,2019-03-17,0.0,"{""type"":""MultiPoint"",""coordinates"":[]}"
20190318,2019-03-18,0.0,"{""type"":""MultiPoint"",""coordinates"":[]}"
20190319,2019-03-19,0.0,"{""type"":""MultiPoint"",""coordinates"":[]}"
20190320,2019-03-20,0.0,"{""type"":""MultiPoint"",""coordinates"":[]}"
20190321,2019-03-21,0.0,"{""type"":""MultiPoint"",""coordinates"":[]}"
20190322,2019-03-22,0.0,"{""type"":""MultiPoint"",""coordinates"":[]}"
20190323,2019-03-23,0.0,"{""type"":""MultiPoint"",""coordinates"":[]}"
20190324,2019-03-24,0.0,"{""type"":""MultiPoint"",""coordinates"":[]}"
20190325,2019-03-25,0.0,"{""type"":""MultiPoint"",""coordinates"":[]}"
20190326,2019-03-26,0.0,"{""type"":""MultiPoint"",""coordinates"":[]}"
20190327,2019-03-27,0.0,"{""type"":""MultiPoint"",""coordinates"":[]}"
20190328,2019-03-28,0.0,"{""type"":""MultiPoint"",""coordinates"":[]}"
20190329,2019-03-29,8.041507172097516E-5,"{""type"":""MultiPoint"",""coordinates"":[]}"
20190330,2019-03-30,0.0,"{""type"":""MultiPoint"",""coordinates"":[]}"
20190331,2019-03-31,0.0,"{""type"":""MultiPoint"",""coordinates"":[]}"
20190401,2019-04-01,0.0,"{""type"":""MultiPoint"",""coordinates"":[]}"
20190402,2019-04-02,0.0,"{""type"":""MultiPoint"",""coordinates"":[]}"
20190403,2019-04-03,0.0,"{""type"":""MultiPoint"",""coordinates"":[]}"
20190404,2019-04-04,0.0,"{""type"":""MultiPoint"",""coordinates"":[]}"
20190405,2019-04-05,0.0,"{""type"":""MultiPoint"",""coordinates"":[]}"
20190406,2019-04-06,0.0,"{""type"":""MultiPoint"",""coordinates"":[]}"
20190407,2019-04-07,0.0,"{""type"":""MultiPoint"",""coordinates"":[]}"
20190408,2019-04-08,0.269979093392374,"{""type"":""MultiPoint"",""coordinates"":[]}"
20190409,2019-04-09,0.28792573455775083,"{""type"":""MultiPoint"",""coordinates"":[]}"
20190410,2019-04-10,2.721356522527382E-4,"{""type"":""MultiPoint"",""coordinates"":[]}"
20190411,2019-04-11,0.09621863571995498,"{""type"":""MultiPoint"",""coordinates"":[]}"
20190412,2019-04-12,0.0,"{""type"":""MultiPoint"",""coordinates"":[]}"
20190413,2019-04-13,0.0,"{""type"":""MultiPoint"",""coordinates"":[]}"
20190414,2019-04-14,0.0,"{""type"":""MultiPoint"",""coordinates"":[]}"
20190415,2019-04-15,0.0,"{""type"":""MultiPoint"",""coordinates"":[]}"
20190416,2019-04-16,0.0,"{""type"":""MultiPoint"",""coordinates"":[]}"
20190417,2019-04-17,0.07703468047012514,"{""type"":""MultiPoint"",""coordinates"":[]}"
20190418,2019-04-18,1.2543454935275695,"{""type"":""MultiPoint"",""coordinates"":[]}"
20190419,2019-04-19,0.0,"{""type"":""MultiPoint"",""coordinates"":[]}"
20190420,2019-04-20,0.5913555175074051,"{""type"":""MultiPoint"",""coordinates"":[]}"
20190421,2019-04-21,0.011426662483898599,"{""type"":""MultiPoint"",""coordinates"":[]}"
20190422,2019-04-22,0.7066598310488349,"{""type"":""MultiPoint"",""coordinates"":[]}"
20190423,2019-04-23,0.0018000429776592031,"{""type"":""MultiPoint"",""coordinates"":[]}"
20190424,2019-04-24,0.0,"{""type"":""MultiPoint"",""coordinates"":[]}"
20190425,2019-04-25,2.046472154674909E-7,"{""type"":""MultiPoint"",""coordinates"":[]}"
20190426,2019-04-26,0.0,"{""type"":""MultiPoint"",""coordinates"":[]}"
20190427,2019-04-27,0.1719553991731596,"{""type"":""MultiPoint"",""coordinates"":[]}"
20190428,2019-04-28,1.8552298677461543,"{""type"":""MultiPoint"",""coordinates"":[]}"
20190429,2019-04-29,7.621998289208962,"{""type"":""MultiPoint"",""coordinates"":[]}"
20190430,2019-04-30,11.564007468357433,"{""type"":""MultiPoint"",""coordinates"":[]}"
20190501,2019-05-01,6.789790581384536,"{""type"":""MultiPoint"",""coordinates"":[]}"
20190502,2019-05-02,3.424855127756525,"{""type"":""MultiPoint"",""coordinates"":[]}"
20190503,2019-05-03,0.0,"{""type"":""MultiPoint"",""coordinates"":[]}"
20190504,2019-05-04,0.1687930944573812,"{""type"":""MultiPoint"",""coordinates"":[]}"
20190505,2019-05-05,0.43175842300337647,"{""type"":""MultiPoint"",""coordinates"":[]}"
20190506,2019-05-06,0.0,"{""type"":""MultiPoint"",""coordinates"":[]}"
20190507,2019-05-07,9.844593501493326E-5,"{""type"":""MultiPoint"",""coordinates"":[]}"
20190508,2019-05-08,0.0,"{""type"":""MultiPoint"",""coordinates"":[]}"
20190509,2019-05-09,0.02984257091282556,"{""type"":""MultiPoint"",""coordinates"":[]}"
20190510,2019-05-10,0.0,"{""type"":""MultiPoint"",""coordinates"":[]}"
20190511,2019-05-11,0.37327643610977523,"{""type"":""MultiPoint"",""coordinates"":[]}"
20190512,2019-05-12,0.0,"{""type"":""MultiPoint"",""coordinates"":[]}"
20190513,2019-05-13,1.8080489100408994,"{""type"":""MultiPoint"",""coordinates"":[]}"
20190514,2019-05-14,0.1702833579111989,"{""type"":""MultiPoint"",""coordinates"":[]}"
20190515,2019-05-15,3.620628678623293,"{""type"":""MultiPoint"",""coordinates"":[]}"
20190516,2019-05-16,0.2380331820270963,"{""type"":""MultiPoint"",""coordinates"":[]}"
20190517,2019-05-17,5.178814743644793,"{""type"":""MultiPoint"",""coordinates"":[]}"
20190518,2019-05-18,0.20543237349589044,"{""type"":""MultiPoint"",""coordinates"":[]}"
20190519,2019-05-19,0.005897878914646842,"{""type"":""MultiPoint"",""coordinates"":[]}"
20190520,2019-05-20,0.003321780971372874,"{""type"":""MultiPoint"",""coordinates"":[]}"
20190521,2019-05-21,0.006814855872265929,"{""type"":""MultiPoint"",""coordinates"":[]}"
20190522,2019-05-22,0.01629048123131177,"{""type"":""MultiPoint"",""coordinates"":[]}"
20190523,2019-05-23,0.03074876477820821,"{""type"":""MultiPoint"",""coordinates"":[]}"
20190524,2019-05-24,0.5114419383542735,"{""type"":""MultiPoint"",""coordinates"":[]}"
20190525,2019-05-25,0.47766692328325105,"{""type"":""MultiPoint"",""coordinates"":[]}"
20190526,2019-05-26,6.597146705510044,"{""type"":""MultiPoint"",""coordinates"":[]}"
20190527,2019-05-27,2.0304431276818193,"{""type"":""MultiPoint"",""coordinates"":[]}"
20190528,2019-05-28,5.168762125919034,"{""type"":""MultiPoint"",""coordinates"":[]}"
20190529,2019-05-29,0.6949777515890997,"{""type"":""MultiPoint"",""coordinates"":[]}"
20190530,2019-05-30,11.590017404833201,"{""type"":""MultiPoint"",""coordinates"":[]}"
20190531,2019-05-31,1.8606495469795923,"{""type"":""MultiPoint"",""coordinates"":[]}"
20190601,2019-06-01,0.0,"{""type"":""MultiPoint"",""coordinates"":[]}"
20190602,2019-06-02,4.873566413545316,"{""type"":""MultiPoint"",""coordinates"":[]}"
20190603,2019-06-03,4.333213026612343,"{""type"":""MultiPoint"",""coordinates"":[]}"
20190604,2019-06-04,2.158904280062555,"{""type"":""MultiPoint"",""coordinates"":[]}"
20190605,2019-06-05,0.31996655936507584,"{""type"":""MultiPoint"",""coordinates"":[]}"
20190606,2019-06-06,1.5556745608027769,"{""type"":""MultiPoint"",""coordinates"":[]}"
20190607,2019-06-07,2.3895780047942456,"{""type"":""MultiPoint"",""coordinates"":[]}"
20190608,2019-06-08,0.001351089356382616,"{""type"":""MultiPoint"",""coordinates"":[]}"
20190609,2019-06-09,7.276234573008228,"{""type"":""MultiPoint"",""coordinates"":[]}"
20190610,2019-06-10,2.4694984403757467,"{""type"":""MultiPoint"",""coordinates"":[]}"
20190611,2019-06-11,0.37109774556269187,"{""type"":""MultiPoint"",""coordinates"":[]}"
20190612,2019-06-12,0.22640399038095432,"{""type"":""MultiPoint"",""coordinates"":[]}"
20190613,2019-06-13,0.7240516788016818,"{""type"":""MultiPoint"",""coordinates"":[]}"
20190614,2019-06-14,0.012000274013244626,"{""type"":""MultiPoint"",""coordinates"":[]}"
20190615,2019-06-15,0.0951103031623307,"{""type"":""MultiPoint"",""coordinates"":[]}"
20190616,2019-06-16,0.2850252636400444,"{""type"":""MultiPoint"",""coordinates"":[]}"
20190617,2019-06-17,0.059946134951499766,"{""type"":""MultiPoint"",""coordinates"":[]}"
20190618,2019-06-18,0.008422583586719363,"{""type"":""MultiPoint"",""coordinates"":[]}"
20190619,2019-06-19,0.4050854274288645,"{""type"":""MultiPoint"",""coordinates"":[]}"
20190620,2019-06-20,3.471399822399029,"{""type"":""MultiPoint"",""coordinates"":[]}"
20190621,2019-06-21,6.0890489309373645,"{""type"":""MultiPoint"",""coordinates"":[]}"
20190622,2019-06-22,3.4061765800793986,"{""type"":""MultiPoint"",""coordinates"":[]}"
20190623,2019-06-23,0.846761756318552,"{""type"":""MultiPoint"",""coordinates"":[]}"
20190624,2019-06-24,0.38132300646179795,"{""type"":""MultiPoint"",""coordinates"":[]}"
20190625,2019-06-25,0.21310174306184626,"{""type"":""MultiPoint"",""coordinates"":[]}"
20190626,2019-06-26,3.76911410931782,"{""type"":""MultiPoint"",""coordinates"":[]}"
20190627,2019-06-27,0.5127404349220442,"{""type"":""MultiPoint"",""coordinates"":[]}"
20190628,2019-06-28,0.27729881158983327,"{""type"":""MultiPoint"",""coordinates"":[]}"
20190629,2019-06-29,3.348187566248659,"{""type"":""MultiPoint"",""coordinates"":[]}"
20190630,2019-06-30,0.8240711852377041,"{""type"":""MultiPoint"",""coordinates"":[]}"
20190701,2019-07-01,0.855247067496478,"{""type"":""MultiPoint"",""coordinates"":[]}"
20190702,2019-07-02,1.306743761540914,"{""type"":""MultiPoint"",""coordinates"":[]}"
20190703,2019-07-03,4.351649757245796,"{""type"":""MultiPoint"",""coordinates"":[]}"
20190704,2019-07-04,2.375252058332287,"{""type"":""MultiPoint"",""coordinates"":[]}"
20190705,2019-07-05,9.532327384050552,"{""type"":""MultiPoint"",""coordinates"":[]}"
20190706,2019-07-06,4.276234674473992,"{""type"":""MultiPoint"",""coordinates"":[]}"
20190707,2019-07-07,0.9945192475707789,"{""type"":""MultiPoint"",""coordinates"":[]}"
20190708,2019-07-08,0.028812587710012785,"{""type"":""MultiPoint"",""coordinates"":[]}"
20190709,2019-07-09,0.09234563259515552,"{""type"":""MultiPoint"",""coordinates"":[]}"
20190710,2019-07-10,0.030850371767776098,"{""type"":""MultiPoint"",""coordinates"":[]}"
20190711,2019-07-11,0.0,"{""type"":""MultiPoint"",""coordinates"":[]}"
20190712,2019-07-12,0.2146907649758507,"{""type"":""MultiPoint"",""coordinates"":[]}"
20190713,2019-07-13,1.958695025494114,"{""type"":""MultiPoint"",""coordinates"":[]}"
20190714,2019-07-14,3.5458983515231157,"{""type"":""MultiPoint"",""coordinates"":[]}"
20190715,2019-07-15,0.2886997683699971,"{""type"":""MultiPoint"",""coordinates"":[]}"
20190716,2019-07-16,0.05335962233517803,"{""type"":""MultiPoint"",""coordinates"":[]}"
20190717,2019-07-17,5.800729134523137,"{""type"":""MultiPoint"",""coordinates"":[]}"
20190718,2019-07-18,6.594899590763801,"{""type"":""MultiPoint"",""coordinates"":[]}"
20190719,2019-07-19,11.46657564736805,"{""type"":""MultiPoint"",""coordinates"":[]}"
20190720,2019-07-20,2.8547640644491756,"{""type"":""MultiPoint"",""coordinates"":[]}"
20190721,2019-07-21,3.6109285694846607,"{""type"":""MultiPoint"",""coordinates"":[]}"
20190722,2019-07-22,3.550299869934445,"{""type"":""MultiPoint"",""coordinates"":[]}"
20190723,2019-07-23,3.8825176654664983,"{""type"":""MultiPoint"",""coordinates"":[]}"
20190724,2019-07-24,0.0031312992661442227,"{""type"":""MultiPoint"",""coordinates"":[]}"
20190725,2019-07-25,7.565234985729765,"{""type"":""MultiPoint"",""coordinates"":[]}"
20190726,2019-07-26,8.621841806155146,"{""type"":""MultiPoint"",""coordinates"":[]}"
20190727,2019-07-27,0.15670384816342345,"{""type"":""MultiPoint"",""coordinates"":[]}"
20190728,2019-07-28,2.9449406300745737,"{""type"":""MultiPoint"",""coordinates"":[]}"
20190729,2019-07-29,6.174178524503801,"{""type"":""MultiPoint"",""coordinates"":[]}"
20190730,2019-07-30,4.947870998026833,"{""type"":""MultiPoint"",""coordinates"":[]}"
20190731,2019-07-31,0.15214011681587603,"{""type"":""MultiPoint"",""coordinates"":[]}"
20190801,2019-08-01,6.948719827430141,"{""type"":""MultiPoint"",""coordinates"":[]}"
20190802,2019-08-02,9.847939206715438,"{""type"":""MultiPoint"",""coordinates"":[]}"
20190803,2019-08-03,1.616930336603655,"{""type"":""MultiPoint"",""coordinates"":[]}"
20190804,2019-08-04,0.08535110355551312,"{""type"":""MultiPoint"",""coordinates"":[]}"
20190805,2019-08-05,2.112970559445201,"{""type"":""MultiPoint"",""coordinates"":[]}"
20190806,2019-08-06,2.6049219658012333,"{""type"":""MultiPoint"",""coordinates"":[]}"
20190807,2019-08-07,7.550902956612999,"{""type"":""MultiPoint"",""coordinates"":[]}"
20190808,2019-08-08,1.733105569524361,"{""type"":""MultiPoint"",""coordinates"":[]}"
20190809,2019-08-09,0.0,"{""type"":""MultiPoint"",""coordinates"":[]}"
20190810,2019-08-10,0.001538427766236568,"{""type"":""MultiPoint"",""coordinates"":[]}"
20190811,2019-08-11,0.0,"{""type"":""MultiPoint"",""coordinates"":[]}"
20190812,2019-08-12,2.1840630339191528E-4,"{""type"":""MultiPoint"",""coordinates"":[]}"
20190813,2019-08-13,2.4406588184910403,"{""type"":""MultiPoint"",""coordinates"":[]}"
20190814,2019-08-14,0.8499558906203126,"{""type"":""MultiPoint"",""coordinates"":[]}"
20190815,2019-08-15,0.3836859966257012,"{""type"":""MultiPoint"",""coordinates"":[]}"
20190816,2019-08-16,0.25057012134709183,"{""type"":""MultiPoint"",""coordinates"":[]}"
20190817,2019-08-17,5.891410562668674,"{""type"":""MultiPoint"",""coordinates"":[]}"
20190818,2019-08-18,12.942357503831563,"{""type"":""MultiPoint"",""coordinates"":[]}"
20190819,2019-08-19,5.381470987869238,"{""type"":""MultiPoint"",""coordinates"":[]}"
20190820,2019-08-20,2.236639765939663,"{""type"":""MultiPoint"",""coordinates"":[]}"
20190821,2019-08-21,16.434104987735996,"{""type"":""MultiPoint"",""coordinates"":[]}"
20190822,2019-08-22,12.339863904687927,"{""type"":""MultiPoint"",""coordinates"":[]}"
20190823,2019-08-23,2.523869317503249,"{""type"":""MultiPoint"",""coordinates"":[]}"
20190824,2019-08-24,2.5194258955559152,"{""type"":""MultiPoint"",""coordinates"":[]}"
20190825,2019-08-25,0.17831410413065144,"{""type"":""MultiPoint"",""coordinates"":[]}"
20190826,2019-08-26,0.7471957860409297,"{""type"":""MultiPoint"",""coordinates"":[]}"
20190827,2019-08-27,0.0,"{""type"":""MultiPoint"",""coordinates"":[]}"
20190828,2019-08-28,4.999692203689507,"{""type"":""MultiPoint"",""coordinates"":[]}"
20190829,2019-08-29,0.0,"{""type"":""MultiPoint"",""coordinates"":[]}"
20190830,2019-08-30,7.59541620275213,"{""type"":""MultiPoint"",""coordinates"":[]}"
20190831,2019-08-31,15.514313725261117,"{""type"":""MultiPoint"",""coordinates"":[]}"
20190901,2019-09-01,6.8267147392565075,"{""type"":""MultiPoint"",""coordinates"":[]}"
20190902,2019-09-02,2.9032356012418528,"{""type"":""MultiPoint"",""coordinates"":[]}"
20190903,2019-09-03,2.567652401257774,"{""type"":""MultiPoint"",""coordinates"":[]}"
20190904,2019-09-04,1.29513871841469,"{""type"":""MultiPoint"",""coordinates"":[]}"
20190905,2019-09-05,0.16930191474066386,"{""type"":""MultiPoint"",""coordinates"":[]}"
20190906,2019-09-06,0.22950256472826697,"{""type"":""MultiPoint"",""coordinates"":[]}"
20190907,2019-09-07,1.0388497119677753,"{""type"":""MultiPoint"",""coordinates"":[]}"
20190908,2019-09-08,0.161226433006664,"{""type"":""MultiPoint"",""coordinates"":[]}"
20190909,2019-09-09,0.14810240940867778,"{""type"":""MultiPoint"",""coordinates"":[]}"
20190910,2019-09-10,0.35622441912174285,"{""type"":""MultiPoint"",""coordinates"":[]}"
20190911,2019-09-11,1.6994075311953243,"{""type"":""MultiPoint"",""coordinates"":[]}"
20190912,2019-09-12,5.189736878222405,"{""type"":""MultiPoint"",""coordinates"":[]}"
20190913,2019-09-13,1.8994983141554014,"{""type"":""MultiPoint"",""coordinates"":[]}"
20190914,2019-09-14,2.7362263680959003,"{""type"":""MultiPoint"",""coordinates"":[]}"
20190915,2019-09-15,2.422145926334152,"{""type"":""MultiPoint"",""coordinates"":[]}"
20190916,2019-09-16,7.075432599647287,"{""type"":""MultiPoint"",""coordinates"":[]}"
20190917,2019-09-17,13.498473263965288,"{""type"":""MultiPoint"",""coordinates"":[]}"
20190918,2019-09-18,6.967910606255241,"{""type"":""MultiPoint"",""coordinates"":[]}"
20190919,2019-09-19,27.973881400148446,"{""type"":""MultiPoint"",""coordinates"":[]}"
20190920,2019-09-20,7.672474991113848,"{""type"":""MultiPoint"",""coordinates"":[]}"
20190921,2019-09-21,8.997595459612912,"{""type"":""MultiPoint"",""coordinates"":[]}"
20190922,2019-09-22,10.834524774746571,"{""type"":""MultiPoint"",""coordinates"":[]}"
20190923,2019-09-23,5.730506218816938,"{""type"":""MultiPoint"",""coordinates"":[]}"
20190924,2019-09-24,7.366821815662186,"{""type"":""MultiPoint"",""coordinates"":[]}"
20190925,2019-09-25,8.281992825586448,"{""type"":""MultiPoint"",""coordinates"":[]}"
20190926,2019-09-26,5.480258530296635,"{""type"":""MultiPoint"",""coordinates"":[]}"
20190927,2019-09-27,0.05257641812220049,"{""type"":""MultiPoint"",""coordinates"":[]}"
20190928,2019-09-28,0.0,"{""type"":""MultiPoint"",""coordinates"":[]}"
20190929,2019-09-29,0.41596732175492435,"{""type"":""MultiPoint"",""coordinates"":[]}"
20190930,2019-09-30,0.0,"{""type"":""MultiPoint"",""coordinates"":[]}"
20191001,2019-10-01,0.26699416844841234,"{""type"":""MultiPoint"",""coordinates"":[]}"
20191002,2019-10-02,5.972920545257697,"{""type"":""MultiPoint"",""coordinates"":[]}"
20191003,2019-10-03,15.276261637844895,"{""type"":""MultiPoint"",""coordinates"":[]}"
20191004,2019-10-04,16.063222330662487,"{""type"":""MultiPoint"",""coordinates"":[]}"
20191005,2019-10-05,2.7175831563547237,"{""type"":""MultiPoint"",""coordinates"":[]}"
20191006,2019-10-06,2.025893345391764,"{""type"":""MultiPoint"",""coordinates"":[]}"
20191007,2019-10-07,5.121141719453543,"{""type"":""MultiPoint"",""coordinates"":[]}"
20191008,2019-10-08,0.8437450035919154,"{""type"":""MultiPoint"",""coordinates"":[]}"
20191009,2019-10-09,8.453804384861586,"{""type"":""MultiPoint"",""coordinates"":[]}"
20191010,2019-10-10,3.067648009458104,"{""type"":""MultiPoint"",""coordinates"":[]}"
20191011,2019-10-11,4.823910877163929,"{""type"":""MultiPoint"",""coordinates"":[]}"
20191012,2019-10-12,0.03863866615973003,"{""type"":""MultiPoint"",""coordinates"":[]}"
20191013,2019-10-13,1.0097829535020646,"{""type"":""MultiPoint"",""coordinates"":[]}"
20191014,2019-10-14,0.6099217246746785,"{""type"":""MultiPoint"",""coordinates"":[]}"
20191015,2019-10-15,10.410886782661164,"{""type"":""MultiPoint"",""coordinates"":[]}"
20191016,2019-10-16,18.833545183189933,"{""type"":""MultiPoint"",""coordinates"":[]}"
20191017,2019-10-17,2.720485586180449,"{""type"":""MultiPoint"",""coordinates"":[]}"
20191018,2019-10-18,0.6487670100259566,"{""type"":""MultiPoint"",""coordinates"":[]}"
20191019,2019-10-19,2.943954932192982,"{""type"":""MultiPoint"",""coordinates"":[]}"
20191020,2019-10-20,4.73679935405092,"{""type"":""MultiPoint"",""coordinates"":[]}"
20191021,2019-10-21,8.631968209174268,"{""type"":""MultiPoint"",""coordinates"":[]}"
20191022,2019-10-22,46.60498356910296,"{""type"":""MultiPoint"",""coordinates"":[]}"
20191023,2019-10-23,18.618501846949673,"{""type"":""MultiPoint"",""coordinates"":[]}"
20191024,2019-10-24,12.375676779351686,"{""type"":""MultiPoint"",""coordinates"":[]}"
20191025,2019-10-25,0.7803102815068818,"{""type"":""MultiPoint"",""coordinates"":[]}"
20191026,2019-10-26,2.660390544781911,"{""type"":""MultiPoint"",""coordinates"":[]}"
20191027,2019-10-27,1.1257322372900234,"{""type"":""MultiPoint"",""coordinates"":[]}"
20191028,2019-10-28,0.0,"{""type"":""MultiPoint"",""coordinates"":[]}"
20191029,2019-10-29,7.434678450034717,"{""type"":""MultiPoint"",""coordinates"":[]}"
20191030,2019-10-30,30.342242401178435,"{""type"":""MultiPoint"",""coordinates"":[]}"
20191031,2019-10-31,0.0,"{""type"":""MultiPoint"",""coordinates"":[]}"
20191101,2019-11-01,0.23324485106482384,"{""type"":""MultiPoint"",""coordinates"":[]}"
20191102,2019-11-02,0.0,"{""type"":""MultiPoint"",""coordinates"":[]}"
20191103,2019-11-03,0.0,"{""type"":""MultiPoint"",""coordinates"":[]}"
20191104,2019-11-04,0.0,"{""type"":""MultiPoint"",""coordinates"":[]}"
20191105,2019-11-05,0.0,"{""type"":""MultiPoint"",""coordinates"":[]}"
20191106,2019-11-06,0.6533925342261527,"{""type"":""MultiPoint"",""coordinates"":[]}"
20191107,2019-11-07,0.0,"{""type"":""MultiPoint"",""coordinates"":[]}"
20191108,2019-11-08,0.40513441524630095,"{""type"":""MultiPoint"",""coordinates"":[]}"
20191109,2019-11-09,0.0,"{""type"":""MultiPoint"",""coordinates"":[]}"
20191110,2019-11-10,0.0,"{""type"":""MultiPoint"",""coordinates"":[]}"
20191111,2019-11-11,6.26896362826129E-4,"{""type"":""MultiPoint"",""coordinates"":[]}"
20191112,2019-11-12,0.05283813253442558,"{""type"":""MultiPoint"",""coordinates"":[]}"
20191113,2019-11-13,0.38013847320843225,"{""type"":""MultiPoint"",""coordinates"":[]}"
20191114,2019-11-14,2.893474706030263,"{""type"":""MultiPoint"",""coordinates"":[]}"
20191115,2019-11-15,1.532996195950839,"{""type"":""MultiPoint"",""coordinates"":[]}"
20191116,2019-11-16,0.0,"{""type"":""MultiPoint"",""coordinates"":[]}"
20191117,2019-11-17,0.0,"{""type"":""MultiPoint"",""coordinates"":[]}"
20191118,2019-11-18,0.08678479747578516,"{""type"":""MultiPoint"",""coordinates"":[]}"
20191119,2019-11-19,16.71445803808357,"{""type"":""MultiPoint"",""coordinates"":[]}"
20191120,2019-11-20,0.2337682109010373,"{""type"":""MultiPoint"",""coordinates"":[]}"
20191121,2019-11-21,1.7603121662018373,"{""type"":""MultiPoint"",""coordinates"":[]}"
20191122,2019-11-22,0.0,"{""type"":""MultiPoint"",""coordinates"":[]}"
20191123,2019-11-23,0.0,"{""type"":""MultiPoint"",""coordinates"":[]}"
20191124,2019-11-24,0.0,"{""type"":""MultiPoint"",""coordinates"":[]}"
20191125,2019-11-25,0.0,"{""type"":""MultiPoint"",""coordinates"":[]}"
20191126,2019-11-26,0.0,"{""type"":""MultiPoint"",""coordinates"":[]}"
20191127,2019-11-27,0.0483495743803045,"{""type"":""MultiPoint"",""coordinates"":[]}"
20191128,2019-11-28,0.005638614328560207,"{""type"":""MultiPoint"",""coordinates"":[]}"
20191129,2019-11-29,0.0,"{""type"":""MultiPoint"",""coordinates"":[]}"
20191130,2019-11-30,9.425665517690568,"{""type"":""MultiPoint"",""coordinates"":[]}"
20191201,2019-12-01,26.445683476711046,"{""type"":""MultiPoint"",""coordinates"":[]}"
20191202,2019-12-02,0.0,"{""type"":""MultiPoint"",""coordinates"":[]}"
20191203,2019-12-03,0.0,"{""type"":""MultiPoint"",""coordinates"":[]}"
20191204,2019-12-04,0.0,"{""type"":""MultiPoint"",""coordinates"":[]}"
20191205,2019-12-05,0.0,"{""type"":""MultiPoint"",""coordinates"":[]}"
20191206,2019-12-06,0.0,"{""type"":""MultiPoint"",""coordinates"":[]}"
20191207,2019-12-07,0.008352982978100491,"{""type"":""MultiPoint"",""coordinates"":[]}"
20191208,2019-12-08,0.0,"{""type"":""MultiPoint"",""coordinates"":[]}"
20191209,2019-12-09,0.0,"{""type"":""MultiPoint"",""coordinates"":[]}"
20191210,2019-12-10,0.0,"{""type"":""MultiPoint"",""coordinates"":[]}"
20191211,2019-12-11,0.0,"{""type"":""MultiPoint"",""coordinates"":[]}"
20191212,2019-12-12,0.0,"{""type"":""MultiPoint"",""coordinates"":[]}"
20191213,2019-12-13,0.0,"{""type"":""MultiPoint"",""coordinates"":[]}"
20191214,2019-12-14,1.1450431622459782,"{""type"":""MultiPoint"",""coordinates"":[]}"
20191215,2019-12-15,0.16826798843040283,"{""type"":""MultiPoint"",""coordinates"":[]}"
20191216,2019-12-16,2.3447623566825886,"{""type"":""MultiPoint"",""coordinates"":[]}"
20191217,2019-12-17,0.0,"{""type"":""MultiPoint"",""coordinates"":[]}"
20191218,2019-12-18,0.0,"{""type"":""MultiPoint"",""coordinates"":[]}"
20191219,2019-12-19,0.0,"{""type"":""MultiPoint"",""coordinates"":[]}"
20191220,2019-12-20,0.8519017693462183,"{""type"":""MultiPoint"",""coordinates"":[]}"
20191221,2019-12-21,0.28592910815947964,"{""type"":""MultiPoint"",""coordinates"":[]}"
20191222,2019-12-22,0.06003409956221223,"{""type"":""MultiPoint"",""coordinates"":[]}"
20191223,2019-12-23,0.1688358451830594,"{""type"":""MultiPoint"",""coordinates"":[]}"
20191224,2019-12-24,1.034969296191896,"{""type"":""MultiPoint"",""coordinates"":[]}"
20191225,2019-12-25,0.0,"{""type"":""MultiPoint"",""coordinates"":[]}"
20191226,2019-12-26,0.0,"{""type"":""MultiPoint"",""coordinates"":[]}"
20191227,2019-12-27,0.0,"{""type"":""MultiPoint"",""coordinates"":[]}"
20191228,2019-12-28,0.0,"{""type"":""MultiPoint"",""coordinates"":[]}"
20191229,2019-12-29,0.4609467448960651,"{""type"":""MultiPoint"",""coordinates"":[]}"
20191230,2019-12-30,0.19028725005781516,"{""type"":""MultiPoint"",""coordinates"":[]}"
20191231,2019-12-31,0.556822514831364,"{""type"":""MultiPoint"",""coordinates"":[]}"
20200101,2020-01-01,0.006003460571260192,"{""type"":""MultiPoint"",""coordinates"":[]}"
20200102,2020-01-02,0.2048190477239896,"{""type"":""MultiPoint"",""coordinates"":[]}"
20200103,2020-01-03,0.0,"{""type"":""MultiPoint"",""coordinates"":[]}"
20200104,2020-01-04,0.0,"{""type"":""MultiPoint"",""coordinates"":[]}"
20200105,2020-01-05,0.501691752354344,"{""type"":""MultiPoint"",""coordinates"":[]}"
20200106,2020-01-06,4.415651516885459,"{""type"":""MultiPoint"",""coordinates"":[]}"
20200107,2020-01-07,0.0,"{""type"":""MultiPoint"",""coordinates"":[]}"
20200108,2020-01-08,0.0,"{""type"":""MultiPoint"",""coordinates"":[]}"
20200109,2020-01-09,0.0,"{""type"":""MultiPoint"",""coordinates"":[]}"
20200110,2020-01-10,0.0,"{""type"":""MultiPoint"",""coordinates"":[]}"
20200111,2020-01-11,0.0,"{""type"":""MultiPoint"",""coordinates"":[]}"
20200112,2020-01-12,3.2134039887425603,"{""type"":""MultiPoint"",""coordinates"":[]}"
20200113,2020-01-13,0.03252073723906122,"{""type"":""MultiPoint"",""coordinates"":[]}"
20200114,2020-01-14,0.0,"{""type"":""MultiPoint"",""coordinates"":[]}"
20200115,2020-01-15,0.0,"{""type"":""MultiPoint"",""coordinates"":[]}"
20200116,2020-01-16,0.0,"{""type"":""MultiPoint"",""coordinates"":[]}"
20200117,2020-01-17,0.0,"{""type"":""MultiPoint"",""coordinates"":[]}"
20200118,2020-01-18,0.9676830334042331,"{""type"":""MultiPoint"",""coordinates"":[]}"
20200119,2020-01-19,0.0,"{""type"":""MultiPoint"",""coordinates"":[]}"
20200120,2020-01-20,0.0,"{""type"":""MultiPoint"",""coordinates"":[]}"
20200121,2020-01-21,0.0,"{""type"":""MultiPoint"",""coordinates"":[]}"
20200122,2020-01-22,0.0,"{""type"":""MultiPoint"",""coordinates"":[]}"
20200123,2020-01-23,0.44444263625956054,"{""type"":""MultiPoint"",""coordinates"":[]}"
20200124,2020-01-24,0.0,"{""type"":""MultiPoint"",""coordinates"":[]}"
20200125,2020-01-25,0.0,"{""type"":""MultiPoint"",""coordinates"":[]}"
20200126,2020-01-26,0.0703906606586623,"{""type"":""MultiPoint"",""coordinates"":[]}"
20200127,2020-01-27,0.0,"{""type"":""MultiPoint"",""coordinates"":[]}"
20200128,2020-01-28,0.0,"{""type"":""MultiPoint"",""coordinates"":[]}"
20200129,2020-01-29,0.07689536474669595,"{""type"":""MultiPoint"",""coordinates"":[]}"
20200130,2020-01-30,0.0,"{""type"":""MultiPoint"",""coordinates"":[]}"
20200131,2020-01-31,0.8505107871647504,"{""type"":""MultiPoint"",""coordinates"":[]}"
20200201,2020-02-01,0.0,"{""type"":""MultiPoint"",""coordinates"":[]}"
20200202,2020-02-02,0.0,"{""type"":""MultiPoint"",""coordinates"":[]}"
20200203,2020-02-03,0.0,"{""type"":""MultiPoint"",""coordinates"":[]}"
20200204,2020-02-04,0.0,"{""type"":""MultiPoint"",""coordinates"":[]}"
20200205,2020-02-05,0.0,"{""type"":""MultiPoint"",""coordinates"":[]}"
20200206,2020-02-06,0.0,"{""type"":""MultiPoint"",""coordinates"":[]}"
20200207,2020-02-07,0.0,"{""type"":""MultiPoint"",""coordinates"":[]}"
20200208,2020-02-08,0.0,"{""type"":""MultiPoint"",""coordinates"":[]}"
20200209,2020-02-09,0.0,"{""type"":""MultiPoint"",""coordinates"":[]}"
20200210,2020-02-10,0.0,"{""type"":""MultiPoint"",""coordinates"":[]}"
20200211,2020-02-11,0.0,"{""type"":""MultiPoint"",""coordinates"":[]}"
20200212,2020-02-12,0.0,"{""type"":""MultiPoint"",""coordinates"":[]}"
20200213,2020-02-13,0.0,"{""type"":""MultiPoint"",""coordinates"":[]}"
20200214,2020-02-14,0.0,"{""type"":""MultiPoint"",""coordinates"":[]}"
20200215,2020-02-15,0.0,"{""type"":""MultiPoint"",""coordinates"":[]}"
20200216,2020-02-16,0.0,"{""type"":""MultiPoint"",""coordinates"":[]}"
20200217,2020-02-17,0.0,"{""type"":""MultiPoint"",""coordinates"":[]}"
20200218,2020-02-18,0.0,"{""type"":""MultiPoint"",""coordinates"":[]}"
20200219,2020-02-19,0.0,"{""type"":""MultiPoint"",""coordinates"":[]}"
20200220,2020-02-20,0.0,"{""type"":""MultiPoint"",""coordinates"":[]}"
20200221,2020-02-21,0.0,"{""type"":""MultiPoint"",""coordinates"":[]}"
20200222,2020-02-22,0.0,"{""type"":""MultiPoint"",""coordinates"":[]}"
20200223,2020-02-23,0.0,"{""type"":""MultiPoint"",""coordinates"":[]}"
20200224,2020-02-24,0.0,"{""type"":""MultiPoint"",""coordinates"":[]}"
20200225,2020-02-25,0.0,"{""type"":""MultiPoint"",""coordinates"":[]}"
20200226,2020-02-26,0.0,"{""type"":""MultiPoint"",""coordinates"":[]}"
20200227,2020-02-27,0.0,"{""type"":""MultiPoint"",""coordinates"":[]}"
20200228,2020-02-28,0.0,"{""type"":""MultiPoint"",""coordinates"":[]}"
20200229,2020-02-29,0.0,"{""type"":""MultiPoint"",""coordinates"":[]}"
20200301,2020-03-01,0.0,"{""type"":""MultiPoint"",""coordinates"":[]}"
20200302,2020-03-02,0.0,"{""type"":""MultiPoint"",""coordinates"":[]}"
20200303,2020-03-03,0.0,"{""type"":""MultiPoint"",""coordinates"":[]}"
20200304,2020-03-04,0.0,"{""type"":""MultiPoint"",""coordinates"":[]}"
20200305,2020-03-05,0.037982155622402834,"{""type"":""MultiPoint"",""coordinates"":[]}"
20200306,2020-03-06,0.0,"{""type"":""MultiPoint"",""coordinates"":[]}"
20200307,2020-03-07,0.20622838340302935,"{""type"":""MultiPoint"",""coordinates"":[]}"
20200308,2020-03-08,0.0,"{""type"":""MultiPoint"",""coordinates"":[]}"
20200309,2020-03-09,0.0,"{""type"":""MultiPoint"",""coordinates"":[]}"
20200310,2020-03-10,0.0,"{""type"":""MultiPoint"",""coordinates"":[]}"
20200311,2020-03-11,0.0,"{""type"":""MultiPoint"",""coordinates"":[]}"
20200312,2020-03-12,0.025546308726920458,"{""type"":""MultiPoint"",""coordinates"":[]}"
20200313,2020-03-13,0.0,"{""type"":""MultiPoint"",""coordinates"":[]}"
20200314,2020-03-14,0.0,"{""type"":""MultiPoint"",""coordinates"":[]}"
20200315,2020-03-15,0.0,"{""type"":""MultiPoint"",""coordinates"":[]}"
20200316,2020-03-16,0.0,"{""type"":""MultiPoint"",""coordinates"":[]}"
20200317,2020-03-17,0.0,"{""type"":""MultiPoint"",""coordinates"":[]}"
20200318,2020-03-18,0.043437730107394164,"{""type"":""MultiPoint"",""coordinates"":[]}"
20200319,2020-03-19,0.0,"{""type"":""MultiPoint"",""coordinates"":[]}"
20200320,2020-03-20,0.011489588013255801,"{""type"":""MultiPoint"",""coordinates"":[]}"
20200321,2020-03-21,0.0215762355799251,"{""type"":""MultiPoint"",""coordinates"":[]}"
20200322,2020-03-22,0.0,"{""type"":""MultiPoint"",""coordinates"":[]}"
20200323,2020-03-23,0.0,"{""type"":""MultiPoint"",""coordinates"":[]}"
20200324,2020-03-24,0.0,"{""type"":""MultiPoint"",""coordinates"":[]}"
20200325,2020-03-25,0.0,"{""type"":""MultiPoint"",""coordinates"":[]}"
20200326,2020-03-26,0.0,"{""type"":""MultiPoint"",""coordinates"":[]}"
20200327,2020-03-27,0.0,"{""type"":""MultiPoint"",""coordinates"":[]}"
20200328,2020-03-28,0.0,"{""type"":""MultiPoint"",""coordinates"":[]}"
20200329,2020-03-29,0.0,"{""type"":""MultiPoint"",""coordinates"":[]}"
20200330,2020-03-30,0.0,"{""type"":""MultiPoint"",""coordinates"":[]}"
20200331,2020-03-31,0.0,"{""type"":""MultiPoint"",""coordinates"":[]}"
20200401,2020-04-01,0.0,"{""type"":""MultiPoint"",""coordinates"":[]}"
20200402,2020-04-02,0.0,"{""type"":""MultiPoint"",""coordinates"":[]}"
20200403,2020-04-03,0.0,"{""type"":""MultiPoint"",""coordinates"":[]}"
20200404,2020-04-04,0.0,"{""type"":""MultiPoint"",""coordinates"":[]}"
20200405,2020-04-05,0.0,"{""type"":""MultiPoint"",""coordinates"":[]}"
20200406,2020-04-06,0.807053780819029,"{""type"":""MultiPoint"",""coordinates"":[]}"
20200407,2020-04-07,8.935374991426178,"{""type"":""MultiPoint"",""coordinates"":[]}"
20200408,2020-04-08,0.20428754725584944,"{""type"":""MultiPoint"",""coordinates"":[]}"
20200409,2020-04-09,0.09046580765787487,"{""type"":""MultiPoint"",""coordinates"":[]}"
20200410,2020-04-10,0.0,"{""type"":""MultiPoint"",""coordinates"":[]}"
20200411,2020-04-11,0.0,"{""type"":""MultiPoint"",""coordinates"":[]}"
20200412,2020-04-12,0.0,"{""type"":""MultiPoint"",""coordinates"":[]}"
20200413,2020-04-13,0.0,"{""type"":""MultiPoint"",""coordinates"":[]}"
20200414,2020-04-14,0.0,"{""type"":""MultiPoint"",""coordinates"":[]}"
20200415,2020-04-15,0.0,"{""type"":""MultiPoint"",""coordinates"":[]}"
20200416,2020-04-16,0.0,"{""type"":""MultiPoint"",""coordinates"":[]}"
20200417,2020-04-17,0.0,"{""type"":""MultiPoint"",""coordinates"":[]}"
20200418,2020-04-18,0.6016616233058865,"{""type"":""MultiPoint"",""coordinates"":[]}"
20200419,2020-04-19,0.0,"{""type"":""MultiPoint"",""coordinates"":[]}"
20200420,2020-04-20,0.029169778671578408,"{""type"":""MultiPoint"",""coordinates"":[]}"
20200421,2020-04-21,0.0,"{""type"":""MultiPoint"",""coordinates"":[]}"
20200422,2020-04-22,0.0,"{""type"":""MultiPoint"",""coordinates"":[]}"
20200423,2020-04-23,0.5448317435614763,"{""type"":""MultiPoint"",""coordinates"":[]}"
20200424,2020-04-24,2.0649554803646972,"{""type"":""MultiPoint"",""coordinates"":[]}"
20200425,2020-04-25,0.46678691672170375,"{""type"":""MultiPoint"",""coordinates"":[]}"
20200426,2020-04-26,0.24917174814824283,"{""type"":""MultiPoint"",""coordinates"":[]}"
20200427,2020-04-27,2.610061222631306,"{""type"":""MultiPoint"",""coordinates"":[]}"
20200428,2020-04-28,13.0032243971503,"{""type"":""MultiPoint"",""coordinates"":[]}"
20200429,2020-04-29,4.896048004417229,"{""type"":""MultiPoint"",""coordinates"":[]}"
20200430,2020-04-30,0.0,"{""type"":""MultiPoint"",""coordinates"":[]}"
20200501,2020-05-01,0.026653542470558234,"{""type"":""MultiPoint"",""coordinates"":[]}"
20200502,2020-05-02,0.0,"{""type"":""MultiPoint"",""coordinates"":[]}"
20200503,2020-05-03,0.0030544730426307985,"{""type"":""MultiPoint"",""coordinates"":[]}"
20200504,2020-05-04,0.0,"{""type"":""MultiPoint"",""coordinates"":[]}"
20200505,2020-05-05,0.03214505560891474,"{""type"":""MultiPoint"",""coordinates"":[]}"
20200506,2020-05-06,0.10959118128550185,"{""type"":""MultiPoint"",""coordinates"":[]}"
20200507,2020-05-07,1.322495751797603,"{""type"":""MultiPoint"",""coordinates"":[]}"
20200508,2020-05-08,0.0041819413140892015,"{""type"":""MultiPoint"",""coordinates"":[]}"
20200509,2020-05-09,0.0,"{""type"":""MultiPoint"",""coordinates"":[]}"
20200510,2020-05-10,0.2517283014262943,"{""type"":""MultiPoint"",""coordinates"":[]}"
20200511,2020-05-11,0.0,"{""type"":""MultiPoint"",""coordinates"":[]}"
20200512,2020-05-12,0.7226676587796643,"{""type"":""MultiPoint"",""coordinates"":[]}"
20200513,2020-05-13,0.0,"{""type"":""MultiPoint"",""coordinates"":[]}"
20200514,2020-05-14,0.0,"{""type"":""MultiPoint"",""coordinates"":[]}"
20200515,2020-05-15,0.0,"{""type"":""MultiPoint"",""coordinates"":[]}"
20200516,2020-05-16,2.8867628204706075,"{""type"":""MultiPoint"",""coordinates"":[]}"
20200517,2020-05-17,7.609976945208067,"{""type"":""MultiPoint"",""coordinates"":[]}"
20200518,2020-05-18,7.590905921173893,"{""type"":""MultiPoint"",""coordinates"":[]}"
20200519,2020-05-19,2.6826946875107867,"{""type"":""MultiPoint"",""coordinates"":[]}"
20200520,2020-05-20,0.7907114308225737,"{""type"":""MultiPoint"",""coordinates"":[]}"
20200521,2020-05-21,0.30313780500795173,"{""type"":""MultiPoint"",""coordinates"":[]}"
20200522,2020-05-22,0.10144374260650335,"{""type"":""MultiPoint"",""coordinates"":[]}"
20200523,2020-05-23,0.11826667627872439,"{""type"":""MultiPoint"",""coordinates"":[]}"
20200524,2020-05-24,2.93193327025715,"{""type"":""MultiPoint"",""coordinates"":[]}"
20200525,2020-05-25,1.2515153647527646,"{""type"":""MultiPoint"",""coordinates"":[]}"
20200526,2020-05-26,7.910377211371329E-4,"{""type"":""MultiPoint"",""coordinates"":[]}"
20200527,2020-05-27,1.2599616124353141,"{""type"":""MultiPoint"",""coordinates"":[]}"
20200528,2020-05-28,0.853377553636597,"{""type"":""MultiPoint"",""coordinates"":[]}"
20200529,2020-05-29,2.8652392799966515,"{""type"":""MultiPoint"",""coordinates"":[]}"
20200530,2020-05-30,1.8685313855413632,"{""type"":""MultiPoint"",""coordinates"":[]}"
20200531,2020-05-31,4.110382609695673,"{""type"":""MultiPoint"",""coordinates"":[]}"
20200601,2020-06-01,13.148820178921294,"{""type"":""MultiPoint"",""coordinates"":[]}"
20200602,2020-06-02,3.725032359702059,"{""type"":""MultiPoint"",""coordinates"":[]}"
20200603,2020-06-03,2.5767207011314057,"{""type"":""MultiPoint"",""coordinates"":[]}"
20200604,2020-06-04,0.6682615911483893,"{""type"":""MultiPoint"",""coordinates"":[]}"
20200605,2020-06-05,4.461349413433552,"{""type"":""MultiPoint"",""coordinates"":[]}"
20200606,2020-06-06,0.0,"{""type"":""MultiPoint"",""coordinates"":[]}"
20200607,2020-06-07,0.002426623901299134,"{""type"":""MultiPoint"",""coordinates"":[]}"
20200608,2020-06-08,0.40942356320114665,"{""type"":""MultiPoint"",""coordinates"":[]}"
20200609,2020-06-09,1.2117227809495552,"{""type"":""MultiPoint"",""coordinates"":[]}"
20200610,2020-06-10,10.074391996171403,"{""type"":""MultiPoint"",""coordinates"":[]}"
20200611,2020-06-11,3.128479575787695,"{""type"":""MultiPoint"",""coordinates"":[]}"
20200612,2020-06-12,0.31192091696878366,"{""type"":""MultiPoint"",""coordinates"":[]}"
20200613,2020-06-13,0.029962038726005745,"{""type"":""MultiPoint"",""coordinates"":[]}"
20200614,2020-06-14,8.227083815812893E-4,"{""type"":""MultiPoint"",""coordinates"":[]}"
20200615,2020-06-15,0.001694153820583471,"{""type"":""MultiPoint"",""coordinates"":[]}"
20200616,2020-06-16,3.67028437260933,"{""type"":""MultiPoint"",""coordinates"":[]}"
20200617,2020-06-17,8.062911636985795,"{""type"":""MultiPoint"",""coordinates"":[]}"
20200618,2020-06-18,4.936015617091134,"{""type"":""MultiPoint"",""coordinates"":[]}"
20200619,2020-06-19,1.6930507876746244,"{""type"":""MultiPoint"",""coordinates"":[]}"
20200620,2020-06-20,3.740001296154683,"{""type"":""MultiPoint"",""coordinates"":[]}"
20200621,2020-06-21,4.3147227398579675,"{""type"":""MultiPoint"",""coordinates"":[]}"
20200622,2020-06-22,1.3740897989960796,"{""type"":""MultiPoint"",""coordinates"":[]}"
20200623,2020-06-23,0.019017055584536736,"{""type"":""MultiPoint"",""coordinates"":[]}"
20200624,2020-06-24,3.0979613862318653,"{""type"":""MultiPoint"",""coordinates"":[]}"
20200625,2020-06-25,0.36825529464760426,"{""type"":""MultiPoint"",""coordinates"":[]}"
20200626,2020-06-26,0.22646023109207128,"{""type"":""MultiPoint"",""coordinates"":[]}"
20200627,2020-06-27,4.7982611733126985,"{""type"":""MultiPoint"",""coordinates"":[]}"
20200628,2020-06-28,4.1104496127864865,"{""type"":""MultiPoint"",""coordinates"":[]}"
20200629,2020-06-29,10.315386771394392,"{""type"":""MultiPoint"",""coordinates"":[]}"
20200630,2020-06-30,6.1798437729072235,"{""type"":""MultiPoint"",""coordinates"":[]}"
20200701,2020-07-01,2.5674844549467015,"{""type"":""MultiPoint"",""coordinates"":[]}"
20200702,2020-07-02,1.0581795561454947,"{""type"":""MultiPoint"",""coordinates"":[]}"
20200703,2020-07-03,0.6103790119687954,"{""type"":""MultiPoint"",""coordinates"":[]}"
20200704,2020-07-04,12.038918440398206,"{""type"":""MultiPoint"",""coordinates"":[]}"
20200705,2020-07-05,2.7885577147092704,"{""type"":""MultiPoint"",""coordinates"":[]}"
20200706,2020-07-06,22.28810821474763,"{""type"":""MultiPoint"",""coordinates"":[]}"
20200707,2020-07-07,2.5353853794314727,"{""type"":""MultiPoint"",""coordinates"":[]}"
20200708,2020-07-08,8.270247235159879,"{""type"":""MultiPoint"",""coordinates"":[]}"
20200709,2020-07-09,1.0809223854648111,"{""type"":""MultiPoint"",""coordinates"":[]}"
20200710,2020-07-10,2.1818023701729024,"{""type"":""MultiPoint"",""coordinates"":[]}"
20200711,2020-07-11,1.5872522818470025,"{""type"":""MultiPoint"",""coordinates"":[]}"
20200712,2020-07-12,0.8054068445326185,"{""type"":""MultiPoint"",""coordinates"":[]}"
20200713,2020-07-13,5.227153649482784,"{""type"":""MultiPoint"",""coordinates"":[]}"
20200714,2020-07-14,12.062829233258972,"{""type"":""MultiPoint"",""coordinates"":[]}"
20200715,2020-07-15,13.815667440685322,"{""type"":""MultiPoint"",""coordinates"":[]}"
20200716,2020-07-16,2.5531658996786586,"{""type"":""MultiPoint"",""coordinates"":[]}"
20200717,2020-07-17,0.5353515734519753,"{""type"":""MultiPoint"",""coordinates"":[]}"
20200718,2020-07-18,1.7899848718484297,"{""type"":""MultiPoint"",""coordinates"":[]}"
20200719,2020-07-19,4.870281928426241,"{""type"":""MultiPoint"",""coordinates"":[]}"
20200720,2020-07-20,2.8869263845691098,"{""type"":""MultiPoint"",""coordinates"":[]}"
20200721,2020-07-21,0.0,"{""type"":""MultiPoint"",""coordinates"":[]}"
20200722,2020-07-22,0.5576749327127808,"{""type"":""MultiPoint"",""coordinates"":[]}"
20200723,2020-07-23,10.411516408634524,"{""type"":""MultiPoint"",""coordinates"":[]}"
20200724,2020-07-24,3.0925172402121586,"{""type"":""MultiPoint"",""coordinates"":[]}"
20200725,2020-07-25,4.877912172881013,"{""type"":""MultiPoint"",""coordinates"":[]}"
20200726,2020-07-26,0.4402076453542455,"{""type"":""MultiPoint"",""coordinates"":[]}"
20200727,2020-07-27,0.0,"{""type"":""MultiPoint"",""coordinates"":[]}"
20200728,2020-07-28,1.3188917128759987,"{""type"":""MultiPoint"",""coordinates"":[]}"
20200729,2020-07-29,6.102747933106078,"{""type"":""MultiPoint"",""coordinates"":[]}"
20200730,2020-07-30,1.1118392039520075,"{""type"":""MultiPoint"",""coordinates"":[]}"
20200731,2020-07-31,10.425856887240538,"{""type"":""MultiPoint"",""coordinates"":[]}"
20200801,2020-08-01,4.322843375788579,"{""type"":""MultiPoint"",""coordinates"":[]}"
20200802,2020-08-02,2.1622952177924413,"{""type"":""MultiPoint"",""coordinates"":[]}"
20200803,2020-08-03,9.705258847914337,"{""type"":""MultiPoint"",""coordinates"":[]}"
20200804,2020-08-04,3.807670318231983,"{""type"":""MultiPoint"",""coordinates"":[]}"
20200805,2020-08-05,0.763713102062296,"{""type"":""MultiPoint"",""coordinates"":[]}"
20200806,2020-08-06,0.8783658241873042,"{""type"":""MultiPoint"",""coordinates"":[]}"
20200807,2020-08-07,0.21824468580614156,"{""type"":""MultiPoint"",""coordinates"":[]}"
20200808,2020-08-08,1.415241582431301,"{""type"":""MultiPoint"",""coordinates"":[]}"
20200809,2020-08-09,10.003060042972741,"{""type"":""MultiPoint"",""coordinates"":[]}"
20200810,2020-08-10,6.347744880807296,"{""type"":""MultiPoint"",""coordinates"":[]}"
20200811,2020-08-11,2.4027499664311787,"{""type"":""MultiPoint"",""coordinates"":[]}"
20200812,2020-08-12,2.96892389215392,"{""type"":""MultiPoint"",""coordinates"":[]}"
20200813,2020-08-13,6.88347816098292,"{""type"":""MultiPoint"",""coordinates"":[]}"
20200814,2020-08-14,6.700125943085687,"{""type"":""MultiPoint"",""coordinates"":[]}"
20200815,2020-08-15,9.453540776251607,"{""type"":""MultiPoint"",""coordinates"":[]}"
20200816,2020-08-16,3.0150640538112876,"{""type"":""MultiPoint"",""coordinates"":[]}"
20200817,2020-08-17,0.555847760843127,"{""type"":""MultiPoint"",""coordinates"":[]}"
20200818,2020-08-18,0.21227924873659773,"{""type"":""MultiPoint"",""coordinates"":[]}"
20200819,2020-08-19,4.788334675108087,"{""type"":""MultiPoint"",""coordinates"":[]}"
20200820,2020-08-20,9.582407521385852,"{""type"":""MultiPoint"",""coordinates"":[]}"
20200821,2020-08-21,9.812741575951094,"{""type"":""MultiPoint"",""coordinates"":[]}"
20200822,2020-08-22,2.831870997202012,"{""type"":""MultiPoint"",""coordinates"":[]}"
20200823,2020-08-23,19.656780151647514,"{""type"":""MultiPoint"",""coordinates"":[]}"
20200824,2020-08-24,6.361825914572957,"{""type"":""MultiPoint"",""coordinates"":[]}"
20200825,2020-08-25,3.647350961604017,"{""type"":""MultiPoint"",""coordinates"":[]}"
20200826,2020-08-26,1.1006989845940656,"{""type"":""MultiPoint"",""coordinates"":[]}"
20200827,2020-08-27,1.524936027625733,"{""type"":""MultiPoint"",""coordinates"":[]}"
20200828,2020-08-28,0.043720479859814906,"{""type"":""MultiPoint"",""coordinates"":[]}"
20200829,2020-08-29,1.5106408188599627,"{""type"":""MultiPoint"",""coordinates"":[]}"
20200830,2020-08-30,3.9765624743693357,"{""type"":""MultiPoint"",""coordinates"":[]}"
20200831,2020-08-31,1.2905525902106862,"{""type"":""MultiPoint"",""coordinates"":[]}"
20200901,2020-09-01,12.456445074904478,"{""type"":""MultiPoint"",""coordinates"":[]}"
20200902,2020-09-02,5.6759646842961855,"{""type"":""MultiPoint"",""coordinates"":[]}"
20200903,2020-09-03,0.5637495413606138,"{""type"":""MultiPoint"",""coordinates"":[]}"
20200904,2020-09-04,0.03375343514136901,"{""type"":""MultiPoint"",""coordinates"":[]}"
20200905,2020-09-05,0.0,"{""type"":""MultiPoint"",""coordinates"":[]}"
20200906,2020-09-06,0.36962132181040264,"{""type"":""MultiPoint"",""coordinates"":[]}"
20200907,2020-09-07,9.61374112695517,"{""type"":""MultiPoint"",""coordinates"":[]}"
20200908,2020-09-08,1.0315374748151764,"{""type"":""MultiPoint"",""coordinates"":[]}"
20200909,2020-09-09,5.035666164131282,"{""type"":""MultiPoint"",""coordinates"":[]}"
20200910,2020-09-10,5.134188596428136,"{""type"":""MultiPoint"",""coordinates"":[]}"
20200911,2020-09-11,7.969350449832777,"{""type"":""MultiPoint"",""coordinates"":[]}"
20200912,2020-09-12,12.490411544565157,"{""type"":""MultiPoint"",""coordinates"":[]}"
20200913,2020-09-13,5.7656571778449415,"{""type"":""MultiPoint"",""coordinates"":[]}"
20200914,2020-09-14,6.1595366832026714,"{""type"":""MultiPoint"",""coordinates"":[]}"
20200915,2020-09-15,3.8769652037895446,"{""type"":""MultiPoint"",""coordinates"":[]}"
20200916,2020-09-16,5.557377935852486,"{""type"":""MultiPoint"",""coordinates"":[]}"
20200917,2020-09-17,8.05718112995566,"{""type"":""MultiPoint"",""coordinates"":[]}"
20200918,2020-09-18,11.994818204956433,"{""type"":""MultiPoint"",""coordinates"":[]}"
20200919,2020-09-19,4.6228715412974974,"{""type"":""MultiPoint"",""coordinates"":[]}"
20200920,2020-09-20,3.470386531208735,"{""type"":""MultiPoint"",""coordinates"":[]}"
20200921,2020-09-21,0.10926041755362516,"{""type"":""MultiPoint"",""coordinates"":[]}"
20200922,2020-09-22,0.0,"{""type"":""MultiPoint"",""coordinates"":[]}"
20200923,2020-09-23,0.0,"{""type"":""MultiPoint"",""coordinates"":[]}"
20200924,2020-09-24,0.00889158786187859,"{""type"":""MultiPoint"",""coordinates"":[]}"
20200925,2020-09-25,15.218920731488344,"{""type"":""MultiPoint"",""coordinates"":[]}"
20200926,2020-09-26,22.25143662346749,"{""type"":""MultiPoint"",""coordinates"":[]}"
20200927,2020-09-27,0.017563240101941654,"{""type"":""MultiPoint"",""coordinates"":[]}"
20200928,2020-09-28,0.3476399136992658,"{""type"":""MultiPoint"",""coordinates"":[]}"
20200929,2020-09-29,6.618862227343656,"{""type"":""MultiPoint"",""coordinates"":[]}"
20200930,2020-09-30,11.72020823228321,"{""type"":""MultiPoint"",""coordinates"":[]}"
20201001,2020-10-01,0.5944979387862152,"{""type"":""MultiPoint"",""coordinates"":[]}"
20201002,2020-10-02,0.12168214131208095,"{""type"":""MultiPoint"",""coordinates"":[]}"
20201003,2020-10-03,22.479244335805166,"{""type"":""MultiPoint"",""coordinates"":[]}"
20201004,2020-10-04,11.981630495422507,"{""type"":""MultiPoint"",""coordinates"":[]}"
20201005,2020-10-05,4.241450316746612,"{""type"":""MultiPoint"",""coordinates"":[]}"
20201006,2020-10-06,0.0,"{""type"":""MultiPoint"",""coordinates"":[]}"
20201007,2020-10-07,4.733232967199061,"{""type"":""MultiPoint"",""coordinates"":[]}"
20201008,2020-10-08,2.9437314238774572,"{""type"":""MultiPoint"",""coordinates"":[]}"
20201009,2020-10-09,3.276951531796409,"{""type"":""MultiPoint"",""coordinates"":[]}"
20201010,2020-10-10,11.272146606106514,"{""type"":""MultiPoint"",""coordinates"":[]}"
20201011,2020-10-11,25.28434681621174,"{""type"":""MultiPoint"",""coordinates"":[]}"
20201012,2020-10-12,13.82646522616615,"{""type"":""MultiPoint"",""coordinates"":[]}"
20201013,2020-10-13,3.6415745539440025,"{""type"":""MultiPoint"",""coordinates"":[]}"
20201014,2020-10-14,12.058198122056282,"{""type"":""MultiPoint"",""coordinates"":[]}"
20201015,2020-10-15,0.871840473796961,"{""type"":""MultiPoint"",""coordinates"":[]}"
20201016,2020-10-16,0.009492976185750441,"{""type"":""MultiPoint"",""coordinates"":[]}"
20201017,2020-10-17,5.193962177806975,"{""type"":""MultiPoint"",""coordinates"":[]}"
20201018,2020-10-18,4.13103279731778,"{""type"":""MultiPoint"",""coordinates"":[]}"
20201019,2020-10-19,2.6083087408326753,"{""type"":""MultiPoint"",""coordinates"":[]}"
20201020,2020-10-20,14.131667568803586,"{""type"":""MultiPoint"",""coordinates"":[]}"
20201021,2020-10-21,20.455116569861016,"{""type"":""MultiPoint"",""coordinates"":[]}"
20201022,2020-10-22,17.571558365102074,"{""type"":""MultiPoint"",""coordinates"":[]}"
20201023,2020-10-23,3.1261870804397174,"{""type"":""MultiPoint"",""coordinates"":[]}"
20201024,2020-10-24,0.0,"{""type"":""MultiPoint"",""coordinates"":[]}"
20201025,2020-10-25,0.08422650212638005,"{""type"":""MultiPoint"",""coordinates"":[]}"
20201026,2020-10-26,0.022861932058567222,"{""type"":""MultiPoint"",""coordinates"":[]}"
20201027,2020-10-27,3.031947086577978,"{""type"":""MultiPoint"",""coordinates"":[]}"
20201028,2020-10-28,0.544731702150113,"{""type"":""MultiPoint"",""coordinates"":[]}"
20201029,2020-10-29,1.0625047479744492,"{""type"":""MultiPoint"",""coordinates"":[]}"
20201030,2020-10-30,7.291652131903118E-4,"{""type"":""MultiPoint"",""coordinates"":[]}"
20201031,2020-10-31,6.775156893381989E-4,"{""type"":""MultiPoint"",""coordinates"":[]}"
20201101,2020-11-01,0.0,"{""type"":""MultiPoint"",""coordinates"":[]}"
20201102,2020-11-02,0.0,"{""type"":""MultiPoint"",""coordinates"":[]}"
20201103,2020-11-03,0.5844780311219163,"{""type"":""MultiPoint"",""coordinates"":[]}"
20201104,2020-11-04,0.7016061946195575,"{""type"":""MultiPoint"",""coordinates"":[]}"
20201105,2020-11-05,0.30638933153775183,"{""type"":""MultiPoint"",""coordinates"":[]}"
20201106,2020-11-06,0.18826552738797028,"{""type"":""MultiPoint"",""coordinates"":[]}"
20201107,2020-11-07,0.3375567023899674,"{""type"":""MultiPoint"",""coordinates"":[]}"
20201108,2020-11-08,0.0,"{""type"":""MultiPoint"",""coordinates"":[]}"
20201109,2020-11-09,0.0,"{""type"":""MultiPoint"",""coordinates"":[]}"
20201110,2020-11-10,0.0,"{""type"":""MultiPoint"",""coordinates"":[]}"
20201111,2020-11-11,2.595713654183861,"{""type"":""MultiPoint"",""coordinates"":[]}"
20201112,2020-11-12,5.0317428536943005,"{""type"":""MultiPoint"",""coordinates"":[]}"
20201113,2020-11-13,0.24622734778865632,"{""type"":""MultiPoint"",""coordinates"":[]}"
20201114,2020-11-14,0.0,"{""type"":""MultiPoint"",""coordinates"":[]}"
20201115,2020-11-15,19.473060786831354,"{""type"":""MultiPoint"",""coordinates"":[]}"
20201116,2020-11-16,18.694278699644574,"{""type"":""MultiPoint"",""coordinates"":[]}"
20201117,2020-11-17,2.180640797998591,"{""type"":""MultiPoint"",""coordinates"":[]}"
20201118,2020-11-18,0.0,"{""type"":""MultiPoint"",""coordinates"":[]}"
20201119,2020-11-19,0.0,"{""type"":""MultiPoint"",""coordinates"":[]}"
20201120,2020-11-20,0.0,"{""type"":""MultiPoint"",""coordinates"":[]}"
20201121,2020-11-21,0.0,"{""type"":""MultiPoint"",""coordinates"":[]}"
20201122,2020-11-22,1.0661464629663246,"{""type"":""MultiPoint"",""coordinates"":[]}"
20201123,2020-11-23,10.401691509761577,"{""type"":""MultiPoint"",""coordinates"":[]}"
20201124,2020-11-24,1.536805399271514,"{""type"":""MultiPoint"",""coordinates"":[]}"
20201125,2020-11-25,20.23354919388078,"{""type"":""MultiPoint"",""coordinates"":[]}"
20201126,2020-11-26,46.714217450979,"{""type"":""MultiPoint"",""coordinates"":[]}"
20201127,2020-11-27,0.0,"{""type"":""MultiPoint"",""coordinates"":[]}"
20201128,2020-11-28,0.0500097338120422,"{""type"":""MultiPoint"",""coordinates"":[]}"
20201129,2020-11-29,0.0,"{""type"":""MultiPoint"",""coordinates"":[]}"
20201130,2020-11-30,0.0,"{""type"":""MultiPoint"",""coordinates"":[]}"
20201201,2020-12-01,1.7020961513601043,"{""type"":""MultiPoint"",""coordinates"":[]}"
20201202,2020-12-02,12.6298699657351,"{""type"":""MultiPoint"",""coordinates"":[]}"
20201203,2020-12-03,16.689650709203633,"{""type"":""MultiPoint"",""coordinates"":[]}"
20201204,2020-12-04,8.342260557871354,"{""type"":""MultiPoint"",""coordinates"":[]}"
20201205,2020-12-05,0.06755799841925912,"{""type"":""MultiPoint"",""coordinates"":[]}"
20201206,2020-12-06,0.0,"{""type"":""MultiPoint"",""coordinates"":[]}"
20201207,2020-12-07,1.2690402312918965,"{""type"":""MultiPoint"",""coordinates"":[]}"
20201208,2020-12-08,0.5451041901070636,"{""type"":""MultiPoint"",""coordinates"":[]}"
20201209,2020-12-09,0.0,"{""type"":""MultiPoint"",""coordinates"":[]}"
20201210,2020-12-10,0.0,"{""type"":""MultiPoint"",""coordinates"":[]}"
20201211,2020-12-11,0.0,"{""type"":""MultiPoint"",""coordinates"":[]}"
20201212,2020-12-12,0.0,"{""type"":""MultiPoint"",""coordinates"":[]}"
20201213,2020-12-13,0.0,"{""type"":""MultiPoint"",""coordinates"":[]}"
20201214,2020-12-14,0.0,"{""type"":""MultiPoint"",""coordinates"":[]}"
20201215,2020-12-15,0.0,"{""type"":""MultiPoint"",""coordinates"":[]}"
20201216,2020-12-16,0.006393220810677162,"{""type"":""MultiPoint"",""coordinates"":[]}"
20201217,2020-12-17,2.0781711100095785,"{""type"":""MultiPoint"",""coordinates"":[]}"
20201218,2020-12-18,0.40680842288015395,"{""type"":""MultiPoint"",""coordinates"":[]}"
20201219,2020-12-19,0.0,"{""type"":""MultiPoint"",""coordinates"":[]}"
20201220,2020-12-20,0.0,"{""type"":""MultiPoint"",""coordinates"":[]}"
20201221,2020-12-21,0.0,"{""type"":""MultiPoint"",""coordinates"":[]}"
20201222,2020-12-22,0.0,"{""type"":""MultiPoint"",""coordinates"":[]}"
20201223,2020-12-23,0.0,"{""type"":""MultiPoint"",""coordinates"":[]}"
20201224,2020-12-24,0.1016446733288762,"{""type"":""MultiPoint"",""coordinates"":[]}"
20201225,2020-12-25,0.0,"{""type"":""MultiPoint"",""coordinates"":[]}"
20201226,2020-12-26,0.0,"{""type"":""MultiPoint"",""coordinates"":[]}"
20201227,2020-12-27,0.0,"{""type"":""MultiPoint"",""coordinates"":[]}"
20201228,2020-12-28,0.0,"{""type"":""MultiPoint"",""coordinates"":[]}"
20201229,2020-12-29,0.0,"{""type"":""MultiPoint"",""coordinates"":[]}"
20201230,2020-12-30,0.0,"{""type"":""MultiPoint"",""coordinates"":[]}"
20201231,2020-12-31,0.031343135160935294,"{""type"":""MultiPoint"",""coordinates"":[]}"
20210101,2021-01-01,0.0,"{""type"":""MultiPoint"",""coordinates"":[]}"
20210102,2021-01-02,0.0,"{""type"":""MultiPoint"",""coordinates"":[]}"
20210103,2021-01-03,0.0,"{""type"":""MultiPoint"",""coordinates"":[]}"
20210104,2021-01-04,0.008480993471500263,"{""type"":""MultiPoint"",""coordinates"":[]}"
20210105,2021-01-05,7.950748715223201,"{""type"":""MultiPoint"",""coordinates"":[]}"
20210106,2021-01-06,2.8595717904180775,"{""type"":""MultiPoint"",""coordinates"":[]}"
20210107,2021-01-07,0.0,"{""type"":""MultiPoint"",""coordinates"":[]}"
20210108,2021-01-08,0.0,"{""type"":""MultiPoint"",""coordinates"":[]}"
20210109,2021-01-09,0.29409214196004635,"{""type"":""MultiPoint"",""coordinates"":[]}"
20210110,2021-01-10,0.8670016668660121,"{""type"":""MultiPoint"",""coordinates"":[]}"
20210111,2021-01-11,5.147945606140489,"{""type"":""MultiPoint"",""coordinates"":[]}"
20210112,2021-01-12,0.2798572630842124,"{""type"":""MultiPoint"",""coordinates"":[]}"
20210113,2021-01-13,0.1530375892687347,"{""type"":""MultiPoint"",""coordinates"":[]}"
20210114,2021-01-14,0.3254589759526016,"{""type"":""MultiPoint"",""coordinates"":[]}"
20210115,2021-01-15,0.0,"{""type"":""MultiPoint"",""coordinates"":[]}"
20210116,2021-01-16,0.5013337916847674,"{""type"":""MultiPoint"",""coordinates"":[]}"
20210117,2021-01-17,0.0,"{""type"":""MultiPoint"",""coordinates"":[]}"
20210118,2021-01-18,0.0035883275791499204,"{""type"":""MultiPoint"",""coordinates"":[]}"
20210119,2021-01-19,0.0,"{""type"":""MultiPoint"",""coordinates"":[]}"
20210120,2021-01-20,0.0,"{""type"":""MultiPoint"",""coordinates"":[]}"
20210121,2021-01-21,0.0,"{""type"":""MultiPoint"",""coordinates"":[]}"
20210122,2021-01-22,0.0,"{""type"":""MultiPoint"",""coordinates"":[]}"
20210123,2021-01-23,0.016350914135068367,"{""type"":""MultiPoint"",""coordinates"":[]}"
20210124,2021-01-24,0.0,"{""type"":""MultiPoint"",""coordinates"":[]}"
20210125,2021-01-25,0.0,"{""type"":""MultiPoint"",""coordinates"":[]}"
20210126,2021-01-26,0.0,"{""type"":""MultiPoint"",""coordinates"":[]}"
20210127,2021-01-27,0.0,"{""type"":""MultiPoint"",""coordinates"":[]}"
20210128,2021-01-28,0.0,"{""type"":""MultiPoint"",""coordinates"":[]}"
20210129,2021-01-29,0.16059161707596067,"{""type"":""MultiPoint"",""coordinates"":[]}"
20210130,2021-01-30,0.0,"{""type"":""MultiPoint"",""coordinates"":[]}"
20210131,2021-01-31,0.0,"{""type"":""MultiPoint"",""coordinates"":[]}"
20210201,2021-02-01,0.04238333990064124,"{""type"":""MultiPoint"",""coordinates"":[]}"
20210202,2021-02-02,0.21344688904351264,"{""type"":""MultiPoint"",""coordinates"":[]}"
20210203,2021-02-03,0.0,"{""type"":""MultiPoint"",""coordinates"":[]}"
20210204,2021-02-04,0.0,"{""type"":""MultiPoint"",""coordinates"":[]}"
20210205,2021-02-05,0.15432166498259842,"{""type"":""MultiPoint"",""coordinates"":[]}"
20210206,2021-02-06,0.0,"{""type"":""MultiPoint"",""coordinates"":[]}"
20210207,2021-02-07,0.0,"{""type"":""MultiPoint"",""coordinates"":[]}"
20210208,2021-02-08,0.0,"{""type"":""MultiPoint"",""coordinates"":[]}"
20210209,2021-02-09,0.029776795803361292,"{""type"":""MultiPoint"",""coordinates"":[]}"
20210210,2021-02-10,0.0,"{""type"":""MultiPoint"",""coordinates"":[]}"
20210211,2021-02-11,0.0,"{""type"":""MultiPoint"",""coordinates"":[]}"
20210212,2021-02-12,0.001188496254068335,"{""type"":""MultiPoint"",""coordinates"":[]}"
20210213,2021-02-13,0.0,"{""type"":""MultiPoint"",""coordinates"":[]}"
20210214,2021-02-14,0.0,"{""type"":""MultiPoint"",""coordinates"":[]}"
20210215,2021-02-15,0.0,"{""type"":""MultiPoint"",""coordinates"":[]}"
20210216,2021-02-16,0.0,"{""type"":""MultiPoint"",""coordinates"":[]}"
20210217,2021-02-17,0.0,"{""type"":""MultiPoint"",""coordinates"":[]}"
20210218,2021-02-18,0.0,"{""type"":""MultiPoint"",""coordinates"":[]}"
20210219,2021-02-19,0.0,"{""type"":""MultiPoint"",""coordinates"":[]}"
20210220,2021-02-20,0.0,"{""type"":""MultiPoint"",""coordinates"":[]}"
20210221,2021-02-21,0.3896676116990056,"{""type"":""MultiPoint"",""coordinates"":[]}"
20210222,2021-02-22,0.0,"{""type"":""MultiPoint"",""coordinates"":[]}"
20210223,2021-02-23,0.0,"{""type"":""MultiPoint"",""coordinates"":[]}"
20210224,2021-02-24,0.0,"{""type"":""MultiPoint"",""coordinates"":[]}"
20210225,2021-02-25,0.0,"{""type"":""MultiPoint"",""coordinates"":[]}"
20210226,2021-02-26,0.004774788482247088,"{""type"":""MultiPoint"",""coordinates"":[]}"
20210227,2021-02-27,0.0,"{""type"":""MultiPoint"",""coordinates"":[]}"
20210228,2021-02-28,0.0,"{""type"":""MultiPoint"",""coordinates"":[]}"
20210301,2021-03-01,0.0,"{""type"":""MultiPoint"",""coordinates"":[]}"
20210302,2021-03-02,0.0,"{""type"":""MultiPoint"",""coordinates"":[]}"
20210303,2021-03-03,0.0,"{""type"":""MultiPoint"",""coordinates"":[]}"
20210304,2021-03-04,0.0,"{""type"":""MultiPoint"",""coordinates"":[]}"
20210305,2021-03-05,0.0,"{""type"":""MultiPoint"",""coordinates"":[]}"
20210306,2021-03-06,0.0,"{""type"":""MultiPoint"",""coordinates"":[]}"
20210307,2021-03-07,0.0,"{""type"":""MultiPoint"",""coordinates"":[]}"
20210308,2021-03-08,0.0,"{""type"":""MultiPoint"",""coordinates"":[]}"
20210309,2021-03-09,0.0,"{""type"":""MultiPoint"",""coordinates"":[]}"
20210310,2021-03-10,0.0,"{""type"":""MultiPoint"",""coordinates"":[]}"
20210311,2021-03-11,0.0,"{""type"":""MultiPoint"",""coordinates"":[]}"
20210312,2021-03-12,0.0,"{""type"":""MultiPoint"",""coordinates"":[]}"
20210313,2021-03-13,0.0,"{""type"":""MultiPoint"",""coordinates"":[]}"
20210314,2021-03-14,0.0,"{""type"":""MultiPoint"",""coordinates"":[]}"
20210315,2021-03-15,0.0,"{""type"":""MultiPoint"",""coordinates"":[]}"
20210316,2021-03-16,0.0,"{""type"":""MultiPoint"",""coordinates"":[]}"
20210317,2021-03-17,0.0029100992230598997,"{""type"":""MultiPoint"",""coordinates"":[]}"
20210318,2021-03-18,0.0,"{""type"":""MultiPoint"",""coordinates"":[]}"
20210319,2021-03-19,0.0,"{""type"":""MultiPoint"",""coordinates"":[]}"
20210320,2021-03-20,0.0,"{""type"":""MultiPoint"",""coordinates"":[]}"
20210321,2021-03-21,0.0,"{""type"":""MultiPoint"",""coordinates"":[]}"
20210322,2021-03-22,0.0,"{""type"":""MultiPoint"",""coordinates"":[]}"
20210323,2021-03-23,0.0,"{""type"":""MultiPoint"",""coordinates"":[]}"
20210324,2021-03-24,0.0,"{""type"":""MultiPoint"",""coordinates"":[]}"
20210325,2021-03-25,0.0,"{""type"":""MultiPoint"",""coordinates"":[]}"
20210326,2021-03-26,0.003494121648402004,"{""type"":""MultiPoint"",""coordinates"":[]}"
20210327,2021-03-27,0.007618609471602271,"{""type"":""MultiPoint"",""coordinates"":[]}"
20210328,2021-03-28,0.4724770131854841,"{""type"":""MultiPoint"",""coordinates"":[]}"
20210329,2021-03-29,0.0,"{""type"":""MultiPoint"",""coordinates"":[]}"
20210330,2021-03-30,0.0,"{""type"":""MultiPoint"",""coordinates"":[]}"
20210331,2021-03-31,0.0,"{""type"":""MultiPoint"",""coordinates"":[]}"
20210401,2021-04-01,0.0,"{""type"":""MultiPoint"",""coordinates"":[]}"
20210402,2021-04-02,0.0,"{""type"":""MultiPoint"",""coordinates"":[]}"
20210403,2021-04-03,0.0,"{""type"":""MultiPoint"",""coordinates"":[]}"
20210404,2021-04-04,0.0,"{""type"":""MultiPoint"",""coordinates"":[]}"
20210405,2021-04-05,0.005730249718261437,"{""type"":""MultiPoint"",""coordinates"":[]}"
20210406,2021-04-06,0.0,"{""type"":""MultiPoint"",""coordinates"":[]}"
20210407,2021-04-07,0.0,"{""type"":""MultiPoint"",""coordinates"":[]}"
20210408,2021-04-08,0.0,"{""type"":""MultiPoint"",""coordinates"":[]}"
20210409,2021-04-09,0.0,"{""type"":""MultiPoint"",""coordinates"":[]}"
20210410,2021-04-10,0.0,"{""type"":""MultiPoint"",""coordinates"":[]}"
20210411,2021-04-11,0.0,"{""type"":""MultiPoint"",""coordinates"":[]}"
20210412,2021-04-12,0.0,"{""type"":""MultiPoint"",""coordinates"":[]}"
20210413,2021-04-13,0.04098011822977983,"{""type"":""MultiPoint"",""coordinates"":[]}"
20210414,2021-04-14,4.980181171603889,"{""type"":""MultiPoint"",""coordinates"":[]}"
20210415,2021-04-15,1.4615456115031669,"{""type"":""MultiPoint"",""coordinates"":[]}"
20210416,2021-04-16,0.06073232405424238,"{""type"":""MultiPoint"",""coordinates"":[]}"
20210417,2021-04-17,0.0,"{""type"":""MultiPoint"",""coordinates"":[]}"
20210418,2021-04-18,0.004924125236751777,"{""type"":""MultiPoint"",""coordinates"":[]}"
20210419,2021-04-19,0.0,"{""type"":""MultiPoint"",""coordinates"":[]}"
20210420,2021-04-20,1.1654962844439771,"{""type"":""MultiPoint"",""coordinates"":[]}"
20210421,2021-04-21,3.765526992637515,"{""type"":""MultiPoint"",""coordinates"":[]}"
20210422,2021-04-22,6.166353451839702,"{""type"":""MultiPoint"",""coordinates"":[]}"
20210423,2021-04-23,6.40864948500638,"{""type"":""MultiPoint"",""coordinates"":[]}"
20210424,2021-04-24,1.4624610291773155,"{""type"":""MultiPoint"",""coordinates"":[]}"
20210425,2021-04-25,0.0,"{""type"":""MultiPoint"",""coordinates"":[]}"
20210426,2021-04-26,0.0,"{""type"":""MultiPoint"",""coordinates"":[]}"
20210427,2021-04-27,0.0,"{""type"":""MultiPoint"",""coordinates"":[]}"
20210428,2021-04-28,4.974351682529287E-4,"{""type"":""MultiPoint"",""coordinates"":[]}"
20210429,2021-04-29,0.3125628066407248,"{""type"":""MultiPoint"",""coordinates"":[]}"
20210430,2021-04-30,0.07752778189023103,"{""type"":""MultiPoint"",""coordinates"":[]}"
20210501,2021-05-01,0.0,"{""type"":""MultiPoint"",""coordinates"":[]}"
20210502,2021-05-02,0.0,"{""type"":""MultiPoint"",""coordinates"":[]}"
20210503,2021-05-03,0.0,"{""type"":""MultiPoint"",""coordinates"":[]}"
20210504,2021-05-04,0.0,"{""type"":""MultiPoint"",""coordinates"":[]}"
20210505,2021-05-05,0.0,"{""type"":""MultiPoint"",""coordinates"":[]}"
20210506,2021-05-06,0.0,"{""type"":""MultiPoint"",""coordinates"":[]}"
20210507,2021-05-07,0.0,"{""type"":""MultiPoint"",""coordinates"":[]}"
20210508,2021-05-08,0.0,"{""type"":""MultiPoint"",""coordinates"":[]}"
20210509,2021-05-09,0.0,"{""type"":""MultiPoint"",""coordinates"":[]}"
20210510,2021-05-10,1.0980758089897147,"{""type"":""MultiPoint"",""coordinates"":[]}"
20210511,2021-05-11,10.889570587880142,"{""type"":""MultiPoint"",""coordinates"":[]}"
20210512,2021-05-12,3.110099012833211,"{""type"":""MultiPoint"",""coordinates"":[]}"
20210513,2021-05-13,1.7302455080187538,"{""type"":""MultiPoint"",""coordinates"":[]}"
20210514,2021-05-14,0.0,"{""type"":""MultiPoint"",""coordinates"":[]}"
20210515,2021-05-15,0.6824732451769047,"{""type"":""MultiPoint"",""coordinates"":[]}"
20210516,2021-05-16,0.2638475408019001,"{""type"":""MultiPoint"",""coordinates"":[]}"
20210517,2021-05-17,0.6555360563686007,"{""type"":""MultiPoint"",""coordinates"":[]}"
20210518,2021-05-18,0.851037960067773,"{""type"":""MultiPoint"",""coordinates"":[]}"
20210519,2021-05-19,5.787262843606852,"{""type"":""MultiPoint"",""coordinates"":[]}"
20210520,2021-05-20,3.197262455572211,"{""type"":""MultiPoint"",""coordinates"":[]}"
20210521,2021-05-21,14.199484396605037,"{""type"":""MultiPoint"",""coordinates"":[]}"
20210522,2021-05-22,3.9504385300307194,"{""type"":""MultiPoint"",""coordinates"":[]}"
20210523,2021-05-23,1.8378547266504872,"{""type"":""MultiPoint"",""coordinates"":[]}"
20210524,2021-05-24,0.2407858345385854,"{""type"":""MultiPoint"",""coordinates"":[]}"
20210525,2021-05-25,1.4602051562083043,"{""type"":""MultiPoint"",""coordinates"":[]}"
20210526,2021-05-26,0.0,"{""type"":""MultiPoint"",""coordinates"":[]}"
20210527,2021-05-27,0.0,"{""type"":""MultiPoint"",""coordinates"":[]}"
20210528,2021-05-28,0.0,"{""type"":""MultiPoint"",""coordinates"":[]}"
20210529,2021-05-29,0.0,"{""type"":""MultiPoint"",""coordinates"":[]}"
20210530,2021-05-30,0.0,"{""type"":""MultiPoint"",""coordinates"":[]}"
20210531,2021-05-31,0.749337559338863,"{""type"":""MultiPoint"",""coordinates"":[]}"
20210601,2021-06-01,1.5306861418151676,"{""type"":""MultiPoint"",""coordinates"":[]}"
20210602,2021-06-02,1.1649304347944738,"{""type"":""MultiPoint"",""coordinates"":[]}"
20210603,2021-06-03,6.384795880410674,"{""type"":""MultiPoint"",""coordinates"":[]}"
20210604,2021-06-04,7.223928354926866,"{""type"":""MultiPoint"",""coordinates"":[]}"
20210605,2021-06-05,6.138153192267557,"{""type"":""MultiPoint"",""coordinates"":[]}"
20210606,2021-06-06,0.87033304169808,"{""type"":""MultiPoint"",""coordinates"":[]}"
20210607,2021-06-07,0.08780670024881254,"{""type"":""MultiPoint"",""coordinates"":[]}"
20210608,2021-06-08,0.0,"{""type"":""MultiPoint"",""coordinates"":[]}"
20210609,2021-06-09,0.0020893513017047464,"{""type"":""MultiPoint"",""coordinates"":[]}"
20210610,2021-06-10,0.3262569058543077,"{""type"":""MultiPoint"",""coordinates"":[]}"
20210611,2021-06-11,2.544877961416864,"{""type"":""MultiPoint"",""coordinates"":[]}"
20210612,2021-06-12,0.4425440623409736,"{""type"":""MultiPoint"",""coordinates"":[]}"
20210613,2021-06-13,0.6576404417795249,"{""type"":""MultiPoint"",""coordinates"":[]}"
20210614,2021-06-14,2.0131332081432274,"{""type"":""MultiPoint"",""coordinates"":[]}"
20210615,2021-06-15,0.0,"{""type"":""MultiPoint"",""coordinates"":[]}"
20210616,2021-06-16,1.471584480533445,"{""type"":""MultiPoint"",""coordinates"":[]}"
20210617,2021-06-17,0.11916403977361,"{""type"":""MultiPoint"",""coordinates"":[]}"
20210618,2021-06-18,0.42800282354211616,"{""type"":""MultiPoint"",""coordinates"":[]}"
20210619,2021-06-19,0.9436047105198687,"{""type"":""MultiPoint"",""coordinates"":[]}"
20210620,2021-06-20,0.0,"{""type"":""MultiPoint"",""coordinates"":[]}"
20210621,2021-06-21,0.0,"{""type"":""MultiPoint"",""coordinates"":[]}"
20210622,2021-06-22,0.8712379950742748,"{""type"":""MultiPoint"",""coordinates"":[]}"
20210623,2021-06-23,0.5574686147134205,"{""type"":""MultiPoint"",""coordinates"":[]}"
20210624,2021-06-24,1.1712913543098693,"{""type"":""MultiPoint"",""coordinates"":[]}"
20210625,2021-06-25,0.11376185871834195,"{""type"":""MultiPoint"",""coordinates"":[]}"
20210626,2021-06-26,2.041701739053586,"{""type"":""MultiPoint"",""coordinates"":[]}"
20210627,2021-06-27,8.402373000923383,"{""type"":""MultiPoint"",""coordinates"":[]}"
20210628,2021-06-28,0.0,"{""type"":""MultiPoint"",""coordinates"":[]}"
20210629,2021-06-29,0.0,"{""type"":""MultiPoint"",""coordinates"":[]}"
20210630,2021-06-30,0.0,"{""type"":""MultiPoint"",""coordinates"":[]}"
20210701,2021-07-01,8.359175592358705,"{""type"":""MultiPoint"",""coordinates"":[]}"
20210702,2021-07-02,13.179029580236437,"{""type"":""MultiPoint"",""coordinates"":[]}"
20210703,2021-07-03,0.6100368922496112,"{""type"":""MultiPoint"",""coordinates"":[]}"
20210704,2021-07-04,6.375984522582584,"{""type"":""MultiPoint"",""coordinates"":[]}"
20210705,2021-07-05,5.906297502691884,"{""type"":""MultiPoint"",""coordinates"":[]}"
20210706,2021-07-06,0.685307094948805,"{""type"":""MultiPoint"",""coordinates"":[]}"
20210707,2021-07-07,2.1543637922248666,"{""type"":""MultiPoint"",""coordinates"":[]}"
20210708,2021-07-08,6.8235811190996065,"{""type"":""MultiPoint"",""coordinates"":[]}"
20210709,2021-07-09,4.888873532928496,"{""type"":""MultiPoint"",""coordinates"":[]}"
20210710,2021-07-10,0.33465117608902023,"{""type"":""MultiPoint"",""coordinates"":[]}"
20210711,2021-07-11,7.223680056147248,"{""type"":""MultiPoint"",""coordinates"":[]}"
20210712,2021-07-12,7.643083431543325,"{""type"":""MultiPoint"",""coordinates"":[]}"
20210713,2021-07-13,8.400962781263521,"{""type"":""MultiPoint"",""coordinates"":[]}"
20210714,2021-07-14,13.182543195744447,"{""type"":""MultiPoint"",""coordinates"":[]}"
20210715,2021-07-15,0.8556280271497967,"{""type"":""MultiPoint"",""coordinates"":[]}"
20210716,2021-07-16,4.759716590343767,"{""type"":""MultiPoint"",""coordinates"":[]}"
20210717,2021-07-17,0.9737784485009187,"{""type"":""MultiPoint"",""coordinates"":[]}"
20210718,2021-07-18,2.619684237912203,"{""type"":""MultiPoint"",""coordinates"":[]}"
20210719,2021-07-19,3.64540560906995,"{""type"":""MultiPoint"",""coordinates"":[]}"
20210720,2021-07-20,7.506673165871454,"{""type"":""MultiPoint"",""coordinates"":[]}"
20210721,2021-07-21,13.68798728760511,"{""type"":""MultiPoint"",""coordinates"":[]}"
20210722,2021-07-22,10.026128677390702,"{""type"":""MultiPoint"",""coordinates"":[]}"
20210723,2021-07-23,0.005069760533839657,"{""type"":""MultiPoint"",""coordinates"":[]}"
20210724,2021-07-24,0.0,"{""type"":""MultiPoint"",""coordinates"":[]}"
20210725,2021-07-25,0.794649873351749,"{""type"":""MultiPoint"",""coordinates"":[]}"
20210726,2021-07-26,0.0,"{""type"":""MultiPoint"",""coordinates"":[]}"
20210727,2021-07-27,2.7255293152997653,"{""type"":""MultiPoint"",""coordinates"":[]}"
20210728,2021-07-28,0.25061096517755316,"{""type"":""MultiPoint"",""coordinates"":[]}"
20210729,2021-07-29,1.4834255760533661,"{""type"":""MultiPoint"",""coordinates"":[]}"
20210730,2021-07-30,0.0,"{""type"":""MultiPoint"",""coordinates"":[]}"
20210731,2021-07-31,0.0,"{""type"":""MultiPoint"",""coordinates"":[]}"
20210801,2021-08-01,0.0,"{""type"":""MultiPoint"",""coordinates"":[]}"
20210802,2021-08-02,0.0,"{""type"":""MultiPoint"",""coordinates"":[]}"
20210803,2021-08-03,0.0,"{""type"":""MultiPoint"",""coordinates"":[]}"
20210804,2021-08-04,0.2759719344121166,"{""type"":""MultiPoint"",""coordinates"":[]}"
20210805,2021-08-05,1.7925665958556416,"{""type"":""MultiPoint"",""coordinates"":[]}"
20210806,2021-08-06,0.0,"{""type"":""MultiPoint"",""coordinates"":[]}"
20210807,2021-08-07,0.0,"{""type"":""MultiPoint"",""coordinates"":[]}"
20210808,2021-08-08,0.31649708411277183,"{""type"":""MultiPoint"",""coordinates"":[]}"
20210809,2021-08-09,1.8322595826676449,"{""type"":""MultiPoint"",""coordinates"":[]}"
20210810,2021-08-10,9.141433724848133,"{""type"":""MultiPoint"",""coordinates"":[]}"
20210811,2021-08-11,0.19088139091536188,"{""type"":""MultiPoint"",""coordinates"":[]}"
20210812,2021-08-12,7.111368877176901,"{""type"":""MultiPoint"",""coordinates"":[]}"
20210813,2021-08-13,4.072795141004258,"{""type"":""MultiPoint"",""coordinates"":[]}"
20210814,2021-08-14,5.749404233436527,"{""type"":""MultiPoint"",""coordinates"":[]}"
20210815,2021-08-15,3.431016952086405,"{""type"":""MultiPoint"",""coordinates"":[]}"
20210816,2021-08-16,6.307416143382655,"{""type"":""MultiPoint"",""coordinates"":[]}"
20210817,2021-08-17,6.2446670399437805,"{""type"":""MultiPoint"",""coordinates"":[]}"
20210818,2021-08-18,0.02565607909332828,"{""type"":""MultiPoint"",""coordinates"":[]}"
20210819,2021-08-19,0.6684093301409566,"{""type"":""MultiPoint"",""coordinates"":[]}"
20210820,2021-08-20,4.6531082273270705,"{""type"":""MultiPoint"",""coordinates"":[]}"
20210821,2021-08-21,8.865311671593162,"{""type"":""MultiPoint"",""coordinates"":[]}"
20210822,2021-08-22,2.2600114867204537,"{""type"":""MultiPoint"",""coordinates"":[]}"
20210823,2021-08-23,0.9108317873010897,"{""type"":""MultiPoint"",""coordinates"":[]}"
20210824,2021-08-24,2.3720771810596655,"{""type"":""MultiPoint"",""coordinates"":[]}"
20210825,2021-08-25,3.8911387981031513,"{""type"":""MultiPoint"",""coordinates"":[]}"
20210826,2021-08-26,6.227907080334923,"{""type"":""MultiPoint"",""coordinates"":[]}"
20210827,2021-08-27,13.915068161778049,"{""type"":""MultiPoint"",""coordinates"":[]}"
20210828,2021-08-28,14.900328541939922,"{""type"":""MultiPoint"",""coordinates"":[]}"
20210829,2021-08-29,1.8951756310719812,"{""type"":""MultiPoint"",""coordinates"":[]}"
20210830,2021-08-30,11.746707352631878,"{""type"":""MultiPoint"",""coordinates"":[]}"
20210831,2021-08-31,2.1780335670945066,"{""type"":""MultiPoint"",""coordinates"":[]}"
20210901,2021-09-01,0.8547725800883842,"{""type"":""MultiPoint"",""coordinates"":[]}"
20210902,2021-09-02,8.880330987627884,"{""type"":""MultiPoint"",""coordinates"":[]}"
20210903,2021-09-03,5.2986584815444315,"{""type"":""MultiPoint"",""coordinates"":[]}"
20210904,2021-09-04,6.314855228893893,"{""type"":""MultiPoint"",""coordinates"":[]}"
20210905,2021-09-05,2.924545197441398,"{""type"":""MultiPoint"",""coordinates"":[]}"
20210906,2021-09-06,9.330058384287813,"{""type"":""MultiPoint"",""coordinates"":[]}"
20210907,2021-09-07,1.1329181090180847,"{""type"":""MultiPoint"",""coordinates"":[]}"
20210908,2021-09-08,0.09061917517366305,"{""type"":""MultiPoint"",""coordinates"":[]}"
20210909,2021-09-09,0.0,"{""type"":""MultiPoint"",""coordinates"":[]}"
20210910,2021-09-10,0.25737756305336207,"{""type"":""MultiPoint"",""coordinates"":[]}"
20210911,2021-09-11,1.649297263041175,"{""type"":""MultiPoint"",""coordinates"":[]}"
20210912,2021-09-12,0.3567564348242442,"{""type"":""MultiPoint"",""coordinates"":[]}"
20210913,2021-09-13,1.8820577038113768,"{""type"":""MultiPoint"",""coordinates"":[]}"
20210914,2021-09-14,1.3938638630647822,"{""type"":""MultiPoint"",""coordinates"":[]}"
20210915,2021-09-15,0.26576562586836766,"{""type"":""MultiPoint"",""coordinates"":[]}"
20210916,2021-09-16,0.0,"{""type"":""MultiPoint"",""coordinates"":[]}"
20210917,2021-09-17,0.38703946391509747,"{""type"":""MultiPoint"",""coordinates"":[]}"
20210918,2021-09-18,0.0,"{""type"":""MultiPoint"",""coordinates"":[]}"
20210919,2021-09-19,0.48892758876222236,"{""type"":""MultiPoint"",""coordinates"":[]}"
20210920,2021-09-20,2.155045421934498,"{""type"":""MultiPoint"",""coordinates"":[]}"
20210921,2021-09-21,4.390064469640281,"{""type"":""MultiPoint"",""coordinates"":[]}"
20210922,2021-09-22,4.85307527301569,"{""type"":""MultiPoint"",""coordinates"":[]}"
20210923,2021-09-23,2.9479677045539097,"{""type"":""MultiPoint"",""coordinates"":[]}"
20210924,2021-09-24,0.004782702012582604,"{""type"":""MultiPoint"",""coordinates"":[]}"
20210925,2021-09-25,10.089112349878931,"{""type"":""MultiPoint"",""coordinates"":[]}"
20210926,2021-09-26,1.9218268369428764,"{""type"":""MultiPoint"",""coordinates"":[]}"
20210927,2021-09-27,7.203574635269298,"{""type"":""MultiPoint"",""coordinates"":[]}"
20210928,2021-09-28,0.9434749346219116,"{""type"":""MultiPoint"",""coordinates"":[]}"
20210929,2021-09-29,0.10704643875769025,"{""type"":""MultiPoint"",""coordinates"":[]}"
20210930,2021-09-30,2.3919940549397367,"{""type"":""MultiPoint"",""coordinates"":[]}"
20211001,2021-10-01,0.05676287723866358,"{""type"":""MultiPoint"",""coordinates"":[]}"
20211002,2021-10-02,1.3090985949087242,"{""type"":""MultiPoint"",""coordinates"":[]}"
20211003,2021-10-03,0.2488341763723209,"{""type"":""MultiPoint"",""coordinates"":[]}"
20211004,2021-10-04,1.6742395731106265,"{""type"":""MultiPoint"",""coordinates"":[]}"
20211005,2021-10-05,23.318717634447264,"{""type"":""MultiPoint"",""coordinates"":[]}"
20211006,2021-10-06,8.446765630271079,"{""type"":""MultiPoint"",""coordinates"":[]}"
20211007,2021-10-07,5.398074859078984,"{""type"":""MultiPoint"",""coordinates"":[]}"
20211008,2021-10-08,14.021989344534152,"{""type"":""MultiPoint"",""coordinates"":[]}"
20211009,2021-10-09,10.573231719634562,"{""type"":""MultiPoint"",""coordinates"":[]}"
20211010,2021-10-10,9.594048345986126,"{""type"":""MultiPoint"",""coordinates"":[]}"
20211011,2021-10-11,2.109961351619364,"{""type"":""MultiPoint"",""coordinates"":[]}"
20211012,2021-10-12,5.432283333875493,"{""type"":""MultiPoint"",""coordinates"":[]}"
20211013,2021-10-13,3.8290649001688677,"{""type"":""MultiPoint"",""coordinates"":[]}"
20211014,2021-10-14,0.543489807002005,"{""type"":""MultiPoint"",""coordinates"":[]}"
20211015,2021-10-15,1.0421639123791349,"{""type"":""MultiPoint"",""coordinates"":[]}"
20211016,2021-10-16,3.1293094863862883,"{""type"":""MultiPoint"",""coordinates"":[]}"
20211017,2021-10-17,10.72047173787339,"{""type"":""MultiPoint"",""coordinates"":[]}"
20211018,2021-10-18,0.37916022976213437,"{""type"":""MultiPoint"",""coordinates"":[]}"
20211019,2021-10-19,2.025652448290558,"{""type"":""MultiPoint"",""coordinates"":[]}"
20211020,2021-10-20,10.204230742862014,"{""type"":""MultiPoint"",""coordinates"":[]}"
20211021,2021-10-21,1.5743979855072052,"{""type"":""MultiPoint"",""coordinates"":[]}"
20211022,2021-10-22,6.032927747733363,"{""type"":""MultiPoint"",""coordinates"":[]}"
20211023,2021-10-23,5.756629272132748,"{""type"":""MultiPoint"",""coordinates"":[]}"
20211024,2021-10-24,8.781627744011162,"{""type"":""MultiPoint"",""coordinates"":[]}"
20211025,2021-10-25,0.0,"{""type"":""MultiPoint"",""coordinates"":[]}"
20211026,2021-10-26,0.0,"{""type"":""MultiPoint"",""coordinates"":[]}"
20211027,2021-10-27,0.0,"{""type"":""MultiPoint"",""coordinates"":[]}"
20211028,2021-10-28,4.269947288260709,"{""type"":""MultiPoint"",""coordinates"":[]}"
20211029,2021-10-29,11.696029635691328,"{""type"":""MultiPoint"",""coordinates"":[]}"
20211030,2021-10-30,1.80825780007804,"{""type"":""MultiPoint"",""coordinates"":[]}"
20211031,2021-10-31,5.679911980934805,"{""type"":""MultiPoint"",""coordinates"":[]}"
20211101,2021-11-01,18.021425263450926,"{""type"":""MultiPoint"",""coordinates"":[]}"
20211102,2021-11-02,7.60936654278103,"{""type"":""MultiPoint"",""coordinates"":[]}"
20211103,2021-11-03,4.893860450008045,"{""type"":""MultiPoint"",""coordinates"":[]}"
20211104,2021-11-04,0.8422547333911752,"{""type"":""MultiPoint"",""coordinates"":[]}"
20211105,2021-11-05,0.5997585328448238,"{""type"":""MultiPoint"",""coordinates"":[]}"
20211106,2021-11-06,4.310854154907838,"{""type"":""MultiPoint"",""coordinates"":[]}"
20211107,2021-11-07,12.393322706954446,"{""type"":""MultiPoint"",""coordinates"":[]}"
20211108,2021-11-08,11.274050202662274,"{""type"":""MultiPoint"",""coordinates"":[]}"
20211109,2021-11-09,3.202735126935944,"{""type"":""MultiPoint"",""coordinates"":[]}"
20211110,2021-11-10,18.548353770558343,"{""type"":""MultiPoint"",""coordinates"":[]}"
20211111,2021-11-11,62.568933369700304,"{""type"":""MultiPoint"",""coordinates"":[]}"
20211112,2021-11-12,11.806059730410619,"{""type"":""MultiPoint"",""coordinates"":[]}"
20211113,2021-11-13,13.12506891402811,"{""type"":""MultiPoint"",""coordinates"":[]}"
20211114,2021-11-14,5.152458762152203,"{""type"":""MultiPoint"",""coordinates"":[]}"
20211115,2021-11-15,13.562453486780662,"{""type"":""MultiPoint"",""coordinates"":[]}"
20211116,2021-11-16,1.4571536698212297,"{""type"":""MultiPoint"",""coordinates"":[]}"
20211117,2021-11-17,20.721384944347555,"{""type"":""MultiPoint"",""coordinates"":[]}"
20211118,2021-11-18,53.68023724900474,"{""type"":""MultiPoint"",""coordinates"":[]}"
20211119,2021-11-19,5.892589621443166,"{""type"":""MultiPoint"",""coordinates"":[]}"
20211120,2021-11-20,2.6908953894674728,"{""type"":""MultiPoint"",""coordinates"":[]}"
20211121,2021-11-21,0.708971005422929,"{""type"":""MultiPoint"",""coordinates"":[]}"
20211122,2021-11-22,4.3781553247294696,"{""type"":""MultiPoint"",""coordinates"":[]}"
20211123,2021-11-23,0.06743175818726158,"{""type"":""MultiPoint"",""coordinates"":[]}"
20211124,2021-11-24,9.416493928199081,"{""type"":""MultiPoint"",""coordinates"":[]}"
20211125,2021-11-25,2.6850254274894083,"{""type"":""MultiPoint"",""coordinates"":[]}"
20211126,2021-11-26,8.299817137954438,"{""type"":""MultiPoint"",""coordinates"":[]}"
20211127,2021-11-27,7.050422360754643,"{""type"":""MultiPoint"",""coordinates"":[]}"
20211128,2021-11-28,26.86296445934792,"{""type"":""MultiPoint"",""coordinates"":[]}"
20211129,2021-11-29,6.358592956123304,"{""type"":""MultiPoint"",""coordinates"":[]}"
20211130,2021-11-30,0.030576997667397993,"{""type"":""MultiPoint"",""coordinates"":[]}"
20211201,2021-12-01,2.9283307065428676,"{""type"":""MultiPoint"",""coordinates"":[]}"
20211202,2021-12-02,0.0,"{""type"":""MultiPoint"",""coordinates"":[]}"
20211203,2021-12-03,0.0,"{""type"":""MultiPoint"",""coordinates"":[]}"
20211204,2021-12-04,0.05963766574583428,"{""type"":""MultiPoint"",""coordinates"":[]}"
20211205,2021-12-05,0.0,"{""type"":""MultiPoint"",""coordinates"":[]}"
20211206,2021-12-06,0.0,"{""type"":""MultiPoint"",""coordinates"":[]}"
20211207,2021-12-07,0.0,"{""type"":""MultiPoint"",""coordinates"":[]}"
20211208,2021-12-08,0.0,"{""type"":""MultiPoint"",""coordinates"":[]}"
20211209,2021-12-09,1.7233897688895456,"{""type"":""MultiPoint"",""coordinates"":[]}"
20211210,2021-12-10,0.5300071834887247,"{""type"":""MultiPoint"",""coordinates"":[]}"
20211211,2021-12-11,0.0012757385145786091,"{""type"":""MultiPoint"",""coordinates"":[]}"
20211212,2021-12-12,0.0,"{""type"":""MultiPoint"",""coordinates"":[]}"
20211213,2021-12-13,0.0,"{""type"":""MultiPoint"",""coordinates"":[]}"
20211214,2021-12-14,0.0,"{""type"":""MultiPoint"",""coordinates"":[]}"
20211215,2021-12-15,0.0,"{""type"":""MultiPoint"",""coordinates"":[]}"
20211216,2021-12-16,0.0,"{""type"":""MultiPoint"",""coordinates"":[]}"
20211217,2021-12-17,4.276578559304507,"{""type"":""MultiPoint"",""coordinates"":[]}"
20211218,2021-12-18,0.11227182721467482,"{""type"":""MultiPoint"",""coordinates"":[]}"
20211219,2021-12-19,0.0,"{""type"":""MultiPoint"",""coordinates"":[]}"
20211220,2021-12-20,0.0,"{""type"":""MultiPoint"",""coordinates"":[]}"
20211221,2021-12-21,2.0076986843597737,"{""type"":""MultiPoint"",""coordinates"":[]}"
20211222,2021-12-22,0.0,"{""type"":""MultiPoint"",""coordinates"":[]}"
20211223,2021-12-23,0.0068656263974899,"{""type"":""MultiPoint"",""coordinates"":[]}"
20211224,2021-12-24,0.0,"{""type"":""MultiPoint"",""coordinates"":[]}"
20211225,2021-12-25,1.4884111532314492,"{""type"":""MultiPoint"",""coordinates"":[]}"
20211226,2021-12-26,0.0,"{""type"":""MultiPoint"",""coordinates"":[]}"
20211227,2021-12-27,0.0,"{""type"":""MultiPoint"",""coordinates"":[]}"
20211228,2021-12-28,0.0,"{""type"":""MultiPoint"",""coordinates"":[]}"
20211229,2021-12-29,0.0027455895776642234,"{""type"":""MultiPoint"",""coordinates"":[]}"
20211230,2021-12-30,1.2456749440270622,"{""type"":""MultiPoint"",""coordinates"":[]}"
20211231,2021-12-31,4.556739411044913,"{""type"":""MultiPoint"",""coordinates"":[]}"
20220101,2022-01-01,6.574396821398136,"{""type"":""MultiPoint"",""coordinates"":[]}"
20220102,2022-01-02,0.0,"{""type"":""MultiPoint"",""coordinates"":[]}"
20220103,2022-01-03,0.0,"{""type"":""MultiPoint"",""coordinates"":[]}"
20220104,2022-01-04,0.0,"{""type"":""MultiPoint"",""coordinates"":[]}"
20220105,2022-01-05,0.0,"{""type"":""MultiPoint"",""coordinates"":[]}"
20220106,2022-01-06,0.0,"{""type"":""MultiPoint"",""coordinates"":[]}"
20220107,2022-01-07,1.4724935072685532,"{""type"":""MultiPoint"",""coordinates"":[]}"
20220108,2022-01-08,0.6520871651468625,"{""type"":""MultiPoint"",""coordinates"":[]}"
20220109,2022-01-09,0.0,"{""type"":""MultiPoint"",""coordinates"":[]}"
20220110,2022-01-10,0.0,"{""type"":""MultiPoint"",""coordinates"":[]}"
20220111,2022-01-11,0.0,"{""type"":""MultiPoint"",""coordinates"":[]}"
20220112,2022-01-12,0.0,"{""type"":""MultiPoint"",""coordinates"":[]}"
20220113,2022-01-13,0.8839400320654832,"{""type"":""MultiPoint"",""coordinates"":[]}"
20220114,2022-01-14,0.0,"{""type"":""MultiPoint"",""coordinates"":[]}"
20220115,2022-01-15,0.0,"{""type"":""MultiPoint"",""coordinates"":[]}"
20220116,2022-01-16,1.5900983467154348,"{""type"":""MultiPoint"",""coordinates"":[]}"
20220117,2022-01-17,0.0,"{""type"":""MultiPoint"",""coordinates"":[]}"
20220118,2022-01-18,0.0,"{""type"":""MultiPoint"",""coordinates"":[]}"
20220119,2022-01-19,0.0,"{""type"":""MultiPoint"",""coordinates"":[]}"
20220120,2022-01-20,0.0,"{""type"":""MultiPoint"",""coordinates"":[]}"
20220121,2022-01-21,0.12020121150280644,"{""type"":""MultiPoint"",""coordinates"":[]}"
20220122,2022-01-22,0.0,"{""type"":""MultiPoint"",""coordinates"":[]}"
20220123,2022-01-23,0.021238094766881013,"{""type"":""MultiPoint"",""coordinates"":[]}"
20220124,2022-01-24,0.16729090813481634,"{""type"":""MultiPoint"",""coordinates"":[]}"
20220125,2022-01-25,0.4046000325763097,"{""type"":""MultiPoint"",""coordinates"":[]}"
20220126,2022-01-26,0.19914997124361683,"{""type"":""MultiPoint"",""coordinates"":[]}"
20220127,2022-01-27,0.0,"{""type"":""MultiPoint"",""coordinates"":[]}"
20220128,2022-01-28,0.0,"{""type"":""MultiPoint"",""coordinates"":[]}"
20220129,2022-01-29,0.0,"{""type"":""MultiPoint"",""coordinates"":[]}"
20220130,2022-01-30,0.07374501719955186,"{""type"":""MultiPoint"",""coordinates"":[]}"
20220131,2022-01-31,0.0,"{""type"":""MultiPoint"",""coordinates"":[]}"
20220201,2022-02-01,0.0,"{""type"":""MultiPoint"",""coordinates"":[]}"
20220202,2022-02-02,0.0,"{""type"":""MultiPoint"",""coordinates"":[]}"
20220203,2022-02-03,0.0,"{""type"":""MultiPoint"",""coordinates"":[]}"
20220204,2022-02-04,0.0,"{""type"":""MultiPoint"",""coordinates"":[]}"
20220205,2022-02-05,0.0,"{""type"":""MultiPoint"",""coordinates"":[]}"
20220206,2022-02-06,0.0,"{""type"":""MultiPoint"",""coordinates"":[]}"
20220207,2022-02-07,0.0,"{""type"":""MultiPoint"",""coordinates"":[]}"
20220208,2022-02-08,0.0,"{""type"":""MultiPoint"",""coordinates"":[]}"
20220209,2022-02-09,0.0,"{""type"":""MultiPoint"",""coordinates"":[]}"
20220210,2022-02-10,0.0,"{""type"":""MultiPoint"",""coordinates"":[]}"
20220211,2022-02-11,0.0,"{""type"":""MultiPoint"",""coordinates"":[]}"
20220212,2022-02-12,0.0,"{""type"":""MultiPoint"",""coordinates"":[]}"
20220213,2022-02-13,0.0,"{""type"":""MultiPoint"",""coordinates"":[]}"
20220214,2022-02-14,0.0,"{""type"":""MultiPoint"",""coordinates"":[]}"
20220215,2022-02-15,0.0,"{""type"":""MultiPoint"",""coordinates"":[]}"
20220216,2022-02-16,0.0,"{""type"":""MultiPoint"",""coordinates"":[]}"
20220217,2022-02-17,0.0,"{""type"":""MultiPoint"",""coordinates"":[]}"
20220218,2022-02-18,0.0,"{""type"":""MultiPoint"",""coordinates"":[]}"
20220219,2022-02-19,0.0,"{""type"":""MultiPoint"",""coordinates"":[]}"
20220220,2022-02-20,0.0,"{""type"":""MultiPoint"",""coordinates"":[]}"
20220221,2022-02-21,0.0,"{""type"":""MultiPoint"",""coordinates"":[]}"
20220222,2022-02-22,0.0,"{""type"":""MultiPoint"",""coordinates"":[]}"
20220223,2022-02-23,0.0,"{""type"":""MultiPoint"",""coordinates"":[]}"
20220224,2022-02-24,0.0,"{""type"":""MultiPoint"",""coordinates"":[]}"
20220225,2022-02-25,0.0,"{""type"":""MultiPoint"",""coordinates"":[]}"
20220226,2022-02-26,0.0,"{""type"":""MultiPoint"",""coordinates"":[]}"
20220227,2022-02-27,0.0,"{""type"":""MultiPoint"",""coordinates"":[]}"
20220228,2022-02-28,0.0,"{""type"":""MultiPoint"",""coordinates"":[]}"
20220301,2022-03-01,0.0,"{""type"":""MultiPoint"",""coordinates"":[]}"
20220302,2022-03-02,4.696227532719795E-4,"{""type"":""MultiPoint"",""coordinates"":[]}"
20220303,2022-03-03,0.008306536137028893,"{""type"":""MultiPoint"",""coordinates"":[]}"
20220304,2022-03-04,0.010286004746674194,"{""type"":""MultiPoint"",""coordinates"":[]}"
20220305,2022-03-05,0.0,"{""type"":""MultiPoint"",""coordinates"":[]}"
20220306,2022-03-06,0.03987198139832473,"{""type"":""MultiPoint"",""coordinates"":[]}"
20220307,2022-03-07,0.0,"{""type"":""MultiPoint"",""coordinates"":[]}"
20220308,2022-03-08,0.0,"{""type"":""MultiPoint"",""coordinates"":[]}"
20220309,2022-03-09,0.0,"{""type"":""MultiPoint"",""coordinates"":[]}"
20220310,2022-03-10,0.0,"{""type"":""MultiPoint"",""coordinates"":[]}"
20220311,2022-03-11,0.0,"{""type"":""MultiPoint"",""coordinates"":[]}"
20220312,2022-03-12,0.0,"{""type"":""MultiPoint"",""coordinates"":[]}"
20220313,2022-03-13,0.0,"{""type"":""MultiPoint"",""coordinates"":[]}"
20220314,2022-03-14,0.0,"{""type"":""MultiPoint"",""coordinates"":[]}"
20220315,2022-03-15,0.0,"{""type"":""MultiPoint"",""coordinates"":[]}"
20220316,2022-03-16,0.0,"{""type"":""MultiPoint"",""coordinates"":[]}"
20220317,2022-03-17,0.0,"{""type"":""MultiPoint"",""coordinates"":[]}"
20220318,2022-03-18,0.0,"{""type"":""MultiPoint"",""coordinates"":[]}"
20220319,2022-03-19,0.0,"{""type"":""MultiPoint"",""coordinates"":[]}"
20220320,2022-03-20,0.0,"{""type"":""MultiPoint"",""coordinates"":[]}"
20220321,2022-03-21,0.007515604353210672,"{""type"":""MultiPoint"",""coordinates"":[]}"
20220322,2022-03-22,0.051529083890141957,"{""type"":""MultiPoint"",""coordinates"":[]}"
20220323,2022-03-23,1.1114785812736761E-4,"{""type"":""MultiPoint"",""coordinates"":[]}"
20220324,2022-03-24,0.0,"{""type"":""MultiPoint"",""coordinates"":[]}"
20220325,2022-03-25,0.0,"{""type"":""MultiPoint"",""coordinates"":[]}"
20220326,2022-03-26,0.0,"{""type"":""MultiPoint"",""coordinates"":[]}"
20220327,2022-03-27,0.0,"{""type"":""MultiPoint"",""coordinates"":[]}"
20220328,2022-03-28,0.09206359889758907,"{""type"":""MultiPoint"",""coordinates"":[]}"
20220329,2022-03-29,0.0,"{""type"":""MultiPoint"",""coordinates"":[]}"
20220330,2022-03-30,0.0,"{""type"":""MultiPoint"",""coordinates"":[]}"
20220331,2022-03-31,0.0,"{""type"":""MultiPoint"",""coordinates"":[]}"
20220401,2022-04-01,0.0,"{""type"":""MultiPoint"",""coordinates"":[]}"
20220402,2022-04-02,0.0,"{""type"":""MultiPoint"",""coordinates"":[]}"
20220403,2022-04-03,0.0,"{""type"":""MultiPoint"",""coordinates"":[]}"
20220404,2022-04-04,0.0,"{""type"":""MultiPoint"",""coordinates"":[]}"
20220405,2022-04-05,0.0,"{""type"":""MultiPoint"",""coordinates"":[]}"
20220406,2022-04-06,0.003714410928279207,"{""type"":""MultiPoint"",""coordinates"":[]}"
20220407,2022-04-07,0.20334198113348045,"{""type"":""MultiPoint"",""coordinates"":[]}"
20220408,2022-04-08,0.0,"{""type"":""MultiPoint"",""coordinates"":[]}"
20220409,2022-04-09,0.2765308336640443,"{""type"":""MultiPoint"",""coordinates"":[]}"
20220410,2022-04-10,1.7564833161397924,"{""type"":""MultiPoint"",""coordinates"":[]}"
20220411,2022-04-11,0.0,"{""type"":""MultiPoint"",""coordinates"":[]}"
20220412,2022-04-12,0.16580236412159846,"{""type"":""MultiPoint"",""coordinates"":[]}"
20220413,2022-04-13,2.561984664278841,"{""type"":""MultiPoint"",""coordinates"":[]}"
20220414,2022-04-14,1.3617451498359952,"{""type"":""MultiPoint"",""coordinates"":[]}"
20220415,2022-04-15,0.20737289439648163,"{""type"":""MultiPoint"",""coordinates"":[]}"
20220416,2022-04-16,0.4324768548601543,"{""type"":""MultiPoint"",""coordinates"":[]}"
20220417,2022-04-17,0.06663065546888429,"{""type"":""MultiPoint"",""coordinates"":[]}"
20220418,2022-04-18,0.0,"{""type"":""MultiPoint"",""coordinates"":[]}"
20220419,2022-04-19,0.46612788566536034,"{""type"":""MultiPoint"",""coordinates"":[]}"
20220420,2022-04-20,0.0,"{""type"":""MultiPoint"",""coordinates"":[]}"
20220421,2022-04-21,0.2740224918325044,"{""type"":""MultiPoint"",""coordinates"":[]}"
20220422,2022-04-22,0.003201550524469628,"{""type"":""MultiPoint"",""coordinates"":[]}"
20220423,2022-04-23,0.12234154839761867,"{""type"":""MultiPoint"",""coordinates"":[]}"
20220424,2022-04-24,0.0,"{""type"":""MultiPoint"",""coordinates"":[]}"
20220425,2022-04-25,0.0,"{""type"":""MultiPoint"",""coordinates"":[]}"
20220426,2022-04-26,0.02748680773925546,"{""type"":""MultiPoint"",""coordinates"":[]}"
20220427,2022-04-27,0.0,"{""type"":""MultiPoint"",""coordinates"":[]}"
20220428,2022-04-28,0.0,"{""type"":""MultiPoint"",""coordinates"":[]}"
20220429,2022-04-29,0.0,"{""type"":""MultiPoint"",""coordinates"":[]}"
20220430,2022-04-30,0.023862170340835615,"{""type"":""MultiPoint"",""coordinates"":[]}"
20220501,2022-05-01,7.034232510291144,"{""type"":""MultiPoint"",""coordinates"":[]}"
20220502,2022-05-02,0.15204905969238458,"{""type"":""MultiPoint"",""coordinates"":[]}"
20220503,2022-05-03,1.3503145117895414,"{""type"":""MultiPoint"",""coordinates"":[]}"
20220504,2022-05-04,3.038108479345555,"{""type"":""MultiPoint"",""coordinates"":[]}"
20220505,2022-05-05,0.19088851011052127,"{""type"":""MultiPoint"",""coordinates"":[]}"
20220506,2022-05-06,2.8056225765422114,"{""type"":""MultiPoint"",""coordinates"":[]}"
20220507,2022-05-07,0.0,"{""type"":""MultiPoint"",""coordinates"":[]}"
20220508,2022-05-08,2.9868590061667435,"{""type"":""MultiPoint"",""coordinates"":[]}"
20220509,2022-05-09,7.631943399069203,"{""type"":""MultiPoint"",""coordinates"":[]}"
20220510,2022-05-10,17.17672664763712,"{""type"":""MultiPoint"",""coordinates"":[]}"
20220511,2022-05-11,27.992295509381403,"{""type"":""MultiPoint"",""coordinates"":[]}"
20220512,2022-05-12,13.752663497355487,"{""type"":""MultiPoint"",""coordinates"":[]}"
20220513,2022-05-13,2.103292090459078,"{""type"":""MultiPoint"",""coordinates"":[]}"
20220514,2022-05-14,0.7391566210954572,"{""type"":""MultiPoint"",""coordinates"":[]}"
20220515,2022-05-15,4.715994340151661,"{""type"":""MultiPoint"",""coordinates"":[]}"
20220516,2022-05-16,11.802820364018606,"{""type"":""MultiPoint"",""coordinates"":[]}"
20220517,2022-05-17,3.9634989577867623,"{""type"":""MultiPoint"",""coordinates"":[]}"
20220518,2022-05-18,9.426460996984943,"{""type"":""MultiPoint"",""coordinates"":[]}"
20220519,2022-05-19,3.2919712293376824,"{""type"":""MultiPoint"",""coordinates"":[]}"
20220520,2022-05-20,0.0,"{""type"":""MultiPoint"",""coordinates"":[]}"
20220521,2022-05-21,0.0,"{""type"":""MultiPoint"",""coordinates"":[]}"
20220522,2022-05-22,0.0,"{""type"":""MultiPoint"",""coordinates"":[]}"
20220523,2022-05-23,0.0,"{""type"":""MultiPoint"",""coordinates"":[]}"
20220524,2022-05-24,0.0,"{""type"":""MultiPoint"",""coordinates"":[]}"
20220525,2022-05-25,0.0,"{""type"":""MultiPoint"",""coordinates"":[]}"
20220526,2022-05-26,1.9885074695261318,"{""type"":""MultiPoint"",""coordinates"":[]}"
20220527,2022-05-27,0.0,"{""type"":""MultiPoint"",""coordinates"":[]}"
20220528,2022-05-28,0.0,"{""type"":""MultiPoint"",""coordinates"":[]}"
20220529,2022-05-29,0.0,"{""type"":""MultiPoint"",""coordinates"":[]}"
20220530,2022-05-30,0.011750579879206297,"{""type"":""MultiPoint"",""coordinates"":[]}"
20220531,2022-05-31,2.653430222822357,"{""type"":""MultiPoint"",""coordinates"":[]}"
20220601,2022-06-01,0.015204904545005763,"{""type"":""MultiPoint"",""coordinates"":[]}"
20220602,2022-06-02,0.018667328220981248,"{""type"":""MultiPoint"",""coordinates"":[]}"
20220603,2022-06-03,0.0,"{""type"":""MultiPoint"",""coordinates"":[]}"
20220604,2022-06-04,0.0,"{""type"":""MultiPoint"",""coordinates"":[]}"
20220605,2022-06-05,12.037384485194005,"{""type"":""MultiPoint"",""coordinates"":[]}"
20220606,2022-06-06,8.006701183501375,"{""type"":""MultiPoint"",""coordinates"":[]}"
20220607,2022-06-07,0.0,"{""type"":""MultiPoint"",""coordinates"":[]}"
20220608,2022-06-08,0.0,"{""type"":""MultiPoint"",""coordinates"":[]}"
20220609,2022-06-09,0.0,"{""type"":""MultiPoint"",""coordinates"":[]}"
20220610,2022-06-10,0.0,"{""type"":""MultiPoint"",""coordinates"":[]}"
20220611,2022-06-11,0.02661991391894707,"{""type"":""MultiPoint"",""coordinates"":[]}"
20220612,2022-06-12,1.3507398128564767,"{""type"":""MultiPoint"",""coordinates"":[]}"
20220613,2022-06-13,1.909498489158524,"{""type"":""MultiPoint"",""coordinates"":[]}"
20220614,2022-06-14,3.657187700812945,"{""type"":""MultiPoint"",""coordinates"":[]}"
20220615,2022-06-15,8.2891115306183,"{""type"":""MultiPoint"",""coordinates"":[]}"
20220616,2022-06-16,5.820570979498297,"{""type"":""MultiPoint"",""coordinates"":[]}"
20220617,2022-06-17,3.590138809817286,"{""type"":""MultiPoint"",""coordinates"":[]}"
20220618,2022-06-18,2.618394752070449,"{""type"":""MultiPoint"",""coordinates"":[]}"
20220619,2022-06-19,5.15359337208156,"{""type"":""MultiPoint"",""coordinates"":[]}"
20220620,2022-06-20,1.309657934325171,"{""type"":""MultiPoint"",""coordinates"":[]}"
20220621,2022-06-21,2.912478100956603,"{""type"":""MultiPoint"",""coordinates"":[]}"
20220622,2022-06-22,11.8448905654859,"{""type"":""MultiPoint"",""coordinates"":[]}"
20220623,2022-06-23,3.725606688868704,"{""type"":""MultiPoint"",""coordinates"":[]}"
20220624,2022-06-24,1.891848222666295,"{""type"":""MultiPoint"",""coordinates"":[]}"
20220625,2022-06-25,2.7108298371518247,"{""type"":""MultiPoint"",""coordinates"":[]}"
20220626,2022-06-26,3.7691707555652156,"{""type"":""MultiPoint"",""coordinates"":[]}"
20220627,2022-06-27,14.731066190531275,"{""type"":""MultiPoint"",""coordinates"":[]}"
20220628,2022-06-28,15.363723840905731,"{""type"":""MultiPoint"",""coordinates"":[]}"
20220629,2022-06-29,1.7707862519240178,"{""type"":""MultiPoint"",""coordinates"":[]}"
20220630,2022-06-30,5.508910475453156,"{""type"":""MultiPoint"",""coordinates"":[]}"
20220701,2022-07-01,6.069269102916075,"{""type"":""MultiPoint"",""coordinates"":[]}"
20220702,2022-07-02,0.7820025792558087,"{""type"":""MultiPoint"",""coordinates"":[]}"
20220703,2022-07-03,6.897047527419074,"{""type"":""MultiPoint"",""coordinates"":[]}"
20220704,2022-07-04,8.457471711514895,"{""type"":""MultiPoint"",""coordinates"":[]}"
20220705,2022-07-05,9.541621813291876,"{""type"":""MultiPoint"",""coordinates"":[]}"
20220706,2022-07-06,5.883682810781949,"{""type"":""MultiPoint"",""coordinates"":[]}"
20220707,2022-07-07,0.9531028057684948,"{""type"":""MultiPoint"",""coordinates"":[]}"
20220708,2022-07-08,11.708689487047192,"{""type"":""MultiPoint"",""coordinates"":[]}"
20220709,2022-07-09,0.005476201465793912,"{""type"":""MultiPoint"",""coordinates"":[]}"
20220710,2022-07-10,0.02981285592619138,"{""type"":""MultiPoint"",""coordinates"":[]}"
20220711,2022-07-11,2.821633355008611,"{""type"":""MultiPoint"",""coordinates"":[]}"
20220712,2022-07-12,7.430768253865211,"{""type"":""MultiPoint"",""coordinates"":[]}"
20220713,2022-07-13,3.80708723940177,"{""type"":""MultiPoint"",""coordinates"":[]}"
20220714,2022-07-14,0.0,"{""type"":""MultiPoint"",""coordinates"":[]}"
20220715,2022-07-15,0.04844333026180555,"{""type"":""MultiPoint"",""coordinates"":[]}"
20220716,2022-07-16,0.09713375963805501,"{""type"":""MultiPoint"",""coordinates"":[]}"
20220717,2022-07-17,7.513618921517323,"{""type"":""MultiPoint"",""coordinates"":[]}"
20220718,2022-07-18,9.933226713651987,"{""type"":""MultiPoint"",""coordinates"":[]}"
20220719,2022-07-19,0.0,"{""type"":""MultiPoint"",""coordinates"":[]}"
20220720,2022-07-20,0.07855630155538977,"{""type"":""MultiPoint"",""coordinates"":[]}"
20220721,2022-07-21,5.143820028887455,"{""type"":""MultiPoint"",""coordinates"":[]}"
20220722,2022-07-22,12.920911273841408,"{""type"":""MultiPoint"",""coordinates"":[]}"
20220723,2022-07-23,7.91952967867822,"{""type"":""MultiPoint"",""coordinates"":[]}"
20220724,2022-07-24,2.489516185126066,"{""type"":""MultiPoint"",""coordinates"":[]}"
20220725,2022-07-25,0.23566366803596836,"{""type"":""MultiPoint"",""coordinates"":[]}"
20220726,2022-07-26,18.60120854066385,"{""type"":""MultiPoint"",""coordinates"":[]}"
20220727,2022-07-27,0.0,"{""type"":""MultiPoint"",""coordinates"":[]}"
20220728,2022-07-28,0.0,"{""type"":""MultiPoint"",""coordinates"":[]}"
20220729,2022-07-29,0.0,"{""type"":""MultiPoint"",""coordinates"":[]}"
20220730,2022-07-30,1.9801568047827354,"{""type"":""MultiPoint"",""coordinates"":[]}"
20220731,2022-07-31,4.41961025482265,"{""type"":""MultiPoint"",""coordinates"":[]}"
20220801,2022-08-01,7.574222608481145,"{""type"":""MultiPoint"",""coordinates"":[]}"
20220802,2022-08-02,8.643434133517516,"{""type"":""MultiPoint"",""coordinates"":[]}"
20220803,2022-08-03,4.407959590146187,"{""type"":""MultiPoint"",""coordinates"":[]}"
20220804,2022-08-04,18.190133990682448,"{""type"":""MultiPoint"",""coordinates"":[]}"
20220805,2022-08-05,9.032989636727704,"{""type"":""MultiPoint"",""coordinates"":[]}"
20220806,2022-08-06,2.9239689458137867,"{""type"":""MultiPoint"",""coordinates"":[]}"
20220807,2022-08-07,7.3699324894426494,"{""type"":""MultiPoint"",""coordinates"":[]}"
20220808,2022-08-08,2.9410963647599506,"{""type"":""MultiPoint"",""coordinates"":[]}"
20220809,2022-08-09,0.2580397315451956,"{""type"":""MultiPoint"",""coordinates"":[]}"
20220810,2022-08-10,0.0,"{""type"":""MultiPoint"",""coordinates"":[]}"
20220811,2022-08-11,0.0,"{""type"":""MultiPoint"",""coordinates"":[]}"
20220812,2022-08-12,0.0,"{""type"":""MultiPoint"",""coordinates"":[]}"
20220813,2022-08-13,0.4335871468558112,"{""type"":""MultiPoint"",""coordinates"":[]}"
20220814,2022-08-14,2.3460705362360756,"{""type"":""MultiPoint"",""coordinates"":[]}"
20220815,2022-08-15,0.1553960774742775,"{""type"":""MultiPoint"",""coordinates"":[]}"
20220816,2022-08-16,2.2254606671769146,"{""type"":""MultiPoint"",""coordinates"":[]}"
20220817,2022-08-17,0.0,"{""type"":""MultiPoint"",""coordinates"":[]}"
20220818,2022-08-18,0.2415082239380131,"{""type"":""MultiPoint"",""coordinates"":[]}"
20220819,2022-08-19,4.720283967373236,"{""type"":""MultiPoint"",""coordinates"":[]}"
20220820,2022-08-20,0.039731327415861384,"{""type"":""MultiPoint"",""coordinates"":[]}"
20220821,2022-08-21,0.47270931175290276,"{""type"":""MultiPoint"",""coordinates"":[]}"
20220822,2022-08-22,0.045534956817503226,"{""type"":""MultiPoint"",""coordinates"":[]}"
20220823,2022-08-23,2.3801609832181687,"{""type"":""MultiPoint"",""coordinates"":[]}"
20220824,2022-08-24,6.538872182853955,"{""type"":""MultiPoint"",""coordinates"":[]}"
20220825,2022-08-25,9.08656990328788,"{""type"":""MultiPoint"",""coordinates"":[]}"
20220826,2022-08-26,11.47362133660556,"{""type"":""MultiPoint"",""coordinates"":[]}"
20220827,2022-08-27,12.180406564597707,"{""type"":""MultiPoint"",""coordinates"":[]}"
20220828,2022-08-28,9.776039627269784,"{""type"":""MultiPoint"",""coordinates"":[]}"
20220829,2022-08-29,7.801238645647202,"{""type"":""MultiPoint"",""coordinates"":[]}"
20220830,2022-08-30,0.5505988316687488,"{""type"":""MultiPoint"",""coordinates"":[]}"
20220831,2022-08-31,4.0711003082537,"{""type"":""MultiPoint"",""coordinates"":[]}"
20220901,2022-09-01,11.379281597225466,"{""type"":""MultiPoint"",""coordinates"":[]}"
20220902,2022-09-02,9.352041081663735E-4,"{""type"":""MultiPoint"",""coordinates"":[]}"
20220903,2022-09-03,0.0,"{""type"":""MultiPoint"",""coordinates"":[]}"
20220904,2022-09-04,3.0102105747812415,"{""type"":""MultiPoint"",""coordinates"":[]}"
20220905,2022-09-05,1.3448498349422313,"{""type"":""MultiPoint"",""coordinates"":[]}"
20220906,2022-09-06,4.165051177133811,"{""type"":""MultiPoint"",""coordinates"":[]}"
20220907,2022-09-07,4.666942946154183,"{""type"":""MultiPoint"",""coordinates"":[]}"
20220908,2022-09-08,11.035617868895793,"{""type"":""MultiPoint"",""coordinates"":[]}"
20220909,2022-09-09,13.668104163441381,"{""type"":""MultiPoint"",""coordinates"":[]}"
20220910,2022-09-10,21.449855584410006,"{""type"":""MultiPoint"",""coordinates"":[]}"
20220911,2022-09-11,5.2108858546801216,"{""type"":""MultiPoint"",""coordinates"":[]}"
20220912,2022-09-12,3.5918311288588143,"{""type"":""MultiPoint"",""coordinates"":[]}"
20220913,2022-09-13,0.10108336293707025,"{""type"":""MultiPoint"",""coordinates"":[]}"
20220914,2022-09-14,2.8599951870373213,"{""type"":""MultiPoint"",""coordinates"":[]}"
20220915,2022-09-15,3.270507861544425,"{""type"":""MultiPoint"",""coordinates"":[]}"
20220916,2022-09-16,0.0,"{""type"":""MultiPoint"",""coordinates"":[]}"
20220917,2022-09-17,0.0,"{""type"":""MultiPoint"",""coordinates"":[]}"
20220918,2022-09-18,0.5814132152434303,"{""type"":""MultiPoint"",""coordinates"":[]}"
20220919,2022-09-19,0.09607693293833268,"{""type"":""MultiPoint"",""coordinates"":[]}"
20220920,2022-09-20,0.0,"{""type"":""MultiPoint"",""coordinates"":[]}"
20220921,2022-09-21,0.0,"{""type"":""MultiPoint"",""coordinates"":[]}"
20220922,2022-09-22,0.09192961495682261,"{""type"":""MultiPoint"",""coordinates"":[]}"
20220923,2022-09-23,0.0,"{""type"":""MultiPoint"",""coordinates"":[]}"
20220924,2022-09-24,0.22175958943274024,"{""type"":""MultiPoint"",""coordinates"":[]}"
20220925,2022-09-25,0.0,"{""type"":""MultiPoint"",""coordinates"":[]}"
20220926,2022-09-26,4.435598971622121,"{""type"":""MultiPoint"",""coordinates"":[]}"
20220927,2022-09-27,4.479197960785189,"{""type"":""MultiPoint"",""coordinates"":[]}"
20220928,2022-09-28,8.784429204803217,"{""type"":""MultiPoint"",""coordinates"":[]}"
20220929,2022-09-29,5.653844950845686,"{""type"":""MultiPoint"",""coordinates"":[]}"
20220930,2022-09-30,7.352005716099239,"{""type"":""MultiPoint"",""coordinates"":[]}"
20221001,2022-10-01,8.176217243176756,"{""type"":""MultiPoint"",""coordinates"":[]}"
20221002,2022-10-02,1.5786313524281945,"{""type"":""MultiPoint"",""coordinates"":[]}"
20221003,2022-10-03,4.193717045299186,"{""type"":""MultiPoint"",""coordinates"":[]}"
20221004,2022-10-04,4.403189124513069,"{""type"":""MultiPoint"",""coordinates"":[]}"
20221005,2022-10-05,20.066030356456547,"{""type"":""MultiPoint"",""coordinates"":[]}"
20221006,2022-10-06,9.36592519315794,"{""type"":""MultiPoint"",""coordinates"":[]}"
20221007,2022-10-07,4.59370335798105,"{""type"":""MultiPoint"",""coordinates"":[]}"
20221008,2022-10-08,1.851191391143743,"{""type"":""MultiPoint"",""coordinates"":[]}"
20221009,2022-10-09,12.055358376793732,"{""type"":""MultiPoint"",""coordinates"":[]}"
20221010,2022-10-10,6.720086409805615,"{""type"":""MultiPoint"",""coordinates"":[]}"
20221011,2022-10-11,0.5097716393680487,"{""type"":""MultiPoint"",""coordinates"":[]}"
20221012,2022-10-12,6.306995226818838,"{""type"":""MultiPoint"",""coordinates"":[]}"
20221013,2022-10-13,9.876618316067956,"{""type"":""MultiPoint"",""coordinates"":[]}"
20221014,2022-10-14,7.8247357877731405,"{""type"":""MultiPoint"",""coordinates"":[]}"
20221015,2022-10-15,6.721496829768564,"{""type"":""MultiPoint"",""coordinates"":[]}"
20221016,2022-10-16,2.338064388242446,"{""type"":""MultiPoint"",""coordinates"":[]}"
20221017,2022-10-17,0.016855792860803076,"{""type"":""MultiPoint"",""coordinates"":[]}"
20221018,2022-10-18,0.6593468127022537,"{""type"":""MultiPoint"",""coordinates"":[]}"
20221019,2022-10-19,5.306803709279388,"{""type"":""MultiPoint"",""coordinates"":[]}"
20221020,2022-10-20,1.774347012892844,"{""type"":""MultiPoint"",""coordinates"":[]}"
20221021,2022-10-21,4.131146049446116,"{""type"":""MultiPoint"",""coordinates"":[]}"
20221022,2022-10-22,0.0,"{""type"":""MultiPoint"",""coordinates"":[]}"
20221023,2022-10-23,0.0,"{""type"":""MultiPoint"",""coordinates"":[]}"
20221024,2022-10-24,0.0,"{""type"":""MultiPoint"",""coordinates"":[]}"
20221025,2022-10-25,0.0,"{""type"":""MultiPoint"",""coordinates"":[]}"
20221026,2022-10-26,0.0,"{""type"":""MultiPoint"",""coordinates"":[]}"
20221027,2022-10-27,0.0,"{""type"":""MultiPoint"",""coordinates"":[]}"
20221028,2022-10-28,0.0,"{""type"":""MultiPoint"",""coordinates"":[]}"
20221029,2022-10-29,0.0,"{""type"":""MultiPoint"",""coordinates"":[]}"
20221030,2022-10-30,0.0,"{""type"":""MultiPoint"",""coordinates"":[]}"
20221031,2022-10-31,1.8341823796422785,"{""type"":""MultiPoint"",""coordinates"":[]}"
20221101,2022-11-01,9.555138973280714,"{""type"":""MultiPoint"",""coordinates"":[]}"
20221102,2022-11-02,0.22508347155518735,"{""type"":""MultiPoint"",""coordinates"":[]}"
20221103,2022-11-03,0.0,"{""type"":""MultiPoint"",""coordinates"":[]}"
20221104,2022-11-04,0.0,"{""type"":""MultiPoint"",""coordinates"":[]}"
20221105,2022-11-05,0.0,"{""type"":""MultiPoint"",""coordinates"":[]}"
20221106,2022-11-06,0.0,"{""type"":""MultiPoint"",""coordinates"":[]}"
20221107,2022-11-07,0.0,"{""type"":""MultiPoint"",""coordinates"":[]}"
20221108,2022-11-08,0.0,"{""type"":""MultiPoint"",""coordinates"":[]}"
20221109,2022-11-09,0.0,"{""type"":""MultiPoint"",""coordinates"":[]}"
20221110,2022-11-10,0.8611484048937069,"{""type"":""MultiPoint"",""coordinates"":[]}"
20221111,2022-11-11,20.42759686083842,"{""type"":""MultiPoint"",""coordinates"":[]}"
20221112,2022-11-12,20.734282096789226,"{""type"":""MultiPoint"",""coordinates"":[]}"
20221113,2022-11-13,8.611090438614601,"{""type"":""MultiPoint"",""coordinates"":[]}"
20221114,2022-11-14,0.43461598796485806,"{""type"":""MultiPoint"",""coordinates"":[]}"
20221115,2022-11-15,0.6009787548608881,"{""type"":""MultiPoint"",""coordinates"":[]}"
20221116,2022-11-16,0.0,"{""type"":""MultiPoint"",""coordinates"":[]}"
20221117,2022-11-17,0.5518248145633782,"{""type"":""MultiPoint"",""coordinates"":[]}"
20221118,2022-11-18,1.7292636980986327,"{""type"":""MultiPoint"",""coordinates"":[]}"
20221119,2022-11-19,0.552780092061291,"{""type"":""MultiPoint"",""coordinates"":[]}"
20221120,2022-11-20,7.072263717365972,"{""type"":""MultiPoint"",""coordinates"":[]}"
20221121,2022-11-21,6.362161149896519,"{""type"":""MultiPoint"",""coordinates"":[]}"
20221122,2022-11-22,9.694954014610692,"{""type"":""MultiPoint"",""coordinates"":[]}"
20221123,2022-11-23,14.906157731356238,"{""type"":""MultiPoint"",""coordinates"":[]}"
20221124,2022-11-24,0.0672310134520028,"{""type"":""MultiPoint"",""coordinates"":[]}"
20221125,2022-11-25,0.0,"{""type"":""MultiPoint"",""coordinates"":[]}"
20221126,2022-11-26,0.0,"{""type"":""MultiPoint"",""coordinates"":[]}"
20221127,2022-11-27,0.0,"{""type"":""MultiPoint"",""coordinates"":[]}"
20221128,2022-11-28,0.0,"{""type"":""MultiPoint"",""coordinates"":[]}"
20221129,2022-11-29,0.0,"{""type"":""MultiPoint"",""coordinates"":[]}"
20221130,2022-11-30,0.0,"{""type"":""MultiPoint"",""coordinates"":[]}"
20221201,2022-12-01,0.0,"{""type"":""MultiPoint"",""coordinates"":[]}"
20221202,2022-12-02,0.0,"{""type"":""MultiPoint"",""coordinates"":[]}"
20221203,2022-12-03,0.0,"{""type"":""MultiPoint"",""coordinates"":[]}"
20221204,2022-12-04,0.0,"{""type"":""MultiPoint"",""coordinates"":[]}"
20221205,2022-12-05,0.049879123501995484,"{""type"":""MultiPoint"",""coordinates"":[]}"
20221206,2022-12-06,8.133120246573748,"{""type"":""MultiPoint"",""coordinates"":[]}"
20221207,2022-12-07,6.888346627243109,"{""type"":""MultiPoint"",""coordinates"":[]}"
20221208,2022-12-08,3.5454743647163856,"{""type"":""MultiPoint"",""coordinates"":[]}"
20221209,2022-12-09,28.79179509509948,"{""type"":""MultiPoint"",""coordinates"":[]}"
20221210,2022-12-10,15.874956543388427,"{""type"":""MultiPoint"",""coordinates"":[]}"
20221211,2022-12-11,2.866532730902927,"{""type"":""MultiPoint"",""coordinates"":[]}"
20221212,2022-12-12,21.13594957965955,"{""type"":""MultiPoint"",""coordinates"":[]}"
20221213,2022-12-13,0.0,"{""type"":""MultiPoint"",""coordinates"":[]}"
20221214,2022-12-14,0.02537125098676292,"{""type"":""MultiPoint"",""coordinates"":[]}"
20221215,2022-12-15,0.0,"{""type"":""MultiPoint"",""coordinates"":[]}"
20221216,2022-12-16,0.0,"{""type"":""MultiPoint"",""coordinates"":[]}"
20221217,2022-12-17,0.0,"{""type"":""MultiPoint"",""coordinates"":[]}"
20221218,2022-12-18,0.007861203409352488,"{""type"":""MultiPoint"",""coordinates"":[]}"
20221219,2022-12-19,0.0,"{""type"":""MultiPoint"",""coordinates"":[]}"
20221220,2022-12-20,0.0,"{""type"":""MultiPoint"",""coordinates"":[]}"
20221221,2022-12-21,1.6915270052780336,"{""type"":""MultiPoint"",""coordinates"":[]}"
20221222,2022-12-22,0.0,"{""type"":""MultiPoint"",""coordinates"":[]}"
20221223,2022-12-23,0.0,"{""type"":""MultiPoint"",""coordinates"":[]}"
20221224,2022-12-24,0.0,"{""type"":""MultiPoint"",""coordinates"":[]}"
20221225,2022-12-25,0.0,"{""type"":""MultiPoint"",""coordinates"":[]}"
20221226,2022-12-26,0.0,"{""type"":""MultiPoint"",""coordinates"":[]}"
20221227,2022-12-27,0.0,"{""type"":""MultiPoint"",""coordinates"":[]}"
20221228,2022-12-28,0.0,"{""type"":""MultiPoint"",""coordinates"":[]}"
20221229,2022-12-29,0.0,"{""type"":""MultiPoint"",""coordinates"":[]}"
20221230,2022-12-30,0.0,"{""type"":""MultiPoint"",""coordinates"":[]}"
20221231,2022-12-31,0.0,"{""type"":""MultiPoint"",""coordinates"":[]}"
20230101,2023-01-01,0.0,"{""type"":""MultiPoint"",""coordinates"":[]}"
20230102,2023-01-02,0.0,"{""type"":""MultiPoint"",""coordinates"":[]}"
20230103,2023-01-03,0.0,"{""type"":""MultiPoint"",""coordinates"":[]}"
20230104,2023-01-04,0.00945192762022751,"{""type"":""MultiPoint"",""coordinates"":[]}"
20230105,2023-01-05,1.5449947387448433,"{""type"":""MultiPoint"",""coordinates"":[]}"
20230106,2023-01-06,0.131402639032271,"{""type"":""MultiPoint"",""coordinates"":[]}"
20230107,2023-01-07,0.012740227813107926,"{""type"":""MultiPoint"",""coordinates"":[]}"
20230108,2023-01-08,0.0,"{""type"":""MultiPoint"",""coordinates"":[]}"
20230109,2023-01-09,0.13625995126171786,"{""type"":""MultiPoint"",""coordinates"":[]}"
20230110,2023-01-10,0.0,"{""type"":""MultiPoint"",""coordinates"":[]}"
20230111,2023-01-11,0.0,"{""type"":""MultiPoint"",""coordinates"":[]}"
20230112,2023-01-12,0.0,"{""type"":""MultiPoint"",""coordinates"":[]}"
20230113,2023-01-13,0.08077277965783548,"{""type"":""MultiPoint"",""coordinates"":[]}"
20230114,2023-01-14,0.0,"{""type"":""MultiPoint"",""coordinates"":[]}"
20230115,2023-01-15,0.41163386952606845,"{""type"":""MultiPoint"",""coordinates"":[]}"
20230116,2023-01-16,0.0,"{""type"":""MultiPoint"",""coordinates"":[]}"
20230117,2023-01-17,0.0,"{""type"":""MultiPoint"",""coordinates"":[]}"
20230118,2023-01-18,0.0,"{""type"":""MultiPoint"",""coordinates"":[]}"
20230119,2023-01-19,0.08937881365933419,"{""type"":""MultiPoint"",""coordinates"":[]}"
20230120,2023-01-20,0.528860259789843,"{""type"":""MultiPoint"",""coordinates"":[]}"
20230121,2023-01-21,0.0,"{""type"":""MultiPoint"",""coordinates"":[]}"
20230122,2023-01-22,0.0,"{""type"":""MultiPoint"",""coordinates"":[]}"
20230123,2023-01-23,0.0,"{""type"":""MultiPoint"",""coordinates"":[]}"
20230124,2023-01-24,0.0,"{""type"":""MultiPoint"",""coordinates"":[]}"
20230125,2023-01-25,0.006517329935761094,"{""type"":""MultiPoint"",""coordinates"":[]}"
20230126,2023-01-26,0.0,"{""type"":""MultiPoint"",""coordinates"":[]}"
20230127,2023-01-27,0.0,"{""type"":""MultiPoint"",""coordinates"":[]}"
20230128,2023-01-28,0.0,"{""type"":""MultiPoint"",""coordinates"":[]}"
20230129,2023-01-29,0.0,"{""type"":""MultiPoint"",""coordinates"":[]}"
20230130,2023-01-30,0.3119953688992614,"{""type"":""MultiPoint"",""coordinates"":[]}"
20230131,2023-01-31,0.011174205150752289,"{""type"":""MultiPoint"",""coordinates"":[]}"
20230201,2023-02-01,0.039732615090698045,"{""type"":""MultiPoint"",""coordinates"":[]}"
20230202,2023-02-02,0.0,"{""type"":""MultiPoint"",""coordinates"":[]}"
20230203,2023-02-03,0.0,"{""type"":""MultiPoint"",""coordinates"":[]}"
20230204,2023-02-04,0.0,"{""type"":""MultiPoint"",""coordinates"":[]}"
20230205,2023-02-05,0.0,"{""type"":""MultiPoint"",""coordinates"":[]}"
20230206,2023-02-06,0.0,"{""type"":""MultiPoint"",""coordinates"":[]}"
20230207,2023-02-07,0.05343722719370447,"{""type"":""MultiPoint"",""coordinates"":[]}"
20230208,2023-02-08,0.0,"{""type"":""MultiPoint"",""coordinates"":[]}"
20230209,2023-02-09,0.0,"{""type"":""MultiPoint"",""coordinates"":[]}"
20230210,2023-02-10,0.0018392569628324171,"{""type"":""MultiPoint"",""coordinates"":[]}"
20230211,2023-02-11,0.005519431448537015,"{""type"":""MultiPoint"",""coordinates"":[]}"
20230212,2023-02-12,0.0,"{""type"":""MultiPoint"",""coordinates"":[]}"
20230213,2023-02-13,0.0,"{""type"":""MultiPoint"",""coordinates"":[]}"
20230214,2023-02-14,0.0,"{""type"":""MultiPoint"",""coordinates"":[]}"
20230215,2023-02-15,0.0,"{""type"":""MultiPoint"",""coordinates"":[]}"
20230216,2023-02-16,0.009855749233581849,"{""type"":""MultiPoint"",""coordinates"":[]}"
20230217,2023-02-17,0.0,"{""type"":""MultiPoint"",""coordinates"":[]}"
20230218,2023-02-18,0.0,"{""type"":""MultiPoint"",""coordinates"":[]}"
20230219,2023-02-19,0.0,"{""type"":""MultiPoint"",""coordinates"":[]}"
20230220,2023-02-20,0.0,"{""type"":""MultiPoint"",""coordinates"":[]}"
20230221,2023-02-21,0.0,"{""type"":""MultiPoint"",""coordinates"":[]}"
20230222,2023-02-22,0.0,"{""type"":""MultiPoint"",""coordinates"":[]}"
20230223,2023-02-23,0.00846305081488686,"{""type"":""MultiPoint"",""coordinates"":[]}"
20230224,2023-02-24,0.0,"{""type"":""MultiPoint"",""coordinates"":[]}"
20230225,2023-02-25,0.0,"{""type"":""MultiPoint"",""coordinates"":[]}"
20230226,2023-02-26,0.0,"{""type"":""MultiPoint"",""coordinates"":[]}"
20230227,2023-02-27,0.0,"{""type"":""MultiPoint"",""coordinates"":[]}"
20230228,2023-02-28,0.0,"{""type"":""MultiPoint"",""coordinates"":[]}"
20230301,2023-03-01,0.0,"{""type"":""MultiPoint"",""coordinates"":[]}"
20230302,2023-03-02,0.0,"{""type"":""MultiPoint"",""coordinates"":[]}"
20230303,2023-03-03,0.0,"{""type"":""MultiPoint"",""coordinates"":[]}"
20230304,2023-03-04,0.0,"{""type"":""MultiPoint"",""coordinates"":[]}"
20230305,2023-03-05,0.0,"{""type"":""MultiPoint"",""coordinates"":[]}"
20230306,2023-03-06,0.07347440458602573,"{""type"":""MultiPoint"",""coordinates"":[]}"
20230307,2023-03-07,0.001371852432424352,"{""type"":""MultiPoint"",""coordinates"":[]}"
20230308,2023-03-08,0.0,"{""type"":""MultiPoint"",""coordinates"":[]}"
20230309,2023-03-09,0.0010390887126897935,"{""type"":""MultiPoint"",""coordinates"":[]}"
20230310,2023-03-10,0.0,"{""type"":""MultiPoint"",""coordinates"":[]}"
20230311,2023-03-11,0.0,"{""type"":""MultiPoint"",""coordinates"":[]}"
20230312,2023-03-12,0.0013736602960555543,"{""type"":""MultiPoint"",""coordinates"":[]}"
20230313,2023-03-13,0.0,"{""type"":""MultiPoint"",""coordinates"":[]}"
20230314,2023-03-14,0.0,"{""type"":""MultiPoint"",""coordinates"":[]}"
20230315,2023-03-15,0.09828540091896057,"{""type"":""MultiPoint"",""coordinates"":[]}"
20230316,2023-03-16,1.8445255902915239,"{""type"":""MultiPoint"",""coordinates"":[]}"
20230317,2023-03-17,2.543964604162395,"{""type"":""MultiPoint"",""coordinates"":[]}"
20230318,2023-03-18,4.936408048405876,"{""type"":""MultiPoint"",""coordinates"":[]}"
20230319,2023-03-19,0.0,"{""type"":""MultiPoint"",""coordinates"":[]}"
20230320,2023-03-20,0.0,"{""type"":""MultiPoint"",""coordinates"":[]}"
20230321,2023-03-21,0.0,"{""type"":""MultiPoint"",""coordinates"":[]}"
20230322,2023-03-22,0.0,"{""type"":""MultiPoint"",""coordinates"":[]}"
20230323,2023-03-23,1.183008722463169,"{""type"":""MultiPoint"",""coordinates"":[]}"
20230324,2023-03-24,0.6735240770241566,"{""type"":""MultiPoint"",""coordinates"":[]}"
20230325,2023-03-25,0.3528949730737806,"{""type"":""MultiPoint"",""coordinates"":[]}"
20230326,2023-03-26,3.9242551008126836,"{""type"":""MultiPoint"",""coordinates"":[]}"
20230327,2023-03-27,0.001401149250252503,"{""type"":""MultiPoint"",""coordinates"":[]}"
20230328,2023-03-28,0.03584483590748208,"{""type"":""MultiPoint"",""coordinates"":[]}"
20230329,2023-03-29,0.17015107169171378,"{""type"":""MultiPoint"",""coordinates"":[]}"
20230330,2023-03-30,1.640767112742678,"{""type"":""MultiPoint"",""coordinates"":[]}"
20230331,2023-03-31,0.0,"{""type"":""MultiPoint"",""coordinates"":[]}"
20230401,2023-04-01,0.23121996219081678,"{""type"":""MultiPoint"",""coordinates"":[]}"
20230402,2023-04-02,0.10291307361843036,"{""type"":""MultiPoint"",""coordinates"":[]}"
20230403,2023-04-03,0.16496691962864962,"{""type"":""MultiPoint"",""coordinates"":[]}"
20230404,2023-04-04,0.1691665834656378,"{""type"":""MultiPoint"",""coordinates"":[]}"
20230405,2023-04-05,0.0,"{""type"":""MultiPoint"",""coordinates"":[]}"
20230406,2023-04-06,0.0,"{""type"":""MultiPoint"",""coordinates"":[]}"
20230407,2023-04-07,0.0,"{""type"":""MultiPoint"",""coordinates"":[]}"
20230408,2023-04-08,0.0,"{""type"":""MultiPoint"",""coordinates"":[]}"
20230409,2023-04-09,0.0,"{""type"":""MultiPoint"",""coordinates"":[]}"
20230410,2023-04-10,0.0,"{""type"":""MultiPoint"",""coordinates"":[]}"
20230411,2023-04-11,0.0,"{""type"":""MultiPoint"",""coordinates"":[]}"
20230412,2023-04-12,0.0,"{""type"":""MultiPoint"",""coordinates"":[]}"
20230413,2023-04-13,0.0,"{""type"":""MultiPoint"",""coordinates"":[]}"
20230414,2023-04-14,0.0,"{""type"":""MultiPoint"",""coordinates"":[]}"
20230415,2023-04-15,0.0,"{""type"":""MultiPoint"",""coordinates"":[]}"
20230416,2023-04-16,0.0,"{""type"":""MultiPoint"",""coordinates"":[]}"
20230417,2023-04-17,0.0,"{""type"":""MultiPoint"",""coordinates"":[]}"
20230418,2023-04-18,0.0,"{""type"":""MultiPoint"",""coordinates"":[]}"
20230419,2023-04-19,0.0,"{""type"":""MultiPoint"",""coordinates"":[]}"
20230420,2023-04-20,0.0,"{""type"":""MultiPoint"",""coordinates"":[]}"
20230421,2023-04-21,1.3944591941131783,"{""type"":""MultiPoint"",""coordinates"":[]}"
20230422,2023-04-22,0.6615324111381967,"{""type"":""MultiPoint"",""coordinates"":[]}"
20230423,2023-04-23,0.4471131479067615,"{""type"":""MultiPoint"",""coordinates"":[]}"
20230424,2023-04-24,1.0376334996910621,"{""type"":""MultiPoint"",""coordinates"":[]}"
20230425,2023-04-25,0.1786618806010633,"{""type"":""MultiPoint"",""coordinates"":[]}"
20230426,2023-04-26,0.22767667273607486,"{""type"":""MultiPoint"",""coordinates"":[]}"
20230427,2023-04-27,0.0,"{""type"":""MultiPoint"",""coordinates"":[]}"
20230428,2023-04-28,1.3237415418526557,"{""type"":""MultiPoint"",""coordinates"":[]}"
20230429,2023-04-29,2.9958245601811297,"{""type"":""MultiPoint"",""coordinates"":[]}"
20230430,2023-04-30,4.972207277113992,"{""type"":""MultiPoint"",""coordinates"":[]}"
20230501,2023-05-01,6.999526927474571,"{""type"":""MultiPoint"",""coordinates"":[]}"
20230502,2023-05-02,0.44875096345300436,"{""type"":""MultiPoint"",""coordinates"":[]}"
20230503,2023-05-03,1.4964804396581646,"{""type"":""MultiPoint"",""coordinates"":[]}"
20230504,2023-05-04,1.0378794784669636,"{""type"":""MultiPoint"",""coordinates"":[]}"
20230505,2023-05-05,18.38585715861184,"{""type"":""MultiPoint"",""coordinates"":[]}"
20230506,2023-05-06,7.208278768519322,"{""type"":""MultiPoint"",""coordinates"":[]}"
20230507,2023-05-07,8.558116759726195,"{""type"":""MultiPoint"",""coordinates"":[]}"
20230508,2023-05-08,3.073391859253461,"{""type"":""MultiPoint"",""coordinates"":[]}"
20230509,2023-05-09,1.126592392228573,"{""type"":""MultiPoint"",""coordinates"":[]}"
20230510,2023-05-10,0.026614105128347085,"{""type"":""MultiPoint"",""coordinates"":[]}"
20230511,2023-05-11,0.47164103788644024,"{""type"":""MultiPoint"",""coordinates"":[]}"
20230512,2023-05-12,3.203976227665711,"{""type"":""MultiPoint"",""coordinates"":[]}"
20230513,2023-05-13,5.380275234444361,"{""type"":""MultiPoint"",""coordinates"":[]}"
20230514,2023-05-14,0.0,"{""type"":""MultiPoint"",""coordinates"":[]}"
20230515,2023-05-15,0.0,"{""type"":""MultiPoint"",""coordinates"":[]}"
20230516,2023-05-16,0.03146536085934015,"{""type"":""MultiPoint"",""coordinates"":[]}"
20230517,2023-05-17,0.0,"{""type"":""MultiPoint"",""coordinates"":[]}"
20230518,2023-05-18,2.318539042719019,"{""type"":""MultiPoint"",""coordinates"":[]}"
20230519,2023-05-19,0.029289465795342348,"{""type"":""MultiPoint"",""coordinates"":[]}"
20230520,2023-05-20,0.526704574604405,"{""type"":""MultiPoint"",""coordinates"":[]}"
20230521,2023-05-21,7.781561180407069,"{""type"":""MultiPoint"",""coordinates"":[]}"
20230522,2023-05-22,0.21035794863052923,"{""type"":""MultiPoint"",""coordinates"":[]}"
20230523,2023-05-23,0.20165566870359472,"{""type"":""MultiPoint"",""coordinates"":[]}"
20230524,2023-05-24,3.4357907016511984,"{""type"":""MultiPoint"",""coordinates"":[]}"
20230525,2023-05-25,0.1328683887986496,"{""type"":""MultiPoint"",""coordinates"":[]}"
20230526,2023-05-26,0.0,"{""type"":""MultiPoint"",""coordinates"":[]}"
20230527,2023-05-27,1.1148533557655134,"{""type"":""MultiPoint"",""coordinates"":[]}"
20230528,2023-05-28,0.9657903341803812,"{""type"":""MultiPoint"",""coordinates"":[]}"
20230529,2023-05-29,0.36551230869159906,"{""type"":""MultiPoint"",""coordinates"":[]}"
20230530,2023-05-30,14.699573960484525,"{""type"":""MultiPoint"",""coordinates"":[]}"
20230531,2023-05-31,0.0,"{""type"":""MultiPoint"",""coordinates"":[]}"
20230601,2023-06-01,0.751944333400285,"{""type"":""MultiPoint"",""coordinates"":[]}"
20230602,2023-06-02,0.0,"{""type"":""MultiPoint"",""coordinates"":[]}"
20230603,2023-06-03,0.0,"{""type"":""MultiPoint"",""coordinates"":[]}"
20230604,2023-06-04,0.9364353014685666,"{""type"":""MultiPoint"",""coordinates"":[]}"
20230605,2023-06-05,0.005866753493892083,"{""type"":""MultiPoint"",""coordinates"":[]}"
20230606,2023-06-06,0.0,"{""type"":""MultiPoint"",""coordinates"":[]}"
20230607,2023-06-07,8.098931072675873,"{""type"":""MultiPoint"",""coordinates"":[]}"
20230608,2023-06-08,0.006758733614534055,"{""type"":""MultiPoint"",""coordinates"":[]}"
20230609,2023-06-09,0.6416787330582369,"{""type"":""MultiPoint"",""coordinates"":[]}"
20230610,2023-06-10,0.0,"{""type"":""MultiPoint"",""coordinates"":[]}"
20230611,2023-06-11,0.40911868933329204,"{""type"":""MultiPoint"",""coordinates"":[]}"
20230612,2023-06-12,0.0,"{""type"":""MultiPoint"",""coordinates"":[]}"
20230613,2023-06-13,0.0,"{""type"":""MultiPoint"",""coordinates"":[]}"
20230614,2023-06-14,0.0,"{""type"":""MultiPoint"",""coordinates"":[]}"
20230615,2023-06-15,0.0,"{""type"":""MultiPoint"",""coordinates"":[]}"
20230616,2023-06-16,0.030481709924660982,"{""type"":""MultiPoint"",""coordinates"":[]}"
20230617,2023-06-17,4.586614145036509,"{""type"":""MultiPoint"",""coordinates"":[]}"
20230618,2023-06-18,9.66706694068976,"{""type"":""MultiPoint"",""coordinates"":[]}"
20230619,2023-06-19,5.42717661665283,"{""type"":""MultiPoint"",""coordinates"":[]}"
20230620,2023-06-20,6.27465921017076,"{""type"":""MultiPoint"",""coordinates"":[]}"
20230621,2023-06-21,12.217867945335861,"{""type"":""MultiPoint"",""coordinates"":[]}"
20230622,2023-06-22,1.142792823971361,"{""type"":""MultiPoint"",""coordinates"":[]}"
20230623,2023-06-23,8.63466609439165,"{""type"":""MultiPoint"",""coordinates"":[]}"
20230624,2023-06-24,10.134645112133372,"{""type"":""MultiPoint"",""coordinates"":[]}"
20230625,2023-06-25,9.378251296286187,"{""type"":""MultiPoint"",""coordinates"":[]}"
20230626,2023-06-26,4.4944479474727865,"{""type"":""MultiPoint"",""coordinates"":[]}"
20230627,2023-06-27,6.94018125567569,"{""type"":""MultiPoint"",""coordinates"":[]}"
20230628,2023-06-28,0.0,"{""type"":""MultiPoint"",""coordinates"":[]}"
20230629,2023-06-29,5.299371502604471,"{""type"":""MultiPoint"",""coordinates"":[]}"
20230630,2023-06-30,0.0,"{""type"":""MultiPoint"",""coordinates"":[]}"
20230701,2023-07-01,0.3723645758112365,"{""type"":""MultiPoint"",""coordinates"":[]}"
20230702,2023-07-02,5.122280822069244,"{""type"":""MultiPoint"",""coordinates"":[]}"
20230703,2023-07-03,6.804453723465712,"{""type"":""MultiPoint"",""coordinates"":[]}"
20230704,2023-07-04,3.2605629159892624,"{""type"":""MultiPoint"",""coordinates"":[]}"
20230705,2023-07-05,1.631674908448238,"{""type"":""MultiPoint"",""coordinates"":[]}"
20230706,2023-07-06,2.436596129398786,"{""type"":""MultiPoint"",""coordinates"":[]}"
20230707,2023-07-07,0.9796654296712157,"{""type"":""MultiPoint"",""coordinates"":[]}"
20230708,2023-07-08,0.2713230068179021,"{""type"":""MultiPoint"",""coordinates"":[]}"
20230709,2023-07-09,0.15105562393935154,"{""type"":""MultiPoint"",""coordinates"":[]}"
20230710,2023-07-10,5.141550525442562,"{""type"":""MultiPoint"",""coordinates"":[]}"
20230711,2023-07-11,6.275158951607672,"{""type"":""MultiPoint"",""coordinates"":[]}"
20230712,2023-07-12,7.527842377937824,"{""type"":""MultiPoint"",""coordinates"":[]}"
20230713,2023-07-13,4.276180886886256,"{""type"":""MultiPoint"",""coordinates"":[]}"
20230714,2023-07-14,0.0,"{""type"":""MultiPoint"",""coordinates"":[]}"
20230715,2023-07-15,3.084436627616338,"{""type"":""MultiPoint"",""coordinates"":[]}"
20230716,2023-07-16,3.8605068913084994,"{""type"":""MultiPoint"",""coordinates"":[]}"
20230717,2023-07-17,1.1822452005605535,"{""type"":""MultiPoint"",""coordinates"":[]}"
20230718,2023-07-18,0.2524284171009495,"{""type"":""MultiPoint"",""coordinates"":[]}"
20230719,2023-07-19,2.885555362846879,"{""type"":""MultiPoint"",""coordinates"":[]}"
20230720,2023-07-20,2.58144550642857,"{""type"":""MultiPoint"",""coordinates"":[]}"
20230721,2023-07-21,0.010475142456810648,"{""type"":""MultiPoint"",""coordinates"":[]}"
20230722,2023-07-22,1.2707689599714287,"{""type"":""MultiPoint"",""coordinates"":[]}"
20230723,2023-07-23,0.445929042019844,"{""type"":""MultiPoint"",""coordinates"":[]}"
20230724,2023-07-24,8.911326005034692,"{""type"":""MultiPoint"",""coordinates"":[]}"
20230725,2023-07-25,8.27380137641849,"{""type"":""MultiPoint"",""coordinates"":[]}"
20230726,2023-07-26,17.140831291947624,"{""type"":""MultiPoint"",""coordinates"":[]}"
20230727,2023-07-27,6.9039372454721795,"{""type"":""MultiPoint"",""coordinates"":[]}"
20230728,2023-07-28,0.0,"{""type"":""MultiPoint"",""coordinates"":[]}"
20230729,2023-07-29,0.0,"{""type"":""MultiPoint"",""coordinates"":[]}"
20230730,2023-07-30,0.0,"{""type"":""MultiPoint"",""coordinates"":[]}"
20230731,2023-07-31,0.0,"{""type"":""MultiPoint"",""coordinates"":[]}"
20230801,2023-08-01,0.34046374408739455,"{""type"":""MultiPoint"",""coordinates"":[]}"
20230802,2023-08-02,0.9679282516587466,"{""type"":""MultiPoint"",""coordinates"":[]}"
20230803,2023-08-03,0.19889527073043486,"{""type"":""MultiPoint"",""coordinates"":[]}"
20230804,2023-08-04,0.0,"{""type"":""MultiPoint"",""coordinates"":[]}"
20230805,2023-08-05,0.0,"{""type"":""MultiPoint"",""coordinates"":[]}"
20230806,2023-08-06,0.0,"{""type"":""MultiPoint"",""coordinates"":[]}"
20230807,2023-08-07,1.8064428483656847,"{""type"":""MultiPoint"",""coordinates"":[]}"
20230808,2023-08-08,9.632341683288844,"{""type"":""MultiPoint"",""coordinates"":[]}"
20230809,2023-08-09,0.09630991935490615,"{""type"":""MultiPoint"",""coordinates"":[]}"
20230810,2023-08-10,3.9222253591309015,"{""type"":""MultiPoint"",""coordinates"":[]}"
20230811,2023-08-11,2.176250452438221,"{""type"":""MultiPoint"",""coordinates"":[]}"
20230812,2023-08-12,0.33646218134002914,"{""type"":""MultiPoint"",""coordinates"":[]}"
20230813,2023-08-13,0.5971914184242163,"{""type"":""MultiPoint"",""coordinates"":[]}"
20230814,2023-08-14,0.6713982089212949,"{""type"":""MultiPoint"",""coordinates"":[]}"
20230815,2023-08-15,1.2476009132540142,"{""type"":""MultiPoint"",""coordinates"":[]}"
20230816,2023-08-16,0.15493975497122534,"{""type"":""MultiPoint"",""coordinates"":[]}"
20230817,2023-08-17,0.5771622503669666,"{""type"":""MultiPoint"",""coordinates"":[]}"
20230818,2023-08-18,0.8790529486626399,"{""type"":""MultiPoint"",""coordinates"":[]}"
20230819,2023-08-19,4.531284695319396,"{""type"":""MultiPoint"",""coordinates"":[]}"
20230820,2023-08-20,0.0,"{""type"":""MultiPoint"",""coordinates"":[]}"
20230821,2023-08-21,0.0,"{""type"":""MultiPoint"",""coordinates"":[]}"
20230822,2023-08-22,0.0,"{""type"":""MultiPoint"",""coordinates"":[]}"
20230823,2023-08-23,2.224175771042184,"{""type"":""MultiPoint"",""coordinates"":[]}"
20230824,2023-08-24,0.08538627429427746,"{""type"":""MultiPoint"",""coordinates"":[]}"
20230825,2023-08-25,1.859789893985941,"{""type"":""MultiPoint"",""coordinates"":[]}"
20230826,2023-08-26,11.996669759863419,"{""type"":""MultiPoint"",""coordinates"":[]}"
20230827,2023-08-27,0.27692282911607713,"{""type"":""MultiPoint"",""coordinates"":[]}"
20230828,2023-08-28,5.778135489526299,"{""type"":""MultiPoint"",""coordinates"":[]}"
20230829,2023-08-29,0.34810799056877806,"{""type"":""MultiPoint"",""coordinates"":[]}"
20230830,2023-08-30,1.5273668815460189,"{""type"":""MultiPoint"",""coordinates"":[]}"
20230831,2023-08-31,2.027567675760245,"{""type"":""MultiPoint"",""coordinates"":[]}"
20230901,2023-09-01,2.37265158072629,"{""type"":""MultiPoint"",""coordinates"":[]}"
20230902,2023-09-02,15.402153153074618,"{""type"":""MultiPoint"",""coordinates"":[]}"
20230903,2023-09-03,13.594429427402586,"{""type"":""MultiPoint"",""coordinates"":[]}"
20230904,2023-09-04,0.6958544094240215,"{""type"":""MultiPoint"",""coordinates"":[]}"
20230905,2023-09-05,1.4094138616355003,"{""type"":""MultiPoint"",""coordinates"":[]}"
20230906,2023-09-06,1.168447967138503,"{""type"":""MultiPoint"",""coordinates"":[]}"
20230907,2023-09-07,2.4624550783491954,"{""type"":""MultiPoint"",""coordinates"":[]}"
20230908,2023-09-08,1.5642766122077434,"{""type"":""MultiPoint"",""coordinates"":[]}"
20230909,2023-09-09,0.0,"{""type"":""MultiPoint"",""coordinates"":[]}"
20230910,2023-09-10,5.610373888315141,"{""type"":""MultiPoint"",""coordinates"":[]}"
20230911,2023-09-11,8.793426542852533,"{""type"":""MultiPoint"",""coordinates"":[]}"
20230912,2023-09-12,0.06385713523247254,"{""type"":""MultiPoint"",""coordinates"":[]}"
20230913,2023-09-13,0.786077326011643,"{""type"":""MultiPoint"",""coordinates"":[]}"
20230914,2023-09-14,1.4169723811469797,"{""type"":""MultiPoint"",""coordinates"":[]}"
20230915,2023-09-15,1.6832661769802275,"{""type"":""MultiPoint"",""coordinates"":[]}"
20230916,2023-09-16,3.8255196255477943,"{""type"":""MultiPoint"",""coordinates"":[]}"
20230917,2023-09-17,0.0,"{""type"":""MultiPoint"",""coordinates"":[]}"
20230918,2023-09-18,0.25207767906937273,"{""type"":""MultiPoint"",""coordinates"":[]}"
20230919,2023-09-19,0.158686878966858,"{""type"":""MultiPoint"",""coordinates"":[]}"
20230920,2023-09-20,1.1775090242024164,"{""type"":""MultiPoint"",""coordinates"":[]}"
20230921,2023-09-21,6.997815316856824,"{""type"":""MultiPoint"",""coordinates"":[]}"
20230922,2023-09-22,5.421919983359579,"{""type"":""MultiPoint"",""coordinates"":[]}"
20230923,2023-09-23,1.4142328396982158,"{""type"":""MultiPoint"",""coordinates"":[]}"
20230924,2023-09-24,5.3359692832855306,"{""type"":""MultiPoint"",""coordinates"":[]}"
20230925,2023-09-25,3.055865004356614,"{""type"":""MultiPoint"",""coordinates"":[]}"
20230926,2023-09-26,4.198608237417271,"{""type"":""MultiPoint"",""coordinates"":[]}"
20230927,2023-09-27,2.7397105857488837,"{""type"":""MultiPoint"",""coordinates"":[]}"
20230928,2023-09-28,4.791788927950942,"{""type"":""MultiPoint"",""coordinates"":[]}"
20230929,2023-09-29,6.242700026573612,"{""type"":""MultiPoint"",""coordinates"":[]}"
20230930,2023-09-30,5.626274529866706,"{""type"":""MultiPoint"",""coordinates"":[]}"
20231001,2023-10-01,2.419456238074022,"{""type"":""MultiPoint"",""coordinates"":[]}"
20231002,2023-10-02,0.06957895932070707,"{""type"":""MultiPoint"",""coordinates"":[]}"
20231003,2023-10-03,0.0,"{""type"":""MultiPoint"",""coordinates"":[]}"
20231004,2023-10-04,0.0,"{""type"":""MultiPoint"",""coordinates"":[]}"
20231005,2023-10-05,0.0,"{""type"":""MultiPoint"",""coordinates"":[]}"
20231006,2023-10-06,0.0,"{""type"":""MultiPoint"",""coordinates"":[]}"
20231007,2023-10-07,1.1661087797245715,"{""type"":""MultiPoint"",""coordinates"":[]}"
20231008,2023-10-08,0.5684948730373004,"{""type"":""MultiPoint"",""coordinates"":[]}"
20231009,2023-10-09,6.723873414395607,"{""type"":""MultiPoint"",""coordinates"":[]}"
20231010,2023-10-10,1.592164375981148,"{""type"":""MultiPoint"",""coordinates"":[]}"
20231011,2023-10-11,5.168957684830626,"{""type"":""MultiPoint"",""coordinates"":[]}"
20231012,2023-10-12,0.0,"{""type"":""MultiPoint"",""coordinates"":[]}"
20231013,2023-10-13,0.0,"{""type"":""MultiPoint"",""coordinates"":[]}"
20231014,2023-10-14,0.005270765063136352,"{""type"":""MultiPoint"",""coordinates"":[]}"
20231015,2023-10-15,0.0,"{""type"":""MultiPoint"",""coordinates"":[]}"
20231016,2023-10-16,1.5774250332488058,"{""type"":""MultiPoint"",""coordinates"":[]}"
20231017,2023-10-17,0.0,"{""type"":""MultiPoint"",""coordinates"":[]}"
20231018,2023-10-18,0.0,"{""type"":""MultiPoint"",""coordinates"":[]}"
20231019,2023-10-19,0.0,"{""type"":""MultiPoint"",""coordinates"":[]}"
20231020,2023-10-20,1.4085994395325168,"{""type"":""MultiPoint"",""coordinates"":[]}"
20231021,2023-10-21,5.80085002371127,"{""type"":""MultiPoint"",""coordinates"":[]}"
20231022,2023-10-22,0.0,"{""type"":""MultiPoint"",""coordinates"":[]}"
20231023,2023-10-23,0.0,"{""type"":""MultiPoint"",""coordinates"":[]}"
20231024,2023-10-24,0.0,"{""type"":""MultiPoint"",""coordinates"":[]}"
20231025,2023-10-25,0.0,"{""type"":""MultiPoint"",""coordinates"":[]}"
20231026,2023-10-26,0.0,"{""type"":""MultiPoint"",""coordinates"":[]}"
20231027,2023-10-27,0.0,"{""type"":""MultiPoint"",""coordinates"":[]}"
20231028,2023-10-28,5.413176420051011,"{""type"":""MultiPoint"",""coordinates"":[]}"
20231029,2023-10-29,0.5811978406656083,"{""type"":""MultiPoint"",""coordinates"":[]}"
20231030,2023-10-30,1.0820366834431405,"{""type"":""MultiPoint"",""coordinates"":[]}"
20231031,2023-10-31,1.1717006912497332,"{""type"":""MultiPoint"",""coordinates"":[]}"
20231101,2023-11-01,0.0,"{""type"":""MultiPoint"",""coordinates"":[]}"
20231102,2023-11-02,0.30371116105021584,"{""type"":""MultiPoint"",""coordinates"":[]}"
20231103,2023-11-03,1.4676176950729656,"{""type"":""MultiPoint"",""coordinates"":[]}"
20231104,2023-11-04,9.577462096729302,"{""type"":""MultiPoint"",""coordinates"":[]}"
20231105,2023-11-05,7.492649663219667,"{""type"":""MultiPoint"",""coordinates"":[]}"
20231106,2023-11-06,3.423115342435871,"{""type"":""MultiPoint"",""coordinates"":[]}"
20231107,2023-11-07,4.65476954723779,"{""type"":""MultiPoint"",""coordinates"":[]}"
20231108,2023-11-08,2.8454581237591463,"{""type"":""MultiPoint"",""coordinates"":[]}"
20231109,2023-11-09,0.7428347740375146,"{""type"":""MultiPoint"",""coordinates"":[]}"
20231110,2023-11-10,0.0,"{""type"":""MultiPoint"",""coordinates"":[]}"
20231111,2023-11-11,0.0,"{""type"":""MultiPoint"",""coordinates"":[]}"
20231112,2023-11-12,0.306829688843371,"{""type"":""MultiPoint"",""coordinates"":[]}"
20231113,2023-11-13,1.9130253062421496,"{""type"":""MultiPoint"",""coordinates"":[]}"
20231114,2023-11-14,11.172521516933095,"{""type"":""MultiPoint"",""coordinates"":[]}"
20231115,2023-11-15,0.7051155612667303,"{""type"":""MultiPoint"",""coordinates"":[]}"
20231116,2023-11-16,0.0,"{""type"":""MultiPoint"",""coordinates"":[]}"
20231117,2023-11-17,0.0,"{""type"":""MultiPoint"",""coordinates"":[]}"
20231118,2023-11-18,0.0,"{""type"":""MultiPoint"",""coordinates"":[]}"
20231119,2023-11-19,0.0,"{""type"":""MultiPoint"",""coordinates"":[]}"
20231120,2023-11-20,0.2651708045070059,"{""type"":""MultiPoint"",""coordinates"":[]}"
20231121,2023-11-21,0.7606538693555125,"{""type"":""MultiPoint"",""coordinates"":[]}"
20231122,2023-11-22,1.8378658522297189,"{""type"":""MultiPoint"",""coordinates"":[]}"
20231123,2023-11-23,1.5175593896635244,"{""type"":""MultiPoint"",""coordinates"":[]}"
20231124,2023-11-24,4.427877791609071,"{""type"":""MultiPoint"",""coordinates"":[]}"
20231125,2023-11-25,0.0,"{""type"":""MultiPoint"",""coordinates"":[]}"
20231126,2023-11-26,0.7553616495976124,"{""type"":""MultiPoint"",""coordinates"":[]}"
20231127,2023-11-27,0.06683882861983093,"{""type"":""MultiPoint"",""coordinates"":[]}"
20231128,2023-11-28,0.0,"{""type"":""MultiPoint"",""coordinates"":[]}"
20231129,2023-11-29,0.003333382216706656,"{""type"":""MultiPoint"",""coordinates"":[]}"
20231130,2023-11-30,0.2405593653509975,"{""type"":""MultiPoint"",""coordinates"":[]}"
20231201,2023-12-01,0.4717116024980547,"{""type"":""MultiPoint"",""coordinates"":[]}"
20231202,2023-12-02,4.060820418821597,"{""type"":""MultiPoint"",""coordinates"":[]}"
20231203,2023-12-03,14.298493510608289,"{""type"":""MultiPoint"",""coordinates"":[]}"
20231204,2023-12-04,34.42722609147985,"{""type"":""MultiPoint"",""coordinates"":[]}"
20231205,2023-12-05,4.928728316513995,"{""type"":""MultiPoint"",""coordinates"":[]}"
20231206,2023-12-06,0.0,"{""type"":""MultiPoint"",""coordinates"":[]}"
20231207,2023-12-07,0.0,"{""type"":""MultiPoint"",""coordinates"":[]}"
20231208,2023-12-08,0.0,"{""type"":""MultiPoint"",""coordinates"":[]}"
20231209,2023-12-09,0.0,"{""type"":""MultiPoint"",""coordinates"":[]}"
20231210,2023-12-10,0.0,"{""type"":""MultiPoint"",""coordinates"":[]}"
20231211,2023-12-11,0.0,"{""type"":""MultiPoint"",""coordinates"":[]}"
20231212,2023-12-12,0.0,"{""type"":""MultiPoint"",""coordinates"":[]}"
20231213,2023-12-13,0.0,"{""type"":""MultiPoint"",""coordinates"":[]}"
20231214,2023-12-14,0.0,"{""type"":""MultiPoint"",""coordinates"":[]}"
20231215,2023-12-15,0.0,"{""type"":""MultiPoint"",""coordinates"":[]}"
20231216,2023-12-16,0.0,"{""type"":""MultiPoint"",""coordinates"":[]}"
20231217,2023-12-17,0.0,"{""type"":""MultiPoint"",""coordinates"":[]}"
20231218,2023-12-18,0.13564949576935817,"{""type"":""MultiPoint"",""coordinates"":[]}"
20231219,2023-12-19,0.0,"{""type"":""MultiPoint"",""coordinates"":[]}"
20231220,2023-12-20,0.0,"{""type"":""MultiPoint"",""coordinates"":[]}"
20231221,2023-12-21,0.0,"{""type"":""MultiPoint"",""coordinates"":[]}"
20231222,2023-12-22,0.0018379443993682399,"{""type"":""MultiPoint"",""coordinates"":[]}"
20231223,2023-12-23,0.0,"{""type"":""MultiPoint"",""coordinates"":[]}"
20231224,2023-12-24,0.0,"{""type"":""MultiPoint"",""coordinates"":[]}"
20231225,2023-12-25,0.0,"{""type"":""MultiPoint"",""coordinates"":[]}"
20231226,2023-12-26,0.0,"{""type"":""MultiPoint"",""coordinates"":[]}"
20231227,2023-12-27,0.0,"{""type"":""MultiPoint"",""coordinates"":[]}"
20231228,2023-12-28,0.0,"{""type"":""MultiPoint"",""coordinates"":[]}"
20231229,2023-12-29,0.0,"{""type"":""MultiPoint"",""coordinates"":[]}"
20231230,2023-12-30,0.0,"{""type"":""MultiPoint"",""coordinates"":[]}"
20231231,2023-12-31,0.0,"{""type"":""MultiPoint"",""coordinates"":[]}"
20240101,2024-01-01,0.0,"{""type"":""MultiPoint"",""coordinates"":[]}"
20240102,2024-01-02,0.0,"{""type"":""MultiPoint"",""coordinates"":[]}"
20240103,2024-01-03,0.0,"{""type"":""MultiPoint"",""coordinates"":[]}"
20240104,2024-01-04,1.8348418957101575,"{""type"":""MultiPoint"",""coordinates"":[]}"
20240105,2024-01-05,0.0,"{""type"":""MultiPoint"",""coordinates"":[]}"
20240106,2024-01-06,0.0,"{""type"":""MultiPoint"",""coordinates"":[]}"
20240107,2024-01-07,0.12082633031272162,"{""type"":""MultiPoint"",""coordinates"":[]}"
20240108,2024-01-08,1.5542111429923446,"{""type"":""MultiPoint"",""coordinates"":[]}"
20240109,2024-01-09,0.0,"{""type"":""MultiPoint"",""coordinates"":[]}"
20240110,2024-01-10,0.0,"{""type"":""MultiPoint"",""coordinates"":[]}"
20240111,2024-01-11,0.01295334728002484,"{""type"":""MultiPoint"",""coordinates"":[]}"
20240112,2024-01-12,0.0,"{""type"":""MultiPoint"",""coordinates"":[]}"
20240113,2024-01-13,0.0,"{""type"":""MultiPoint"",""coordinates"":[]}"
20240114,2024-01-14,0.2810932408531057,"{""type"":""MultiPoint"",""coordinates"":[]}"
20240115,2024-01-15,0.0,"{""type"":""MultiPoint"",""coordinates"":[]}"
20240116,2024-01-16,0.0,"{""type"":""MultiPoint"",""coordinates"":[]}"
20240117,2024-01-17,0.0,"{""type"":""MultiPoint"",""coordinates"":[]}"
20240118,2024-01-18,0.0,"{""type"":""MultiPoint"",""coordinates"":[]}"
20240119,2024-01-19,0.0,"{""type"":""MultiPoint"",""coordinates"":[]}"
20240120,2024-01-20,0.2954287279764787,"{""type"":""MultiPoint"",""coordinates"":[]}"
20240121,2024-01-21,0.006916068569409755,"{""type"":""MultiPoint"",""coordinates"":[]}"
20240122,2024-01-22,0.0,"{""type"":""MultiPoint"",""coordinates"":[]}"
20240123,2024-01-23,0.0,"{""type"":""MultiPoint"",""coordinates"":[]}"
20240124,2024-01-24,0.00337800995449295,"{""type"":""MultiPoint"",""coordinates"":[]}"
20240125,2024-01-25,0.03464098398522594,"{""type"":""MultiPoint"",""coordinates"":[]}"
20240126,2024-01-26,0.0,"{""type"":""MultiPoint"",""coordinates"":[]}"
20240127,2024-01-27,0.0,"{""type"":""MultiPoint"",""coordinates"":[]}"
20240128,2024-01-28,0.0,"{""type"":""MultiPoint"",""coordinates"":[]}"
20240129,2024-01-29,0.0,"{""type"":""MultiPoint"",""coordinates"":[]}"
20240130,2024-01-30,0.0,"{""type"":""MultiPoint"",""coordinates"":[]}"
20240131,2024-01-31,0.0,"{""type"":""MultiPoint"",""coordinates"":[]}"
20240201,2024-02-01,0.0,"{""type"":""MultiPoint"",""coordinates"":[]}"
20240202,2024-02-02,0.0,"{""type"":""MultiPoint"",""coordinates"":[]}"
20240203,2024-02-03,0.0,"{""type"":""MultiPoint"",""coordinates"":[]}"
20240204,2024-02-04,0.0,"{""type"":""MultiPoint"",""coordinates"":[]}"
20240205,2024-02-05,0.0,"{""type"":""MultiPoint"",""coordinates"":[]}"
20240206,2024-02-06,0.0,"{""type"":""MultiPoint"",""coordinates"":[]}"
20240207,2024-02-07,0.0,"{""type"":""MultiPoint"",""coordinates"":[]}"
20240208,2024-02-08,0.0,"{""type"":""MultiPoint"",""coordinates"":[]}"
20240209,2024-02-09,0.0,"{""type"":""MultiPoint"",""coordinates"":[]}"
20240210,2024-02-10,0.0,"{""type"":""MultiPoint"",""coordinates"":[]}"
20240211,2024-02-11,0.0,"{""type"":""MultiPoint"",""coordinates"":[]}"
20240212,2024-02-12,0.0,"{""type"":""MultiPoint"",""coordinates"":[]}"
20240213,2024-02-13,0.0,"{""type"":""MultiPoint"",""coordinates"":[]}"
20240214,2024-02-14,0.0,"{""type"":""MultiPoint"",""coordinates"":[]}"
20240215,2024-02-15,0.07162130221177304,"{""type"":""MultiPoint"",""coordinates"":[]}"
20240216,2024-02-16,0.0,"{""type"":""MultiPoint"",""coordinates"":[]}"
20240217,2024-02-17,0.0,"{""type"":""MultiPoint"",""coordinates"":[]}"
20240218,2024-02-18,0.0,"{""type"":""MultiPoint"",""coordinates"":[]}"
20240219,2024-02-19,0.0,"{""type"":""MultiPoint"",""coordinates"":[]}"
20240220,2024-02-20,0.0,"{""type"":""MultiPoint"",""coordinates"":[]}"
20240221,2024-02-21,0.0,"{""type"":""MultiPoint"",""coordinates"":[]}"
20240222,2024-02-22,0.0,"{""type"":""MultiPoint"",""coordinates"":[]}"
20240223,2024-02-23,0.0,"{""type"":""MultiPoint"",""coordinates"":[]}"
20240224,2024-02-24,0.0,"{""type"":""MultiPoint"",""coordinates"":[]}"
20240225,2024-02-25,0.0,"{""type"":""MultiPoint"",""coordinates"":[]}"
20240226,2024-02-26,0.0,"{""type"":""MultiPoint"",""coordinates"":[]}"
20240227,2024-02-27,0.0,"{""type"":""MultiPoint"",""coordinates"":[]}"
20240228,2024-02-28,0.0,"{""type"":""MultiPoint"",""coordinates"":[]}"
20240229,2024-02-29,0.0,"{""type"":""MultiPoint"",""coordinates"":[]}"
20240301,2024-03-01,0.0,"{""type"":""MultiPoint"",""coordinates"":[]}"
20240302,2024-03-02,0.0,"{""type"":""MultiPoint"",""coordinates"":[]}"
20240303,2024-03-03,0.0,"{""type"":""MultiPoint"",""coordinates"":[]}"
20240304,2024-03-04,0.0,"{""type"":""MultiPoint"",""coordinates"":[]}"
20240305,2024-03-05,0.0,"{""type"":""MultiPoint"",""coordinates"":[]}"
20240306,2024-03-06,0.0,"{""type"":""MultiPoint"",""coordinates"":[]}"
20240307,2024-03-07,0.0,"{""type"":""MultiPoint"",""coordinates"":[]}"
20240308,2024-03-08,0.0,"{""type"":""MultiPoint"",""coordinates"":[]}"
20240309,2024-03-09,0.0,"{""type"":""MultiPoint"",""coordinates"":[]}"
20240310,2024-03-10,0.0,"{""type"":""MultiPoint"",""coordinates"":[]}"
20240311,2024-03-11,0.0,"{""type"":""MultiPoint"",""coordinates"":[]}"
20240312,2024-03-12,0.0,"{""type"":""MultiPoint"",""coordinates"":[]}"
20240313,2024-03-13,0.0,"{""type"":""MultiPoint"",""coordinates"":[]}"
20240314,2024-03-14,0.0,"{""type"":""MultiPoint"",""coordinates"":[]}"
20240315,2024-03-15,0.0,"{""type"":""MultiPoint"",""coordinates"":[]}"
20240316,2024-03-16,0.0,"{""type"":""MultiPoint"",""coordinates"":[]}"
20240317,2024-03-17,0.0,"{""type"":""MultiPoint"",""coordinates"":[]}"
20240318,2024-03-18,0.0,"{""type"":""MultiPoint"",""coordinates"":[]}"
20240319,2024-03-19,0.0,"{""type"":""MultiPoint"",""coordinates"":[]}"
20240320,2024-03-20,0.0,"{""type"":""MultiPoint"",""coordinates"":[]}"
20240321,2024-03-21,0.0,"{""type"":""MultiPoint"",""coordinates"":[]}"
20240322,2024-03-22,0.0,"{""type"":""MultiPoint"",""coordinates"":[]}"
20240323,2024-03-23,0.0,"{""type"":""MultiPoint"",""coordinates"":[]}"
20240324,2024-03-24,0.0,"{""type"":""MultiPoint"",""coordinates"":[]}"
20240325,2024-03-25,0.0,"{""type"":""MultiPoint"",""coordinates"":[]}"
20240326,2024-03-26,0.0,"{""type"":""MultiPoint"",""coordinates"":[]}"
20240327,2024-03-27,0.0,"{""type"":""MultiPoint"",""coordinates"":[]}"
20240328,2024-03-28,0.0,"{""type"":""MultiPoint"",""coordinates"":[]}"
20240329,2024-03-29,0.0,"{""type"":""MultiPoint"",""coordinates"":[]}"
20240330,2024-03-30,0.0,"{""type"":""MultiPoint"",""coordinates"":[]}"
20240331,2024-03-31,0.0,"{""type"":""MultiPoint"",""coordinates"":[]}"
20240401,2024-04-01,0.0,"{""type"":""MultiPoint"",""coordinates"":[]}"
20240402,2024-04-02,0.0,"{""type"":""MultiPoint"",""coordinates"":[]}"
20240403,2024-04-03,0.0021877568831530146,"{""type"":""MultiPoint"",""coordinates"":[]}"
20240404,2024-04-04,0.0,"{""type"":""MultiPoint"",""coordinates"":[]}"
20240405,2024-04-05,0.0,"{""type"":""MultiPoint"",""coordinates"":[]}"
20240406,2024-04-06,0.052442007145467553,"{""type"":""MultiPoint"",""coordinates"":[]}"
20240407,2024-04-07,0.0,"{""type"":""MultiPoint"",""coordinates"":[]}"
20240408,2024-04-08,0.0,"{""type"":""MultiPoint"",""coordinates"":[]}"
20240409,2024-04-09,0.009388659054898718,"{""type"":""MultiPoint"",""coordinates"":[]}"
20240410,2024-04-10,0.0,"{""type"":""MultiPoint"",""coordinates"":[]}"
20240411,2024-04-11,0.09150589220671744,"{""type"":""MultiPoint"",""coordinates"":[]}"
20240412,2024-04-12,0.6931148519536753,"{""type"":""MultiPoint"",""coordinates"":[]}"
20240413,2024-04-13,0.19367019440891947,"{""type"":""MultiPoint"",""coordinates"":[]}"
20240414,2024-04-14,0.09150582578896455,"{""type"":""MultiPoint"",""coordinates"":[]}"
20240415,2024-04-15,0.16034732376735905,"{""type"":""MultiPoint"",""coordinates"":[]}"
20240416,2024-04-16,0.0,"{""type"":""MultiPoint"",""coordinates"":[]}"
20240417,2024-04-17,0.0,"{""type"":""MultiPoint"",""coordinates"":[]}"
20240418,2024-04-18,0.16492210647592806,"{""type"":""MultiPoint"",""coordinates"":[]}"
20240419,2024-04-19,0.17444371023053634,"{""type"":""MultiPoint"",""coordinates"":[]}"
20240420,2024-04-20,1.1470913808129537,"{""type"":""MultiPoint"",""coordinates"":[]}"
20240421,2024-04-21,0.0,"{""type"":""MultiPoint"",""coordinates"":[]}"
20240422,2024-04-22,0.0,"{""type"":""MultiPoint"",""coordinates"":[]}"
20240423,2024-04-23,0.0,"{""type"":""MultiPoint"",""coordinates"":[]}"
20240424,2024-04-24,0.0,"{""type"":""MultiPoint"",""coordinates"":[]}"
20240425,2024-04-25,0.0,"{""type"":""MultiPoint"",""coordinates"":[]}"
20240426,2024-04-26,0.0,"{""type"":""MultiPoint"",""coordinates"":[]}"
20240427,2024-04-27,0.0,"{""type"":""MultiPoint"",""coordinates"":[]}"
20240428,2024-04-28,0.0,"{""type"":""MultiPoint"",""coordinates"":[]}"
20240429,2024-04-29,0.0,"{""type"":""MultiPoint"",""coordinates"":[]}"
20240430,2024-04-30,0.0350293083780497,"{""type"":""MultiPoint"",""coordinates"":[]}"
20240501,2024-05-01,0.0,"{""type"":""MultiPoint"",""coordinates"":[]}"
20240502,2024-05-02,0.47094716250576546,"{""type"":""MultiPoint"",""coordinates"":[]}"
20240503,2024-05-03,0.12352462010792922,"{""type"":""MultiPoint"",""coordinates"":[]}"
20240504,2024-05-04,0.18609689550012745,"{""type"":""MultiPoint"",""coordinates"":[]}"
20240505,2024-05-05,0.0,"{""type"":""MultiPoint"",""coordinates"":[]}"
20240506,2024-05-06,12.587243538515612,"{""type"":""MultiPoint"",""coordinates"":[]}"
20240507,2024-05-07,15.073566562278657,"{""type"":""MultiPoint"",""coordinates"":[]}"
20240508,2024-05-08,4.530171235480375,"{""type"":""MultiPoint"",""coordinates"":[]}"
20240509,2024-05-09,0.48907924192809893,"{""type"":""MultiPoint"",""coordinates"":[]}"
20240510,2024-05-10,0.0,"{""type"":""MultiPoint"",""coordinates"":[]}"
20240511,2024-05-11,0.043447532834990886,"{""type"":""MultiPoint"",""coordinates"":[]}"
20240512,2024-05-12,0.06575192877071294,"{""type"":""MultiPoint"",""coordinates"":[]}"
20240513,2024-05-13,2.1016728781206564,"{""type"":""MultiPoint"",""coordinates"":[]}"
20240514,2024-05-14,0.0,"{""type"":""MultiPoint"",""coordinates"":[]}"
20240515,2024-05-15,0.0020739711739084605,"{""type"":""MultiPoint"",""coordinates"":[]}"
20240516,2024-05-16,6.508216054340946,"{""type"":""MultiPoint"",""coordinates"":[]}"
20240517,2024-05-17,5.191091781889385,"{""type"":""MultiPoint"",""coordinates"":[]}"
20240518,2024-05-18,10.1401838325168,"{""type"":""MultiPoint"",""coordinates"":[]}"
20240519,2024-05-19,4.625275829160848,"{""type"":""MultiPoint"",""coordinates"":[]}"
20240520,2024-05-20,2.894891923173687,"{""type"":""MultiPoint"",""coordinates"":[]}"
20240521,2024-05-21,0.13967215456677004,"{""type"":""MultiPoint"",""coordinates"":[]}"
20240522,2024-05-22,0.0028253235209147924,"{""type"":""MultiPoint"",""coordinates"":[]}"
20240523,2024-05-23,0.14055487606826195,"{""type"":""MultiPoint"",""coordinates"":[]}"
20240524,2024-05-24,0.1297876471142265,"{""type"":""MultiPoint"",""coordinates"":[]}"
20240525,2024-05-25,18.81509005343329,"{""type"":""MultiPoint"",""coordinates"":[]}"
20240526,2024-05-26,0.790837970856935,"{""type"":""MultiPoint"",""coordinates"":[]}"
20240527,2024-05-27,1.6364869035818124,"{""type"":""MultiPoint"",""coordinates"":[]}"
20240528,2024-05-28,0.0,"{""type"":""MultiPoint"",""coordinates"":[]}"
20240529,2024-05-29,0.28419474320655286,"{""type"":""MultiPoint"",""coordinates"":[]}"
20240530,2024-05-30,0.0,"{""type"":""MultiPoint"",""coordinates"":[]}"
20240531,2024-05-31,0.0,"{""type"":""MultiPoint"",""coordinates"":[]}"
20240601,2024-06-01,4.844432387786717,"{""type"":""MultiPoint"",""coordinates"":[]}"
20240602,2024-06-02,8.984513207901935,"{""type"":""MultiPoint"",""coordinates"":[]}"
20240603,2024-06-03,12.288715830534938,"{""type"":""MultiPoint"",""coordinates"":[]}"
20240604,2024-06-04,4.292196576483081,"{""type"":""MultiPoint"",""coordinates"":[]}"
20240605,2024-06-05,4.16376216159427,"{""type"":""MultiPoint"",""coordinates"":[]}"
20240606,2024-06-06,11.437364934154266,"{""type"":""MultiPoint"",""coordinates"":[]}"
20240607,2024-06-07,9.612097327431258,"{""type"":""MultiPoint"",""coordinates"":[]}"
20240608,2024-06-08,14.42541301587505,"{""type"":""MultiPoint"",""coordinates"":[]}"
20240609,2024-06-09,1.6858300262534691,"{""type"":""MultiPoint"",""coordinates"":[]}"
20240610,2024-06-10,4.921542571705596,"{""type"":""MultiPoint"",""coordinates"":[]}"
20240611,2024-06-11,5.333850102247031,"{""type"":""MultiPoint"",""coordinates"":[]}"
20240612,2024-06-12,2.748555013915215,"{""type"":""MultiPoint"",""coordinates"":[]}"
20240613,2024-06-13,3.3381925801501318,"{""type"":""MultiPoint"",""coordinates"":[]}"
20240614,2024-06-14,0.5562037373601701,"{""type"":""MultiPoint"",""coordinates"":[]}"
20240615,2024-06-15,0.6216624899688473,"{""type"":""MultiPoint"",""coordinates"":[]}"
20240616,2024-06-16,0.0,"{""type"":""MultiPoint"",""coordinates"":[]}"
20240617,2024-06-17,0.24378846752214112,"{""type"":""MultiPoint"",""coordinates"":[]}"
20240618,2024-06-18,0.6908522135240949,"{""type"":""MultiPoint"",""coordinates"":[]}"
20240619,2024-06-19,0.14936927256724292,"{""type"":""MultiPoint"",""coordinates"":[]}"
20240620,2024-06-20,9.97490182633464E-4,"{""type"":""MultiPoint"",""coordinates"":[]}"
20240621,2024-06-21,0.57294543337195,"{""type"":""MultiPoint"",""coordinates"":[]}"
20240622,2024-06-22,2.2086837717330194,"{""type"":""MultiPoint"",""coordinates"":[]}"
20240623,2024-06-23,3.426245892927097,"{""type"":""MultiPoint"",""coordinates"":[]}"
20240624,2024-06-24,0.0,"{""type"":""MultiPoint"",""coordinates"":[]}"
20240625,2024-06-25,3.7352000542007775,"{""type"":""MultiPoint"",""coordinates"":[]}"
20240626,2024-06-26,1.1343857315215717,"{""type"":""MultiPoint"",""coordinates"":[]}"
20240627,2024-06-27,5.0261709051997245,"{""type"":""MultiPoint"",""coordinates"":[]}"
20240628,2024-06-28,0.8258078742902814,"{""type"":""MultiPoint"",""coordinates"":[]}"
20240629,2024-06-29,2.7247707449663015,"{""type"":""MultiPoint"",""coordinates"":[]}"
20240630,2024-06-30,14.072112793816927,"{""type"":""MultiPoint"",""coordinates"":[]}"
20240701,2024-07-01,5.309361825813479,"{""type"":""MultiPoint"",""coordinates"":[]}"
20240702,2024-07-02,0.0,"{""type"":""MultiPoint"",""coordinates"":[]}"
20240703,2024-07-03,2.3994135984353653,"{""type"":""MultiPoint"",""coordinates"":[]}"
20240704,2024-07-04,0.7411285198300569,"{""type"":""MultiPoint"",""coordinates"":[]}"
20240705,2024-07-05,8.959485163670987,"{""type"":""MultiPoint"",""coordinates"":[]}"
20240706,2024-07-06,4.556985243893585,"{""type"":""MultiPoint"",""coordinates"":[]}"
20240707,2024-07-07,1.9470921164544606,"{""type"":""MultiPoint"",""coordinates"":[]}"
20240708,2024-07-08,3.035362896749577,"{""type"":""MultiPoint"",""coordinates"":[]}"
20240709,2024-07-09,3.600776907214375,"{""type"":""MultiPoint"",""coordinates"":[]}"
20240710,2024-07-10,4.077878397192905,"{""type"":""MultiPoint"",""coordinates"":[]}"
20240711,2024-07-11,3.2398494523358807,"{""type"":""MultiPoint"",""coordinates"":[]}"
20240712,2024-07-12,7.409585522623943,"{""type"":""MultiPoint"",""coordinates"":[]}"
20240713,2024-07-13,12.377078961687124,"{""type"":""MultiPoint"",""coordinates"":[]}"
20240714,2024-07-14,5.893046126906261,"{""type"":""MultiPoint"",""coordinates"":[]}"
20240715,2024-07-15,0.6799206346619813,"{""type"":""MultiPoint"",""coordinates"":[]}"
20240716,2024-07-16,0.6548286532805168,"{""type"":""MultiPoint"",""coordinates"":[]}"
20240717,2024-07-17,2.1191276896214886,"{""type"":""MultiPoint"",""coordinates"":[]}"
20240718,2024-07-18,6.501363591300471,"{""type"":""MultiPoint"",""coordinates"":[]}"
20240719,2024-07-19,4.71702632122888,"{""type"":""MultiPoint"",""coordinates"":[]}"
20240720,2024-07-20,8.221343098266956,"{""type"":""MultiPoint"",""coordinates"":[]}"
20240721,2024-07-21,4.7280402400306984,"{""type"":""MultiPoint"",""coordinates"":[]}"
20240722,2024-07-22,2.577971904394816,"{""type"":""MultiPoint"",""coordinates"":[]}"
20240723,2024-07-23,0.9855510529115882,"{""type"":""MultiPoint"",""coordinates"":[]}"
20240724,2024-07-24,2.582141976005375,"{""type"":""MultiPoint"",""coordinates"":[]}"
20240725,2024-07-25,2.299440179383217,"{""type"":""MultiPoint"",""coordinates"":[]}"
20240726,2024-07-26,0.061157069842585336,"{""type"":""MultiPoint"",""coordinates"":[]}"
20240727,2024-07-27,0.7651529352793931,"{""type"":""MultiPoint"",""coordinates"":[]}"
20240728,2024-07-28,0.0,"{""type"":""MultiPoint"",""coordinates"":[]}"
20240729,2024-07-29,6.820825915464213,"{""type"":""MultiPoint"",""coordinates"":[]}"
20240730,2024-07-30,0.19948318558788422,"{""type"":""MultiPoint"",""coordinates"":[]}"
20240731,2024-07-31,0.01917303261317015,"{""type"":""MultiPoint"",""coordinates"":[]}"
20240801,2024-08-01,2.395426611483831,"{""type"":""MultiPoint"",""coordinates"":[]}"
20240802,2024-08-02,2.68323822518723,"{""type"":""MultiPoint"",""coordinates"":[]}"
20240803,2024-08-03,0.5714216782033373,"{""type"":""MultiPoint"",""coordinates"":[]}"
20240804,2024-08-04,0.9291194955653687,"{""type"":""MultiPoint"",""coordinates"":[]}"
20240805,2024-08-05,5.461732270913074,"{""type"":""MultiPoint"",""coordinates"":[]}"
20240806,2024-08-06,14.653878801524579,"{""type"":""MultiPoint"",""coordinates"":[]}"
20240807,2024-08-07,14.205539049754051,"{""type"":""MultiPoint"",""coordinates"":[]}"
20240808,2024-08-08,1.0738518429487454,"{""type"":""MultiPoint"",""coordinates"":[]}"
20240809,2024-08-09,0.47711545710407716,"{""type"":""MultiPoint"",""coordinates"":[]}"
20240810,2024-08-10,6.073766365455249,"{""type"":""MultiPoint"",""coordinates"":[]}"
20240811,2024-08-11,3.8082749599295944,"{""type"":""MultiPoint"",""coordinates"":[]}"
20240812,2024-08-12,1.0897058619750253,"{""type"":""MultiPoint"",""coordinates"":[]}"
20240813,2024-08-13,0.010410882001789114,"{""type"":""MultiPoint"",""coordinates"":[]}"
20240814,2024-08-14,0.0,"{""type"":""MultiPoint"",""coordinates"":[]}"
20240815,2024-08-15,0.6539362467619131,"{""type"":""MultiPoint"",""coordinates"":[]}"
20240816,2024-08-16,0.2643871002346042,"{""type"":""MultiPoint"",""coordinates"":[]}"
20240817,2024-08-17,3.7423573573639066,"{""type"":""MultiPoint"",""coordinates"":[]}"
20240818,2024-08-18,3.091232946564684,"{""type"":""MultiPoint"",""coordinates"":[]}"
20240819,2024-08-19,1.3676231050912986,"{""type"":""MultiPoint"",""coordinates"":[]}"
20240820,2024-08-20,0.08299812183843397,"{""type"":""MultiPoint"",""coordinates"":[]}"
20240821,2024-08-21,6.663305943854718,"{""type"":""MultiPoint"",""coordinates"":[]}"
20240822,2024-08-22,4.469578837844804,"{""type"":""MultiPoint"",""coordinates"":[]}"
20240823,2024-08-23,3.451491704173828,"{""type"":""MultiPoint"",""coordinates"":[]}"
20240824,2024-08-24,0.8968909293325703,"{""type"":""MultiPoint"",""coordinates"":[]}"
20240825,2024-08-25,0.9432128411879221,"{""type"":""MultiPoint"",""coordinates"":[]}"
20240826,2024-08-26,0.4593831012095891,"{""type"":""MultiPoint"",""coordinates"":[]}"
20240827,2024-08-27,3.124030230126518,"{""type"":""MultiPoint"",""coordinates"":[]}"
20240828,2024-08-28,0.8940243491437088,"{""type"":""MultiPoint"",""coordinates"":[]}"
20240829,2024-08-29,2.341547467937645,"{""type"":""MultiPoint"",""coordinates"":[]}"
20240830,2024-08-30,12.401557414898212,"{""type"":""MultiPoint"",""coordinates"":[]}"
20240831,2024-08-31,11.933866295949114,"{""type"":""MultiPoint"",""coordinates"":[]}"
20240901,2024-09-01,2.2780274218351457,"{""type"":""MultiPoint"",""coordinates"":[]}"
20240902,2024-09-02,4.923656579535518,"{""type"":""MultiPoint"",""coordinates"":[]}"
20240903,2024-09-03,16.845391498588068,"{""type"":""MultiPoint"",""coordinates"":[]}"
20240904,2024-09-04,1.813607429536507,"{""type"":""MultiPoint"",""coordinates"":[]}"
20240905,2024-09-05,2.688011387782184,"{""type"":""MultiPoint"",""coordinates"":[]}"
20240906,2024-09-06,5.488288330215188,"{""type"":""MultiPoint"",""coordinates"":[]}"
20240907,2024-09-07,0.4372287618850159,"{""type"":""MultiPoint"",""coordinates"":[]}"
20240908,2024-09-08,2.0944140904031774,"{""type"":""MultiPoint"",""coordinates"":[]}"
20240909,2024-09-09,0.5277068391869822,"{""type"":""MultiPoint"",""coordinates"":[]}"
20240910,2024-09-10,0.0,"{""type"":""MultiPoint"",""coordinates"":[]}"
20240911,2024-09-11,3.467829603062878,"{""type"":""MultiPoint"",""coordinates"":[]}"
20240912,2024-09-12,0.7014748823419681,"{""type"":""MultiPoint"",""coordinates"":[]}"
20240913,2024-09-13,0.07773763744676294,"{""type"":""MultiPoint"",""coordinates"":[]}"
20240914,2024-09-14,0.1352504027332387,"{""type"":""MultiPoint"",""coordinates"":[]}"
20240915,2024-09-15,0.024422408362304557,"{""type"":""MultiPoint"",""coordinates"":[]}"
20240916,2024-09-16,0.0,"{""type"":""MultiPoint"",""coordinates"":[]}"
20240917,2024-09-17,0.0,"{""type"":""MultiPoint"",""coordinates"":[]}"
20240918,2024-09-18,0.0,"{""type"":""MultiPoint"",""coordinates"":[]}"
20240919,2024-09-19,0.0,"{""type"":""MultiPoint"",""coordinates"":[]}"
20240920,2024-09-20,0.8874396129128982,"{""type"":""MultiPoint"",""coordinates"":[]}"
20240921,2024-09-21,1.1745836248046886,"{""type"":""MultiPoint"",""coordinates"":[]}"
20240922,2024-09-22,2.7926766202086797,"{""type"":""MultiPoint"",""coordinates"":[]}"
20240923,2024-09-23,2.978669353132982,"{""type"":""MultiPoint"",""coordinates"":[]}"
20240924,2024-09-24,12.39380269565421,"{""type"":""MultiPoint"",""coordinates"":[]}"
20240925,2024-09-25,12.224699721235286,"{""type"":""MultiPoint"",""coordinates"":[]}"
20240926,2024-09-26,1.6675486506451682,"{""type"":""MultiPoint"",""coordinates"":[]}"
20240927,2024-09-27,8.059936456821713,"{""type"":""MultiPoint"",""coordinates"":[]}"
20240928,2024-09-28,7.31805290180445,"{""type"":""MultiPoint"",""coordinates"":[]}"
20240929,2024-09-29,0.13288781236634642,"{""type"":""MultiPoint"",""coordinates"":[]}"
20240930,2024-09-30,0.0,"{""type"":""MultiPoint"",""coordinates"":[]}"
20241001,2024-10-01,0.8980763651349308,"{""type"":""MultiPoint"",""coordinates"":[]}"
20241002,2024-10-02,19.325458279732057,"{""type"":""MultiPoint"",""coordinates"":[]}"
20241003,2024-10-03,11.912967893385625,"{""type"":""MultiPoint"",""coordinates"":[]}"
20241004,2024-10-04,16.083457950415717,"{""type"":""MultiPoint"",""coordinates"":[]}"
20241005,2024-10-05,7.077095867946083,"{""type"":""MultiPoint"",""coordinates"":[]}"
20241006,2024-10-06,0.07962003863584666,"{""type"":""MultiPoint"",""coordinates"":[]}"
20241007,2024-10-07,1.6611300574852597,"{""type"":""MultiPoint"",""coordinates"":[]}"
20241008,2024-10-08,4.922293729088311,"{""type"":""MultiPoint"",""coordinates"":[]}"
20241009,2024-10-09,7.257210044405675,"{""type"":""MultiPoint"",""coordinates"":[]}"
20241010,2024-10-10,0.4704825384090154,"{""type"":""MultiPoint"",""coordinates"":[]}"
20241011,2024-10-11,0.12609760828375768,"{""type"":""MultiPoint"",""coordinates"":[]}"
20241012,2024-10-12,1.0598997555603211,"{""type"":""MultiPoint"",""coordinates"":[]}"
20241013,2024-10-13,1.8570823401655756,"{""type"":""MultiPoint"",""coordinates"":[]}"
20241014,2024-10-14,25.24341241221043,"{""type"":""MultiPoint"",""coordinates"":[]}"
20241015,2024-10-15,31.19159980192376,"{""type"":""MultiPoint"",""coordinates"":[]}"
20241016,2024-10-16,73.03938131097088,"{""type"":""MultiPoint"",""coordinates"":[]}"
20241017,2024-10-17,7.444628574789529,"{""type"":""MultiPoint"",""coordinates"":[]}"
20241018,2024-10-18,2.664786051267657,"{""type"":""MultiPoint"",""coordinates"":[]}"
20241019,2024-10-19,21.863143730697555,"{""type"":""MultiPoint"",""coordinates"":[]}"
20241020,2024-10-20,1.3959861513721061,"{""type"":""MultiPoint"",""coordinates"":[]}"
20241021,2024-10-21,7.5056961611145185,"{""type"":""MultiPoint"",""coordinates"":[]}"
20241022,2024-10-22,1.2687893619066726,"{""type"":""MultiPoint"",""coordinates"":[]}"
20241023,2024-10-23,17.08656111489385,"{""type"":""MultiPoint"",""coordinates"":[]}"
20241024,2024-10-24,3.1283129045308438,"{""type"":""MultiPoint"",""coordinates"":[]}"
20241025,2024-10-25,0.0,"{""type"":""MultiPoint"",""coordinates"":[]}"
20241026,2024-10-26,0.0,"{""type"":""MultiPoint"",""coordinates"":[]}"
20241027,2024-10-27,0.0,"{""type"":""MultiPoint"",""coordinates"":[]}"
20241028,2024-10-28,0.0,"{""type"":""MultiPoint"",""coordinates"":[]}"
20241029,2024-10-29,0.0,"{""type"":""MultiPoint"",""coordinates"":[]}"
20241030,2024-10-30,0.0,"{""type"":""MultiPoint"",""coordinates"":[]}"
20241031,2024-10-31,0.0,"{""type"":""MultiPoint"",""coordinates"":[]}"
20241101,2024-11-01,0.0,"{""type"":""MultiPoint"",""coordinates"":[]}"
20241102,2024-11-02,0.0,"{""type"":""MultiPoint"",""coordinates"":[]}"
20241103,2024-11-03,0.13306097257559416,"{""type"":""MultiPoint"",""coordinates"":[]}"
20241104,2024-11-04,0.0,"{""type"":""MultiPoint"",""coordinates"":[]}"
20241105,2024-11-05,0.0,"{""type"":""MultiPoint"",""coordinates"":[]}"
20241106,2024-11-06,0.0,"{""type"":""MultiPoint"",""coordinates"":[]}"
20241107,2024-11-07,0.0,"{""type"":""MultiPoint"",""coordinates"":[]}"
20241108,2024-11-08,0.0,"{""type"":""MultiPoint"",""coordinates"":[]}"
20241109,2024-11-09,0.012444092361338836,"{""type"":""MultiPoint"",""coordinates"":[]}"
20241110,2024-11-10,0.0,"{""type"":""MultiPoint"",""coordinates"":[]}"
20241111,2024-11-11,0.7298440058286502,"{""type"":""MultiPoint"",""coordinates"":[]}"
20241112,2024-11-12,7.874943509350258,"{""type"":""MultiPoint"",""coordinates"":[]}"
20241113,2024-11-13,7.35690496154295,"{""type"":""MultiPoint"",""coordinates"":[]}"
20241114,2024-11-14,7.70306790534302,"{""type"":""MultiPoint"",""coordinates"":[]}"
20241115,2024-11-15,2.3987844936966547,"{""type"":""MultiPoint"",""coordinates"":[]}"
20241116,2024-11-16,0.685358943825786,"{""type"":""MultiPoint"",""coordinates"":[]}"
20241117,2024-11-17,0.0,"{""type"":""MultiPoint"",""coordinates"":[]}"
20241118,2024-11-18,0.0,"{""type"":""MultiPoint"",""coordinates"":[]}"
20241119,2024-11-19,0.0,"{""type"":""MultiPoint"",""coordinates"":[]}"
20241120,2024-11-20,0.0,"{""type"":""MultiPoint"",""coordinates"":[]}"
20241121,2024-11-21,0.0,"{""type"":""MultiPoint"",""coordinates"":[]}"
20241122,2024-11-22,0.0,"{""type"":""MultiPoint"",""coordinates"":[]}"
20241123,2024-11-23,0.022381227440036223,"{""type"":""MultiPoint"",""coordinates"":[]}"
20241124,2024-11-24,0.16093289876539343,"{""type"":""MultiPoint"",""coordinates"":[]}"
20241125,2024-11-25,0.4765094673651529,"{""type"":""MultiPoint"",""coordinates"":[]}"
20241126,2024-11-26,0.8667673225121488,"{""type"":""MultiPoint"",""coordinates"":[]}"
20241127,2024-11-27,1.9349557493351401,"{""type"":""MultiPoint"",""coordinates"":[]}"
20241128,2024-11-28,0.007182534622879992,"{""type"":""MultiPoint"",""coordinates"":[]}"
20241129,2024-11-29,5.9195218045808105,"{""type"":""MultiPoint"",""coordinates"":[]}"
20241130,2024-11-30,20.427235055366584,"{""type"":""MultiPoint"",""coordinates"":[]}"
20241201,2024-12-01,30.683222007983467,"{""type"":""MultiPoint"",""coordinates"":[]}"
20241202,2024-12-02,6.5024728756717485,"{""type"":""MultiPoint"",""coordinates"":[]}"
20241203,2024-12-03,1.5806179988686675,"{""type"":""MultiPoint"",""coordinates"":[]}"
20241204,2024-12-04,10.822326429248267,"{""type"":""MultiPoint"",""coordinates"":[]}"
20241205,2024-12-05,0.9005964986554454,"{""type"":""MultiPoint"",""coordinates"":[]}"
20241206,2024-12-06,0.010357711138575953,"{""type"":""MultiPoint"",""coordinates"":[]}"
20241207,2024-12-07,0.0,"{""type"":""MultiPoint"",""coordinates"":[]}"
20241208,2024-12-08,0.0,"{""type"":""MultiPoint"",""coordinates"":[]}"
20241209,2024-12-09,0.0,"{""type"":""MultiPoint"",""coordinates"":[]}"
20241210,2024-12-10,0.7972226908116075,"{""type"":""MultiPoint"",""coordinates"":[]}"
20241211,2024-12-11,0.6655521540783196,"{""type"":""MultiPoint"",""coordinates"":[]}"
20241212,2024-12-12,13.400572560398526,"{""type"":""MultiPoint"",""coordinates"":[]}"
20241213,2024-12-13,0.054425510018057004,"{""type"":""MultiPoint"",""coordinates"":[]}"
20241214,2024-12-14,0.0,"{""type"":""MultiPoint"",""coordinates"":[]}"
20241215,2024-12-15,0.060659748396597477,"{""type"":""MultiPoint"",""coordinates"":[]}"
20241216,2024-12-16,0.2776281545303704,"{""type"":""MultiPoint"",""coordinates"":[]}"
20241217,2024-12-17,1.4553510628151851,"{""type"":""MultiPoint"",""coordinates"":[]}"
20241218,2024-12-18,0.0,"{""type"":""MultiPoint"",""coordinates"":[]}"
20241219,2024-12-19,0.0,"{""type"":""MultiPoint"",""coordinates"":[]}"
20241220,2024-12-20,0.0,"{""type"":""MultiPoint"",""coordinates"":[]}"
20241221,2024-12-21,0.0,"{""type"":""MultiPoint"",""coordinates"":[]}"
20241222,2024-12-22,0.0,"{""type"":""MultiPoint"",""coordinates"":[]}"
20241223,2024-12-23,0.0,"{""type"":""MultiPoint"",""coordinates"":[]}"
20241224,2024-12-24,0.0,"{""type"":""MultiPoint"",""coordinates"":[]}"
20241225,2024-12-25,0.0,"{""type"":""MultiPoint"",""coordinates"":[]}"
20241226,2024-12-26,0.0,"{""type"":""MultiPoint"",""coordinates"":[]}"
20241227,2024-12-27,0.0,"{""type"":""MultiPoint"",""coordinates"":[]}"
20241228,2024-12-28,0.0,"{""type"":""MultiPoint"",""coordinates"":[]}"
20241229,2024-12-29,0.0,"{""type"":""MultiPoint"",""coordinates"":[]}"
20241230,2024-12-30,0.0,"{""type"":""MultiPoint"",""coordinates"":[]}"
20241231,2024-12-31,0.0,"{""type"":""MultiPoint"",""coordinates"":[]}"
20250101,2025-01-01,0.0,"{""type"":""MultiPoint"",""coordinates"":[]}"
20250102,2025-01-02,0.036548429904087375,"{""type"":""MultiPoint"",""coordinates"":[]}"
20250103,2025-01-03,0.10696624749672665,"{""type"":""MultiPoint"",""coordinates"":[]}"
20250104,2025-01-04,0.4531763421470477,"{""type"":""MultiPoint"",""coordinates"":[]}"
20250105,2025-01-05,2.1009242282142275,"{""type"":""MultiPoint"",""coordinates"":[]}"
20250106,2025-01-06,0.0,"{""type"":""MultiPoint"",""coordinates"":[]}"
20250107,2025-01-07,0.0,"{""type"":""MultiPoint"",""coordinates"":[]}"
20250108,2025-01-08,0.0,"{""type"":""MultiPoint"",""coordinates"":[]}"
20250109,2025-01-09,0.0,"{""type"":""MultiPoint"",""coordinates"":[]}"
20250110,2025-01-10,2.1050488441622104,"{""type"":""MultiPoint"",""coordinates"":[]}"
20250111,2025-01-11,0.0,"{""type"":""MultiPoint"",""coordinates"":[]}"
20250112,2025-01-12,0.0,"{""type"":""MultiPoint"",""coordinates"":[]}"
20250113,2025-01-13,0.12883360715024184,"{""type"":""MultiPoint"",""coordinates"":[]}"
20250114,2025-01-14,0.0,"{""type"":""MultiPoint"",""coordinates"":[]}"
20250115,2025-01-15,0.0,"{""type"":""MultiPoint"",""coordinates"":[]}"
20250116,2025-01-16,0.0,"{""type"":""MultiPoint"",""coordinates"":[]}"
20250117,2025-01-17,0.0,"{""type"":""MultiPoint"",""coordinates"":[]}"
20250118,2025-01-18,0.0,"{""type"":""MultiPoint"",""coordinates"":[]}"
20250119,2025-01-19,0.0,"{""type"":""MultiPoint"",""coordinates"":[]}"
20250120,2025-01-20,0.0,"{""type"":""MultiPoint"",""coordinates"":[]}"
20250121,2025-01-21,6.862359852829443E-6,"{""type"":""MultiPoint"",""coordinates"":[]}"
20250122,2025-01-22,0.00934404649802732,"{""type"":""MultiPoint"",""coordinates"":[]}"
20250123,2025-01-23,0.19122785707316345,"{""type"":""MultiPoint"",""coordinates"":[]}"
20250124,2025-01-24,0.2563391921858293,"{""type"":""MultiPoint"",""coordinates"":[]}"
20250125,2025-01-25,0.14661394111812406,"{""type"":""MultiPoint"",""coordinates"":[]}"
20250126,2025-01-26,0.0,"{""type"":""MultiPoint"",""coordinates"":[]}"
20250127,2025-01-27,0.0,"{""type"":""MultiPoint"",""coordinates"":[]}"
20250128,2025-01-28,0.0,"{""type"":""MultiPoint"",""coordinates"":[]}"
20250129,2025-01-29,0.0,"{""type"":""MultiPoint"",""coordinates"":[]}"
20250130,2025-01-30,0.0,"{""type"":""MultiPoint"",""coordinates"":[]}"
20250131,2025-01-31,0.3642498122203598,"{""type"":""MultiPoint"",""coordinates"":[]}"
20250201,2025-02-01,0.0,"{""type"":""MultiPoint"",""coordinates"":[]}"
20250202,2025-02-02,0.0,"{""type"":""MultiPoint"",""coordinates"":[]}"
20250203,2025-02-03,0.0,"{""type"":""MultiPoint"",""coordinates"":[]}"
20250204,2025-02-04,0.0,"{""type"":""MultiPoint"",""coordinates"":[]}"
20250205,2025-02-05,0.0,"{""type"":""MultiPoint"",""coordinates"":[]}"
20250206,2025-02-06,0.08116794762241131,"{""type"":""MultiPoint"",""coordinates"":[]}"
20250207,2025-02-07,0.33992641846251964,"{""type"":""MultiPoint"",""coordinates"":[]}"
20250208,2025-02-08,0.32709246489033145,"{""type"":""MultiPoint"",""coordinates"":[]}"
20250209,2025-02-09,0.06546866783782399,"{""type"":""MultiPoint"",""coordinates"":[]}"
20250210,2025-02-10,0.06267637626643095,"{""type"":""MultiPoint"",""coordinates"":[]}"
20250211,2025-02-11,0.0,"{""type"":""MultiPoint"",""coordinates"":[]}"
20250212,2025-02-12,0.0,"{""type"":""MultiPoint"",""coordinates"":[]}"
20250213,2025-02-13,0.0,"{""type"":""MultiPoint"",""coordinates"":[]}"
20250214,2025-02-14,0.0,"{""type"":""MultiPoint"",""coordinates"":[]}"
20250215,2025-02-15,0.0,"{""type"":""MultiPoint"",""coordinates"":[]}"
20250216,2025-02-16,0.0,"{""type"":""MultiPoint"",""coordinates"":[]}"
20250217,2025-02-17,0.0,"{""type"":""MultiPoint"",""coordinates"":[]}"
20250218,2025-02-18,0.0,"{""type"":""MultiPoint"",""coordinates"":[]}"
20250219,2025-02-19,0.0,"{""type"":""MultiPoint"",""coordinates"":[]}"
20250220,2025-02-20,0.0,"{""type"":""MultiPoint"",""coordinates"":[]}"
20250221,2025-02-21,0.0,"{""type"":""MultiPoint"",""coordinates"":[]}"
20250222,2025-02-22,0.0,"{""type"":""MultiPoint"",""coordinates"":[]}"
20250223,2025-02-23,0.0,"{""type"":""MultiPoint"",""coordinates"":[]}"
20250224,2025-02-24,0.0,"{""type"":""MultiPoint"",""coordinates"":[]}"
20250225,2025-02-25,0.0,"{""type"":""MultiPoint"",""coordinates"":[]}"
20250226,2025-02-26,0.20268251604366094,"{""type"":""MultiPoint"",""coordinates"":[]}"
20250227,2025-02-27,0.23717846105858215,"{""type"":""MultiPoint"",""coordinates"":[]}"
20250228,2025-02-28,0.2810869022638807,"{""type"":""MultiPoint"",""coordinates"":[]}"
20250301,2025-03-01,0.20419188597885699,"{""type"":""MultiPoint"",""coordinates"":[]}"
20250302,2025-03-02,0.08541275719056635,"{""type"":""MultiPoint"",""coordinates"":[]}"
20250303,2025-03-03,0.0975945499784151,"{""type"":""MultiPoint"",""coordinates"":[]}"
20250304,2025-03-04,1.7103321852450217,"{""type"":""MultiPoint"",""coordinates"":[]}"
20250305,2025-03-05,0.0023650631626752393,"{""type"":""MultiPoint"",""coordinates"":[]}"
20250306,2025-03-06,0.0,"{""type"":""MultiPoint"",""coordinates"":[]}"
20250307,2025-03-07,0.0,"{""type"":""MultiPoint"",""coordinates"":[]}"
20250308,2025-03-08,0.0,"{""type"":""MultiPoint"",""coordinates"":[]}"
20250309,2025-03-09,0.0,"{""type"":""MultiPoint"",""coordinates"":[]}"
20250310,2025-03-10,0.05305507564220613,"{""type"":""MultiPoint"",""coordinates"":[]}"
20250311,2025-03-11,0.1918775505848952,"{""type"":""MultiPoint"",""coordinates"":[]}"
20250312,2025-03-12,0.0,"{""type"":""MultiPoint"",""coordinates"":[]}"
20250313,2025-03-13,0.022254908187463396,"{""type"":""MultiPoint"",""coordinates"":[]}"
20250314,2025-03-14,0.0,"{""type"":""MultiPoint"",""coordinates"":[]}"
20250315,2025-03-15,0.0,"{""type"":""MultiPoint"",""coordinates"":[]}"
20250316,2025-03-16,0.0,"{""type"":""MultiPoint"",""coordinates"":[]}"
20250317,2025-03-17,0.03482712003518824,"{""type"":""MultiPoint"",""coordinates"":[]}"
20250318,2025-03-18,0.0,"{""type"":""MultiPoint"",""coordinates"":[]}"
20250319,2025-03-19,0.0,"{""type"":""MultiPoint"",""coordinates"":[]}"
20250320,2025-03-20,0.0,"{""type"":""MultiPoint"",""coordinates"":[]}"
20250321,2025-03-21,0.0,"{""type"":""MultiPoint"",""coordinates"":[]}"
20250322,2025-03-22,0.36018435102636975,"{""type"":""MultiPoint"",""coordinates"":[]}"
20250323,2025-03-23,0.060373565519749546,"{""type"":""MultiPoint"",""coordinates"":[]}"
20250324,2025-03-24,0.0,"{""type"":""MultiPoint"",""coordinates"":[]}"
20250325,2025-03-25,0.0,"{""type"":""MultiPoint"",""coordinates"":[]}"
20250326,2025-03-26,6.070226178867282E-4,"{""type"":""MultiPoint"",""coordinates"":[]}"
20250327,2025-03-27,0.0,"{""type"":""MultiPoint"",""coordinates"":[]}"
20250328,2025-03-28,0.0,"{""type"":""MultiPoint"",""coordinates"":[]}"
20250329,2025-03-29,0.11450015174867051,"{""type"":""MultiPoint"",""coordinates"":[]}"
20250330,2025-03-30,0.0,"{""type"":""MultiPoint"",""coordinates"":[]}"
20250331,2025-03-31,0.0,"{""type"":""MultiPoint"",""coordinates"":[]}"
20250401,2025-04-01,0.0,"{""type"":""MultiPoint"",""coordinates"":[]}"
20250402,2025-04-02,0.0,"{""type"":""MultiPoint"",""coordinates"":[]}"
20250403,2025-04-03,2.2670158781388303,"{""type"":""MultiPoint"",""coordinates"":[]}"
20250404,2025-04-04,0.12374721346764317,"{""type"":""MultiPoint"",""coordinates"":[]}"
20250405,2025-04-05,0.08046208749283475,"{""type"":""MultiPoint"",""coordinates"":[]}"
20250406,2025-04-06,0.0,"{""type"":""MultiPoint"",""coordinates"":[]}"
20250407,2025-04-07,0.0,"{""type"":""MultiPoint"",""coordinates"":[]}"
20250408,2025-04-08,0.0,"{""type"":""MultiPoint"",""coordinates"":[]}"
20250409,2025-04-09,0.012269109255762025,"{""type"":""MultiPoint"",""coordinates"":[]}"
20250410,2025-04-10,0.0,"{""type"":""MultiPoint"",""coordinates"":[]}"
20250411,2025-04-11,0.0,"{""type"":""MultiPoint"",""coordinates"":[]}"
20250412,2025-04-12,0.0,"{""type"":""MultiPoint"",""coordinates"":[]}"
20250413,2025-04-13,0.06472990163280251,"{""type"":""MultiPoint"",""coordinates"":[]}"
20250414,2025-04-14,0.0,"{""type"":""MultiPoint"",""coordinates"":[]}"
20250415,2025-04-15,0.4318781278867789,"{""type"":""MultiPoint"",""coordinates"":[]}"
20250416,2025-04-16,0.0,"{""type"":""MultiPoint"",""coordinates"":[]}"
20250417,2025-04-17,0.20258558790863368,"{""type"":""MultiPoint"",""coordinates"":[]}"
20250418,2025-04-18,4.09276299515935,"{""type"":""MultiPoint"",""coordinates"":[]}"
20250419,2025-04-19,0.0,"{""type"":""MultiPoint"",""coordinates"":[]}"
20250420,2025-04-20,2.337647067632815,"{""type"":""MultiPoint"",""coordinates"":[]}"
20250421,2025-04-21,0.34957430296046965,"{""type"":""MultiPoint"",""coordinates"":[]}"
20250422,2025-04-22,0.0,"{""type"":""MultiPoint"",""coordinates"":[]}"
20250423,2025-04-23,0.00452878671562082,"{""type"":""MultiPoint"",""coordinates"":[]}"
20250424,2025-04-24,0.0,"{""type"":""MultiPoint"",""coordinates"":[]}"
20250425,2025-04-25,0.412621924295045,"{""type"":""MultiPoint"",""coordinates"":[]}"
20250426,2025-04-26,0.5714094429967689,"{""type"":""MultiPoint"",""coordinates"":[]}"
20250427,2025-04-27,0.9244365653269181,"{""type"":""MultiPoint"",""coordinates"":[]}"
20250428,2025-04-28,0.0,"{""type"":""MultiPoint"",""coordinates"":[]}"
20250429,2025-04-29,0.05022079755234601,"{""type"":""MultiPoint"",""coordinates"":[]}"
20250430,2025-04-30,3.4045697744276495,"{""type"":""MultiPoint"",""coordinates"":[]}"
20250501,2025-05-01,6.3257676788465895,"{""type"":""MultiPoint"",""coordinates"":[]}"
20250502,2025-05-02,12.085156955090016,"{""type"":""MultiPoint"",""coordinates"":[]}"
20250503,2025-05-03,0.0,"{""type"":""MultiPoint"",""coordinates"":[]}"
20250504,2025-05-04,0.17437745696509466,"{""type"":""MultiPoint"",""coordinates"":[]}"
20250505,2025-05-05,0.0,"{""type"":""MultiPoint"",""coordinates"":[]}"
20250506,2025-05-06,0.21145916729910735,"{""type"":""MultiPoint"",""coordinates"":[]}"
20250507,2025-05-07,0.3164926387166535,"{""type"":""MultiPoint"",""coordinates"":[]}"
20250508,2025-05-08,1.6531266606359931,"{""type"":""MultiPoint"",""coordinates"":[]}"
20250509,2025-05-09,1.7521273145343612,"{""type"":""MultiPoint"",""coordinates"":[]}"
20250510,2025-05-10,6.218654791217021,"{""type"":""MultiPoint"",""coordinates"":[]}"
20250511,2025-05-11,0.1602229877103226,"{""type"":""MultiPoint"",""coordinates"":[]}"
20250512,2025-05-12,1.0719543052574942,"{""type"":""MultiPoint"",""coordinates"":[]}"
20250513,2025-05-13,1.5602423859769445,"{""type"":""MultiPoint"",""coordinates"":[]}"
20250514,2025-05-14,6.7617061659402005,"{""type"":""MultiPoint"",""coordinates"":[]}"
20250515,2025-05-15,6.076151819060098,"{""type"":""MultiPoint"",""coordinates"":[]}"
20250516,2025-05-16,0.3932431659213105,"{""type"":""MultiPoint"",""coordinates"":[]}"
20250517,2025-05-17,2.2573058855212764,"{""type"":""MultiPoint"",""coordinates"":[]}"
20250518,2025-05-18,4.722660997212477,"{""type"":""MultiPoint"",""coordinates"":[]}"
20250519,2025-05-19,12.981381974128395,"{""type"":""MultiPoint"",""coordinates"":[]}"
20250520,2025-05-20,38.920267737237225,"{""type"":""MultiPoint"",""coordinates"":[]}"
20250521,2025-05-21,20.724642649332882,"{""type"":""MultiPoint"",""coordinates"":[]}"
20250522,2025-05-22,2.706853048695641,"{""type"":""MultiPoint"",""coordinates"":[]}"
20250523,2025-05-23,0.0,"{""type"":""MultiPoint"",""coordinates"":[]}"
20250524,2025-05-24,0.0,"{""type"":""MultiPoint"",""coordinates"":[]}"
20250525,2025-05-25,10.675106280329754,"{""type"":""MultiPoint"",""coordinates"":[]}"
20250526,2025-05-26,2.930173871592398,"{""type"":""MultiPoint"",""coordinates"":[]}"
20250527,2025-05-27,0.046866004700945554,"{""type"":""MultiPoint"",""coordinates"":[]}"
20250528,2025-05-28,0.7095184220058715,"{""type"":""MultiPoint"",""coordinates"":[]}"
20250529,2025-05-29,4.663835397779185,"{""type"":""MultiPoint"",""coordinates"":[]}"
20250530,2025-05-30,10.503604246096364,"{""type"":""MultiPoint"",""coordinates"":[]}"
20250531,2025-05-31,1.3792998713315003,"{""type"":""MultiPoint"",""coordinates"":[]}"
20250601,2025-06-01,0.042610649599110005,"{""type"":""MultiPoint"",""coordinates"":[]}"
20250602,2025-06-02,0.09621503965898008,"{""type"":""MultiPoint"",""coordinates"":[]}"
20250603,2025-06-03,0.0,"{""type"":""MultiPoint"",""coordinates"":[]}"
20250604,2025-06-04,0.0,"{""type"":""MultiPoint"",""coordinates"":[]}"
20250605,2025-06-05,0.0,"{""type"":""MultiPoint"",""coordinates"":[]}"
20250606,2025-06-06,0.02217387497763416,"{""type"":""MultiPoint"",""coordinates"":[]}"
20250607,2025-06-07,0.0016733758766347253,"{""type"":""MultiPoint"",""coordinates"":[]}"
20250608,2025-06-08,0.1355647602546039,"{""type"":""MultiPoint"",""coordinates"":[]}"
20250609,2025-06-09,0.1754880903328497,"{""type"":""MultiPoint"",""coordinates"":[]}"
20250610,2025-06-10,0.9535466240212536,"{""type"":""MultiPoint"",""coordinates"":[]}"
20250611,2025-06-11,8.84030533859563,"{""type"":""MultiPoint"",""coordinates"":[]}"
20250612,2025-06-12,4.00179180418584,"{""type"":""MultiPoint"",""coordinates"":[]}"
20250613,2025-06-13,0.2151363717669287,"{""type"":""MultiPoint"",""coordinates"":[]}"
20250614,2025-06-14,5.6720357732358195,"{""type"":""MultiPoint"",""coordinates"":[]}"
20250615,2025-06-15,0.5237620176470464,"{""type"":""MultiPoint"",""coordinates"":[]}"
20250616,2025-06-16,0.033323406227657726,"{""type"":""MultiPoint"",""coordinates"":[]}"
20250617,2025-06-17,0.021700121791416994,"{""type"":""MultiPoint"",""coordinates"":[]}"
20250618,2025-06-18,0.14226798961884077,"{""type"":""MultiPoint"",""coordinates"":[]}"
20250619,2025-06-19,3.5161379829591723,"{""type"":""MultiPoint"",""coordinates"":[]}"
20250620,2025-06-20,3.2058340589645806,"{""type"":""MultiPoint"",""coordinates"":[]}"
20250621,2025-06-21,0.6050754669032815,"{""type"":""MultiPoint"",""coordinates"":[]}"
20250622,2025-06-22,1.4234480198692687,"{""type"":""MultiPoint"",""coordinates"":[]}"
20250623,2025-06-23,1.679086257726727,"{""type"":""MultiPoint"",""coordinates"":[]}"
20250624,2025-06-24,0.34672515258188996,"{""type"":""MultiPoint"",""coordinates"":[]}"
20250625,2025-06-25,1.8331021289533234,"{""type"":""MultiPoint"",""coordinates"":[]}"
20250626,2025-06-26,0.5732645148038175,"{""type"":""MultiPoint"",""coordinates"":[]}"
20250627,2025-06-27,0.14754142526466837,"{""type"":""MultiPoint"",""coordinates"":[]}"
20250628,2025-06-28,0.0,"{""type"":""MultiPoint"",""coordinates"":[]}"
20250629,2025-06-29,2.0023692635581742,"{""type"":""MultiPoint"",""coordinates"":[]}"
20250630,2025-06-30,2.6699670608307806,"{""type"":""MultiPoint"",""coordinates"":[]}"
20250701,2025-07-01,1.3874932465647374,"{""type"":""MultiPoint"",""coordinates"":[]}"
20250702,2025-07-02,3.847382120945099,"{""type"":""MultiPoint"",""coordinates"":[]}"
20250703,2025-07-03,9.55851234589488,"{""type"":""MultiPoint"",""coordinates"":[]}"
20250704,2025-07-04,0.3601731629918558,"{""type"":""MultiPoint"",""coordinates"":[]}"
20250705,2025-07-05,0.03062169425109834,"{""type"":""MultiPoint"",""coordinates"":[]}"
20250706,2025-07-06,0.5107328316030868,"{""type"":""MultiPoint"",""coordinates"":[]}"
20250707,2025-07-07,0.23065995344044224,"{""type"":""MultiPoint"",""coordinates"":[]}"
20250708,2025-07-08,0.0063877559589245025,"{""type"":""MultiPoint"",""coordinates"":[]}"
20250709,2025-07-09,0.0,"{""type"":""MultiPoint"",""coordinates"":[]}"
20250710,2025-07-10,0.0,"{""type"":""MultiPoint"",""coordinates"":[]}"
20250711,2025-07-11,0.0,"{""type"":""MultiPoint"",""coordinates"":[]}"
20250712,2025-07-12,0.0,"{""type"":""MultiPoint"",""coordinates"":[]}"
20250713,2025-07-13,0.0,"{""type"":""MultiPoint"",""coordinates"":[]}"
20250714,2025-07-14,0.14973253599303052,"{""type"":""MultiPoint"",""coordinates"":[]}"
20250715,2025-07-15,0.0,"{""type"":""MultiPoint"",""coordinates"":[]}"
20250716,2025-07-16,2.395770279278593,"{""type"":""MultiPoint"",""coordinates"":[]}"
20250717,2025-07-17,7.227219571658315,"{""type"":""MultiPoint"",""coordinates"":[]}"
20250718,2025-07-18,4.8339535003436325,"{""type"":""MultiPoint"",""coordinates"":[]}"
20250719,2025-07-19,0.2148307562574078,"{""type"":""MultiPoint"",""coordinates"":[]}"
20250720,2025-07-20,13.432576339955675,"{""type"":""MultiPoint"",""coordinates"":[]}"
20250721,2025-07-21,7.781979267681071,"{""type"":""MultiPoint"",""coordinates"":[]}"
20250722,2025-07-22,0.0,"{""type"":""MultiPoint"",""coordinates"":[]}"
20250723,2025-07-23,2.500551895101535,"{""type"":""MultiPoint"",""coordinates"":[]}"
20250724,2025-07-24,0.2429235479088462,"{""type"":""MultiPoint"",""coordinates"":[]}"
20250725,2025-07-25,4.61590672512241,"{""type"":""MultiPoint"",""coordinates"":[]}"
20250726,2025-07-26,0.34112981256980374,"{""type"":""MultiPoint"",""coordinates"":[]}"
20250727,2025-07-27,0.022406324611306906,"{""type"":""MultiPoint"",""coordinates"":[]}"
20250728,2025-07-28,0.0,"{""type"":""MultiPoint"",""coordinates"":[]}"
20250729,2025-07-29,2.8487083963387243,"{""type"":""MultiPoint"",""coordinates"":[]}"
20250730,2025-07-30,1.5582478895322536,"{""type"":""MultiPoint"",""coordinates"":[]}"
20250731,2025-07-31,0.0,"{""type"":""MultiPoint"",""coordinates"":[]}"
20250801,2025-08-01,0.0,"{""type"":""MultiPoint"",""coordinates"":[]}"
20250802,2025-08-02,0.11919686480434256,"{""type"":""MultiPoint"",""coordinates"":[]}"
20250803,2025-08-03,5.794297361379423,"{""type"":""MultiPoint"",""coordinates"":[]}"
20250804,2025-08-04,4.040041451898465,"{""type"":""MultiPoint"",""coordinates"":[]}"
20250805,2025-08-05,1.9002164969680149,"{""type"":""MultiPoint"",""coordinates"":[]}"
20250806,2025-08-06,2.4810054634788186,"{""type"":""MultiPoint"",""coordinates"":[]}"
20250807,2025-08-07,8.159925478364704,"{""type"":""MultiPoint"",""coordinates"":[]}"
20250808,2025-08-08,7.018345953410357,"{""type"":""MultiPoint"",""coordinates"":[]}"
20250809,2025-08-09,3.3374095126156207,"{""type"":""MultiPoint"",""coordinates"":[]}"
20250810,2025-08-10,8.524987526262535,"{""type"":""MultiPoint"",""coordinates"":[]}"
20250811,2025-08-11,1.7765517002533555,"{""type"":""MultiPoint"",""coordinates"":[]}"
20250812,2025-08-12,17.611427646087083,"{""type"":""MultiPoint"",""coordinates"":[]}"
20250813,2025-08-13,13.818653433491479,"{""type"":""MultiPoint"",""coordinates"":[]}"
20250814,2025-08-14,0.5203952983525212,"{""type"":""MultiPoint"",""coordinates"":[]}"
20250815,2025-08-15,1.490995380848712,"{""type"":""MultiPoint"",""coordinates"":[]}"
20250816,2025-08-16,7.465623673681228,"{""type"":""MultiPoint"",""coordinates"":[]}"
20250817,2025-08-17,9.36996299008833,"{""type"":""MultiPoint"",""coordinates"":[]}"
20250818,2025-08-18,2.2216340767065392,"{""type"":""MultiPoint"",""coordinates"":[]}"
20250819,2025-08-19,0.7402485867174879,"{""type"":""MultiPoint"",""coordinates"":[]}"
20250820,2025-08-20,0.0,"{""type"":""MultiPoint"",""coordinates"":[]}"
20250821,2025-08-21,0.0,"{""type"":""MultiPoint"",""coordinates"":[]}"
20250822,2025-08-22,0.45149203407012745,"{""type"":""MultiPoint"",""coordinates"":[]}"
20250823,2025-08-23,2.656716468275093,"{""type"":""MultiPoint"",""coordinates"":[]}"
20250824,2025-08-24,0.3418304882192445,"{""type"":""MultiPoint"",""coordinates"":[]}"
20250825,2025-08-25,1.3172105102652856,"{""type"":""MultiPoint"",""coordinates"":[]}"
20250826,2025-08-26,11.603473420729948,"{""type"":""MultiPoint"",""coordinates"":[]}"
20250827,2025-08-27,9.283287644482963,"{""type"":""MultiPoint"",""coordinates"":[]}"
20250828,2025-08-28,11.610297499613706,"{""type"":""MultiPoint"",""coordinates"":[]}"
20250829,2025-08-29,7.565431180246856,"{""type"":""MultiPoint"",""coordinates"":[]}"
20250830,2025-08-30,4.938614290371992,"{""type"":""MultiPoint"",""coordinates"":[]}"
20250831,2025-08-31,2.017277791970816,"{""type"":""MultiPoint"",""coordinates"":[]}"
20250901,2025-09-01,1.871344349878417,"{""type"":""MultiPoint"",""coordinates"":[]}"
20250902,2025-09-02,1.908512984111318,"{""type"":""MultiPoint"",""coordinates"":[]}"
20250903,2025-09-03,0.0,"{""type"":""MultiPoint"",""coordinates"":[]}"
20250904,2025-09-04,0.0062782544290972955,"{""type"":""MultiPoint"",""coordinates"":[]}"
20250905,2025-09-05,1.1058854932328765,"{""type"":""MultiPoint"",""coordinates"":[]}"
20250906,2025-09-06,0.0,"{""type"":""MultiPoint"",""coordinates"":[]}"
20250907,2025-09-07,0.0,"{""type"":""MultiPoint"",""coordinates"":[]}"
20250908,2025-09-08,0.011012372039996434,"{""type"":""MultiPoint"",""coordinates"":[]}"
20250909,2025-09-09,0.0,"{""type"":""MultiPoint"",""coordinates"":[]}"
20250910,2025-09-10,14.86451999939615,"{""type"":""MultiPoint"",""coordinates"":[]}"
20250911,2025-09-11,9.225642504163444,"{""type"":""MultiPoint"",""coordinates"":[]}"
20250912,2025-09-12,6.62967932888517,"{""type"":""MultiPoint"",""coordinates"":[]}"
20250913,2025-09-13,17.91291097474613,"{""type"":""MultiPoint"",""coordinates"":[]}"
20250914,2025-09-14,0.9372590017552571,"{""type"":""MultiPoint"",""coordinates"":[]}"
20250915,2025-09-15,1.310269241804008,"{""type"":""MultiPoint"",""coordinates"":[]}"
20250916,2025-09-16,3.5998106581062657,"{""type"":""MultiPoint"",""coordinates"":[]}"
20250917,2025-09-17,9.56845410754056,"{""type"":""MultiPoint"",""coordinates"":[]}"
20250918,2025-09-18,8.735032474115904,"{""type"":""MultiPoint"",""coordinates"":[]}"
20250919,2025-09-19,10.336033551440797,"{""type"":""MultiPoint"",""coordinates"":[]}"
20250920,2025-09-20,3.7661237993732724,"{""type"":""MultiPoint"",""coordinates"":[]}"
20250921,2025-09-21,2.8789606377199903,"{""type"":""MultiPoint"",""coordinates"":[]}"
20250922,2025-09-22,3.352793703413601,"{""type"":""MultiPoint"",""coordinates"":[]}"
20250923,2025-09-23,4.690228357757711,"{""type"":""MultiPoint"",""coordinates"":[]}"
20250924,2025-09-24,0.12065841837058582,"{""type"":""MultiPoint"",""coordinates"":[]}"
20250925,2025-09-25,0.006184873698038241,"{""type"":""MultiPoint"",""coordinates"":[]}"
20250926,2025-09-26,0.957588327631148,"{""type"":""MultiPoint"",""coordinates"":[]}"
20250927,2025-09-27,0.01921739153647122,"{""type"":""MultiPoint"",""coordinates"":[]}"
20250928,2025-09-28,1.5796412795281487,"{""type"":""MultiPoint"",""coordinates"":[]}"
20250929,2025-09-29,1.2332570527600344,"{""type"":""MultiPoint"",""coordinates"":[]}"
20250930,2025-09-30,0.4300892665818257,"{""type"":""MultiPoint"",""coordinates"":[]}"
20251001,2025-10-01,6.300929087105143,"{""type"":""MultiPoint"",""coordinates"":[]}"
20251002,2025-10-02,1.6955684131299429,"{""type"":""MultiPoint"",""coordinates"":[]}"
20251003,2025-10-03,0.0,"{""type"":""MultiPoint"",""coordinates"":[]}"
20251004,2025-10-04,4.274966904849773,"{""type"":""MultiPoint"",""coordinates"":[]}"
20251005,2025-10-05,0.1828692156416839,"{""type"":""MultiPoint"",""coordinates"":[]}"
20251006,2025-10-06,1.1670604534599744,"{""type"":""MultiPoint"",""coordinates"":[]}"
20251007,2025-10-07,0.6636171535430493,"{""type"":""MultiPoint"",""coordinates"":[]}"
20251008,2025-10-08,4.544619324309669,"{""type"":""MultiPoint"",""coordinates"":[]}"
20251009,2025-10-09,23.6186783146839,"{""type"":""MultiPoint"",""coordinates"":[]}"
20251010,2025-10-10,41.37534729543331,"{""type"":""MultiPoint"",""coordinates"":[]}"
20251011,2025-10-11,0.4494969156380671,"{""type"":""MultiPoint"",""coordinates"":[]}"
20251012,2025-10-12,0.8472841796642261,"{""type"":""MultiPoint"",""coordinates"":[]}"
20251013,2025-10-13,2.501910442295473,"{""type"":""MultiPoint"",""coordinates"":[]}"
20251014,2025-10-14,0.8849509175626471,"{""type"":""MultiPoint"",""coordinates"":[]}"
20251015,2025-10-15,0.21692818852931456,"{""type"":""MultiPoint"",""coordinates"":[]}"
20251016,2025-10-16,14.29854403389289,"{""type"":""MultiPoint"",""coordinates"":[]}"
20251017,2025-10-17,4.5774979124825235,"{""type"":""MultiPoint"",""coordinates"":[]}"
20251018,2025-10-18,6.130762191037349,"{""type"":""MultiPoint"",""coordinates"":[]}"
20251019,2025-10-19,0.7829730881196302,"{""type"":""MultiPoint"",""coordinates"":[]}"
20251020,2025-10-20,4.397249040087341,"{""type"":""MultiPoint"",""coordinates"":[]}"
20251021,2025-10-21,28.36564704806859,"{""type"":""MultiPoint"",""coordinates"":[]}"
20251022,2025-10-22,32.584820512287806,"{""type"":""MultiPoint"",""coordinates"":[]}"
20251023,2025-10-23,28.97037853153029,"{""type"":""MultiPoint"",""coordinates"":[]}"
20251024,2025-10-24,12.710355161704507,"{""type"":""MultiPoint"",""coordinates"":[]}"
20251025,2025-10-25,0.02538142094728307,"{""type"":""MultiPoint"",""coordinates"":[]}"
20251026,2025-10-26,0.40107181254061847,"{""type"":""MultiPoint"",""coordinates"":[]}"
20251027,2025-10-27,25.658047869141324,"{""type"":""MultiPoint"",""coordinates"":[]}"
20251028,2025-10-28,37.095039138428646,"{""type"":""MultiPoint"",""coordinates"":[]}"
20251029,2025-10-29,8.43252653579581,"{""type"":""MultiPoint"",""coordinates"":[]}"
20251030,2025-10-30,0.0,"{""type"":""MultiPoint"",""coordinates"":[]}"
20251031,2025-10-31,0.0,"{""type"":""MultiPoint"",""coordinates"":[]}"
20251101,2025-11-01,0.0,"{""type"":""MultiPoint"",""coordinates"":[]}"
20251102,2025-11-02,3.31317985675121,"{""type"":""MultiPoint"",""coordinates"":[]}"
20251103,2025-11-03,0.6534623093212298,"{""type"":""MultiPoint"",""coordinates"":[]}"
20251104,2025-11-04,2.9064407454543435,"{""type"":""MultiPoint"",""coordinates"":[]}"
20251105,2025-11-05,2.616503513679176,"{""type"":""MultiPoint"",""coordinates"":[]}"
20251106,2025-11-06,0.7035708771804432,"{""type"":""MultiPoint"",""coordinates"":[]}"
20251107,2025-11-07,0.0,"{""type"":""MultiPoint"",""coordinates"":[]}"
20251108,2025-11-08,0.0,"{""type"":""MultiPoint"",""coordinates"":[]}"
20251109,2025-11-09,0.0,"{""type"":""MultiPoint"",""coordinates"":[]}"
20251110,2025-11-10,0.0,"{""type"":""MultiPoint"",""coordinates"":[]}"
20251111,2025-11-11,0.0,"{""type"":""MultiPoint"",""coordinates"":[]}"
20251112,2025-11-12,0.0,"{""type"":""MultiPoint"",""coordinates"":[]}"
20251113,2025-11-13,0.0,"{""type"":""MultiPoint"",""coordinates"":[]}"
20251114,2025-11-14,0.0,"{""type"":""MultiPoint"",""coordinates"":[]}"
20251115,2025-11-15,0.06916797750220915,"{""type"":""MultiPoint"",""coordinates"":[]}"
20251116,2025-11-16,0.0,"{""type"":""MultiPoint"",""coordinates"":[]}"
20251117,2025-11-17,0.5521071692555598,"{""type"":""MultiPoint"",""coordinates"":[]}"
20251118,2025-11-18,0.01571338907808863,"{""type"":""MultiPoint"",""coordinates"":[]}"
20251119,2025-11-19,0.0,"{""type"":""MultiPoint"",""coordinates"":[]}"
20251120,2025-11-20,0.0,"{""type"":""MultiPoint"",""coordinates"":[]}"
20251121,2025-11-21,3.463086733429269,"{""type"":""MultiPoint"",""coordinates"":[]}"
20251122,2025-11-22,7.910266864901413,"{""type"":""MultiPoint"",""coordinates"":[]}"
20251123,2025-11-23,5.901848365850202,"{""type"":""MultiPoint"",""coordinates"":[]}"
20251124,2025-11-24,1.02512736101489,"{""type"":""MultiPoint"",""coordinates"":[]}"
20251125,2025-11-25,0.5091130323095545,"{""type"":""MultiPoint"",""coordinates"":[]}"
20251126,2025-11-26,8.716000528933372E-6,"{""type"":""MultiPoint"",""coordinates"":[]}"
20251127,2025-11-27,3.031602760882729E-7,"{""type"":""MultiPoint"",""coordinates"":[]}"
20251128,2025-11-28,0.08823340835949689,"{""type"":""MultiPoint"",""coordinates"":[]}"
20251129,2025-11-29,3.443041301507215,"{""type"":""MultiPoint"",""coordinates"":[]}"
20251130,2025-11-30,11.964629798819853,"{""type"":""MultiPoint"",""coordinates"":[]}"
20251201,2025-12-01,0.0,"{""type"":""MultiPoint"",""coordinates"":[]}"
20251202,2025-12-02,0.010014156818887041,"{""type"":""MultiPoint"",""coordinates"":[]}"
20251203,2025-12-03,12.961512287777866,"{""type"":""MultiPoint"",""coordinates"":[]}"
20251204,2025-12-04,2.4207166451572264,"{""type"":""MultiPoint"",""coordinates"":[]}"
20251205,2025-12-05,0.0,"{""type"":""MultiPoint"",""coordinates"":[]}"
20251206,2025-12-06,0.43283203270608694,"{""type"":""MultiPoint"",""coordinates"":[]}"
20251207,2025-12-07,0.01965737151341001,"{""type"":""MultiPoint"",""coordinates"":[]}"
20251208,2025-12-08,0.0,"{""type"":""MultiPoint"",""coordinates"":[]}"
20251209,2025-12-09,0.059347852600188405,"{""type"":""MultiPoint"",""coordinates"":[]}"
20251210,2025-12-10,0.0,"{""type"":""MultiPoint"",""coordinates"":[]}"
20251211,2025-12-11,0.0,"{""type"":""MultiPoint"",""coordinates"":[]}"
20251212,2025-12-12,0.0,"{""type"":""MultiPoint"",""coordinates"":[]}"
20251213,2025-12-13,0.0,"{""type"":""MultiPoint"",""coordinates"":[]}"
20251214,2025-12-14,0.05262668251452698,"{""type"":""MultiPoint"",""coordinates"":[]}"
20251215,2025-12-15,0.6879997048869799,"{""type"":""MultiPoint"",""coordinates"":[]}"
20251216,2025-12-16,0.3393780255799184,"{""type"":""MultiPoint"",""coordinates"":[]}"
20251217,2025-12-17,0.0,"{""type"":""MultiPoint"",""coordinates"":[]}"
20251218,2025-12-18,0.007798491000447877,"{""type"":""MultiPoint"",""coordinates"":[]}"
20251219,2025-12-19,0.0,"{""type"":""MultiPoint"",""coordinates"":[]}"
20251220,2025-12-20,2.236264751111881,"{""type"":""MultiPoint"",""coordinates"":[]}"
20251221,2025-12-21,2.2808412971397893,"{""type"":""MultiPoint"",""coordinates"":[]}"
20251222,2025-12-22,0.39878111022611606,"{""type"":""MultiPoint"",""coordinates"":[]}"
20251223,2025-12-23,0.0,"{""type"":""MultiPoint"",""coordinates"":[]}"
20251224,2025-12-24,0.0,"{""type"":""MultiPoint"",""coordinates"":[]}"
20251225,2025-12-25,0.0,"{""type"":""MultiPoint"",""coordinates"":[]}"
20251226,2025-12-26,0.0,"{""type"":""MultiPoint"",""coordinates"":[]}"
20251227,2025-12-27,0.0,"{""type"":""MultiPoint"",""coordinates"":[]}"
20251228,2025-12-28,0.0,"{""type"":""MultiPoint"",""coordinates"":[]}"
20251229,2025-12-29,0.0,"{""type"":""MultiPoint"",""coordinates"":[]}"
20251230,2025-12-30,0.0,"{""type"":""MultiPoint"",""coordinates"":[]}"
20251231,2025-12-31,2.085919518994978,"{""type"":""MultiPoint"",""coordinates"":[]}"
