system:index,date,precipitation_mm,.geo
20010101,2001-01-01,0.05146798168039944,"{""type"":""MultiPoint"",""coordinates"":[]}"
20010102,2001-01-02,0.012746597477171318,"{""type"":""MultiPoint"",""coordinates"":[]}"
20010103,2001-01-03,0.0,"{""type"":""MultiPoint"",""coordinates"":[]}"
20010104,2001-01-04,0.0,"{""type"":""MultiPoint"",""coordinates"":[]}"
20010105,2001-01-05,0.0,"{""type"":""MultiPoint"",""coordinates"":[]}"
20010106,2001-01-06,0.0,"{""type"":""MultiPoint"",""coordinates"":[]}"
20010107,2001-01-07,0.0,"{""type"":""MultiPoint"",""coordinates"":[]}"
20010108,2001-01-08,0.0,"{""type"":""MultiPoint"",""coordinates"":[]}"
20010109,2001-01-09,0.0,"{""type"":""MultiPoint"",""coordinates"":[]}"
20010110,2001-01-10,0.002702472563235373,"{""type"":""MultiPoint"",""coordinates"":[]}"
20010111,2001-01-11,0.0,"{""type"":""MultiPoint"",""coordinates"":[]}"
20010112,2001-01-12,0.0,"{""type"":""MultiPoint"",""coordinates"":[]}"
20010113,2001-01-13,0.0,"{""type"":""MultiPoint"",""coordinates"":[]}"
20010114,2001-01-14,0.0,"{""type"":""MultiPoint"",""coordinates"":[]}"
20010115,2001-01-15,0.0,"{""type"":""MultiPoint"",""coordinates"":[]}"
20010116,2001-01-16,0.0,"{""type"":""MultiPoint"",""coordinates"":[]}"
20010117,2001-01-17,0.0,"{""type"":""MultiPoint"",""coordinates"":[]}"
20010118,2001-01-18,0.0,"{""type"":""MultiPoint"",""coordinates"":[]}"
20010119,2001-01-19,0.0,"{""type"":""MultiPoint"",""coordinates"":[]}"
20010120,2001-01-20,0.0,"{""type"":""MultiPoint"",""coordinates"":[]}"
20010121,2001-01-21,0.22465168736083468,"{""type"":""MultiPoint"",""coordinates"":[]}"
20010122,2001-01-22,0.10854582124442162,"{""type"":""MultiPoint"",""coordinates"":[]}"
20010123,2001-01-23,0.0,"{""type"":""MultiPoint"",""coordinates"":[]}"
20010124,2001-01-24,0.0,"{""type"":""MultiPoint"",""coordinates"":[]}"
20010125,2001-01-25,0.0,"{""type"":""MultiPoint"",""coordinates"":[]}"
20010126,2001-01-26,8.49290576042756E-4,"{""type"":""MultiPoint"",""coordinates"":[]}"
20010127,2001-01-27,0.06757252637419468,"{""type"":""MultiPoint"",""coordinates"":[]}"
20010128,2001-01-28,8.534666036065034E-4,"{""type"":""MultiPoint"",""coordinates"":[]}"
20010129,2001-01-29,1.222704587438406,"{""type"":""MultiPoint"",""coordinates"":[]}"
20010130,2001-01-30,0.2320290523417431,"{""type"":""MultiPoint"",""coordinates"":[]}"
20010131,2001-01-31,0.0,"{""type"":""MultiPoint"",""coordinates"":[]}"
20010201,2001-02-01,0.0,"{""type"":""MultiPoint"",""coordinates"":[]}"
20010202,2001-02-02,0.0,"{""type"":""MultiPoint"",""coordinates"":[]}"
20010203,2001-02-03,0.0,"{""type"":""MultiPoint"",""coordinates"":[]}"
20010204,2001-02-04,0.0,"{""type"":""MultiPoint"",""coordinates"":[]}"
20010205,2001-02-05,0.0,"{""type"":""MultiPoint"",""coordinates"":[]}"
20010206,2001-02-06,0.0,"{""type"":""MultiPoint"",""coordinates"":[]}"
20010207,2001-02-07,0.0,"{""type"":""MultiPoint"",""coordinates"":[]}"
20010208,2001-02-08,0.0,"{""type"":""MultiPoint"",""coordinates"":[]}"
20010209,2001-02-09,0.0,"{""type"":""MultiPoint"",""coordinates"":[]}"
20010210,2001-02-10,0.0,"{""type"":""MultiPoint"",""coordinates"":[]}"
20010211,2001-02-11,0.0,"{""type"":""MultiPoint"",""coordinates"":[]}"
20010212,2001-02-12,0.0,"{""type"":""MultiPoint"",""coordinates"":[]}"
20010213,2001-02-13,0.0,"{""type"":""MultiPoint"",""coordinates"":[]}"
20010214,2001-02-14,0.0,"{""type"":""MultiPoint"",""coordinates"":[]}"
20010215,2001-02-15,0.0,"{""type"":""MultiPoint"",""coordinates"":[]}"
20010216,2001-02-16,0.0,"{""type"":""MultiPoint"",""coordinates"":[]}"
20010217,2001-02-17,0.0,"{""type"":""MultiPoint"",""coordinates"":[]}"
20010218,2001-02-18,0.0,"{""type"":""MultiPoint"",""coordinates"":[]}"
20010219,2001-02-19,0.0,"{""type"":""MultiPoint"",""coordinates"":[]}"
20010220,2001-02-20,0.0,"{""type"":""MultiPoint"",""coordinates"":[]}"
20010221,2001-02-21,0.0,"{""type"":""MultiPoint"",""coordinates"":[]}"
20010222,2001-02-22,0.0,"{""type"":""MultiPoint"",""coordinates"":[]}"
20010223,2001-02-23,0.0,"{""type"":""MultiPoint"",""coordinates"":[]}"
20010224,2001-02-24,0.0,"{""type"":""MultiPoint"",""coordinates"":[]}"
20010225,2001-02-25,0.0,"{""type"":""MultiPoint"",""coordinates"":[]}"
20010226,2001-02-26,0.0,"{""type"":""MultiPoint"",""coordinates"":[]}"
20010227,2001-02-27,0.0,"{""type"":""MultiPoint"",""coordinates"":[]}"
20010228,2001-02-28,0.0,"{""type"":""MultiPoint"",""coordinates"":[]}"
20010301,2001-03-01,0.0,"{""type"":""MultiPoint"",""coordinates"":[]}"
20010302,2001-03-02,0.0,"{""type"":""MultiPoint"",""coordinates"":[]}"
20010303,2001-03-03,0.0,"{""type"":""MultiPoint"",""coordinates"":[]}"
20010304,2001-03-04,7.591545860929557E-5,"{""type"":""MultiPoint"",""coordinates"":[]}"
20010305,2001-03-05,7.591545860929557E-5,"{""type"":""MultiPoint"",""coordinates"":[]}"
20010306,2001-03-06,0.0,"{""type"":""MultiPoint"",""coordinates"":[]}"
20010307,2001-03-07,0.0,"{""type"":""MultiPoint"",""coordinates"":[]}"
20010308,2001-03-08,0.0,"{""type"":""MultiPoint"",""coordinates"":[]}"
20010309,2001-03-09,0.0,"{""type"":""MultiPoint"",""coordinates"":[]}"
20010310,2001-03-10,0.0,"{""type"":""MultiPoint"",""coordinates"":[]}"
20010311,2001-03-11,0.0,"{""type"":""MultiPoint"",""coordinates"":[]}"
20010312,2001-03-12,0.0,"{""type"":""MultiPoint"",""coordinates"":[]}"
20010313,2001-03-13,1.3391691102118333E-4,"{""type"":""MultiPoint"",""coordinates"":[]}"
20010314,2001-03-14,0.0,"{""type"":""MultiPoint"",""coordinates"":[]}"
20010315,2001-03-15,0.0,"{""type"":""MultiPoint"",""coordinates"":[]}"
20010316,2001-03-16,0.0,"{""type"":""MultiPoint"",""coordinates"":[]}"
20010317,2001-03-17,0.0,"{""type"":""MultiPoint"",""coordinates"":[]}"
20010318,2001-03-18,0.0,"{""type"":""MultiPoint"",""coordinates"":[]}"
20010319,2001-03-19,0.0,"{""type"":""MultiPoint"",""coordinates"":[]}"
20010320,2001-03-20,0.0,"{""type"":""MultiPoint"",""coordinates"":[]}"
20010321,2001-03-21,0.0,"{""type"":""MultiPoint"",""coordinates"":[]}"
20010322,2001-03-22,0.0,"{""type"":""MultiPoint"",""coordinates"":[]}"
20010323,2001-03-23,0.0,"{""type"":""MultiPoint"",""coordinates"":[]}"
20010324,2001-03-24,0.0,"{""type"":""MultiPoint"",""coordinates"":[]}"
20010325,2001-03-25,0.0,"{""type"":""MultiPoint"",""coordinates"":[]}"
20010326,2001-03-26,0.0,"{""type"":""MultiPoint"",""coordinates"":[]}"
20010327,2001-03-27,0.0,"{""type"":""MultiPoint"",""coordinates"":[]}"
20010328,2001-03-28,0.0,"{""type"":""MultiPoint"",""coordinates"":[]}"
20010329,2001-03-29,0.0,"{""type"":""MultiPoint"",""coordinates"":[]}"
20010330,2001-03-30,0.0067486226886983415,"{""type"":""MultiPoint"",""coordinates"":[]}"
20010331,2001-03-31,0.006382015563724206,"{""type"":""MultiPoint"",""coordinates"":[]}"
20010401,2001-04-01,1.0305693167476662,"{""type"":""MultiPoint"",""coordinates"":[]}"
20010402,2001-04-02,1.7120365238619732,"{""type"":""MultiPoint"",""coordinates"":[]}"
20010403,2001-04-03,0.16863291131199296,"{""type"":""MultiPoint"",""coordinates"":[]}"
20010404,2001-04-04,0.0,"{""type"":""MultiPoint"",""coordinates"":[]}"
20010405,2001-04-05,0.0,"{""type"":""MultiPoint"",""coordinates"":[]}"
20010406,2001-04-06,0.0,"{""type"":""MultiPoint"",""coordinates"":[]}"
20010407,2001-04-07,0.0,"{""type"":""MultiPoint"",""coordinates"":[]}"
20010408,2001-04-08,0.0,"{""type"":""MultiPoint"",""coordinates"":[]}"
20010409,2001-04-09,0.0,"{""type"":""MultiPoint"",""coordinates"":[]}"
20010410,2001-04-10,0.0,"{""type"":""MultiPoint"",""coordinates"":[]}"
20010411,2001-04-11,0.26368062872295467,"{""type"":""MultiPoint"",""coordinates"":[]}"
20010412,2001-04-12,11.933943224983508,"{""type"":""MultiPoint"",""coordinates"":[]}"
20010413,2001-04-13,0.9775948704433982,"{""type"":""MultiPoint"",""coordinates"":[]}"
20010414,2001-04-14,1.2396488036892273,"{""type"":""MultiPoint"",""coordinates"":[]}"
20010415,2001-04-15,0.1762153494806126,"{""type"":""MultiPoint"",""coordinates"":[]}"
20010416,2001-04-16,7.227235603974598,"{""type"":""MultiPoint"",""coordinates"":[]}"
20010417,2001-04-17,0.0,"{""type"":""MultiPoint"",""coordinates"":[]}"
20010418,2001-04-18,0.06642666170114883,"{""type"":""MultiPoint"",""coordinates"":[]}"
20010419,2001-04-19,0.4143076697243377,"{""type"":""MultiPoint"",""coordinates"":[]}"
20010420,2001-04-20,0.004260103722641226,"{""type"":""MultiPoint"",""coordinates"":[]}"
20010421,2001-04-21,0.7489406380907967,"{""type"":""MultiPoint"",""coordinates"":[]}"
20010422,2001-04-22,0.8768151900733135,"{""type"":""MultiPoint"",""coordinates"":[]}"
20010423,2001-04-23,0.0,"{""type"":""MultiPoint"",""coordinates"":[]}"
20010424,2001-04-24,0.0,"{""type"":""MultiPoint"",""coordinates"":[]}"
20010425,2001-04-25,0.0,"{""type"":""MultiPoint"",""coordinates"":[]}"
20010426,2001-04-26,0.0,"{""type"":""MultiPoint"",""coordinates"":[]}"
20010427,2001-04-27,0.0,"{""type"":""MultiPoint"",""coordinates"":[]}"
20010428,2001-04-28,0.0,"{""type"":""MultiPoint"",""coordinates"":[]}"
20010429,2001-04-29,0.0,"{""type"":""MultiPoint"",""coordinates"":[]}"
20010430,2001-04-30,0.15099882147412086,"{""type"":""MultiPoint"",""coordinates"":[]}"
20010501,2001-05-01,0.0,"{""type"":""MultiPoint"",""coordinates"":[]}"
20010502,2001-05-02,1.7254375190871785,"{""type"":""MultiPoint"",""coordinates"":[]}"
20010503,2001-05-03,5.102484326023184,"{""type"":""MultiPoint"",""coordinates"":[]}"
20010504,2001-05-04,0.0034390701425757986,"{""type"":""MultiPoint"",""coordinates"":[]}"
20010505,2001-05-05,0.0,"{""type"":""MultiPoint"",""coordinates"":[]}"
20010506,2001-05-06,0.0,"{""type"":""MultiPoint"",""coordinates"":[]}"
20010507,2001-05-07,0.017440178713652908,"{""type"":""MultiPoint"",""coordinates"":[]}"
20010508,2001-05-08,0.18394291814307379,"{""type"":""MultiPoint"",""coordinates"":[]}"
20010509,2001-05-09,0.0,"{""type"":""MultiPoint"",""coordinates"":[]}"
20010510,2001-05-10,0.0,"{""type"":""MultiPoint"",""coordinates"":[]}"
20010511,2001-05-11,0.0,"{""type"":""MultiPoint"",""coordinates"":[]}"
20010512,2001-05-12,0.0,"{""type"":""MultiPoint"",""coordinates"":[]}"
20010513,2001-05-13,0.0,"{""type"":""MultiPoint"",""coordinates"":[]}"
20010514,2001-05-14,0.0,"{""type"":""MultiPoint"",""coordinates"":[]}"
20010515,2001-05-15,0.4192446056339586,"{""type"":""MultiPoint"",""coordinates"":[]}"
20010516,2001-05-16,1.185591513408734,"{""type"":""MultiPoint"",""coordinates"":[]}"
20010517,2001-05-17,0.22385046800297206,"{""type"":""MultiPoint"",""coordinates"":[]}"
20010518,2001-05-18,0.0,"{""type"":""MultiPoint"",""coordinates"":[]}"
20010519,2001-05-19,0.0,"{""type"":""MultiPoint"",""coordinates"":[]}"
20010520,2001-05-20,1.7153888234646275,"{""type"":""MultiPoint"",""coordinates"":[]}"
20010521,2001-05-21,3.301957218942231,"{""type"":""MultiPoint"",""coordinates"":[]}"
20010522,2001-05-22,0.015591247702798202,"{""type"":""MultiPoint"",""coordinates"":[]}"
20010523,2001-05-23,1.1122445704978536,"{""type"":""MultiPoint"",""coordinates"":[]}"
20010524,2001-05-24,0.015952365196618825,"{""type"":""MultiPoint"",""coordinates"":[]}"
20010525,2001-05-25,0.0,"{""type"":""MultiPoint"",""coordinates"":[]}"
20010526,2001-05-26,0.0,"{""type"":""MultiPoint"",""coordinates"":[]}"
20010527,2001-05-27,0.0,"{""type"":""MultiPoint"",""coordinates"":[]}"
20010528,2001-05-28,2.6603720139813536,"{""type"":""MultiPoint"",""coordinates"":[]}"
20010529,2001-05-29,2.5383652437513136,"{""type"":""MultiPoint"",""coordinates"":[]}"
20010530,2001-05-30,0.0,"{""type"":""MultiPoint"",""coordinates"":[]}"
20010531,2001-05-31,0.0,"{""type"":""MultiPoint"",""coordinates"":[]}"
20010601,2001-06-01,0.23317600764971827,"{""type"":""MultiPoint"",""coordinates"":[]}"
20010602,2001-06-02,1.8662812461629064,"{""type"":""MultiPoint"",""coordinates"":[]}"
20010603,2001-06-03,6.0789577661775684,"{""type"":""MultiPoint"",""coordinates"":[]}"
20010604,2001-06-04,10.475936449956986,"{""type"":""MultiPoint"",""coordinates"":[]}"
20010605,2001-06-05,3.246366224987292,"{""type"":""MultiPoint"",""coordinates"":[]}"
20010606,2001-06-06,1.9316714799209982,"{""type"":""MultiPoint"",""coordinates"":[]}"
20010607,2001-06-07,9.333963010191356,"{""type"":""MultiPoint"",""coordinates"":[]}"
20010608,2001-06-08,1.6702606218391718,"{""type"":""MultiPoint"",""coordinates"":[]}"
20010609,2001-06-09,2.7490017347738567,"{""type"":""MultiPoint"",""coordinates"":[]}"
20010610,2001-06-10,7.982910621724383,"{""type"":""MultiPoint"",""coordinates"":[]}"
20010611,2001-06-11,12.667778925035359,"{""type"":""MultiPoint"",""coordinates"":[]}"
20010612,2001-06-12,8.286351994774106,"{""type"":""MultiPoint"",""coordinates"":[]}"
20010613,2001-06-13,13.931894717293222,"{""type"":""MultiPoint"",""coordinates"":[]}"
20010614,2001-06-14,4.766744012770621,"{""type"":""MultiPoint"",""coordinates"":[]}"
20010615,2001-06-15,1.9979230246701185,"{""type"":""MultiPoint"",""coordinates"":[]}"
20010616,2001-06-16,0.5851151442583439,"{""type"":""MultiPoint"",""coordinates"":[]}"
20010617,2001-06-17,0.0,"{""type"":""MultiPoint"",""coordinates"":[]}"
20010618,2001-06-18,0.0802852867831876,"{""type"":""MultiPoint"",""coordinates"":[]}"
20010619,2001-06-19,1.4695753045566275,"{""type"":""MultiPoint"",""coordinates"":[]}"
20010620,2001-06-20,1.0955323001230541,"{""type"":""MultiPoint"",""coordinates"":[]}"
20010621,2001-06-21,0.09668671539349478,"{""type"":""MultiPoint"",""coordinates"":[]}"
20010622,2001-06-22,0.0,"{""type"":""MultiPoint"",""coordinates"":[]}"
20010623,2001-06-23,0.0,"{""type"":""MultiPoint"",""coordinates"":[]}"
20010624,2001-06-24,0.01154364061288136,"{""type"":""MultiPoint"",""coordinates"":[]}"
20010625,2001-06-25,0.0,"{""type"":""MultiPoint"",""coordinates"":[]}"
20010626,2001-06-26,0.0,"{""type"":""MultiPoint"",""coordinates"":[]}"
20010627,2001-06-27,0.33934742192855305,"{""type"":""MultiPoint"",""coordinates"":[]}"
20010628,2001-06-28,0.06874588366963691,"{""type"":""MultiPoint"",""coordinates"":[]}"
20010629,2001-06-29,0.07812023489890713,"{""type"":""MultiPoint"",""coordinates"":[]}"
20010630,2001-06-30,0.6513033201153928,"{""type"":""MultiPoint"",""coordinates"":[]}"
20010701,2001-07-01,0.0,"{""type"":""MultiPoint"",""coordinates"":[]}"
20010702,2001-07-02,0.0,"{""type"":""MultiPoint"",""coordinates"":[]}"
20010703,2001-07-03,0.0,"{""type"":""MultiPoint"",""coordinates"":[]}"
20010704,2001-07-04,0.027525640127197274,"{""type"":""MultiPoint"",""coordinates"":[]}"
20010705,2001-07-05,3.686874400752409,"{""type"":""MultiPoint"",""coordinates"":[]}"
20010706,2001-07-06,1.3158209159562257,"{""type"":""MultiPoint"",""coordinates"":[]}"
20010707,2001-07-07,0.7771854213918649,"{""type"":""MultiPoint"",""coordinates"":[]}"
20010708,2001-07-08,0.34282184062349397,"{""type"":""MultiPoint"",""coordinates"":[]}"
20010709,2001-07-09,1.902083303963055,"{""type"":""MultiPoint"",""coordinates"":[]}"
20010710,2001-07-10,0.0,"{""type"":""MultiPoint"",""coordinates"":[]}"
20010711,2001-07-11,4.564445574395448,"{""type"":""MultiPoint"",""coordinates"":[]}"
20010712,2001-07-12,0.8249482587623489,"{""type"":""MultiPoint"",""coordinates"":[]}"
20010713,2001-07-13,1.0688015286097179,"{""type"":""MultiPoint"",""coordinates"":[]}"
20010714,2001-07-14,0.7271079552881818,"{""type"":""MultiPoint"",""coordinates"":[]}"
20010715,2001-07-15,0.42682290526130773,"{""type"":""MultiPoint"",""coordinates"":[]}"
20010716,2001-07-16,14.841560593779635,"{""type"":""MultiPoint"",""coordinates"":[]}"
20010717,2001-07-17,1.1169969123704078,"{""type"":""MultiPoint"",""coordinates"":[]}"
20010718,2001-07-18,0.0,"{""type"":""MultiPoint"",""coordinates"":[]}"
20010719,2001-07-19,0.06932112535247927,"{""type"":""MultiPoint"",""coordinates"":[]}"
20010720,2001-07-20,0.3668633473578483,"{""type"":""MultiPoint"",""coordinates"":[]}"
20010721,2001-07-21,0.4095284525133249,"{""type"":""MultiPoint"",""coordinates"":[]}"
20010722,2001-07-22,0.29422699183664613,"{""type"":""MultiPoint"",""coordinates"":[]}"
20010723,2001-07-23,6.7248524218255685,"{""type"":""MultiPoint"",""coordinates"":[]}"
20010724,2001-07-24,0.5997784219819872,"{""type"":""MultiPoint"",""coordinates"":[]}"
20010725,2001-07-25,0.37164253657491075,"{""type"":""MultiPoint"",""coordinates"":[]}"
20010726,2001-07-26,13.708511404320381,"{""type"":""MultiPoint"",""coordinates"":[]}"
20010727,2001-07-27,5.816187671060491,"{""type"":""MultiPoint"",""coordinates"":[]}"
20010728,2001-07-28,9.38653058761649,"{""type"":""MultiPoint"",""coordinates"":[]}"
20010729,2001-07-29,2.6990957683648094,"{""type"":""MultiPoint"",""coordinates"":[]}"
20010730,2001-07-30,1.0424609629251531,"{""type"":""MultiPoint"",""coordinates"":[]}"
20010731,2001-07-31,5.938978729765891,"{""type"":""MultiPoint"",""coordinates"":[]}"
20010801,2001-08-01,14.967284062349854,"{""type"":""MultiPoint"",""coordinates"":[]}"
20010802,2001-08-02,14.606253402390486,"{""type"":""MultiPoint"",""coordinates"":[]}"
20010803,2001-08-03,26.89242392887819,"{""type"":""MultiPoint"",""coordinates"":[]}"
20010804,2001-08-04,1.7534122244719588,"{""type"":""MultiPoint"",""coordinates"":[]}"
20010805,2001-08-05,0.5068801336486635,"{""type"":""MultiPoint"",""coordinates"":[]}"
20010806,2001-08-06,0.8379708531594765,"{""type"":""MultiPoint"",""coordinates"":[]}"
20010807,2001-08-07,0.5023112554887262,"{""type"":""MultiPoint"",""coordinates"":[]}"
20010808,2001-08-08,1.454202881333374,"{""type"":""MultiPoint"",""coordinates"":[]}"
20010809,2001-08-09,1.4737556790161626,"{""type"":""MultiPoint"",""coordinates"":[]}"
20010810,2001-08-10,12.531408177614045,"{""type"":""MultiPoint"",""coordinates"":[]}"
20010811,2001-08-11,8.17695180147498,"{""type"":""MultiPoint"",""coordinates"":[]}"
20010812,2001-08-12,0.9203567724268692,"{""type"":""MultiPoint"",""coordinates"":[]}"
20010813,2001-08-13,9.338943213853883,"{""type"":""MultiPoint"",""coordinates"":[]}"
20010814,2001-08-14,6.7579459095230145,"{""type"":""MultiPoint"",""coordinates"":[]}"
20010815,2001-08-15,1.4294974262736297,"{""type"":""MultiPoint"",""coordinates"":[]}"
20010816,2001-08-16,0.007217724998809453,"{""type"":""MultiPoint"",""coordinates"":[]}"
20010817,2001-08-17,0.29381830440083395,"{""type"":""MultiPoint"",""coordinates"":[]}"
20010818,2001-08-18,0.1822197647568913,"{""type"":""MultiPoint"",""coordinates"":[]}"
20010819,2001-08-19,1.4100655143757457,"{""type"":""MultiPoint"",""coordinates"":[]}"
20010820,2001-08-20,1.902448124566365,"{""type"":""MultiPoint"",""coordinates"":[]}"
20010821,2001-08-21,0.0,"{""type"":""MultiPoint"",""coordinates"":[]}"
20010822,2001-08-22,0.0,"{""type"":""MultiPoint"",""coordinates"":[]}"
20010823,2001-08-23,0.0,"{""type"":""MultiPoint"",""coordinates"":[]}"
20010824,2001-08-24,0.0,"{""type"":""MultiPoint"",""coordinates"":[]}"
20010825,2001-08-25,0.0,"{""type"":""MultiPoint"",""coordinates"":[]}"
20010826,2001-08-26,5.184663440250099,"{""type"":""MultiPoint"",""coordinates"":[]}"
20010827,2001-08-27,0.19649336309296644,"{""type"":""MultiPoint"",""coordinates"":[]}"
20010828,2001-08-28,0.037126812028507344,"{""type"":""MultiPoint"",""coordinates"":[]}"
20010829,2001-08-29,0.0,"{""type"":""MultiPoint"",""coordinates"":[]}"
20010830,2001-08-30,0.20322291093217743,"{""type"":""MultiPoint"",""coordinates"":[]}"
20010831,2001-08-31,0.0,"{""type"":""MultiPoint"",""coordinates"":[]}"
20010901,2001-09-01,0.0,"{""type"":""MultiPoint"",""coordinates"":[]}"
20010902,2001-09-02,0.0,"{""type"":""MultiPoint"",""coordinates"":[]}"
20010903,2001-09-03,0.033254306160026226,"{""type"":""MultiPoint"",""coordinates"":[]}"
20010904,2001-09-04,3.551876220556412,"{""type"":""MultiPoint"",""coordinates"":[]}"
20010905,2001-09-05,1.0315425187486535,"{""type"":""MultiPoint"",""coordinates"":[]}"
20010906,2001-09-06,0.015317228997797304,"{""type"":""MultiPoint"",""coordinates"":[]}"
20010907,2001-09-07,0.0020692516696884143,"{""type"":""MultiPoint"",""coordinates"":[]}"
20010908,2001-09-08,5.025573549187312,"{""type"":""MultiPoint"",""coordinates"":[]}"
20010909,2001-09-09,5.93333022452468,"{""type"":""MultiPoint"",""coordinates"":[]}"
20010910,2001-09-10,0.9156128001068333,"{""type"":""MultiPoint"",""coordinates"":[]}"
20010911,2001-09-11,8.070274722690218,"{""type"":""MultiPoint"",""coordinates"":[]}"
20010912,2001-09-12,4.025894180221193,"{""type"":""MultiPoint"",""coordinates"":[]}"
20010913,2001-09-13,2.838910041904933,"{""type"":""MultiPoint"",""coordinates"":[]}"
20010914,2001-09-14,7.11640958509663,"{""type"":""MultiPoint"",""coordinates"":[]}"
20010915,2001-09-15,2.48126657560525,"{""type"":""MultiPoint"",""coordinates"":[]}"
20010916,2001-09-16,11.756017720430192,"{""type"":""MultiPoint"",""coordinates"":[]}"
20010917,2001-09-17,3.353429072480457,"{""type"":""MultiPoint"",""coordinates"":[]}"
20010918,2001-09-18,7.557536914569416,"{""type"":""MultiPoint"",""coordinates"":[]}"
20010919,2001-09-19,4.601662305773477,"{""type"":""MultiPoint"",""coordinates"":[]}"
20010920,2001-09-20,13.086023068059381,"{""type"":""MultiPoint"",""coordinates"":[]}"
20010921,2001-09-21,5.886081239908571,"{""type"":""MultiPoint"",""coordinates"":[]}"
20010922,2001-09-22,14.668849018435504,"{""type"":""MultiPoint"",""coordinates"":[]}"
20010923,2001-09-23,0.15447672941050014,"{""type"":""MultiPoint"",""coordinates"":[]}"
20010924,2001-09-24,11.692194338369944,"{""type"":""MultiPoint"",""coordinates"":[]}"
20010925,2001-09-25,28.575127774265393,"{""type"":""MultiPoint"",""coordinates"":[]}"
20010926,2001-09-26,8.425894473182696,"{""type"":""MultiPoint"",""coordinates"":[]}"
20010927,2001-09-27,14.746558871015424,"{""type"":""MultiPoint"",""coordinates"":[]}"
20010928,2001-09-28,8.931218884073987,"{""type"":""MultiPoint"",""coordinates"":[]}"
20010929,2001-09-29,17.84198994762046,"{""type"":""MultiPoint"",""coordinates"":[]}"
20010930,2001-09-30,7.726909655108226,"{""type"":""MultiPoint"",""coordinates"":[]}"
20011001,2001-10-01,2.100047205633239,"{""type"":""MultiPoint"",""coordinates"":[]}"
20011002,2001-10-02,1.7291431409294944,"{""type"":""MultiPoint"",""coordinates"":[]}"
20011003,2001-10-03,3.9331975007152593,"{""type"":""MultiPoint"",""coordinates"":[]}"
20011004,2001-10-04,3.6482886699724286,"{""type"":""MultiPoint"",""coordinates"":[]}"
20011005,2001-10-05,16.485584185032238,"{""type"":""MultiPoint"",""coordinates"":[]}"
20011006,2001-10-06,37.805575809441706,"{""type"":""MultiPoint"",""coordinates"":[]}"
20011007,2001-10-07,24.031568291259305,"{""type"":""MultiPoint"",""coordinates"":[]}"
20011008,2001-10-08,7.563099569085424,"{""type"":""MultiPoint"",""coordinates"":[]}"
20011009,2001-10-09,6.785604113032344,"{""type"":""MultiPoint"",""coordinates"":[]}"
20011010,2001-10-10,6.251739310501864,"{""type"":""MultiPoint"",""coordinates"":[]}"
20011011,2001-10-11,6.785276542567054,"{""type"":""MultiPoint"",""coordinates"":[]}"
20011012,2001-10-12,3.8259544708492244,"{""type"":""MultiPoint"",""coordinates"":[]}"
20011013,2001-10-13,7.62823805997084,"{""type"":""MultiPoint"",""coordinates"":[]}"
20011014,2001-10-14,5.030709292828069,"{""type"":""MultiPoint"",""coordinates"":[]}"
20011015,2001-10-15,10.319172662704903,"{""type"":""MultiPoint"",""coordinates"":[]}"
20011016,2001-10-16,40.64491082509451,"{""type"":""MultiPoint"",""coordinates"":[]}"
20011017,2001-10-17,2.6251208014501617,"{""type"":""MultiPoint"",""coordinates"":[]}"
20011018,2001-10-18,0.0,"{""type"":""MultiPoint"",""coordinates"":[]}"
20011019,2001-10-19,3.3327141048009015,"{""type"":""MultiPoint"",""coordinates"":[]}"
20011020,2001-10-20,0.00863107603663342,"{""type"":""MultiPoint"",""coordinates"":[]}"
20011021,2001-10-21,0.0,"{""type"":""MultiPoint"",""coordinates"":[]}"
20011022,2001-10-22,0.0,"{""type"":""MultiPoint"",""coordinates"":[]}"
20011023,2001-10-23,0.1301008509765459,"{""type"":""MultiPoint"",""coordinates"":[]}"
20011024,2001-10-24,0.18496539836190984,"{""type"":""MultiPoint"",""coordinates"":[]}"
20011025,2001-10-25,0.0,"{""type"":""MultiPoint"",""coordinates"":[]}"
20011026,2001-10-26,0.0,"{""type"":""MultiPoint"",""coordinates"":[]}"
20011027,2001-10-27,0.0,"{""type"":""MultiPoint"",""coordinates"":[]}"
20011028,2001-10-28,0.0,"{""type"":""MultiPoint"",""coordinates"":[]}"
20011029,2001-10-29,0.0,"{""type"":""MultiPoint"",""coordinates"":[]}"
20011030,2001-10-30,0.0,"{""type"":""MultiPoint"",""coordinates"":[]}"
20011031,2001-10-31,0.0,"{""type"":""MultiPoint"",""coordinates"":[]}"
20011101,2001-11-01,0.0,"{""type"":""MultiPoint"",""coordinates"":[]}"
20011102,2001-11-02,0.3069232673352528,"{""type"":""MultiPoint"",""coordinates"":[]}"
20011103,2001-11-03,0.010297417024687968,"{""type"":""MultiPoint"",""coordinates"":[]}"
20011104,2001-11-04,0.0,"{""type"":""MultiPoint"",""coordinates"":[]}"
20011105,2001-11-05,3.075351371835651,"{""type"":""MultiPoint"",""coordinates"":[]}"
20011106,2001-11-06,0.423297310771145,"{""type"":""MultiPoint"",""coordinates"":[]}"
20011107,2001-11-07,0.7371098193739821,"{""type"":""MultiPoint"",""coordinates"":[]}"
20011108,2001-11-08,0.0,"{""type"":""MultiPoint"",""coordinates"":[]}"
20011109,2001-11-09,0.0,"{""type"":""MultiPoint"",""coordinates"":[]}"
20011110,2001-11-10,0.7608097625071211,"{""type"":""MultiPoint"",""coordinates"":[]}"
20011111,2001-11-11,0.1113679094126388,"{""type"":""MultiPoint"",""coordinates"":[]}"
20011112,2001-11-12,0.0,"{""type"":""MultiPoint"",""coordinates"":[]}"
20011113,2001-11-13,0.0,"{""type"":""MultiPoint"",""coordinates"":[]}"
20011114,2001-11-14,0.0,"{""type"":""MultiPoint"",""coordinates"":[]}"
20011115,2001-11-15,0.13692300237882082,"{""type"":""MultiPoint"",""coordinates"":[]}"
20011116,2001-11-16,0.03481528444039516,"{""type"":""MultiPoint"",""coordinates"":[]}"
20011117,2001-11-17,0.0,"{""type"":""MultiPoint"",""coordinates"":[]}"
20011118,2001-11-18,0.0,"{""type"":""MultiPoint"",""coordinates"":[]}"
20011119,2001-11-19,0.0,"{""type"":""MultiPoint"",""coordinates"":[]}"
20011120,2001-11-20,0.0,"{""type"":""MultiPoint"",""coordinates"":[]}"
20011121,2001-11-21,0.0,"{""type"":""MultiPoint"",""coordinates"":[]}"
20011122,2001-11-22,0.0,"{""type"":""MultiPoint"",""coordinates"":[]}"
20011123,2001-11-23,0.0,"{""type"":""MultiPoint"",""coordinates"":[]}"
20011124,2001-11-24,0.0,"{""type"":""MultiPoint"",""coordinates"":[]}"
20011125,2001-11-25,0.0,"{""type"":""MultiPoint"",""coordinates"":[]}"
20011126,2001-11-26,0.0,"{""type"":""MultiPoint"",""coordinates"":[]}"
20011127,2001-11-27,0.0,"{""type"":""MultiPoint"",""coordinates"":[]}"
20011128,2001-11-28,0.0,"{""type"":""MultiPoint"",""coordinates"":[]}"
20011129,2001-11-29,0.0,"{""type"":""MultiPoint"",""coordinates"":[]}"
20011130,2001-11-30,0.0,"{""type"":""MultiPoint"",""coordinates"":[]}"
20011201,2001-12-01,0.023349663222850033,"{""type"":""MultiPoint"",""coordinates"":[]}"
20011202,2001-12-02,0.0,"{""type"":""MultiPoint"",""coordinates"":[]}"
20011203,2001-12-03,0.0,"{""type"":""MultiPoint"",""coordinates"":[]}"
20011204,2001-12-04,0.0,"{""type"":""MultiPoint"",""coordinates"":[]}"
20011205,2001-12-05,0.0,"{""type"":""MultiPoint"",""coordinates"":[]}"
20011206,2001-12-06,0.0,"{""type"":""MultiPoint"",""coordinates"":[]}"
20011207,2001-12-07,0.0,"{""type"":""MultiPoint"",""coordinates"":[]}"
20011208,2001-12-08,0.0,"{""type"":""MultiPoint"",""coordinates"":[]}"
20011209,2001-12-09,0.0,"{""type"":""MultiPoint"",""coordinates"":[]}"
20011210,2001-12-10,0.0,"{""type"":""MultiPoint"",""coordinates"":[]}"
20011211,2001-12-11,0.0,"{""type"":""MultiPoint"",""coordinates"":[]}"
20011212,2001-12-12,0.0,"{""type"":""MultiPoint"",""coordinates"":[]}"
20011213,2001-12-13,0.0,"{""type"":""MultiPoint"",""coordinates"":[]}"
20011214,2001-12-14,0.0,"{""type"":""MultiPoint"",""coordinates"":[]}"
20011215,2001-12-15,0.0,"{""type"":""MultiPoint"",""coordinates"":[]}"
20011216,2001-12-16,0.0,"{""type"":""MultiPoint"",""coordinates"":[]}"
20011217,2001-12-17,0.0,"{""type"":""MultiPoint"",""coordinates"":[]}"
20011218,2001-12-18,0.07910246564179131,"{""type"":""MultiPoint"",""coordinates"":[]}"
20011219,2001-12-19,0.4678267395344058,"{""type"":""MultiPoint"",""coordinates"":[]}"
20011220,2001-12-20,0.564254139092287,"{""type"":""MultiPoint"",""coordinates"":[]}"
20011221,2001-12-21,0.12896067407794576,"{""type"":""MultiPoint"",""coordinates"":[]}"
20011222,2001-12-22,0.0,"{""type"":""MultiPoint"",""coordinates"":[]}"
20011223,2001-12-23,0.12258645405948088,"{""type"":""MultiPoint"",""coordinates"":[]}"
20011224,2001-12-24,0.06267132826330939,"{""type"":""MultiPoint"",""coordinates"":[]}"
20011225,2001-12-25,0.0,"{""type"":""MultiPoint"",""coordinates"":[]}"
20011226,2001-12-26,0.0,"{""type"":""MultiPoint"",""coordinates"":[]}"
20011227,2001-12-27,5.4847408002596306E-5,"{""type"":""MultiPoint"",""coordinates"":[]}"
20011228,2001-12-28,0.0,"{""type"":""MultiPoint"",""coordinates"":[]}"
20011229,2001-12-29,0.050942912069009506,"{""type"":""MultiPoint"",""coordinates"":[]}"
20011230,2001-12-30,0.01467770825520499,"{""type"":""MultiPoint"",""coordinates"":[]}"
20011231,2001-12-31,0.0,"{""type"":""MultiPoint"",""coordinates"":[]}"
20020101,2002-01-01,0.0,"{""type"":""MultiPoint"",""coordinates"":[]}"
20020102,2002-01-02,0.0,"{""type"":""MultiPoint"",""coordinates"":[]}"
20020103,2002-01-03,0.0,"{""type"":""MultiPoint"",""coordinates"":[]}"
20020104,2002-01-04,0.0,"{""type"":""MultiPoint"",""coordinates"":[]}"
20020105,2002-01-05,0.05926745630047466,"{""type"":""MultiPoint"",""coordinates"":[]}"
20020106,2002-01-06,0.13600331381039352,"{""type"":""MultiPoint"",""coordinates"":[]}"
20020107,2002-01-07,0.0865457419674131,"{""type"":""MultiPoint"",""coordinates"":[]}"
20020108,2002-01-08,0.0,"{""type"":""MultiPoint"",""coordinates"":[]}"
20020109,2002-01-09,0.0,"{""type"":""MultiPoint"",""coordinates"":[]}"
20020110,2002-01-10,0.0,"{""type"":""MultiPoint"",""coordinates"":[]}"
20020111,2002-01-11,0.0,"{""type"":""MultiPoint"",""coordinates"":[]}"
20020112,2002-01-12,0.0,"{""type"":""MultiPoint"",""coordinates"":[]}"
20020113,2002-01-13,0.0,"{""type"":""MultiPoint"",""coordinates"":[]}"
20020114,2002-01-14,0.0,"{""type"":""MultiPoint"",""coordinates"":[]}"
20020115,2002-01-15,0.0,"{""type"":""MultiPoint"",""coordinates"":[]}"
20020116,2002-01-16,0.0,"{""type"":""MultiPoint"",""coordinates"":[]}"
20020117,2002-01-17,0.0,"{""type"":""MultiPoint"",""coordinates"":[]}"
20020118,2002-01-18,0.0,"{""type"":""MultiPoint"",""coordinates"":[]}"
20020119,2002-01-19,0.0,"{""type"":""MultiPoint"",""coordinates"":[]}"
20020120,2002-01-20,0.0,"{""type"":""MultiPoint"",""coordinates"":[]}"
20020121,2002-01-21,0.0,"{""type"":""MultiPoint"",""coordinates"":[]}"
20020122,2002-01-22,0.0,"{""type"":""MultiPoint"",""coordinates"":[]}"
20020123,2002-01-23,0.0,"{""type"":""MultiPoint"",""coordinates"":[]}"
20020124,2002-01-24,0.0,"{""type"":""MultiPoint"",""coordinates"":[]}"
20020125,2002-01-25,0.0,"{""type"":""MultiPoint"",""coordinates"":[]}"
20020126,2002-01-26,1.173553500586985E-4,"{""type"":""MultiPoint"",""coordinates"":[]}"
20020127,2002-01-27,0.0,"{""type"":""MultiPoint"",""coordinates"":[]}"
20020128,2002-01-28,0.0,"{""type"":""MultiPoint"",""coordinates"":[]}"
20020129,2002-01-29,0.0,"{""type"":""MultiPoint"",""coordinates"":[]}"
20020130,2002-01-30,0.0,"{""type"":""MultiPoint"",""coordinates"":[]}"
20020131,2002-01-31,0.0,"{""type"":""MultiPoint"",""coordinates"":[]}"
20020201,2002-02-01,1.213705944847994,"{""type"":""MultiPoint"",""coordinates"":[]}"
20020202,2002-02-02,0.16796669938067776,"{""type"":""MultiPoint"",""coordinates"":[]}"
20020203,2002-02-03,0.0,"{""type"":""MultiPoint"",""coordinates"":[]}"
20020204,2002-02-04,0.0,"{""type"":""MultiPoint"",""coordinates"":[]}"
20020205,2002-02-05,0.0,"{""type"":""MultiPoint"",""coordinates"":[]}"
20020206,2002-02-06,0.0,"{""type"":""MultiPoint"",""coordinates"":[]}"
20020207,2002-02-07,0.0,"{""type"":""MultiPoint"",""coordinates"":[]}"
20020208,2002-02-08,0.0,"{""type"":""MultiPoint"",""coordinates"":[]}"
20020209,2002-02-09,0.2581177351238615,"{""type"":""MultiPoint"",""coordinates"":[]}"
20020210,2002-02-10,0.0,"{""type"":""MultiPoint"",""coordinates"":[]}"
20020211,2002-02-11,0.00974239610115891,"{""type"":""MultiPoint"",""coordinates"":[]}"
20020212,2002-02-12,0.0049745877687528955,"{""type"":""MultiPoint"",""coordinates"":[]}"
20020213,2002-02-13,0.0,"{""type"":""MultiPoint"",""coordinates"":[]}"
20020214,2002-02-14,0.0,"{""type"":""MultiPoint"",""coordinates"":[]}"
20020215,2002-02-15,0.0,"{""type"":""MultiPoint"",""coordinates"":[]}"
20020216,2002-02-16,0.0,"{""type"":""MultiPoint"",""coordinates"":[]}"
20020217,2002-02-17,0.0,"{""type"":""MultiPoint"",""coordinates"":[]}"
20020218,2002-02-18,0.0,"{""type"":""MultiPoint"",""coordinates"":[]}"
20020219,2002-02-19,0.0,"{""type"":""MultiPoint"",""coordinates"":[]}"
20020220,2002-02-20,0.0,"{""type"":""MultiPoint"",""coordinates"":[]}"
20020221,2002-02-21,0.0,"{""type"":""MultiPoint"",""coordinates"":[]}"
20020222,2002-02-22,0.0,"{""type"":""MultiPoint"",""coordinates"":[]}"
20020223,2002-02-23,0.0,"{""type"":""MultiPoint"",""coordinates"":[]}"
20020224,2002-02-24,0.0,"{""type"":""MultiPoint"",""coordinates"":[]}"
20020225,2002-02-25,0.0,"{""type"":""MultiPoint"",""coordinates"":[]}"
20020226,2002-02-26,0.0,"{""type"":""MultiPoint"",""coordinates"":[]}"
20020227,2002-02-27,0.0,"{""type"":""MultiPoint"",""coordinates"":[]}"
20020228,2002-02-28,0.0,"{""type"":""MultiPoint"",""coordinates"":[]}"
20020301,2002-03-01,0.0,"{""type"":""MultiPoint"",""coordinates"":[]}"
20020302,2002-03-02,0.0,"{""type"":""MultiPoint"",""coordinates"":[]}"
20020303,2002-03-03,0.0,"{""type"":""MultiPoint"",""coordinates"":[]}"
20020304,2002-03-04,0.0,"{""type"":""MultiPoint"",""coordinates"":[]}"
20020305,2002-03-05,0.0,"{""type"":""MultiPoint"",""coordinates"":[]}"
20020306,2002-03-06,0.0,"{""type"":""MultiPoint"",""coordinates"":[]}"
20020307,2002-03-07,0.0,"{""type"":""MultiPoint"",""coordinates"":[]}"
20020308,2002-03-08,0.0,"{""type"":""MultiPoint"",""coordinates"":[]}"
20020309,2002-03-09,0.0,"{""type"":""MultiPoint"",""coordinates"":[]}"
20020310,2002-03-10,0.0,"{""type"":""MultiPoint"",""coordinates"":[]}"
20020311,2002-03-11,0.0,"{""type"":""MultiPoint"",""coordinates"":[]}"
20020312,2002-03-12,0.0,"{""type"":""MultiPoint"",""coordinates"":[]}"
20020313,2002-03-13,0.0,"{""type"":""MultiPoint"",""coordinates"":[]}"
20020314,2002-03-14,0.0,"{""type"":""MultiPoint"",""coordinates"":[]}"
20020315,2002-03-15,0.0,"{""type"":""MultiPoint"",""coordinates"":[]}"
20020316,2002-03-16,0.0,"{""type"":""MultiPoint"",""coordinates"":[]}"
20020317,2002-03-17,0.0,"{""type"":""MultiPoint"",""coordinates"":[]}"
20020318,2002-03-18,0.0,"{""type"":""MultiPoint"",""coordinates"":[]}"
20020319,2002-03-19,0.0,"{""type"":""MultiPoint"",""coordinates"":[]}"
20020320,2002-03-20,0.0,"{""type"":""MultiPoint"",""coordinates"":[]}"
20020321,2002-03-21,0.0,"{""type"":""MultiPoint"",""coordinates"":[]}"
20020322,2002-03-22,0.0,"{""type"":""MultiPoint"",""coordinates"":[]}"
20020323,2002-03-23,0.0,"{""type"":""MultiPoint"",""coordinates"":[]}"
20020324,2002-03-24,0.0,"{""type"":""MultiPoint"",""coordinates"":[]}"
20020325,2002-03-25,0.0,"{""type"":""MultiPoint"",""coordinates"":[]}"
20020326,2002-03-26,0.0,"{""type"":""MultiPoint"",""coordinates"":[]}"
20020327,2002-03-27,0.0,"{""type"":""MultiPoint"",""coordinates"":[]}"
20020328,2002-03-28,0.0,"{""type"":""MultiPoint"",""coordinates"":[]}"
20020329,2002-03-29,0.0,"{""type"":""MultiPoint"",""coordinates"":[]}"
20020330,2002-03-30,0.2053300500137025,"{""type"":""MultiPoint"",""coordinates"":[]}"
20020331,2002-03-31,0.3768136683402536,"{""type"":""MultiPoint"",""coordinates"":[]}"
20020401,2002-04-01,0.2081398331136593,"{""type"":""MultiPoint"",""coordinates"":[]}"
20020402,2002-04-02,0.22224231333935887,"{""type"":""MultiPoint"",""coordinates"":[]}"
20020403,2002-04-03,0.0,"{""type"":""MultiPoint"",""coordinates"":[]}"
20020404,2002-04-04,0.3055381292799926,"{""type"":""MultiPoint"",""coordinates"":[]}"
20020405,2002-04-05,1.958414257179256,"{""type"":""MultiPoint"",""coordinates"":[]}"
20020406,2002-04-06,1.1799661654228198E-4,"{""type"":""MultiPoint"",""coordinates"":[]}"
20020407,2002-04-07,0.0,"{""type"":""MultiPoint"",""coordinates"":[]}"
20020408,2002-04-08,0.0,"{""type"":""MultiPoint"",""coordinates"":[]}"
20020409,2002-04-09,0.21834240738794314,"{""type"":""MultiPoint"",""coordinates"":[]}"
20020410,2002-04-10,0.28945724176452864,"{""type"":""MultiPoint"",""coordinates"":[]}"
20020411,2002-04-11,0.003086153233548394,"{""type"":""MultiPoint"",""coordinates"":[]}"
20020412,2002-04-12,0.0,"{""type"":""MultiPoint"",""coordinates"":[]}"
20020413,2002-04-13,0.8851300498444572,"{""type"":""MultiPoint"",""coordinates"":[]}"
20020414,2002-04-14,0.17457024125121168,"{""type"":""MultiPoint"",""coordinates"":[]}"
20020415,2002-04-15,0.17457024125121168,"{""type"":""MultiPoint"",""coordinates"":[]}"
20020416,2002-04-16,0.0,"{""type"":""MultiPoint"",""coordinates"":[]}"
20020417,2002-04-17,0.03483579709691349,"{""type"":""MultiPoint"",""coordinates"":[]}"
20020418,2002-04-18,0.0,"{""type"":""MultiPoint"",""coordinates"":[]}"
20020419,2002-04-19,0.0,"{""type"":""MultiPoint"",""coordinates"":[]}"
20020420,2002-04-20,0.0,"{""type"":""MultiPoint"",""coordinates"":[]}"
20020421,2002-04-21,0.03339178152170358,"{""type"":""MultiPoint"",""coordinates"":[]}"
20020422,2002-04-22,0.0,"{""type"":""MultiPoint"",""coordinates"":[]}"
20020423,2002-04-23,0.0,"{""type"":""MultiPoint"",""coordinates"":[]}"
20020424,2002-04-24,0.0,"{""type"":""MultiPoint"",""coordinates"":[]}"
20020425,2002-04-25,0.0,"{""type"":""MultiPoint"",""coordinates"":[]}"
20020426,2002-04-26,0.0,"{""type"":""MultiPoint"",""coordinates"":[]}"
20020427,2002-04-27,0.0,"{""type"":""MultiPoint"",""coordinates"":[]}"
20020428,2002-04-28,0.0,"{""type"":""MultiPoint"",""coordinates"":[]}"
20020429,2002-04-29,0.0,"{""type"":""MultiPoint"",""coordinates"":[]}"
20020430,2002-04-30,0.12740463199254567,"{""type"":""MultiPoint"",""coordinates"":[]}"
20020501,2002-05-01,0.0,"{""type"":""MultiPoint"",""coordinates"":[]}"
20020502,2002-05-02,0.03729310812315963,"{""type"":""MultiPoint"",""coordinates"":[]}"
20020503,2002-05-03,6.274561872832944,"{""type"":""MultiPoint"",""coordinates"":[]}"
20020504,2002-05-04,2.7499414757565055,"{""type"":""MultiPoint"",""coordinates"":[]}"
20020505,2002-05-05,0.11707570026159293,"{""type"":""MultiPoint"",""coordinates"":[]}"
20020506,2002-05-06,0.1566324591272056,"{""type"":""MultiPoint"",""coordinates"":[]}"
20020507,2002-05-07,9.006859696400381,"{""type"":""MultiPoint"",""coordinates"":[]}"
20020508,2002-05-08,3.9173485852400254,"{""type"":""MultiPoint"",""coordinates"":[]}"
20020509,2002-05-09,2.0059056754402333,"{""type"":""MultiPoint"",""coordinates"":[]}"
20020510,2002-05-10,4.223852221686246,"{""type"":""MultiPoint"",""coordinates"":[]}"
20020511,2002-05-11,0.0010130123597148774,"{""type"":""MultiPoint"",""coordinates"":[]}"
20020512,2002-05-12,0.0,"{""type"":""MultiPoint"",""coordinates"":[]}"
20020513,2002-05-13,0.0,"{""type"":""MultiPoint"",""coordinates"":[]}"
20020514,2002-05-14,4.7664897701551325,"{""type"":""MultiPoint"",""coordinates"":[]}"
20020515,2002-05-15,11.991312955821433,"{""type"":""MultiPoint"",""coordinates"":[]}"
20020516,2002-05-16,13.480481965611682,"{""type"":""MultiPoint"",""coordinates"":[]}"
20020517,2002-05-17,7.821736746438514,"{""type"":""MultiPoint"",""coordinates"":[]}"
20020518,2002-05-18,0.8000386871946891,"{""type"":""MultiPoint"",""coordinates"":[]}"
20020519,2002-05-19,0.0,"{""type"":""MultiPoint"",""coordinates"":[]}"
20020520,2002-05-20,0.0,"{""type"":""MultiPoint"",""coordinates"":[]}"
20020521,2002-05-21,0.0,"{""type"":""MultiPoint"",""coordinates"":[]}"
20020522,2002-05-22,0.0,"{""type"":""MultiPoint"",""coordinates"":[]}"
20020523,2002-05-23,0.0,"{""type"":""MultiPoint"",""coordinates"":[]}"
20020524,2002-05-24,0.004188752241364306,"{""type"":""MultiPoint"",""coordinates"":[]}"
20020525,2002-05-25,10.028135792737153,"{""type"":""MultiPoint"",""coordinates"":[]}"
20020526,2002-05-26,0.36933033839014057,"{""type"":""MultiPoint"",""coordinates"":[]}"
20020527,2002-05-27,1.7901619867279206,"{""type"":""MultiPoint"",""coordinates"":[]}"
20020528,2002-05-28,0.005732700163597517,"{""type"":""MultiPoint"",""coordinates"":[]}"
20020529,2002-05-29,7.21068492802125,"{""type"":""MultiPoint"",""coordinates"":[]}"
20020530,2002-05-30,15.839127368296305,"{""type"":""MultiPoint"",""coordinates"":[]}"
20020531,2002-05-31,0.0,"{""type"":""MultiPoint"",""coordinates"":[]}"
20020601,2002-06-01,6.382153482688034,"{""type"":""MultiPoint"",""coordinates"":[]}"
20020602,2002-06-02,3.9526188117391685,"{""type"":""MultiPoint"",""coordinates"":[]}"
20020603,2002-06-03,0.0,"{""type"":""MultiPoint"",""coordinates"":[]}"
20020604,2002-06-04,0.7085879155841865,"{""type"":""MultiPoint"",""coordinates"":[]}"
20020605,2002-06-05,5.610584622598546,"{""type"":""MultiPoint"",""coordinates"":[]}"
20020606,2002-06-06,6.51250390024261,"{""type"":""MultiPoint"",""coordinates"":[]}"
20020607,2002-06-07,6.60344187747751,"{""type"":""MultiPoint"",""coordinates"":[]}"
20020608,2002-06-08,3.1886245000806563,"{""type"":""MultiPoint"",""coordinates"":[]}"
20020609,2002-06-09,1.6550606181682161,"{""type"":""MultiPoint"",""coordinates"":[]}"
20020610,2002-06-10,8.088226750100635,"{""type"":""MultiPoint"",""coordinates"":[]}"
20020611,2002-06-11,6.223553184298447,"{""type"":""MultiPoint"",""coordinates"":[]}"
20020612,2002-06-12,4.209808929540722,"{""type"":""MultiPoint"",""coordinates"":[]}"
20020613,2002-06-13,16.104353437010605,"{""type"":""MultiPoint"",""coordinates"":[]}"
20020614,2002-06-14,1.7700653956963242,"{""type"":""MultiPoint"",""coordinates"":[]}"
20020615,2002-06-15,3.2156202423600577,"{""type"":""MultiPoint"",""coordinates"":[]}"
20020616,2002-06-16,1.948160276156634,"{""type"":""MultiPoint"",""coordinates"":[]}"
20020617,2002-06-17,1.487622209369107,"{""type"":""MultiPoint"",""coordinates"":[]}"
20020618,2002-06-18,7.01096556363887,"{""type"":""MultiPoint"",""coordinates"":[]}"
20020619,2002-06-19,8.034263020104719,"{""type"":""MultiPoint"",""coordinates"":[]}"
20020620,2002-06-20,8.633790969234976,"{""type"":""MultiPoint"",""coordinates"":[]}"
20020621,2002-06-21,5.0932598720549285,"{""type"":""MultiPoint"",""coordinates"":[]}"
20020622,2002-06-22,2.8738877488340924,"{""type"":""MultiPoint"",""coordinates"":[]}"
20020623,2002-06-23,4.084608863754145,"{""type"":""MultiPoint"",""coordinates"":[]}"
20020624,2002-06-24,10.144944543347073,"{""type"":""MultiPoint"",""coordinates"":[]}"
20020625,2002-06-25,0.6101163695881611,"{""type"":""MultiPoint"",""coordinates"":[]}"
20020626,2002-06-26,0.7618147103208058,"{""type"":""MultiPoint"",""coordinates"":[]}"
20020627,2002-06-27,0.0,"{""type"":""MultiPoint"",""coordinates"":[]}"
20020628,2002-06-28,0.0,"{""type"":""MultiPoint"",""coordinates"":[]}"
20020629,2002-06-29,0.0,"{""type"":""MultiPoint"",""coordinates"":[]}"
20020630,2002-06-30,0.0,"{""type"":""MultiPoint"",""coordinates"":[]}"
20020701,2002-07-01,0.2335282917163676,"{""type"":""MultiPoint"",""coordinates"":[]}"
20020702,2002-07-02,0.0,"{""type"":""MultiPoint"",""coordinates"":[]}"
20020703,2002-07-03,0.049379821958511226,"{""type"":""MultiPoint"",""coordinates"":[]}"
20020704,2002-07-04,2.0876600703924155,"{""type"":""MultiPoint"",""coordinates"":[]}"
20020705,2002-07-05,0.030579826088544534,"{""type"":""MultiPoint"",""coordinates"":[]}"
20020706,2002-07-06,0.0,"{""type"":""MultiPoint"",""coordinates"":[]}"
20020707,2002-07-07,0.0,"{""type"":""MultiPoint"",""coordinates"":[]}"
20020708,2002-07-08,0.0,"{""type"":""MultiPoint"",""coordinates"":[]}"
20020709,2002-07-09,0.0,"{""type"":""MultiPoint"",""coordinates"":[]}"
20020710,2002-07-10,0.0,"{""type"":""MultiPoint"",""coordinates"":[]}"
20020711,2002-07-11,0.792824329475555,"{""type"":""MultiPoint"",""coordinates"":[]}"
20020712,2002-07-12,0.0,"{""type"":""MultiPoint"",""coordinates"":[]}"
20020713,2002-07-13,0.0,"{""type"":""MultiPoint"",""coordinates"":[]}"
20020714,2002-07-14,0.0,"{""type"":""MultiPoint"",""coordinates"":[]}"
20020715,2002-07-15,0.7359389296879583,"{""type"":""MultiPoint"",""coordinates"":[]}"
20020716,2002-07-16,3.2801971406800314,"{""type"":""MultiPoint"",""coordinates"":[]}"
20020717,2002-07-17,8.875953487761906,"{""type"":""MultiPoint"",""coordinates"":[]}"
20020718,2002-07-18,0.6022811102379483,"{""type"":""MultiPoint"",""coordinates"":[]}"
20020719,2002-07-19,0.0,"{""type"":""MultiPoint"",""coordinates"":[]}"
20020720,2002-07-20,0.08151328133740712,"{""type"":""MultiPoint"",""coordinates"":[]}"
20020721,2002-07-21,0.06770423263911968,"{""type"":""MultiPoint"",""coordinates"":[]}"
20020722,2002-07-22,0.7689621405623396,"{""type"":""MultiPoint"",""coordinates"":[]}"
20020723,2002-07-23,4.114029627179096,"{""type"":""MultiPoint"",""coordinates"":[]}"
20020724,2002-07-24,6.321908320685702,"{""type"":""MultiPoint"",""coordinates"":[]}"
20020725,2002-07-25,0.0,"{""type"":""MultiPoint"",""coordinates"":[]}"
20020726,2002-07-26,0.0,"{""type"":""MultiPoint"",""coordinates"":[]}"
20020727,2002-07-27,0.0,"{""type"":""MultiPoint"",""coordinates"":[]}"
20020728,2002-07-28,0.1631686548093088,"{""type"":""MultiPoint"",""coordinates"":[]}"
20020729,2002-07-29,1.9637892759000326,"{""type"":""MultiPoint"",""coordinates"":[]}"
20020730,2002-07-30,15.499256184100814,"{""type"":""MultiPoint"",""coordinates"":[]}"
20020731,2002-07-31,8.44549576009598,"{""type"":""MultiPoint"",""coordinates"":[]}"
20020801,2002-08-01,0.1078751745174595,"{""type"":""MultiPoint"",""coordinates"":[]}"
20020802,2002-08-02,6.219124692437715,"{""type"":""MultiPoint"",""coordinates"":[]}"
20020803,2002-08-03,5.754225126005411,"{""type"":""MultiPoint"",""coordinates"":[]}"
20020804,2002-08-04,2.87100109928693,"{""type"":""MultiPoint"",""coordinates"":[]}"
20020805,2002-08-05,4.318502406186469,"{""type"":""MultiPoint"",""coordinates"":[]}"
20020806,2002-08-06,4.6605353620567955,"{""type"":""MultiPoint"",""coordinates"":[]}"
20020807,2002-08-07,7.057769311923521,"{""type"":""MultiPoint"",""coordinates"":[]}"
20020808,2002-08-08,13.077111788915728,"{""type"":""MultiPoint"",""coordinates"":[]}"
20020809,2002-08-09,16.30557885874455,"{""type"":""MultiPoint"",""coordinates"":[]}"
20020810,2002-08-10,4.110700153969731,"{""type"":""MultiPoint"",""coordinates"":[]}"
20020811,2002-08-11,16.859938761044177,"{""type"":""MultiPoint"",""coordinates"":[]}"
20020812,2002-08-12,5.694692867136013,"{""type"":""MultiPoint"",""coordinates"":[]}"
20020813,2002-08-13,4.268788321536986,"{""type"":""MultiPoint"",""coordinates"":[]}"
20020814,2002-08-14,0.02598257779158494,"{""type"":""MultiPoint"",""coordinates"":[]}"
20020815,2002-08-15,0.0,"{""type"":""MultiPoint"",""coordinates"":[]}"
20020816,2002-08-16,1.861957303493454,"{""type"":""MultiPoint"",""coordinates"":[]}"
20020817,2002-08-17,0.23278499243266293,"{""type"":""MultiPoint"",""coordinates"":[]}"
20020818,2002-08-18,0.0,"{""type"":""MultiPoint"",""coordinates"":[]}"
20020819,2002-08-19,0.0,"{""type"":""MultiPoint"",""coordinates"":[]}"
20020820,2002-08-20,0.0,"{""type"":""MultiPoint"",""coordinates"":[]}"
20020821,2002-08-21,0.03215371623421275,"{""type"":""MultiPoint"",""coordinates"":[]}"
20020822,2002-08-22,0.7679935791543226,"{""type"":""MultiPoint"",""coordinates"":[]}"
20020823,2002-08-23,16.236518326312158,"{""type"":""MultiPoint"",""coordinates"":[]}"
20020824,2002-08-24,3.753304950072424,"{""type"":""MultiPoint"",""coordinates"":[]}"
20020825,2002-08-25,0.0,"{""type"":""MultiPoint"",""coordinates"":[]}"
20020826,2002-08-26,0.0,"{""type"":""MultiPoint"",""coordinates"":[]}"
20020827,2002-08-27,2.7688141357566987,"{""type"":""MultiPoint"",""coordinates"":[]}"
20020828,2002-08-28,2.0689982909426874,"{""type"":""MultiPoint"",""coordinates"":[]}"
20020829,2002-08-29,3.9623155959426755,"{""type"":""MultiPoint"",""coordinates"":[]}"
20020830,2002-08-30,0.7992862765804604,"{""type"":""MultiPoint"",""coordinates"":[]}"
20020831,2002-08-31,14.841701401316904,"{""type"":""MultiPoint"",""coordinates"":[]}"
20020901,2002-09-01,2.0811939393743506,"{""type"":""MultiPoint"",""coordinates"":[]}"
20020902,2002-09-02,0.0,"{""type"":""MultiPoint"",""coordinates"":[]}"
20020903,2002-09-03,1.2554811927575515,"{""type"":""MultiPoint"",""coordinates"":[]}"
20020904,2002-09-04,0.022281917964411483,"{""type"":""MultiPoint"",""coordinates"":[]}"
20020905,2002-09-05,2.058578532145532,"{""type"":""MultiPoint"",""coordinates"":[]}"
20020906,2002-09-06,2.5722578555018223,"{""type"":""MultiPoint"",""coordinates"":[]}"
20020907,2002-09-07,1.0761036450776271,"{""type"":""MultiPoint"",""coordinates"":[]}"
20020908,2002-09-08,0.012742708678226468,"{""type"":""MultiPoint"",""coordinates"":[]}"
20020909,2002-09-09,0.0,"{""type"":""MultiPoint"",""coordinates"":[]}"
20020910,2002-09-10,0.35318998380944,"{""type"":""MultiPoint"",""coordinates"":[]}"
20020911,2002-09-11,0.4433546292111105,"{""type"":""MultiPoint"",""coordinates"":[]}"
20020912,2002-09-12,0.0,"{""type"":""MultiPoint"",""coordinates"":[]}"
20020913,2002-09-13,0.06211268858494291,"{""type"":""MultiPoint"",""coordinates"":[]}"
20020914,2002-09-14,1.0080577407163591,"{""type"":""MultiPoint"",""coordinates"":[]}"
20020915,2002-09-15,9.015202604348458,"{""type"":""MultiPoint"",""coordinates"":[]}"
20020916,2002-09-16,10.488038045752965,"{""type"":""MultiPoint"",""coordinates"":[]}"
20020917,2002-09-17,8.750153408916912,"{""type"":""MultiPoint"",""coordinates"":[]}"
20020918,2002-09-18,7.533573097877546,"{""type"":""MultiPoint"",""coordinates"":[]}"
20020919,2002-09-19,3.591547998812929,"{""type"":""MultiPoint"",""coordinates"":[]}"
20020920,2002-09-20,5.021241548596349,"{""type"":""MultiPoint"",""coordinates"":[]}"
20020921,2002-09-21,1.3264167991269225,"{""type"":""MultiPoint"",""coordinates"":[]}"
20020922,2002-09-22,0.27079154739644473,"{""type"":""MultiPoint"",""coordinates"":[]}"
20020923,2002-09-23,0.058052259214505804,"{""type"":""MultiPoint"",""coordinates"":[]}"
20020924,2002-09-24,0.10088706737781367,"{""type"":""MultiPoint"",""coordinates"":[]}"
20020925,2002-09-25,0.25163907412621866,"{""type"":""MultiPoint"",""coordinates"":[]}"
20020926,2002-09-26,0.11321856514079963,"{""type"":""MultiPoint"",""coordinates"":[]}"
20020927,2002-09-27,2.0076442648921504,"{""type"":""MultiPoint"",""coordinates"":[]}"
20020928,2002-09-28,0.007391521668665087,"{""type"":""MultiPoint"",""coordinates"":[]}"
20020929,2002-09-29,0.0,"{""type"":""MultiPoint"",""coordinates"":[]}"
20020930,2002-09-30,0.0,"{""type"":""MultiPoint"",""coordinates"":[]}"
20021001,2002-10-01,0.0,"{""type"":""MultiPoint"",""coordinates"":[]}"
20021002,2002-10-02,0.0,"{""type"":""MultiPoint"",""coordinates"":[]}"
20021003,2002-10-03,0.01097734285391378,"{""type"":""MultiPoint"",""coordinates"":[]}"
20021004,2002-10-04,0.0,"{""type"":""MultiPoint"",""coordinates"":[]}"
20021005,2002-10-05,0.0,"{""type"":""MultiPoint"",""coordinates"":[]}"
20021006,2002-10-06,0.7369569247678458,"{""type"":""MultiPoint"",""coordinates"":[]}"
20021007,2002-10-07,2.3535176333114207,"{""type"":""MultiPoint"",""coordinates"":[]}"
20021008,2002-10-08,3.4468294709651737,"{""type"":""MultiPoint"",""coordinates"":[]}"
20021009,2002-10-09,6.89421564768394,"{""type"":""MultiPoint"",""coordinates"":[]}"
20021010,2002-10-10,4.5956770391712025,"{""type"":""MultiPoint"",""coordinates"":[]}"
20021011,2002-10-11,18.853298789890925,"{""type"":""MultiPoint"",""coordinates"":[]}"
20021012,2002-10-12,17.91918062881289,"{""type"":""MultiPoint"",""coordinates"":[]}"
20021013,2002-10-13,20.641756302417747,"{""type"":""MultiPoint"",""coordinates"":[]}"
20021014,2002-10-14,30.020379175832336,"{""type"":""MultiPoint"",""coordinates"":[]}"
20021015,2002-10-15,21.94393775033219,"{""type"":""MultiPoint"",""coordinates"":[]}"
20021016,2002-10-16,17.48863286363825,"{""type"":""MultiPoint"",""coordinates"":[]}"
20021017,2002-10-17,4.418993613717584,"{""type"":""MultiPoint"",""coordinates"":[]}"
20021018,2002-10-18,1.7830045949286237,"{""type"":""MultiPoint"",""coordinates"":[]}"
20021019,2002-10-19,0.054628397285130616,"{""type"":""MultiPoint"",""coordinates"":[]}"
20021020,2002-10-20,0.0,"{""type"":""MultiPoint"",""coordinates"":[]}"
20021021,2002-10-21,0.01160751693843933,"{""type"":""MultiPoint"",""coordinates"":[]}"
20021022,2002-10-22,0.18662985071783575,"{""type"":""MultiPoint"",""coordinates"":[]}"
20021023,2002-10-23,0.0,"{""type"":""MultiPoint"",""coordinates"":[]}"
20021024,2002-10-24,0.0,"{""type"":""MultiPoint"",""coordinates"":[]}"
20021025,2002-10-25,0.038850938081889684,"{""type"":""MultiPoint"",""coordinates"":[]}"
20021026,2002-10-26,16.122436877415442,"{""type"":""MultiPoint"",""coordinates"":[]}"
20021027,2002-10-27,4.334564651965843,"{""type"":""MultiPoint"",""coordinates"":[]}"
20021028,2002-10-28,0.21739073849112242,"{""type"":""MultiPoint"",""coordinates"":[]}"
20021029,2002-10-29,1.6889750537189399,"{""type"":""MultiPoint"",""coordinates"":[]}"
20021030,2002-10-30,1.2357453629261788,"{""type"":""MultiPoint"",""coordinates"":[]}"
20021031,2002-10-31,0.22448061968593533,"{""type"":""MultiPoint"",""coordinates"":[]}"
20021101,2002-11-01,0.9840005220646834,"{""type"":""MultiPoint"",""coordinates"":[]}"
20021102,2002-11-02,0.17999047048629555,"{""type"":""MultiPoint"",""coordinates"":[]}"
20021103,2002-11-03,0.0,"{""type"":""MultiPoint"",""coordinates"":[]}"
20021104,2002-11-04,0.0,"{""type"":""MultiPoint"",""coordinates"":[]}"
20021105,2002-11-05,0.0,"{""type"":""MultiPoint"",""coordinates"":[]}"
20021106,2002-11-06,0.0,"{""type"":""MultiPoint"",""coordinates"":[]}"
20021107,2002-11-07,0.0,"{""type"":""MultiPoint"",""coordinates"":[]}"
20021108,2002-11-08,0.48425541287800006,"{""type"":""MultiPoint"",""coordinates"":[]}"
20021109,2002-11-09,1.4084002083878064,"{""type"":""MultiPoint"",""coordinates"":[]}"
20021110,2002-11-10,0.4692688823001578,"{""type"":""MultiPoint"",""coordinates"":[]}"
20021111,2002-11-11,0.0,"{""type"":""MultiPoint"",""coordinates"":[]}"
20021112,2002-11-12,0.0,"{""type"":""MultiPoint"",""coordinates"":[]}"
20021113,2002-11-13,0.0,"{""type"":""MultiPoint"",""coordinates"":[]}"
20021114,2002-11-14,0.0,"{""type"":""MultiPoint"",""coordinates"":[]}"
20021115,2002-11-15,0.0,"{""type"":""MultiPoint"",""coordinates"":[]}"
20021116,2002-11-16,0.0,"{""type"":""MultiPoint"",""coordinates"":[]}"
20021117,2002-11-17,0.2711338489161143,"{""type"":""MultiPoint"",""coordinates"":[]}"
20021118,2002-11-18,1.89313191385517,"{""type"":""MultiPoint"",""coordinates"":[]}"
20021119,2002-11-19,0.0,"{""type"":""MultiPoint"",""coordinates"":[]}"
20021120,2002-11-20,0.0,"{""type"":""MultiPoint"",""coordinates"":[]}"
20021121,2002-11-21,6.746034872214214E-4,"{""type"":""MultiPoint"",""coordinates"":[]}"
20021122,2002-11-22,0.7826543232011933,"{""type"":""MultiPoint"",""coordinates"":[]}"
20021123,2002-11-23,0.6770360729146279,"{""type"":""MultiPoint"",""coordinates"":[]}"
20021124,2002-11-24,0.0,"{""type"":""MultiPoint"",""coordinates"":[]}"
20021125,2002-11-25,0.0,"{""type"":""MultiPoint"",""coordinates"":[]}"
20021126,2002-11-26,0.0,"{""type"":""MultiPoint"",""coordinates"":[]}"
20021127,2002-11-27,0.0,"{""type"":""MultiPoint"",""coordinates"":[]}"
20021128,2002-11-28,0.0,"{""type"":""MultiPoint"",""coordinates"":[]}"
20021129,2002-11-29,0.0,"{""type"":""MultiPoint"",""coordinates"":[]}"
20021130,2002-11-30,0.0,"{""type"":""MultiPoint"",""coordinates"":[]}"
20021201,2002-12-01,0.0,"{""type"":""MultiPoint"",""coordinates"":[]}"
20021202,2002-12-02,0.0,"{""type"":""MultiPoint"",""coordinates"":[]}"
20021203,2002-12-03,0.0,"{""type"":""MultiPoint"",""coordinates"":[]}"
20021204,2002-12-04,0.10089402121647313,"{""type"":""MultiPoint"",""coordinates"":[]}"
20021205,2002-12-05,0.0,"{""type"":""MultiPoint"",""coordinates"":[]}"
20021206,2002-12-06,0.03683336217261523,"{""type"":""MultiPoint"",""coordinates"":[]}"
20021207,2002-12-07,0.0018446264717669133,"{""type"":""MultiPoint"",""coordinates"":[]}"
20021208,2002-12-08,0.0,"{""type"":""MultiPoint"",""coordinates"":[]}"
20021209,2002-12-09,0.0,"{""type"":""MultiPoint"",""coordinates"":[]}"
20021210,2002-12-10,0.015099884526226437,"{""type"":""MultiPoint"",""coordinates"":[]}"
20021211,2002-12-11,0.4785057608749412,"{""type"":""MultiPoint"",""coordinates"":[]}"
20021212,2002-12-12,0.0,"{""type"":""MultiPoint"",""coordinates"":[]}"
20021213,2002-12-13,0.026431086207894732,"{""type"":""MultiPoint"",""coordinates"":[]}"
20021214,2002-12-14,0.003384045150683186,"{""type"":""MultiPoint"",""coordinates"":[]}"
20021215,2002-12-15,0.029330605594395258,"{""type"":""MultiPoint"",""coordinates"":[]}"
20021216,2002-12-16,1.1846811817346752E-4,"{""type"":""MultiPoint"",""coordinates"":[]}"
20021217,2002-12-17,0.024330295011962242,"{""type"":""MultiPoint"",""coordinates"":[]}"
20021218,2002-12-18,0.0741116065206477,"{""type"":""MultiPoint"",""coordinates"":[]}"
20021219,2002-12-19,8.13673693473462E-4,"{""type"":""MultiPoint"",""coordinates"":[]}"
20021220,2002-12-20,0.0,"{""type"":""MultiPoint"",""coordinates"":[]}"
20021221,2002-12-21,0.0,"{""type"":""MultiPoint"",""coordinates"":[]}"
20021222,2002-12-22,0.0,"{""type"":""MultiPoint"",""coordinates"":[]}"
20021223,2002-12-23,0.0,"{""type"":""MultiPoint"",""coordinates"":[]}"
20021224,2002-12-24,0.0,"{""type"":""MultiPoint"",""coordinates"":[]}"
20021225,2002-12-25,0.04775198459116209,"{""type"":""MultiPoint"",""coordinates"":[]}"
20021226,2002-12-26,0.0,"{""type"":""MultiPoint"",""coordinates"":[]}"
20021227,2002-12-27,0.0,"{""type"":""MultiPoint"",""coordinates"":[]}"
20021228,2002-12-28,0.0,"{""type"":""MultiPoint"",""coordinates"":[]}"
20021229,2002-12-29,0.0,"{""type"":""MultiPoint"",""coordinates"":[]}"
20021230,2002-12-30,0.33493750887764256,"{""type"":""MultiPoint"",""coordinates"":[]}"
20021231,2002-12-31,0.011305046441929171,"{""type"":""MultiPoint"",""coordinates"":[]}"
20030101,2003-01-01,0.0,"{""type"":""MultiPoint"",""coordinates"":[]}"
20030102,2003-01-02,0.016917874843231737,"{""type"":""MultiPoint"",""coordinates"":[]}"
20030103,2003-01-03,0.14589109408378337,"{""type"":""MultiPoint"",""coordinates"":[]}"
20030104,2003-01-04,0.028813651281538368,"{""type"":""MultiPoint"",""coordinates"":[]}"
20030105,2003-01-05,0.0,"{""type"":""MultiPoint"",""coordinates"":[]}"
20030106,2003-01-06,0.0,"{""type"":""MultiPoint"",""coordinates"":[]}"
20030107,2003-01-07,0.0,"{""type"":""MultiPoint"",""coordinates"":[]}"
20030108,2003-01-08,0.0,"{""type"":""MultiPoint"",""coordinates"":[]}"
20030109,2003-01-09,0.0,"{""type"":""MultiPoint"",""coordinates"":[]}"
20030110,2003-01-10,0.0,"{""type"":""MultiPoint"",""coordinates"":[]}"
20030111,2003-01-11,0.0,"{""type"":""MultiPoint"",""coordinates"":[]}"
20030112,2003-01-12,7.762058508831098E-4,"{""type"":""MultiPoint"",""coordinates"":[]}"
20030113,2003-01-13,0.002563578384873151,"{""type"":""MultiPoint"",""coordinates"":[]}"
20030114,2003-01-14,0.0,"{""type"":""MultiPoint"",""coordinates"":[]}"
20030115,2003-01-15,0.1818677443920189,"{""type"":""MultiPoint"",""coordinates"":[]}"
20030116,2003-01-16,0.0,"{""type"":""MultiPoint"",""coordinates"":[]}"
20030117,2003-01-17,0.0,"{""type"":""MultiPoint"",""coordinates"":[]}"
20030118,2003-01-18,0.0,"{""type"":""MultiPoint"",""coordinates"":[]}"
20030119,2003-01-19,0.0,"{""type"":""MultiPoint"",""coordinates"":[]}"
20030120,2003-01-20,0.0,"{""type"":""MultiPoint"",""coordinates"":[]}"
20030121,2003-01-21,0.0,"{""type"":""MultiPoint"",""coordinates"":[]}"
20030122,2003-01-22,0.0,"{""type"":""MultiPoint"",""coordinates"":[]}"
20030123,2003-01-23,0.009690187294738691,"{""type"":""MultiPoint"",""coordinates"":[]}"
20030124,2003-01-24,0.0,"{""type"":""MultiPoint"",""coordinates"":[]}"
20030125,2003-01-25,0.0,"{""type"":""MultiPoint"",""coordinates"":[]}"
20030126,2003-01-26,0.0,"{""type"":""MultiPoint"",""coordinates"":[]}"
20030127,2003-01-27,0.0,"{""type"":""MultiPoint"",""coordinates"":[]}"
20030128,2003-01-28,0.0,"{""type"":""MultiPoint"",""coordinates"":[]}"
20030129,2003-01-29,0.0,"{""type"":""MultiPoint"",""coordinates"":[]}"
20030130,2003-01-30,0.0,"{""type"":""MultiPoint"",""coordinates"":[]}"
20030131,2003-01-31,0.0,"{""type"":""MultiPoint"",""coordinates"":[]}"
20030201,2003-02-01,0.0,"{""type"":""MultiPoint"",""coordinates"":[]}"
20030202,2003-02-02,0.0,"{""type"":""MultiPoint"",""coordinates"":[]}"
20030203,2003-02-03,0.0,"{""type"":""MultiPoint"",""coordinates"":[]}"
20030204,2003-02-04,0.0,"{""type"":""MultiPoint"",""coordinates"":[]}"
20030205,2003-02-05,0.0,"{""type"":""MultiPoint"",""coordinates"":[]}"
20030206,2003-02-06,0.0,"{""type"":""MultiPoint"",""coordinates"":[]}"
20030207,2003-02-07,0.0,"{""type"":""MultiPoint"",""coordinates"":[]}"
20030208,2003-02-08,0.0,"{""type"":""MultiPoint"",""coordinates"":[]}"
20030209,2003-02-09,0.0,"{""type"":""MultiPoint"",""coordinates"":[]}"
20030210,2003-02-10,0.0,"{""type"":""MultiPoint"",""coordinates"":[]}"
20030211,2003-02-11,0.0,"{""type"":""MultiPoint"",""coordinates"":[]}"
20030212,2003-02-12,0.0,"{""type"":""MultiPoint"",""coordinates"":[]}"
20030213,2003-02-13,0.0,"{""type"":""MultiPoint"",""coordinates"":[]}"
20030214,2003-02-14,0.0,"{""type"":""MultiPoint"",""coordinates"":[]}"
20030215,2003-02-15,0.0,"{""type"":""MultiPoint"",""coordinates"":[]}"
20030216,2003-02-16,0.0,"{""type"":""MultiPoint"",""coordinates"":[]}"
20030217,2003-02-17,0.0,"{""type"":""MultiPoint"",""coordinates"":[]}"
20030218,2003-02-18,0.0,"{""type"":""MultiPoint"",""coordinates"":[]}"
20030219,2003-02-19,0.0,"{""type"":""MultiPoint"",""coordinates"":[]}"
20030220,2003-02-20,0.0,"{""type"":""MultiPoint"",""coordinates"":[]}"
20030221,2003-02-21,0.0,"{""type"":""MultiPoint"",""coordinates"":[]}"
20030222,2003-02-22,0.0,"{""type"":""MultiPoint"",""coordinates"":[]}"
20030223,2003-02-23,0.0,"{""type"":""MultiPoint"",""coordinates"":[]}"
20030224,2003-02-24,0.0,"{""type"":""MultiPoint"",""coordinates"":[]}"
20030225,2003-02-25,0.0,"{""type"":""MultiPoint"",""coordinates"":[]}"
20030226,2003-02-26,0.0,"{""type"":""MultiPoint"",""coordinates"":[]}"
20030227,2003-02-27,0.0,"{""type"":""MultiPoint"",""coordinates"":[]}"
20030228,2003-02-28,0.0,"{""type"":""MultiPoint"",""coordinates"":[]}"
20030301,2003-03-01,0.0,"{""type"":""MultiPoint"",""coordinates"":[]}"
20030302,2003-03-02,0.0,"{""type"":""MultiPoint"",""coordinates"":[]}"
20030303,2003-03-03,0.0,"{""type"":""MultiPoint"",""coordinates"":[]}"
20030304,2003-03-04,0.0,"{""type"":""MultiPoint"",""coordinates"":[]}"
20030305,2003-03-05,0.0,"{""type"":""MultiPoint"",""coordinates"":[]}"
20030306,2003-03-06,0.0,"{""type"":""MultiPoint"",""coordinates"":[]}"
20030307,2003-03-07,0.0,"{""type"":""MultiPoint"",""coordinates"":[]}"
20030308,2003-03-08,0.0,"{""type"":""MultiPoint"",""coordinates"":[]}"
20030309,2003-03-09,0.0,"{""type"":""MultiPoint"",""coordinates"":[]}"
20030310,2003-03-10,0.0,"{""type"":""MultiPoint"",""coordinates"":[]}"
20030311,2003-03-11,0.0,"{""type"":""MultiPoint"",""coordinates"":[]}"
20030312,2003-03-12,0.0,"{""type"":""MultiPoint"",""coordinates"":[]}"
20030313,2003-03-13,0.0,"{""type"":""MultiPoint"",""coordinates"":[]}"
20030314,2003-03-14,0.0938001355138407,"{""type"":""MultiPoint"",""coordinates"":[]}"
20030315,2003-03-15,1.7636303834917775,"{""type"":""MultiPoint"",""coordinates"":[]}"
20030316,2003-03-16,0.3470292857057574,"{""type"":""MultiPoint"",""coordinates"":[]}"
20030317,2003-03-17,0.0,"{""type"":""MultiPoint"",""coordinates"":[]}"
20030318,2003-03-18,0.0,"{""type"":""MultiPoint"",""coordinates"":[]}"
20030319,2003-03-19,0.0,"{""type"":""MultiPoint"",""coordinates"":[]}"
20030320,2003-03-20,1.0701155087041012,"{""type"":""MultiPoint"",""coordinates"":[]}"
20030321,2003-03-21,0.0,"{""type"":""MultiPoint"",""coordinates"":[]}"
20030322,2003-03-22,0.0,"{""type"":""MultiPoint"",""coordinates"":[]}"
20030323,2003-03-23,0.0,"{""type"":""MultiPoint"",""coordinates"":[]}"
20030324,2003-03-24,0.0,"{""type"":""MultiPoint"",""coordinates"":[]}"
20030325,2003-03-25,0.0,"{""type"":""MultiPoint"",""coordinates"":[]}"
20030326,2003-03-26,0.0,"{""type"":""MultiPoint"",""coordinates"":[]}"
20030327,2003-03-27,0.0,"{""type"":""MultiPoint"",""coordinates"":[]}"
20030328,2003-03-28,0.0,"{""type"":""MultiPoint"",""coordinates"":[]}"
20030329,2003-03-29,0.0,"{""type"":""MultiPoint"",""coordinates"":[]}"
20030330,2003-03-30,0.0015853681962129968,"{""type"":""MultiPoint"",""coordinates"":[]}"
20030331,2003-03-31,0.0,"{""type"":""MultiPoint"",""coordinates"":[]}"
20030401,2003-04-01,0.0,"{""type"":""MultiPoint"",""coordinates"":[]}"
20030402,2003-04-02,0.0,"{""type"":""MultiPoint"",""coordinates"":[]}"
20030403,2003-04-03,0.0,"{""type"":""MultiPoint"",""coordinates"":[]}"
20030404,2003-04-04,0.0,"{""type"":""MultiPoint"",""coordinates"":[]}"
20030405,2003-04-05,0.0,"{""type"":""MultiPoint"",""coordinates"":[]}"
20030406,2003-04-06,0.0,"{""type"":""MultiPoint"",""coordinates"":[]}"
20030407,2003-04-07,0.0,"{""type"":""MultiPoint"",""coordinates"":[]}"
20030408,2003-04-08,0.0,"{""type"":""MultiPoint"",""coordinates"":[]}"
20030409,2003-04-09,0.13735914577811756,"{""type"":""MultiPoint"",""coordinates"":[]}"
20030410,2003-04-10,4.130523530151943,"{""type"":""MultiPoint"",""coordinates"":[]}"
20030411,2003-04-11,3.725912229059218,"{""type"":""MultiPoint"",""coordinates"":[]}"
20030412,2003-04-12,1.575419992057215,"{""type"":""MultiPoint"",""coordinates"":[]}"
20030413,2003-04-13,0.9458767354591042,"{""type"":""MultiPoint"",""coordinates"":[]}"
20030414,2003-04-14,0.19911754823553762,"{""type"":""MultiPoint"",""coordinates"":[]}"
20030415,2003-04-15,0.2810847685397325,"{""type"":""MultiPoint"",""coordinates"":[]}"
20030416,2003-04-16,0.3889289586181108,"{""type"":""MultiPoint"",""coordinates"":[]}"
20030417,2003-04-17,0.0,"{""type"":""MultiPoint"",""coordinates"":[]}"
20030418,2003-04-18,1.8787551325123866,"{""type"":""MultiPoint"",""coordinates"":[]}"
20030419,2003-04-19,0.9372474919382682,"{""type"":""MultiPoint"",""coordinates"":[]}"
20030420,2003-04-20,0.30205486148115873,"{""type"":""MultiPoint"",""coordinates"":[]}"
20030421,2003-04-21,0.4691997020797469,"{""type"":""MultiPoint"",""coordinates"":[]}"
20030422,2003-04-22,0.0,"{""type"":""MultiPoint"",""coordinates"":[]}"
20030423,2003-04-23,0.042456189081415276,"{""type"":""MultiPoint"",""coordinates"":[]}"
20030424,2003-04-24,0.18916973044912597,"{""type"":""MultiPoint"",""coordinates"":[]}"
20030425,2003-04-25,0.0,"{""type"":""MultiPoint"",""coordinates"":[]}"
20030426,2003-04-26,0.0,"{""type"":""MultiPoint"",""coordinates"":[]}"
20030427,2003-04-27,0.0,"{""type"":""MultiPoint"",""coordinates"":[]}"
20030428,2003-04-28,0.0,"{""type"":""MultiPoint"",""coordinates"":[]}"
20030429,2003-04-29,0.0,"{""type"":""MultiPoint"",""coordinates"":[]}"
20030430,2003-04-30,0.0,"{""type"":""MultiPoint"",""coordinates"":[]}"
20030501,2003-05-01,0.0,"{""type"":""MultiPoint"",""coordinates"":[]}"
20030502,2003-05-02,0.0,"{""type"":""MultiPoint"",""coordinates"":[]}"
20030503,2003-05-03,0.0,"{""type"":""MultiPoint"",""coordinates"":[]}"
20030504,2003-05-04,0.0,"{""type"":""MultiPoint"",""coordinates"":[]}"
20030505,2003-05-05,0.2642839045349995,"{""type"":""MultiPoint"",""coordinates"":[]}"
20030506,2003-05-06,0.0,"{""type"":""MultiPoint"",""coordinates"":[]}"
20030507,2003-05-07,0.03877496046524944,"{""type"":""MultiPoint"",""coordinates"":[]}"
20030508,2003-05-08,0.0,"{""type"":""MultiPoint"",""coordinates"":[]}"
20030509,2003-05-09,0.0,"{""type"":""MultiPoint"",""coordinates"":[]}"
20030510,2003-05-10,0.9869334618385338,"{""type"":""MultiPoint"",""coordinates"":[]}"
20030511,2003-05-11,1.4610278056739967,"{""type"":""MultiPoint"",""coordinates"":[]}"
20030512,2003-05-12,2.7363399567208804,"{""type"":""MultiPoint"",""coordinates"":[]}"
20030513,2003-05-13,3.2622590370873987,"{""type"":""MultiPoint"",""coordinates"":[]}"
20030514,2003-05-14,2.0287766945639336,"{""type"":""MultiPoint"",""coordinates"":[]}"
20030515,2003-05-15,0.8552245203373198,"{""type"":""MultiPoint"",""coordinates"":[]}"
20030516,2003-05-16,1.952907207417549,"{""type"":""MultiPoint"",""coordinates"":[]}"
20030517,2003-05-17,0.1309976703417712,"{""type"":""MultiPoint"",""coordinates"":[]}"
20030518,2003-05-18,0.0,"{""type"":""MultiPoint"",""coordinates"":[]}"
20030519,2003-05-19,0.0,"{""type"":""MultiPoint"",""coordinates"":[]}"
20030520,2003-05-20,0.0,"{""type"":""MultiPoint"",""coordinates"":[]}"
20030521,2003-05-21,0.0,"{""type"":""MultiPoint"",""coordinates"":[]}"
20030522,2003-05-22,0.0,"{""type"":""MultiPoint"",""coordinates"":[]}"
20030523,2003-05-23,0.0,"{""type"":""MultiPoint"",""coordinates"":[]}"
20030524,2003-05-24,0.0,"{""type"":""MultiPoint"",""coordinates"":[]}"
20030525,2003-05-25,0.0,"{""type"":""MultiPoint"",""coordinates"":[]}"
20030526,2003-05-26,2.6234651462883862,"{""type"":""MultiPoint"",""coordinates"":[]}"
20030527,2003-05-27,0.0,"{""type"":""MultiPoint"",""coordinates"":[]}"
20030528,2003-05-28,0.0,"{""type"":""MultiPoint"",""coordinates"":[]}"
20030529,2003-05-29,0.0,"{""type"":""MultiPoint"",""coordinates"":[]}"
20030530,2003-05-30,0.0,"{""type"":""MultiPoint"",""coordinates"":[]}"
20030531,2003-05-31,1.3592957721097472,"{""type"":""MultiPoint"",""coordinates"":[]}"
20030601,2003-06-01,0.0,"{""type"":""MultiPoint"",""coordinates"":[]}"
20030602,2003-06-02,0.0,"{""type"":""MultiPoint"",""coordinates"":[]}"
20030603,2003-06-03,0.0,"{""type"":""MultiPoint"",""coordinates"":[]}"
20030604,2003-06-04,0.0,"{""type"":""MultiPoint"",""coordinates"":[]}"
20030605,2003-06-05,0.0,"{""type"":""MultiPoint"",""coordinates"":[]}"
20030606,2003-06-06,0.0,"{""type"":""MultiPoint"",""coordinates"":[]}"
20030607,2003-06-07,0.234783662400058,"{""type"":""MultiPoint"",""coordinates"":[]}"
20030608,2003-06-08,0.18852459741201336,"{""type"":""MultiPoint"",""coordinates"":[]}"
20030609,2003-06-09,0.0,"{""type"":""MultiPoint"",""coordinates"":[]}"
20030610,2003-06-10,0.8681352550699292,"{""type"":""MultiPoint"",""coordinates"":[]}"
20030611,2003-06-11,1.1924468207978753,"{""type"":""MultiPoint"",""coordinates"":[]}"
20030612,2003-06-12,5.13692826586998,"{""type"":""MultiPoint"",""coordinates"":[]}"
20030613,2003-06-13,8.419324582043844,"{""type"":""MultiPoint"",""coordinates"":[]}"
20030614,2003-06-14,8.214062266874318,"{""type"":""MultiPoint"",""coordinates"":[]}"
20030615,2003-06-15,2.346395759471375,"{""type"":""MultiPoint"",""coordinates"":[]}"
20030616,2003-06-16,0.013801197500729619,"{""type"":""MultiPoint"",""coordinates"":[]}"
20030617,2003-06-17,0.0,"{""type"":""MultiPoint"",""coordinates"":[]}"
20030618,2003-06-18,0.9598416200044155,"{""type"":""MultiPoint"",""coordinates"":[]}"
20030619,2003-06-19,0.3750377458720317,"{""type"":""MultiPoint"",""coordinates"":[]}"
20030620,2003-06-20,0.3313743019777934,"{""type"":""MultiPoint"",""coordinates"":[]}"
20030621,2003-06-21,0.016109879864798744,"{""type"":""MultiPoint"",""coordinates"":[]}"
20030622,2003-06-22,0.3461466507969489,"{""type"":""MultiPoint"",""coordinates"":[]}"
20030623,2003-06-23,7.308379652366039,"{""type"":""MultiPoint"",""coordinates"":[]}"
20030624,2003-06-24,12.177596533573855,"{""type"":""MultiPoint"",""coordinates"":[]}"
20030625,2003-06-25,0.5070866415571204,"{""type"":""MultiPoint"",""coordinates"":[]}"
20030626,2003-06-26,0.4628198526771428,"{""type"":""MultiPoint"",""coordinates"":[]}"
20030627,2003-06-27,0.25712007053262753,"{""type"":""MultiPoint"",""coordinates"":[]}"
20030628,2003-06-28,3.1452954593183153,"{""type"":""MultiPoint"",""coordinates"":[]}"
20030629,2003-06-29,6.426442701511888,"{""type"":""MultiPoint"",""coordinates"":[]}"
20030630,2003-06-30,9.300537714989332,"{""type"":""MultiPoint"",""coordinates"":[]}"
20030701,2003-07-01,1.1964857257677532,"{""type"":""MultiPoint"",""coordinates"":[]}"
20030702,2003-07-02,0.13067949126361975,"{""type"":""MultiPoint"",""coordinates"":[]}"
20030703,2003-07-03,1.1688772251776671,"{""type"":""MultiPoint"",""coordinates"":[]}"
20030704,2003-07-04,2.862427531693455,"{""type"":""MultiPoint"",""coordinates"":[]}"
20030705,2003-07-05,1.2119996092992469,"{""type"":""MultiPoint"",""coordinates"":[]}"
20030706,2003-07-06,3.126719643426834,"{""type"":""MultiPoint"",""coordinates"":[]}"
20030707,2003-07-07,0.05856478417332484,"{""type"":""MultiPoint"",""coordinates"":[]}"
20030708,2003-07-08,1.745827567085189,"{""type"":""MultiPoint"",""coordinates"":[]}"
20030709,2003-07-09,15.142679589975604,"{""type"":""MultiPoint"",""coordinates"":[]}"
20030710,2003-07-10,6.343960733011123,"{""type"":""MultiPoint"",""coordinates"":[]}"
20030711,2003-07-11,0.2377308953918505,"{""type"":""MultiPoint"",""coordinates"":[]}"
20030712,2003-07-12,0.21574436218558105,"{""type"":""MultiPoint"",""coordinates"":[]}"
20030713,2003-07-13,0.7750917687179768,"{""type"":""MultiPoint"",""coordinates"":[]}"
20030714,2003-07-14,6.2420917036080725,"{""type"":""MultiPoint"",""coordinates"":[]}"
20030715,2003-07-15,12.581232914697338,"{""type"":""MultiPoint"",""coordinates"":[]}"
20030716,2003-07-16,4.30335926525958,"{""type"":""MultiPoint"",""coordinates"":[]}"
20030717,2003-07-17,0.6292968347987481,"{""type"":""MultiPoint"",""coordinates"":[]}"
20030718,2003-07-18,4.121473177458737,"{""type"":""MultiPoint"",""coordinates"":[]}"
20030719,2003-07-19,2.724187410704418,"{""type"":""MultiPoint"",""coordinates"":[]}"
20030720,2003-07-20,0.03303809909532186,"{""type"":""MultiPoint"",""coordinates"":[]}"
20030721,2003-07-21,0.19766779112187688,"{""type"":""MultiPoint"",""coordinates"":[]}"
20030722,2003-07-22,1.4637280507852797,"{""type"":""MultiPoint"",""coordinates"":[]}"
20030723,2003-07-23,3.6074492327539525,"{""type"":""MultiPoint"",""coordinates"":[]}"
20030724,2003-07-24,3.2458007251273453,"{""type"":""MultiPoint"",""coordinates"":[]}"
20030725,2003-07-25,8.272736889556715,"{""type"":""MultiPoint"",""coordinates"":[]}"
20030726,2003-07-26,4.868651587173987,"{""type"":""MultiPoint"",""coordinates"":[]}"
20030727,2003-07-27,1.684077619663486,"{""type"":""MultiPoint"",""coordinates"":[]}"
20030728,2003-07-28,0.2295979222865256,"{""type"":""MultiPoint"",""coordinates"":[]}"
20030729,2003-07-29,0.12647639370680377,"{""type"":""MultiPoint"",""coordinates"":[]}"
20030730,2003-07-30,2.5613801370841194,"{""type"":""MultiPoint"",""coordinates"":[]}"
20030731,2003-07-31,0.5887914375567155,"{""type"":""MultiPoint"",""coordinates"":[]}"
20030801,2003-08-01,4.3158815296909445,"{""type"":""MultiPoint"",""coordinates"":[]}"
20030802,2003-08-02,12.48893787166971,"{""type"":""MultiPoint"",""coordinates"":[]}"
20030803,2003-08-03,0.0,"{""type"":""MultiPoint"",""coordinates"":[]}"
20030804,2003-08-04,3.203816727014871,"{""type"":""MultiPoint"",""coordinates"":[]}"
20030805,2003-08-05,1.9035008017179833,"{""type"":""MultiPoint"",""coordinates"":[]}"
20030806,2003-08-06,1.2591929265686412,"{""type"":""MultiPoint"",""coordinates"":[]}"
20030807,2003-08-07,3.118847761334588,"{""type"":""MultiPoint"",""coordinates"":[]}"
20030808,2003-08-08,4.9504456279411935,"{""type"":""MultiPoint"",""coordinates"":[]}"
20030809,2003-08-09,1.1625506967730277,"{""type"":""MultiPoint"",""coordinates"":[]}"
20030810,2003-08-10,0.034745205973392784,"{""type"":""MultiPoint"",""coordinates"":[]}"
20030811,2003-08-11,1.3334480580627197,"{""type"":""MultiPoint"",""coordinates"":[]}"
20030812,2003-08-12,0.04822929511382453,"{""type"":""MultiPoint"",""coordinates"":[]}"
20030813,2003-08-13,1.6515871840587493,"{""type"":""MultiPoint"",""coordinates"":[]}"
20030814,2003-08-14,1.9491669259487854,"{""type"":""MultiPoint"",""coordinates"":[]}"
20030815,2003-08-15,1.0345481685754259,"{""type"":""MultiPoint"",""coordinates"":[]}"
20030816,2003-08-16,0.17278065282128385,"{""type"":""MultiPoint"",""coordinates"":[]}"
20030817,2003-08-17,0.0,"{""type"":""MultiPoint"",""coordinates"":[]}"
20030818,2003-08-18,0.0,"{""type"":""MultiPoint"",""coordinates"":[]}"
20030819,2003-08-19,0.8989083773838942,"{""type"":""MultiPoint"",""coordinates"":[]}"
20030820,2003-08-20,5.680131493987106,"{""type"":""MultiPoint"",""coordinates"":[]}"
20030821,2003-08-21,11.783661726571353,"{""type"":""MultiPoint"",""coordinates"":[]}"
20030822,2003-08-22,21.212925468930102,"{""type"":""MultiPoint"",""coordinates"":[]}"
20030823,2003-08-23,11.013797997938045,"{""type"":""MultiPoint"",""coordinates"":[]}"
20030824,2003-08-24,0.0,"{""type"":""MultiPoint"",""coordinates"":[]}"
20030825,2003-08-25,2.635988723333957,"{""type"":""MultiPoint"",""coordinates"":[]}"
20030826,2003-08-26,1.8611828660061511,"{""type"":""MultiPoint"",""coordinates"":[]}"
20030827,2003-08-27,0.012225051210988547,"{""type"":""MultiPoint"",""coordinates"":[]}"
20030828,2003-08-28,12.0245024573316,"{""type"":""MultiPoint"",""coordinates"":[]}"
20030829,2003-08-29,0.8319580321320104,"{""type"":""MultiPoint"",""coordinates"":[]}"
20030830,2003-08-30,2.1347617204903724,"{""type"":""MultiPoint"",""coordinates"":[]}"
20030831,2003-08-31,0.3771528039647729,"{""type"":""MultiPoint"",""coordinates"":[]}"
20030901,2003-09-01,1.8786983444469627,"{""type"":""MultiPoint"",""coordinates"":[]}"
20030902,2003-09-02,0.3643100653530151,"{""type"":""MultiPoint"",""coordinates"":[]}"
20030903,2003-09-03,0.0,"{""type"":""MultiPoint"",""coordinates"":[]}"
20030904,2003-09-04,0.0,"{""type"":""MultiPoint"",""coordinates"":[]}"
20030905,2003-09-05,0.0892707948434421,"{""type"":""MultiPoint"",""coordinates"":[]}"
20030906,2003-09-06,1.0448870265416486,"{""type"":""MultiPoint"",""coordinates"":[]}"
20030907,2003-09-07,2.4901547322596396,"{""type"":""MultiPoint"",""coordinates"":[]}"
20030908,2003-09-08,0.0,"{""type"":""MultiPoint"",""coordinates"":[]}"
20030909,2003-09-09,0.0,"{""type"":""MultiPoint"",""coordinates"":[]}"
20030910,2003-09-10,0.0,"{""type"":""MultiPoint"",""coordinates"":[]}"
20030911,2003-09-11,0.0,"{""type"":""MultiPoint"",""coordinates"":[]}"
20030912,2003-09-12,0.0,"{""type"":""MultiPoint"",""coordinates"":[]}"
20030913,2003-09-13,0.10418081227044296,"{""type"":""MultiPoint"",""coordinates"":[]}"
20030914,2003-09-14,0.0,"{""type"":""MultiPoint"",""coordinates"":[]}"
20030915,2003-09-15,0.0,"{""type"":""MultiPoint"",""coordinates"":[]}"
20030916,2003-09-16,0.020053262942105375,"{""type"":""MultiPoint"",""coordinates"":[]}"
20030917,2003-09-17,7.543067176503825,"{""type"":""MultiPoint"",""coordinates"":[]}"
20030918,2003-09-18,11.37597588266767,"{""type"":""MultiPoint"",""coordinates"":[]}"
20030919,2003-09-19,0.825128421552101,"{""type"":""MultiPoint"",""coordinates"":[]}"
20030920,2003-09-20,2.2053465951082334,"{""type"":""MultiPoint"",""coordinates"":[]}"
20030921,2003-09-21,1.799247985523982,"{""type"":""MultiPoint"",""coordinates"":[]}"
20030922,2003-09-22,3.448148532044891,"{""type"":""MultiPoint"",""coordinates"":[]}"
20030923,2003-09-23,6.32398186514211,"{""type"":""MultiPoint"",""coordinates"":[]}"
20030924,2003-09-24,2.1106044179237484,"{""type"":""MultiPoint"",""coordinates"":[]}"
20030925,2003-09-25,0.33092671387499584,"{""type"":""MultiPoint"",""coordinates"":[]}"
20030926,2003-09-26,16.495604873616234,"{""type"":""MultiPoint"",""coordinates"":[]}"
20030927,2003-09-27,9.965352351435225,"{""type"":""MultiPoint"",""coordinates"":[]}"
20030928,2003-09-28,9.519140257389841,"{""type"":""MultiPoint"",""coordinates"":[]}"
20030929,2003-09-29,6.174702728575149,"{""type"":""MultiPoint"",""coordinates"":[]}"
20030930,2003-09-30,0.0,"{""type"":""MultiPoint"",""coordinates"":[]}"
20031001,2003-10-01,0.0,"{""type"":""MultiPoint"",""coordinates"":[]}"
20031002,2003-10-02,0.7492195796029364,"{""type"":""MultiPoint"",""coordinates"":[]}"
20031003,2003-10-03,3.9491199847706278,"{""type"":""MultiPoint"",""coordinates"":[]}"
20031004,2003-10-04,4.100433974280604,"{""type"":""MultiPoint"",""coordinates"":[]}"
20031005,2003-10-05,7.685087369510434,"{""type"":""MultiPoint"",""coordinates"":[]}"
20031006,2003-10-06,13.67175174841244,"{""type"":""MultiPoint"",""coordinates"":[]}"
20031007,2003-10-07,0.8417315607690391,"{""type"":""MultiPoint"",""coordinates"":[]}"
20031008,2003-10-08,1.964030551429001,"{""type"":""MultiPoint"",""coordinates"":[]}"
20031009,2003-10-09,0.02370460346849684,"{""type"":""MultiPoint"",""coordinates"":[]}"
20031010,2003-10-10,0.18246813972608614,"{""type"":""MultiPoint"",""coordinates"":[]}"
20031011,2003-10-11,0.0,"{""type"":""MultiPoint"",""coordinates"":[]}"
20031012,2003-10-12,0.0,"{""type"":""MultiPoint"",""coordinates"":[]}"
20031013,2003-10-13,0.1946493598761806,"{""type"":""MultiPoint"",""coordinates"":[]}"
20031014,2003-10-14,0.0,"{""type"":""MultiPoint"",""coordinates"":[]}"
20031015,2003-10-15,0.0,"{""type"":""MultiPoint"",""coordinates"":[]}"
20031016,2003-10-16,0.0,"{""type"":""MultiPoint"",""coordinates"":[]}"
20031017,2003-10-17,1.0176356194930263,"{""type"":""MultiPoint"",""coordinates"":[]}"
20031018,2003-10-18,5.986618998805051,"{""type"":""MultiPoint"",""coordinates"":[]}"
20031019,2003-10-19,9.684087962362053,"{""type"":""MultiPoint"",""coordinates"":[]}"
20031020,2003-10-20,28.133180832406747,"{""type"":""MultiPoint"",""coordinates"":[]}"
20031021,2003-10-21,17.352460910101783,"{""type"":""MultiPoint"",""coordinates"":[]}"
20031022,2003-10-22,14.712308068235458,"{""type"":""MultiPoint"",""coordinates"":[]}"
20031023,2003-10-23,8.19466475598675,"{""type"":""MultiPoint"",""coordinates"":[]}"
20031024,2003-10-24,0.018934582648051097,"{""type"":""MultiPoint"",""coordinates"":[]}"
20031025,2003-10-25,0.0,"{""type"":""MultiPoint"",""coordinates"":[]}"
20031026,2003-10-26,0.0,"{""type"":""MultiPoint"",""coordinates"":[]}"
20031027,2003-10-27,0.0,"{""type"":""MultiPoint"",""coordinates"":[]}"
20031028,2003-10-28,0.4325417858673205,"{""type"":""MultiPoint"",""coordinates"":[]}"
20031029,2003-10-29,0.0,"{""type"":""MultiPoint"",""coordinates"":[]}"
20031030,2003-10-30,0.007323173798666522,"{""type"":""MultiPoint"",""coordinates"":[]}"
20031031,2003-10-31,0.013762657476021607,"{""type"":""MultiPoint"",""coordinates"":[]}"
20031101,2003-11-01,0.0,"{""type"":""MultiPoint"",""coordinates"":[]}"
20031102,2003-11-02,0.0,"{""type"":""MultiPoint"",""coordinates"":[]}"
20031103,2003-11-03,0.0,"{""type"":""MultiPoint"",""coordinates"":[]}"
20031104,2003-11-04,0.025724767195036156,"{""type"":""MultiPoint"",""coordinates"":[]}"
20031105,2003-11-05,0.6704857948811062,"{""type"":""MultiPoint"",""coordinates"":[]}"
20031106,2003-11-06,0.0037010731267460967,"{""type"":""MultiPoint"",""coordinates"":[]}"
20031107,2003-11-07,0.0,"{""type"":""MultiPoint"",""coordinates"":[]}"
20031108,2003-11-08,0.023003067490062843,"{""type"":""MultiPoint"",""coordinates"":[]}"
20031109,2003-11-09,1.6374266443386292,"{""type"":""MultiPoint"",""coordinates"":[]}"
20031110,2003-11-10,0.0,"{""type"":""MultiPoint"",""coordinates"":[]}"
20031111,2003-11-11,0.0,"{""type"":""MultiPoint"",""coordinates"":[]}"
20031112,2003-11-12,0.0,"{""type"":""MultiPoint"",""coordinates"":[]}"
20031113,2003-11-13,0.055939994811986755,"{""type"":""MultiPoint"",""coordinates"":[]}"
20031114,2003-11-14,0.6176499749324726,"{""type"":""MultiPoint"",""coordinates"":[]}"
20031115,2003-11-15,8.237796073392773E-5,"{""type"":""MultiPoint"",""coordinates"":[]}"
20031116,2003-11-16,0.0,"{""type"":""MultiPoint"",""coordinates"":[]}"
20031117,2003-11-17,0.0,"{""type"":""MultiPoint"",""coordinates"":[]}"
20031118,2003-11-18,0.0,"{""type"":""MultiPoint"",""coordinates"":[]}"
20031119,2003-11-19,0.0,"{""type"":""MultiPoint"",""coordinates"":[]}"
20031120,2003-11-20,0.0,"{""type"":""MultiPoint"",""coordinates"":[]}"
20031121,2003-11-21,0.009269475193632158,"{""type"":""MultiPoint"",""coordinates"":[]}"
20031122,2003-11-22,0.0,"{""type"":""MultiPoint"",""coordinates"":[]}"
20031123,2003-11-23,0.0,"{""type"":""MultiPoint"",""coordinates"":[]}"
20031124,2003-11-24,0.009076839176051042,"{""type"":""MultiPoint"",""coordinates"":[]}"
20031125,2003-11-25,0.009076839176051042,"{""type"":""MultiPoint"",""coordinates"":[]}"
20031126,2003-11-26,0.0,"{""type"":""MultiPoint"",""coordinates"":[]}"
20031127,2003-11-27,0.0,"{""type"":""MultiPoint"",""coordinates"":[]}"
20031128,2003-11-28,0.21146423553620855,"{""type"":""MultiPoint"",""coordinates"":[]}"
20031129,2003-11-29,0.03417351142058299,"{""type"":""MultiPoint"",""coordinates"":[]}"
20031130,2003-11-30,0.09424336257280483,"{""type"":""MultiPoint"",""coordinates"":[]}"
20031201,2003-12-01,0.0,"{""type"":""MultiPoint"",""coordinates"":[]}"
20031202,2003-12-02,0.0,"{""type"":""MultiPoint"",""coordinates"":[]}"
20031203,2003-12-03,0.0,"{""type"":""MultiPoint"",""coordinates"":[]}"
20031204,2003-12-04,0.0,"{""type"":""MultiPoint"",""coordinates"":[]}"
20031205,2003-12-05,0.0,"{""type"":""MultiPoint"",""coordinates"":[]}"
20031206,2003-12-06,0.0,"{""type"":""MultiPoint"",""coordinates"":[]}"
20031207,2003-12-07,0.0,"{""type"":""MultiPoint"",""coordinates"":[]}"
20031208,2003-12-08,0.0,"{""type"":""MultiPoint"",""coordinates"":[]}"
20031209,2003-12-09,0.0,"{""type"":""MultiPoint"",""coordinates"":[]}"
20031210,2003-12-10,0.0,"{""type"":""MultiPoint"",""coordinates"":[]}"
20031211,2003-12-11,0.0,"{""type"":""MultiPoint"",""coordinates"":[]}"
20031212,2003-12-12,0.0,"{""type"":""MultiPoint"",""coordinates"":[]}"
20031213,2003-12-13,0.0,"{""type"":""MultiPoint"",""coordinates"":[]}"
20031214,2003-12-14,0.17935205571303328,"{""type"":""MultiPoint"",""coordinates"":[]}"
20031215,2003-12-15,1.8998534861432455,"{""type"":""MultiPoint"",""coordinates"":[]}"
20031216,2003-12-16,0.0,"{""type"":""MultiPoint"",""coordinates"":[]}"
20031217,2003-12-17,0.0,"{""type"":""MultiPoint"",""coordinates"":[]}"
20031218,2003-12-18,0.0,"{""type"":""MultiPoint"",""coordinates"":[]}"
20031219,2003-12-19,0.0,"{""type"":""MultiPoint"",""coordinates"":[]}"
20031220,2003-12-20,0.0,"{""type"":""MultiPoint"",""coordinates"":[]}"
20031221,2003-12-21,0.0,"{""type"":""MultiPoint"",""coordinates"":[]}"
20031222,2003-12-22,0.0,"{""type"":""MultiPoint"",""coordinates"":[]}"
20031223,2003-12-23,0.0,"{""type"":""MultiPoint"",""coordinates"":[]}"
20031224,2003-12-24,0.0,"{""type"":""MultiPoint"",""coordinates"":[]}"
20031225,2003-12-25,0.004935976873232602,"{""type"":""MultiPoint"",""coordinates"":[]}"
20031226,2003-12-26,0.0,"{""type"":""MultiPoint"",""coordinates"":[]}"
20031227,2003-12-27,0.003999919180391031,"{""type"":""MultiPoint"",""coordinates"":[]}"
20031228,2003-12-28,0.0,"{""type"":""MultiPoint"",""coordinates"":[]}"
20031229,2003-12-29,0.0,"{""type"":""MultiPoint"",""coordinates"":[]}"
20031230,2003-12-30,0.0,"{""type"":""MultiPoint"",""coordinates"":[]}"
20031231,2003-12-31,0.0,"{""type"":""MultiPoint"",""coordinates"":[]}"
20040101,2004-01-01,0.0,"{""type"":""MultiPoint"",""coordinates"":[]}"
20040102,2004-01-02,0.0,"{""type"":""MultiPoint"",""coordinates"":[]}"
20040103,2004-01-03,0.0,"{""type"":""MultiPoint"",""coordinates"":[]}"
20040104,2004-01-04,0.0,"{""type"":""MultiPoint"",""coordinates"":[]}"
20040105,2004-01-05,0.0,"{""type"":""MultiPoint"",""coordinates"":[]}"
20040106,2004-01-06,0.0,"{""type"":""MultiPoint"",""coordinates"":[]}"
20040107,2004-01-07,0.0,"{""type"":""MultiPoint"",""coordinates"":[]}"
20040108,2004-01-08,0.0,"{""type"":""MultiPoint"",""coordinates"":[]}"
20040109,2004-01-09,0.0,"{""type"":""MultiPoint"",""coordinates"":[]}"
20040110,2004-01-10,0.0,"{""type"":""MultiPoint"",""coordinates"":[]}"
20040111,2004-01-11,0.0,"{""type"":""MultiPoint"",""coordinates"":[]}"
20040112,2004-01-12,0.0,"{""type"":""MultiPoint"",""coordinates"":[]}"
20040113,2004-01-13,0.0,"{""type"":""MultiPoint"",""coordinates"":[]}"
20040114,2004-01-14,0.0,"{""type"":""MultiPoint"",""coordinates"":[]}"
20040115,2004-01-15,0.0,"{""type"":""MultiPoint"",""coordinates"":[]}"
20040116,2004-01-16,0.0,"{""type"":""MultiPoint"",""coordinates"":[]}"
20040117,2004-01-17,0.0,"{""type"":""MultiPoint"",""coordinates"":[]}"
20040118,2004-01-18,0.0,"{""type"":""MultiPoint"",""coordinates"":[]}"
20040119,2004-01-19,0.0,"{""type"":""MultiPoint"",""coordinates"":[]}"
20040120,2004-01-20,0.0,"{""type"":""MultiPoint"",""coordinates"":[]}"
20040121,2004-01-21,0.0,"{""type"":""MultiPoint"",""coordinates"":[]}"
20040122,2004-01-22,0.0,"{""type"":""MultiPoint"",""coordinates"":[]}"
20040123,2004-01-23,0.0,"{""type"":""MultiPoint"",""coordinates"":[]}"
20040124,2004-01-24,0.021122618998805034,"{""type"":""MultiPoint"",""coordinates"":[]}"
20040125,2004-01-25,0.13929282283015348,"{""type"":""MultiPoint"",""coordinates"":[]}"
20040126,2004-01-26,0.0,"{""type"":""MultiPoint"",""coordinates"":[]}"
20040127,2004-01-27,0.0,"{""type"":""MultiPoint"",""coordinates"":[]}"
20040128,2004-01-28,0.0,"{""type"":""MultiPoint"",""coordinates"":[]}"
20040129,2004-01-29,0.0036352727499510927,"{""type"":""MultiPoint"",""coordinates"":[]}"
20040130,2004-01-30,0.05231341973463089,"{""type"":""MultiPoint"",""coordinates"":[]}"
20040131,2004-01-31,0.0,"{""type"":""MultiPoint"",""coordinates"":[]}"
20040201,2004-02-01,0.0,"{""type"":""MultiPoint"",""coordinates"":[]}"
20040202,2004-02-02,0.0,"{""type"":""MultiPoint"",""coordinates"":[]}"
20040203,2004-02-03,0.0,"{""type"":""MultiPoint"",""coordinates"":[]}"
20040204,2004-02-04,0.0,"{""type"":""MultiPoint"",""coordinates"":[]}"
20040205,2004-02-05,0.0,"{""type"":""MultiPoint"",""coordinates"":[]}"
20040206,2004-02-06,0.0,"{""type"":""MultiPoint"",""coordinates"":[]}"
20040207,2004-02-07,0.0,"{""type"":""MultiPoint"",""coordinates"":[]}"
20040208,2004-02-08,0.0,"{""type"":""MultiPoint"",""coordinates"":[]}"
20040209,2004-02-09,0.0,"{""type"":""MultiPoint"",""coordinates"":[]}"
20040210,2004-02-10,0.0,"{""type"":""MultiPoint"",""coordinates"":[]}"
20040211,2004-02-11,0.0,"{""type"":""MultiPoint"",""coordinates"":[]}"
20040212,2004-02-12,0.0,"{""type"":""MultiPoint"",""coordinates"":[]}"
20040213,2004-02-13,0.0,"{""type"":""MultiPoint"",""coordinates"":[]}"
20040214,2004-02-14,0.0,"{""type"":""MultiPoint"",""coordinates"":[]}"
20040215,2004-02-15,0.0,"{""type"":""MultiPoint"",""coordinates"":[]}"
20040216,2004-02-16,0.0,"{""type"":""MultiPoint"",""coordinates"":[]}"
20040217,2004-02-17,0.0,"{""type"":""MultiPoint"",""coordinates"":[]}"
20040218,2004-02-18,0.0,"{""type"":""MultiPoint"",""coordinates"":[]}"
20040219,2004-02-19,0.0,"{""type"":""MultiPoint"",""coordinates"":[]}"
20040220,2004-02-20,0.0,"{""type"":""MultiPoint"",""coordinates"":[]}"
20040221,2004-02-21,0.0,"{""type"":""MultiPoint"",""coordinates"":[]}"
20040222,2004-02-22,0.0,"{""type"":""MultiPoint"",""coordinates"":[]}"
20040223,2004-02-23,0.0,"{""type"":""MultiPoint"",""coordinates"":[]}"
20040224,2004-02-24,0.0,"{""type"":""MultiPoint"",""coordinates"":[]}"
20040225,2004-02-25,0.0,"{""type"":""MultiPoint"",""coordinates"":[]}"
20040226,2004-02-26,0.0,"{""type"":""MultiPoint"",""coordinates"":[]}"
20040227,2004-02-27,0.0,"{""type"":""MultiPoint"",""coordinates"":[]}"
20040228,2004-02-28,0.0,"{""type"":""MultiPoint"",""coordinates"":[]}"
20040229,2004-02-29,0.0,"{""type"":""MultiPoint"",""coordinates"":[]}"
20040301,2004-03-01,0.0,"{""type"":""MultiPoint"",""coordinates"":[]}"
20040302,2004-03-02,0.0,"{""type"":""MultiPoint"",""coordinates"":[]}"
20040303,2004-03-03,0.0,"{""type"":""MultiPoint"",""coordinates"":[]}"
20040304,2004-03-04,0.0,"{""type"":""MultiPoint"",""coordinates"":[]}"
20040305,2004-03-05,4.177076980676652E-4,"{""type"":""MultiPoint"",""coordinates"":[]}"
20040306,2004-03-06,0.0,"{""type"":""MultiPoint"",""coordinates"":[]}"
20040307,2004-03-07,0.0,"{""type"":""MultiPoint"",""coordinates"":[]}"
20040308,2004-03-08,0.0,"{""type"":""MultiPoint"",""coordinates"":[]}"
20040309,2004-03-09,0.0,"{""type"":""MultiPoint"",""coordinates"":[]}"
20040310,2004-03-10,0.0,"{""type"":""MultiPoint"",""coordinates"":[]}"
20040311,2004-03-11,0.0,"{""type"":""MultiPoint"",""coordinates"":[]}"
20040312,2004-03-12,0.0,"{""type"":""MultiPoint"",""coordinates"":[]}"
20040313,2004-03-13,0.0,"{""type"":""MultiPoint"",""coordinates"":[]}"
20040314,2004-03-14,0.0,"{""type"":""MultiPoint"",""coordinates"":[]}"
20040315,2004-03-15,0.0,"{""type"":""MultiPoint"",""coordinates"":[]}"
20040316,2004-03-16,0.0,"{""type"":""MultiPoint"",""coordinates"":[]}"
20040317,2004-03-17,0.0,"{""type"":""MultiPoint"",""coordinates"":[]}"
20040318,2004-03-18,0.0,"{""type"":""MultiPoint"",""coordinates"":[]}"
20040319,2004-03-19,0.0,"{""type"":""MultiPoint"",""coordinates"":[]}"
20040320,2004-03-20,0.0,"{""type"":""MultiPoint"",""coordinates"":[]}"
20040321,2004-03-21,0.0,"{""type"":""MultiPoint"",""coordinates"":[]}"
20040322,2004-03-22,0.0,"{""type"":""MultiPoint"",""coordinates"":[]}"
20040323,2004-03-23,0.0,"{""type"":""MultiPoint"",""coordinates"":[]}"
20040324,2004-03-24,0.0,"{""type"":""MultiPoint"",""coordinates"":[]}"
20040325,2004-03-25,0.0,"{""type"":""MultiPoint"",""coordinates"":[]}"
20040326,2004-03-26,0.0,"{""type"":""MultiPoint"",""coordinates"":[]}"
20040327,2004-03-27,0.0,"{""type"":""MultiPoint"",""coordinates"":[]}"
20040328,2004-03-28,0.0,"{""type"":""MultiPoint"",""coordinates"":[]}"
20040329,2004-03-29,0.0,"{""type"":""MultiPoint"",""coordinates"":[]}"
20040330,2004-03-30,2.280533271192704,"{""type"":""MultiPoint"",""coordinates"":[]}"
20040331,2004-03-31,2.148610716759592,"{""type"":""MultiPoint"",""coordinates"":[]}"
20040401,2004-04-01,4.1911229008854285,"{""type"":""MultiPoint"",""coordinates"":[]}"
20040402,2004-04-02,3.419400847997552,"{""type"":""MultiPoint"",""coordinates"":[]}"
20040403,2004-04-03,2.0737024366272827,"{""type"":""MultiPoint"",""coordinates"":[]}"
20040404,2004-04-04,12.267468283101772,"{""type"":""MultiPoint"",""coordinates"":[]}"
20040405,2004-04-05,0.8678024697179954,"{""type"":""MultiPoint"",""coordinates"":[]}"
20040406,2004-04-06,2.347597421296533,"{""type"":""MultiPoint"",""coordinates"":[]}"
20040407,2004-04-07,0.0,"{""type"":""MultiPoint"",""coordinates"":[]}"
20040408,2004-04-08,0.0,"{""type"":""MultiPoint"",""coordinates"":[]}"
20040409,2004-04-09,0.0,"{""type"":""MultiPoint"",""coordinates"":[]}"
20040410,2004-04-10,0.0,"{""type"":""MultiPoint"",""coordinates"":[]}"
20040411,2004-04-11,0.0,"{""type"":""MultiPoint"",""coordinates"":[]}"
20040412,2004-04-12,0.0,"{""type"":""MultiPoint"",""coordinates"":[]}"
20040413,2004-04-13,0.0,"{""type"":""MultiPoint"",""coordinates"":[]}"
20040414,2004-04-14,0.0,"{""type"":""MultiPoint"",""coordinates"":[]}"
20040415,2004-04-15,0.0,"{""type"":""MultiPoint"",""coordinates"":[]}"
20040416,2004-04-16,0.0,"{""type"":""MultiPoint"",""coordinates"":[]}"
20040417,2004-04-17,0.0,"{""type"":""MultiPoint"",""coordinates"":[]}"
20040418,2004-04-18,0.0,"{""type"":""MultiPoint"",""coordinates"":[]}"
20040419,2004-04-19,0.0,"{""type"":""MultiPoint"",""coordinates"":[]}"
20040420,2004-04-20,0.20779017784961673,"{""type"":""MultiPoint"",""coordinates"":[]}"
20040421,2004-04-21,1.6227797942274016,"{""type"":""MultiPoint"",""coordinates"":[]}"
20040422,2004-04-22,3.515760276972304,"{""type"":""MultiPoint"",""coordinates"":[]}"
20040423,2004-04-23,1.8067569956033651,"{""type"":""MultiPoint"",""coordinates"":[]}"
20040424,2004-04-24,0.32238151255547653,"{""type"":""MultiPoint"",""coordinates"":[]}"
20040425,2004-04-25,4.597343100735033,"{""type"":""MultiPoint"",""coordinates"":[]}"
20040426,2004-04-26,1.1002362038425912,"{""type"":""MultiPoint"",""coordinates"":[]}"
20040427,2004-04-27,0.22807148015543863,"{""type"":""MultiPoint"",""coordinates"":[]}"
20040428,2004-04-28,0.016106121962711408,"{""type"":""MultiPoint"",""coordinates"":[]}"
20040429,2004-04-29,0.22898778421420113,"{""type"":""MultiPoint"",""coordinates"":[]}"
20040430,2004-04-30,0.0,"{""type"":""MultiPoint"",""coordinates"":[]}"
20040501,2004-05-01,0.020606755782485657,"{""type"":""MultiPoint"",""coordinates"":[]}"
20040502,2004-05-02,0.5718348138630875,"{""type"":""MultiPoint"",""coordinates"":[]}"
20040503,2004-05-03,8.585644546805634,"{""type"":""MultiPoint"",""coordinates"":[]}"
20040504,2004-05-04,3.8023209708091863,"{""type"":""MultiPoint"",""coordinates"":[]}"
20040505,2004-05-05,0.873242816264924,"{""type"":""MultiPoint"",""coordinates"":[]}"
20040506,2004-05-06,10.487416721491003,"{""type"":""MultiPoint"",""coordinates"":[]}"
20040507,2004-05-07,6.059118223392988,"{""type"":""MultiPoint"",""coordinates"":[]}"
20040508,2004-05-08,0.2886354114456098,"{""type"":""MultiPoint"",""coordinates"":[]}"
20040509,2004-05-09,0.0,"{""type"":""MultiPoint"",""coordinates"":[]}"
20040510,2004-05-10,0.0,"{""type"":""MultiPoint"",""coordinates"":[]}"
20040511,2004-05-11,0.0,"{""type"":""MultiPoint"",""coordinates"":[]}"
20040512,2004-05-12,0.01612841698622606,"{""type"":""MultiPoint"",""coordinates"":[]}"
20040513,2004-05-13,4.060913278138269,"{""type"":""MultiPoint"",""coordinates"":[]}"
20040514,2004-05-14,6.097704598094335,"{""type"":""MultiPoint"",""coordinates"":[]}"
20040515,2004-05-15,1.8094342421315506,"{""type"":""MultiPoint"",""coordinates"":[]}"
20040516,2004-05-16,12.672357198102759,"{""type"":""MultiPoint"",""coordinates"":[]}"
20040517,2004-05-17,8.60578903824852,"{""type"":""MultiPoint"",""coordinates"":[]}"
20040518,2004-05-18,0.0,"{""type"":""MultiPoint"",""coordinates"":[]}"
20040519,2004-05-19,0.6677448339673205,"{""type"":""MultiPoint"",""coordinates"":[]}"
20040520,2004-05-20,0.0,"{""type"":""MultiPoint"",""coordinates"":[]}"
20040521,2004-05-21,0.0,"{""type"":""MultiPoint"",""coordinates"":[]}"
20040522,2004-05-22,0.0,"{""type"":""MultiPoint"",""coordinates"":[]}"
20040523,2004-05-23,0.9321993658956722,"{""type"":""MultiPoint"",""coordinates"":[]}"
20040524,2004-05-24,0.10409322090177162,"{""type"":""MultiPoint"",""coordinates"":[]}"
20040525,2004-05-25,0.18181580669740685,"{""type"":""MultiPoint"",""coordinates"":[]}"
20040526,2004-05-26,0.0025708479498696398,"{""type"":""MultiPoint"",""coordinates"":[]}"
20040527,2004-05-27,5.61961724016468,"{""type"":""MultiPoint"",""coordinates"":[]}"
20040528,2004-05-28,0.0,"{""type"":""MultiPoint"",""coordinates"":[]}"
20040529,2004-05-29,12.979862716866604,"{""type"":""MultiPoint"",""coordinates"":[]}"
20040530,2004-05-30,0.7538427367123979,"{""type"":""MultiPoint"",""coordinates"":[]}"
20040531,2004-05-31,1.9305723339040324,"{""type"":""MultiPoint"",""coordinates"":[]}"
20040601,2004-06-01,0.0,"{""type"":""MultiPoint"",""coordinates"":[]}"
20040602,2004-06-02,0.029821864104384775,"{""type"":""MultiPoint"",""coordinates"":[]}"
20040603,2004-06-03,6.316419664439314,"{""type"":""MultiPoint"",""coordinates"":[]}"
20040604,2004-06-04,2.9205099947892617,"{""type"":""MultiPoint"",""coordinates"":[]}"
20040605,2004-06-05,12.539239541671192,"{""type"":""MultiPoint"",""coordinates"":[]}"
20040606,2004-06-06,1.055776201981252,"{""type"":""MultiPoint"",""coordinates"":[]}"
20040607,2004-06-07,3.5185670024241316,"{""type"":""MultiPoint"",""coordinates"":[]}"
20040608,2004-06-08,0.19401959881875197,"{""type"":""MultiPoint"",""coordinates"":[]}"
20040609,2004-06-09,1.0416991128985784,"{""type"":""MultiPoint"",""coordinates"":[]}"
20040610,2004-06-10,1.7989822299517806,"{""type"":""MultiPoint"",""coordinates"":[]}"
20040611,2004-06-11,4.250624138508105,"{""type"":""MultiPoint"",""coordinates"":[]}"
20040612,2004-06-12,12.084977610917324,"{""type"":""MultiPoint"",""coordinates"":[]}"
20040613,2004-06-13,5.592660481953251,"{""type"":""MultiPoint"",""coordinates"":[]}"
20040614,2004-06-14,1.7181030682688194,"{""type"":""MultiPoint"",""coordinates"":[]}"
20040615,2004-06-15,1.4383469507838824,"{""type"":""MultiPoint"",""coordinates"":[]}"
20040616,2004-06-16,0.31685906396264046,"{""type"":""MultiPoint"",""coordinates"":[]}"
20040617,2004-06-17,0.0,"{""type"":""MultiPoint"",""coordinates"":[]}"
20040618,2004-06-18,5.0152328480018376E-5,"{""type"":""MultiPoint"",""coordinates"":[]}"
20040619,2004-06-19,0.0,"{""type"":""MultiPoint"",""coordinates"":[]}"
20040620,2004-06-20,0.0,"{""type"":""MultiPoint"",""coordinates"":[]}"
20040621,2004-06-21,0.0,"{""type"":""MultiPoint"",""coordinates"":[]}"
20040622,2004-06-22,0.0,"{""type"":""MultiPoint"",""coordinates"":[]}"
20040623,2004-06-23,0.0,"{""type"":""MultiPoint"",""coordinates"":[]}"
20040624,2004-06-24,0.0,"{""type"":""MultiPoint"",""coordinates"":[]}"
20040625,2004-06-25,0.0,"{""type"":""MultiPoint"",""coordinates"":[]}"
20040626,2004-06-26,0.27300478218666524,"{""type"":""MultiPoint"",""coordinates"":[]}"
20040627,2004-06-27,0.046612031319401406,"{""type"":""MultiPoint"",""coordinates"":[]}"
20040628,2004-06-28,1.7324549217280152,"{""type"":""MultiPoint"",""coordinates"":[]}"
20040629,2004-06-29,1.086897757382392,"{""type"":""MultiPoint"",""coordinates"":[]}"
20040630,2004-06-30,2.4994788073108554,"{""type"":""MultiPoint"",""coordinates"":[]}"
20040701,2004-07-01,0.08591875676983414,"{""type"":""MultiPoint"",""coordinates"":[]}"
20040702,2004-07-02,1.6409939437243293,"{""type"":""MultiPoint"",""coordinates"":[]}"
20040703,2004-07-03,7.52000623092453,"{""type"":""MultiPoint"",""coordinates"":[]}"
20040704,2004-07-04,0.11706596814827772,"{""type"":""MultiPoint"",""coordinates"":[]}"
20040705,2004-07-05,0.2610393772168092,"{""type"":""MultiPoint"",""coordinates"":[]}"
20040706,2004-07-06,0.6192101263892359,"{""type"":""MultiPoint"",""coordinates"":[]}"
20040707,2004-07-07,0.08687096942197108,"{""type"":""MultiPoint"",""coordinates"":[]}"
20040708,2004-07-08,5.289442925537225,"{""type"":""MultiPoint"",""coordinates"":[]}"
20040709,2004-07-09,10.004723252212312,"{""type"":""MultiPoint"",""coordinates"":[]}"
20040710,2004-07-10,9.40610870602022,"{""type"":""MultiPoint"",""coordinates"":[]}"
20040711,2004-07-11,6.611473171031842,"{""type"":""MultiPoint"",""coordinates"":[]}"
20040712,2004-07-12,19.72443699039291,"{""type"":""MultiPoint"",""coordinates"":[]}"
20040713,2004-07-13,10.848145759789844,"{""type"":""MultiPoint"",""coordinates"":[]}"
20040714,2004-07-14,6.904572781119971,"{""type"":""MultiPoint"",""coordinates"":[]}"
20040715,2004-07-15,6.018898640127943,"{""type"":""MultiPoint"",""coordinates"":[]}"
20040716,2004-07-16,0.020730422482483274,"{""type"":""MultiPoint"",""coordinates"":[]}"
20040717,2004-07-17,0.0,"{""type"":""MultiPoint"",""coordinates"":[]}"
20040718,2004-07-18,2.114228818805463,"{""type"":""MultiPoint"",""coordinates"":[]}"
20040719,2004-07-19,2.3306536754466065,"{""type"":""MultiPoint"",""coordinates"":[]}"
20040720,2004-07-20,0.6182364998484674,"{""type"":""MultiPoint"",""coordinates"":[]}"
20040721,2004-07-21,1.7204623777639372,"{""type"":""MultiPoint"",""coordinates"":[]}"
20040722,2004-07-22,6.558062380483631,"{""type"":""MultiPoint"",""coordinates"":[]}"
20040723,2004-07-23,2.4249935082335954,"{""type"":""MultiPoint"",""coordinates"":[]}"
20040724,2004-07-24,4.137020463322846,"{""type"":""MultiPoint"",""coordinates"":[]}"
20040725,2004-07-25,3.6237103869856147,"{""type"":""MultiPoint"",""coordinates"":[]}"
20040726,2004-07-26,14.511398458968952,"{""type"":""MultiPoint"",""coordinates"":[]}"
20040727,2004-07-27,4.308625621210855,"{""type"":""MultiPoint"",""coordinates"":[]}"
20040728,2004-07-28,1.8935405672799255,"{""type"":""MultiPoint"",""coordinates"":[]}"
20040729,2004-07-29,12.640035296867724,"{""type"":""MultiPoint"",""coordinates"":[]}"
20040730,2004-07-30,0.055654158821853233,"{""type"":""MultiPoint"",""coordinates"":[]}"
20040731,2004-07-31,0.8861504117911437,"{""type"":""MultiPoint"",""coordinates"":[]}"
20040801,2004-08-01,3.9397822085314353,"{""type"":""MultiPoint"",""coordinates"":[]}"
20040802,2004-08-02,9.492024989584342,"{""type"":""MultiPoint"",""coordinates"":[]}"
20040803,2004-08-03,21.090585755430904,"{""type"":""MultiPoint"",""coordinates"":[]}"
20040804,2004-08-04,8.854762454915724,"{""type"":""MultiPoint"",""coordinates"":[]}"
20040805,2004-08-05,1.2926959329362557,"{""type"":""MultiPoint"",""coordinates"":[]}"
20040806,2004-08-06,0.0,"{""type"":""MultiPoint"",""coordinates"":[]}"
20040807,2004-08-07,1.467942023471061,"{""type"":""MultiPoint"",""coordinates"":[]}"
20040808,2004-08-08,0.3401505004690641,"{""type"":""MultiPoint"",""coordinates"":[]}"
20040809,2004-08-09,0.0,"{""type"":""MultiPoint"",""coordinates"":[]}"
20040810,2004-08-10,4.100905146702591,"{""type"":""MultiPoint"",""coordinates"":[]}"
20040811,2004-08-11,0.0873640433524453,"{""type"":""MultiPoint"",""coordinates"":[]}"
20040812,2004-08-12,0.0,"{""type"":""MultiPoint"",""coordinates"":[]}"
20040813,2004-08-13,0.0,"{""type"":""MultiPoint"",""coordinates"":[]}"
20040814,2004-08-14,0.08319389682455713,"{""type"":""MultiPoint"",""coordinates"":[]}"
20040815,2004-08-15,0.0,"{""type"":""MultiPoint"",""coordinates"":[]}"
20040816,2004-08-16,0.0,"{""type"":""MultiPoint"",""coordinates"":[]}"
20040817,2004-08-17,0.0,"{""type"":""MultiPoint"",""coordinates"":[]}"
20040818,2004-08-18,0.0,"{""type"":""MultiPoint"",""coordinates"":[]}"
20040819,2004-08-19,1.579736093840245E-4,"{""type"":""MultiPoint"",""coordinates"":[]}"
20040820,2004-08-20,0.06959240941641147,"{""type"":""MultiPoint"",""coordinates"":[]}"
20040821,2004-08-21,0.8140186658381924,"{""type"":""MultiPoint"",""coordinates"":[]}"
20040822,2004-08-22,0.0,"{""type"":""MultiPoint"",""coordinates"":[]}"
20040823,2004-08-23,0.0,"{""type"":""MultiPoint"",""coordinates"":[]}"
20040824,2004-08-24,0.0,"{""type"":""MultiPoint"",""coordinates"":[]}"
20040825,2004-08-25,0.0,"{""type"":""MultiPoint"",""coordinates"":[]}"
20040826,2004-08-26,0.0,"{""type"":""MultiPoint"",""coordinates"":[]}"
20040827,2004-08-27,0.0,"{""type"":""MultiPoint"",""coordinates"":[]}"
20040828,2004-08-28,0.0,"{""type"":""MultiPoint"",""coordinates"":[]}"
20040829,2004-08-29,0.0,"{""type"":""MultiPoint"",""coordinates"":[]}"
20040830,2004-08-30,0.0,"{""type"":""MultiPoint"",""coordinates"":[]}"
20040831,2004-08-31,0.0,"{""type"":""MultiPoint"",""coordinates"":[]}"
20040901,2004-09-01,0.0,"{""type"":""MultiPoint"",""coordinates"":[]}"
20040902,2004-09-02,0.0,"{""type"":""MultiPoint"",""coordinates"":[]}"
20040903,2004-09-03,5.522190171711394,"{""type"":""MultiPoint"",""coordinates"":[]}"
20040904,2004-09-04,35.41613111848303,"{""type"":""MultiPoint"",""coordinates"":[]}"
20040905,2004-09-05,33.86492307674446,"{""type"":""MultiPoint"",""coordinates"":[]}"
20040906,2004-09-06,7.25060485321681,"{""type"":""MultiPoint"",""coordinates"":[]}"
20040907,2004-09-07,1.4837833849190134,"{""type"":""MultiPoint"",""coordinates"":[]}"
20040908,2004-09-08,0.07294873412612654,"{""type"":""MultiPoint"",""coordinates"":[]}"
20040909,2004-09-09,7.419288182630395,"{""type"":""MultiPoint"",""coordinates"":[]}"
20040910,2004-09-10,3.6339553661872794,"{""type"":""MultiPoint"",""coordinates"":[]}"
20040911,2004-09-11,0.0551505617830605,"{""type"":""MultiPoint"",""coordinates"":[]}"
20040912,2004-09-12,0.05557921817667792,"{""type"":""MultiPoint"",""coordinates"":[]}"
20040913,2004-09-13,0.2454275122896731,"{""type"":""MultiPoint"",""coordinates"":[]}"
20040914,2004-09-14,4.808150375612101,"{""type"":""MultiPoint"",""coordinates"":[]}"
20040915,2004-09-15,12.818380530812776,"{""type"":""MultiPoint"",""coordinates"":[]}"
20040916,2004-09-16,0.0,"{""type"":""MultiPoint"",""coordinates"":[]}"
20040917,2004-09-17,0.04044466990095568,"{""type"":""MultiPoint"",""coordinates"":[]}"
20040918,2004-09-18,6.237863417265547,"{""type"":""MultiPoint"",""coordinates"":[]}"
20040919,2004-09-19,13.080912171429235,"{""type"":""MultiPoint"",""coordinates"":[]}"
20040920,2004-09-20,6.484114518862098,"{""type"":""MultiPoint"",""coordinates"":[]}"
20040921,2004-09-21,4.099310705485627,"{""type"":""MultiPoint"",""coordinates"":[]}"
20040922,2004-09-22,2.646408630556198,"{""type"":""MultiPoint"",""coordinates"":[]}"
20040923,2004-09-23,8.00783471931118,"{""type"":""MultiPoint"",""coordinates"":[]}"
20040924,2004-09-24,4.476907377333171,"{""type"":""MultiPoint"",""coordinates"":[]}"
20040925,2004-09-25,0.0026376471585582667,"{""type"":""MultiPoint"",""coordinates"":[]}"
20040926,2004-09-26,4.664521653666449,"{""type"":""MultiPoint"",""coordinates"":[]}"
20040927,2004-09-27,0.912694796458508,"{""type"":""MultiPoint"",""coordinates"":[]}"
20040928,2004-09-28,0.9105966911690427,"{""type"":""MultiPoint"",""coordinates"":[]}"
20040929,2004-09-29,1.9888862155158338,"{""type"":""MultiPoint"",""coordinates"":[]}"
20040930,2004-09-30,0.8055148500289697,"{""type"":""MultiPoint"",""coordinates"":[]}"
20041001,2004-10-01,5.327564384896241,"{""type"":""MultiPoint"",""coordinates"":[]}"
20041002,2004-10-02,8.543038009047484,"{""type"":""MultiPoint"",""coordinates"":[]}"
20041003,2004-10-03,15.628307254362731,"{""type"":""MultiPoint"",""coordinates"":[]}"
20041004,2004-10-04,17.75799530640754,"{""type"":""MultiPoint"",""coordinates"":[]}"
20041005,2004-10-05,5.179130760684274,"{""type"":""MultiPoint"",""coordinates"":[]}"
20041006,2004-10-06,0.07672258014618502,"{""type"":""MultiPoint"",""coordinates"":[]}"
20041007,2004-10-07,0.04968173131122732,"{""type"":""MultiPoint"",""coordinates"":[]}"
20041008,2004-10-08,0.0,"{""type"":""MultiPoint"",""coordinates"":[]}"
20041009,2004-10-09,0.032532291259361155,"{""type"":""MultiPoint"",""coordinates"":[]}"
20041010,2004-10-10,2.471591443746821,"{""type"":""MultiPoint"",""coordinates"":[]}"
20041011,2004-10-11,1.9455733374557045,"{""type"":""MultiPoint"",""coordinates"":[]}"
20041012,2004-10-12,0.5220661237405992,"{""type"":""MultiPoint"",""coordinates"":[]}"
20041013,2004-10-13,0.6079264002979191,"{""type"":""MultiPoint"",""coordinates"":[]}"
20041014,2004-10-14,0.7140055541929292,"{""type"":""MultiPoint"",""coordinates"":[]}"
20041015,2004-10-15,2.8248806797969146,"{""type"":""MultiPoint"",""coordinates"":[]}"
20041016,2004-10-16,0.0,"{""type"":""MultiPoint"",""coordinates"":[]}"
20041017,2004-10-17,0.1551974601527126,"{""type"":""MultiPoint"",""coordinates"":[]}"
20041018,2004-10-18,0.01892417344706661,"{""type"":""MultiPoint"",""coordinates"":[]}"
20041019,2004-10-19,0.0,"{""type"":""MultiPoint"",""coordinates"":[]}"
20041020,2004-10-20,0.0,"{""type"":""MultiPoint"",""coordinates"":[]}"
20041021,2004-10-21,0.23776420299231563,"{""type"":""MultiPoint"",""coordinates"":[]}"
20041022,2004-10-22,0.05210889796322409,"{""type"":""MultiPoint"",""coordinates"":[]}"
20041023,2004-10-23,0.0,"{""type"":""MultiPoint"",""coordinates"":[]}"
20041024,2004-10-24,0.0,"{""type"":""MultiPoint"",""coordinates"":[]}"
20041025,2004-10-25,0.0,"{""type"":""MultiPoint"",""coordinates"":[]}"
20041026,2004-10-26,0.0,"{""type"":""MultiPoint"",""coordinates"":[]}"
20041027,2004-10-27,0.0,"{""type"":""MultiPoint"",""coordinates"":[]}"
20041028,2004-10-28,0.0,"{""type"":""MultiPoint"",""coordinates"":[]}"
20041029,2004-10-29,3.261698852756003,"{""type"":""MultiPoint"",""coordinates"":[]}"
20041030,2004-10-30,0.0,"{""type"":""MultiPoint"",""coordinates"":[]}"
20041031,2004-10-31,0.0,"{""type"":""MultiPoint"",""coordinates"":[]}"
20041101,2004-11-01,0.12194692328644399,"{""type"":""MultiPoint"",""coordinates"":[]}"
20041102,2004-11-02,0.13148994189064658,"{""type"":""MultiPoint"",""coordinates"":[]}"
20041103,2004-11-03,0.08895517693302683,"{""type"":""MultiPoint"",""coordinates"":[]}"
20041104,2004-11-04,1.2780797193719773,"{""type"":""MultiPoint"",""coordinates"":[]}"
20041105,2004-11-05,2.7520581686089742,"{""type"":""MultiPoint"",""coordinates"":[]}"
20041106,2004-11-06,5.291244162792819,"{""type"":""MultiPoint"",""coordinates"":[]}"
20041107,2004-11-07,0.24469355071851634,"{""type"":""MultiPoint"",""coordinates"":[]}"
20041108,2004-11-08,0.0028201581056314035,"{""type"":""MultiPoint"",""coordinates"":[]}"
20041109,2004-11-09,0.0,"{""type"":""MultiPoint"",""coordinates"":[]}"
20041110,2004-11-10,0.0,"{""type"":""MultiPoint"",""coordinates"":[]}"
20041111,2004-11-11,0.0,"{""type"":""MultiPoint"",""coordinates"":[]}"
20041112,2004-11-12,0.0,"{""type"":""MultiPoint"",""coordinates"":[]}"
20041113,2004-11-13,0.0,"{""type"":""MultiPoint"",""coordinates"":[]}"
20041114,2004-11-14,0.0,"{""type"":""MultiPoint"",""coordinates"":[]}"
20041115,2004-11-15,0.0064696593843580315,"{""type"":""MultiPoint"",""coordinates"":[]}"
20041116,2004-11-16,0.0,"{""type"":""MultiPoint"",""coordinates"":[]}"
20041117,2004-11-17,0.0,"{""type"":""MultiPoint"",""coordinates"":[]}"
20041118,2004-11-18,0.0,"{""type"":""MultiPoint"",""coordinates"":[]}"
20041119,2004-11-19,0.0,"{""type"":""MultiPoint"",""coordinates"":[]}"
20041120,2004-11-20,0.0,"{""type"":""MultiPoint"",""coordinates"":[]}"
20041121,2004-11-21,0.0,"{""type"":""MultiPoint"",""coordinates"":[]}"
20041122,2004-11-22,0.0,"{""type"":""MultiPoint"",""coordinates"":[]}"
20041123,2004-11-23,0.0,"{""type"":""MultiPoint"",""coordinates"":[]}"
20041124,2004-11-24,0.0,"{""type"":""MultiPoint"",""coordinates"":[]}"
20041125,2004-11-25,0.0,"{""type"":""MultiPoint"",""coordinates"":[]}"
20041126,2004-11-26,0.0,"{""type"":""MultiPoint"",""coordinates"":[]}"
20041127,2004-11-27,0.0,"{""type"":""MultiPoint"",""coordinates"":[]}"
20041128,2004-11-28,0.0,"{""type"":""MultiPoint"",""coordinates"":[]}"
20041129,2004-11-29,0.0,"{""type"":""MultiPoint"",""coordinates"":[]}"
20041130,2004-11-30,0.0,"{""type"":""MultiPoint"",""coordinates"":[]}"
20041201,2004-12-01,0.0,"{""type"":""MultiPoint"",""coordinates"":[]}"
20041202,2004-12-02,0.007625427709786496,"{""type"":""MultiPoint"",""coordinates"":[]}"
20041203,2004-12-03,0.0,"{""type"":""MultiPoint"",""coordinates"":[]}"
20041204,2004-12-04,0.0,"{""type"":""MultiPoint"",""coordinates"":[]}"
20041205,2004-12-05,0.0,"{""type"":""MultiPoint"",""coordinates"":[]}"
20041206,2004-12-06,0.0,"{""type"":""MultiPoint"",""coordinates"":[]}"
20041207,2004-12-07,0.0,"{""type"":""MultiPoint"",""coordinates"":[]}"
20041208,2004-12-08,0.0,"{""type"":""MultiPoint"",""coordinates"":[]}"
20041209,2004-12-09,0.18610864559435145,"{""type"":""MultiPoint"",""coordinates"":[]}"
20041210,2004-12-10,0.0,"{""type"":""MultiPoint"",""coordinates"":[]}"
20041211,2004-12-11,0.0,"{""type"":""MultiPoint"",""coordinates"":[]}"
20041212,2004-12-12,0.0,"{""type"":""MultiPoint"",""coordinates"":[]}"
20041213,2004-12-13,0.0063971872968007736,"{""type"":""MultiPoint"",""coordinates"":[]}"
20041214,2004-12-14,0.0,"{""type"":""MultiPoint"",""coordinates"":[]}"
20041215,2004-12-15,0.0,"{""type"":""MultiPoint"",""coordinates"":[]}"
20041216,2004-12-16,0.18944060976797325,"{""type"":""MultiPoint"",""coordinates"":[]}"
20041217,2004-12-17,0.0,"{""type"":""MultiPoint"",""coordinates"":[]}"
20041218,2004-12-18,0.0,"{""type"":""MultiPoint"",""coordinates"":[]}"
20041219,2004-12-19,0.0,"{""type"":""MultiPoint"",""coordinates"":[]}"
20041220,2004-12-20,0.0,"{""type"":""MultiPoint"",""coordinates"":[]}"
20041221,2004-12-21,0.0,"{""type"":""MultiPoint"",""coordinates"":[]}"
20041222,2004-12-22,0.0,"{""type"":""MultiPoint"",""coordinates"":[]}"
20041223,2004-12-23,0.0,"{""type"":""MultiPoint"",""coordinates"":[]}"
20041224,2004-12-24,0.006867048783155501,"{""type"":""MultiPoint"",""coordinates"":[]}"
20041225,2004-12-25,0.060812160983755005,"{""type"":""MultiPoint"",""coordinates"":[]}"
20041226,2004-12-26,0.0,"{""type"":""MultiPoint"",""coordinates"":[]}"
20041227,2004-12-27,0.0,"{""type"":""MultiPoint"",""coordinates"":[]}"
20041228,2004-12-28,0.0,"{""type"":""MultiPoint"",""coordinates"":[]}"
20041229,2004-12-29,0.0,"{""type"":""MultiPoint"",""coordinates"":[]}"
20041230,2004-12-30,4.0558520941045445E-4,"{""type"":""MultiPoint"",""coordinates"":[]}"
20041231,2004-12-31,0.10369054466634907,"{""type"":""MultiPoint"",""coordinates"":[]}"
20050101,2005-01-01,0.0,"{""type"":""MultiPoint"",""coordinates"":[]}"
20050102,2005-01-02,0.0,"{""type"":""MultiPoint"",""coordinates"":[]}"
20050103,2005-01-03,0.019674909289799845,"{""type"":""MultiPoint"",""coordinates"":[]}"
20050104,2005-01-04,0.0,"{""type"":""MultiPoint"",""coordinates"":[]}"
20050105,2005-01-05,0.0,"{""type"":""MultiPoint"",""coordinates"":[]}"
20050106,2005-01-06,0.0,"{""type"":""MultiPoint"",""coordinates"":[]}"
20050107,2005-01-07,0.0,"{""type"":""MultiPoint"",""coordinates"":[]}"
20050108,2005-01-08,0.0,"{""type"":""MultiPoint"",""coordinates"":[]}"
20050109,2005-01-09,0.0,"{""type"":""MultiPoint"",""coordinates"":[]}"
20050110,2005-01-10,0.0,"{""type"":""MultiPoint"",""coordinates"":[]}"
20050111,2005-01-11,0.0,"{""type"":""MultiPoint"",""coordinates"":[]}"
20050112,2005-01-12,0.0,"{""type"":""MultiPoint"",""coordinates"":[]}"
20050113,2005-01-13,0.0,"{""type"":""MultiPoint"",""coordinates"":[]}"
20050114,2005-01-14,0.0,"{""type"":""MultiPoint"",""coordinates"":[]}"
20050115,2005-01-15,0.0,"{""type"":""MultiPoint"",""coordinates"":[]}"
20050116,2005-01-16,0.0,"{""type"":""MultiPoint"",""coordinates"":[]}"
20050117,2005-01-17,0.0,"{""type"":""MultiPoint"",""coordinates"":[]}"
20050118,2005-01-18,0.0,"{""type"":""MultiPoint"",""coordinates"":[]}"
20050119,2005-01-19,0.0,"{""type"":""MultiPoint"",""coordinates"":[]}"
20050120,2005-01-20,0.0,"{""type"":""MultiPoint"",""coordinates"":[]}"
20050121,2005-01-21,0.0,"{""type"":""MultiPoint"",""coordinates"":[]}"
20050122,2005-01-22,0.0,"{""type"":""MultiPoint"",""coordinates"":[]}"
20050123,2005-01-23,0.016105515984173084,"{""type"":""MultiPoint"",""coordinates"":[]}"
20050124,2005-01-24,0.0,"{""type"":""MultiPoint"",""coordinates"":[]}"
20050125,2005-01-25,0.0,"{""type"":""MultiPoint"",""coordinates"":[]}"
20050126,2005-01-26,0.0,"{""type"":""MultiPoint"",""coordinates"":[]}"
20050127,2005-01-27,0.0,"{""type"":""MultiPoint"",""coordinates"":[]}"
20050128,2005-01-28,0.0,"{""type"":""MultiPoint"",""coordinates"":[]}"
20050129,2005-01-29,0.0,"{""type"":""MultiPoint"",""coordinates"":[]}"
20050130,2005-01-30,0.012904709506162428,"{""type"":""MultiPoint"",""coordinates"":[]}"
20050131,2005-01-31,0.18738329668272838,"{""type"":""MultiPoint"",""coordinates"":[]}"
20050201,2005-02-01,0.0,"{""type"":""MultiPoint"",""coordinates"":[]}"
20050202,2005-02-02,0.0,"{""type"":""MultiPoint"",""coordinates"":[]}"
20050203,2005-02-03,0.0,"{""type"":""MultiPoint"",""coordinates"":[]}"
20050204,2005-02-04,0.0,"{""type"":""MultiPoint"",""coordinates"":[]}"
20050205,2005-02-05,0.0,"{""type"":""MultiPoint"",""coordinates"":[]}"
20050206,2005-02-06,0.0,"{""type"":""MultiPoint"",""coordinates"":[]}"
20050207,2005-02-07,0.0,"{""type"":""MultiPoint"",""coordinates"":[]}"
20050208,2005-02-08,0.0,"{""type"":""MultiPoint"",""coordinates"":[]}"
20050209,2005-02-09,0.0,"{""type"":""MultiPoint"",""coordinates"":[]}"
20050210,2005-02-10,0.0,"{""type"":""MultiPoint"",""coordinates"":[]}"
20050211,2005-02-11,0.0,"{""type"":""MultiPoint"",""coordinates"":[]}"
20050212,2005-02-12,0.0,"{""type"":""MultiPoint"",""coordinates"":[]}"
20050213,2005-02-13,0.0,"{""type"":""MultiPoint"",""coordinates"":[]}"
20050214,2005-02-14,0.0,"{""type"":""MultiPoint"",""coordinates"":[]}"
20050215,2005-02-15,0.0,"{""type"":""MultiPoint"",""coordinates"":[]}"
20050216,2005-02-16,0.0,"{""type"":""MultiPoint"",""coordinates"":[]}"
20050217,2005-02-17,0.0,"{""type"":""MultiPoint"",""coordinates"":[]}"
20050218,2005-02-18,0.0,"{""type"":""MultiPoint"",""coordinates"":[]}"
20050219,2005-02-19,0.0,"{""type"":""MultiPoint"",""coordinates"":[]}"
20050220,2005-02-20,0.0,"{""type"":""MultiPoint"",""coordinates"":[]}"
20050221,2005-02-21,0.0,"{""type"":""MultiPoint"",""coordinates"":[]}"
20050222,2005-02-22,0.0,"{""type"":""MultiPoint"",""coordinates"":[]}"
20050223,2005-02-23,0.0,"{""type"":""MultiPoint"",""coordinates"":[]}"
20050224,2005-02-24,0.0,"{""type"":""MultiPoint"",""coordinates"":[]}"
20050225,2005-02-25,0.0,"{""type"":""MultiPoint"",""coordinates"":[]}"
20050226,2005-02-26,0.0,"{""type"":""MultiPoint"",""coordinates"":[]}"
20050227,2005-02-27,0.0,"{""type"":""MultiPoint"",""coordinates"":[]}"
20050228,2005-02-28,0.0,"{""type"":""MultiPoint"",""coordinates"":[]}"
20050301,2005-03-01,0.0,"{""type"":""MultiPoint"",""coordinates"":[]}"
20050302,2005-03-02,0.0,"{""type"":""MultiPoint"",""coordinates"":[]}"
20050303,2005-03-03,0.0,"{""type"":""MultiPoint"",""coordinates"":[]}"
20050304,2005-03-04,0.0,"{""type"":""MultiPoint"",""coordinates"":[]}"
20050305,2005-03-05,0.0,"{""type"":""MultiPoint"",""coordinates"":[]}"
20050306,2005-03-06,0.0,"{""type"":""MultiPoint"",""coordinates"":[]}"
20050307,2005-03-07,0.0,"{""type"":""MultiPoint"",""coordinates"":[]}"
20050308,2005-03-08,0.0014513393587717244,"{""type"":""MultiPoint"",""coordinates"":[]}"
20050309,2005-03-09,0.15204107905818606,"{""type"":""MultiPoint"",""coordinates"":[]}"
20050310,2005-03-10,0.8045133968422173,"{""type"":""MultiPoint"",""coordinates"":[]}"
20050311,2005-03-11,0.0,"{""type"":""MultiPoint"",""coordinates"":[]}"
20050312,2005-03-12,0.0070567182196084564,"{""type"":""MultiPoint"",""coordinates"":[]}"
20050313,2005-03-13,5.18039887272281E-5,"{""type"":""MultiPoint"",""coordinates"":[]}"
20050314,2005-03-14,0.0,"{""type"":""MultiPoint"",""coordinates"":[]}"
20050315,2005-03-15,0.0,"{""type"":""MultiPoint"",""coordinates"":[]}"
20050316,2005-03-16,0.0,"{""type"":""MultiPoint"",""coordinates"":[]}"
20050317,2005-03-17,0.0,"{""type"":""MultiPoint"",""coordinates"":[]}"
20050318,2005-03-18,0.0,"{""type"":""MultiPoint"",""coordinates"":[]}"
20050319,2005-03-19,0.0,"{""type"":""MultiPoint"",""coordinates"":[]}"
20050320,2005-03-20,0.0,"{""type"":""MultiPoint"",""coordinates"":[]}"
20050321,2005-03-21,0.0,"{""type"":""MultiPoint"",""coordinates"":[]}"
20050322,2005-03-22,0.0,"{""type"":""MultiPoint"",""coordinates"":[]}"
20050323,2005-03-23,0.0,"{""type"":""MultiPoint"",""coordinates"":[]}"
20050324,2005-03-24,0.0,"{""type"":""MultiPoint"",""coordinates"":[]}"
20050325,2005-03-25,0.0,"{""type"":""MultiPoint"",""coordinates"":[]}"
20050326,2005-03-26,0.016844489335543802,"{""type"":""MultiPoint"",""coordinates"":[]}"
20050327,2005-03-27,0.0,"{""type"":""MultiPoint"",""coordinates"":[]}"
20050328,2005-03-28,0.0,"{""type"":""MultiPoint"",""coordinates"":[]}"
20050329,2005-03-29,0.42103852054624646,"{""type"":""MultiPoint"",""coordinates"":[]}"
20050330,2005-03-30,0.13042654361192335,"{""type"":""MultiPoint"",""coordinates"":[]}"
20050331,2005-03-31,0.7956419462093175,"{""type"":""MultiPoint"",""coordinates"":[]}"
20050401,2005-04-01,0.0,"{""type"":""MultiPoint"",""coordinates"":[]}"
20050402,2005-04-02,0.0,"{""type"":""MultiPoint"",""coordinates"":[]}"
20050403,2005-04-03,0.0,"{""type"":""MultiPoint"",""coordinates"":[]}"
20050404,2005-04-04,0.0,"{""type"":""MultiPoint"",""coordinates"":[]}"
20050405,2005-04-05,0.0,"{""type"":""MultiPoint"",""coordinates"":[]}"
20050406,2005-04-06,0.0,"{""type"":""MultiPoint"",""coordinates"":[]}"
20050407,2005-04-07,0.0,"{""type"":""MultiPoint"",""coordinates"":[]}"
20050408,2005-04-08,0.0,"{""type"":""MultiPoint"",""coordinates"":[]}"
20050409,2005-04-09,0.23445976506490382,"{""type"":""MultiPoint"",""coordinates"":[]}"
20050410,2005-04-10,2.671919100327782,"{""type"":""MultiPoint"",""coordinates"":[]}"
20050411,2005-04-11,1.9007684058966754,"{""type"":""MultiPoint"",""coordinates"":[]}"
20050412,2005-04-12,0.0724295684364077,"{""type"":""MultiPoint"",""coordinates"":[]}"
20050413,2005-04-13,1.5115859615763658,"{""type"":""MultiPoint"",""coordinates"":[]}"
20050414,2005-04-14,2.54277980358211,"{""type"":""MultiPoint"",""coordinates"":[]}"
20050415,2005-04-15,5.689323772694021,"{""type"":""MultiPoint"",""coordinates"":[]}"
20050416,2005-04-16,0.3469050313365735,"{""type"":""MultiPoint"",""coordinates"":[]}"
20050417,2005-04-17,1.4873224452636349,"{""type"":""MultiPoint"",""coordinates"":[]}"
20050418,2005-04-18,0.0,"{""type"":""MultiPoint"",""coordinates"":[]}"
20050419,2005-04-19,4.283737875572078,"{""type"":""MultiPoint"",""coordinates"":[]}"
20050420,2005-04-20,4.502819610039112,"{""type"":""MultiPoint"",""coordinates"":[]}"
20050421,2005-04-21,0.34042968750327923,"{""type"":""MultiPoint"",""coordinates"":[]}"
20050422,2005-04-22,0.443293986782713,"{""type"":""MultiPoint"",""coordinates"":[]}"
20050423,2005-04-23,1.1792655640578955,"{""type"":""MultiPoint"",""coordinates"":[]}"
20050424,2005-04-24,1.4951194086621755,"{""type"":""MultiPoint"",""coordinates"":[]}"
20050425,2005-04-25,0.7893785800893178,"{""type"":""MultiPoint"",""coordinates"":[]}"
20050426,2005-04-26,0.07972179637043238,"{""type"":""MultiPoint"",""coordinates"":[]}"
20050427,2005-04-27,1.2119124029598185,"{""type"":""MultiPoint"",""coordinates"":[]}"
20050428,2005-04-28,0.10102544036579027,"{""type"":""MultiPoint"",""coordinates"":[]}"
20050429,2005-04-29,0.0,"{""type"":""MultiPoint"",""coordinates"":[]}"
20050430,2005-04-30,0.0,"{""type"":""MultiPoint"",""coordinates"":[]}"
20050501,2005-05-01,0.0,"{""type"":""MultiPoint"",""coordinates"":[]}"
20050502,2005-05-02,0.6951295574451736,"{""type"":""MultiPoint"",""coordinates"":[]}"
20050503,2005-05-03,2.3288574821912844,"{""type"":""MultiPoint"",""coordinates"":[]}"
20050504,2005-05-04,0.43399507629399753,"{""type"":""MultiPoint"",""coordinates"":[]}"
20050505,2005-05-05,0.04230021854551512,"{""type"":""MultiPoint"",""coordinates"":[]}"
20050506,2005-05-06,1.926060681696314,"{""type"":""MultiPoint"",""coordinates"":[]}"
20050507,2005-05-07,0.0,"{""type"":""MultiPoint"",""coordinates"":[]}"
20050508,2005-05-08,0.0,"{""type"":""MultiPoint"",""coordinates"":[]}"
20050509,2005-05-09,0.0,"{""type"":""MultiPoint"",""coordinates"":[]}"
20050510,2005-05-10,0.0012306960346442858,"{""type"":""MultiPoint"",""coordinates"":[]}"
20050511,2005-05-11,0.0,"{""type"":""MultiPoint"",""coordinates"":[]}"
20050512,2005-05-12,0.008605568797880237,"{""type"":""MultiPoint"",""coordinates"":[]}"
20050513,2005-05-13,0.0,"{""type"":""MultiPoint"",""coordinates"":[]}"
20050514,2005-05-14,0.0,"{""type"":""MultiPoint"",""coordinates"":[]}"
20050515,2005-05-15,0.0,"{""type"":""MultiPoint"",""coordinates"":[]}"
20050516,2005-05-16,0.0,"{""type"":""MultiPoint"",""coordinates"":[]}"
20050517,2005-05-17,0.0,"{""type"":""MultiPoint"",""coordinates"":[]}"
20050518,2005-05-18,0.0,"{""type"":""MultiPoint"",""coordinates"":[]}"
20050519,2005-05-19,0.1759164508368155,"{""type"":""MultiPoint"",""coordinates"":[]}"
20050520,2005-05-20,1.8026041567709326,"{""type"":""MultiPoint"",""coordinates"":[]}"
20050521,2005-05-21,14.157386464594028,"{""type"":""MultiPoint"",""coordinates"":[]}"
20050522,2005-05-22,0.3664529922993192,"{""type"":""MultiPoint"",""coordinates"":[]}"
20050523,2005-05-23,0.08663770547256766,"{""type"":""MultiPoint"",""coordinates"":[]}"
20050524,2005-05-24,3.4611399305368122,"{""type"":""MultiPoint"",""coordinates"":[]}"
20050525,2005-05-25,0.22527047987556195,"{""type"":""MultiPoint"",""coordinates"":[]}"
20050526,2005-05-26,18.696138296917486,"{""type"":""MultiPoint"",""coordinates"":[]}"
20050527,2005-05-27,6.546407313294057,"{""type"":""MultiPoint"",""coordinates"":[]}"
20050528,2005-05-28,2.710441634010256,"{""type"":""MultiPoint"",""coordinates"":[]}"
20050529,2005-05-29,3.9697787838059524,"{""type"":""MultiPoint"",""coordinates"":[]}"
20050530,2005-05-30,10.981580169998702,"{""type"":""MultiPoint"",""coordinates"":[]}"
20050531,2005-05-31,1.0813359756318082,"{""type"":""MultiPoint"",""coordinates"":[]}"
20050601,2005-06-01,0.5023038440458674,"{""type"":""MultiPoint"",""coordinates"":[]}"
20050602,2005-06-02,1.3601317261311991,"{""type"":""MultiPoint"",""coordinates"":[]}"
20050603,2005-06-03,3.0519946955028723,"{""type"":""MultiPoint"",""coordinates"":[]}"
20050604,2005-06-04,0.8501604277150945,"{""type"":""MultiPoint"",""coordinates"":[]}"
20050605,2005-06-05,1.0139184255702849,"{""type"":""MultiPoint"",""coordinates"":[]}"
20050606,2005-06-06,4.472071476310699,"{""type"":""MultiPoint"",""coordinates"":[]}"
20050607,2005-06-07,14.954644802370249,"{""type"":""MultiPoint"",""coordinates"":[]}"
20050608,2005-06-08,1.8792917762713868,"{""type"":""MultiPoint"",""coordinates"":[]}"
20050609,2005-06-09,7.81182222114032,"{""type"":""MultiPoint"",""coordinates"":[]}"
20050610,2005-06-10,2.6019050311097254,"{""type"":""MultiPoint"",""coordinates"":[]}"
20050611,2005-06-11,0.22103399101124768,"{""type"":""MultiPoint"",""coordinates"":[]}"
20050612,2005-06-12,0.0,"{""type"":""MultiPoint"",""coordinates"":[]}"
20050613,2005-06-13,12.659424482638178,"{""type"":""MultiPoint"",""coordinates"":[]}"
20050614,2005-06-14,0.8719842796923292,"{""type"":""MultiPoint"",""coordinates"":[]}"
20050615,2005-06-15,0.20685337583670307,"{""type"":""MultiPoint"",""coordinates"":[]}"
20050616,2005-06-16,0.944012755049735,"{""type"":""MultiPoint"",""coordinates"":[]}"
20050617,2005-06-17,0.0,"{""type"":""MultiPoint"",""coordinates"":[]}"
20050618,2005-06-18,0.010037266972864618,"{""type"":""MultiPoint"",""coordinates"":[]}"
20050619,2005-06-19,0.0,"{""type"":""MultiPoint"",""coordinates"":[]}"
20050620,2005-06-20,0.5972902117988212,"{""type"":""MultiPoint"",""coordinates"":[]}"
20050621,2005-06-21,5.477706613931581,"{""type"":""MultiPoint"",""coordinates"":[]}"
20050622,2005-06-22,0.0722589447218679,"{""type"":""MultiPoint"",""coordinates"":[]}"
20050623,2005-06-23,0.4310139495659124,"{""type"":""MultiPoint"",""coordinates"":[]}"
20050624,2005-06-24,0.9549957250772569,"{""type"":""MultiPoint"",""coordinates"":[]}"
20050625,2005-06-25,9.25996205827094,"{""type"":""MultiPoint"",""coordinates"":[]}"
20050626,2005-06-26,1.1625759782160874,"{""type"":""MultiPoint"",""coordinates"":[]}"
20050627,2005-06-27,7.494579688783305,"{""type"":""MultiPoint"",""coordinates"":[]}"
20050628,2005-06-28,7.306254415831123,"{""type"":""MultiPoint"",""coordinates"":[]}"
20050629,2005-06-29,1.7490554195475674,"{""type"":""MultiPoint"",""coordinates"":[]}"
20050630,2005-06-30,1.1220843835909116,"{""type"":""MultiPoint"",""coordinates"":[]}"
20050701,2005-07-01,0.038770179158488655,"{""type"":""MultiPoint"",""coordinates"":[]}"
20050702,2005-07-02,0.0,"{""type"":""MultiPoint"",""coordinates"":[]}"
20050703,2005-07-03,0.0,"{""type"":""MultiPoint"",""coordinates"":[]}"
20050704,2005-07-04,0.5136167053695745,"{""type"":""MultiPoint"",""coordinates"":[]}"
20050705,2005-07-05,0.001851879085495827,"{""type"":""MultiPoint"",""coordinates"":[]}"
20050706,2005-07-06,1.7413375224163,"{""type"":""MultiPoint"",""coordinates"":[]}"
20050707,2005-07-07,2.4569132460039738,"{""type"":""MultiPoint"",""coordinates"":[]}"
20050708,2005-07-08,7.780764598151398,"{""type"":""MultiPoint"",""coordinates"":[]}"
20050709,2005-07-09,14.91276862813696,"{""type"":""MultiPoint"",""coordinates"":[]}"
20050710,2005-07-10,0.0,"{""type"":""MultiPoint"",""coordinates"":[]}"
20050711,2005-07-11,0.0,"{""type"":""MultiPoint"",""coordinates"":[]}"
20050712,2005-07-12,1.373894981857677,"{""type"":""MultiPoint"",""coordinates"":[]}"
20050713,2005-07-13,4.4177083178889855,"{""type"":""MultiPoint"",""coordinates"":[]}"
20050714,2005-07-14,11.144131434725074,"{""type"":""MultiPoint"",""coordinates"":[]}"
20050715,2005-07-15,12.518552938146684,"{""type"":""MultiPoint"",""coordinates"":[]}"
20050716,2005-07-16,14.938150951911043,"{""type"":""MultiPoint"",""coordinates"":[]}"
20050717,2005-07-17,9.023042312066666,"{""type"":""MultiPoint"",""coordinates"":[]}"
20050718,2005-07-18,6.905398306156672,"{""type"":""MultiPoint"",""coordinates"":[]}"
20050719,2005-07-19,20.94097498125305,"{""type"":""MultiPoint"",""coordinates"":[]}"
20050720,2005-07-20,19.260633622602484,"{""type"":""MultiPoint"",""coordinates"":[]}"
20050721,2005-07-21,0.016684959647889543,"{""type"":""MultiPoint"",""coordinates"":[]}"
20050722,2005-07-22,21.12679987841148,"{""type"":""MultiPoint"",""coordinates"":[]}"
20050723,2005-07-23,7.351947816343301,"{""type"":""MultiPoint"",""coordinates"":[]}"
20050724,2005-07-24,17.465301974808504,"{""type"":""MultiPoint"",""coordinates"":[]}"
20050725,2005-07-25,11.487007524368703,"{""type"":""MultiPoint"",""coordinates"":[]}"
20050726,2005-07-26,0.5304558593295631,"{""type"":""MultiPoint"",""coordinates"":[]}"
20050727,2005-07-27,0.0,"{""type"":""MultiPoint"",""coordinates"":[]}"
20050728,2005-07-28,1.027183627302168,"{""type"":""MultiPoint"",""coordinates"":[]}"
20050729,2005-07-29,0.0,"{""type"":""MultiPoint"",""coordinates"":[]}"
20050730,2005-07-30,13.807673453802181,"{""type"":""MultiPoint"",""coordinates"":[]}"
20050731,2005-07-31,0.23165841092575498,"{""type"":""MultiPoint"",""coordinates"":[]}"
20050801,2005-08-01,0.08957969323141722,"{""type"":""MultiPoint"",""coordinates"":[]}"
20050802,2005-08-02,3.5646895363091815,"{""type"":""MultiPoint"",""coordinates"":[]}"
20050803,2005-08-03,0.1882389625550092,"{""type"":""MultiPoint"",""coordinates"":[]}"
20050804,2005-08-04,5.806801688649333,"{""type"":""MultiPoint"",""coordinates"":[]}"
20050805,2005-08-05,8.090953359321945,"{""type"":""MultiPoint"",""coordinates"":[]}"
20050806,2005-08-06,0.0,"{""type"":""MultiPoint"",""coordinates"":[]}"
20050807,2005-08-07,0.924174991287104,"{""type"":""MultiPoint"",""coordinates"":[]}"
20050808,2005-08-08,13.841630026821182,"{""type"":""MultiPoint"",""coordinates"":[]}"
20050809,2005-08-09,7.493621416927431,"{""type"":""MultiPoint"",""coordinates"":[]}"
20050810,2005-08-10,0.024209674324443535,"{""type"":""MultiPoint"",""coordinates"":[]}"
20050811,2005-08-11,0.18030164593417158,"{""type"":""MultiPoint"",""coordinates"":[]}"
20050812,2005-08-12,0.0,"{""type"":""MultiPoint"",""coordinates"":[]}"
20050813,2005-08-13,0.33186538051016656,"{""type"":""MultiPoint"",""coordinates"":[]}"
20050814,2005-08-14,2.178622455013999,"{""type"":""MultiPoint"",""coordinates"":[]}"
20050815,2005-08-15,16.041509457421636,"{""type"":""MultiPoint"",""coordinates"":[]}"
20050816,2005-08-16,3.6503519874875483,"{""type"":""MultiPoint"",""coordinates"":[]}"
20050817,2005-08-17,0.14269194960448187,"{""type"":""MultiPoint"",""coordinates"":[]}"
20050818,2005-08-18,4.264079374529986,"{""type"":""MultiPoint"",""coordinates"":[]}"
20050819,2005-08-19,6.4529954539021235,"{""type"":""MultiPoint"",""coordinates"":[]}"
20050820,2005-08-20,1.4141009824784656,"{""type"":""MultiPoint"",""coordinates"":[]}"
20050821,2005-08-21,0.14167677112073163,"{""type"":""MultiPoint"",""coordinates"":[]}"
20050822,2005-08-22,0.17887611197224848,"{""type"":""MultiPoint"",""coordinates"":[]}"
20050823,2005-08-23,8.263988061482108,"{""type"":""MultiPoint"",""coordinates"":[]}"
20050824,2005-08-24,9.168869692133354,"{""type"":""MultiPoint"",""coordinates"":[]}"
20050825,2005-08-25,3.449211725293847,"{""type"":""MultiPoint"",""coordinates"":[]}"
20050826,2005-08-26,3.245836719197675,"{""type"":""MultiPoint"",""coordinates"":[]}"
20050827,2005-08-27,2.502081161081277,"{""type"":""MultiPoint"",""coordinates"":[]}"
20050828,2005-08-28,1.6046456129887328,"{""type"":""MultiPoint"",""coordinates"":[]}"
20050829,2005-08-29,6.21227051476015,"{""type"":""MultiPoint"",""coordinates"":[]}"
20050830,2005-08-30,10.009670866118247,"{""type"":""MultiPoint"",""coordinates"":[]}"
20050831,2005-08-31,15.085899797042499,"{""type"":""MultiPoint"",""coordinates"":[]}"
20050901,2005-09-01,9.551132804430603,"{""type"":""MultiPoint"",""coordinates"":[]}"
20050902,2005-09-02,5.707436852195033,"{""type"":""MultiPoint"",""coordinates"":[]}"
20050903,2005-09-03,22.54697664120882,"{""type"":""MultiPoint"",""coordinates"":[]}"
20050904,2005-09-04,2.3138718851097217,"{""type"":""MultiPoint"",""coordinates"":[]}"
20050905,2005-09-05,5.12965242389687,"{""type"":""MultiPoint"",""coordinates"":[]}"
20050906,2005-09-06,4.946723251371381,"{""type"":""MultiPoint"",""coordinates"":[]}"
20050907,2005-09-07,19.15894146460998,"{""type"":""MultiPoint"",""coordinates"":[]}"
20050908,2005-09-08,4.586243923652809,"{""type"":""MultiPoint"",""coordinates"":[]}"
20050909,2005-09-09,9.414747564302445,"{""type"":""MultiPoint"",""coordinates"":[]}"
20050910,2005-09-10,14.440311890154556,"{""type"":""MultiPoint"",""coordinates"":[]}"
20050911,2005-09-11,5.190193034886654,"{""type"":""MultiPoint"",""coordinates"":[]}"
20050912,2005-09-12,2.935154174562125,"{""type"":""MultiPoint"",""coordinates"":[]}"
20050913,2005-09-13,0.9644748124489252,"{""type"":""MultiPoint"",""coordinates"":[]}"
20050914,2005-09-14,0.8936420814065477,"{""type"":""MultiPoint"",""coordinates"":[]}"
20050915,2005-09-15,0.11413930108395458,"{""type"":""MultiPoint"",""coordinates"":[]}"
20050916,2005-09-16,0.0,"{""type"":""MultiPoint"",""coordinates"":[]}"
20050917,2005-09-17,0.10987103654391904,"{""type"":""MultiPoint"",""coordinates"":[]}"
20050918,2005-09-18,2.0145626676961808,"{""type"":""MultiPoint"",""coordinates"":[]}"
20050919,2005-09-19,12.948278481266273,"{""type"":""MultiPoint"",""coordinates"":[]}"
20050920,2005-09-20,27.287862839013094,"{""type"":""MultiPoint"",""coordinates"":[]}"
20050921,2005-09-21,3.4785377777603634,"{""type"":""MultiPoint"",""coordinates"":[]}"
20050922,2005-09-22,0.0,"{""type"":""MultiPoint"",""coordinates"":[]}"
20050923,2005-09-23,0.2413360840342583,"{""type"":""MultiPoint"",""coordinates"":[]}"
20050924,2005-09-24,0.03369808108017963,"{""type"":""MultiPoint"",""coordinates"":[]}"
20050925,2005-09-25,0.03979307395183383,"{""type"":""MultiPoint"",""coordinates"":[]}"
20050926,2005-09-26,8.748726765184099E-4,"{""type"":""MultiPoint"",""coordinates"":[]}"
20050927,2005-09-27,0.33282416865674347,"{""type"":""MultiPoint"",""coordinates"":[]}"
20050928,2005-09-28,0.01643262881871781,"{""type"":""MultiPoint"",""coordinates"":[]}"
20050929,2005-09-29,8.74660695914452,"{""type"":""MultiPoint"",""coordinates"":[]}"
20050930,2005-09-30,3.0563660692516432,"{""type"":""MultiPoint"",""coordinates"":[]}"
20051001,2005-10-01,0.0672154649665162,"{""type"":""MultiPoint"",""coordinates"":[]}"
20051002,2005-10-02,1.4600634676217532,"{""type"":""MultiPoint"",""coordinates"":[]}"
20051003,2005-10-03,0.4363374090399881,"{""type"":""MultiPoint"",""coordinates"":[]}"
20051004,2005-10-04,3.646808288461187,"{""type"":""MultiPoint"",""coordinates"":[]}"
20051005,2005-10-05,0.13396754197157643,"{""type"":""MultiPoint"",""coordinates"":[]}"
20051006,2005-10-06,0.0,"{""type"":""MultiPoint"",""coordinates"":[]}"
20051007,2005-10-07,1.5330507812210579,"{""type"":""MultiPoint"",""coordinates"":[]}"
20051008,2005-10-08,0.5005599302232124,"{""type"":""MultiPoint"",""coordinates"":[]}"
20051009,2005-10-09,0.8936263648364496,"{""type"":""MultiPoint"",""coordinates"":[]}"
20051010,2005-10-10,4.706614901611662,"{""type"":""MultiPoint"",""coordinates"":[]}"
20051011,2005-10-11,7.852334404600049,"{""type"":""MultiPoint"",""coordinates"":[]}"
20051012,2005-10-12,13.212039029236994,"{""type"":""MultiPoint"",""coordinates"":[]}"
20051013,2005-10-13,29.29720186502181,"{""type"":""MultiPoint"",""coordinates"":[]}"
20051014,2005-10-14,19.41878290447587,"{""type"":""MultiPoint"",""coordinates"":[]}"
20051015,2005-10-15,15.889958578063313,"{""type"":""MultiPoint"",""coordinates"":[]}"
20051016,2005-10-16,14.435417161591126,"{""type"":""MultiPoint"",""coordinates"":[]}"
20051017,2005-10-17,8.529411444385968,"{""type"":""MultiPoint"",""coordinates"":[]}"
20051018,2005-10-18,21.216753793634528,"{""type"":""MultiPoint"",""coordinates"":[]}"
20051019,2005-10-19,0.9110499270193145,"{""type"":""MultiPoint"",""coordinates"":[]}"
20051020,2005-10-20,4.173354362598121,"{""type"":""MultiPoint"",""coordinates"":[]}"
20051021,2005-10-21,2.0795991859564458,"{""type"":""MultiPoint"",""coordinates"":[]}"
20051022,2005-10-22,1.1853841191532222,"{""type"":""MultiPoint"",""coordinates"":[]}"
20051023,2005-10-23,0.13688458258928507,"{""type"":""MultiPoint"",""coordinates"":[]}"
20051024,2005-10-24,5.580313591290067,"{""type"":""MultiPoint"",""coordinates"":[]}"
20051025,2005-10-25,2.589869728715402,"{""type"":""MultiPoint"",""coordinates"":[]}"
20051026,2005-10-26,26.072116138782246,"{""type"":""MultiPoint"",""coordinates"":[]}"
20051027,2005-10-27,32.72534229874246,"{""type"":""MultiPoint"",""coordinates"":[]}"
20051028,2005-10-28,39.00846837943187,"{""type"":""MultiPoint"",""coordinates"":[]}"
20051029,2005-10-29,1.1974172371215748,"{""type"":""MultiPoint"",""coordinates"":[]}"
20051030,2005-10-30,0.22962701532148683,"{""type"":""MultiPoint"",""coordinates"":[]}"
20051031,2005-10-31,0.0,"{""type"":""MultiPoint"",""coordinates"":[]}"
20051101,2005-11-01,2.202127081962549,"{""type"":""MultiPoint"",""coordinates"":[]}"
20051102,2005-11-02,3.667775625317943,"{""type"":""MultiPoint"",""coordinates"":[]}"
20051103,2005-11-03,0.0,"{""type"":""MultiPoint"",""coordinates"":[]}"
20051104,2005-11-04,0.01430787726087998,"{""type"":""MultiPoint"",""coordinates"":[]}"
20051105,2005-11-05,0.023127993772610267,"{""type"":""MultiPoint"",""coordinates"":[]}"
20051106,2005-11-06,0.35202478375641716,"{""type"":""MultiPoint"",""coordinates"":[]}"
20051107,2005-11-07,0.30097883304734147,"{""type"":""MultiPoint"",""coordinates"":[]}"
20051108,2005-11-08,0.0,"{""type"":""MultiPoint"",""coordinates"":[]}"
20051109,2005-11-09,0.6303141226304836,"{""type"":""MultiPoint"",""coordinates"":[]}"
20051110,2005-11-10,0.18973215883338695,"{""type"":""MultiPoint"",""coordinates"":[]}"
20051111,2005-11-11,0.0,"{""type"":""MultiPoint"",""coordinates"":[]}"
20051112,2005-11-12,0.0,"{""type"":""MultiPoint"",""coordinates"":[]}"
20051113,2005-11-13,0.0,"{""type"":""MultiPoint"",""coordinates"":[]}"
20051114,2005-11-14,0.0,"{""type"":""MultiPoint"",""coordinates"":[]}"
20051115,2005-11-15,0.0,"{""type"":""MultiPoint"",""coordinates"":[]}"
20051116,2005-11-16,0.0,"{""type"":""MultiPoint"",""coordinates"":[]}"
20051117,2005-11-17,0.0,"{""type"":""MultiPoint"",""coordinates"":[]}"
20051118,2005-11-18,0.0,"{""type"":""MultiPoint"",""coordinates"":[]}"
20051119,2005-11-19,0.0,"{""type"":""MultiPoint"",""coordinates"":[]}"
20051120,2005-11-20,0.0236775802311654,"{""type"":""MultiPoint"",""coordinates"":[]}"
20051121,2005-11-21,0.9436042836863722,"{""type"":""MultiPoint"",""coordinates"":[]}"
20051122,2005-11-22,1.2501731018166151,"{""type"":""MultiPoint"",""coordinates"":[]}"
20051123,2005-11-23,2.557322949927012,"{""type"":""MultiPoint"",""coordinates"":[]}"
20051124,2005-11-24,1.8874650198676506,"{""type"":""MultiPoint"",""coordinates"":[]}"
20051125,2005-11-25,0.0,"{""type"":""MultiPoint"",""coordinates"":[]}"
20051126,2005-11-26,0.0,"{""type"":""MultiPoint"",""coordinates"":[]}"
20051127,2005-11-27,0.0,"{""type"":""MultiPoint"",""coordinates"":[]}"
20051128,2005-11-28,0.0,"{""type"":""MultiPoint"",""coordinates"":[]}"
20051129,2005-11-29,0.0,"{""type"":""MultiPoint"",""coordinates"":[]}"
20051130,2005-11-30,0.0,"{""type"":""MultiPoint"",""coordinates"":[]}"
20051201,2005-12-01,0.5189059028785057,"{""type"":""MultiPoint"",""coordinates"":[]}"
20051202,2005-12-02,0.05534418442382822,"{""type"":""MultiPoint"",""coordinates"":[]}"
20051203,2005-12-03,3.081772399060198,"{""type"":""MultiPoint"",""coordinates"":[]}"
20051204,2005-12-04,0.08139281150812827,"{""type"":""MultiPoint"",""coordinates"":[]}"
20051205,2005-12-05,0.0,"{""type"":""MultiPoint"",""coordinates"":[]}"
20051206,2005-12-06,0.0,"{""type"":""MultiPoint"",""coordinates"":[]}"
20051207,2005-12-07,0.0,"{""type"":""MultiPoint"",""coordinates"":[]}"
20051208,2005-12-08,0.0,"{""type"":""MultiPoint"",""coordinates"":[]}"
20051209,2005-12-09,0.0,"{""type"":""MultiPoint"",""coordinates"":[]}"
20051210,2005-12-10,0.0,"{""type"":""MultiPoint"",""coordinates"":[]}"
20051211,2005-12-11,0.0,"{""type"":""MultiPoint"",""coordinates"":[]}"
20051212,2005-12-12,0.0,"{""type"":""MultiPoint"",""coordinates"":[]}"
20051213,2005-12-13,0.0,"{""type"":""MultiPoint"",""coordinates"":[]}"
20051214,2005-12-14,0.0,"{""type"":""MultiPoint"",""coordinates"":[]}"
20051215,2005-12-15,0.0,"{""type"":""MultiPoint"",""coordinates"":[]}"
20051216,2005-12-16,0.0,"{""type"":""MultiPoint"",""coordinates"":[]}"
20051217,2005-12-17,0.0,"{""type"":""MultiPoint"",""coordinates"":[]}"
20051218,2005-12-18,0.0,"{""type"":""MultiPoint"",""coordinates"":[]}"
20051219,2005-12-19,0.0,"{""type"":""MultiPoint"",""coordinates"":[]}"
20051220,2005-12-20,0.0,"{""type"":""MultiPoint"",""coordinates"":[]}"
20051221,2005-12-21,0.0,"{""type"":""MultiPoint"",""coordinates"":[]}"
20051222,2005-12-22,0.0,"{""type"":""MultiPoint"",""coordinates"":[]}"
20051223,2005-12-23,0.0,"{""type"":""MultiPoint"",""coordinates"":[]}"
20051224,2005-12-24,0.0,"{""type"":""MultiPoint"",""coordinates"":[]}"
20051225,2005-12-25,0.0,"{""type"":""MultiPoint"",""coordinates"":[]}"
20051226,2005-12-26,0.0,"{""type"":""MultiPoint"",""coordinates"":[]}"
20051227,2005-12-27,0.0,"{""type"":""MultiPoint"",""coordinates"":[]}"
20051228,2005-12-28,0.0,"{""type"":""MultiPoint"",""coordinates"":[]}"
20051229,2005-12-29,0.0,"{""type"":""MultiPoint"",""coordinates"":[]}"
20051230,2005-12-30,0.0,"{""type"":""MultiPoint"",""coordinates"":[]}"
20051231,2005-12-31,0.0,"{""type"":""MultiPoint"",""coordinates"":[]}"
20060101,2006-01-01,0.0,"{""type"":""MultiPoint"",""coordinates"":[]}"
20060102,2006-01-02,0.0,"{""type"":""MultiPoint"",""coordinates"":[]}"
20060103,2006-01-03,0.0,"{""type"":""MultiPoint"",""coordinates"":[]}"
20060104,2006-01-04,0.019787279080160706,"{""type"":""MultiPoint"",""coordinates"":[]}"
20060105,2006-01-05,0.019787279080160706,"{""type"":""MultiPoint"",""coordinates"":[]}"
20060106,2006-01-06,0.03503312778100961,"{""type"":""MultiPoint"",""coordinates"":[]}"
20060107,2006-01-07,3.279635064105619E-4,"{""type"":""MultiPoint"",""coordinates"":[]}"
20060108,2006-01-08,0.014046787694888527,"{""type"":""MultiPoint"",""coordinates"":[]}"
20060109,2006-01-09,0.026138830169634177,"{""type"":""MultiPoint"",""coordinates"":[]}"
20060110,2006-01-10,0.05227766033926835,"{""type"":""MultiPoint"",""coordinates"":[]}"
20060111,2006-01-11,0.0,"{""type"":""MultiPoint"",""coordinates"":[]}"
20060112,2006-01-12,0.0,"{""type"":""MultiPoint"",""coordinates"":[]}"
20060113,2006-01-13,0.0,"{""type"":""MultiPoint"",""coordinates"":[]}"
20060114,2006-01-14,0.0,"{""type"":""MultiPoint"",""coordinates"":[]}"
20060115,2006-01-15,0.0,"{""type"":""MultiPoint"",""coordinates"":[]}"
20060116,2006-01-16,0.0,"{""type"":""MultiPoint"",""coordinates"":[]}"
20060117,2006-01-17,0.03122952213019658,"{""type"":""MultiPoint"",""coordinates"":[]}"
20060118,2006-01-18,0.0,"{""type"":""MultiPoint"",""coordinates"":[]}"
20060119,2006-01-19,0.0,"{""type"":""MultiPoint"",""coordinates"":[]}"
20060120,2006-01-20,0.0,"{""type"":""MultiPoint"",""coordinates"":[]}"
20060121,2006-01-21,0.0,"{""type"":""MultiPoint"",""coordinates"":[]}"
20060122,2006-01-22,0.0,"{""type"":""MultiPoint"",""coordinates"":[]}"
20060123,2006-01-23,0.0,"{""type"":""MultiPoint"",""coordinates"":[]}"
20060124,2006-01-24,0.0,"{""type"":""MultiPoint"",""coordinates"":[]}"
20060125,2006-01-25,0.0,"{""type"":""MultiPoint"",""coordinates"":[]}"
20060126,2006-01-26,0.015636499626872653,"{""type"":""MultiPoint"",""coordinates"":[]}"
20060127,2006-01-27,0.0,"{""type"":""MultiPoint"",""coordinates"":[]}"
20060128,2006-01-28,0.0,"{""type"":""MultiPoint"",""coordinates"":[]}"
20060129,2006-01-29,0.0,"{""type"":""MultiPoint"",""coordinates"":[]}"
20060130,2006-01-30,0.0,"{""type"":""MultiPoint"",""coordinates"":[]}"
20060131,2006-01-31,0.0,"{""type"":""MultiPoint"",""coordinates"":[]}"
20060201,2006-02-01,0.0,"{""type"":""MultiPoint"",""coordinates"":[]}"
20060202,2006-02-02,0.0,"{""type"":""MultiPoint"",""coordinates"":[]}"
20060203,2006-02-03,0.0,"{""type"":""MultiPoint"",""coordinates"":[]}"
20060204,2006-02-04,0.0,"{""type"":""MultiPoint"",""coordinates"":[]}"
20060205,2006-02-05,0.0,"{""type"":""MultiPoint"",""coordinates"":[]}"
20060206,2006-02-06,0.0,"{""type"":""MultiPoint"",""coordinates"":[]}"
20060207,2006-02-07,0.0,"{""type"":""MultiPoint"",""coordinates"":[]}"
20060208,2006-02-08,0.0,"{""type"":""MultiPoint"",""coordinates"":[]}"
20060209,2006-02-09,0.0,"{""type"":""MultiPoint"",""coordinates"":[]}"
20060210,2006-02-10,0.0,"{""type"":""MultiPoint"",""coordinates"":[]}"
20060211,2006-02-11,0.0,"{""type"":""MultiPoint"",""coordinates"":[]}"
20060212,2006-02-12,0.0,"{""type"":""MultiPoint"",""coordinates"":[]}"
20060213,2006-02-13,0.0,"{""type"":""MultiPoint"",""coordinates"":[]}"
20060214,2006-02-14,0.0,"{""type"":""MultiPoint"",""coordinates"":[]}"
20060215,2006-02-15,0.0,"{""type"":""MultiPoint"",""coordinates"":[]}"
20060216,2006-02-16,0.0,"{""type"":""MultiPoint"",""coordinates"":[]}"
20060217,2006-02-17,0.0,"{""type"":""MultiPoint"",""coordinates"":[]}"
20060218,2006-02-18,0.0,"{""type"":""MultiPoint"",""coordinates"":[]}"
20060219,2006-02-19,0.0,"{""type"":""MultiPoint"",""coordinates"":[]}"
20060220,2006-02-20,0.0,"{""type"":""MultiPoint"",""coordinates"":[]}"
20060221,2006-02-21,0.0023421533968640256,"{""type"":""MultiPoint"",""coordinates"":[]}"
20060222,2006-02-22,0.0,"{""type"":""MultiPoint"",""coordinates"":[]}"
20060223,2006-02-23,0.0,"{""type"":""MultiPoint"",""coordinates"":[]}"
20060224,2006-02-24,0.0,"{""type"":""MultiPoint"",""coordinates"":[]}"
20060225,2006-02-25,0.0,"{""type"":""MultiPoint"",""coordinates"":[]}"
20060226,2006-02-26,3.9222903188533537E-4,"{""type"":""MultiPoint"",""coordinates"":[]}"
20060227,2006-02-27,0.0,"{""type"":""MultiPoint"",""coordinates"":[]}"
20060228,2006-02-28,0.0,"{""type"":""MultiPoint"",""coordinates"":[]}"
20060301,2006-03-01,0.0,"{""type"":""MultiPoint"",""coordinates"":[]}"
20060302,2006-03-02,0.0,"{""type"":""MultiPoint"",""coordinates"":[]}"
20060303,2006-03-03,0.6723834481721362,"{""type"":""MultiPoint"",""coordinates"":[]}"
20060304,2006-03-04,0.15866249129118082,"{""type"":""MultiPoint"",""coordinates"":[]}"
20060305,2006-03-05,0.0,"{""type"":""MultiPoint"",""coordinates"":[]}"
20060306,2006-03-06,0.0,"{""type"":""MultiPoint"",""coordinates"":[]}"
20060307,2006-03-07,0.03743458919069075,"{""type"":""MultiPoint"",""coordinates"":[]}"
20060308,2006-03-08,0.0,"{""type"":""MultiPoint"",""coordinates"":[]}"
20060309,2006-03-09,1.3810774462649762,"{""type"":""MultiPoint"",""coordinates"":[]}"
20060310,2006-03-10,3.5177000148602002,"{""type"":""MultiPoint"",""coordinates"":[]}"
20060311,2006-03-11,6.770012702524924E-4,"{""type"":""MultiPoint"",""coordinates"":[]}"
20060312,2006-03-12,0.0,"{""type"":""MultiPoint"",""coordinates"":[]}"
20060313,2006-03-13,0.0,"{""type"":""MultiPoint"",""coordinates"":[]}"
20060314,2006-03-14,0.031887518805971106,"{""type"":""MultiPoint"",""coordinates"":[]}"
20060315,2006-03-15,0.0,"{""type"":""MultiPoint"",""coordinates"":[]}"
20060316,2006-03-16,0.0,"{""type"":""MultiPoint"",""coordinates"":[]}"
20060317,2006-03-17,0.0,"{""type"":""MultiPoint"",""coordinates"":[]}"
20060318,2006-03-18,0.0,"{""type"":""MultiPoint"",""coordinates"":[]}"
20060319,2006-03-19,0.0,"{""type"":""MultiPoint"",""coordinates"":[]}"
20060320,2006-03-20,0.0,"{""type"":""MultiPoint"",""coordinates"":[]}"
20060321,2006-03-21,0.0,"{""type"":""MultiPoint"",""coordinates"":[]}"
20060322,2006-03-22,0.0,"{""type"":""MultiPoint"",""coordinates"":[]}"
20060323,2006-03-23,0.0,"{""type"":""MultiPoint"",""coordinates"":[]}"
20060324,2006-03-24,0.0,"{""type"":""MultiPoint"",""coordinates"":[]}"
20060325,2006-03-25,0.0,"{""type"":""MultiPoint"",""coordinates"":[]}"
20060326,2006-03-26,0.0,"{""type"":""MultiPoint"",""coordinates"":[]}"
20060327,2006-03-27,0.0,"{""type"":""MultiPoint"",""coordinates"":[]}"
20060328,2006-03-28,0.0,"{""type"":""MultiPoint"",""coordinates"":[]}"
20060329,2006-03-29,0.0,"{""type"":""MultiPoint"",""coordinates"":[]}"
20060330,2006-03-30,0.0,"{""type"":""MultiPoint"",""coordinates"":[]}"
20060331,2006-03-31,0.0,"{""type"":""MultiPoint"",""coordinates"":[]}"
20060401,2006-04-01,0.0,"{""type"":""MultiPoint"",""coordinates"":[]}"
20060402,2006-04-02,0.0,"{""type"":""MultiPoint"",""coordinates"":[]}"
20060403,2006-04-03,0.0,"{""type"":""MultiPoint"",""coordinates"":[]}"
20060404,2006-04-04,0.0,"{""type"":""MultiPoint"",""coordinates"":[]}"
20060405,2006-04-05,0.0,"{""type"":""MultiPoint"",""coordinates"":[]}"
20060406,2006-04-06,0.0,"{""type"":""MultiPoint"",""coordinates"":[]}"
20060407,2006-04-07,0.0,"{""type"":""MultiPoint"",""coordinates"":[]}"
20060408,2006-04-08,0.023398576719092956,"{""type"":""MultiPoint"",""coordinates"":[]}"
20060409,2006-04-09,0.04209516096665062,"{""type"":""MultiPoint"",""coordinates"":[]}"
20060410,2006-04-10,0.0920689375211497,"{""type"":""MultiPoint"",""coordinates"":[]}"
20060411,2006-04-11,0.0,"{""type"":""MultiPoint"",""coordinates"":[]}"
20060412,2006-04-12,3.7959631169414375E-5,"{""type"":""MultiPoint"",""coordinates"":[]}"
20060413,2006-04-13,0.0,"{""type"":""MultiPoint"",""coordinates"":[]}"
20060414,2006-04-14,1.6362987465195748E-4,"{""type"":""MultiPoint"",""coordinates"":[]}"
20060415,2006-04-15,2.876141832978555,"{""type"":""MultiPoint"",""coordinates"":[]}"
20060416,2006-04-16,14.837603770347366,"{""type"":""MultiPoint"",""coordinates"":[]}"
20060417,2006-04-17,1.0419490201133983,"{""type"":""MultiPoint"",""coordinates"":[]}"
20060418,2006-04-18,0.0,"{""type"":""MultiPoint"",""coordinates"":[]}"
20060419,2006-04-19,0.0,"{""type"":""MultiPoint"",""coordinates"":[]}"
20060420,2006-04-20,0.0,"{""type"":""MultiPoint"",""coordinates"":[]}"
20060421,2006-04-21,0.0,"{""type"":""MultiPoint"",""coordinates"":[]}"
20060422,2006-04-22,0.0,"{""type"":""MultiPoint"",""coordinates"":[]}"
20060423,2006-04-23,0.0,"{""type"":""MultiPoint"",""coordinates"":[]}"
20060424,2006-04-24,0.0,"{""type"":""MultiPoint"",""coordinates"":[]}"
20060425,2006-04-25,0.0,"{""type"":""MultiPoint"",""coordinates"":[]}"
20060426,2006-04-26,0.0,"{""type"":""MultiPoint"",""coordinates"":[]}"
20060427,2006-04-27,0.0,"{""type"":""MultiPoint"",""coordinates"":[]}"
20060428,2006-04-28,0.0,"{""type"":""MultiPoint"",""coordinates"":[]}"
20060429,2006-04-29,0.0,"{""type"":""MultiPoint"",""coordinates"":[]}"
20060430,2006-04-30,0.0,"{""type"":""MultiPoint"",""coordinates"":[]}"
20060501,2006-05-01,1.2975439688677675,"{""type"":""MultiPoint"",""coordinates"":[]}"
20060502,2006-05-02,2.4251398897301257,"{""type"":""MultiPoint"",""coordinates"":[]}"
20060503,2006-05-03,0.0,"{""type"":""MultiPoint"",""coordinates"":[]}"
20060504,2006-05-04,0.1173214952950191,"{""type"":""MultiPoint"",""coordinates"":[]}"
20060505,2006-05-05,0.0,"{""type"":""MultiPoint"",""coordinates"":[]}"
20060506,2006-05-06,0.0,"{""type"":""MultiPoint"",""coordinates"":[]}"
20060507,2006-05-07,0.0,"{""type"":""MultiPoint"",""coordinates"":[]}"
20060508,2006-05-08,6.505928997689329,"{""type"":""MultiPoint"",""coordinates"":[]}"
20060509,2006-05-09,2.647692614475981,"{""type"":""MultiPoint"",""coordinates"":[]}"
20060510,2006-05-10,0.004568824639151831,"{""type"":""MultiPoint"",""coordinates"":[]}"
20060511,2006-05-11,0.0,"{""type"":""MultiPoint"",""coordinates"":[]}"
20060512,2006-05-12,0.0,"{""type"":""MultiPoint"",""coordinates"":[]}"
20060513,2006-05-13,0.0,"{""type"":""MultiPoint"",""coordinates"":[]}"
20060514,2006-05-14,0.7854245422526477,"{""type"":""MultiPoint"",""coordinates"":[]}"
20060515,2006-05-15,0.10952119716281558,"{""type"":""MultiPoint"",""coordinates"":[]}"
20060516,2006-05-16,0.7739972394433788,"{""type"":""MultiPoint"",""coordinates"":[]}"
20060517,2006-05-17,5.758670350685495,"{""type"":""MultiPoint"",""coordinates"":[]}"
20060518,2006-05-18,2.7133577288171877,"{""type"":""MultiPoint"",""coordinates"":[]}"
20060519,2006-05-19,0.06254644280293069,"{""type"":""MultiPoint"",""coordinates"":[]}"
20060520,2006-05-20,0.2824254644343443,"{""type"":""MultiPoint"",""coordinates"":[]}"
20060521,2006-05-21,0.0,"{""type"":""MultiPoint"",""coordinates"":[]}"
20060522,2006-05-22,0.0,"{""type"":""MultiPoint"",""coordinates"":[]}"
20060523,2006-05-23,3.1945579211443897,"{""type"":""MultiPoint"",""coordinates"":[]}"
20060524,2006-05-24,11.580319312563047,"{""type"":""MultiPoint"",""coordinates"":[]}"
20060525,2006-05-25,14.26856016387745,"{""type"":""MultiPoint"",""coordinates"":[]}"
20060526,2006-05-26,0.7249446950098928,"{""type"":""MultiPoint"",""coordinates"":[]}"
20060527,2006-05-27,23.92389402376786,"{""type"":""MultiPoint"",""coordinates"":[]}"
20060528,2006-05-28,5.549384623106815,"{""type"":""MultiPoint"",""coordinates"":[]}"
20060529,2006-05-29,6.151198934779997,"{""type"":""MultiPoint"",""coordinates"":[]}"
20060530,2006-05-30,0.0,"{""type"":""MultiPoint"",""coordinates"":[]}"
20060531,2006-05-31,0.0,"{""type"":""MultiPoint"",""coordinates"":[]}"
20060601,2006-06-01,0.0,"{""type"":""MultiPoint"",""coordinates"":[]}"
20060602,2006-06-02,0.0,"{""type"":""MultiPoint"",""coordinates"":[]}"
20060603,2006-06-03,0.8043590185071358,"{""type"":""MultiPoint"",""coordinates"":[]}"
20060604,2006-06-04,2.614000075979367,"{""type"":""MultiPoint"",""coordinates"":[]}"
20060605,2006-06-05,11.419459981275764,"{""type"":""MultiPoint"",""coordinates"":[]}"
20060606,2006-06-06,0.0,"{""type"":""MultiPoint"",""coordinates"":[]}"
20060607,2006-06-07,0.26447721465668,"{""type"":""MultiPoint"",""coordinates"":[]}"
20060608,2006-06-08,0.0022862358112748817,"{""type"":""MultiPoint"",""coordinates"":[]}"
20060609,2006-06-09,1.8203729916031441,"{""type"":""MultiPoint"",""coordinates"":[]}"
20060610,2006-06-10,0.18243249569256256,"{""type"":""MultiPoint"",""coordinates"":[]}"
20060611,2006-06-11,0.023159864390107747,"{""type"":""MultiPoint"",""coordinates"":[]}"
20060612,2006-06-12,0.04421726098304292,"{""type"":""MultiPoint"",""coordinates"":[]}"
20060613,2006-06-13,1.1919856367744601,"{""type"":""MultiPoint"",""coordinates"":[]}"
20060614,2006-06-14,2.183434091308766,"{""type"":""MultiPoint"",""coordinates"":[]}"
20060615,2006-06-15,2.7999785576383616,"{""type"":""MultiPoint"",""coordinates"":[]}"
20060616,2006-06-16,15.584000018699628,"{""type"":""MultiPoint"",""coordinates"":[]}"
20060617,2006-06-17,6.6973016524630475,"{""type"":""MultiPoint"",""coordinates"":[]}"
20060618,2006-06-18,0.8311349924265771,"{""type"":""MultiPoint"",""coordinates"":[]}"
20060619,2006-06-19,21.891355986969575,"{""type"":""MultiPoint"",""coordinates"":[]}"
20060620,2006-06-20,9.312894136011625,"{""type"":""MultiPoint"",""coordinates"":[]}"
20060621,2006-06-21,4.825635308293848,"{""type"":""MultiPoint"",""coordinates"":[]}"
20060622,2006-06-22,4.401381362060634,"{""type"":""MultiPoint"",""coordinates"":[]}"
20060623,2006-06-23,20.78628471100994,"{""type"":""MultiPoint"",""coordinates"":[]}"
20060624,2006-06-24,4.172477394033839,"{""type"":""MultiPoint"",""coordinates"":[]}"
20060625,2006-06-25,0.5866920482852431,"{""type"":""MultiPoint"",""coordinates"":[]}"
20060626,2006-06-26,0.328250202355863,"{""type"":""MultiPoint"",""coordinates"":[]}"
20060627,2006-06-27,6.671653596209667,"{""type"":""MultiPoint"",""coordinates"":[]}"
20060628,2006-06-28,14.179534478805873,"{""type"":""MultiPoint"",""coordinates"":[]}"
20060629,2006-06-29,4.68998537402187,"{""type"":""MultiPoint"",""coordinates"":[]}"
20060630,2006-06-30,0.863085634487192,"{""type"":""MultiPoint"",""coordinates"":[]}"
20060701,2006-07-01,2.516931499821939,"{""type"":""MultiPoint"",""coordinates"":[]}"
20060702,2006-07-02,2.8071673778684736,"{""type"":""MultiPoint"",""coordinates"":[]}"
20060703,2006-07-03,3.162439137182913,"{""type"":""MultiPoint"",""coordinates"":[]}"
20060704,2006-07-04,5.058499387233499,"{""type"":""MultiPoint"",""coordinates"":[]}"
20060705,2006-07-05,0.0,"{""type"":""MultiPoint"",""coordinates"":[]}"
20060706,2006-07-06,0.0,"{""type"":""MultiPoint"",""coordinates"":[]}"
20060707,2006-07-07,0.0,"{""type"":""MultiPoint"",""coordinates"":[]}"
20060708,2006-07-08,0.0,"{""type"":""MultiPoint"",""coordinates"":[]}"
20060709,2006-07-09,0.0,"{""type"":""MultiPoint"",""coordinates"":[]}"
20060710,2006-07-10,0.21107943588919942,"{""type"":""MultiPoint"",""coordinates"":[]}"
20060711,2006-07-11,0.19243558764442878,"{""type"":""MultiPoint"",""coordinates"":[]}"
20060712,2006-07-12,0.0,"{""type"":""MultiPoint"",""coordinates"":[]}"
20060713,2006-07-13,4.620253990440059,"{""type"":""MultiPoint"",""coordinates"":[]}"
20060714,2006-07-14,1.8623763586460207,"{""type"":""MultiPoint"",""coordinates"":[]}"
20060715,2006-07-15,0.02039143163078318,"{""type"":""MultiPoint"",""coordinates"":[]}"
20060716,2006-07-16,0.02824737000578913,"{""type"":""MultiPoint"",""coordinates"":[]}"
20060717,2006-07-17,0.0,"{""type"":""MultiPoint"",""coordinates"":[]}"
20060718,2006-07-18,0.0,"{""type"":""MultiPoint"",""coordinates"":[]}"
20060719,2006-07-19,0.0,"{""type"":""MultiPoint"",""coordinates"":[]}"
20060720,2006-07-20,0.8832836096438584,"{""type"":""MultiPoint"",""coordinates"":[]}"
20060721,2006-07-21,2.122758390772873,"{""type"":""MultiPoint"",""coordinates"":[]}"
20060722,2006-07-22,1.8229050671846088,"{""type"":""MultiPoint"",""coordinates"":[]}"
20060723,2006-07-23,2.380902921291779,"{""type"":""MultiPoint"",""coordinates"":[]}"
20060724,2006-07-24,0.4774706045911979,"{""type"":""MultiPoint"",""coordinates"":[]}"
20060725,2006-07-25,4.316200066937229,"{""type"":""MultiPoint"",""coordinates"":[]}"
20060726,2006-07-26,22.424344593228707,"{""type"":""MultiPoint"",""coordinates"":[]}"
20060727,2006-07-27,30.687452968914204,"{""type"":""MultiPoint"",""coordinates"":[]}"
20060728,2006-07-28,5.953279728752496,"{""type"":""MultiPoint"",""coordinates"":[]}"
20060729,2006-07-29,6.583350838652792,"{""type"":""MultiPoint"",""coordinates"":[]}"
20060730,2006-07-30,0.0,"{""type"":""MultiPoint"",""coordinates"":[]}"
20060731,2006-07-31,0.20047872915888104,"{""type"":""MultiPoint"",""coordinates"":[]}"
20060801,2006-08-01,0.3559216662112936,"{""type"":""MultiPoint"",""coordinates"":[]}"
20060802,2006-08-02,5.8529622941608705,"{""type"":""MultiPoint"",""coordinates"":[]}"
20060803,2006-08-03,11.67814059186898,"{""type"":""MultiPoint"",""coordinates"":[]}"
20060804,2006-08-04,11.681260973709113,"{""type"":""MultiPoint"",""coordinates"":[]}"
20060805,2006-08-05,7.280759967180959,"{""type"":""MultiPoint"",""coordinates"":[]}"
20060806,2006-08-06,2.0364999176644902,"{""type"":""MultiPoint"",""coordinates"":[]}"
20060807,2006-08-07,1.0735579023590651,"{""type"":""MultiPoint"",""coordinates"":[]}"
20060808,2006-08-08,0.027282759888901727,"{""type"":""MultiPoint"",""coordinates"":[]}"
20060809,2006-08-09,0.18653422323819832,"{""type"":""MultiPoint"",""coordinates"":[]}"
20060810,2006-08-10,2.1001032097427443,"{""type"":""MultiPoint"",""coordinates"":[]}"
20060811,2006-08-11,8.951008964237127,"{""type"":""MultiPoint"",""coordinates"":[]}"
20060812,2006-08-12,0.028623289341459367,"{""type"":""MultiPoint"",""coordinates"":[]}"
20060813,2006-08-13,0.5129915472246162,"{""type"":""MultiPoint"",""coordinates"":[]}"
20060814,2006-08-14,0.0,"{""type"":""MultiPoint"",""coordinates"":[]}"
20060815,2006-08-15,0.19269926131139758,"{""type"":""MultiPoint"",""coordinates"":[]}"
20060816,2006-08-16,6.725928185517622,"{""type"":""MultiPoint"",""coordinates"":[]}"
20060817,2006-08-17,0.4745750239425239,"{""type"":""MultiPoint"",""coordinates"":[]}"
20060818,2006-08-18,0.0,"{""type"":""MultiPoint"",""coordinates"":[]}"
20060819,2006-08-19,4.30071723620655,"{""type"":""MultiPoint"",""coordinates"":[]}"
20060820,2006-08-20,5.027325570903053,"{""type"":""MultiPoint"",""coordinates"":[]}"
20060821,2006-08-21,0.3018586710906882,"{""type"":""MultiPoint"",""coordinates"":[]}"
20060822,2006-08-22,4.766135688409369,"{""type"":""MultiPoint"",""coordinates"":[]}"
20060823,2006-08-23,0.28017356436647467,"{""type"":""MultiPoint"",""coordinates"":[]}"
20060824,2006-08-24,0.0035679656637350545,"{""type"":""MultiPoint"",""coordinates"":[]}"
20060825,2006-08-25,0.0,"{""type"":""MultiPoint"",""coordinates"":[]}"
20060826,2006-08-26,1.0490672620342816,"{""type"":""MultiPoint"",""coordinates"":[]}"
20060827,2006-08-27,0.240587842292764,"{""type"":""MultiPoint"",""coordinates"":[]}"
20060828,2006-08-28,0.8162192456124486,"{""type"":""MultiPoint"",""coordinates"":[]}"
20060829,2006-08-29,0.4897048935512856,"{""type"":""MultiPoint"",""coordinates"":[]}"
20060830,2006-08-30,6.6569585091593595,"{""type"":""MultiPoint"",""coordinates"":[]}"
20060831,2006-08-31,0.033190475189961204,"{""type"":""MultiPoint"",""coordinates"":[]}"
20060901,2006-09-01,1.0014073429330397,"{""type"":""MultiPoint"",""coordinates"":[]}"
20060902,2006-09-02,6.38813090554094,"{""type"":""MultiPoint"",""coordinates"":[]}"
20060903,2006-09-03,3.173041063420773,"{""type"":""MultiPoint"",""coordinates"":[]}"
20060904,2006-09-04,5.301492877142507,"{""type"":""MultiPoint"",""coordinates"":[]}"
20060905,2006-09-05,1.9721670761141439,"{""type"":""MultiPoint"",""coordinates"":[]}"
20060906,2006-09-06,7.714912890905452,"{""type"":""MultiPoint"",""coordinates"":[]}"
20060907,2006-09-07,1.557377060709062,"{""type"":""MultiPoint"",""coordinates"":[]}"
20060908,2006-09-08,0.0,"{""type"":""MultiPoint"",""coordinates"":[]}"
20060909,2006-09-09,0.030815192694663675,"{""type"":""MultiPoint"",""coordinates"":[]}"
20060910,2006-09-10,0.0,"{""type"":""MultiPoint"",""coordinates"":[]}"
20060911,2006-09-11,0.874258891865155,"{""type"":""MultiPoint"",""coordinates"":[]}"
20060912,2006-09-12,7.638684062043253,"{""type"":""MultiPoint"",""coordinates"":[]}"
20060913,2006-09-13,16.812860529652106,"{""type"":""MultiPoint"",""coordinates"":[]}"
20060914,2006-09-14,19.3385584843436,"{""type"":""MultiPoint"",""coordinates"":[]}"
20060915,2006-09-15,21.287086698810313,"{""type"":""MultiPoint"",""coordinates"":[]}"
20060916,2006-09-16,8.097473367198559,"{""type"":""MultiPoint"",""coordinates"":[]}"
20060917,2006-09-17,2.7350155690652462,"{""type"":""MultiPoint"",""coordinates"":[]}"
20060918,2006-09-18,5.852270969613688,"{""type"":""MultiPoint"",""coordinates"":[]}"
20060919,2006-09-19,2.0923159042629322,"{""type"":""MultiPoint"",""coordinates"":[]}"
20060920,2006-09-20,2.4702563100989203,"{""type"":""MultiPoint"",""coordinates"":[]}"
20060921,2006-09-21,0.3844591311671313,"{""type"":""MultiPoint"",""coordinates"":[]}"
20060922,2006-09-22,5.807855413881461,"{""type"":""MultiPoint"",""coordinates"":[]}"
20060923,2006-09-23,4.406190851004862,"{""type"":""MultiPoint"",""coordinates"":[]}"
20060924,2006-09-24,5.8610377707296015,"{""type"":""MultiPoint"",""coordinates"":[]}"
20060925,2006-09-25,1.0215469101904076,"{""type"":""MultiPoint"",""coordinates"":[]}"
20060926,2006-09-26,3.911795621016993,"{""type"":""MultiPoint"",""coordinates"":[]}"
20060927,2006-09-27,1.3706771017525456,"{""type"":""MultiPoint"",""coordinates"":[]}"
20060928,2006-09-28,0.24807637667629254,"{""type"":""MultiPoint"",""coordinates"":[]}"
20060929,2006-09-29,1.212168250245598,"{""type"":""MultiPoint"",""coordinates"":[]}"
20060930,2006-09-30,1.17547586572097,"{""type"":""MultiPoint"",""coordinates"":[]}"
20061001,2006-10-01,0.7410841215789598,"{""type"":""MultiPoint"",""coordinates"":[]}"
20061002,2006-10-02,0.08605099905301464,"{""type"":""MultiPoint"",""coordinates"":[]}"
20061003,2006-10-03,0.9800092377399181,"{""type"":""MultiPoint"",""coordinates"":[]}"
20061004,2006-10-04,1.5085465284541828,"{""type"":""MultiPoint"",""coordinates"":[]}"
20061005,2006-10-05,0.0,"{""type"":""MultiPoint"",""coordinates"":[]}"
20061006,2006-10-06,2.481688003078034,"{""type"":""MultiPoint"",""coordinates"":[]}"
20061007,2006-10-07,3.9642348491715147,"{""type"":""MultiPoint"",""coordinates"":[]}"
20061008,2006-10-08,1.278842517268121,"{""type"":""MultiPoint"",""coordinates"":[]}"
20061009,2006-10-09,0.21789940110768435,"{""type"":""MultiPoint"",""coordinates"":[]}"
20061010,2006-10-10,0.0,"{""type"":""MultiPoint"",""coordinates"":[]}"
20061011,2006-10-11,0.0,"{""type"":""MultiPoint"",""coordinates"":[]}"
20061012,2006-10-12,0.0,"{""type"":""MultiPoint"",""coordinates"":[]}"
20061013,2006-10-13,0.0,"{""type"":""MultiPoint"",""coordinates"":[]}"
20061014,2006-10-14,0.0,"{""type"":""MultiPoint"",""coordinates"":[]}"
20061015,2006-10-15,0.0,"{""type"":""MultiPoint"",""coordinates"":[]}"
20061016,2006-10-16,0.011041987040585507,"{""type"":""MultiPoint"",""coordinates"":[]}"
20061017,2006-10-17,0.47743738422043175,"{""type"":""MultiPoint"",""coordinates"":[]}"
20061018,2006-10-18,1.2594809478138835,"{""type"":""MultiPoint"",""coordinates"":[]}"
20061019,2006-10-19,0.0,"{""type"":""MultiPoint"",""coordinates"":[]}"
20061020,2006-10-20,0.0,"{""type"":""MultiPoint"",""coordinates"":[]}"
20061021,2006-10-21,0.0,"{""type"":""MultiPoint"",""coordinates"":[]}"
20061022,2006-10-22,0.0,"{""type"":""MultiPoint"",""coordinates"":[]}"
20061023,2006-10-23,0.029420264004319723,"{""type"":""MultiPoint"",""coordinates"":[]}"
20061024,2006-10-24,4.914899926179551,"{""type"":""MultiPoint"",""coordinates"":[]}"
20061025,2006-10-25,0.06850193749313317,"{""type"":""MultiPoint"",""coordinates"":[]}"
20061026,2006-10-26,5.167779017566232,"{""type"":""MultiPoint"",""coordinates"":[]}"
20061027,2006-10-27,7.6507937903535135,"{""type"":""MultiPoint"",""coordinates"":[]}"
20061028,2006-10-28,1.1048753145361918,"{""type"":""MultiPoint"",""coordinates"":[]}"
20061029,2006-10-29,2.709793656935814,"{""type"":""MultiPoint"",""coordinates"":[]}"
20061030,2006-10-30,0.013287155189541898,"{""type"":""MultiPoint"",""coordinates"":[]}"
20061031,2006-10-31,0.3026234838923192,"{""type"":""MultiPoint"",""coordinates"":[]}"
20061101,2006-11-01,9.77119283118267,"{""type"":""MultiPoint"",""coordinates"":[]}"
20061102,2006-11-02,28.47612207578538,"{""type"":""MultiPoint"",""coordinates"":[]}"
20061103,2006-11-03,7.0024499721021325,"{""type"":""MultiPoint"",""coordinates"":[]}"
20061104,2006-11-04,0.04800353589780664,"{""type"":""MultiPoint"",""coordinates"":[]}"
20061105,2006-11-05,0.40004420388666107,"{""type"":""MultiPoint"",""coordinates"":[]}"
20061106,2006-11-06,1.1349198339563014,"{""type"":""MultiPoint"",""coordinates"":[]}"
20061107,2006-11-07,0.3335615170922547,"{""type"":""MultiPoint"",""coordinates"":[]}"
20061108,2006-11-08,1.5504442959783227,"{""type"":""MultiPoint"",""coordinates"":[]}"
20061109,2006-11-09,3.230763529699699,"{""type"":""MultiPoint"",""coordinates"":[]}"
20061110,2006-11-10,0.0,"{""type"":""MultiPoint"",""coordinates"":[]}"
20061111,2006-11-11,0.0,"{""type"":""MultiPoint"",""coordinates"":[]}"
20061112,2006-11-12,0.0,"{""type"":""MultiPoint"",""coordinates"":[]}"
20061113,2006-11-13,0.0,"{""type"":""MultiPoint"",""coordinates"":[]}"
20061114,2006-11-14,0.0,"{""type"":""MultiPoint"",""coordinates"":[]}"
20061115,2006-11-15,0.25500006283761206,"{""type"":""MultiPoint"",""coordinates"":[]}"
20061116,2006-11-16,0.07318126913784308,"{""type"":""MultiPoint"",""coordinates"":[]}"
20061117,2006-11-17,2.4296637809169863E-4,"{""type"":""MultiPoint"",""coordinates"":[]}"
20061118,2006-11-18,0.1702350511830656,"{""type"":""MultiPoint"",""coordinates"":[]}"
20061119,2006-11-19,1.5847668148393896,"{""type"":""MultiPoint"",""coordinates"":[]}"
20061120,2006-11-20,0.0,"{""type"":""MultiPoint"",""coordinates"":[]}"
20061121,2006-11-21,1.2766375099401965,"{""type"":""MultiPoint"",""coordinates"":[]}"
20061122,2006-11-22,0.0,"{""type"":""MultiPoint"",""coordinates"":[]}"
20061123,2006-11-23,0.0,"{""type"":""MultiPoint"",""coordinates"":[]}"
20061124,2006-11-24,0.0,"{""type"":""MultiPoint"",""coordinates"":[]}"
20061125,2006-11-25,0.0,"{""type"":""MultiPoint"",""coordinates"":[]}"
20061126,2006-11-26,0.0,"{""type"":""MultiPoint"",""coordinates"":[]}"
20061127,2006-11-27,0.0,"{""type"":""MultiPoint"",""coordinates"":[]}"
20061128,2006-11-28,0.0,"{""type"":""MultiPoint"",""coordinates"":[]}"
20061129,2006-11-29,0.0,"{""type"":""MultiPoint"",""coordinates"":[]}"
20061130,2006-11-30,0.0,"{""type"":""MultiPoint"",""coordinates"":[]}"
20061201,2006-12-01,0.010151695420190546,"{""type"":""MultiPoint"",""coordinates"":[]}"
20061202,2006-12-02,0.0,"{""type"":""MultiPoint"",""coordinates"":[]}"
20061203,2006-12-03,0.0,"{""type"":""MultiPoint"",""coordinates"":[]}"
20061204,2006-12-04,0.004756793152688019,"{""type"":""MultiPoint"",""coordinates"":[]}"
20061205,2006-12-05,0.0,"{""type"":""MultiPoint"",""coordinates"":[]}"
20061206,2006-12-06,0.0,"{""type"":""MultiPoint"",""coordinates"":[]}"
20061207,2006-12-07,0.0,"{""type"":""MultiPoint"",""coordinates"":[]}"
20061208,2006-12-08,0.0,"{""type"":""MultiPoint"",""coordinates"":[]}"
20061209,2006-12-09,0.0,"{""type"":""MultiPoint"",""coordinates"":[]}"
20061210,2006-12-10,0.24981188958517953,"{""type"":""MultiPoint"",""coordinates"":[]}"
20061211,2006-12-11,0.30111189986541004,"{""type"":""MultiPoint"",""coordinates"":[]}"
20061212,2006-12-12,0.0,"{""type"":""MultiPoint"",""coordinates"":[]}"
20061213,2006-12-13,0.0,"{""type"":""MultiPoint"",""coordinates"":[]}"
20061214,2006-12-14,0.013367176460327729,"{""type"":""MultiPoint"",""coordinates"":[]}"
20061215,2006-12-15,0.0,"{""type"":""MultiPoint"",""coordinates"":[]}"
20061216,2006-12-16,0.0,"{""type"":""MultiPoint"",""coordinates"":[]}"
20061217,2006-12-17,0.0,"{""type"":""MultiPoint"",""coordinates"":[]}"
20061218,2006-12-18,0.0,"{""type"":""MultiPoint"",""coordinates"":[]}"
20061219,2006-12-19,0.0,"{""type"":""MultiPoint"",""coordinates"":[]}"
20061220,2006-12-20,0.0,"{""type"":""MultiPoint"",""coordinates"":[]}"
20061221,2006-12-21,0.13019138212657289,"{""type"":""MultiPoint"",""coordinates"":[]}"
20061222,2006-12-22,0.0,"{""type"":""MultiPoint"",""coordinates"":[]}"
20061223,2006-12-23,0.0,"{""type"":""MultiPoint"",""coordinates"":[]}"
20061224,2006-12-24,0.08852334284579196,"{""type"":""MultiPoint"",""coordinates"":[]}"
20061225,2006-12-25,1.0356740121650499E-4,"{""type"":""MultiPoint"",""coordinates"":[]}"
20061226,2006-12-26,0.0,"{""type"":""MultiPoint"",""coordinates"":[]}"
20061227,2006-12-27,0.0,"{""type"":""MultiPoint"",""coordinates"":[]}"
20061228,2006-12-28,0.0,"{""type"":""MultiPoint"",""coordinates"":[]}"
20061229,2006-12-29,0.0,"{""type"":""MultiPoint"",""coordinates"":[]}"
20061230,2006-12-30,0.0,"{""type"":""MultiPoint"",""coordinates"":[]}"
20061231,2006-12-31,0.0,"{""type"":""MultiPoint"",""coordinates"":[]}"
20070101,2007-01-01,0.0,"{""type"":""MultiPoint"",""coordinates"":[]}"
20070102,2007-01-02,0.0,"{""type"":""MultiPoint"",""coordinates"":[]}"
20070103,2007-01-03,6.624810035413813E-4,"{""type"":""MultiPoint"",""coordinates"":[]}"
20070104,2007-01-04,0.0,"{""type"":""MultiPoint"",""coordinates"":[]}"
20070105,2007-01-05,0.03319796780949873,"{""type"":""MultiPoint"",""coordinates"":[]}"
20070106,2007-01-06,0.0,"{""type"":""MultiPoint"",""coordinates"":[]}"
20070107,2007-01-07,0.04964968543251949,"{""type"":""MultiPoint"",""coordinates"":[]}"
20070108,2007-01-08,0.0,"{""type"":""MultiPoint"",""coordinates"":[]}"
20070109,2007-01-09,0.0,"{""type"":""MultiPoint"",""coordinates"":[]}"
20070110,2007-01-10,0.0,"{""type"":""MultiPoint"",""coordinates"":[]}"
20070111,2007-01-11,0.0,"{""type"":""MultiPoint"",""coordinates"":[]}"
20070112,2007-01-12,0.0,"{""type"":""MultiPoint"",""coordinates"":[]}"
20070113,2007-01-13,0.0,"{""type"":""MultiPoint"",""coordinates"":[]}"
20070114,2007-01-14,0.0,"{""type"":""MultiPoint"",""coordinates"":[]}"
20070115,2007-01-15,0.0,"{""type"":""MultiPoint"",""coordinates"":[]}"
20070116,2007-01-16,0.0,"{""type"":""MultiPoint"",""coordinates"":[]}"
20070117,2007-01-17,0.0,"{""type"":""MultiPoint"",""coordinates"":[]}"
20070118,2007-01-18,0.003676549692929793,"{""type"":""MultiPoint"",""coordinates"":[]}"
20070119,2007-01-19,0.0,"{""type"":""MultiPoint"",""coordinates"":[]}"
20070120,2007-01-20,0.0,"{""type"":""MultiPoint"",""coordinates"":[]}"
20070121,2007-01-21,0.0,"{""type"":""MultiPoint"",""coordinates"":[]}"
20070122,2007-01-22,0.1206263439994564,"{""type"":""MultiPoint"",""coordinates"":[]}"
20070123,2007-01-23,0.0,"{""type"":""MultiPoint"",""coordinates"":[]}"
20070124,2007-01-24,0.006307887508227271,"{""type"":""MultiPoint"",""coordinates"":[]}"
20070125,2007-01-25,0.010590753049757843,"{""type"":""MultiPoint"",""coordinates"":[]}"
20070126,2007-01-26,0.0,"{""type"":""MultiPoint"",""coordinates"":[]}"
20070127,2007-01-27,0.0,"{""type"":""MultiPoint"",""coordinates"":[]}"
20070128,2007-01-28,0.09759815615256191,"{""type"":""MultiPoint"",""coordinates"":[]}"
20070129,2007-01-29,0.0,"{""type"":""MultiPoint"",""coordinates"":[]}"
20070130,2007-01-30,0.025452590385554922,"{""type"":""MultiPoint"",""coordinates"":[]}"
20070131,2007-01-31,0.032918247944174035,"{""type"":""MultiPoint"",""coordinates"":[]}"
20070201,2007-02-01,0.0,"{""type"":""MultiPoint"",""coordinates"":[]}"
20070202,2007-02-02,0.0,"{""type"":""MultiPoint"",""coordinates"":[]}"
20070203,2007-02-03,0.0,"{""type"":""MultiPoint"",""coordinates"":[]}"
20070204,2007-02-04,0.0,"{""type"":""MultiPoint"",""coordinates"":[]}"
20070205,2007-02-05,0.0,"{""type"":""MultiPoint"",""coordinates"":[]}"
20070206,2007-02-06,0.0,"{""type"":""MultiPoint"",""coordinates"":[]}"
20070207,2007-02-07,0.0,"{""type"":""MultiPoint"",""coordinates"":[]}"
20070208,2007-02-08,0.0,"{""type"":""MultiPoint"",""coordinates"":[]}"
20070209,2007-02-09,0.0,"{""type"":""MultiPoint"",""coordinates"":[]}"
20070210,2007-02-10,0.0,"{""type"":""MultiPoint"",""coordinates"":[]}"
20070211,2007-02-11,0.0,"{""type"":""MultiPoint"",""coordinates"":[]}"
20070212,2007-02-12,0.0,"{""type"":""MultiPoint"",""coordinates"":[]}"
20070213,2007-02-13,0.0,"{""type"":""MultiPoint"",""coordinates"":[]}"
20070214,2007-02-14,0.0,"{""type"":""MultiPoint"",""coordinates"":[]}"
20070215,2007-02-15,0.0,"{""type"":""MultiPoint"",""coordinates"":[]}"
20070216,2007-02-16,0.0,"{""type"":""MultiPoint"",""coordinates"":[]}"
20070217,2007-02-17,0.0,"{""type"":""MultiPoint"",""coordinates"":[]}"
20070218,2007-02-18,0.0,"{""type"":""MultiPoint"",""coordinates"":[]}"
20070219,2007-02-19,0.0,"{""type"":""MultiPoint"",""coordinates"":[]}"
20070220,2007-02-20,0.0,"{""type"":""MultiPoint"",""coordinates"":[]}"
20070221,2007-02-21,0.0,"{""type"":""MultiPoint"",""coordinates"":[]}"
20070222,2007-02-22,0.0,"{""type"":""MultiPoint"",""coordinates"":[]}"
20070223,2007-02-23,0.0,"{""type"":""MultiPoint"",""coordinates"":[]}"
20070224,2007-02-24,0.0,"{""type"":""MultiPoint"",""coordinates"":[]}"
20070225,2007-02-25,0.0,"{""type"":""MultiPoint"",""coordinates"":[]}"
20070226,2007-02-26,0.0,"{""type"":""MultiPoint"",""coordinates"":[]}"
20070227,2007-02-27,0.0,"{""type"":""MultiPoint"",""coordinates"":[]}"
20070228,2007-02-28,0.0,"{""type"":""MultiPoint"",""coordinates"":[]}"
20070301,2007-03-01,0.0,"{""type"":""MultiPoint"",""coordinates"":[]}"
20070302,2007-03-02,0.0,"{""type"":""MultiPoint"",""coordinates"":[]}"
20070303,2007-03-03,0.0,"{""type"":""MultiPoint"",""coordinates"":[]}"
20070304,2007-03-04,0.0,"{""type"":""MultiPoint"",""coordinates"":[]}"
20070305,2007-03-05,0.0,"{""type"":""MultiPoint"",""coordinates"":[]}"
20070306,2007-03-06,0.0,"{""type"":""MultiPoint"",""coordinates"":[]}"
20070307,2007-03-07,0.0,"{""type"":""MultiPoint"",""coordinates"":[]}"
20070308,2007-03-08,0.0,"{""type"":""MultiPoint"",""coordinates"":[]}"
20070309,2007-03-09,0.0,"{""type"":""MultiPoint"",""coordinates"":[]}"
20070310,2007-03-10,0.0,"{""type"":""MultiPoint"",""coordinates"":[]}"
20070311,2007-03-11,0.0,"{""type"":""MultiPoint"",""coordinates"":[]}"
20070312,2007-03-12,0.0,"{""type"":""MultiPoint"",""coordinates"":[]}"
20070313,2007-03-13,0.0,"{""type"":""MultiPoint"",""coordinates"":[]}"
20070314,2007-03-14,0.0,"{""type"":""MultiPoint"",""coordinates"":[]}"
20070315,2007-03-15,0.0,"{""type"":""MultiPoint"",""coordinates"":[]}"
20070316,2007-03-16,0.0,"{""type"":""MultiPoint"",""coordinates"":[]}"
20070317,2007-03-17,0.0,"{""type"":""MultiPoint"",""coordinates"":[]}"
20070318,2007-03-18,0.0,"{""type"":""MultiPoint"",""coordinates"":[]}"
20070319,2007-03-19,0.0,"{""type"":""MultiPoint"",""coordinates"":[]}"
20070320,2007-03-20,0.0,"{""type"":""MultiPoint"",""coordinates"":[]}"
20070321,2007-03-21,0.0,"{""type"":""MultiPoint"",""coordinates"":[]}"
20070322,2007-03-22,0.0,"{""type"":""MultiPoint"",""coordinates"":[]}"
20070323,2007-03-23,0.0,"{""type"":""MultiPoint"",""coordinates"":[]}"
20070324,2007-03-24,0.0,"{""type"":""MultiPoint"",""coordinates"":[]}"
20070325,2007-03-25,0.0,"{""type"":""MultiPoint"",""coordinates"":[]}"
20070326,2007-03-26,0.0,"{""type"":""MultiPoint"",""coordinates"":[]}"
20070327,2007-03-27,0.059484936238531315,"{""type"":""MultiPoint"",""coordinates"":[]}"
20070328,2007-03-28,0.0,"{""type"":""MultiPoint"",""coordinates"":[]}"
20070329,2007-03-29,0.0,"{""type"":""MultiPoint"",""coordinates"":[]}"
20070330,2007-03-30,0.004431445456711943,"{""type"":""MultiPoint"",""coordinates"":[]}"
20070331,2007-03-31,0.004431445456711943,"{""type"":""MultiPoint"",""coordinates"":[]}"
20070401,2007-04-01,0.0,"{""type"":""MultiPoint"",""coordinates"":[]}"
20070402,2007-04-02,0.0,"{""type"":""MultiPoint"",""coordinates"":[]}"
20070403,2007-04-03,0.0,"{""type"":""MultiPoint"",""coordinates"":[]}"
20070404,2007-04-04,0.0,"{""type"":""MultiPoint"",""coordinates"":[]}"
20070405,2007-04-05,0.0,"{""type"":""MultiPoint"",""coordinates"":[]}"
20070406,2007-04-06,0.0,"{""type"":""MultiPoint"",""coordinates"":[]}"
20070407,2007-04-07,0.7348230239327538,"{""type"":""MultiPoint"",""coordinates"":[]}"
20070408,2007-04-08,0.0,"{""type"":""MultiPoint"",""coordinates"":[]}"
20070409,2007-04-09,0.0,"{""type"":""MultiPoint"",""coordinates"":[]}"
20070410,2007-04-10,0.017504124184408793,"{""type"":""MultiPoint"",""coordinates"":[]}"
20070411,2007-04-11,0.2643882284802195,"{""type"":""MultiPoint"",""coordinates"":[]}"
20070412,2007-04-12,1.9264754366186567,"{""type"":""MultiPoint"",""coordinates"":[]}"
20070413,2007-04-13,0.10610403876335266,"{""type"":""MultiPoint"",""coordinates"":[]}"
20070414,2007-04-14,0.10751476037476451,"{""type"":""MultiPoint"",""coordinates"":[]}"
20070415,2007-04-15,0.0305666719002221,"{""type"":""MultiPoint"",""coordinates"":[]}"
20070416,2007-04-16,0.0189858928639672,"{""type"":""MultiPoint"",""coordinates"":[]}"
20070417,2007-04-17,0.0,"{""type"":""MultiPoint"",""coordinates"":[]}"
20070418,2007-04-18,0.0368010845178018,"{""type"":""MultiPoint"",""coordinates"":[]}"
20070419,2007-04-19,5.685076285462874,"{""type"":""MultiPoint"",""coordinates"":[]}"
20070420,2007-04-20,1.0327552536520768,"{""type"":""MultiPoint"",""coordinates"":[]}"
20070421,2007-04-21,0.01564395283034096,"{""type"":""MultiPoint"",""coordinates"":[]}"
20070422,2007-04-22,0.01407440900154605,"{""type"":""MultiPoint"",""coordinates"":[]}"
20070423,2007-04-23,0.0,"{""type"":""MultiPoint"",""coordinates"":[]}"
20070424,2007-04-24,0.0,"{""type"":""MultiPoint"",""coordinates"":[]}"
20070425,2007-04-25,0.0,"{""type"":""MultiPoint"",""coordinates"":[]}"
20070426,2007-04-26,0.0,"{""type"":""MultiPoint"",""coordinates"":[]}"
20070427,2007-04-27,0.0,"{""type"":""MultiPoint"",""coordinates"":[]}"
20070428,2007-04-28,0.0736751628707944,"{""type"":""MultiPoint"",""coordinates"":[]}"
20070429,2007-04-29,0.0,"{""type"":""MultiPoint"",""coordinates"":[]}"
20070430,2007-04-30,0.11728070438213054,"{""type"":""MultiPoint"",""coordinates"":[]}"
20070501,2007-05-01,3.0477882508319247,"{""type"":""MultiPoint"",""coordinates"":[]}"
20070502,2007-05-02,0.004033960667216999,"{""type"":""MultiPoint"",""coordinates"":[]}"
20070503,2007-05-03,10.84963419963795,"{""type"":""MultiPoint"",""coordinates"":[]}"
20070504,2007-05-04,2.0079345949610112,"{""type"":""MultiPoint"",""coordinates"":[]}"
20070505,2007-05-05,0.4402231534799394,"{""type"":""MultiPoint"",""coordinates"":[]}"
20070506,2007-05-06,2.535272126805569,"{""type"":""MultiPoint"",""coordinates"":[]}"
20070507,2007-05-07,0.160577559657101,"{""type"":""MultiPoint"",""coordinates"":[]}"
20070508,2007-05-08,0.0488655589982198,"{""type"":""MultiPoint"",""coordinates"":[]}"
20070509,2007-05-09,0.0,"{""type"":""MultiPoint"",""coordinates"":[]}"
20070510,2007-05-10,0.0,"{""type"":""MultiPoint"",""coordinates"":[]}"
20070511,2007-05-11,0.002902460847457666,"{""type"":""MultiPoint"",""coordinates"":[]}"
20070512,2007-05-12,0.0,"{""type"":""MultiPoint"",""coordinates"":[]}"
20070513,2007-05-13,0.0,"{""type"":""MultiPoint"",""coordinates"":[]}"
20070514,2007-05-14,0.0,"{""type"":""MultiPoint"",""coordinates"":[]}"
20070515,2007-05-15,0.0,"{""type"":""MultiPoint"",""coordinates"":[]}"
20070516,2007-05-16,0.0,"{""type"":""MultiPoint"",""coordinates"":[]}"
20070517,2007-05-17,0.0,"{""type"":""MultiPoint"",""coordinates"":[]}"
20070518,2007-05-18,0.0,"{""type"":""MultiPoint"",""coordinates"":[]}"
20070519,2007-05-19,0.0,"{""type"":""MultiPoint"",""coordinates"":[]}"
20070520,2007-05-20,0.0,"{""type"":""MultiPoint"",""coordinates"":[]}"
20070521,2007-05-21,0.0,"{""type"":""MultiPoint"",""coordinates"":[]}"
20070522,2007-05-22,0.0,"{""type"":""MultiPoint"",""coordinates"":[]}"
20070523,2007-05-23,3.5221176794297966,"{""type"":""MultiPoint"",""coordinates"":[]}"
20070524,2007-05-24,9.132768665411762,"{""type"":""MultiPoint"",""coordinates"":[]}"
20070525,2007-05-25,4.712390469124739,"{""type"":""MultiPoint"",""coordinates"":[]}"
20070526,2007-05-26,10.028854755730423,"{""type"":""MultiPoint"",""coordinates"":[]}"
20070527,2007-05-27,0.46437271307026434,"{""type"":""MultiPoint"",""coordinates"":[]}"
20070528,2007-05-28,13.206036580011078,"{""type"":""MultiPoint"",""coordinates"":[]}"
20070529,2007-05-29,0.0,"{""type"":""MultiPoint"",""coordinates"":[]}"
20070530,2007-05-30,0.048959474897939614,"{""type"":""MultiPoint"",""coordinates"":[]}"
20070531,2007-05-31,0.0,"{""type"":""MultiPoint"",""coordinates"":[]}"
20070601,2007-06-01,0.40791635947424276,"{""type"":""MultiPoint"",""coordinates"":[]}"
20070602,2007-06-02,9.578659008282699,"{""type"":""MultiPoint"",""coordinates"":[]}"
20070603,2007-06-03,0.3879581563738464,"{""type"":""MultiPoint"",""coordinates"":[]}"
20070604,2007-06-04,1.6550141902944546,"{""type"":""MultiPoint"",""coordinates"":[]}"
20070605,2007-06-05,13.030747255074704,"{""type"":""MultiPoint"",""coordinates"":[]}"
20070606,2007-06-06,3.501124051244477,"{""type"":""MultiPoint"",""coordinates"":[]}"
20070607,2007-06-07,31.855179857091752,"{""type"":""MultiPoint"",""coordinates"":[]}"
20070608,2007-06-08,0.32901460354352324,"{""type"":""MultiPoint"",""coordinates"":[]}"
20070609,2007-06-09,21.899629704852575,"{""type"":""MultiPoint"",""coordinates"":[]}"
20070610,2007-06-10,3.5693003188832297,"{""type"":""MultiPoint"",""coordinates"":[]}"
20070611,2007-06-11,1.51161505098131,"{""type"":""MultiPoint"",""coordinates"":[]}"
20070612,2007-06-12,8.609573320182333,"{""type"":""MultiPoint"",""coordinates"":[]}"
20070613,2007-06-13,12.260012723657114,"{""type"":""MultiPoint"",""coordinates"":[]}"
20070614,2007-06-14,6.635138308309651,"{""type"":""MultiPoint"",""coordinates"":[]}"
20070615,2007-06-15,5.349338281292747,"{""type"":""MultiPoint"",""coordinates"":[]}"
20070616,2007-06-16,4.188540598442058,"{""type"":""MultiPoint"",""coordinates"":[]}"
20070617,2007-06-17,0.00849871950259651,"{""type"":""MultiPoint"",""coordinates"":[]}"
20070618,2007-06-18,2.266893612870734,"{""type"":""MultiPoint"",""coordinates"":[]}"
20070619,2007-06-19,3.6967029191808276,"{""type"":""MultiPoint"",""coordinates"":[]}"
20070620,2007-06-20,6.6096237158409785,"{""type"":""MultiPoint"",""coordinates"":[]}"
20070621,2007-06-21,45.67096621034792,"{""type"":""MultiPoint"",""coordinates"":[]}"
20070622,2007-06-22,52.77648546708064,"{""type"":""MultiPoint"",""coordinates"":[]}"
20070623,2007-06-23,15.433648854230027,"{""type"":""MultiPoint"",""coordinates"":[]}"
20070624,2007-06-24,1.0799415745246843,"{""type"":""MultiPoint"",""coordinates"":[]}"
20070625,2007-06-25,2.4541336034702415,"{""type"":""MultiPoint"",""coordinates"":[]}"
20070626,2007-06-26,7.116625748413371,"{""type"":""MultiPoint"",""coordinates"":[]}"
20070627,2007-06-27,20.072163875815846,"{""type"":""MultiPoint"",""coordinates"":[]}"
20070628,2007-06-28,13.900962756333715,"{""type"":""MultiPoint"",""coordinates"":[]}"
20070629,2007-06-29,15.851451964437981,"{""type"":""MultiPoint"",""coordinates"":[]}"
20070630,2007-06-30,2.5366486509788073,"{""type"":""MultiPoint"",""coordinates"":[]}"
20070701,2007-07-01,2.588284841209262,"{""type"":""MultiPoint"",""coordinates"":[]}"
20070702,2007-07-02,0.00890790937032578,"{""type"":""MultiPoint"",""coordinates"":[]}"
20070703,2007-07-03,0.0,"{""type"":""MultiPoint"",""coordinates"":[]}"
20070704,2007-07-04,0.030012349084808505,"{""type"":""MultiPoint"",""coordinates"":[]}"
20070705,2007-07-05,0.0,"{""type"":""MultiPoint"",""coordinates"":[]}"
20070706,2007-07-06,0.12485064243136554,"{""type"":""MultiPoint"",""coordinates"":[]}"
20070707,2007-07-07,6.204682043332319,"{""type"":""MultiPoint"",""coordinates"":[]}"
20070708,2007-07-08,0.0,"{""type"":""MultiPoint"",""coordinates"":[]}"
20070709,2007-07-09,0.0,"{""type"":""MultiPoint"",""coordinates"":[]}"
20070710,2007-07-10,0.5371111139937839,"{""type"":""MultiPoint"",""coordinates"":[]}"
20070711,2007-07-11,0.044035420416755094,"{""type"":""MultiPoint"",""coordinates"":[]}"
20070712,2007-07-12,2.0909112817967603,"{""type"":""MultiPoint"",""coordinates"":[]}"
20070713,2007-07-13,0.8596319663013173,"{""type"":""MultiPoint"",""coordinates"":[]}"
20070714,2007-07-14,1.619905397805478,"{""type"":""MultiPoint"",""coordinates"":[]}"
20070715,2007-07-15,11.113339478203722,"{""type"":""MultiPoint"",""coordinates"":[]}"
20070716,2007-07-16,2.6555186858464603,"{""type"":""MultiPoint"",""coordinates"":[]}"
20070717,2007-07-17,0.0429855900381538,"{""type"":""MultiPoint"",""coordinates"":[]}"
20070718,2007-07-18,0.0,"{""type"":""MultiPoint"",""coordinates"":[]}"
20070719,2007-07-19,0.016151878382179373,"{""type"":""MultiPoint"",""coordinates"":[]}"
20070720,2007-07-20,9.303671089295257,"{""type"":""MultiPoint"",""coordinates"":[]}"
20070721,2007-07-21,10.898215055996602,"{""type"":""MultiPoint"",""coordinates"":[]}"
20070722,2007-07-22,10.229213908653062,"{""type"":""MultiPoint"",""coordinates"":[]}"
20070723,2007-07-23,10.066809542544236,"{""type"":""MultiPoint"",""coordinates"":[]}"
20070724,2007-07-24,3.964437524649143,"{""type"":""MultiPoint"",""coordinates"":[]}"
20070725,2007-07-25,0.43677344120010464,"{""type"":""MultiPoint"",""coordinates"":[]}"
20070726,2007-07-26,5.568644227350517,"{""type"":""MultiPoint"",""coordinates"":[]}"
20070727,2007-07-27,9.569005903168126,"{""type"":""MultiPoint"",""coordinates"":[]}"
20070728,2007-07-28,17.863370898938086,"{""type"":""MultiPoint"",""coordinates"":[]}"
20070729,2007-07-29,4.1465203726804365,"{""type"":""MultiPoint"",""coordinates"":[]}"
20070730,2007-07-30,11.072034284697812,"{""type"":""MultiPoint"",""coordinates"":[]}"
20070731,2007-07-31,16.365749661555466,"{""type"":""MultiPoint"",""coordinates"":[]}"
20070801,2007-08-01,15.641546331496182,"{""type"":""MultiPoint"",""coordinates"":[]}"
20070802,2007-08-02,8.308490518648771,"{""type"":""MultiPoint"",""coordinates"":[]}"
20070803,2007-08-03,0.20270283043613707,"{""type"":""MultiPoint"",""coordinates"":[]}"
20070804,2007-08-04,0.5674429403277862,"{""type"":""MultiPoint"",""coordinates"":[]}"
20070805,2007-08-05,0.017356671721362113,"{""type"":""MultiPoint"",""coordinates"":[]}"
20070806,2007-08-06,8.339630723293913,"{""type"":""MultiPoint"",""coordinates"":[]}"
20070807,2007-08-07,1.5935817112538653,"{""type"":""MultiPoint"",""coordinates"":[]}"
20070808,2007-08-08,2.7886179426022474E-4,"{""type"":""MultiPoint"",""coordinates"":[]}"
20070809,2007-08-09,0.0,"{""type"":""MultiPoint"",""coordinates"":[]}"
20070810,2007-08-10,0.35298477348179147,"{""type"":""MultiPoint"",""coordinates"":[]}"
20070811,2007-08-11,1.5035512641673743,"{""type"":""MultiPoint"",""coordinates"":[]}"
20070812,2007-08-12,9.009028117354369,"{""type"":""MultiPoint"",""coordinates"":[]}"
20070813,2007-08-13,4.4061216772173,"{""type"":""MultiPoint"",""coordinates"":[]}"
20070814,2007-08-14,0.0,"{""type"":""MultiPoint"",""coordinates"":[]}"
20070815,2007-08-15,0.05621142855564288,"{""type"":""MultiPoint"",""coordinates"":[]}"
20070816,2007-08-16,0.004994267732312333,"{""type"":""MultiPoint"",""coordinates"":[]}"
20070817,2007-08-17,11.351384746207723,"{""type"":""MultiPoint"",""coordinates"":[]}"
20070818,2007-08-18,2.001150763676037,"{""type"":""MultiPoint"",""coordinates"":[]}"
20070819,2007-08-19,0.16814460546657195,"{""type"":""MultiPoint"",""coordinates"":[]}"
20070820,2007-08-20,1.8860956775456574,"{""type"":""MultiPoint"",""coordinates"":[]}"
20070821,2007-08-21,0.0,"{""type"":""MultiPoint"",""coordinates"":[]}"
20070822,2007-08-22,0.6346708075570454,"{""type"":""MultiPoint"",""coordinates"":[]}"
20070823,2007-08-23,7.026260172748729,"{""type"":""MultiPoint"",""coordinates"":[]}"
20070824,2007-08-24,22.17262667882414,"{""type"":""MultiPoint"",""coordinates"":[]}"
20070825,2007-08-25,14.220475421014836,"{""type"":""MultiPoint"",""coordinates"":[]}"
20070826,2007-08-26,2.990726387443225,"{""type"":""MultiPoint"",""coordinates"":[]}"
20070827,2007-08-27,9.355121955414607,"{""type"":""MultiPoint"",""coordinates"":[]}"
20070828,2007-08-28,13.889421019622135,"{""type"":""MultiPoint"",""coordinates"":[]}"
20070829,2007-08-29,20.71510201629615,"{""type"":""MultiPoint"",""coordinates"":[]}"
20070830,2007-08-30,9.222986472083251,"{""type"":""MultiPoint"",""coordinates"":[]}"
20070831,2007-08-31,15.25001839270618,"{""type"":""MultiPoint"",""coordinates"":[]}"
20070901,2007-09-01,3.762719458910793,"{""type"":""MultiPoint"",""coordinates"":[]}"
20070902,2007-09-02,3.106049189209898,"{""type"":""MultiPoint"",""coordinates"":[]}"
20070903,2007-09-03,0.0,"{""type"":""MultiPoint"",""coordinates"":[]}"
20070904,2007-09-04,1.2741459006968505,"{""type"":""MultiPoint"",""coordinates"":[]}"
20070905,2007-09-05,11.991286651935578,"{""type"":""MultiPoint"",""coordinates"":[]}"
20070906,2007-09-06,13.723001194170143,"{""type"":""MultiPoint"",""coordinates"":[]}"
20070907,2007-09-07,1.0086601423279882,"{""type"":""MultiPoint"",""coordinates"":[]}"
20070908,2007-09-08,0.3566995165145048,"{""type"":""MultiPoint"",""coordinates"":[]}"
20070909,2007-09-09,8.527545228219413,"{""type"":""MultiPoint"",""coordinates"":[]}"
20070910,2007-09-10,1.1745768242453707,"{""type"":""MultiPoint"",""coordinates"":[]}"
20070911,2007-09-11,0.09659159702767497,"{""type"":""MultiPoint"",""coordinates"":[]}"
20070912,2007-09-12,0.720559975815939,"{""type"":""MultiPoint"",""coordinates"":[]}"
20070913,2007-09-13,8.231461962757663,"{""type"":""MultiPoint"",""coordinates"":[]}"
20070914,2007-09-14,22.946812867011218,"{""type"":""MultiPoint"",""coordinates"":[]}"
20070915,2007-09-15,10.86757922995283,"{""type"":""MultiPoint"",""coordinates"":[]}"
20070916,2007-09-16,22.33590426126876,"{""type"":""MultiPoint"",""coordinates"":[]}"
20070917,2007-09-17,27.58019628897909,"{""type"":""MultiPoint"",""coordinates"":[]}"
20070918,2007-09-18,18.94278485242737,"{""type"":""MultiPoint"",""coordinates"":[]}"
20070919,2007-09-19,2.5120716777487213,"{""type"":""MultiPoint"",""coordinates"":[]}"
20070920,2007-09-20,3.8748210934176917,"{""type"":""MultiPoint"",""coordinates"":[]}"
20070921,2007-09-21,0.1967791852774043,"{""type"":""MultiPoint"",""coordinates"":[]}"
20070922,2007-09-22,0.007739038994682841,"{""type"":""MultiPoint"",""coordinates"":[]}"
20070923,2007-09-23,0.002143858753860137,"{""type"":""MultiPoint"",""coordinates"":[]}"
20070924,2007-09-24,0.880128387470653,"{""type"":""MultiPoint"",""coordinates"":[]}"
20070925,2007-09-25,0.22142614554210913,"{""type"":""MultiPoint"",""coordinates"":[]}"
20070926,2007-09-26,0.1757226955749422,"{""type"":""MultiPoint"",""coordinates"":[]}"
20070927,2007-09-27,5.250839081061881,"{""type"":""MultiPoint"",""coordinates"":[]}"
20070928,2007-09-28,1.895980283047746,"{""type"":""MultiPoint"",""coordinates"":[]}"
20070929,2007-09-29,7.912345045781127,"{""type"":""MultiPoint"",""coordinates"":[]}"
20070930,2007-09-30,8.173363543619187,"{""type"":""MultiPoint"",""coordinates"":[]}"
20071001,2007-10-01,3.461083701225748,"{""type"":""MultiPoint"",""coordinates"":[]}"
20071002,2007-10-02,0.08601423785350923,"{""type"":""MultiPoint"",""coordinates"":[]}"
20071003,2007-10-03,4.156773392459248E-4,"{""type"":""MultiPoint"",""coordinates"":[]}"
20071004,2007-10-04,0.6306907735259312,"{""type"":""MultiPoint"",""coordinates"":[]}"
20071005,2007-10-05,0.386280490488841,"{""type"":""MultiPoint"",""coordinates"":[]}"
20071006,2007-10-06,0.30384498867244625,"{""type"":""MultiPoint"",""coordinates"":[]}"
20071007,2007-10-07,0.03383375059081252,"{""type"":""MultiPoint"",""coordinates"":[]}"
20071008,2007-10-08,0.001607833283600655,"{""type"":""MultiPoint"",""coordinates"":[]}"
20071009,2007-10-09,0.0,"{""type"":""MultiPoint"",""coordinates"":[]}"
20071010,2007-10-10,0.0,"{""type"":""MultiPoint"",""coordinates"":[]}"
20071011,2007-10-11,0.0,"{""type"":""MultiPoint"",""coordinates"":[]}"
20071012,2007-10-12,0.0,"{""type"":""MultiPoint"",""coordinates"":[]}"
20071013,2007-10-13,0.0,"{""type"":""MultiPoint"",""coordinates"":[]}"
20071014,2007-10-14,0.0,"{""type"":""MultiPoint"",""coordinates"":[]}"
20071015,2007-10-15,0.0,"{""type"":""MultiPoint"",""coordinates"":[]}"
20071016,2007-10-16,0.0,"{""type"":""MultiPoint"",""coordinates"":[]}"
20071017,2007-10-17,0.0,"{""type"":""MultiPoint"",""coordinates"":[]}"
20071018,2007-10-18,0.0,"{""type"":""MultiPoint"",""coordinates"":[]}"
20071019,2007-10-19,2.610640935933617,"{""type"":""MultiPoint"",""coordinates"":[]}"
20071020,2007-10-20,4.747836390546839,"{""type"":""MultiPoint"",""coordinates"":[]}"
20071021,2007-10-21,14.503404905181329,"{""type"":""MultiPoint"",""coordinates"":[]}"
20071022,2007-10-22,11.203484433809484,"{""type"":""MultiPoint"",""coordinates"":[]}"
20071023,2007-10-23,15.959065245116138,"{""type"":""MultiPoint"",""coordinates"":[]}"
20071024,2007-10-24,18.218018734230814,"{""type"":""MultiPoint"",""coordinates"":[]}"
20071025,2007-10-25,4.8398320218089586,"{""type"":""MultiPoint"",""coordinates"":[]}"
20071026,2007-10-26,1.8048804454313054,"{""type"":""MultiPoint"",""coordinates"":[]}"
20071027,2007-10-27,0.7021070900586192,"{""type"":""MultiPoint"",""coordinates"":[]}"
20071028,2007-10-28,7.225447864569447,"{""type"":""MultiPoint"",""coordinates"":[]}"
20071029,2007-10-29,8.775551745674047,"{""type"":""MultiPoint"",""coordinates"":[]}"
20071030,2007-10-30,5.790672398118507,"{""type"":""MultiPoint"",""coordinates"":[]}"
20071031,2007-10-31,3.56669004476927,"{""type"":""MultiPoint"",""coordinates"":[]}"
20071101,2007-11-01,6.375557040446661,"{""type"":""MultiPoint"",""coordinates"":[]}"
20071102,2007-11-02,0.0,"{""type"":""MultiPoint"",""coordinates"":[]}"
20071103,2007-11-03,1.679734946816548,"{""type"":""MultiPoint"",""coordinates"":[]}"
20071104,2007-11-04,2.487936547592326,"{""type"":""MultiPoint"",""coordinates"":[]}"
20071105,2007-11-05,0.7136967520622651,"{""type"":""MultiPoint"",""coordinates"":[]}"
20071106,2007-11-06,6.971764343879113E-4,"{""type"":""MultiPoint"",""coordinates"":[]}"
20071107,2007-11-07,0.00946364462012991,"{""type"":""MultiPoint"",""coordinates"":[]}"
20071108,2007-11-08,0.0,"{""type"":""MultiPoint"",""coordinates"":[]}"
20071109,2007-11-09,0.0,"{""type"":""MultiPoint"",""coordinates"":[]}"
20071110,2007-11-10,0.0,"{""type"":""MultiPoint"",""coordinates"":[]}"
20071111,2007-11-11,0.0,"{""type"":""MultiPoint"",""coordinates"":[]}"
20071112,2007-11-12,0.0,"{""type"":""MultiPoint"",""coordinates"":[]}"
20071113,2007-11-13,0.0,"{""type"":""MultiPoint"",""coordinates"":[]}"
20071114,2007-11-14,0.0,"{""type"":""MultiPoint"",""coordinates"":[]}"
20071115,2007-11-15,0.0,"{""type"":""MultiPoint"",""coordinates"":[]}"
20071116,2007-11-16,0.0,"{""type"":""MultiPoint"",""coordinates"":[]}"
20071117,2007-11-17,0.0,"{""type"":""MultiPoint"",""coordinates"":[]}"
20071118,2007-11-18,0.0,"{""type"":""MultiPoint"",""coordinates"":[]}"
20071119,2007-11-19,0.0,"{""type"":""MultiPoint"",""coordinates"":[]}"
20071120,2007-11-20,0.0,"{""type"":""MultiPoint"",""coordinates"":[]}"
20071121,2007-11-21,0.0,"{""type"":""MultiPoint"",""coordinates"":[]}"
20071122,2007-11-22,0.0,"{""type"":""MultiPoint"",""coordinates"":[]}"
20071123,2007-11-23,0.0,"{""type"":""MultiPoint"",""coordinates"":[]}"
20071124,2007-11-24,0.0,"{""type"":""MultiPoint"",""coordinates"":[]}"
20071125,2007-11-25,0.0,"{""type"":""MultiPoint"",""coordinates"":[]}"
20071126,2007-11-26,0.0,"{""type"":""MultiPoint"",""coordinates"":[]}"
20071127,2007-11-27,0.07671984081369372,"{""type"":""MultiPoint"",""coordinates"":[]}"
20071128,2007-11-28,0.0,"{""type"":""MultiPoint"",""coordinates"":[]}"
20071129,2007-11-29,0.0,"{""type"":""MultiPoint"",""coordinates"":[]}"
20071130,2007-11-30,0.16948598597433512,"{""type"":""MultiPoint"",""coordinates"":[]}"
20071201,2007-12-01,0.009638723454446895,"{""type"":""MultiPoint"",""coordinates"":[]}"
20071202,2007-12-02,0.06130562636421755,"{""type"":""MultiPoint"",""coordinates"":[]}"
20071203,2007-12-03,0.16936742522750114,"{""type"":""MultiPoint"",""coordinates"":[]}"
20071204,2007-12-04,0.0,"{""type"":""MultiPoint"",""coordinates"":[]}"
20071205,2007-12-05,0.0,"{""type"":""MultiPoint"",""coordinates"":[]}"
20071206,2007-12-06,0.1500788365426978,"{""type"":""MultiPoint"",""coordinates"":[]}"
20071207,2007-12-07,0.0,"{""type"":""MultiPoint"",""coordinates"":[]}"
20071208,2007-12-08,0.0,"{""type"":""MultiPoint"",""coordinates"":[]}"
20071209,2007-12-09,0.0,"{""type"":""MultiPoint"",""coordinates"":[]}"
20071210,2007-12-10,0.0,"{""type"":""MultiPoint"",""coordinates"":[]}"
20071211,2007-12-11,0.0,"{""type"":""MultiPoint"",""coordinates"":[]}"
20071212,2007-12-12,0.0,"{""type"":""MultiPoint"",""coordinates"":[]}"
20071213,2007-12-13,0.0,"{""type"":""MultiPoint"",""coordinates"":[]}"
20071214,2007-12-14,0.023194975850749037,"{""type"":""MultiPoint"",""coordinates"":[]}"
20071215,2007-12-15,0.0,"{""type"":""MultiPoint"",""coordinates"":[]}"
20071216,2007-12-16,0.0,"{""type"":""MultiPoint"",""coordinates"":[]}"
20071217,2007-12-17,0.0,"{""type"":""MultiPoint"",""coordinates"":[]}"
20071218,2007-12-18,0.26685604685196557,"{""type"":""MultiPoint"",""coordinates"":[]}"
20071219,2007-12-19,1.6479404464658955,"{""type"":""MultiPoint"",""coordinates"":[]}"
20071220,2007-12-20,0.16150693629693325,"{""type"":""MultiPoint"",""coordinates"":[]}"
20071221,2007-12-21,0.0,"{""type"":""MultiPoint"",""coordinates"":[]}"
20071222,2007-12-22,0.0,"{""type"":""MultiPoint"",""coordinates"":[]}"
20071223,2007-12-23,0.0,"{""type"":""MultiPoint"",""coordinates"":[]}"
20071224,2007-12-24,0.0,"{""type"":""MultiPoint"",""coordinates"":[]}"
20071225,2007-12-25,0.0,"{""type"":""MultiPoint"",""coordinates"":[]}"
20071226,2007-12-26,0.0010825096091153334,"{""type"":""MultiPoint"",""coordinates"":[]}"
20071227,2007-12-27,0.0,"{""type"":""MultiPoint"",""coordinates"":[]}"
20071228,2007-12-28,0.0,"{""type"":""MultiPoint"",""coordinates"":[]}"
20071229,2007-12-29,0.0,"{""type"":""MultiPoint"",""coordinates"":[]}"
20071230,2007-12-30,0.0,"{""type"":""MultiPoint"",""coordinates"":[]}"
20071231,2007-12-31,0.0,"{""type"":""MultiPoint"",""coordinates"":[]}"
20080101,2008-01-01,0.0,"{""type"":""MultiPoint"",""coordinates"":[]}"
20080102,2008-01-02,0.0,"{""type"":""MultiPoint"",""coordinates"":[]}"
20080103,2008-01-03,0.0,"{""type"":""MultiPoint"",""coordinates"":[]}"
20080104,2008-01-04,0.0,"{""type"":""MultiPoint"",""coordinates"":[]}"
20080105,2008-01-05,0.0010014356596944928,"{""type"":""MultiPoint"",""coordinates"":[]}"
20080106,2008-01-06,0.0,"{""type"":""MultiPoint"",""coordinates"":[]}"
20080107,2008-01-07,0.0,"{""type"":""MultiPoint"",""coordinates"":[]}"
20080108,2008-01-08,0.0,"{""type"":""MultiPoint"",""coordinates"":[]}"
20080109,2008-01-09,0.0,"{""type"":""MultiPoint"",""coordinates"":[]}"
20080110,2008-01-10,0.0,"{""type"":""MultiPoint"",""coordinates"":[]}"
20080111,2008-01-11,0.0,"{""type"":""MultiPoint"",""coordinates"":[]}"
20080112,2008-01-12,0.0,"{""type"":""MultiPoint"",""coordinates"":[]}"
20080113,2008-01-13,0.0,"{""type"":""MultiPoint"",""coordinates"":[]}"
20080114,2008-01-14,0.0,"{""type"":""MultiPoint"",""coordinates"":[]}"
20080115,2008-01-15,0.0,"{""type"":""MultiPoint"",""coordinates"":[]}"
20080116,2008-01-16,0.0,"{""type"":""MultiPoint"",""coordinates"":[]}"
20080117,2008-01-17,0.0,"{""type"":""MultiPoint"",""coordinates"":[]}"
20080118,2008-01-18,0.08361324507821856,"{""type"":""MultiPoint"",""coordinates"":[]}"
20080119,2008-01-19,0.0,"{""type"":""MultiPoint"",""coordinates"":[]}"
20080120,2008-01-20,0.0,"{""type"":""MultiPoint"",""coordinates"":[]}"
20080121,2008-01-21,0.0,"{""type"":""MultiPoint"",""coordinates"":[]}"
20080122,2008-01-22,0.0,"{""type"":""MultiPoint"",""coordinates"":[]}"
20080123,2008-01-23,0.0,"{""type"":""MultiPoint"",""coordinates"":[]}"
20080124,2008-01-24,0.002302689583505207,"{""type"":""MultiPoint"",""coordinates"":[]}"
20080125,2008-01-25,0.5780124535308137,"{""type"":""MultiPoint"",""coordinates"":[]}"
20080126,2008-01-26,0.0,"{""type"":""MultiPoint"",""coordinates"":[]}"
20080127,2008-01-27,0.0,"{""type"":""MultiPoint"",""coordinates"":[]}"
20080128,2008-01-28,0.03181178978632169,"{""type"":""MultiPoint"",""coordinates"":[]}"
20080129,2008-01-29,0.006078430360930442,"{""type"":""MultiPoint"",""coordinates"":[]}"
20080130,2008-01-30,0.002098452849786266,"{""type"":""MultiPoint"",""coordinates"":[]}"
20080131,2008-01-31,0.0,"{""type"":""MultiPoint"",""coordinates"":[]}"
20080201,2008-02-01,0.0,"{""type"":""MultiPoint"",""coordinates"":[]}"
20080202,2008-02-02,0.0,"{""type"":""MultiPoint"",""coordinates"":[]}"
20080203,2008-02-03,0.0,"{""type"":""MultiPoint"",""coordinates"":[]}"
20080204,2008-02-04,0.0,"{""type"":""MultiPoint"",""coordinates"":[]}"
20080205,2008-02-05,0.0,"{""type"":""MultiPoint"",""coordinates"":[]}"
20080206,2008-02-06,0.0,"{""type"":""MultiPoint"",""coordinates"":[]}"
20080207,2008-02-07,0.0,"{""type"":""MultiPoint"",""coordinates"":[]}"
20080208,2008-02-08,0.0,"{""type"":""MultiPoint"",""coordinates"":[]}"
20080209,2008-02-09,0.0,"{""type"":""MultiPoint"",""coordinates"":[]}"
20080210,2008-02-10,0.21165976013113671,"{""type"":""MultiPoint"",""coordinates"":[]}"
20080211,2008-02-11,0.08615956952751927,"{""type"":""MultiPoint"",""coordinates"":[]}"
20080212,2008-02-12,0.20906920845630425,"{""type"":""MultiPoint"",""coordinates"":[]}"
20080213,2008-02-13,0.0621186989267218,"{""type"":""MultiPoint"",""coordinates"":[]}"
20080214,2008-02-14,0.0,"{""type"":""MultiPoint"",""coordinates"":[]}"
20080215,2008-02-15,0.0,"{""type"":""MultiPoint"",""coordinates"":[]}"
20080216,2008-02-16,0.0,"{""type"":""MultiPoint"",""coordinates"":[]}"
20080217,2008-02-17,0.0,"{""type"":""MultiPoint"",""coordinates"":[]}"
20080218,2008-02-18,0.0,"{""type"":""MultiPoint"",""coordinates"":[]}"
20080219,2008-02-19,0.0,"{""type"":""MultiPoint"",""coordinates"":[]}"
20080220,2008-02-20,0.0,"{""type"":""MultiPoint"",""coordinates"":[]}"
20080221,2008-02-21,0.0,"{""type"":""MultiPoint"",""coordinates"":[]}"
20080222,2008-02-22,0.0,"{""type"":""MultiPoint"",""coordinates"":[]}"
20080223,2008-02-23,0.0,"{""type"":""MultiPoint"",""coordinates"":[]}"
20080224,2008-02-24,0.0,"{""type"":""MultiPoint"",""coordinates"":[]}"
20080225,2008-02-25,0.0,"{""type"":""MultiPoint"",""coordinates"":[]}"
20080226,2008-02-26,0.0,"{""type"":""MultiPoint"",""coordinates"":[]}"
20080227,2008-02-27,0.0,"{""type"":""MultiPoint"",""coordinates"":[]}"
20080228,2008-02-28,0.0,"{""type"":""MultiPoint"",""coordinates"":[]}"
20080229,2008-02-29,0.0,"{""type"":""MultiPoint"",""coordinates"":[]}"
20080301,2008-03-01,0.0,"{""type"":""MultiPoint"",""coordinates"":[]}"
20080302,2008-03-02,0.0,"{""type"":""MultiPoint"",""coordinates"":[]}"
20080303,2008-03-03,0.0,"{""type"":""MultiPoint"",""coordinates"":[]}"
20080304,2008-03-04,0.0,"{""type"":""MultiPoint"",""coordinates"":[]}"
20080305,2008-03-05,0.0,"{""type"":""MultiPoint"",""coordinates"":[]}"
20080306,2008-03-06,0.0,"{""type"":""MultiPoint"",""coordinates"":[]}"
20080307,2008-03-07,0.0,"{""type"":""MultiPoint"",""coordinates"":[]}"
20080308,2008-03-08,0.0,"{""type"":""MultiPoint"",""coordinates"":[]}"
20080309,2008-03-09,0.0,"{""type"":""MultiPoint"",""coordinates"":[]}"
20080310,2008-03-10,0.3272774721009736,"{""type"":""MultiPoint"",""coordinates"":[]}"
20080311,2008-03-11,0.0,"{""type"":""MultiPoint"",""coordinates"":[]}"
20080312,2008-03-12,0.0,"{""type"":""MultiPoint"",""coordinates"":[]}"
20080313,2008-03-13,0.3077156417709728,"{""type"":""MultiPoint"",""coordinates"":[]}"
20080314,2008-03-14,0.4382691868186796,"{""type"":""MultiPoint"",""coordinates"":[]}"
20080315,2008-03-15,0.24407656649520842,"{""type"":""MultiPoint"",""coordinates"":[]}"
20080316,2008-03-16,0.0,"{""type"":""MultiPoint"",""coordinates"":[]}"
20080317,2008-03-17,0.0,"{""type"":""MultiPoint"",""coordinates"":[]}"
20080318,2008-03-18,0.0,"{""type"":""MultiPoint"",""coordinates"":[]}"
20080319,2008-03-19,0.0,"{""type"":""MultiPoint"",""coordinates"":[]}"
20080320,2008-03-20,0.0,"{""type"":""MultiPoint"",""coordinates"":[]}"
20080321,2008-03-21,0.4523576306530583,"{""type"":""MultiPoint"",""coordinates"":[]}"
20080322,2008-03-22,1.1515555342203476,"{""type"":""MultiPoint"",""coordinates"":[]}"
20080323,2008-03-23,0.728285133826406,"{""type"":""MultiPoint"",""coordinates"":[]}"
20080324,2008-03-24,1.0151021617073361,"{""type"":""MultiPoint"",""coordinates"":[]}"
20080325,2008-03-25,0.007135805737252506,"{""type"":""MultiPoint"",""coordinates"":[]}"
20080326,2008-03-26,3.2457122462315433,"{""type"":""MultiPoint"",""coordinates"":[]}"
20080327,2008-03-27,0.3617600423784931,"{""type"":""MultiPoint"",""coordinates"":[]}"
20080328,2008-03-28,1.646074521826095,"{""type"":""MultiPoint"",""coordinates"":[]}"
20080329,2008-03-29,0.006490803377611575,"{""type"":""MultiPoint"",""coordinates"":[]}"
20080330,2008-03-30,4.28020497170502,"{""type"":""MultiPoint"",""coordinates"":[]}"
20080331,2008-03-31,0.633547885260199,"{""type"":""MultiPoint"",""coordinates"":[]}"
20080401,2008-04-01,0.15365384047000916,"{""type"":""MultiPoint"",""coordinates"":[]}"
20080402,2008-04-02,0.016254361531541618,"{""type"":""MultiPoint"",""coordinates"":[]}"
20080403,2008-04-03,0.0,"{""type"":""MultiPoint"",""coordinates"":[]}"
20080404,2008-04-04,0.0,"{""type"":""MultiPoint"",""coordinates"":[]}"
20080405,2008-04-05,0.3157828571114035,"{""type"":""MultiPoint"",""coordinates"":[]}"
20080406,2008-04-06,0.83279655312985,"{""type"":""MultiPoint"",""coordinates"":[]}"
20080407,2008-04-07,0.01699210477106871,"{""type"":""MultiPoint"",""coordinates"":[]}"
20080408,2008-04-08,0.006557848078317228,"{""type"":""MultiPoint"",""coordinates"":[]}"
20080409,2008-04-09,0.0,"{""type"":""MultiPoint"",""coordinates"":[]}"
20080410,2008-04-10,0.0,"{""type"":""MultiPoint"",""coordinates"":[]}"
20080411,2008-04-11,0.0,"{""type"":""MultiPoint"",""coordinates"":[]}"
20080412,2008-04-12,0.0,"{""type"":""MultiPoint"",""coordinates"":[]}"
20080413,2008-04-13,0.0,"{""type"":""MultiPoint"",""coordinates"":[]}"
20080414,2008-04-14,0.0,"{""type"":""MultiPoint"",""coordinates"":[]}"
20080415,2008-04-15,0.0026781366145607155,"{""type"":""MultiPoint"",""coordinates"":[]}"
20080416,2008-04-16,0.12811665094827307,"{""type"":""MultiPoint"",""coordinates"":[]}"
20080417,2008-04-17,0.4520945537956058,"{""type"":""MultiPoint"",""coordinates"":[]}"
20080418,2008-04-18,0.0,"{""type"":""MultiPoint"",""coordinates"":[]}"
20080419,2008-04-19,0.0,"{""type"":""MultiPoint"",""coordinates"":[]}"
20080420,2008-04-20,1.1522328472152916,"{""type"":""MultiPoint"",""coordinates"":[]}"
20080421,2008-04-21,0.0514916880499633,"{""type"":""MultiPoint"",""coordinates"":[]}"
20080422,2008-04-22,0.0,"{""type"":""MultiPoint"",""coordinates"":[]}"
20080423,2008-04-23,0.0,"{""type"":""MultiPoint"",""coordinates"":[]}"
20080424,2008-04-24,0.10251963731390637,"{""type"":""MultiPoint"",""coordinates"":[]}"
20080425,2008-04-25,0.00467271128156379,"{""type"":""MultiPoint"",""coordinates"":[]}"
20080426,2008-04-26,0.0,"{""type"":""MultiPoint"",""coordinates"":[]}"
20080427,2008-04-27,0.06076122551795556,"{""type"":""MultiPoint"",""coordinates"":[]}"
20080428,2008-04-28,0.014818955859351342,"{""type"":""MultiPoint"",""coordinates"":[]}"
20080429,2008-04-29,0.0,"{""type"":""MultiPoint"",""coordinates"":[]}"
20080430,2008-04-30,0.0,"{""type"":""MultiPoint"",""coordinates"":[]}"
20080501,2008-05-01,0.0,"{""type"":""MultiPoint"",""coordinates"":[]}"
20080502,2008-05-02,0.0,"{""type"":""MultiPoint"",""coordinates"":[]}"
20080503,2008-05-03,0.0,"{""type"":""MultiPoint"",""coordinates"":[]}"
20080504,2008-05-04,0.0,"{""type"":""MultiPoint"",""coordinates"":[]}"
20080505,2008-05-05,0.0,"{""type"":""MultiPoint"",""coordinates"":[]}"
20080506,2008-05-06,0.0,"{""type"":""MultiPoint"",""coordinates"":[]}"
20080507,2008-05-07,0.0,"{""type"":""MultiPoint"",""coordinates"":[]}"
20080508,2008-05-08,0.0,"{""type"":""MultiPoint"",""coordinates"":[]}"
20080509,2008-05-09,0.0,"{""type"":""MultiPoint"",""coordinates"":[]}"
20080510,2008-05-10,0.0,"{""type"":""MultiPoint"",""coordinates"":[]}"
20080511,2008-05-11,0.0,"{""type"":""MultiPoint"",""coordinates"":[]}"
20080512,2008-05-12,0.0,"{""type"":""MultiPoint"",""coordinates"":[]}"
20080513,2008-05-13,0.0,"{""type"":""MultiPoint"",""coordinates"":[]}"
20080514,2008-05-14,0.0,"{""type"":""MultiPoint"",""coordinates"":[]}"
20080515,2008-05-15,0.0,"{""type"":""MultiPoint"",""coordinates"":[]}"
20080516,2008-05-16,0.0,"{""type"":""MultiPoint"",""coordinates"":[]}"
20080517,2008-05-17,0.0,"{""type"":""MultiPoint"",""coordinates"":[]}"
20080518,2008-05-18,0.0,"{""type"":""MultiPoint"",""coordinates"":[]}"
20080519,2008-05-19,0.0,"{""type"":""MultiPoint"",""coordinates"":[]}"
20080520,2008-05-20,0.0,"{""type"":""MultiPoint"",""coordinates"":[]}"
20080521,2008-05-21,3.3475027100043326,"{""type"":""MultiPoint"",""coordinates"":[]}"
20080522,2008-05-22,0.0,"{""type"":""MultiPoint"",""coordinates"":[]}"
20080523,2008-05-23,2.7048890448105944,"{""type"":""MultiPoint"",""coordinates"":[]}"
20080524,2008-05-24,2.157901968980134,"{""type"":""MultiPoint"",""coordinates"":[]}"
20080525,2008-05-25,8.322350713411584,"{""type"":""MultiPoint"",""coordinates"":[]}"
20080526,2008-05-26,8.90037195583795,"{""type"":""MultiPoint"",""coordinates"":[]}"
20080527,2008-05-27,0.4702827327365689,"{""type"":""MultiPoint"",""coordinates"":[]}"
20080528,2008-05-28,1.9167281943892363,"{""type"":""MultiPoint"",""coordinates"":[]}"
20080529,2008-05-29,0.027200865707600833,"{""type"":""MultiPoint"",""coordinates"":[]}"
20080530,2008-05-30,8.38189778486493,"{""type"":""MultiPoint"",""coordinates"":[]}"
20080531,2008-05-31,1.5850589675766662,"{""type"":""MultiPoint"",""coordinates"":[]}"
20080601,2008-06-01,6.052200292063655,"{""type"":""MultiPoint"",""coordinates"":[]}"
20080602,2008-06-02,2.119479231755434,"{""type"":""MultiPoint"",""coordinates"":[]}"
20080603,2008-06-03,13.226576159679942,"{""type"":""MultiPoint"",""coordinates"":[]}"
20080604,2008-06-04,1.6398686003571485,"{""type"":""MultiPoint"",""coordinates"":[]}"
20080605,2008-06-05,0.0,"{""type"":""MultiPoint"",""coordinates"":[]}"
20080606,2008-06-06,0.7973553409841182,"{""type"":""MultiPoint"",""coordinates"":[]}"
20080607,2008-06-07,1.5642213075350815,"{""type"":""MultiPoint"",""coordinates"":[]}"
20080608,2008-06-08,6.143297069866216,"{""type"":""MultiPoint"",""coordinates"":[]}"
20080609,2008-06-09,0.1030037217479692,"{""type"":""MultiPoint"",""coordinates"":[]}"
20080610,2008-06-10,1.298620773793307,"{""type"":""MultiPoint"",""coordinates"":[]}"
20080611,2008-06-11,5.89150966280725,"{""type"":""MultiPoint"",""coordinates"":[]}"
20080612,2008-06-12,9.97503349910935,"{""type"":""MultiPoint"",""coordinates"":[]}"
20080613,2008-06-13,0.21254794480469,"{""type"":""MultiPoint"",""coordinates"":[]}"
20080614,2008-06-14,0.0,"{""type"":""MultiPoint"",""coordinates"":[]}"
20080615,2008-06-15,0.1257330975522757,"{""type"":""MultiPoint"",""coordinates"":[]}"
20080616,2008-06-16,0.0019163957223109673,"{""type"":""MultiPoint"",""coordinates"":[]}"
20080617,2008-06-17,0.0,"{""type"":""MultiPoint"",""coordinates"":[]}"
20080618,2008-06-18,0.10365723124317974,"{""type"":""MultiPoint"",""coordinates"":[]}"
20080619,2008-06-19,0.06031570096653603,"{""type"":""MultiPoint"",""coordinates"":[]}"
20080620,2008-06-20,0.0,"{""type"":""MultiPoint"",""coordinates"":[]}"
20080621,2008-06-21,0.023070567178342397,"{""type"":""MultiPoint"",""coordinates"":[]}"
20080622,2008-06-22,0.0,"{""type"":""MultiPoint"",""coordinates"":[]}"
20080623,2008-06-23,0.09871870966161699,"{""type"":""MultiPoint"",""coordinates"":[]}"
20080624,2008-06-24,0.6333975907424938,"{""type"":""MultiPoint"",""coordinates"":[]}"
20080625,2008-06-25,0.42159501045536535,"{""type"":""MultiPoint"",""coordinates"":[]}"
20080626,2008-06-26,0.0398639916962992,"{""type"":""MultiPoint"",""coordinates"":[]}"
20080627,2008-06-27,0.8703156316759505,"{""type"":""MultiPoint"",""coordinates"":[]}"
20080628,2008-06-28,5.60713793918591,"{""type"":""MultiPoint"",""coordinates"":[]}"
20080629,2008-06-29,1.8247290024451246,"{""type"":""MultiPoint"",""coordinates"":[]}"
20080630,2008-06-30,0.0,"{""type"":""MultiPoint"",""coordinates"":[]}"
20080701,2008-07-01,2.0587257690338485,"{""type"":""MultiPoint"",""coordinates"":[]}"
20080702,2008-07-02,0.0,"{""type"":""MultiPoint"",""coordinates"":[]}"
20080703,2008-07-03,0.03592674506568707,"{""type"":""MultiPoint"",""coordinates"":[]}"
20080704,2008-07-04,0.0,"{""type"":""MultiPoint"",""coordinates"":[]}"
20080705,2008-07-05,3.524490232265882,"{""type"":""MultiPoint"",""coordinates"":[]}"
20080706,2008-07-06,0.5477323864950343,"{""type"":""MultiPoint"",""coordinates"":[]}"
20080707,2008-07-07,0.5630359681836099,"{""type"":""MultiPoint"",""coordinates"":[]}"
20080708,2008-07-08,0.4216527823364607,"{""type"":""MultiPoint"",""coordinates"":[]}"
20080709,2008-07-09,3.1714349273992335,"{""type"":""MultiPoint"",""coordinates"":[]}"
20080710,2008-07-10,0.09991378483566386,"{""type"":""MultiPoint"",""coordinates"":[]}"
20080711,2008-07-11,0.09729459196748179,"{""type"":""MultiPoint"",""coordinates"":[]}"
20080712,2008-07-12,0.0,"{""type"":""MultiPoint"",""coordinates"":[]}"
20080713,2008-07-13,0.0,"{""type"":""MultiPoint"",""coordinates"":[]}"
20080714,2008-07-14,0.0,"{""type"":""MultiPoint"",""coordinates"":[]}"
20080715,2008-07-15,1.3263568183247598,"{""type"":""MultiPoint"",""coordinates"":[]}"
20080716,2008-07-16,9.65955775094227,"{""type"":""MultiPoint"",""coordinates"":[]}"
20080717,2008-07-17,0.696847143697652,"{""type"":""MultiPoint"",""coordinates"":[]}"
20080718,2008-07-18,4.489799450245926,"{""type"":""MultiPoint"",""coordinates"":[]}"
20080719,2008-07-19,10.206856590262976,"{""type"":""MultiPoint"",""coordinates"":[]}"
20080720,2008-07-20,5.164556625443088,"{""type"":""MultiPoint"",""coordinates"":[]}"
20080721,2008-07-21,10.177644745739517,"{""type"":""MultiPoint"",""coordinates"":[]}"
20080722,2008-07-22,6.764815639973748,"{""type"":""MultiPoint"",""coordinates"":[]}"
20080723,2008-07-23,8.997647206562144,"{""type"":""MultiPoint"",""coordinates"":[]}"
20080724,2008-07-24,16.420219230277436,"{""type"":""MultiPoint"",""coordinates"":[]}"
20080725,2008-07-25,7.436027399357147,"{""type"":""MultiPoint"",""coordinates"":[]}"
20080726,2008-07-26,22.14388777866181,"{""type"":""MultiPoint"",""coordinates"":[]}"
20080727,2008-07-27,9.736948511452143,"{""type"":""MultiPoint"",""coordinates"":[]}"
20080728,2008-07-28,2.4638500295990355,"{""type"":""MultiPoint"",""coordinates"":[]}"
20080729,2008-07-29,0.4898328472925907,"{""type"":""MultiPoint"",""coordinates"":[]}"
20080730,2008-07-30,0.599609719012672,"{""type"":""MultiPoint"",""coordinates"":[]}"
20080731,2008-07-31,0.0,"{""type"":""MultiPoint"",""coordinates"":[]}"
20080801,2008-08-01,0.3191828673773543,"{""type"":""MultiPoint"",""coordinates"":[]}"
20080802,2008-08-02,9.636642510043917,"{""type"":""MultiPoint"",""coordinates"":[]}"
20080803,2008-08-03,17.94763262913378,"{""type"":""MultiPoint"",""coordinates"":[]}"
20080804,2008-08-04,15.822385963400759,"{""type"":""MultiPoint"",""coordinates"":[]}"
20080805,2008-08-05,7.372850175346981,"{""type"":""MultiPoint"",""coordinates"":[]}"
20080806,2008-08-06,0.8504218102787332,"{""type"":""MultiPoint"",""coordinates"":[]}"
20080807,2008-08-07,2.7715381487702113,"{""type"":""MultiPoint"",""coordinates"":[]}"
20080808,2008-08-08,15.239715210463423,"{""type"":""MultiPoint"",""coordinates"":[]}"
20080809,2008-08-09,26.449922743846674,"{""type"":""MultiPoint"",""coordinates"":[]}"
20080810,2008-08-10,16.750742497539182,"{""type"":""MultiPoint"",""coordinates"":[]}"
20080811,2008-08-11,0.02833020707480395,"{""type"":""MultiPoint"",""coordinates"":[]}"
20080812,2008-08-12,0.0,"{""type"":""MultiPoint"",""coordinates"":[]}"
20080813,2008-08-13,0.0,"{""type"":""MultiPoint"",""coordinates"":[]}"
20080814,2008-08-14,5.3026462132264855,"{""type"":""MultiPoint"",""coordinates"":[]}"
20080815,2008-08-15,7.829608922798272,"{""type"":""MultiPoint"",""coordinates"":[]}"
20080816,2008-08-16,6.775188457446745,"{""type"":""MultiPoint"",""coordinates"":[]}"
20080817,2008-08-17,13.977325087261505,"{""type"":""MultiPoint"",""coordinates"":[]}"
20080818,2008-08-18,6.437791609909476,"{""type"":""MultiPoint"",""coordinates"":[]}"
20080819,2008-08-19,7.300854771115494,"{""type"":""MultiPoint"",""coordinates"":[]}"
20080820,2008-08-20,9.477814461860456,"{""type"":""MultiPoint"",""coordinates"":[]}"
20080821,2008-08-21,2.2787660291795775,"{""type"":""MultiPoint"",""coordinates"":[]}"
20080822,2008-08-22,0.0,"{""type"":""MultiPoint"",""coordinates"":[]}"
20080823,2008-08-23,0.22920264346849004,"{""type"":""MultiPoint"",""coordinates"":[]}"
20080824,2008-08-24,1.0195367332150926,"{""type"":""MultiPoint"",""coordinates"":[]}"
20080825,2008-08-25,8.407089838099315,"{""type"":""MultiPoint"",""coordinates"":[]}"
20080826,2008-08-26,3.487353213838724,"{""type"":""MultiPoint"",""coordinates"":[]}"
20080827,2008-08-27,1.5034066123938175,"{""type"":""MultiPoint"",""coordinates"":[]}"
20080828,2008-08-28,0.7933186339125335,"{""type"":""MultiPoint"",""coordinates"":[]}"
20080829,2008-08-29,0.1772257054474092,"{""type"":""MultiPoint"",""coordinates"":[]}"
20080830,2008-08-30,13.694129261615354,"{""type"":""MultiPoint"",""coordinates"":[]}"
20080831,2008-08-31,6.461918823470242,"{""type"":""MultiPoint"",""coordinates"":[]}"
20080901,2008-09-01,1.5155181231760835,"{""type"":""MultiPoint"",""coordinates"":[]}"
20080902,2008-09-02,0.6041594963887442,"{""type"":""MultiPoint"",""coordinates"":[]}"
20080903,2008-09-03,2.871034604179321,"{""type"":""MultiPoint"",""coordinates"":[]}"
20080904,2008-09-04,13.795139677739789,"{""type"":""MultiPoint"",""coordinates"":[]}"
20080905,2008-09-05,4.596522205514853,"{""type"":""MultiPoint"",""coordinates"":[]}"
20080906,2008-09-06,12.06941768766423,"{""type"":""MultiPoint"",""coordinates"":[]}"
20080907,2008-09-07,24.45785313465051,"{""type"":""MultiPoint"",""coordinates"":[]}"
20080908,2008-09-08,7.185672001122005,"{""type"":""MultiPoint"",""coordinates"":[]}"
20080909,2008-09-09,10.65824310922711,"{""type"":""MultiPoint"",""coordinates"":[]}"
20080910,2008-09-10,0.8313861859983928,"{""type"":""MultiPoint"",""coordinates"":[]}"
20080911,2008-09-11,13.916518209372326,"{""type"":""MultiPoint"",""coordinates"":[]}"
20080912,2008-09-12,0.6086245982218432,"{""type"":""MultiPoint"",""coordinates"":[]}"
20080913,2008-09-13,0.0,"{""type"":""MultiPoint"",""coordinates"":[]}"
20080914,2008-09-14,0.0,"{""type"":""MultiPoint"",""coordinates"":[]}"
20080915,2008-09-15,0.0,"{""type"":""MultiPoint"",""coordinates"":[]}"
20080916,2008-09-16,0.009470315798822853,"{""type"":""MultiPoint"",""coordinates"":[]}"
20080917,2008-09-17,0.46673469664657974,"{""type"":""MultiPoint"",""coordinates"":[]}"
20080918,2008-09-18,0.5114469449266171,"{""type"":""MultiPoint"",""coordinates"":[]}"
20080919,2008-09-19,0.0019447020313151098,"{""type"":""MultiPoint"",""coordinates"":[]}"
20080920,2008-09-20,0.10829245580950253,"{""type"":""MultiPoint"",""coordinates"":[]}"
20080921,2008-09-21,0.06465105810132242,"{""type"":""MultiPoint"",""coordinates"":[]}"
20080922,2008-09-22,0.467876155945011,"{""type"":""MultiPoint"",""coordinates"":[]}"
20080923,2008-09-23,0.25547226715551963,"{""type"":""MultiPoint"",""coordinates"":[]}"
20080924,2008-09-24,4.028176121414148,"{""type"":""MultiPoint"",""coordinates"":[]}"
20080925,2008-09-25,0.0,"{""type"":""MultiPoint"",""coordinates"":[]}"
20080926,2008-09-26,0.0,"{""type"":""MultiPoint"",""coordinates"":[]}"
20080927,2008-09-27,0.0,"{""type"":""MultiPoint"",""coordinates"":[]}"
20080928,2008-09-28,1.3299082357967984,"{""type"":""MultiPoint"",""coordinates"":[]}"
20080929,2008-09-29,0.0,"{""type"":""MultiPoint"",""coordinates"":[]}"
20080930,2008-09-30,0.0,"{""type"":""MultiPoint"",""coordinates"":[]}"
20081001,2008-10-01,0.0,"{""type"":""MultiPoint"",""coordinates"":[]}"
20081002,2008-10-02,0.12316443414080205,"{""type"":""MultiPoint"",""coordinates"":[]}"
20081003,2008-10-03,4.258226376124973,"{""type"":""MultiPoint"",""coordinates"":[]}"
20081004,2008-10-04,0.01337220840101086,"{""type"":""MultiPoint"",""coordinates"":[]}"
20081005,2008-10-05,0.4945454703496643,"{""type"":""MultiPoint"",""coordinates"":[]}"
20081006,2008-10-06,2.4787229353626654,"{""type"":""MultiPoint"",""coordinates"":[]}"
20081007,2008-10-07,8.637982597528397,"{""type"":""MultiPoint"",""coordinates"":[]}"
20081008,2008-10-08,6.104244083485639,"{""type"":""MultiPoint"",""coordinates"":[]}"
20081009,2008-10-09,3.1099513782648653,"{""type"":""MultiPoint"",""coordinates"":[]}"
20081010,2008-10-10,0.0,"{""type"":""MultiPoint"",""coordinates"":[]}"
20081011,2008-10-11,0.0,"{""type"":""MultiPoint"",""coordinates"":[]}"
20081012,2008-10-12,0.0,"{""type"":""MultiPoint"",""coordinates"":[]}"
20081013,2008-10-13,0.0,"{""type"":""MultiPoint"",""coordinates"":[]}"
20081014,2008-10-14,0.0,"{""type"":""MultiPoint"",""coordinates"":[]}"
20081015,2008-10-15,0.0,"{""type"":""MultiPoint"",""coordinates"":[]}"
20081016,2008-10-16,0.6690559651703646,"{""type"":""MultiPoint"",""coordinates"":[]}"
20081017,2008-10-17,1.2194966562772278,"{""type"":""MultiPoint"",""coordinates"":[]}"
20081018,2008-10-18,3.502604462710084,"{""type"":""MultiPoint"",""coordinates"":[]}"
20081019,2008-10-19,0.0,"{""type"":""MultiPoint"",""coordinates"":[]}"
20081020,2008-10-20,0.8715590911273852,"{""type"":""MultiPoint"",""coordinates"":[]}"
20081021,2008-10-21,3.0798085882454362,"{""type"":""MultiPoint"",""coordinates"":[]}"
20081022,2008-10-22,15.941619732708617,"{""type"":""MultiPoint"",""coordinates"":[]}"
20081023,2008-10-23,6.108282909881803,"{""type"":""MultiPoint"",""coordinates"":[]}"
20081024,2008-10-24,4.195862000076735,"{""type"":""MultiPoint"",""coordinates"":[]}"
20081025,2008-10-25,2.924149308353833,"{""type"":""MultiPoint"",""coordinates"":[]}"
20081026,2008-10-26,0.0,"{""type"":""MultiPoint"",""coordinates"":[]}"
20081027,2008-10-27,0.0,"{""type"":""MultiPoint"",""coordinates"":[]}"
20081028,2008-10-28,0.0,"{""type"":""MultiPoint"",""coordinates"":[]}"
20081029,2008-10-29,0.0,"{""type"":""MultiPoint"",""coordinates"":[]}"
20081030,2008-10-30,0.0,"{""type"":""MultiPoint"",""coordinates"":[]}"
20081031,2008-10-31,0.0,"{""type"":""MultiPoint"",""coordinates"":[]}"
20081101,2008-11-01,0.0,"{""type"":""MultiPoint"",""coordinates"":[]}"
20081102,2008-11-02,0.0,"{""type"":""MultiPoint"",""coordinates"":[]}"
20081103,2008-11-03,0.0,"{""type"":""MultiPoint"",""coordinates"":[]}"
20081104,2008-11-04,0.0,"{""type"":""MultiPoint"",""coordinates"":[]}"
20081105,2008-11-05,0.0,"{""type"":""MultiPoint"",""coordinates"":[]}"
20081106,2008-11-06,0.0,"{""type"":""MultiPoint"",""coordinates"":[]}"
20081107,2008-11-07,0.0,"{""type"":""MultiPoint"",""coordinates"":[]}"
20081108,2008-11-08,0.0,"{""type"":""MultiPoint"",""coordinates"":[]}"
20081109,2008-11-09,0.0,"{""type"":""MultiPoint"",""coordinates"":[]}"
20081110,2008-11-10,0.0,"{""type"":""MultiPoint"",""coordinates"":[]}"
20081111,2008-11-11,0.0,"{""type"":""MultiPoint"",""coordinates"":[]}"
20081112,2008-11-12,0.06935096370958299,"{""type"":""MultiPoint"",""coordinates"":[]}"
20081113,2008-11-13,0.011719104838310852,"{""type"":""MultiPoint"",""coordinates"":[]}"
20081114,2008-11-14,2.9228562184780893,"{""type"":""MultiPoint"",""coordinates"":[]}"
20081115,2008-11-15,6.299388745940528,"{""type"":""MultiPoint"",""coordinates"":[]}"
20081116,2008-11-16,15.206108487856499,"{""type"":""MultiPoint"",""coordinates"":[]}"
20081117,2008-11-17,0.0,"{""type"":""MultiPoint"",""coordinates"":[]}"
20081118,2008-11-18,0.980349609850573,"{""type"":""MultiPoint"",""coordinates"":[]}"
20081119,2008-11-19,0.0,"{""type"":""MultiPoint"",""coordinates"":[]}"
20081120,2008-11-20,0.0,"{""type"":""MultiPoint"",""coordinates"":[]}"
20081121,2008-11-21,0.0,"{""type"":""MultiPoint"",""coordinates"":[]}"
20081122,2008-11-22,0.060087914211214816,"{""type"":""MultiPoint"",""coordinates"":[]}"
20081123,2008-11-23,0.1646467998930969,"{""type"":""MultiPoint"",""coordinates"":[]}"
20081124,2008-11-24,0.0,"{""type"":""MultiPoint"",""coordinates"":[]}"
20081125,2008-11-25,0.126008923806805,"{""type"":""MultiPoint"",""coordinates"":[]}"
20081126,2008-11-26,0.43297067580618376,"{""type"":""MultiPoint"",""coordinates"":[]}"
20081127,2008-11-27,6.779302197663668,"{""type"":""MultiPoint"",""coordinates"":[]}"
20081128,2008-11-28,12.820704443078801,"{""type"":""MultiPoint"",""coordinates"":[]}"
20081129,2008-11-29,0.40583590855910856,"{""type"":""MultiPoint"",""coordinates"":[]}"
20081130,2008-11-30,1.0117895574808111E-4,"{""type"":""MultiPoint"",""coordinates"":[]}"
20081201,2008-12-01,0.32844136296828,"{""type"":""MultiPoint"",""coordinates"":[]}"
20081202,2008-12-02,0.12353945647553988,"{""type"":""MultiPoint"",""coordinates"":[]}"
20081203,2008-12-03,0.003138568726449367,"{""type"":""MultiPoint"",""coordinates"":[]}"
20081204,2008-12-04,0.0,"{""type"":""MultiPoint"",""coordinates"":[]}"
20081205,2008-12-05,0.0,"{""type"":""MultiPoint"",""coordinates"":[]}"
20081206,2008-12-06,0.1818830340329525,"{""type"":""MultiPoint"",""coordinates"":[]}"
20081207,2008-12-07,0.0,"{""type"":""MultiPoint"",""coordinates"":[]}"
20081208,2008-12-08,0.0,"{""type"":""MultiPoint"",""coordinates"":[]}"
20081209,2008-12-09,0.007016267496924509,"{""type"":""MultiPoint"",""coordinates"":[]}"
20081210,2008-12-10,0.0,"{""type"":""MultiPoint"",""coordinates"":[]}"
20081211,2008-12-11,0.0,"{""type"":""MultiPoint"",""coordinates"":[]}"
20081212,2008-12-12,0.0,"{""type"":""MultiPoint"",""coordinates"":[]}"
20081213,2008-12-13,0.0,"{""type"":""MultiPoint"",""coordinates"":[]}"
20081214,2008-12-14,0.0,"{""type"":""MultiPoint"",""coordinates"":[]}"
20081215,2008-12-15,0.0,"{""type"":""MultiPoint"",""coordinates"":[]}"
20081216,2008-12-16,0.0,"{""type"":""MultiPoint"",""coordinates"":[]}"
20081217,2008-12-17,0.0,"{""type"":""MultiPoint"",""coordinates"":[]}"
20081218,2008-12-18,0.002405691579688775,"{""type"":""MultiPoint"",""coordinates"":[]}"
20081219,2008-12-19,0.0,"{""type"":""MultiPoint"",""coordinates"":[]}"
20081220,2008-12-20,0.002338500949508553,"{""type"":""MultiPoint"",""coordinates"":[]}"
20081221,2008-12-21,0.0,"{""type"":""MultiPoint"",""coordinates"":[]}"
20081222,2008-12-22,0.0,"{""type"":""MultiPoint"",""coordinates"":[]}"
20081223,2008-12-23,0.0,"{""type"":""MultiPoint"",""coordinates"":[]}"
20081224,2008-12-24,0.1434005109847023,"{""type"":""MultiPoint"",""coordinates"":[]}"
20081225,2008-12-25,1.0009191823968011E-4,"{""type"":""MultiPoint"",""coordinates"":[]}"
20081226,2008-12-26,0.0,"{""type"":""MultiPoint"",""coordinates"":[]}"
20081227,2008-12-27,0.0,"{""type"":""MultiPoint"",""coordinates"":[]}"
20081228,2008-12-28,0.0,"{""type"":""MultiPoint"",""coordinates"":[]}"
20081229,2008-12-29,0.0,"{""type"":""MultiPoint"",""coordinates"":[]}"
20081230,2008-12-30,0.0,"{""type"":""MultiPoint"",""coordinates"":[]}"
20081231,2008-12-31,3.937628463925899E-5,"{""type"":""MultiPoint"",""coordinates"":[]}"
20090101,2009-01-01,0.0,"{""type"":""MultiPoint"",""coordinates"":[]}"
20090102,2009-01-02,0.0,"{""type"":""MultiPoint"",""coordinates"":[]}"
20090103,2009-01-03,0.0,"{""type"":""MultiPoint"",""coordinates"":[]}"
20090104,2009-01-04,1.1878492075044923E-4,"{""type"":""MultiPoint"",""coordinates"":[]}"
20090105,2009-01-05,0.0012577966238450234,"{""type"":""MultiPoint"",""coordinates"":[]}"
20090106,2009-01-06,0.0,"{""type"":""MultiPoint"",""coordinates"":[]}"
20090107,2009-01-07,0.0,"{""type"":""MultiPoint"",""coordinates"":[]}"
20090108,2009-01-08,0.10834397363316389,"{""type"":""MultiPoint"",""coordinates"":[]}"
20090109,2009-01-09,0.06264722012012919,"{""type"":""MultiPoint"",""coordinates"":[]}"
20090110,2009-01-10,0.0,"{""type"":""MultiPoint"",""coordinates"":[]}"
20090111,2009-01-11,0.0,"{""type"":""MultiPoint"",""coordinates"":[]}"
20090112,2009-01-12,0.0,"{""type"":""MultiPoint"",""coordinates"":[]}"
20090113,2009-01-13,0.015195359904307221,"{""type"":""MultiPoint"",""coordinates"":[]}"
20090114,2009-01-14,0.0,"{""type"":""MultiPoint"",""coordinates"":[]}"
20090115,2009-01-15,0.0,"{""type"":""MultiPoint"",""coordinates"":[]}"
20090116,2009-01-16,0.0,"{""type"":""MultiPoint"",""coordinates"":[]}"
20090117,2009-01-17,0.0,"{""type"":""MultiPoint"",""coordinates"":[]}"
20090118,2009-01-18,0.0,"{""type"":""MultiPoint"",""coordinates"":[]}"
20090119,2009-01-19,0.0,"{""type"":""MultiPoint"",""coordinates"":[]}"
20090120,2009-01-20,0.0,"{""type"":""MultiPoint"",""coordinates"":[]}"
20090121,2009-01-21,0.0,"{""type"":""MultiPoint"",""coordinates"":[]}"
20090122,2009-01-22,0.0,"{""type"":""MultiPoint"",""coordinates"":[]}"
20090123,2009-01-23,0.0,"{""type"":""MultiPoint"",""coordinates"":[]}"
20090124,2009-01-24,0.0,"{""type"":""MultiPoint"",""coordinates"":[]}"
20090125,2009-01-25,0.0,"{""type"":""MultiPoint"",""coordinates"":[]}"
20090126,2009-01-26,0.0,"{""type"":""MultiPoint"",""coordinates"":[]}"
20090127,2009-01-27,0.0,"{""type"":""MultiPoint"",""coordinates"":[]}"
20090128,2009-01-28,0.0,"{""type"":""MultiPoint"",""coordinates"":[]}"
20090129,2009-01-29,0.0,"{""type"":""MultiPoint"",""coordinates"":[]}"
20090130,2009-01-30,0.0,"{""type"":""MultiPoint"",""coordinates"":[]}"
20090131,2009-01-31,0.0,"{""type"":""MultiPoint"",""coordinates"":[]}"
20090201,2009-02-01,0.0,"{""type"":""MultiPoint"",""coordinates"":[]}"
20090202,2009-02-02,0.0,"{""type"":""MultiPoint"",""coordinates"":[]}"
20090203,2009-02-03,0.0,"{""type"":""MultiPoint"",""coordinates"":[]}"
20090204,2009-02-04,0.0,"{""type"":""MultiPoint"",""coordinates"":[]}"
20090205,2009-02-05,0.0,"{""type"":""MultiPoint"",""coordinates"":[]}"
20090206,2009-02-06,0.0,"{""type"":""MultiPoint"",""coordinates"":[]}"
20090207,2009-02-07,0.0,"{""type"":""MultiPoint"",""coordinates"":[]}"
20090208,2009-02-08,0.0,"{""type"":""MultiPoint"",""coordinates"":[]}"
20090209,2009-02-09,0.0,"{""type"":""MultiPoint"",""coordinates"":[]}"
20090210,2009-02-10,0.0,"{""type"":""MultiPoint"",""coordinates"":[]}"
20090211,2009-02-11,0.0,"{""type"":""MultiPoint"",""coordinates"":[]}"
20090212,2009-02-12,0.0,"{""type"":""MultiPoint"",""coordinates"":[]}"
20090213,2009-02-13,0.0,"{""type"":""MultiPoint"",""coordinates"":[]}"
20090214,2009-02-14,0.0,"{""type"":""MultiPoint"",""coordinates"":[]}"
20090215,2009-02-15,0.0,"{""type"":""MultiPoint"",""coordinates"":[]}"
20090216,2009-02-16,0.0,"{""type"":""MultiPoint"",""coordinates"":[]}"
20090217,2009-02-17,0.0,"{""type"":""MultiPoint"",""coordinates"":[]}"
20090218,2009-02-18,0.0,"{""type"":""MultiPoint"",""coordinates"":[]}"
20090219,2009-02-19,0.0,"{""type"":""MultiPoint"",""coordinates"":[]}"
20090220,2009-02-20,0.0,"{""type"":""MultiPoint"",""coordinates"":[]}"
20090221,2009-02-21,0.0,"{""type"":""MultiPoint"",""coordinates"":[]}"
20090222,2009-02-22,0.0,"{""type"":""MultiPoint"",""coordinates"":[]}"
20090223,2009-02-23,0.0,"{""type"":""MultiPoint"",""coordinates"":[]}"
20090224,2009-02-24,0.0,"{""type"":""MultiPoint"",""coordinates"":[]}"
20090225,2009-02-25,0.0,"{""type"":""MultiPoint"",""coordinates"":[]}"
20090226,2009-02-26,0.0,"{""type"":""MultiPoint"",""coordinates"":[]}"
20090227,2009-02-27,0.0,"{""type"":""MultiPoint"",""coordinates"":[]}"
20090228,2009-02-28,0.0,"{""type"":""MultiPoint"",""coordinates"":[]}"
20090301,2009-03-01,0.0,"{""type"":""MultiPoint"",""coordinates"":[]}"
20090302,2009-03-02,0.0,"{""type"":""MultiPoint"",""coordinates"":[]}"
20090303,2009-03-03,0.0,"{""type"":""MultiPoint"",""coordinates"":[]}"
20090304,2009-03-04,0.0,"{""type"":""MultiPoint"",""coordinates"":[]}"
20090305,2009-03-05,0.0,"{""type"":""MultiPoint"",""coordinates"":[]}"
20090306,2009-03-06,0.0,"{""type"":""MultiPoint"",""coordinates"":[]}"
20090307,2009-03-07,0.0,"{""type"":""MultiPoint"",""coordinates"":[]}"
20090308,2009-03-08,0.0,"{""type"":""MultiPoint"",""coordinates"":[]}"
20090309,2009-03-09,0.0,"{""type"":""MultiPoint"",""coordinates"":[]}"
20090310,2009-03-10,0.0,"{""type"":""MultiPoint"",""coordinates"":[]}"
20090311,2009-03-11,0.2452132237291002,"{""type"":""MultiPoint"",""coordinates"":[]}"
20090312,2009-03-12,0.5092364257100217,"{""type"":""MultiPoint"",""coordinates"":[]}"
20090313,2009-03-13,0.014402969019721032,"{""type"":""MultiPoint"",""coordinates"":[]}"
20090314,2009-03-14,0.045590494430564295,"{""type"":""MultiPoint"",""coordinates"":[]}"
20090315,2009-03-15,0.009898422034921072,"{""type"":""MultiPoint"",""coordinates"":[]}"
20090316,2009-03-16,0.0,"{""type"":""MultiPoint"",""coordinates"":[]}"
20090317,2009-03-17,0.0,"{""type"":""MultiPoint"",""coordinates"":[]}"
20090318,2009-03-18,0.0,"{""type"":""MultiPoint"",""coordinates"":[]}"
20090319,2009-03-19,0.0,"{""type"":""MultiPoint"",""coordinates"":[]}"
20090320,2009-03-20,0.0,"{""type"":""MultiPoint"",""coordinates"":[]}"
20090321,2009-03-21,0.0,"{""type"":""MultiPoint"",""coordinates"":[]}"
20090322,2009-03-22,0.011223778496446643,"{""type"":""MultiPoint"",""coordinates"":[]}"
20090323,2009-03-23,0.0,"{""type"":""MultiPoint"",""coordinates"":[]}"
20090324,2009-03-24,0.0,"{""type"":""MultiPoint"",""coordinates"":[]}"
20090325,2009-03-25,0.0,"{""type"":""MultiPoint"",""coordinates"":[]}"
20090326,2009-03-26,0.0,"{""type"":""MultiPoint"",""coordinates"":[]}"
20090327,2009-03-27,0.0,"{""type"":""MultiPoint"",""coordinates"":[]}"
20090328,2009-03-28,0.0,"{""type"":""MultiPoint"",""coordinates"":[]}"
20090329,2009-03-29,0.0,"{""type"":""MultiPoint"",""coordinates"":[]}"
20090330,2009-03-30,0.0,"{""type"":""MultiPoint"",""coordinates"":[]}"
20090331,2009-03-31,0.0,"{""type"":""MultiPoint"",""coordinates"":[]}"
20090401,2009-04-01,0.0,"{""type"":""MultiPoint"",""coordinates"":[]}"
20090402,2009-04-02,0.007047081065635898,"{""type"":""MultiPoint"",""coordinates"":[]}"
20090403,2009-04-03,0.0,"{""type"":""MultiPoint"",""coordinates"":[]}"
20090404,2009-04-04,0.0,"{""type"":""MultiPoint"",""coordinates"":[]}"
20090405,2009-04-05,0.0,"{""type"":""MultiPoint"",""coordinates"":[]}"
20090406,2009-04-06,0.0,"{""type"":""MultiPoint"",""coordinates"":[]}"
20090407,2009-04-07,0.07554235131223619,"{""type"":""MultiPoint"",""coordinates"":[]}"
20090408,2009-04-08,0.005153324244834942,"{""type"":""MultiPoint"",""coordinates"":[]}"
20090409,2009-04-09,0.02357779937087177,"{""type"":""MultiPoint"",""coordinates"":[]}"
20090410,2009-04-10,0.12330859342663307,"{""type"":""MultiPoint"",""coordinates"":[]}"
20090411,2009-04-11,0.0017285433216785895,"{""type"":""MultiPoint"",""coordinates"":[]}"
20090412,2009-04-12,0.467680875023383,"{""type"":""MultiPoint"",""coordinates"":[]}"
20090413,2009-04-13,0.013696767016340136,"{""type"":""MultiPoint"",""coordinates"":[]}"
20090414,2009-04-14,0.0,"{""type"":""MultiPoint"",""coordinates"":[]}"
20090415,2009-04-15,0.0,"{""type"":""MultiPoint"",""coordinates"":[]}"
20090416,2009-04-16,0.0,"{""type"":""MultiPoint"",""coordinates"":[]}"
20090417,2009-04-17,0.9143226778615211,"{""type"":""MultiPoint"",""coordinates"":[]}"
20090418,2009-04-18,5.462448482811234,"{""type"":""MultiPoint"",""coordinates"":[]}"
20090419,2009-04-19,3.744409946501107,"{""type"":""MultiPoint"",""coordinates"":[]}"
20090420,2009-04-20,0.04242675223325949,"{""type"":""MultiPoint"",""coordinates"":[]}"
20090421,2009-04-21,0.0,"{""type"":""MultiPoint"",""coordinates"":[]}"
20090422,2009-04-22,0.0,"{""type"":""MultiPoint"",""coordinates"":[]}"
20090423,2009-04-23,0.0,"{""type"":""MultiPoint"",""coordinates"":[]}"
20090424,2009-04-24,0.1298748193059084,"{""type"":""MultiPoint"",""coordinates"":[]}"
20090425,2009-04-25,0.6490141351719743,"{""type"":""MultiPoint"",""coordinates"":[]}"
20090426,2009-04-26,0.002574740586115527,"{""type"":""MultiPoint"",""coordinates"":[]}"
20090427,2009-04-27,0.0,"{""type"":""MultiPoint"",""coordinates"":[]}"
20090428,2009-04-28,0.0,"{""type"":""MultiPoint"",""coordinates"":[]}"
20090429,2009-04-29,0.1786109839291497,"{""type"":""MultiPoint"",""coordinates"":[]}"
20090430,2009-04-30,0.0,"{""type"":""MultiPoint"",""coordinates"":[]}"
20090501,2009-05-01,1.546129006972347,"{""type"":""MultiPoint"",""coordinates"":[]}"
20090502,2009-05-02,0.004119244849075461,"{""type"":""MultiPoint"",""coordinates"":[]}"
20090503,2009-05-03,0.0,"{""type"":""MultiPoint"",""coordinates"":[]}"
20090504,2009-05-04,3.2953334617232506,"{""type"":""MultiPoint"",""coordinates"":[]}"
20090505,2009-05-05,1.9007979505109218,"{""type"":""MultiPoint"",""coordinates"":[]}"
20090506,2009-05-06,0.0,"{""type"":""MultiPoint"",""coordinates"":[]}"
20090507,2009-05-07,0.07719232595411363,"{""type"":""MultiPoint"",""coordinates"":[]}"
20090508,2009-05-08,0.017465082666224357,"{""type"":""MultiPoint"",""coordinates"":[]}"
20090509,2009-05-09,0.460816958288665,"{""type"":""MultiPoint"",""coordinates"":[]}"
20090510,2009-05-10,0.0,"{""type"":""MultiPoint"",""coordinates"":[]}"
20090511,2009-05-11,0.0,"{""type"":""MultiPoint"",""coordinates"":[]}"
20090512,2009-05-12,0.0,"{""type"":""MultiPoint"",""coordinates"":[]}"
20090513,2009-05-13,0.0,"{""type"":""MultiPoint"",""coordinates"":[]}"
20090514,2009-05-14,1.6610328515933863,"{""type"":""MultiPoint"",""coordinates"":[]}"
20090515,2009-05-15,2.6190677403760385,"{""type"":""MultiPoint"",""coordinates"":[]}"
20090516,2009-05-16,0.06284575591037284,"{""type"":""MultiPoint"",""coordinates"":[]}"
20090517,2009-05-17,2.433034876375874,"{""type"":""MultiPoint"",""coordinates"":[]}"
20090518,2009-05-18,3.7310344835699283,"{""type"":""MultiPoint"",""coordinates"":[]}"
20090519,2009-05-19,6.880512492565787,"{""type"":""MultiPoint"",""coordinates"":[]}"
20090520,2009-05-20,3.521597806864724,"{""type"":""MultiPoint"",""coordinates"":[]}"
20090521,2009-05-21,19.013324821974145,"{""type"":""MultiPoint"",""coordinates"":[]}"
20090522,2009-05-22,9.331638305380181,"{""type"":""MultiPoint"",""coordinates"":[]}"
20090523,2009-05-23,7.25405096518857,"{""type"":""MultiPoint"",""coordinates"":[]}"
20090524,2009-05-24,4.572131037436499,"{""type"":""MultiPoint"",""coordinates"":[]}"
20090525,2009-05-25,0.0,"{""type"":""MultiPoint"",""coordinates"":[]}"
20090526,2009-05-26,0.032618173839234155,"{""type"":""MultiPoint"",""coordinates"":[]}"
20090527,2009-05-27,0.0,"{""type"":""MultiPoint"",""coordinates"":[]}"
20090528,2009-05-28,5.547957800815762,"{""type"":""MultiPoint"",""coordinates"":[]}"
20090529,2009-05-29,0.078528460453276,"{""type"":""MultiPoint"",""coordinates"":[]}"
20090530,2009-05-30,0.04645098303840389,"{""type"":""MultiPoint"",""coordinates"":[]}"
20090531,2009-05-31,6.7587589041073075,"{""type"":""MultiPoint"",""coordinates"":[]}"
20090601,2009-06-01,1.1711672668436306,"{""type"":""MultiPoint"",""coordinates"":[]}"
20090602,2009-06-02,1.0158271357926636,"{""type"":""MultiPoint"",""coordinates"":[]}"
20090603,2009-06-03,0.7576279621507018,"{""type"":""MultiPoint"",""coordinates"":[]}"
20090604,2009-06-04,0.0,"{""type"":""MultiPoint"",""coordinates"":[]}"
20090605,2009-06-05,0.6262408047472419,"{""type"":""MultiPoint"",""coordinates"":[]}"
20090606,2009-06-06,0.6377351542750197,"{""type"":""MultiPoint"",""coordinates"":[]}"
20090607,2009-06-07,0.955696519588416,"{""type"":""MultiPoint"",""coordinates"":[]}"
20090608,2009-06-08,0.016029534558338176,"{""type"":""MultiPoint"",""coordinates"":[]}"
20090609,2009-06-09,0.0,"{""type"":""MultiPoint"",""coordinates"":[]}"
20090610,2009-06-10,0.009083927361235308,"{""type"":""MultiPoint"",""coordinates"":[]}"
20090611,2009-06-11,15.397086507030888,"{""type"":""MultiPoint"",""coordinates"":[]}"
20090612,2009-06-12,21.2881065218758,"{""type"":""MultiPoint"",""coordinates"":[]}"
20090613,2009-06-13,2.192230621636919,"{""type"":""MultiPoint"",""coordinates"":[]}"
20090614,2009-06-14,0.16424278346369642,"{""type"":""MultiPoint"",""coordinates"":[]}"
20090615,2009-06-15,9.681475064071332,"{""type"":""MultiPoint"",""coordinates"":[]}"
20090616,2009-06-16,7.621647163332128,"{""type"":""MultiPoint"",""coordinates"":[]}"
20090617,2009-06-17,3.185786014769969,"{""type"":""MultiPoint"",""coordinates"":[]}"
20090618,2009-06-18,1.000040137085198,"{""type"":""MultiPoint"",""coordinates"":[]}"
20090619,2009-06-19,2.3453342757794573,"{""type"":""MultiPoint"",""coordinates"":[]}"
20090620,2009-06-20,18.576203987761737,"{""type"":""MultiPoint"",""coordinates"":[]}"
20090621,2009-06-21,2.827105540654052,"{""type"":""MultiPoint"",""coordinates"":[]}"
20090622,2009-06-22,0.031232019373884493,"{""type"":""MultiPoint"",""coordinates"":[]}"
20090623,2009-06-23,0.0,"{""type"":""MultiPoint"",""coordinates"":[]}"
20090624,2009-06-24,0.0,"{""type"":""MultiPoint"",""coordinates"":[]}"
20090625,2009-06-25,0.292384046643391,"{""type"":""MultiPoint"",""coordinates"":[]}"
20090626,2009-06-26,0.41370757687425935,"{""type"":""MultiPoint"",""coordinates"":[]}"
20090627,2009-06-27,0.0,"{""type"":""MultiPoint"",""coordinates"":[]}"
20090628,2009-06-28,0.27127531190031545,"{""type"":""MultiPoint"",""coordinates"":[]}"
20090629,2009-06-29,0.0,"{""type"":""MultiPoint"",""coordinates"":[]}"
20090630,2009-06-30,1.129635132899721,"{""type"":""MultiPoint"",""coordinates"":[]}"
20090701,2009-07-01,3.7451263000063078,"{""type"":""MultiPoint"",""coordinates"":[]}"
20090702,2009-07-02,3.6997736066382503,"{""type"":""MultiPoint"",""coordinates"":[]}"
20090703,2009-07-03,10.388210203298959,"{""type"":""MultiPoint"",""coordinates"":[]}"
20090704,2009-07-04,1.5836537078132558,"{""type"":""MultiPoint"",""coordinates"":[]}"
20090705,2009-07-05,0.03889845755732192,"{""type"":""MultiPoint"",""coordinates"":[]}"
20090706,2009-07-06,0.5639861091253224,"{""type"":""MultiPoint"",""coordinates"":[]}"
20090707,2009-07-07,4.333933964403596,"{""type"":""MultiPoint"",""coordinates"":[]}"
20090708,2009-07-08,5.876926949836652,"{""type"":""MultiPoint"",""coordinates"":[]}"
20090709,2009-07-09,5.009073208733256,"{""type"":""MultiPoint"",""coordinates"":[]}"
20090710,2009-07-10,0.27235230967775365,"{""type"":""MultiPoint"",""coordinates"":[]}"
20090711,2009-07-11,0.008549030726568796,"{""type"":""MultiPoint"",""coordinates"":[]}"
20090712,2009-07-12,0.12147736213662401,"{""type"":""MultiPoint"",""coordinates"":[]}"
20090713,2009-07-13,2.620181301388454,"{""type"":""MultiPoint"",""coordinates"":[]}"
20090714,2009-07-14,4.888395733798306,"{""type"":""MultiPoint"",""coordinates"":[]}"
20090715,2009-07-15,1.5322946275722338,"{""type"":""MultiPoint"",""coordinates"":[]}"
20090716,2009-07-16,0.0,"{""type"":""MultiPoint"",""coordinates"":[]}"
20090717,2009-07-17,0.0,"{""type"":""MultiPoint"",""coordinates"":[]}"
20090718,2009-07-18,0.32525424713405754,"{""type"":""MultiPoint"",""coordinates"":[]}"
20090719,2009-07-19,0.37140867173656505,"{""type"":""MultiPoint"",""coordinates"":[]}"
20090720,2009-07-20,5.741174505588546,"{""type"":""MultiPoint"",""coordinates"":[]}"
20090721,2009-07-21,0.4869521441494964,"{""type"":""MultiPoint"",""coordinates"":[]}"
20090722,2009-07-22,0.5526308120419335,"{""type"":""MultiPoint"",""coordinates"":[]}"
20090723,2009-07-23,0.0,"{""type"":""MultiPoint"",""coordinates"":[]}"
20090724,2009-07-24,0.0,"{""type"":""MultiPoint"",""coordinates"":[]}"
20090725,2009-07-25,0.0,"{""type"":""MultiPoint"",""coordinates"":[]}"
20090726,2009-07-26,0.0,"{""type"":""MultiPoint"",""coordinates"":[]}"
20090727,2009-07-27,0.09730831495663388,"{""type"":""MultiPoint"",""coordinates"":[]}"
20090728,2009-07-28,0.06300729249632027,"{""type"":""MultiPoint"",""coordinates"":[]}"
20090729,2009-07-29,0.9969116697816446,"{""type"":""MultiPoint"",""coordinates"":[]}"
20090730,2009-07-30,0.053188647568779814,"{""type"":""MultiPoint"",""coordinates"":[]}"
20090731,2009-07-31,0.09834578080217878,"{""type"":""MultiPoint"",""coordinates"":[]}"
20090801,2009-08-01,0.02840559727833823,"{""type"":""MultiPoint"",""coordinates"":[]}"
20090802,2009-08-02,0.0,"{""type"":""MultiPoint"",""coordinates"":[]}"
20090803,2009-08-03,0.0,"{""type"":""MultiPoint"",""coordinates"":[]}"
20090804,2009-08-04,0.0,"{""type"":""MultiPoint"",""coordinates"":[]}"
20090805,2009-08-05,0.0,"{""type"":""MultiPoint"",""coordinates"":[]}"
20090806,2009-08-06,0.0,"{""type"":""MultiPoint"",""coordinates"":[]}"
20090807,2009-08-07,0.0,"{""type"":""MultiPoint"",""coordinates"":[]}"
20090808,2009-08-08,0.0,"{""type"":""MultiPoint"",""coordinates"":[]}"
20090809,2009-08-09,0.0,"{""type"":""MultiPoint"",""coordinates"":[]}"
20090810,2009-08-10,0.013234285809900076,"{""type"":""MultiPoint"",""coordinates"":[]}"
20090811,2009-08-11,0.0,"{""type"":""MultiPoint"",""coordinates"":[]}"
20090812,2009-08-12,0.0,"{""type"":""MultiPoint"",""coordinates"":[]}"
20090813,2009-08-13,0.6184258163195872,"{""type"":""MultiPoint"",""coordinates"":[]}"
20090814,2009-08-14,13.497981612698695,"{""type"":""MultiPoint"",""coordinates"":[]}"
20090815,2009-08-15,6.013025520840012,"{""type"":""MultiPoint"",""coordinates"":[]}"
20090816,2009-08-16,3.3549825151361916,"{""type"":""MultiPoint"",""coordinates"":[]}"
20090817,2009-08-17,9.675195603829467,"{""type"":""MultiPoint"",""coordinates"":[]}"
20090818,2009-08-18,0.0,"{""type"":""MultiPoint"",""coordinates"":[]}"
20090819,2009-08-19,1.770803244025591,"{""type"":""MultiPoint"",""coordinates"":[]}"
20090820,2009-08-20,23.479741198819415,"{""type"":""MultiPoint"",""coordinates"":[]}"
20090821,2009-08-21,9.893926642943518,"{""type"":""MultiPoint"",""coordinates"":[]}"
20090822,2009-08-22,17.36627828433957,"{""type"":""MultiPoint"",""coordinates"":[]}"
20090823,2009-08-23,8.178401772637034,"{""type"":""MultiPoint"",""coordinates"":[]}"
20090824,2009-08-24,17.19423063739068,"{""type"":""MultiPoint"",""coordinates"":[]}"
20090825,2009-08-25,6.611144931756601,"{""type"":""MultiPoint"",""coordinates"":[]}"
20090826,2009-08-26,17.47104959271683,"{""type"":""MultiPoint"",""coordinates"":[]}"
20090827,2009-08-27,0.05228469941871033,"{""type"":""MultiPoint"",""coordinates"":[]}"
20090828,2009-08-28,1.0682737085074103,"{""type"":""MultiPoint"",""coordinates"":[]}"
20090829,2009-08-29,0.0,"{""type"":""MultiPoint"",""coordinates"":[]}"
20090830,2009-08-30,23.36292200468126,"{""type"":""MultiPoint"",""coordinates"":[]}"
20090831,2009-08-31,29.12339743652604,"{""type"":""MultiPoint"",""coordinates"":[]}"
20090901,2009-09-01,28.38802151567288,"{""type"":""MultiPoint"",""coordinates"":[]}"
20090902,2009-09-02,31.123441914597276,"{""type"":""MultiPoint"",""coordinates"":[]}"
20090903,2009-09-03,0.08918331759758702,"{""type"":""MultiPoint"",""coordinates"":[]}"
20090904,2009-09-04,6.602814998512662,"{""type"":""MultiPoint"",""coordinates"":[]}"
20090905,2009-09-05,3.39571722882188,"{""type"":""MultiPoint"",""coordinates"":[]}"
20090906,2009-09-06,0.07274064774720579,"{""type"":""MultiPoint"",""coordinates"":[]}"
20090907,2009-09-07,2.835349461252352E-4,"{""type"":""MultiPoint"",""coordinates"":[]}"
20090908,2009-09-08,0.0,"{""type"":""MultiPoint"",""coordinates"":[]}"
20090909,2009-09-09,0.0,"{""type"":""MultiPoint"",""coordinates"":[]}"
20090910,2009-09-10,0.0,"{""type"":""MultiPoint"",""coordinates"":[]}"
20090911,2009-09-11,0.0,"{""type"":""MultiPoint"",""coordinates"":[]}"
20090912,2009-09-12,1.009195108070768,"{""type"":""MultiPoint"",""coordinates"":[]}"
20090913,2009-09-13,5.232805370059519,"{""type"":""MultiPoint"",""coordinates"":[]}"
20090914,2009-09-14,5.1692866379383275,"{""type"":""MultiPoint"",""coordinates"":[]}"
20090915,2009-09-15,0.40899589674471676,"{""type"":""MultiPoint"",""coordinates"":[]}"
20090916,2009-09-16,0.16741305750467803,"{""type"":""MultiPoint"",""coordinates"":[]}"
20090917,2009-09-17,0.13838425323692394,"{""type"":""MultiPoint"",""coordinates"":[]}"
20090918,2009-09-18,1.9773388141375283,"{""type"":""MultiPoint"",""coordinates"":[]}"
20090919,2009-09-19,3.566091105756968,"{""type"":""MultiPoint"",""coordinates"":[]}"
20090920,2009-09-20,9.706736557975026,"{""type"":""MultiPoint"",""coordinates"":[]}"
20090921,2009-09-21,6.894046275569738,"{""type"":""MultiPoint"",""coordinates"":[]}"
20090922,2009-09-22,4.369911054241728,"{""type"":""MultiPoint"",""coordinates"":[]}"
20090923,2009-09-23,6.798769543347676,"{""type"":""MultiPoint"",""coordinates"":[]}"
20090924,2009-09-24,1.2913240567628008,"{""type"":""MultiPoint"",""coordinates"":[]}"
20090925,2009-09-25,3.7364239316734005,"{""type"":""MultiPoint"",""coordinates"":[]}"
20090926,2009-09-26,2.816260000428164,"{""type"":""MultiPoint"",""coordinates"":[]}"
20090927,2009-09-27,0.23353605969484997,"{""type"":""MultiPoint"",""coordinates"":[]}"
20090928,2009-09-28,14.673767280451827,"{""type"":""MultiPoint"",""coordinates"":[]}"
20090929,2009-09-29,14.781074859339467,"{""type"":""MultiPoint"",""coordinates"":[]}"
20090930,2009-09-30,26.23128777335898,"{""type"":""MultiPoint"",""coordinates"":[]}"
20091001,2009-10-01,15.68279190801863,"{""type"":""MultiPoint"",""coordinates"":[]}"
20091002,2009-10-02,29.967812389052025,"{""type"":""MultiPoint"",""coordinates"":[]}"
20091003,2009-10-03,6.015662237075585,"{""type"":""MultiPoint"",""coordinates"":[]}"
20091004,2009-10-04,0.02478360183512756,"{""type"":""MultiPoint"",""coordinates"":[]}"
20091005,2009-10-05,0.0,"{""type"":""MultiPoint"",""coordinates"":[]}"
20091006,2009-10-06,0.0,"{""type"":""MultiPoint"",""coordinates"":[]}"
20091007,2009-10-07,0.13615518650773986,"{""type"":""MultiPoint"",""coordinates"":[]}"
20091008,2009-10-08,0.019591062263060587,"{""type"":""MultiPoint"",""coordinates"":[]}"
20091009,2009-10-09,0.059723079320498154,"{""type"":""MultiPoint"",""coordinates"":[]}"
20091010,2009-10-10,0.4487151469659615,"{""type"":""MultiPoint"",""coordinates"":[]}"
20091011,2009-10-11,0.0,"{""type"":""MultiPoint"",""coordinates"":[]}"
20091012,2009-10-12,0.0,"{""type"":""MultiPoint"",""coordinates"":[]}"
20091013,2009-10-13,0.0,"{""type"":""MultiPoint"",""coordinates"":[]}"
20091014,2009-10-14,0.0,"{""type"":""MultiPoint"",""coordinates"":[]}"
20091015,2009-10-15,0.0,"{""type"":""MultiPoint"",""coordinates"":[]}"
20091016,2009-10-16,0.0,"{""type"":""MultiPoint"",""coordinates"":[]}"
20091017,2009-10-17,0.0,"{""type"":""MultiPoint"",""coordinates"":[]}"
20091018,2009-10-18,0.0,"{""type"":""MultiPoint"",""coordinates"":[]}"
20091019,2009-10-19,0.0,"{""type"":""MultiPoint"",""coordinates"":[]}"
20091020,2009-10-20,0.0,"{""type"":""MultiPoint"",""coordinates"":[]}"
20091021,2009-10-21,0.0,"{""type"":""MultiPoint"",""coordinates"":[]}"
20091022,2009-10-22,0.0,"{""type"":""MultiPoint"",""coordinates"":[]}"
20091023,2009-10-23,0.0,"{""type"":""MultiPoint"",""coordinates"":[]}"
20091024,2009-10-24,0.0,"{""type"":""MultiPoint"",""coordinates"":[]}"
20091025,2009-10-25,0.0,"{""type"":""MultiPoint"",""coordinates"":[]}"
20091026,2009-10-26,0.0,"{""type"":""MultiPoint"",""coordinates"":[]}"
20091027,2009-10-27,0.0,"{""type"":""MultiPoint"",""coordinates"":[]}"
20091028,2009-10-28,0.0,"{""type"":""MultiPoint"",""coordinates"":[]}"
20091029,2009-10-29,1.441969330909691,"{""type"":""MultiPoint"",""coordinates"":[]}"
20091030,2009-10-30,0.0,"{""type"":""MultiPoint"",""coordinates"":[]}"
20091031,2009-10-31,0.0,"{""type"":""MultiPoint"",""coordinates"":[]}"
20091101,2009-11-01,0.0,"{""type"":""MultiPoint"",""coordinates"":[]}"
20091102,2009-11-02,0.0,"{""type"":""MultiPoint"",""coordinates"":[]}"
20091103,2009-11-03,0.0,"{""type"":""MultiPoint"",""coordinates"":[]}"
20091104,2009-11-04,0.0,"{""type"":""MultiPoint"",""coordinates"":[]}"
20091105,2009-11-05,0.8903618755468399,"{""type"":""MultiPoint"",""coordinates"":[]}"
20091106,2009-11-06,0.2107533606163535,"{""type"":""MultiPoint"",""coordinates"":[]}"
20091107,2009-11-07,0.12272185391728758,"{""type"":""MultiPoint"",""coordinates"":[]}"
20091108,2009-11-08,10.33755952136808,"{""type"":""MultiPoint"",""coordinates"":[]}"
20091109,2009-11-09,1.4672825254651134,"{""type"":""MultiPoint"",""coordinates"":[]}"
20091110,2009-11-10,1.9448137292272392,"{""type"":""MultiPoint"",""coordinates"":[]}"
20091111,2009-11-11,6.421533016263509,"{""type"":""MultiPoint"",""coordinates"":[]}"
20091112,2009-11-12,0.0,"{""type"":""MultiPoint"",""coordinates"":[]}"
20091113,2009-11-13,0.0,"{""type"":""MultiPoint"",""coordinates"":[]}"
20091114,2009-11-14,4.220833927857302,"{""type"":""MultiPoint"",""coordinates"":[]}"
20091115,2009-11-15,1.088401042330398,"{""type"":""MultiPoint"",""coordinates"":[]}"
20091116,2009-11-16,3.5609678517862657,"{""type"":""MultiPoint"",""coordinates"":[]}"
20091117,2009-11-17,1.62646749457083,"{""type"":""MultiPoint"",""coordinates"":[]}"
20091118,2009-11-18,8.63463299340136,"{""type"":""MultiPoint"",""coordinates"":[]}"
20091119,2009-11-19,0.9364511593304313,"{""type"":""MultiPoint"",""coordinates"":[]}"
20091120,2009-11-20,0.0,"{""type"":""MultiPoint"",""coordinates"":[]}"
20091121,2009-11-21,0.003934622980840983,"{""type"":""MultiPoint"",""coordinates"":[]}"
20091122,2009-11-22,0.0,"{""type"":""MultiPoint"",""coordinates"":[]}"
20091123,2009-11-23,0.0,"{""type"":""MultiPoint"",""coordinates"":[]}"
20091124,2009-11-24,0.4041562673681571,"{""type"":""MultiPoint"",""coordinates"":[]}"
20091125,2009-11-25,1.6926713064101658E-4,"{""type"":""MultiPoint"",""coordinates"":[]}"
20091126,2009-11-26,0.0,"{""type"":""MultiPoint"",""coordinates"":[]}"
20091127,2009-11-27,0.0,"{""type"":""MultiPoint"",""coordinates"":[]}"
20091128,2009-11-28,0.0,"{""type"":""MultiPoint"",""coordinates"":[]}"
20091129,2009-11-29,0.0,"{""type"":""MultiPoint"",""coordinates"":[]}"
20091130,2009-11-30,0.0,"{""type"":""MultiPoint"",""coordinates"":[]}"
20091201,2009-12-01,0.0,"{""type"":""MultiPoint"",""coordinates"":[]}"
20091202,2009-12-02,0.05080920088045942,"{""type"":""MultiPoint"",""coordinates"":[]}"
20091203,2009-12-03,0.25122686273095796,"{""type"":""MultiPoint"",""coordinates"":[]}"
20091204,2009-12-04,0.11050674338688,"{""type"":""MultiPoint"",""coordinates"":[]}"
20091205,2009-12-05,0.0939993382629184,"{""type"":""MultiPoint"",""coordinates"":[]}"
20091206,2009-12-06,0.006537353681964781,"{""type"":""MultiPoint"",""coordinates"":[]}"
20091207,2009-12-07,0.0,"{""type"":""MultiPoint"",""coordinates"":[]}"
20091208,2009-12-08,0.0,"{""type"":""MultiPoint"",""coordinates"":[]}"
20091209,2009-12-09,0.0,"{""type"":""MultiPoint"",""coordinates"":[]}"
20091210,2009-12-10,0.0,"{""type"":""MultiPoint"",""coordinates"":[]}"
20091211,2009-12-11,0.0,"{""type"":""MultiPoint"",""coordinates"":[]}"
20091212,2009-12-12,0.0,"{""type"":""MultiPoint"",""coordinates"":[]}"
20091213,2009-12-13,0.0,"{""type"":""MultiPoint"",""coordinates"":[]}"
20091214,2009-12-14,0.0,"{""type"":""MultiPoint"",""coordinates"":[]}"
20091215,2009-12-15,0.0,"{""type"":""MultiPoint"",""coordinates"":[]}"
20091216,2009-12-16,0.007903109825581286,"{""type"":""MultiPoint"",""coordinates"":[]}"
20091217,2009-12-17,0.03166902169582985,"{""type"":""MultiPoint"",""coordinates"":[]}"
20091218,2009-12-18,0.03751612884441239,"{""type"":""MultiPoint"",""coordinates"":[]}"
20091219,2009-12-19,0.0,"{""type"":""MultiPoint"",""coordinates"":[]}"
20091220,2009-12-20,0.0,"{""type"":""MultiPoint"",""coordinates"":[]}"
20091221,2009-12-21,0.12648586824040858,"{""type"":""MultiPoint"",""coordinates"":[]}"
20091222,2009-12-22,0.6186247190126086,"{""type"":""MultiPoint"",""coordinates"":[]}"
20091223,2009-12-23,0.05187656867959015,"{""type"":""MultiPoint"",""coordinates"":[]}"
20091224,2009-12-24,0.0,"{""type"":""MultiPoint"",""coordinates"":[]}"
20091225,2009-12-25,0.0,"{""type"":""MultiPoint"",""coordinates"":[]}"
20091226,2009-12-26,0.0,"{""type"":""MultiPoint"",""coordinates"":[]}"
20091227,2009-12-27,0.0,"{""type"":""MultiPoint"",""coordinates"":[]}"
20091228,2009-12-28,0.002411278945299216,"{""type"":""MultiPoint"",""coordinates"":[]}"
20091229,2009-12-29,0.004204079139982843,"{""type"":""MultiPoint"",""coordinates"":[]}"
20091230,2009-12-30,0.3969460277932626,"{""type"":""MultiPoint"",""coordinates"":[]}"
20091231,2009-12-31,0.0,"{""type"":""MultiPoint"",""coordinates"":[]}"
20100101,2010-01-01,0.0,"{""type"":""MultiPoint"",""coordinates"":[]}"
20100102,2010-01-02,0.0,"{""type"":""MultiPoint"",""coordinates"":[]}"
20100103,2010-01-03,0.0,"{""type"":""MultiPoint"",""coordinates"":[]}"
20100104,2010-01-04,0.0,"{""type"":""MultiPoint"",""coordinates"":[]}"
20100105,2010-01-05,0.0,"{""type"":""MultiPoint"",""coordinates"":[]}"
20100106,2010-01-06,0.0,"{""type"":""MultiPoint"",""coordinates"":[]}"
20100107,2010-01-07,0.0,"{""type"":""MultiPoint"",""coordinates"":[]}"
20100108,2010-01-08,0.0,"{""type"":""MultiPoint"",""coordinates"":[]}"
20100109,2010-01-09,0.0,"{""type"":""MultiPoint"",""coordinates"":[]}"
20100110,2010-01-10,0.16044724933515048,"{""type"":""MultiPoint"",""coordinates"":[]}"
20100111,2010-01-11,0.0065894003900345745,"{""type"":""MultiPoint"",""coordinates"":[]}"
20100112,2010-01-12,0.1004301682619882,"{""type"":""MultiPoint"",""coordinates"":[]}"
20100113,2010-01-13,0.375929856290986,"{""type"":""MultiPoint"",""coordinates"":[]}"
20100114,2010-01-14,0.09234338426283298,"{""type"":""MultiPoint"",""coordinates"":[]}"
20100115,2010-01-15,0.0,"{""type"":""MultiPoint"",""coordinates"":[]}"
20100116,2010-01-16,0.0,"{""type"":""MultiPoint"",""coordinates"":[]}"
20100117,2010-01-17,0.0,"{""type"":""MultiPoint"",""coordinates"":[]}"
20100118,2010-01-18,0.0,"{""type"":""MultiPoint"",""coordinates"":[]}"
20100119,2010-01-19,0.0,"{""type"":""MultiPoint"",""coordinates"":[]}"
20100120,2010-01-20,0.0,"{""type"":""MultiPoint"",""coordinates"":[]}"
20100121,2010-01-21,0.0,"{""type"":""MultiPoint"",""coordinates"":[]}"
20100122,2010-01-22,0.0,"{""type"":""MultiPoint"",""coordinates"":[]}"
20100123,2010-01-23,0.0,"{""type"":""MultiPoint"",""coordinates"":[]}"
20100124,2010-01-24,0.0,"{""type"":""MultiPoint"",""coordinates"":[]}"
20100125,2010-01-25,0.0,"{""type"":""MultiPoint"",""coordinates"":[]}"
20100126,2010-01-26,0.0,"{""type"":""MultiPoint"",""coordinates"":[]}"
20100127,2010-01-27,0.0,"{""type"":""MultiPoint"",""coordinates"":[]}"
20100128,2010-01-28,0.002269535101891371,"{""type"":""MultiPoint"",""coordinates"":[]}"
20100129,2010-01-29,0.0,"{""type"":""MultiPoint"",""coordinates"":[]}"
20100130,2010-01-30,0.0,"{""type"":""MultiPoint"",""coordinates"":[]}"
20100131,2010-01-31,0.0,"{""type"":""MultiPoint"",""coordinates"":[]}"
20100201,2010-02-01,0.0,"{""type"":""MultiPoint"",""coordinates"":[]}"
20100202,2010-02-02,0.0,"{""type"":""MultiPoint"",""coordinates"":[]}"
20100203,2010-02-03,0.0,"{""type"":""MultiPoint"",""coordinates"":[]}"
20100204,2010-02-04,0.0,"{""type"":""MultiPoint"",""coordinates"":[]}"
20100205,2010-02-05,0.0,"{""type"":""MultiPoint"",""coordinates"":[]}"
20100206,2010-02-06,0.0,"{""type"":""MultiPoint"",""coordinates"":[]}"
20100207,2010-02-07,0.0,"{""type"":""MultiPoint"",""coordinates"":[]}"
20100208,2010-02-08,0.0,"{""type"":""MultiPoint"",""coordinates"":[]}"
20100209,2010-02-09,0.0,"{""type"":""MultiPoint"",""coordinates"":[]}"
20100210,2010-02-10,0.0,"{""type"":""MultiPoint"",""coordinates"":[]}"
20100211,2010-02-11,0.0,"{""type"":""MultiPoint"",""coordinates"":[]}"
20100212,2010-02-12,0.0,"{""type"":""MultiPoint"",""coordinates"":[]}"
20100213,2010-02-13,0.0,"{""type"":""MultiPoint"",""coordinates"":[]}"
20100214,2010-02-14,0.0,"{""type"":""MultiPoint"",""coordinates"":[]}"
20100215,2010-02-15,0.0,"{""type"":""MultiPoint"",""coordinates"":[]}"
20100216,2010-02-16,0.0,"{""type"":""MultiPoint"",""coordinates"":[]}"
20100217,2010-02-17,0.0,"{""type"":""MultiPoint"",""coordinates"":[]}"
20100218,2010-02-18,0.04221016692934419,"{""type"":""MultiPoint"",""coordinates"":[]}"
20100219,2010-02-19,0.012748366403854848,"{""type"":""MultiPoint"",""coordinates"":[]}"
20100220,2010-02-20,0.0,"{""type"":""MultiPoint"",""coordinates"":[]}"
20100221,2010-02-21,0.0,"{""type"":""MultiPoint"",""coordinates"":[]}"
20100222,2010-02-22,0.0,"{""type"":""MultiPoint"",""coordinates"":[]}"
20100223,2010-02-23,0.0,"{""type"":""MultiPoint"",""coordinates"":[]}"
20100224,2010-02-24,0.0,"{""type"":""MultiPoint"",""coordinates"":[]}"
20100225,2010-02-25,0.0,"{""type"":""MultiPoint"",""coordinates"":[]}"
20100226,2010-02-26,0.0,"{""type"":""MultiPoint"",""coordinates"":[]}"
20100227,2010-02-27,0.0,"{""type"":""MultiPoint"",""coordinates"":[]}"
20100228,2010-02-28,0.0,"{""type"":""MultiPoint"",""coordinates"":[]}"
20100301,2010-03-01,0.0,"{""type"":""MultiPoint"",""coordinates"":[]}"
20100302,2010-03-02,0.0,"{""type"":""MultiPoint"",""coordinates"":[]}"
20100303,2010-03-03,0.0,"{""type"":""MultiPoint"",""coordinates"":[]}"
20100304,2010-03-04,0.0,"{""type"":""MultiPoint"",""coordinates"":[]}"
20100305,2010-03-05,0.0,"{""type"":""MultiPoint"",""coordinates"":[]}"
20100306,2010-03-06,0.0,"{""type"":""MultiPoint"",""coordinates"":[]}"
20100307,2010-03-07,0.0,"{""type"":""MultiPoint"",""coordinates"":[]}"
20100308,2010-03-08,0.0,"{""type"":""MultiPoint"",""coordinates"":[]}"
20100309,2010-03-09,0.0,"{""type"":""MultiPoint"",""coordinates"":[]}"
20100310,2010-03-10,0.0,"{""type"":""MultiPoint"",""coordinates"":[]}"
20100311,2010-03-11,0.0,"{""type"":""MultiPoint"",""coordinates"":[]}"
20100312,2010-03-12,0.0,"{""type"":""MultiPoint"",""coordinates"":[]}"
20100313,2010-03-13,0.2840469234994395,"{""type"":""MultiPoint"",""coordinates"":[]}"
20100314,2010-03-14,2.962210350973473,"{""type"":""MultiPoint"",""coordinates"":[]}"
20100315,2010-03-15,0.08731505109257323,"{""type"":""MultiPoint"",""coordinates"":[]}"
20100316,2010-03-16,0.0,"{""type"":""MultiPoint"",""coordinates"":[]}"
20100317,2010-03-17,0.0,"{""type"":""MultiPoint"",""coordinates"":[]}"
20100318,2010-03-18,0.021940744009302078,"{""type"":""MultiPoint"",""coordinates"":[]}"
20100319,2010-03-19,0.13706865920319666,"{""type"":""MultiPoint"",""coordinates"":[]}"
20100320,2010-03-20,0.0,"{""type"":""MultiPoint"",""coordinates"":[]}"
20100321,2010-03-21,0.00990273447619451,"{""type"":""MultiPoint"",""coordinates"":[]}"
20100322,2010-03-22,0.0,"{""type"":""MultiPoint"",""coordinates"":[]}"
20100323,2010-03-23,0.0,"{""type"":""MultiPoint"",""coordinates"":[]}"
20100324,2010-03-24,0.0,"{""type"":""MultiPoint"",""coordinates"":[]}"
20100325,2010-03-25,0.0,"{""type"":""MultiPoint"",""coordinates"":[]}"
20100326,2010-03-26,0.0,"{""type"":""MultiPoint"",""coordinates"":[]}"
20100327,2010-03-27,0.0,"{""type"":""MultiPoint"",""coordinates"":[]}"
20100328,2010-03-28,0.009116313913421279,"{""type"":""MultiPoint"",""coordinates"":[]}"
20100329,2010-03-29,0.0,"{""type"":""MultiPoint"",""coordinates"":[]}"
20100330,2010-03-30,1.2681598399270684,"{""type"":""MultiPoint"",""coordinates"":[]}"
20100331,2010-03-31,0.0062372585575546065,"{""type"":""MultiPoint"",""coordinates"":[]}"
20100401,2010-04-01,0.0,"{""type"":""MultiPoint"",""coordinates"":[]}"
20100402,2010-04-02,0.0,"{""type"":""MultiPoint"",""coordinates"":[]}"
20100403,2010-04-03,0.0,"{""type"":""MultiPoint"",""coordinates"":[]}"
20100404,2010-04-04,0.0,"{""type"":""MultiPoint"",""coordinates"":[]}"
20100405,2010-04-05,0.012250477854513766,"{""type"":""MultiPoint"",""coordinates"":[]}"
20100406,2010-04-06,0.0,"{""type"":""MultiPoint"",""coordinates"":[]}"
20100407,2010-04-07,0.0,"{""type"":""MultiPoint"",""coordinates"":[]}"
20100408,2010-04-08,0.0,"{""type"":""MultiPoint"",""coordinates"":[]}"
20100409,2010-04-09,0.006855534650269981,"{""type"":""MultiPoint"",""coordinates"":[]}"
20100410,2010-04-10,0.009424771480997391,"{""type"":""MultiPoint"",""coordinates"":[]}"
20100411,2010-04-11,0.007600030101513825,"{""type"":""MultiPoint"",""coordinates"":[]}"
20100412,2010-04-12,12.250207571733224,"{""type"":""MultiPoint"",""coordinates"":[]}"
20100413,2010-04-13,0.0,"{""type"":""MultiPoint"",""coordinates"":[]}"
20100414,2010-04-14,5.480304405604283,"{""type"":""MultiPoint"",""coordinates"":[]}"
20100415,2010-04-15,0.038956561223254034,"{""type"":""MultiPoint"",""coordinates"":[]}"
20100416,2010-04-16,0.08543581598420509,"{""type"":""MultiPoint"",""coordinates"":[]}"
20100417,2010-04-17,0.0,"{""type"":""MultiPoint"",""coordinates"":[]}"
20100418,2010-04-18,0.42595234711530333,"{""type"":""MultiPoint"",""coordinates"":[]}"
20100419,2010-04-19,0.0,"{""type"":""MultiPoint"",""coordinates"":[]}"
20100420,2010-04-20,0.0,"{""type"":""MultiPoint"",""coordinates"":[]}"
20100421,2010-04-21,7.222416878889578E-4,"{""type"":""MultiPoint"",""coordinates"":[]}"
20100422,2010-04-22,0.010846097170121851,"{""type"":""MultiPoint"",""coordinates"":[]}"
20100423,2010-04-23,0.006718286509123148,"{""type"":""MultiPoint"",""coordinates"":[]}"
20100424,2010-04-24,0.2623328017949886,"{""type"":""MultiPoint"",""coordinates"":[]}"
20100425,2010-04-25,0.0,"{""type"":""MultiPoint"",""coordinates"":[]}"
20100426,2010-04-26,1.098367310530458,"{""type"":""MultiPoint"",""coordinates"":[]}"
20100427,2010-04-27,0.009178840516549486,"{""type"":""MultiPoint"",""coordinates"":[]}"
20100428,2010-04-28,1.424664102575377,"{""type"":""MultiPoint"",""coordinates"":[]}"
20100429,2010-04-29,0.18390492665488878,"{""type"":""MultiPoint"",""coordinates"":[]}"
20100430,2010-04-30,3.2213982034628503,"{""type"":""MultiPoint"",""coordinates"":[]}"
20100501,2010-05-01,0.681333392063134,"{""type"":""MultiPoint"",""coordinates"":[]}"
20100502,2010-05-02,0.7475474273765225,"{""type"":""MultiPoint"",""coordinates"":[]}"
20100503,2010-05-03,0.0,"{""type"":""MultiPoint"",""coordinates"":[]}"
20100504,2010-05-04,0.9600963643581409,"{""type"":""MultiPoint"",""coordinates"":[]}"
20100505,2010-05-05,0.0,"{""type"":""MultiPoint"",""coordinates"":[]}"
20100506,2010-05-06,0.0,"{""type"":""MultiPoint"",""coordinates"":[]}"
20100507,2010-05-07,0.0012357228490367542,"{""type"":""MultiPoint"",""coordinates"":[]}"
20100508,2010-05-08,1.1093792263955564,"{""type"":""MultiPoint"",""coordinates"":[]}"
20100509,2010-05-09,0.4706708933459552,"{""type"":""MultiPoint"",""coordinates"":[]}"
20100510,2010-05-10,0.5372100000540305,"{""type"":""MultiPoint"",""coordinates"":[]}"
20100511,2010-05-11,0.056877886241301294,"{""type"":""MultiPoint"",""coordinates"":[]}"
20100512,2010-05-12,0.036421480004511037,"{""type"":""MultiPoint"",""coordinates"":[]}"
20100513,2010-05-13,0.4939703830746628,"{""type"":""MultiPoint"",""coordinates"":[]}"
20100514,2010-05-14,0.07107982402980247,"{""type"":""MultiPoint"",""coordinates"":[]}"
20100515,2010-05-15,5.521504098305741,"{""type"":""MultiPoint"",""coordinates"":[]}"
20100516,2010-05-16,0.9149564416599713,"{""type"":""MultiPoint"",""coordinates"":[]}"
20100517,2010-05-17,0.15866417183697504,"{""type"":""MultiPoint"",""coordinates"":[]}"
20100518,2010-05-18,3.7095355480057,"{""type"":""MultiPoint"",""coordinates"":[]}"
20100519,2010-05-19,9.468864092305227,"{""type"":""MultiPoint"",""coordinates"":[]}"
20100520,2010-05-20,11.234558012380434,"{""type"":""MultiPoint"",""coordinates"":[]}"
20100521,2010-05-21,12.9339967146084,"{""type"":""MultiPoint"",""coordinates"":[]}"
20100522,2010-05-22,0.22430817787768223,"{""type"":""MultiPoint"",""coordinates"":[]}"
20100523,2010-05-23,0.765146820370422,"{""type"":""MultiPoint"",""coordinates"":[]}"
20100524,2010-05-24,0.07057717130043785,"{""type"":""MultiPoint"",""coordinates"":[]}"
20100525,2010-05-25,0.0,"{""type"":""MultiPoint"",""coordinates"":[]}"
20100526,2010-05-26,0.0,"{""type"":""MultiPoint"",""coordinates"":[]}"
20100527,2010-05-27,0.0,"{""type"":""MultiPoint"",""coordinates"":[]}"
20100528,2010-05-28,0.0,"{""type"":""MultiPoint"",""coordinates"":[]}"
20100529,2010-05-29,0.0012934032267025292,"{""type"":""MultiPoint"",""coordinates"":[]}"
20100530,2010-05-30,0.0,"{""type"":""MultiPoint"",""coordinates"":[]}"
20100531,2010-05-31,0.0,"{""type"":""MultiPoint"",""coordinates"":[]}"
20100601,2010-06-01,3.148151205910293,"{""type"":""MultiPoint"",""coordinates"":[]}"
20100602,2010-06-02,0.12313376987550144,"{""type"":""MultiPoint"",""coordinates"":[]}"
20100603,2010-06-03,1.6365862416603043,"{""type"":""MultiPoint"",""coordinates"":[]}"
20100604,2010-06-04,6.78823297173315,"{""type"":""MultiPoint"",""coordinates"":[]}"
20100605,2010-06-05,0.2467887095783441,"{""type"":""MultiPoint"",""coordinates"":[]}"
20100606,2010-06-06,0.3167968310266382,"{""type"":""MultiPoint"",""coordinates"":[]}"
20100607,2010-06-07,2.99010154917693,"{""type"":""MultiPoint"",""coordinates"":[]}"
20100608,2010-06-08,0.02437017318239609,"{""type"":""MultiPoint"",""coordinates"":[]}"
20100609,2010-06-09,2.628394394564723,"{""type"":""MultiPoint"",""coordinates"":[]}"
20100610,2010-06-10,14.030931131570048,"{""type"":""MultiPoint"",""coordinates"":[]}"
20100611,2010-06-11,21.068729568938885,"{""type"":""MultiPoint"",""coordinates"":[]}"
20100612,2010-06-12,24.177669740219603,"{""type"":""MultiPoint"",""coordinates"":[]}"
20100613,2010-06-13,9.308771282164921,"{""type"":""MultiPoint"",""coordinates"":[]}"
20100614,2010-06-14,0.05873329917110195,"{""type"":""MultiPoint"",""coordinates"":[]}"
20100615,2010-06-15,7.313513003039336,"{""type"":""MultiPoint"",""coordinates"":[]}"
20100616,2010-06-16,2.4586172553131034,"{""type"":""MultiPoint"",""coordinates"":[]}"
20100617,2010-06-17,0.006209124403225543,"{""type"":""MultiPoint"",""coordinates"":[]}"
20100618,2010-06-18,0.9359272282382567,"{""type"":""MultiPoint"",""coordinates"":[]}"
20100619,2010-06-19,7.553931305594592,"{""type"":""MultiPoint"",""coordinates"":[]}"
20100620,2010-06-20,18.334403190911104,"{""type"":""MultiPoint"",""coordinates"":[]}"
20100621,2010-06-21,1.0112719484541313,"{""type"":""MultiPoint"",""coordinates"":[]}"
20100622,2010-06-22,0.01388678811391237,"{""type"":""MultiPoint"",""coordinates"":[]}"
20100623,2010-06-23,0.5676194890537333,"{""type"":""MultiPoint"",""coordinates"":[]}"
20100624,2010-06-24,3.815317689727193,"{""type"":""MultiPoint"",""coordinates"":[]}"
20100625,2010-06-25,0.0,"{""type"":""MultiPoint"",""coordinates"":[]}"
20100626,2010-06-26,0.28000599539339516,"{""type"":""MultiPoint"",""coordinates"":[]}"
20100627,2010-06-27,0.0,"{""type"":""MultiPoint"",""coordinates"":[]}"
20100628,2010-06-28,0.0,"{""type"":""MultiPoint"",""coordinates"":[]}"
20100629,2010-06-29,0.5765400377199711,"{""type"":""MultiPoint"",""coordinates"":[]}"
20100630,2010-06-30,6.401254275000505,"{""type"":""MultiPoint"",""coordinates"":[]}"
20100701,2010-07-01,13.948837200092196,"{""type"":""MultiPoint"",""coordinates"":[]}"
20100702,2010-07-02,12.312162998332562,"{""type"":""MultiPoint"",""coordinates"":[]}"
20100703,2010-07-03,0.30711845262845006,"{""type"":""MultiPoint"",""coordinates"":[]}"
20100704,2010-07-04,1.499853535059935,"{""type"":""MultiPoint"",""coordinates"":[]}"
20100705,2010-07-05,27.062959235193674,"{""type"":""MultiPoint"",""coordinates"":[]}"
20100706,2010-07-06,13.42398179727989,"{""type"":""MultiPoint"",""coordinates"":[]}"
20100707,2010-07-07,19.917397190829362,"{""type"":""MultiPoint"",""coordinates"":[]}"
20100708,2010-07-08,12.634498298060835,"{""type"":""MultiPoint"",""coordinates"":[]}"
20100709,2010-07-09,0.0,"{""type"":""MultiPoint"",""coordinates"":[]}"
20100710,2010-07-10,0.0022583187724534827,"{""type"":""MultiPoint"",""coordinates"":[]}"
20100711,2010-07-11,5.909008015375485,"{""type"":""MultiPoint"",""coordinates"":[]}"
20100712,2010-07-12,15.45020422194633,"{""type"":""MultiPoint"",""coordinates"":[]}"
20100713,2010-07-13,1.5077701187499024,"{""type"":""MultiPoint"",""coordinates"":[]}"
20100714,2010-07-14,0.004442455418988736,"{""type"":""MultiPoint"",""coordinates"":[]}"
20100715,2010-07-15,9.78165971623575,"{""type"":""MultiPoint"",""coordinates"":[]}"
20100716,2010-07-16,18.164108212987326,"{""type"":""MultiPoint"",""coordinates"":[]}"
20100717,2010-07-17,14.054090676376612,"{""type"":""MultiPoint"",""coordinates"":[]}"
20100718,2010-07-18,0.0,"{""type"":""MultiPoint"",""coordinates"":[]}"
20100719,2010-07-19,0.07564467726068641,"{""type"":""MultiPoint"",""coordinates"":[]}"
20100720,2010-07-20,6.5796460805654675,"{""type"":""MultiPoint"",""coordinates"":[]}"
20100721,2010-07-21,10.818253213722253,"{""type"":""MultiPoint"",""coordinates"":[]}"
20100722,2010-07-22,0.09058521629126987,"{""type"":""MultiPoint"",""coordinates"":[]}"
20100723,2010-07-23,7.246228495088033,"{""type"":""MultiPoint"",""coordinates"":[]}"
20100724,2010-07-24,17.000486919264986,"{""type"":""MultiPoint"",""coordinates"":[]}"
20100725,2010-07-25,13.617371944492417,"{""type"":""MultiPoint"",""coordinates"":[]}"
20100726,2010-07-26,6.76815277564558,"{""type"":""MultiPoint"",""coordinates"":[]}"
20100727,2010-07-27,4.672212588330273,"{""type"":""MultiPoint"",""coordinates"":[]}"
20100728,2010-07-28,22.79733317685747,"{""type"":""MultiPoint"",""coordinates"":[]}"
20100729,2010-07-29,12.10674272385589,"{""type"":""MultiPoint"",""coordinates"":[]}"
20100730,2010-07-30,0.8830962969428311,"{""type"":""MultiPoint"",""coordinates"":[]}"
20100731,2010-07-31,0.0,"{""type"":""MultiPoint"",""coordinates"":[]}"
20100801,2010-08-01,1.3045916863265534E-4,"{""type"":""MultiPoint"",""coordinates"":[]}"
20100802,2010-08-02,6.2108965564773,"{""type"":""MultiPoint"",""coordinates"":[]}"
20100803,2010-08-03,3.171850055360328,"{""type"":""MultiPoint"",""coordinates"":[]}"
20100804,2010-08-04,1.5458257466476377,"{""type"":""MultiPoint"",""coordinates"":[]}"
20100805,2010-08-05,0.33095923275277994,"{""type"":""MultiPoint"",""coordinates"":[]}"
20100806,2010-08-06,8.866792032495669,"{""type"":""MultiPoint"",""coordinates"":[]}"
20100807,2010-08-07,0.0,"{""type"":""MultiPoint"",""coordinates"":[]}"
20100808,2010-08-08,0.7483107681473162,"{""type"":""MultiPoint"",""coordinates"":[]}"
20100809,2010-08-09,0.22089239104593933,"{""type"":""MultiPoint"",""coordinates"":[]}"
20100810,2010-08-10,0.005568379410804919,"{""type"":""MultiPoint"",""coordinates"":[]}"
20100811,2010-08-11,4.220060465061638,"{""type"":""MultiPoint"",""coordinates"":[]}"
20100812,2010-08-12,14.297956288677137,"{""type"":""MultiPoint"",""coordinates"":[]}"
20100813,2010-08-13,8.776452406575006,"{""type"":""MultiPoint"",""coordinates"":[]}"
20100814,2010-08-14,0.9663668602705198,"{""type"":""MultiPoint"",""coordinates"":[]}"
20100815,2010-08-15,22.984290282506706,"{""type"":""MultiPoint"",""coordinates"":[]}"
20100816,2010-08-16,9.792969487253666,"{""type"":""MultiPoint"",""coordinates"":[]}"
20100817,2010-08-17,10.732476338927745,"{""type"":""MultiPoint"",""coordinates"":[]}"
20100818,2010-08-18,2.781203944845671,"{""type"":""MultiPoint"",""coordinates"":[]}"
20100819,2010-08-19,6.873019688909644,"{""type"":""MultiPoint"",""coordinates"":[]}"
20100820,2010-08-20,16.382766160940033,"{""type"":""MultiPoint"",""coordinates"":[]}"
20100821,2010-08-21,1.6925178179576865,"{""type"":""MultiPoint"",""coordinates"":[]}"
20100822,2010-08-22,4.345642647293899,"{""type"":""MultiPoint"",""coordinates"":[]}"
20100823,2010-08-23,21.25039675146917,"{""type"":""MultiPoint"",""coordinates"":[]}"
20100824,2010-08-24,9.586200576426007,"{""type"":""MultiPoint"",""coordinates"":[]}"
20100825,2010-08-25,22.44879791985173,"{""type"":""MultiPoint"",""coordinates"":[]}"
20100826,2010-08-26,20.49713232405458,"{""type"":""MultiPoint"",""coordinates"":[]}"
20100827,2010-08-27,0.2541915772272554,"{""type"":""MultiPoint"",""coordinates"":[]}"
20100828,2010-08-28,5.499936405870656,"{""type"":""MultiPoint"",""coordinates"":[]}"
20100829,2010-08-29,8.448458030800662,"{""type"":""MultiPoint"",""coordinates"":[]}"
20100830,2010-08-30,12.760023372187007,"{""type"":""MultiPoint"",""coordinates"":[]}"
20100831,2010-08-31,0.0,"{""type"":""MultiPoint"",""coordinates"":[]}"
20100901,2010-09-01,0.0,"{""type"":""MultiPoint"",""coordinates"":[]}"
20100902,2010-09-02,2.620586801327415,"{""type"":""MultiPoint"",""coordinates"":[]}"
20100903,2010-09-03,24.72361411028642,"{""type"":""MultiPoint"",""coordinates"":[]}"
20100904,2010-09-04,4.150544872175506,"{""type"":""MultiPoint"",""coordinates"":[]}"
20100905,2010-09-05,0.664513114599693,"{""type"":""MultiPoint"",""coordinates"":[]}"
20100906,2010-09-06,8.408796015355483,"{""type"":""MultiPoint"",""coordinates"":[]}"
20100907,2010-09-07,12.552812145662113,"{""type"":""MultiPoint"",""coordinates"":[]}"
20100908,2010-09-08,2.5358611645959113,"{""type"":""MultiPoint"",""coordinates"":[]}"
20100909,2010-09-09,1.5725760670611844,"{""type"":""MultiPoint"",""coordinates"":[]}"
20100910,2010-09-10,2.2596855807319534,"{""type"":""MultiPoint"",""coordinates"":[]}"
20100911,2010-09-11,2.8694581813977895,"{""type"":""MultiPoint"",""coordinates"":[]}"
20100912,2010-09-12,3.8107837444688726,"{""type"":""MultiPoint"",""coordinates"":[]}"
20100913,2010-09-13,9.291753419361909,"{""type"":""MultiPoint"",""coordinates"":[]}"
20100914,2010-09-14,8.923128971520983,"{""type"":""MultiPoint"",""coordinates"":[]}"
20100915,2010-09-15,10.18606867057989,"{""type"":""MultiPoint"",""coordinates"":[]}"
20100916,2010-09-16,4.938354187605732,"{""type"":""MultiPoint"",""coordinates"":[]}"
20100917,2010-09-17,9.395539038380662,"{""type"":""MultiPoint"",""coordinates"":[]}"
20100918,2010-09-18,1.488295380450016,"{""type"":""MultiPoint"",""coordinates"":[]}"
20100919,2010-09-19,0.6801466873675539,"{""type"":""MultiPoint"",""coordinates"":[]}"
20100920,2010-09-20,2.5865784787390957,"{""type"":""MultiPoint"",""coordinates"":[]}"
20100921,2010-09-21,2.0124671858371,"{""type"":""MultiPoint"",""coordinates"":[]}"
20100922,2010-09-22,0.0,"{""type"":""MultiPoint"",""coordinates"":[]}"
20100923,2010-09-23,3.042483020093779,"{""type"":""MultiPoint"",""coordinates"":[]}"
20100924,2010-09-24,22.992988917453324,"{""type"":""MultiPoint"",""coordinates"":[]}"
20100925,2010-09-25,4.864984983021896,"{""type"":""MultiPoint"",""coordinates"":[]}"
20100926,2010-09-26,0.19793898264088217,"{""type"":""MultiPoint"",""coordinates"":[]}"
20100927,2010-09-27,3.073875134919487,"{""type"":""MultiPoint"",""coordinates"":[]}"
20100928,2010-09-28,0.0,"{""type"":""MultiPoint"",""coordinates"":[]}"
20100929,2010-09-29,2.684207310030223,"{""type"":""MultiPoint"",""coordinates"":[]}"
20100930,2010-09-30,7.262820573524805,"{""type"":""MultiPoint"",""coordinates"":[]}"
20101001,2010-10-01,1.8960610922799996,"{""type"":""MultiPoint"",""coordinates"":[]}"
20101002,2010-10-02,0.11359069066302224,"{""type"":""MultiPoint"",""coordinates"":[]}"
20101003,2010-10-03,0.29538639584436716,"{""type"":""MultiPoint"",""coordinates"":[]}"
20101004,2010-10-04,1.4089535676557587,"{""type"":""MultiPoint"",""coordinates"":[]}"
20101005,2010-10-05,9.65118537286965,"{""type"":""MultiPoint"",""coordinates"":[]}"
20101006,2010-10-06,19.39791746217413,"{""type"":""MultiPoint"",""coordinates"":[]}"
20101007,2010-10-07,5.443705898862443,"{""type"":""MultiPoint"",""coordinates"":[]}"
20101008,2010-10-08,0.0,"{""type"":""MultiPoint"",""coordinates"":[]}"
20101009,2010-10-09,0.0,"{""type"":""MultiPoint"",""coordinates"":[]}"
20101010,2010-10-10,0.0,"{""type"":""MultiPoint"",""coordinates"":[]}"
20101011,2010-10-11,0.0,"{""type"":""MultiPoint"",""coordinates"":[]}"
20101012,2010-10-12,0.0343926400130661,"{""type"":""MultiPoint"",""coordinates"":[]}"
20101013,2010-10-13,0.0,"{""type"":""MultiPoint"",""coordinates"":[]}"
20101014,2010-10-14,0.013193488337295669,"{""type"":""MultiPoint"",""coordinates"":[]}"
20101015,2010-10-15,1.8140001098121044,"{""type"":""MultiPoint"",""coordinates"":[]}"
20101016,2010-10-16,0.0,"{""type"":""MultiPoint"",""coordinates"":[]}"
20101017,2010-10-17,0.127643505551609,"{""type"":""MultiPoint"",""coordinates"":[]}"
20101018,2010-10-18,0.09833340617073577,"{""type"":""MultiPoint"",""coordinates"":[]}"
20101019,2010-10-19,7.506771629585822,"{""type"":""MultiPoint"",""coordinates"":[]}"
20101020,2010-10-20,2.3612812837556207,"{""type"":""MultiPoint"",""coordinates"":[]}"
20101021,2010-10-21,1.544134344872654,"{""type"":""MultiPoint"",""coordinates"":[]}"
20101022,2010-10-22,27.408752176734772,"{""type"":""MultiPoint"",""coordinates"":[]}"
20101023,2010-10-23,6.63810853716915,"{""type"":""MultiPoint"",""coordinates"":[]}"
20101024,2010-10-24,4.417892145051394,"{""type"":""MultiPoint"",""coordinates"":[]}"
20101025,2010-10-25,0.6123484871114212,"{""type"":""MultiPoint"",""coordinates"":[]}"
20101026,2010-10-26,0.0,"{""type"":""MultiPoint"",""coordinates"":[]}"
20101027,2010-10-27,0.0,"{""type"":""MultiPoint"",""coordinates"":[]}"
20101028,2010-10-28,0.24311003317022656,"{""type"":""MultiPoint"",""coordinates"":[]}"
20101029,2010-10-29,3.5775355377175044,"{""type"":""MultiPoint"",""coordinates"":[]}"
20101030,2010-10-30,15.256467353667663,"{""type"":""MultiPoint"",""coordinates"":[]}"
20101031,2010-10-31,2.093967001697141,"{""type"":""MultiPoint"",""coordinates"":[]}"
20101101,2010-11-01,2.609996161339458,"{""type"":""MultiPoint"",""coordinates"":[]}"
20101102,2010-11-02,4.825033726386716,"{""type"":""MultiPoint"",""coordinates"":[]}"
20101103,2010-11-03,2.88095180806979,"{""type"":""MultiPoint"",""coordinates"":[]}"
20101104,2010-11-04,1.4277710500807896,"{""type"":""MultiPoint"",""coordinates"":[]}"
20101105,2010-11-05,1.105498716149769,"{""type"":""MultiPoint"",""coordinates"":[]}"
20101106,2010-11-06,5.662909997828292,"{""type"":""MultiPoint"",""coordinates"":[]}"
20101107,2010-11-07,18.66688453268536,"{""type"":""MultiPoint"",""coordinates"":[]}"
20101108,2010-11-08,0.8733035765548712,"{""type"":""MultiPoint"",""coordinates"":[]}"
20101109,2010-11-09,1.6312206640988605,"{""type"":""MultiPoint"",""coordinates"":[]}"
20101110,2010-11-10,0.3887672588317111,"{""type"":""MultiPoint"",""coordinates"":[]}"
20101111,2010-11-11,3.8326762031539685,"{""type"":""MultiPoint"",""coordinates"":[]}"
20101112,2010-11-12,0.007282388088580413,"{""type"":""MultiPoint"",""coordinates"":[]}"
20101113,2010-11-13,0.1235954607778866,"{""type"":""MultiPoint"",""coordinates"":[]}"
20101114,2010-11-14,1.0035766690645662,"{""type"":""MultiPoint"",""coordinates"":[]}"
20101115,2010-11-15,0.08290629924701748,"{""type"":""MultiPoint"",""coordinates"":[]}"
20101116,2010-11-16,5.825498660600142,"{""type"":""MultiPoint"",""coordinates"":[]}"
20101117,2010-11-17,3.4109573944873093,"{""type"":""MultiPoint"",""coordinates"":[]}"
20101118,2010-11-18,0.024568678916774417,"{""type"":""MultiPoint"",""coordinates"":[]}"
20101119,2010-11-19,0.0,"{""type"":""MultiPoint"",""coordinates"":[]}"
20101120,2010-11-20,0.0,"{""type"":""MultiPoint"",""coordinates"":[]}"
20101121,2010-11-21,0.0,"{""type"":""MultiPoint"",""coordinates"":[]}"
20101122,2010-11-22,0.0,"{""type"":""MultiPoint"",""coordinates"":[]}"
20101123,2010-11-23,0.0,"{""type"":""MultiPoint"",""coordinates"":[]}"
20101124,2010-11-24,0.39124869436724585,"{""type"":""MultiPoint"",""coordinates"":[]}"
20101125,2010-11-25,0.08701836612196805,"{""type"":""MultiPoint"",""coordinates"":[]}"
20101126,2010-11-26,0.05647199883291831,"{""type"":""MultiPoint"",""coordinates"":[]}"
20101127,2010-11-27,0.5629390765514042,"{""type"":""MultiPoint"",""coordinates"":[]}"
20101128,2010-11-28,0.0,"{""type"":""MultiPoint"",""coordinates"":[]}"
20101129,2010-11-29,0.0,"{""type"":""MultiPoint"",""coordinates"":[]}"
20101130,2010-11-30,0.0,"{""type"":""MultiPoint"",""coordinates"":[]}"
20101201,2010-12-01,0.12920322342477925,"{""type"":""MultiPoint"",""coordinates"":[]}"
20101202,2010-12-02,0.0,"{""type"":""MultiPoint"",""coordinates"":[]}"
20101203,2010-12-03,0.1012588204232179,"{""type"":""MultiPoint"",""coordinates"":[]}"
20101204,2010-12-04,0.2584027444429249,"{""type"":""MultiPoint"",""coordinates"":[]}"
20101205,2010-12-05,0.895374882735452,"{""type"":""MultiPoint"",""coordinates"":[]}"
20101206,2010-12-06,1.935110547595385,"{""type"":""MultiPoint"",""coordinates"":[]}"
20101207,2010-12-07,3.2176688158672735,"{""type"":""MultiPoint"",""coordinates"":[]}"
20101208,2010-12-08,2.937446254126151E-4,"{""type"":""MultiPoint"",""coordinates"":[]}"
20101209,2010-12-09,0.0,"{""type"":""MultiPoint"",""coordinates"":[]}"
20101210,2010-12-10,0.0,"{""type"":""MultiPoint"",""coordinates"":[]}"
20101211,2010-12-11,0.0,"{""type"":""MultiPoint"",""coordinates"":[]}"
20101212,2010-12-12,0.0,"{""type"":""MultiPoint"",""coordinates"":[]}"
20101213,2010-12-13,0.0,"{""type"":""MultiPoint"",""coordinates"":[]}"
20101214,2010-12-14,0.0,"{""type"":""MultiPoint"",""coordinates"":[]}"
20101215,2010-12-15,0.0,"{""type"":""MultiPoint"",""coordinates"":[]}"
20101216,2010-12-16,0.0,"{""type"":""MultiPoint"",""coordinates"":[]}"
20101217,2010-12-17,0.0,"{""type"":""MultiPoint"",""coordinates"":[]}"
20101218,2010-12-18,0.0,"{""type"":""MultiPoint"",""coordinates"":[]}"
20101219,2010-12-19,0.0,"{""type"":""MultiPoint"",""coordinates"":[]}"
20101220,2010-12-20,0.0,"{""type"":""MultiPoint"",""coordinates"":[]}"
20101221,2010-12-21,0.0,"{""type"":""MultiPoint"",""coordinates"":[]}"
20101222,2010-12-22,0.0,"{""type"":""MultiPoint"",""coordinates"":[]}"
20101223,2010-12-23,0.0,"{""type"":""MultiPoint"",""coordinates"":[]}"
20101224,2010-12-24,0.0,"{""type"":""MultiPoint"",""coordinates"":[]}"
20101225,2010-12-25,0.0,"{""type"":""MultiPoint"",""coordinates"":[]}"
20101226,2010-12-26,0.0,"{""type"":""MultiPoint"",""coordinates"":[]}"
20101227,2010-12-27,0.0,"{""type"":""MultiPoint"",""coordinates"":[]}"
20101228,2010-12-28,0.0,"{""type"":""MultiPoint"",""coordinates"":[]}"
20101229,2010-12-29,0.0,"{""type"":""MultiPoint"",""coordinates"":[]}"
20101230,2010-12-30,0.0,"{""type"":""MultiPoint"",""coordinates"":[]}"
20101231,2010-12-31,0.0,"{""type"":""MultiPoint"",""coordinates"":[]}"
20110101,2011-01-01,0.0,"{""type"":""MultiPoint"",""coordinates"":[]}"
20110102,2011-01-02,0.023304101509520118,"{""type"":""MultiPoint"",""coordinates"":[]}"
20110103,2011-01-03,0.007039142319449835,"{""type"":""MultiPoint"",""coordinates"":[]}"
20110104,2011-01-04,0.1598712201850454,"{""type"":""MultiPoint"",""coordinates"":[]}"
20110105,2011-01-05,0.0,"{""type"":""MultiPoint"",""coordinates"":[]}"
20110106,2011-01-06,0.0,"{""type"":""MultiPoint"",""coordinates"":[]}"
20110107,2011-01-07,0.0,"{""type"":""MultiPoint"",""coordinates"":[]}"
20110108,2011-01-08,0.0,"{""type"":""MultiPoint"",""coordinates"":[]}"
20110109,2011-01-09,0.0,"{""type"":""MultiPoint"",""coordinates"":[]}"
20110110,2011-01-10,3.689638746482814E-4,"{""type"":""MultiPoint"",""coordinates"":[]}"
20110111,2011-01-11,0.0,"{""type"":""MultiPoint"",""coordinates"":[]}"
20110112,2011-01-12,0.0,"{""type"":""MultiPoint"",""coordinates"":[]}"
20110113,2011-01-13,0.0,"{""type"":""MultiPoint"",""coordinates"":[]}"
20110114,2011-01-14,0.0,"{""type"":""MultiPoint"",""coordinates"":[]}"
20110115,2011-01-15,0.0,"{""type"":""MultiPoint"",""coordinates"":[]}"
20110116,2011-01-16,0.0,"{""type"":""MultiPoint"",""coordinates"":[]}"
20110117,2011-01-17,0.0,"{""type"":""MultiPoint"",""coordinates"":[]}"
20110118,2011-01-18,0.0,"{""type"":""MultiPoint"",""coordinates"":[]}"
20110119,2011-01-19,0.0,"{""type"":""MultiPoint"",""coordinates"":[]}"
20110120,2011-01-20,0.0,"{""type"":""MultiPoint"",""coordinates"":[]}"
20110121,2011-01-21,0.0,"{""type"":""MultiPoint"",""coordinates"":[]}"
20110122,2011-01-22,0.0,"{""type"":""MultiPoint"",""coordinates"":[]}"
20110123,2011-01-23,0.0,"{""type"":""MultiPoint"",""coordinates"":[]}"
20110124,2011-01-24,0.0,"{""type"":""MultiPoint"",""coordinates"":[]}"
20110125,2011-01-25,0.0,"{""type"":""MultiPoint"",""coordinates"":[]}"
20110126,2011-01-26,0.0,"{""type"":""MultiPoint"",""coordinates"":[]}"
20110127,2011-01-27,0.0,"{""type"":""MultiPoint"",""coordinates"":[]}"
20110128,2011-01-28,0.0,"{""type"":""MultiPoint"",""coordinates"":[]}"
20110129,2011-01-29,0.0,"{""type"":""MultiPoint"",""coordinates"":[]}"
20110130,2011-01-30,0.0,"{""type"":""MultiPoint"",""coordinates"":[]}"
20110131,2011-01-31,0.0,"{""type"":""MultiPoint"",""coordinates"":[]}"
20110201,2011-02-01,0.0,"{""type"":""MultiPoint"",""coordinates"":[]}"
20110202,2011-02-02,0.0,"{""type"":""MultiPoint"",""coordinates"":[]}"
20110203,2011-02-03,0.0,"{""type"":""MultiPoint"",""coordinates"":[]}"
20110204,2011-02-04,0.0,"{""type"":""MultiPoint"",""coordinates"":[]}"
20110205,2011-02-05,0.0,"{""type"":""MultiPoint"",""coordinates"":[]}"
20110206,2011-02-06,0.0,"{""type"":""MultiPoint"",""coordinates"":[]}"
20110207,2011-02-07,0.0,"{""type"":""MultiPoint"",""coordinates"":[]}"
20110208,2011-02-08,0.0,"{""type"":""MultiPoint"",""coordinates"":[]}"
20110209,2011-02-09,0.0,"{""type"":""MultiPoint"",""coordinates"":[]}"
20110210,2011-02-10,0.0,"{""type"":""MultiPoint"",""coordinates"":[]}"
20110211,2011-02-11,0.0,"{""type"":""MultiPoint"",""coordinates"":[]}"
20110212,2011-02-12,0.0,"{""type"":""MultiPoint"",""coordinates"":[]}"
20110213,2011-02-13,0.0,"{""type"":""MultiPoint"",""coordinates"":[]}"
20110214,2011-02-14,0.0,"{""type"":""MultiPoint"",""coordinates"":[]}"
20110215,2011-02-15,0.0,"{""type"":""MultiPoint"",""coordinates"":[]}"
20110216,2011-02-16,0.0,"{""type"":""MultiPoint"",""coordinates"":[]}"
20110217,2011-02-17,0.0,"{""type"":""MultiPoint"",""coordinates"":[]}"
20110218,2011-02-18,0.0,"{""type"":""MultiPoint"",""coordinates"":[]}"
20110219,2011-02-19,0.0,"{""type"":""MultiPoint"",""coordinates"":[]}"
20110220,2011-02-20,0.0,"{""type"":""MultiPoint"",""coordinates"":[]}"
20110221,2011-02-21,0.0,"{""type"":""MultiPoint"",""coordinates"":[]}"
20110222,2011-02-22,0.0,"{""type"":""MultiPoint"",""coordinates"":[]}"
20110223,2011-02-23,0.0,"{""type"":""MultiPoint"",""coordinates"":[]}"
20110224,2011-02-24,0.0,"{""type"":""MultiPoint"",""coordinates"":[]}"
20110225,2011-02-25,0.0,"{""type"":""MultiPoint"",""coordinates"":[]}"
20110226,2011-02-26,0.0,"{""type"":""MultiPoint"",""coordinates"":[]}"
20110227,2011-02-27,0.0,"{""type"":""MultiPoint"",""coordinates"":[]}"
20110228,2011-02-28,0.0,"{""type"":""MultiPoint"",""coordinates"":[]}"
20110301,2011-03-01,0.0,"{""type"":""MultiPoint"",""coordinates"":[]}"
20110302,2011-03-02,0.0,"{""type"":""MultiPoint"",""coordinates"":[]}"
20110303,2011-03-03,0.0,"{""type"":""MultiPoint"",""coordinates"":[]}"
20110304,2011-03-04,0.0,"{""type"":""MultiPoint"",""coordinates"":[]}"
20110305,2011-03-05,0.0,"{""type"":""MultiPoint"",""coordinates"":[]}"
20110306,2011-03-06,0.0,"{""type"":""MultiPoint"",""coordinates"":[]}"
20110307,2011-03-07,0.0,"{""type"":""MultiPoint"",""coordinates"":[]}"
20110308,2011-03-08,0.0,"{""type"":""MultiPoint"",""coordinates"":[]}"
20110309,2011-03-09,0.0,"{""type"":""MultiPoint"",""coordinates"":[]}"
20110310,2011-03-10,0.0,"{""type"":""MultiPoint"",""coordinates"":[]}"
20110311,2011-03-11,0.0,"{""type"":""MultiPoint"",""coordinates"":[]}"
20110312,2011-03-12,0.0,"{""type"":""MultiPoint"",""coordinates"":[]}"
20110313,2011-03-13,0.0,"{""type"":""MultiPoint"",""coordinates"":[]}"
20110314,2011-03-14,0.0,"{""type"":""MultiPoint"",""coordinates"":[]}"
20110315,2011-03-15,0.0,"{""type"":""MultiPoint"",""coordinates"":[]}"
20110316,2011-03-16,0.0,"{""type"":""MultiPoint"",""coordinates"":[]}"
20110317,2011-03-17,0.0,"{""type"":""MultiPoint"",""coordinates"":[]}"
20110318,2011-03-18,0.0,"{""type"":""MultiPoint"",""coordinates"":[]}"
20110319,2011-03-19,0.0,"{""type"":""MultiPoint"",""coordinates"":[]}"
20110320,2011-03-20,0.0,"{""type"":""MultiPoint"",""coordinates"":[]}"
20110321,2011-03-21,0.0,"{""type"":""MultiPoint"",""coordinates"":[]}"
20110322,2011-03-22,0.0,"{""type"":""MultiPoint"",""coordinates"":[]}"
20110323,2011-03-23,0.0,"{""type"":""MultiPoint"",""coordinates"":[]}"
20110324,2011-03-24,0.0,"{""type"":""MultiPoint"",""coordinates"":[]}"
20110325,2011-03-25,0.0,"{""type"":""MultiPoint"",""coordinates"":[]}"
20110326,2011-03-26,0.0,"{""type"":""MultiPoint"",""coordinates"":[]}"
20110327,2011-03-27,0.0,"{""type"":""MultiPoint"",""coordinates"":[]}"
20110328,2011-03-28,0.0,"{""type"":""MultiPoint"",""coordinates"":[]}"
20110329,2011-03-29,0.0,"{""type"":""MultiPoint"",""coordinates"":[]}"
20110330,2011-03-30,0.0,"{""type"":""MultiPoint"",""coordinates"":[]}"
20110331,2011-03-31,0.0,"{""type"":""MultiPoint"",""coordinates"":[]}"
20110401,2011-04-01,0.0,"{""type"":""MultiPoint"",""coordinates"":[]}"
20110402,2011-04-02,0.0,"{""type"":""MultiPoint"",""coordinates"":[]}"
20110403,2011-04-03,0.0,"{""type"":""MultiPoint"",""coordinates"":[]}"
20110404,2011-04-04,0.0,"{""type"":""MultiPoint"",""coordinates"":[]}"
20110405,2011-04-05,0.0,"{""type"":""MultiPoint"",""coordinates"":[]}"
20110406,2011-04-06,0.0,"{""type"":""MultiPoint"",""coordinates"":[]}"
20110407,2011-04-07,0.0,"{""type"":""MultiPoint"",""coordinates"":[]}"
20110408,2011-04-08,0.0,"{""type"":""MultiPoint"",""coordinates"":[]}"
20110409,2011-04-09,0.018424551710836286,"{""type"":""MultiPoint"",""coordinates"":[]}"
20110410,2011-04-10,0.0,"{""type"":""MultiPoint"",""coordinates"":[]}"
20110411,2011-04-11,0.0,"{""type"":""MultiPoint"",""coordinates"":[]}"
20110412,2011-04-12,0.0,"{""type"":""MultiPoint"",""coordinates"":[]}"
20110413,2011-04-13,0.0,"{""type"":""MultiPoint"",""coordinates"":[]}"
20110414,2011-04-14,1.7058272395326886,"{""type"":""MultiPoint"",""coordinates"":[]}"
20110415,2011-04-15,6.716205071026991,"{""type"":""MultiPoint"",""coordinates"":[]}"
20110416,2011-04-16,0.21835825571058157,"{""type"":""MultiPoint"",""coordinates"":[]}"
20110417,2011-04-17,0.08300156820797026,"{""type"":""MultiPoint"",""coordinates"":[]}"
20110418,2011-04-18,0.02221848072641637,"{""type"":""MultiPoint"",""coordinates"":[]}"
20110419,2011-04-19,5.480193401772858,"{""type"":""MultiPoint"",""coordinates"":[]}"
20110420,2011-04-20,0.027664753159173248,"{""type"":""MultiPoint"",""coordinates"":[]}"
20110421,2011-04-21,6.089759850770744,"{""type"":""MultiPoint"",""coordinates"":[]}"
20110422,2011-04-22,4.1724022695760885,"{""type"":""MultiPoint"",""coordinates"":[]}"
20110423,2011-04-23,0.3787992336903852,"{""type"":""MultiPoint"",""coordinates"":[]}"
20110424,2011-04-24,0.8849209727524818,"{""type"":""MultiPoint"",""coordinates"":[]}"
20110425,2011-04-25,0.0,"{""type"":""MultiPoint"",""coordinates"":[]}"
20110426,2011-04-26,0.0,"{""type"":""MultiPoint"",""coordinates"":[]}"
20110427,2011-04-27,0.0,"{""type"":""MultiPoint"",""coordinates"":[]}"
20110428,2011-04-28,0.4875635486582273,"{""type"":""MultiPoint"",""coordinates"":[]}"
20110429,2011-04-29,1.1971531352516271,"{""type"":""MultiPoint"",""coordinates"":[]}"
20110430,2011-04-30,4.0305198788934105,"{""type"":""MultiPoint"",""coordinates"":[]}"
20110501,2011-05-01,0.0,"{""type"":""MultiPoint"",""coordinates"":[]}"
20110502,2011-05-02,0.0565662572283463,"{""type"":""MultiPoint"",""coordinates"":[]}"
20110503,2011-05-03,0.03790788406486895,"{""type"":""MultiPoint"",""coordinates"":[]}"
20110504,2011-05-04,0.0,"{""type"":""MultiPoint"",""coordinates"":[]}"
20110505,2011-05-05,0.0,"{""type"":""MultiPoint"",""coordinates"":[]}"
20110506,2011-05-06,0.0,"{""type"":""MultiPoint"",""coordinates"":[]}"
20110507,2011-05-07,0.0,"{""type"":""MultiPoint"",""coordinates"":[]}"
20110508,2011-05-08,0.0,"{""type"":""MultiPoint"",""coordinates"":[]}"
20110509,2011-05-09,0.0,"{""type"":""MultiPoint"",""coordinates"":[]}"
20110510,2011-05-10,0.0,"{""type"":""MultiPoint"",""coordinates"":[]}"
20110511,2011-05-11,0.0,"{""type"":""MultiPoint"",""coordinates"":[]}"
20110512,2011-05-12,0.0,"{""type"":""MultiPoint"",""coordinates"":[]}"
20110513,2011-05-13,0.0,"{""type"":""MultiPoint"",""coordinates"":[]}"
20110514,2011-05-14,5.98418085238249,"{""type"":""MultiPoint"",""coordinates"":[]}"
20110515,2011-05-15,0.018517064167863632,"{""type"":""MultiPoint"",""coordinates"":[]}"
20110516,2011-05-16,0.6585677424215373,"{""type"":""MultiPoint"",""coordinates"":[]}"
20110517,2011-05-17,1.3303837209059886,"{""type"":""MultiPoint"",""coordinates"":[]}"
20110518,2011-05-18,0.18886134181009445,"{""type"":""MultiPoint"",""coordinates"":[]}"
20110519,2011-05-19,11.703105890768613,"{""type"":""MultiPoint"",""coordinates"":[]}"
20110520,2011-05-20,2.484432350978749,"{""type"":""MultiPoint"",""coordinates"":[]}"
20110521,2011-05-21,0.0,"{""type"":""MultiPoint"",""coordinates"":[]}"
20110522,2011-05-22,0.0,"{""type"":""MultiPoint"",""coordinates"":[]}"
20110523,2011-05-23,0.0,"{""type"":""MultiPoint"",""coordinates"":[]}"
20110524,2011-05-24,2.2956520660836595,"{""type"":""MultiPoint"",""coordinates"":[]}"
20110525,2011-05-25,3.0216937495846925,"{""type"":""MultiPoint"",""coordinates"":[]}"
20110526,2011-05-26,6.717454480875361,"{""type"":""MultiPoint"",""coordinates"":[]}"
20110527,2011-05-27,7.637283878497432,"{""type"":""MultiPoint"",""coordinates"":[]}"
20110528,2011-05-28,4.486171851148682,"{""type"":""MultiPoint"",""coordinates"":[]}"
20110529,2011-05-29,0.9680375988555306,"{""type"":""MultiPoint"",""coordinates"":[]}"
20110530,2011-05-30,2.6498673872663536,"{""type"":""MultiPoint"",""coordinates"":[]}"
20110531,2011-05-31,2.972104795001472,"{""type"":""MultiPoint"",""coordinates"":[]}"
20110601,2011-06-01,21.417087519086653,"{""type"":""MultiPoint"",""coordinates"":[]}"
20110602,2011-06-02,1.8855332913771716,"{""type"":""MultiPoint"",""coordinates"":[]}"
20110603,2011-06-03,0.0,"{""type"":""MultiPoint"",""coordinates"":[]}"
20110604,2011-06-04,1.470112712256683,"{""type"":""MultiPoint"",""coordinates"":[]}"
20110605,2011-06-05,0.09836441888639258,"{""type"":""MultiPoint"",""coordinates"":[]}"
20110606,2011-06-06,1.6654202570870045,"{""type"":""MultiPoint"",""coordinates"":[]}"
20110607,2011-06-07,9.981064378922866,"{""type"":""MultiPoint"",""coordinates"":[]}"
20110608,2011-06-08,0.04044440432381017,"{""type"":""MultiPoint"",""coordinates"":[]}"
20110609,2011-06-09,0.0,"{""type"":""MultiPoint"",""coordinates"":[]}"
20110610,2011-06-10,4.6971655024317585,"{""type"":""MultiPoint"",""coordinates"":[]}"
20110611,2011-06-11,0.22879595051576027,"{""type"":""MultiPoint"",""coordinates"":[]}"
20110612,2011-06-12,0.08751533244822247,"{""type"":""MultiPoint"",""coordinates"":[]}"
20110613,2011-06-13,0.3731397227981016,"{""type"":""MultiPoint"",""coordinates"":[]}"
20110614,2011-06-14,1.8543001209492147,"{""type"":""MultiPoint"",""coordinates"":[]}"
20110615,2011-06-15,1.157163376586876,"{""type"":""MultiPoint"",""coordinates"":[]}"
20110616,2011-06-16,0.005961272335196772,"{""type"":""MultiPoint"",""coordinates"":[]}"
20110617,2011-06-17,0.0,"{""type"":""MultiPoint"",""coordinates"":[]}"
20110618,2011-06-18,1.5281717083555615,"{""type"":""MultiPoint"",""coordinates"":[]}"
20110619,2011-06-19,0.0,"{""type"":""MultiPoint"",""coordinates"":[]}"
20110620,2011-06-20,0.3231831468057527,"{""type"":""MultiPoint"",""coordinates"":[]}"
20110621,2011-06-21,0.0,"{""type"":""MultiPoint"",""coordinates"":[]}"
20110622,2011-06-22,0.0,"{""type"":""MultiPoint"",""coordinates"":[]}"
20110623,2011-06-23,0.13112759220862383,"{""type"":""MultiPoint"",""coordinates"":[]}"
20110624,2011-06-24,0.15787330290795734,"{""type"":""MultiPoint"",""coordinates"":[]}"
20110625,2011-06-25,1.9400717315346931,"{""type"":""MultiPoint"",""coordinates"":[]}"
20110626,2011-06-26,1.0448207502708202,"{""type"":""MultiPoint"",""coordinates"":[]}"
20110627,2011-06-27,1.3547326638952177,"{""type"":""MultiPoint"",""coordinates"":[]}"
20110628,2011-06-28,0.005103541453909982,"{""type"":""MultiPoint"",""coordinates"":[]}"
20110629,2011-06-29,0.0,"{""type"":""MultiPoint"",""coordinates"":[]}"
20110630,2011-06-30,0.04316506621646947,"{""type"":""MultiPoint"",""coordinates"":[]}"
20110701,2011-07-01,1.1071957975979474,"{""type"":""MultiPoint"",""coordinates"":[]}"
20110702,2011-07-02,9.600008744468775,"{""type"":""MultiPoint"",""coordinates"":[]}"
20110703,2011-07-03,1.8555386830352465,"{""type"":""MultiPoint"",""coordinates"":[]}"
20110704,2011-07-04,9.32881261331964,"{""type"":""MultiPoint"",""coordinates"":[]}"
20110705,2011-07-05,12.058899183393367,"{""type"":""MultiPoint"",""coordinates"":[]}"
20110706,2011-07-06,10.40127502012291,"{""type"":""MultiPoint"",""coordinates"":[]}"
20110707,2011-07-07,0.2701624712492362,"{""type"":""MultiPoint"",""coordinates"":[]}"
20110708,2011-07-08,0.01771171196246763,"{""type"":""MultiPoint"",""coordinates"":[]}"
20110709,2011-07-09,0.0,"{""type"":""MultiPoint"",""coordinates"":[]}"
20110710,2011-07-10,0.0,"{""type"":""MultiPoint"",""coordinates"":[]}"
20110711,2011-07-11,0.2652215048400343,"{""type"":""MultiPoint"",""coordinates"":[]}"
20110712,2011-07-12,1.8933106460608398,"{""type"":""MultiPoint"",""coordinates"":[]}"
20110713,2011-07-13,14.285645326515228,"{""type"":""MultiPoint"",""coordinates"":[]}"
20110714,2011-07-14,0.0,"{""type"":""MultiPoint"",""coordinates"":[]}"
20110715,2011-07-15,0.0,"{""type"":""MultiPoint"",""coordinates"":[]}"
20110716,2011-07-16,0.7012799561235684,"{""type"":""MultiPoint"",""coordinates"":[]}"
20110717,2011-07-17,0.638249895131533,"{""type"":""MultiPoint"",""coordinates"":[]}"
20110718,2011-07-18,0.5198135351976844,"{""type"":""MultiPoint"",""coordinates"":[]}"
20110719,2011-07-19,0.7710575751785055,"{""type"":""MultiPoint"",""coordinates"":[]}"
20110720,2011-07-20,7.379712266263035,"{""type"":""MultiPoint"",""coordinates"":[]}"
20110721,2011-07-21,9.685482931704367,"{""type"":""MultiPoint"",""coordinates"":[]}"
20110722,2011-07-22,4.903665452267869,"{""type"":""MultiPoint"",""coordinates"":[]}"
20110723,2011-07-23,1.5990510944407021,"{""type"":""MultiPoint"",""coordinates"":[]}"
20110724,2011-07-24,0.23659303962670247,"{""type"":""MultiPoint"",""coordinates"":[]}"
20110725,2011-07-25,6.449545485380365,"{""type"":""MultiPoint"",""coordinates"":[]}"
20110726,2011-07-26,2.734553575084783,"{""type"":""MultiPoint"",""coordinates"":[]}"
20110727,2011-07-27,4.741005684559967,"{""type"":""MultiPoint"",""coordinates"":[]}"
20110728,2011-07-28,0.5100353765083561,"{""type"":""MultiPoint"",""coordinates"":[]}"
20110729,2011-07-29,8.446930468280348,"{""type"":""MultiPoint"",""coordinates"":[]}"
20110730,2011-07-30,4.166180094948465,"{""type"":""MultiPoint"",""coordinates"":[]}"
20110731,2011-07-31,4.353812445819068,"{""type"":""MultiPoint"",""coordinates"":[]}"
20110801,2011-08-01,0.9485103371853985,"{""type"":""MultiPoint"",""coordinates"":[]}"
20110802,2011-08-02,5.19082323184352,"{""type"":""MultiPoint"",""coordinates"":[]}"
20110803,2011-08-03,9.357818849199704,"{""type"":""MultiPoint"",""coordinates"":[]}"
20110804,2011-08-04,1.1157482225527406,"{""type"":""MultiPoint"",""coordinates"":[]}"
20110805,2011-08-05,0.012908063240516715,"{""type"":""MultiPoint"",""coordinates"":[]}"
20110806,2011-08-06,2.392204063413017,"{""type"":""MultiPoint"",""coordinates"":[]}"
20110807,2011-08-07,0.0,"{""type"":""MultiPoint"",""coordinates"":[]}"
20110808,2011-08-08,0.04279435950488106,"{""type"":""MultiPoint"",""coordinates"":[]}"
20110809,2011-08-09,0.26527809523995244,"{""type"":""MultiPoint"",""coordinates"":[]}"
20110810,2011-08-10,0.003998676480404321,"{""type"":""MultiPoint"",""coordinates"":[]}"
20110811,2011-08-11,0.0,"{""type"":""MultiPoint"",""coordinates"":[]}"
20110812,2011-08-12,1.5444320779247451,"{""type"":""MultiPoint"",""coordinates"":[]}"
20110813,2011-08-13,10.259535338810258,"{""type"":""MultiPoint"",""coordinates"":[]}"
20110814,2011-08-14,0.010239343006298003,"{""type"":""MultiPoint"",""coordinates"":[]}"
20110815,2011-08-15,1.0629998708563124,"{""type"":""MultiPoint"",""coordinates"":[]}"
20110816,2011-08-16,6.55469782083923,"{""type"":""MultiPoint"",""coordinates"":[]}"
20110817,2011-08-17,8.111408506513326,"{""type"":""MultiPoint"",""coordinates"":[]}"
20110818,2011-08-18,16.117426143861078,"{""type"":""MultiPoint"",""coordinates"":[]}"
20110819,2011-08-19,7.948309931324945,"{""type"":""MultiPoint"",""coordinates"":[]}"
20110820,2011-08-20,12.52696078877113,"{""type"":""MultiPoint"",""coordinates"":[]}"
20110821,2011-08-21,24.63860742164002,"{""type"":""MultiPoint"",""coordinates"":[]}"
20110822,2011-08-22,16.657280573619968,"{""type"":""MultiPoint"",""coordinates"":[]}"
20110823,2011-08-23,10.370667265746745,"{""type"":""MultiPoint"",""coordinates"":[]}"
20110824,2011-08-24,11.753127614672445,"{""type"":""MultiPoint"",""coordinates"":[]}"
20110825,2011-08-25,12.693613337379315,"{""type"":""MultiPoint"",""coordinates"":[]}"
20110826,2011-08-26,5.147973166779745,"{""type"":""MultiPoint"",""coordinates"":[]}"
20110827,2011-08-27,3.2950760516706654,"{""type"":""MultiPoint"",""coordinates"":[]}"
20110828,2011-08-28,0.0,"{""type"":""MultiPoint"",""coordinates"":[]}"
20110829,2011-08-29,0.0,"{""type"":""MultiPoint"",""coordinates"":[]}"
20110830,2011-08-30,0.03601549130933751,"{""type"":""MultiPoint"",""coordinates"":[]}"
20110831,2011-08-31,5.786499166028955,"{""type"":""MultiPoint"",""coordinates"":[]}"
20110901,2011-09-01,16.469163679905005,"{""type"":""MultiPoint"",""coordinates"":[]}"
20110902,2011-09-02,0.9376939606898134,"{""type"":""MultiPoint"",""coordinates"":[]}"
20110903,2011-09-03,7.345424354771631E-4,"{""type"":""MultiPoint"",""coordinates"":[]}"
20110904,2011-09-04,0.0,"{""type"":""MultiPoint"",""coordinates"":[]}"
20110905,2011-09-05,0.3717764971784642,"{""type"":""MultiPoint"",""coordinates"":[]}"
20110906,2011-09-06,0.5325400234135353,"{""type"":""MultiPoint"",""coordinates"":[]}"
20110907,2011-09-07,0.8636892270659001,"{""type"":""MultiPoint"",""coordinates"":[]}"
20110908,2011-09-08,2.0775823869722014,"{""type"":""MultiPoint"",""coordinates"":[]}"
20110909,2011-09-09,0.009578144099294231,"{""type"":""MultiPoint"",""coordinates"":[]}"
20110910,2011-09-10,0.3434884846247566,"{""type"":""MultiPoint"",""coordinates"":[]}"
20110911,2011-09-11,0.0,"{""type"":""MultiPoint"",""coordinates"":[]}"
20110912,2011-09-12,0.0,"{""type"":""MultiPoint"",""coordinates"":[]}"
20110913,2011-09-13,5.703814040826855,"{""type"":""MultiPoint"",""coordinates"":[]}"
20110914,2011-09-14,9.277523095936496,"{""type"":""MultiPoint"",""coordinates"":[]}"
20110915,2011-09-15,7.006805156928957,"{""type"":""MultiPoint"",""coordinates"":[]}"
20110916,2011-09-16,2.9894578266684393,"{""type"":""MultiPoint"",""coordinates"":[]}"
20110917,2011-09-17,4.437661710926676,"{""type"":""MultiPoint"",""coordinates"":[]}"
20110918,2011-09-18,1.3678757691116512,"{""type"":""MultiPoint"",""coordinates"":[]}"
20110919,2011-09-19,1.8129134334089556,"{""type"":""MultiPoint"",""coordinates"":[]}"
20110920,2011-09-20,2.785584076036026,"{""type"":""MultiPoint"",""coordinates"":[]}"
20110921,2011-09-21,0.0,"{""type"":""MultiPoint"",""coordinates"":[]}"
20110922,2011-09-22,0.0,"{""type"":""MultiPoint"",""coordinates"":[]}"
20110923,2011-09-23,0.0,"{""type"":""MultiPoint"",""coordinates"":[]}"
20110924,2011-09-24,0.0,"{""type"":""MultiPoint"",""coordinates"":[]}"
20110925,2011-09-25,0.0,"{""type"":""MultiPoint"",""coordinates"":[]}"
20110926,2011-09-26,0.0,"{""type"":""MultiPoint"",""coordinates"":[]}"
20110927,2011-09-27,0.0,"{""type"":""MultiPoint"",""coordinates"":[]}"
20110928,2011-09-28,0.6049326956168681,"{""type"":""MultiPoint"",""coordinates"":[]}"
20110929,2011-09-29,0.11436966607929307,"{""type"":""MultiPoint"",""coordinates"":[]}"
20110930,2011-09-30,0.0,"{""type"":""MultiPoint"",""coordinates"":[]}"
20111001,2011-10-01,0.0,"{""type"":""MultiPoint"",""coordinates"":[]}"
20111002,2011-10-02,0.05484719148356839,"{""type"":""MultiPoint"",""coordinates"":[]}"
20111003,2011-10-03,1.7605324093897288,"{""type"":""MultiPoint"",""coordinates"":[]}"
20111004,2011-10-04,0.0,"{""type"":""MultiPoint"",""coordinates"":[]}"
20111005,2011-10-05,0.9844457222029437,"{""type"":""MultiPoint"",""coordinates"":[]}"
20111006,2011-10-06,0.0,"{""type"":""MultiPoint"",""coordinates"":[]}"
20111007,2011-10-07,0.0,"{""type"":""MultiPoint"",""coordinates"":[]}"
20111008,2011-10-08,0.80820666677124,"{""type"":""MultiPoint"",""coordinates"":[]}"
20111009,2011-10-09,0.5263784358465039,"{""type"":""MultiPoint"",""coordinates"":[]}"
20111010,2011-10-10,9.800154547191086,"{""type"":""MultiPoint"",""coordinates"":[]}"
20111011,2011-10-11,17.49156194990851,"{""type"":""MultiPoint"",""coordinates"":[]}"
20111012,2011-10-12,23.945349073790098,"{""type"":""MultiPoint"",""coordinates"":[]}"
20111013,2011-10-13,0.8300886050899493,"{""type"":""MultiPoint"",""coordinates"":[]}"
20111014,2011-10-14,0.28230398770508053,"{""type"":""MultiPoint"",""coordinates"":[]}"
20111015,2011-10-15,1.6386068767448205,"{""type"":""MultiPoint"",""coordinates"":[]}"
20111016,2011-10-16,1.5798952742273245,"{""type"":""MultiPoint"",""coordinates"":[]}"
20111017,2011-10-17,2.790755462659445,"{""type"":""MultiPoint"",""coordinates"":[]}"
20111018,2011-10-18,0.0,"{""type"":""MultiPoint"",""coordinates"":[]}"
20111019,2011-10-19,0.0,"{""type"":""MultiPoint"",""coordinates"":[]}"
20111020,2011-10-20,0.0,"{""type"":""MultiPoint"",""coordinates"":[]}"
20111021,2011-10-21,0.0,"{""type"":""MultiPoint"",""coordinates"":[]}"
20111022,2011-10-22,0.0,"{""type"":""MultiPoint"",""coordinates"":[]}"
20111023,2011-10-23,0.043133928797507354,"{""type"":""MultiPoint"",""coordinates"":[]}"
20111024,2011-10-24,0.017439418098909358,"{""type"":""MultiPoint"",""coordinates"":[]}"
20111025,2011-10-25,3.5512108610844484,"{""type"":""MultiPoint"",""coordinates"":[]}"
20111026,2011-10-26,0.5185064798938255,"{""type"":""MultiPoint"",""coordinates"":[]}"
20111027,2011-10-27,1.3249023549350891,"{""type"":""MultiPoint"",""coordinates"":[]}"
20111028,2011-10-28,0.0,"{""type"":""MultiPoint"",""coordinates"":[]}"
20111029,2011-10-29,0.4681619420775566,"{""type"":""MultiPoint"",""coordinates"":[]}"
20111030,2011-10-30,0.0,"{""type"":""MultiPoint"",""coordinates"":[]}"
20111031,2011-10-31,0.0,"{""type"":""MultiPoint"",""coordinates"":[]}"
20111101,2011-11-01,0.022594042102406574,"{""type"":""MultiPoint"",""coordinates"":[]}"
20111102,2011-11-02,0.0,"{""type"":""MultiPoint"",""coordinates"":[]}"
20111103,2011-11-03,0.0,"{""type"":""MultiPoint"",""coordinates"":[]}"
20111104,2011-11-04,0.09478991428055933,"{""type"":""MultiPoint"",""coordinates"":[]}"
20111105,2011-11-05,0.0,"{""type"":""MultiPoint"",""coordinates"":[]}"
20111106,2011-11-06,0.0,"{""type"":""MultiPoint"",""coordinates"":[]}"
20111107,2011-11-07,0.0,"{""type"":""MultiPoint"",""coordinates"":[]}"
20111108,2011-11-08,0.0,"{""type"":""MultiPoint"",""coordinates"":[]}"
20111109,2011-11-09,0.0,"{""type"":""MultiPoint"",""coordinates"":[]}"
20111110,2011-11-10,0.0,"{""type"":""MultiPoint"",""coordinates"":[]}"
20111111,2011-11-11,0.0,"{""type"":""MultiPoint"",""coordinates"":[]}"
20111112,2011-11-12,0.0,"{""type"":""MultiPoint"",""coordinates"":[]}"
20111113,2011-11-13,0.0,"{""type"":""MultiPoint"",""coordinates"":[]}"
20111114,2011-11-14,0.0,"{""type"":""MultiPoint"",""coordinates"":[]}"
20111115,2011-11-15,0.0,"{""type"":""MultiPoint"",""coordinates"":[]}"
20111116,2011-11-16,0.0,"{""type"":""MultiPoint"",""coordinates"":[]}"
20111117,2011-11-17,0.0,"{""type"":""MultiPoint"",""coordinates"":[]}"
20111118,2011-11-18,0.0,"{""type"":""MultiPoint"",""coordinates"":[]}"
20111119,2011-11-19,0.0,"{""type"":""MultiPoint"",""coordinates"":[]}"
20111120,2011-11-20,0.0,"{""type"":""MultiPoint"",""coordinates"":[]}"
20111121,2011-11-21,1.0934629391972466,"{""type"":""MultiPoint"",""coordinates"":[]}"
20111122,2011-11-22,0.0,"{""type"":""MultiPoint"",""coordinates"":[]}"
20111123,2011-11-23,0.0,"{""type"":""MultiPoint"",""coordinates"":[]}"
20111124,2011-11-24,0.0,"{""type"":""MultiPoint"",""coordinates"":[]}"
20111125,2011-11-25,0.04274164632876528,"{""type"":""MultiPoint"",""coordinates"":[]}"
20111126,2011-11-26,8.38310387013086,"{""type"":""MultiPoint"",""coordinates"":[]}"
20111127,2011-11-27,4.622121894834045,"{""type"":""MultiPoint"",""coordinates"":[]}"
20111128,2011-11-28,0.04009343589709665,"{""type"":""MultiPoint"",""coordinates"":[]}"
20111129,2011-11-29,0.0,"{""type"":""MultiPoint"",""coordinates"":[]}"
20111130,2011-11-30,0.0,"{""type"":""MultiPoint"",""coordinates"":[]}"
20111201,2011-12-01,0.0,"{""type"":""MultiPoint"",""coordinates"":[]}"
20111202,2011-12-02,0.0,"{""type"":""MultiPoint"",""coordinates"":[]}"
20111203,2011-12-03,0.0,"{""type"":""MultiPoint"",""coordinates"":[]}"
20111204,2011-12-04,0.0,"{""type"":""MultiPoint"",""coordinates"":[]}"
20111205,2011-12-05,0.0,"{""type"":""MultiPoint"",""coordinates"":[]}"
20111206,2011-12-06,0.0,"{""type"":""MultiPoint"",""coordinates"":[]}"
20111207,2011-12-07,0.0,"{""type"":""MultiPoint"",""coordinates"":[]}"
20111208,2011-12-08,0.0,"{""type"":""MultiPoint"",""coordinates"":[]}"
20111209,2011-12-09,3.468740733502764E-4,"{""type"":""MultiPoint"",""coordinates"":[]}"
20111210,2011-12-10,0.0,"{""type"":""MultiPoint"",""coordinates"":[]}"
20111211,2011-12-11,0.0,"{""type"":""MultiPoint"",""coordinates"":[]}"
20111212,2011-12-12,0.0,"{""type"":""MultiPoint"",""coordinates"":[]}"
20111213,2011-12-13,0.0,"{""type"":""MultiPoint"",""coordinates"":[]}"
20111214,2011-12-14,0.0,"{""type"":""MultiPoint"",""coordinates"":[]}"
20111215,2011-12-15,0.0,"{""type"":""MultiPoint"",""coordinates"":[]}"
20111216,2011-12-16,0.0,"{""type"":""MultiPoint"",""coordinates"":[]}"
20111217,2011-12-17,0.0,"{""type"":""MultiPoint"",""coordinates"":[]}"
20111218,2011-12-18,0.0,"{""type"":""MultiPoint"",""coordinates"":[]}"
20111219,2011-12-19,0.0,"{""type"":""MultiPoint"",""coordinates"":[]}"
20111220,2011-12-20,0.0,"{""type"":""MultiPoint"",""coordinates"":[]}"
20111221,2011-12-21,0.0,"{""type"":""MultiPoint"",""coordinates"":[]}"
20111222,2011-12-22,0.030442846010078833,"{""type"":""MultiPoint"",""coordinates"":[]}"
20111223,2011-12-23,0.0,"{""type"":""MultiPoint"",""coordinates"":[]}"
20111224,2011-12-24,0.0,"{""type"":""MultiPoint"",""coordinates"":[]}"
20111225,2011-12-25,0.0,"{""type"":""MultiPoint"",""coordinates"":[]}"
20111226,2011-12-26,0.0,"{""type"":""MultiPoint"",""coordinates"":[]}"
20111227,2011-12-27,0.10879259267396416,"{""type"":""MultiPoint"",""coordinates"":[]}"
20111228,2011-12-28,0.02599970762780981,"{""type"":""MultiPoint"",""coordinates"":[]}"
20111229,2011-12-29,0.15005814802989217,"{""type"":""MultiPoint"",""coordinates"":[]}"
20111230,2011-12-30,0.4488863254064409,"{""type"":""MultiPoint"",""coordinates"":[]}"
20111231,2011-12-31,0.17100763204008146,"{""type"":""MultiPoint"",""coordinates"":[]}"
20120101,2012-01-01,0.0798688926226402,"{""type"":""MultiPoint"",""coordinates"":[]}"
20120102,2012-01-02,0.0,"{""type"":""MultiPoint"",""coordinates"":[]}"
20120103,2012-01-03,0.0,"{""type"":""MultiPoint"",""coordinates"":[]}"
20120104,2012-01-04,0.0,"{""type"":""MultiPoint"",""coordinates"":[]}"
20120105,2012-01-05,0.0,"{""type"":""MultiPoint"",""coordinates"":[]}"
20120106,2012-01-06,0.0,"{""type"":""MultiPoint"",""coordinates"":[]}"
20120107,2012-01-07,0.0,"{""type"":""MultiPoint"",""coordinates"":[]}"
20120108,2012-01-08,0.0,"{""type"":""MultiPoint"",""coordinates"":[]}"
20120109,2012-01-09,0.0,"{""type"":""MultiPoint"",""coordinates"":[]}"
20120110,2012-01-10,0.0,"{""type"":""MultiPoint"",""coordinates"":[]}"
20120111,2012-01-11,0.11094567080546344,"{""type"":""MultiPoint"",""coordinates"":[]}"
20120112,2012-01-12,0.0,"{""type"":""MultiPoint"",""coordinates"":[]}"
20120113,2012-01-13,0.0,"{""type"":""MultiPoint"",""coordinates"":[]}"
20120114,2012-01-14,0.0,"{""type"":""MultiPoint"",""coordinates"":[]}"
20120115,2012-01-15,0.0,"{""type"":""MultiPoint"",""coordinates"":[]}"
20120116,2012-01-16,0.0,"{""type"":""MultiPoint"",""coordinates"":[]}"
20120117,2012-01-17,0.0,"{""type"":""MultiPoint"",""coordinates"":[]}"
20120118,2012-01-18,0.0,"{""type"":""MultiPoint"",""coordinates"":[]}"
20120119,2012-01-19,0.0,"{""type"":""MultiPoint"",""coordinates"":[]}"
20120120,2012-01-20,0.0,"{""type"":""MultiPoint"",""coordinates"":[]}"
20120121,2012-01-21,0.0,"{""type"":""MultiPoint"",""coordinates"":[]}"
20120122,2012-01-22,0.0,"{""type"":""MultiPoint"",""coordinates"":[]}"
20120123,2012-01-23,0.0,"{""type"":""MultiPoint"",""coordinates"":[]}"
20120124,2012-01-24,0.0,"{""type"":""MultiPoint"",""coordinates"":[]}"
20120125,2012-01-25,0.0,"{""type"":""MultiPoint"",""coordinates"":[]}"
20120126,2012-01-26,0.0,"{""type"":""MultiPoint"",""coordinates"":[]}"
20120127,2012-01-27,0.0,"{""type"":""MultiPoint"",""coordinates"":[]}"
20120128,2012-01-28,0.0,"{""type"":""MultiPoint"",""coordinates"":[]}"
20120129,2012-01-29,0.0,"{""type"":""MultiPoint"",""coordinates"":[]}"
20120130,2012-01-30,0.0,"{""type"":""MultiPoint"",""coordinates"":[]}"
20120131,2012-01-31,0.0,"{""type"":""MultiPoint"",""coordinates"":[]}"
20120201,2012-02-01,0.0,"{""type"":""MultiPoint"",""coordinates"":[]}"
20120202,2012-02-02,0.0,"{""type"":""MultiPoint"",""coordinates"":[]}"
20120203,2012-02-03,0.0,"{""type"":""MultiPoint"",""coordinates"":[]}"
20120204,2012-02-04,0.0,"{""type"":""MultiPoint"",""coordinates"":[]}"
20120205,2012-02-05,0.0,"{""type"":""MultiPoint"",""coordinates"":[]}"
20120206,2012-02-06,0.0,"{""type"":""MultiPoint"",""coordinates"":[]}"
20120207,2012-02-07,0.0,"{""type"":""MultiPoint"",""coordinates"":[]}"
20120208,2012-02-08,0.014091977004008237,"{""type"":""MultiPoint"",""coordinates"":[]}"
20120209,2012-02-09,0.010633518005366951,"{""type"":""MultiPoint"",""coordinates"":[]}"
20120210,2012-02-10,0.0,"{""type"":""MultiPoint"",""coordinates"":[]}"
20120211,2012-02-11,0.0,"{""type"":""MultiPoint"",""coordinates"":[]}"
20120212,2012-02-12,0.0,"{""type"":""MultiPoint"",""coordinates"":[]}"
20120213,2012-02-13,0.0,"{""type"":""MultiPoint"",""coordinates"":[]}"
20120214,2012-02-14,0.0,"{""type"":""MultiPoint"",""coordinates"":[]}"
20120215,2012-02-15,0.08736445035794639,"{""type"":""MultiPoint"",""coordinates"":[]}"
20120216,2012-02-16,0.0,"{""type"":""MultiPoint"",""coordinates"":[]}"
20120217,2012-02-17,0.0,"{""type"":""MultiPoint"",""coordinates"":[]}"
20120218,2012-02-18,0.0,"{""type"":""MultiPoint"",""coordinates"":[]}"
20120219,2012-02-19,0.0,"{""type"":""MultiPoint"",""coordinates"":[]}"
20120220,2012-02-20,0.0,"{""type"":""MultiPoint"",""coordinates"":[]}"
20120221,2012-02-21,0.0,"{""type"":""MultiPoint"",""coordinates"":[]}"
20120222,2012-02-22,0.0,"{""type"":""MultiPoint"",""coordinates"":[]}"
20120223,2012-02-23,0.0,"{""type"":""MultiPoint"",""coordinates"":[]}"
20120224,2012-02-24,0.0,"{""type"":""MultiPoint"",""coordinates"":[]}"
20120225,2012-02-25,0.0,"{""type"":""MultiPoint"",""coordinates"":[]}"
20120226,2012-02-26,0.0,"{""type"":""MultiPoint"",""coordinates"":[]}"
20120227,2012-02-27,0.0,"{""type"":""MultiPoint"",""coordinates"":[]}"
20120228,2012-02-28,0.0,"{""type"":""MultiPoint"",""coordinates"":[]}"
20120229,2012-02-29,0.0,"{""type"":""MultiPoint"",""coordinates"":[]}"
20120301,2012-03-01,0.0,"{""type"":""MultiPoint"",""coordinates"":[]}"
20120302,2012-03-02,0.0,"{""type"":""MultiPoint"",""coordinates"":[]}"
20120303,2012-03-03,0.0,"{""type"":""MultiPoint"",""coordinates"":[]}"
20120304,2012-03-04,0.0,"{""type"":""MultiPoint"",""coordinates"":[]}"
20120305,2012-03-05,0.0,"{""type"":""MultiPoint"",""coordinates"":[]}"
20120306,2012-03-06,0.0,"{""type"":""MultiPoint"",""coordinates"":[]}"
20120307,2012-03-07,0.0,"{""type"":""MultiPoint"",""coordinates"":[]}"
20120308,2012-03-08,0.0,"{""type"":""MultiPoint"",""coordinates"":[]}"
20120309,2012-03-09,0.0,"{""type"":""MultiPoint"",""coordinates"":[]}"
20120310,2012-03-10,0.0,"{""type"":""MultiPoint"",""coordinates"":[]}"
20120311,2012-03-11,0.0,"{""type"":""MultiPoint"",""coordinates"":[]}"
20120312,2012-03-12,0.002072166006821753,"{""type"":""MultiPoint"",""coordinates"":[]}"
20120313,2012-03-13,0.0,"{""type"":""MultiPoint"",""coordinates"":[]}"
20120314,2012-03-14,0.0,"{""type"":""MultiPoint"",""coordinates"":[]}"
20120315,2012-03-15,0.0,"{""type"":""MultiPoint"",""coordinates"":[]}"
20120316,2012-03-16,0.0,"{""type"":""MultiPoint"",""coordinates"":[]}"
20120317,2012-03-17,0.0,"{""type"":""MultiPoint"",""coordinates"":[]}"
20120318,2012-03-18,0.0,"{""type"":""MultiPoint"",""coordinates"":[]}"
20120319,2012-03-19,0.0,"{""type"":""MultiPoint"",""coordinates"":[]}"
20120320,2012-03-20,0.0,"{""type"":""MultiPoint"",""coordinates"":[]}"
20120321,2012-03-21,0.0,"{""type"":""MultiPoint"",""coordinates"":[]}"
20120322,2012-03-22,0.0,"{""type"":""MultiPoint"",""coordinates"":[]}"
20120323,2012-03-23,0.0,"{""type"":""MultiPoint"",""coordinates"":[]}"
20120324,2012-03-24,0.0,"{""type"":""MultiPoint"",""coordinates"":[]}"
20120325,2012-03-25,0.0,"{""type"":""MultiPoint"",""coordinates"":[]}"
20120326,2012-03-26,0.0,"{""type"":""MultiPoint"",""coordinates"":[]}"
20120327,2012-03-27,0.0,"{""type"":""MultiPoint"",""coordinates"":[]}"
20120328,2012-03-28,0.0,"{""type"":""MultiPoint"",""coordinates"":[]}"
20120329,2012-03-29,0.0,"{""type"":""MultiPoint"",""coordinates"":[]}"
20120330,2012-03-30,0.7848933575450641,"{""type"":""MultiPoint"",""coordinates"":[]}"
20120331,2012-03-31,0.04945986980231396,"{""type"":""MultiPoint"",""coordinates"":[]}"
20120401,2012-04-01,0.0,"{""type"":""MultiPoint"",""coordinates"":[]}"
20120402,2012-04-02,0.0,"{""type"":""MultiPoint"",""coordinates"":[]}"
20120403,2012-04-03,0.0,"{""type"":""MultiPoint"",""coordinates"":[]}"
20120404,2012-04-04,0.0,"{""type"":""MultiPoint"",""coordinates"":[]}"
20120405,2012-04-05,0.0,"{""type"":""MultiPoint"",""coordinates"":[]}"
20120406,2012-04-06,0.01112453246691414,"{""type"":""MultiPoint"",""coordinates"":[]}"
20120407,2012-04-07,0.17433821897942559,"{""type"":""MultiPoint"",""coordinates"":[]}"
20120408,2012-04-08,0.1747938609802312,"{""type"":""MultiPoint"",""coordinates"":[]}"
20120409,2012-04-09,0.25652647950158985,"{""type"":""MultiPoint"",""coordinates"":[]}"
20120410,2012-04-10,1.5588994737045083,"{""type"":""MultiPoint"",""coordinates"":[]}"
20120411,2012-04-11,9.480621615862686,"{""type"":""MultiPoint"",""coordinates"":[]}"
20120412,2012-04-12,5.849381070901549,"{""type"":""MultiPoint"",""coordinates"":[]}"
20120413,2012-04-13,0.614868208441687,"{""type"":""MultiPoint"",""coordinates"":[]}"
20120414,2012-04-14,0.0,"{""type"":""MultiPoint"",""coordinates"":[]}"
20120415,2012-04-15,0.06678988286819912,"{""type"":""MultiPoint"",""coordinates"":[]}"
20120416,2012-04-16,0.549330611093689,"{""type"":""MultiPoint"",""coordinates"":[]}"
20120417,2012-04-17,1.9361904399433676,"{""type"":""MultiPoint"",""coordinates"":[]}"
20120418,2012-04-18,6.724188734052922,"{""type"":""MultiPoint"",""coordinates"":[]}"
20120419,2012-04-19,0.14554040468975246,"{""type"":""MultiPoint"",""coordinates"":[]}"
20120420,2012-04-20,0.3862973452734733,"{""type"":""MultiPoint"",""coordinates"":[]}"
20120421,2012-04-21,0.5614476784440037,"{""type"":""MultiPoint"",""coordinates"":[]}"
20120422,2012-04-22,0.5464586528858175,"{""type"":""MultiPoint"",""coordinates"":[]}"
20120423,2012-04-23,1.8280649475004251,"{""type"":""MultiPoint"",""coordinates"":[]}"
20120424,2012-04-24,0.0,"{""type"":""MultiPoint"",""coordinates"":[]}"
20120425,2012-04-25,10.836194051279449,"{""type"":""MultiPoint"",""coordinates"":[]}"
20120426,2012-04-26,1.2536851916018894,"{""type"":""MultiPoint"",""coordinates"":[]}"
20120427,2012-04-27,4.049665931207421,"{""type"":""MultiPoint"",""coordinates"":[]}"
20120428,2012-04-28,1.3361519735942147,"{""type"":""MultiPoint"",""coordinates"":[]}"
20120429,2012-04-29,4.023259089215725,"{""type"":""MultiPoint"",""coordinates"":[]}"
20120430,2012-04-30,1.2066426175157925,"{""type"":""MultiPoint"",""coordinates"":[]}"
20120501,2012-05-01,0.08751334620889628,"{""type"":""MultiPoint"",""coordinates"":[]}"
20120502,2012-05-02,0.32850570018336034,"{""type"":""MultiPoint"",""coordinates"":[]}"
20120503,2012-05-03,0.0,"{""type"":""MultiPoint"",""coordinates"":[]}"
20120504,2012-05-04,0.0,"{""type"":""MultiPoint"",""coordinates"":[]}"
20120505,2012-05-05,0.0,"{""type"":""MultiPoint"",""coordinates"":[]}"
20120506,2012-05-06,0.0,"{""type"":""MultiPoint"",""coordinates"":[]}"
20120507,2012-05-07,0.0,"{""type"":""MultiPoint"",""coordinates"":[]}"
20120508,2012-05-08,0.018628912150864915,"{""type"":""MultiPoint"",""coordinates"":[]}"
20120509,2012-05-09,0.781640938011964,"{""type"":""MultiPoint"",""coordinates"":[]}"
20120510,2012-05-10,4.098482726816961,"{""type"":""MultiPoint"",""coordinates"":[]}"
20120511,2012-05-11,0.04849977962006796,"{""type"":""MultiPoint"",""coordinates"":[]}"
20120512,2012-05-12,9.583076525018999,"{""type"":""MultiPoint"",""coordinates"":[]}"
20120513,2012-05-13,0.8566135578475497,"{""type"":""MultiPoint"",""coordinates"":[]}"
20120514,2012-05-14,0.06405197564500759,"{""type"":""MultiPoint"",""coordinates"":[]}"
20120515,2012-05-15,5.491220891685308,"{""type"":""MultiPoint"",""coordinates"":[]}"
20120516,2012-05-16,5.349482855827636,"{""type"":""MultiPoint"",""coordinates"":[]}"
20120517,2012-05-17,0.0,"{""type"":""MultiPoint"",""coordinates"":[]}"
20120518,2012-05-18,0.0,"{""type"":""MultiPoint"",""coordinates"":[]}"
20120519,2012-05-19,0.0,"{""type"":""MultiPoint"",""coordinates"":[]}"
20120520,2012-05-20,0.08527134060496644,"{""type"":""MultiPoint"",""coordinates"":[]}"
20120521,2012-05-21,0.0,"{""type"":""MultiPoint"",""coordinates"":[]}"
20120522,2012-05-22,0.0,"{""type"":""MultiPoint"",""coordinates"":[]}"
20120523,2012-05-23,0.0696802430901491,"{""type"":""MultiPoint"",""coordinates"":[]}"
20120524,2012-05-24,0.5708030812306506,"{""type"":""MultiPoint"",""coordinates"":[]}"
20120525,2012-05-25,0.7076485369403457,"{""type"":""MultiPoint"",""coordinates"":[]}"
20120526,2012-05-26,0.07180283741961953,"{""type"":""MultiPoint"",""coordinates"":[]}"
20120527,2012-05-27,0.0,"{""type"":""MultiPoint"",""coordinates"":[]}"
20120528,2012-05-28,0.02629346909805418,"{""type"":""MultiPoint"",""coordinates"":[]}"
20120529,2012-05-29,0.0,"{""type"":""MultiPoint"",""coordinates"":[]}"
20120530,2012-05-30,0.0,"{""type"":""MultiPoint"",""coordinates"":[]}"
20120531,2012-05-31,0.0,"{""type"":""MultiPoint"",""coordinates"":[]}"
20120601,2012-06-01,0.0,"{""type"":""MultiPoint"",""coordinates"":[]}"
20120602,2012-06-02,0.0,"{""type"":""MultiPoint"",""coordinates"":[]}"
20120603,2012-06-03,0.0,"{""type"":""MultiPoint"",""coordinates"":[]}"
20120604,2012-06-04,0.22265694121463653,"{""type"":""MultiPoint"",""coordinates"":[]}"
20120605,2012-06-05,0.0,"{""type"":""MultiPoint"",""coordinates"":[]}"
20120606,2012-06-06,0.0,"{""type"":""MultiPoint"",""coordinates"":[]}"
20120607,2012-06-07,0.0,"{""type"":""MultiPoint"",""coordinates"":[]}"
20120608,2012-06-08,0.0,"{""type"":""MultiPoint"",""coordinates"":[]}"
20120609,2012-06-09,0.11691635589020498,"{""type"":""MultiPoint"",""coordinates"":[]}"
20120610,2012-06-10,0.08050155923210543,"{""type"":""MultiPoint"",""coordinates"":[]}"
20120611,2012-06-11,0.0,"{""type"":""MultiPoint"",""coordinates"":[]}"
20120612,2012-06-12,0.0,"{""type"":""MultiPoint"",""coordinates"":[]}"
20120613,2012-06-13,0.004491320177995179,"{""type"":""MultiPoint"",""coordinates"":[]}"
20120614,2012-06-14,0.02354528463409356,"{""type"":""MultiPoint"",""coordinates"":[]}"
20120615,2012-06-15,0.03612229152152019,"{""type"":""MultiPoint"",""coordinates"":[]}"
20120616,2012-06-16,12.035534186210175,"{""type"":""MultiPoint"",""coordinates"":[]}"
20120617,2012-06-17,15.496235495472026,"{""type"":""MultiPoint"",""coordinates"":[]}"
20120618,2012-06-18,1.9280063076466623,"{""type"":""MultiPoint"",""coordinates"":[]}"
20120619,2012-06-19,1.7168629662934007,"{""type"":""MultiPoint"",""coordinates"":[]}"
20120620,2012-06-20,0.0,"{""type"":""MultiPoint"",""coordinates"":[]}"
20120621,2012-06-21,0.3759413458770114,"{""type"":""MultiPoint"",""coordinates"":[]}"
20120622,2012-06-22,0.0,"{""type"":""MultiPoint"",""coordinates"":[]}"
20120623,2012-06-23,0.0,"{""type"":""MultiPoint"",""coordinates"":[]}"
20120624,2012-06-24,6.581241999103511,"{""type"":""MultiPoint"",""coordinates"":[]}"
20120625,2012-06-25,3.5523371074579573,"{""type"":""MultiPoint"",""coordinates"":[]}"
20120626,2012-06-26,10.50261107845754,"{""type"":""MultiPoint"",""coordinates"":[]}"
20120627,2012-06-27,2.480471189545984,"{""type"":""MultiPoint"",""coordinates"":[]}"
20120628,2012-06-28,1.5269592578098083,"{""type"":""MultiPoint"",""coordinates"":[]}"
20120629,2012-06-29,0.0,"{""type"":""MultiPoint"",""coordinates"":[]}"
20120630,2012-06-30,2.568990866599784,"{""type"":""MultiPoint"",""coordinates"":[]}"
20120701,2012-07-01,6.943035911322806,"{""type"":""MultiPoint"",""coordinates"":[]}"
20120702,2012-07-02,0.3746450075366107,"{""type"":""MultiPoint"",""coordinates"":[]}"
20120703,2012-07-03,1.8858431102325612,"{""type"":""MultiPoint"",""coordinates"":[]}"
20120704,2012-07-04,0.0,"{""type"":""MultiPoint"",""coordinates"":[]}"
20120705,2012-07-05,0.0,"{""type"":""MultiPoint"",""coordinates"":[]}"
20120706,2012-07-06,9.6573816723851,"{""type"":""MultiPoint"",""coordinates"":[]}"
20120707,2012-07-07,1.9739529131732034,"{""type"":""MultiPoint"",""coordinates"":[]}"
20120708,2012-07-08,1.067166782315746,"{""type"":""MultiPoint"",""coordinates"":[]}"
20120709,2012-07-09,8.154288797217427,"{""type"":""MultiPoint"",""coordinates"":[]}"
20120710,2012-07-10,4.999048751194344,"{""type"":""MultiPoint"",""coordinates"":[]}"
20120711,2012-07-11,0.5880398024130113,"{""type"":""MultiPoint"",""coordinates"":[]}"
20120712,2012-07-12,0.0,"{""type"":""MultiPoint"",""coordinates"":[]}"
20120713,2012-07-13,5.847433630493361,"{""type"":""MultiPoint"",""coordinates"":[]}"
20120714,2012-07-14,4.239287583399461,"{""type"":""MultiPoint"",""coordinates"":[]}"
20120715,2012-07-15,7.844635570962506,"{""type"":""MultiPoint"",""coordinates"":[]}"
20120716,2012-07-16,18.074126912585516,"{""type"":""MultiPoint"",""coordinates"":[]}"
20120717,2012-07-17,6.827223228998695,"{""type"":""MultiPoint"",""coordinates"":[]}"
20120718,2012-07-18,9.901204533723092,"{""type"":""MultiPoint"",""coordinates"":[]}"
20120719,2012-07-19,11.66928797328474,"{""type"":""MultiPoint"",""coordinates"":[]}"
20120720,2012-07-20,14.149262627957636,"{""type"":""MultiPoint"",""coordinates"":[]}"
20120721,2012-07-21,11.071076031221942,"{""type"":""MultiPoint"",""coordinates"":[]}"
20120722,2012-07-22,1.1382812208280806,"{""type"":""MultiPoint"",""coordinates"":[]}"
20120723,2012-07-23,0.0,"{""type"":""MultiPoint"",""coordinates"":[]}"
20120724,2012-07-24,1.711635304622038,"{""type"":""MultiPoint"",""coordinates"":[]}"
20120725,2012-07-25,15.829064114091015,"{""type"":""MultiPoint"",""coordinates"":[]}"
20120726,2012-07-26,16.799442710294617,"{""type"":""MultiPoint"",""coordinates"":[]}"
20120727,2012-07-27,2.0165348860662076,"{""type"":""MultiPoint"",""coordinates"":[]}"
20120728,2012-07-28,5.06025361929671,"{""type"":""MultiPoint"",""coordinates"":[]}"
20120729,2012-07-29,5.807710758201897,"{""type"":""MultiPoint"",""coordinates"":[]}"
20120730,2012-07-30,0.33712877584940754,"{""type"":""MultiPoint"",""coordinates"":[]}"
20120731,2012-07-31,1.3632715944043416,"{""type"":""MultiPoint"",""coordinates"":[]}"
20120801,2012-08-01,0.018514028109335806,"{""type"":""MultiPoint"",""coordinates"":[]}"
20120802,2012-08-02,0.0,"{""type"":""MultiPoint"",""coordinates"":[]}"
20120803,2012-08-03,7.1277181611997005,"{""type"":""MultiPoint"",""coordinates"":[]}"
20120804,2012-08-04,0.3219050289153654,"{""type"":""MultiPoint"",""coordinates"":[]}"
20120805,2012-08-05,8.38189853337989,"{""type"":""MultiPoint"",""coordinates"":[]}"
20120806,2012-08-06,4.411229226973778,"{""type"":""MultiPoint"",""coordinates"":[]}"
20120807,2012-08-07,2.8498377452733528,"{""type"":""MultiPoint"",""coordinates"":[]}"
20120808,2012-08-08,0.5868640832287223,"{""type"":""MultiPoint"",""coordinates"":[]}"
20120809,2012-08-09,0.8794513945105191,"{""type"":""MultiPoint"",""coordinates"":[]}"
20120810,2012-08-10,4.590272719793764,"{""type"":""MultiPoint"",""coordinates"":[]}"
20120811,2012-08-11,1.128504141903737,"{""type"":""MultiPoint"",""coordinates"":[]}"
20120812,2012-08-12,3.8683591280811154,"{""type"":""MultiPoint"",""coordinates"":[]}"
20120813,2012-08-13,0.0,"{""type"":""MultiPoint"",""coordinates"":[]}"
20120814,2012-08-14,0.0,"{""type"":""MultiPoint"",""coordinates"":[]}"
20120815,2012-08-15,0.9188525680662192,"{""type"":""MultiPoint"",""coordinates"":[]}"
20120816,2012-08-16,0.0,"{""type"":""MultiPoint"",""coordinates"":[]}"
20120817,2012-08-17,0.06650796735836116,"{""type"":""MultiPoint"",""coordinates"":[]}"
20120818,2012-08-18,1.2723424690539191,"{""type"":""MultiPoint"",""coordinates"":[]}"
20120819,2012-08-19,0.28378794376255956,"{""type"":""MultiPoint"",""coordinates"":[]}"
20120820,2012-08-20,1.3087863150708434,"{""type"":""MultiPoint"",""coordinates"":[]}"
20120821,2012-08-21,18.668694279484296,"{""type"":""MultiPoint"",""coordinates"":[]}"
20120822,2012-08-22,3.2724293471717756,"{""type"":""MultiPoint"",""coordinates"":[]}"
20120823,2012-08-23,6.695841494495606,"{""type"":""MultiPoint"",""coordinates"":[]}"
20120824,2012-08-24,7.391734193625525,"{""type"":""MultiPoint"",""coordinates"":[]}"
20120825,2012-08-25,13.26273010773113,"{""type"":""MultiPoint"",""coordinates"":[]}"
20120826,2012-08-26,7.365083422068194,"{""type"":""MultiPoint"",""coordinates"":[]}"
20120827,2012-08-27,5.829196640542151,"{""type"":""MultiPoint"",""coordinates"":[]}"
20120828,2012-08-28,1.6982226196990333,"{""type"":""MultiPoint"",""coordinates"":[]}"
20120829,2012-08-29,3.6338637110965095,"{""type"":""MultiPoint"",""coordinates"":[]}"
20120830,2012-08-30,2.6721482745106284,"{""type"":""MultiPoint"",""coordinates"":[]}"
20120831,2012-08-31,0.0,"{""type"":""MultiPoint"",""coordinates"":[]}"
20120901,2012-09-01,0.21979081774127385,"{""type"":""MultiPoint"",""coordinates"":[]}"
20120902,2012-09-02,15.279298069667758,"{""type"":""MultiPoint"",""coordinates"":[]}"
20120903,2012-09-03,13.569450603197161,"{""type"":""MultiPoint"",""coordinates"":[]}"
20120904,2012-09-04,6.833016818309042,"{""type"":""MultiPoint"",""coordinates"":[]}"
20120905,2012-09-05,0.0,"{""type"":""MultiPoint"",""coordinates"":[]}"
20120906,2012-09-06,0.0,"{""type"":""MultiPoint"",""coordinates"":[]}"
20120907,2012-09-07,0.04518420440068931,"{""type"":""MultiPoint"",""coordinates"":[]}"
20120908,2012-09-08,5.545339335863682,"{""type"":""MultiPoint"",""coordinates"":[]}"
20120909,2012-09-09,4.25287005531176,"{""type"":""MultiPoint"",""coordinates"":[]}"
20120910,2012-09-10,4.118206627990904,"{""type"":""MultiPoint"",""coordinates"":[]}"
20120911,2012-09-11,0.11440039824022893,"{""type"":""MultiPoint"",""coordinates"":[]}"
20120912,2012-09-12,0.46210816238585894,"{""type"":""MultiPoint"",""coordinates"":[]}"
20120913,2012-09-13,0.014930859030783094,"{""type"":""MultiPoint"",""coordinates"":[]}"
20120914,2012-09-14,0.0,"{""type"":""MultiPoint"",""coordinates"":[]}"
20120915,2012-09-15,0.0,"{""type"":""MultiPoint"",""coordinates"":[]}"
20120916,2012-09-16,0.19386716455913888,"{""type"":""MultiPoint"",""coordinates"":[]}"
20120917,2012-09-17,0.0,"{""type"":""MultiPoint"",""coordinates"":[]}"
20120918,2012-09-18,0.01761237845730539,"{""type"":""MultiPoint"",""coordinates"":[]}"
20120919,2012-09-19,0.05130764776002923,"{""type"":""MultiPoint"",""coordinates"":[]}"
20120920,2012-09-20,3.6209712292371563,"{""type"":""MultiPoint"",""coordinates"":[]}"
20120921,2012-09-21,0.7264927534997455,"{""type"":""MultiPoint"",""coordinates"":[]}"
20120922,2012-09-22,0.0,"{""type"":""MultiPoint"",""coordinates"":[]}"
20120923,2012-09-23,0.3863672023781726,"{""type"":""MultiPoint"",""coordinates"":[]}"
20120924,2012-09-24,0.0,"{""type"":""MultiPoint"",""coordinates"":[]}"
20120925,2012-09-25,0.056024194340694375,"{""type"":""MultiPoint"",""coordinates"":[]}"
20120926,2012-09-26,8.701438655204578,"{""type"":""MultiPoint"",""coordinates"":[]}"
20120927,2012-09-27,2.8909743324420174,"{""type"":""MultiPoint"",""coordinates"":[]}"
20120928,2012-09-28,6.703393935326534,"{""type"":""MultiPoint"",""coordinates"":[]}"
20120929,2012-09-29,11.167875502537049,"{""type"":""MultiPoint"",""coordinates"":[]}"
20120930,2012-09-30,11.240152153373183,"{""type"":""MultiPoint"",""coordinates"":[]}"
20121001,2012-10-01,16.29597632360905,"{""type"":""MultiPoint"",""coordinates"":[]}"
20121002,2012-10-02,12.776333182275085,"{""type"":""MultiPoint"",""coordinates"":[]}"
20121003,2012-10-03,4.376450722692981,"{""type"":""MultiPoint"",""coordinates"":[]}"
20121004,2012-10-04,0.0,"{""type"":""MultiPoint"",""coordinates"":[]}"
20121005,2012-10-05,0.0,"{""type"":""MultiPoint"",""coordinates"":[]}"
20121006,2012-10-06,14.283274964717146,"{""type"":""MultiPoint"",""coordinates"":[]}"
20121007,2012-10-07,0.5058857785432722,"{""type"":""MultiPoint"",""coordinates"":[]}"
20121008,2012-10-08,0.0,"{""type"":""MultiPoint"",""coordinates"":[]}"
20121009,2012-10-09,0.0,"{""type"":""MultiPoint"",""coordinates"":[]}"
20121010,2012-10-10,0.0,"{""type"":""MultiPoint"",""coordinates"":[]}"
20121011,2012-10-11,0.0,"{""type"":""MultiPoint"",""coordinates"":[]}"
20121012,2012-10-12,0.0,"{""type"":""MultiPoint"",""coordinates"":[]}"
20121013,2012-10-13,0.0,"{""type"":""MultiPoint"",""coordinates"":[]}"
20121014,2012-10-14,0.04326081505943785,"{""type"":""MultiPoint"",""coordinates"":[]}"
20121015,2012-10-15,0.08199827709845636,"{""type"":""MultiPoint"",""coordinates"":[]}"
20121016,2012-10-16,0.0,"{""type"":""MultiPoint"",""coordinates"":[]}"
20121017,2012-10-17,0.0,"{""type"":""MultiPoint"",""coordinates"":[]}"
20121018,2012-10-18,0.0,"{""type"":""MultiPoint"",""coordinates"":[]}"
20121019,2012-10-19,4.137414385078395,"{""type"":""MultiPoint"",""coordinates"":[]}"
20121020,2012-10-20,4.271224255105537,"{""type"":""MultiPoint"",""coordinates"":[]}"
20121021,2012-10-21,2.558516368650627,"{""type"":""MultiPoint"",""coordinates"":[]}"
20121022,2012-10-22,1.2855269229015702,"{""type"":""MultiPoint"",""coordinates"":[]}"
20121023,2012-10-23,0.022814782728269863,"{""type"":""MultiPoint"",""coordinates"":[]}"
20121024,2012-10-24,0.18430901638571756,"{""type"":""MultiPoint"",""coordinates"":[]}"
20121025,2012-10-25,0.0,"{""type"":""MultiPoint"",""coordinates"":[]}"
20121026,2012-10-26,0.0,"{""type"":""MultiPoint"",""coordinates"":[]}"
20121027,2012-10-27,0.0,"{""type"":""MultiPoint"",""coordinates"":[]}"
20121028,2012-10-28,0.0,"{""type"":""MultiPoint"",""coordinates"":[]}"
20121029,2012-10-29,1.858161074833719,"{""type"":""MultiPoint"",""coordinates"":[]}"
20121030,2012-10-30,1.892581950433901,"{""type"":""MultiPoint"",""coordinates"":[]}"
20121031,2012-10-31,21.62400011262454,"{""type"":""MultiPoint"",""coordinates"":[]}"
20121101,2012-11-01,25.7715705430212,"{""type"":""MultiPoint"",""coordinates"":[]}"
20121102,2012-11-02,3.21280924867243,"{""type"":""MultiPoint"",""coordinates"":[]}"
20121103,2012-11-03,11.594404512740587,"{""type"":""MultiPoint"",""coordinates"":[]}"
20121104,2012-11-04,0.7386016354060156,"{""type"":""MultiPoint"",""coordinates"":[]}"
20121105,2012-11-05,0.9485643413841683,"{""type"":""MultiPoint"",""coordinates"":[]}"
20121106,2012-11-06,0.0,"{""type"":""MultiPoint"",""coordinates"":[]}"
20121107,2012-11-07,0.4907514254928753,"{""type"":""MultiPoint"",""coordinates"":[]}"
20121108,2012-11-08,0.0,"{""type"":""MultiPoint"",""coordinates"":[]}"
20121109,2012-11-09,0.0,"{""type"":""MultiPoint"",""coordinates"":[]}"
20121110,2012-11-10,0.0,"{""type"":""MultiPoint"",""coordinates"":[]}"
20121111,2012-11-11,0.0,"{""type"":""MultiPoint"",""coordinates"":[]}"
20121112,2012-11-12,0.0,"{""type"":""MultiPoint"",""coordinates"":[]}"
20121113,2012-11-13,0.0,"{""type"":""MultiPoint"",""coordinates"":[]}"
20121114,2012-11-14,0.0,"{""type"":""MultiPoint"",""coordinates"":[]}"
20121115,2012-11-15,0.0,"{""type"":""MultiPoint"",""coordinates"":[]}"
20121116,2012-11-16,0.0,"{""type"":""MultiPoint"",""coordinates"":[]}"
20121117,2012-11-17,0.0,"{""type"":""MultiPoint"",""coordinates"":[]}"
20121118,2012-11-18,0.0,"{""type"":""MultiPoint"",""coordinates"":[]}"
20121119,2012-11-19,0.0,"{""type"":""MultiPoint"",""coordinates"":[]}"
20121120,2012-11-20,0.0,"{""type"":""MultiPoint"",""coordinates"":[]}"
20121121,2012-11-21,0.006848444371941446,"{""type"":""MultiPoint"",""coordinates"":[]}"
20121122,2012-11-22,0.0,"{""type"":""MultiPoint"",""coordinates"":[]}"
20121123,2012-11-23,0.0,"{""type"":""MultiPoint"",""coordinates"":[]}"
20121124,2012-11-24,0.0,"{""type"":""MultiPoint"",""coordinates"":[]}"
20121125,2012-11-25,0.0,"{""type"":""MultiPoint"",""coordinates"":[]}"
20121126,2012-11-26,0.0,"{""type"":""MultiPoint"",""coordinates"":[]}"
20121127,2012-11-27,0.0,"{""type"":""MultiPoint"",""coordinates"":[]}"
20121128,2012-11-28,0.0,"{""type"":""MultiPoint"",""coordinates"":[]}"
20121129,2012-11-29,0.0,"{""type"":""MultiPoint"",""coordinates"":[]}"
20121130,2012-11-30,0.0,"{""type"":""MultiPoint"",""coordinates"":[]}"
20121201,2012-12-01,0.0,"{""type"":""MultiPoint"",""coordinates"":[]}"
20121202,2012-12-02,0.0,"{""type"":""MultiPoint"",""coordinates"":[]}"
20121203,2012-12-03,0.2723660176998702,"{""type"":""MultiPoint"",""coordinates"":[]}"
20121204,2012-12-04,0.75558307242711,"{""type"":""MultiPoint"",""coordinates"":[]}"
20121205,2012-12-05,0.16399518684163578,"{""type"":""MultiPoint"",""coordinates"":[]}"
20121206,2012-12-06,0.0031520460030274467,"{""type"":""MultiPoint"",""coordinates"":[]}"
20121207,2012-12-07,0.0,"{""type"":""MultiPoint"",""coordinates"":[]}"
20121208,2012-12-08,0.0,"{""type"":""MultiPoint"",""coordinates"":[]}"
20121209,2012-12-09,0.0,"{""type"":""MultiPoint"",""coordinates"":[]}"
20121210,2012-12-10,0.0,"{""type"":""MultiPoint"",""coordinates"":[]}"
20121211,2012-12-11,0.0,"{""type"":""MultiPoint"",""coordinates"":[]}"
20121212,2012-12-12,0.0,"{""type"":""MultiPoint"",""coordinates"":[]}"
20121213,2012-12-13,0.0,"{""type"":""MultiPoint"",""coordinates"":[]}"
20121214,2012-12-14,0.0,"{""type"":""MultiPoint"",""coordinates"":[]}"
20121215,2012-12-15,0.0,"{""type"":""MultiPoint"",""coordinates"":[]}"
20121216,2012-12-16,0.004227678693607435,"{""type"":""MultiPoint"",""coordinates"":[]}"
20121217,2012-12-17,0.00411505348265227,"{""type"":""MultiPoint"",""coordinates"":[]}"
20121218,2012-12-18,0.23996617709963924,"{""type"":""MultiPoint"",""coordinates"":[]}"
20121219,2012-12-19,0.0,"{""type"":""MultiPoint"",""coordinates"":[]}"
20121220,2012-12-20,0.0,"{""type"":""MultiPoint"",""coordinates"":[]}"
20121221,2012-12-21,0.045323047264811726,"{""type"":""MultiPoint"",""coordinates"":[]}"
20121222,2012-12-22,0.0,"{""type"":""MultiPoint"",""coordinates"":[]}"
20121223,2012-12-23,0.0,"{""type"":""MultiPoint"",""coordinates"":[]}"
20121224,2012-12-24,0.0,"{""type"":""MultiPoint"",""coordinates"":[]}"
20121225,2012-12-25,0.0,"{""type"":""MultiPoint"",""coordinates"":[]}"
20121226,2012-12-26,0.0,"{""type"":""MultiPoint"",""coordinates"":[]}"
20121227,2012-12-27,0.0,"{""type"":""MultiPoint"",""coordinates"":[]}"
20121228,2012-12-28,0.01908113946773747,"{""type"":""MultiPoint"",""coordinates"":[]}"
20121229,2012-12-29,0.30350466593805775,"{""type"":""MultiPoint"",""coordinates"":[]}"
20121230,2012-12-30,0.0025973644298298544,"{""type"":""MultiPoint"",""coordinates"":[]}"
20121231,2012-12-31,0.0,"{""type"":""MultiPoint"",""coordinates"":[]}"
20130101,2013-01-01,0.14896957723882148,"{""type"":""MultiPoint"",""coordinates"":[]}"
20130102,2013-01-02,0.0,"{""type"":""MultiPoint"",""coordinates"":[]}"
20130103,2013-01-03,0.0,"{""type"":""MultiPoint"",""coordinates"":[]}"
20130104,2013-01-04,0.0,"{""type"":""MultiPoint"",""coordinates"":[]}"
20130105,2013-01-05,0.0,"{""type"":""MultiPoint"",""coordinates"":[]}"
20130106,2013-01-06,0.0,"{""type"":""MultiPoint"",""coordinates"":[]}"
20130107,2013-01-07,0.06905147965603996,"{""type"":""MultiPoint"",""coordinates"":[]}"
20130108,2013-01-08,0.0,"{""type"":""MultiPoint"",""coordinates"":[]}"
20130109,2013-01-09,0.0,"{""type"":""MultiPoint"",""coordinates"":[]}"
20130110,2013-01-10,0.0,"{""type"":""MultiPoint"",""coordinates"":[]}"
20130111,2013-01-11,0.0,"{""type"":""MultiPoint"",""coordinates"":[]}"
20130112,2013-01-12,0.0,"{""type"":""MultiPoint"",""coordinates"":[]}"
20130113,2013-01-13,0.0,"{""type"":""MultiPoint"",""coordinates"":[]}"
20130114,2013-01-14,0.0,"{""type"":""MultiPoint"",""coordinates"":[]}"
20130115,2013-01-15,0.0,"{""type"":""MultiPoint"",""coordinates"":[]}"
20130116,2013-01-16,0.012096307087945797,"{""type"":""MultiPoint"",""coordinates"":[]}"
20130117,2013-01-17,0.0,"{""type"":""MultiPoint"",""coordinates"":[]}"
20130118,2013-01-18,0.01016636333984358,"{""type"":""MultiPoint"",""coordinates"":[]}"
20130119,2013-01-19,0.017021161785757445,"{""type"":""MultiPoint"",""coordinates"":[]}"
20130120,2013-01-20,0.0,"{""type"":""MultiPoint"",""coordinates"":[]}"
20130121,2013-01-21,0.0,"{""type"":""MultiPoint"",""coordinates"":[]}"
20130122,2013-01-22,0.0,"{""type"":""MultiPoint"",""coordinates"":[]}"
20130123,2013-01-23,0.0,"{""type"":""MultiPoint"",""coordinates"":[]}"
20130124,2013-01-24,0.0,"{""type"":""MultiPoint"",""coordinates"":[]}"
20130125,2013-01-25,0.0,"{""type"":""MultiPoint"",""coordinates"":[]}"
20130126,2013-01-26,0.0,"{""type"":""MultiPoint"",""coordinates"":[]}"
20130127,2013-01-27,0.0,"{""type"":""MultiPoint"",""coordinates"":[]}"
20130128,2013-01-28,0.0,"{""type"":""MultiPoint"",""coordinates"":[]}"
20130129,2013-01-29,0.0,"{""type"":""MultiPoint"",""coordinates"":[]}"
20130130,2013-01-30,0.0,"{""type"":""MultiPoint"",""coordinates"":[]}"
20130131,2013-01-31,0.0,"{""type"":""MultiPoint"",""coordinates"":[]}"
20130201,2013-02-01,0.0,"{""type"":""MultiPoint"",""coordinates"":[]}"
20130202,2013-02-02,0.0,"{""type"":""MultiPoint"",""coordinates"":[]}"
20130203,2013-02-03,0.0,"{""type"":""MultiPoint"",""coordinates"":[]}"
20130204,2013-02-04,0.0,"{""type"":""MultiPoint"",""coordinates"":[]}"
20130205,2013-02-05,0.0,"{""type"":""MultiPoint"",""coordinates"":[]}"
20130206,2013-02-06,0.0,"{""type"":""MultiPoint"",""coordinates"":[]}"
20130207,2013-02-07,0.0,"{""type"":""MultiPoint"",""coordinates"":[]}"
20130208,2013-02-08,0.0,"{""type"":""MultiPoint"",""coordinates"":[]}"
20130209,2013-02-09,0.0,"{""type"":""MultiPoint"",""coordinates"":[]}"
20130210,2013-02-10,0.0,"{""type"":""MultiPoint"",""coordinates"":[]}"
20130211,2013-02-11,0.0,"{""type"":""MultiPoint"",""coordinates"":[]}"
20130212,2013-02-12,0.0,"{""type"":""MultiPoint"",""coordinates"":[]}"
20130213,2013-02-13,0.0,"{""type"":""MultiPoint"",""coordinates"":[]}"
20130214,2013-02-14,0.0,"{""type"":""MultiPoint"",""coordinates"":[]}"
20130215,2013-02-15,0.006972400569171892,"{""type"":""MultiPoint"",""coordinates"":[]}"
20130216,2013-02-16,1.1408797865918259,"{""type"":""MultiPoint"",""coordinates"":[]}"
20130217,2013-02-17,0.0,"{""type"":""MultiPoint"",""coordinates"":[]}"
20130218,2013-02-18,0.0,"{""type"":""MultiPoint"",""coordinates"":[]}"
20130219,2013-02-19,0.0,"{""type"":""MultiPoint"",""coordinates"":[]}"
20130220,2013-02-20,0.0,"{""type"":""MultiPoint"",""coordinates"":[]}"
20130221,2013-02-21,0.0,"{""type"":""MultiPoint"",""coordinates"":[]}"
20130222,2013-02-22,0.0,"{""type"":""MultiPoint"",""coordinates"":[]}"
20130223,2013-02-23,0.0,"{""type"":""MultiPoint"",""coordinates"":[]}"
20130224,2013-02-24,0.0,"{""type"":""MultiPoint"",""coordinates"":[]}"
20130225,2013-02-25,0.0,"{""type"":""MultiPoint"",""coordinates"":[]}"
20130226,2013-02-26,0.0,"{""type"":""MultiPoint"",""coordinates"":[]}"
20130227,2013-02-27,0.0,"{""type"":""MultiPoint"",""coordinates"":[]}"
20130228,2013-02-28,0.0,"{""type"":""MultiPoint"",""coordinates"":[]}"
20130301,2013-03-01,0.001779663842198879,"{""type"":""MultiPoint"",""coordinates"":[]}"
20130302,2013-03-02,0.0034485713015065555,"{""type"":""MultiPoint"",""coordinates"":[]}"
20130303,2013-03-03,0.04007120728348303,"{""type"":""MultiPoint"",""coordinates"":[]}"
20130304,2013-03-04,0.39502141186288203,"{""type"":""MultiPoint"",""coordinates"":[]}"
20130305,2013-03-05,0.7622589107502635,"{""type"":""MultiPoint"",""coordinates"":[]}"
20130306,2013-03-06,0.001356137521699979,"{""type"":""MultiPoint"",""coordinates"":[]}"
20130307,2013-03-07,7.777419174137301E-4,"{""type"":""MultiPoint"",""coordinates"":[]}"
20130308,2013-03-08,0.0,"{""type"":""MultiPoint"",""coordinates"":[]}"
20130309,2013-03-09,0.0,"{""type"":""MultiPoint"",""coordinates"":[]}"
20130310,2013-03-10,0.0,"{""type"":""MultiPoint"",""coordinates"":[]}"
20130311,2013-03-11,0.0,"{""type"":""MultiPoint"",""coordinates"":[]}"
20130312,2013-03-12,0.15610464622364353,"{""type"":""MultiPoint"",""coordinates"":[]}"
20130313,2013-03-13,0.0,"{""type"":""MultiPoint"",""coordinates"":[]}"
20130314,2013-03-14,0.0,"{""type"":""MultiPoint"",""coordinates"":[]}"
20130315,2013-03-15,0.0,"{""type"":""MultiPoint"",""coordinates"":[]}"
20130316,2013-03-16,0.013693001093395787,"{""type"":""MultiPoint"",""coordinates"":[]}"
20130317,2013-03-17,0.0,"{""type"":""MultiPoint"",""coordinates"":[]}"
20130318,2013-03-18,0.0030092565251450417,"{""type"":""MultiPoint"",""coordinates"":[]}"
20130319,2013-03-19,0.028781210811954703,"{""type"":""MultiPoint"",""coordinates"":[]}"
20130320,2013-03-20,0.3340578035172746,"{""type"":""MultiPoint"",""coordinates"":[]}"
20130321,2013-03-21,0.006745462018210942,"{""type"":""MultiPoint"",""coordinates"":[]}"
20130322,2013-03-22,0.0,"{""type"":""MultiPoint"",""coordinates"":[]}"
20130323,2013-03-23,0.0,"{""type"":""MultiPoint"",""coordinates"":[]}"
20130324,2013-03-24,0.0,"{""type"":""MultiPoint"",""coordinates"":[]}"
20130325,2013-03-25,0.0,"{""type"":""MultiPoint"",""coordinates"":[]}"
20130326,2013-03-26,0.0,"{""type"":""MultiPoint"",""coordinates"":[]}"
20130327,2013-03-27,0.0,"{""type"":""MultiPoint"",""coordinates"":[]}"
20130328,2013-03-28,0.0,"{""type"":""MultiPoint"",""coordinates"":[]}"
20130329,2013-03-29,0.0,"{""type"":""MultiPoint"",""coordinates"":[]}"
20130330,2013-03-30,0.0,"{""type"":""MultiPoint"",""coordinates"":[]}"
20130331,2013-03-31,2.6790087597406496,"{""type"":""MultiPoint"",""coordinates"":[]}"
20130401,2013-04-01,0.0,"{""type"":""MultiPoint"",""coordinates"":[]}"
20130402,2013-04-02,0.05008497132541667,"{""type"":""MultiPoint"",""coordinates"":[]}"
20130403,2013-04-03,0.9010924926680218,"{""type"":""MultiPoint"",""coordinates"":[]}"
20130404,2013-04-04,0.0,"{""type"":""MultiPoint"",""coordinates"":[]}"
20130405,2013-04-05,1.8361304135032421,"{""type"":""MultiPoint"",""coordinates"":[]}"
20130406,2013-04-06,0.008702659846774671,"{""type"":""MultiPoint"",""coordinates"":[]}"
20130407,2013-04-07,0.0,"{""type"":""MultiPoint"",""coordinates"":[]}"
20130408,2013-04-08,0.0,"{""type"":""MultiPoint"",""coordinates"":[]}"
20130409,2013-04-09,0.0,"{""type"":""MultiPoint"",""coordinates"":[]}"
20130410,2013-04-10,0.0,"{""type"":""MultiPoint"",""coordinates"":[]}"
20130411,2013-04-11,0.0,"{""type"":""MultiPoint"",""coordinates"":[]}"
20130412,2013-04-12,0.0,"{""type"":""MultiPoint"",""coordinates"":[]}"
20130413,2013-04-13,0.0,"{""type"":""MultiPoint"",""coordinates"":[]}"
20130414,2013-04-14,0.0,"{""type"":""MultiPoint"",""coordinates"":[]}"
20130415,2013-04-15,0.055562332240031626,"{""type"":""MultiPoint"",""coordinates"":[]}"
20130416,2013-04-16,0.0,"{""type"":""MultiPoint"",""coordinates"":[]}"
20130417,2013-04-17,0.0,"{""type"":""MultiPoint"",""coordinates"":[]}"
20130418,2013-04-18,0.0,"{""type"":""MultiPoint"",""coordinates"":[]}"
20130419,2013-04-19,0.0,"{""type"":""MultiPoint"",""coordinates"":[]}"
20130420,2013-04-20,0.0,"{""type"":""MultiPoint"",""coordinates"":[]}"
20130421,2013-04-21,0.0,"{""type"":""MultiPoint"",""coordinates"":[]}"
20130422,2013-04-22,0.0,"{""type"":""MultiPoint"",""coordinates"":[]}"
20130423,2013-04-23,0.6167609430019783,"{""type"":""MultiPoint"",""coordinates"":[]}"
20130424,2013-04-24,1.2759764672062694,"{""type"":""MultiPoint"",""coordinates"":[]}"
20130425,2013-04-25,6.266842890727646,"{""type"":""MultiPoint"",""coordinates"":[]}"
20130426,2013-04-26,0.23886335081433585,"{""type"":""MultiPoint"",""coordinates"":[]}"
20130427,2013-04-27,0.06580067287537485,"{""type"":""MultiPoint"",""coordinates"":[]}"
20130428,2013-04-28,5.345117212171782,"{""type"":""MultiPoint"",""coordinates"":[]}"
20130429,2013-04-29,7.8141432528182335,"{""type"":""MultiPoint"",""coordinates"":[]}"
20130430,2013-04-30,0.0,"{""type"":""MultiPoint"",""coordinates"":[]}"
20130501,2013-05-01,0.0,"{""type"":""MultiPoint"",""coordinates"":[]}"
20130502,2013-05-02,0.19259337814155478,"{""type"":""MultiPoint"",""coordinates"":[]}"
20130503,2013-05-03,0.39030267069144886,"{""type"":""MultiPoint"",""coordinates"":[]}"
20130504,2013-05-04,0.0,"{""type"":""MultiPoint"",""coordinates"":[]}"
20130505,2013-05-05,1.4546672885998768,"{""type"":""MultiPoint"",""coordinates"":[]}"
20130506,2013-05-06,0.04613837256329555,"{""type"":""MultiPoint"",""coordinates"":[]}"
20130507,2013-05-07,1.390376422168354,"{""type"":""MultiPoint"",""coordinates"":[]}"
20130508,2013-05-08,10.123007677646807,"{""type"":""MultiPoint"",""coordinates"":[]}"
20130509,2013-05-09,0.0075885944978424606,"{""type"":""MultiPoint"",""coordinates"":[]}"
20130510,2013-05-10,0.09380151436813866,"{""type"":""MultiPoint"",""coordinates"":[]}"
20130511,2013-05-11,0.0,"{""type"":""MultiPoint"",""coordinates"":[]}"
20130512,2013-05-12,1.078467342085759,"{""type"":""MultiPoint"",""coordinates"":[]}"
20130513,2013-05-13,2.0906847436336173,"{""type"":""MultiPoint"",""coordinates"":[]}"
20130514,2013-05-14,0.496681521909621,"{""type"":""MultiPoint"",""coordinates"":[]}"
20130515,2013-05-15,1.695393421886512,"{""type"":""MultiPoint"",""coordinates"":[]}"
20130516,2013-05-16,0.0,"{""type"":""MultiPoint"",""coordinates"":[]}"
20130517,2013-05-17,0.0,"{""type"":""MultiPoint"",""coordinates"":[]}"
20130518,2013-05-18,0.0,"{""type"":""MultiPoint"",""coordinates"":[]}"
20130519,2013-05-19,0.0,"{""type"":""MultiPoint"",""coordinates"":[]}"
20130520,2013-05-20,6.328772557332266,"{""type"":""MultiPoint"",""coordinates"":[]}"
20130521,2013-05-21,0.0,"{""type"":""MultiPoint"",""coordinates"":[]}"
20130522,2013-05-22,0.0,"{""type"":""MultiPoint"",""coordinates"":[]}"
20130523,2013-05-23,0.0,"{""type"":""MultiPoint"",""coordinates"":[]}"
20130524,2013-05-24,0.0,"{""type"":""MultiPoint"",""coordinates"":[]}"
20130525,2013-05-25,0.0,"{""type"":""MultiPoint"",""coordinates"":[]}"
20130526,2013-05-26,0.0,"{""type"":""MultiPoint"",""coordinates"":[]}"
20130527,2013-05-27,0.0,"{""type"":""MultiPoint"",""coordinates"":[]}"
20130528,2013-05-28,6.319284657145553,"{""type"":""MultiPoint"",""coordinates"":[]}"
20130529,2013-05-29,5.0746407707374805,"{""type"":""MultiPoint"",""coordinates"":[]}"
20130530,2013-05-30,13.007044016258194,"{""type"":""MultiPoint"",""coordinates"":[]}"
20130531,2013-05-31,11.516788498246317,"{""type"":""MultiPoint"",""coordinates"":[]}"
20130601,2013-06-01,11.99800054642061,"{""type"":""MultiPoint"",""coordinates"":[]}"
20130602,2013-06-02,11.819513163436588,"{""type"":""MultiPoint"",""coordinates"":[]}"
20130603,2013-06-03,6.665623779202066,"{""type"":""MultiPoint"",""coordinates"":[]}"
20130604,2013-06-04,1.7685861875661621,"{""type"":""MultiPoint"",""coordinates"":[]}"
20130605,2013-06-05,7.08877627591578,"{""type"":""MultiPoint"",""coordinates"":[]}"
20130606,2013-06-06,9.818913992151632,"{""type"":""MultiPoint"",""coordinates"":[]}"
20130607,2013-06-07,8.303696665372769,"{""type"":""MultiPoint"",""coordinates"":[]}"
20130608,2013-06-08,9.002146669773227,"{""type"":""MultiPoint"",""coordinates"":[]}"
20130609,2013-06-09,0.8639156569195645,"{""type"":""MultiPoint"",""coordinates"":[]}"
20130610,2013-06-10,4.867275414417111,"{""type"":""MultiPoint"",""coordinates"":[]}"
20130611,2013-06-11,6.339596186572742,"{""type"":""MultiPoint"",""coordinates"":[]}"
20130612,2013-06-12,3.0218542401231567,"{""type"":""MultiPoint"",""coordinates"":[]}"
20130613,2013-06-13,7.373442846315027,"{""type"":""MultiPoint"",""coordinates"":[]}"
20130614,2013-06-14,9.063219728001975,"{""type"":""MultiPoint"",""coordinates"":[]}"
20130615,2013-06-15,1.1909578336616422,"{""type"":""MultiPoint"",""coordinates"":[]}"
20130616,2013-06-16,0.0,"{""type"":""MultiPoint"",""coordinates"":[]}"
20130617,2013-06-17,0.0,"{""type"":""MultiPoint"",""coordinates"":[]}"
20130618,2013-06-18,0.1620494857180527,"{""type"":""MultiPoint"",""coordinates"":[]}"
20130619,2013-06-19,0.014439516632630421,"{""type"":""MultiPoint"",""coordinates"":[]}"
20130620,2013-06-20,3.7618902305397506,"{""type"":""MultiPoint"",""coordinates"":[]}"
20130621,2013-06-21,3.4897737521008616,"{""type"":""MultiPoint"",""coordinates"":[]}"
20130622,2013-06-22,3.400684392927942,"{""type"":""MultiPoint"",""coordinates"":[]}"
20130623,2013-06-23,8.817683302541635,"{""type"":""MultiPoint"",""coordinates"":[]}"
20130624,2013-06-24,11.264134628118846,"{""type"":""MultiPoint"",""coordinates"":[]}"
20130625,2013-06-25,3.1566611398927726,"{""type"":""MultiPoint"",""coordinates"":[]}"
20130626,2013-06-26,0.6807603755628494,"{""type"":""MultiPoint"",""coordinates"":[]}"
20130627,2013-06-27,0.17163115214896787,"{""type"":""MultiPoint"",""coordinates"":[]}"
20130628,2013-06-28,0.0,"{""type"":""MultiPoint"",""coordinates"":[]}"
20130629,2013-06-29,2.7931326443939057,"{""type"":""MultiPoint"",""coordinates"":[]}"
20130630,2013-06-30,3.626927078755129,"{""type"":""MultiPoint"",""coordinates"":[]}"
20130701,2013-07-01,0.0,"{""type"":""MultiPoint"",""coordinates"":[]}"
20130702,2013-07-02,0.7300872018207355,"{""type"":""MultiPoint"",""coordinates"":[]}"
20130703,2013-07-03,6.507620897564339,"{""type"":""MultiPoint"",""coordinates"":[]}"
20130704,2013-07-04,5.156568375745495,"{""type"":""MultiPoint"",""coordinates"":[]}"
20130705,2013-07-05,4.351894111803782,"{""type"":""MultiPoint"",""coordinates"":[]}"
20130706,2013-07-06,3.913515507441402,"{""type"":""MultiPoint"",""coordinates"":[]}"
20130707,2013-07-07,7.475076603402601,"{""type"":""MultiPoint"",""coordinates"":[]}"
20130708,2013-07-08,0.4016566277947806,"{""type"":""MultiPoint"",""coordinates"":[]}"
20130709,2013-07-09,3.8022932336410222,"{""type"":""MultiPoint"",""coordinates"":[]}"
20130710,2013-07-10,2.1342122104069894,"{""type"":""MultiPoint"",""coordinates"":[]}"
20130711,2013-07-11,13.168394219332033,"{""type"":""MultiPoint"",""coordinates"":[]}"
20130712,2013-07-12,8.601475114560113,"{""type"":""MultiPoint"",""coordinates"":[]}"
20130713,2013-07-13,3.1034331949304357,"{""type"":""MultiPoint"",""coordinates"":[]}"
20130714,2013-07-14,0.433136785310414,"{""type"":""MultiPoint"",""coordinates"":[]}"
20130715,2013-07-15,6.606288359312501,"{""type"":""MultiPoint"",""coordinates"":[]}"
20130716,2013-07-16,9.475268025919599,"{""type"":""MultiPoint"",""coordinates"":[]}"
20130717,2013-07-17,2.2647869494123274,"{""type"":""MultiPoint"",""coordinates"":[]}"
20130718,2013-07-18,1.2576617382407316,"{""type"":""MultiPoint"",""coordinates"":[]}"
20130719,2013-07-19,7.853767256656532,"{""type"":""MultiPoint"",""coordinates"":[]}"
20130720,2013-07-20,1.919259253524697,"{""type"":""MultiPoint"",""coordinates"":[]}"
20130721,2013-07-21,3.4891524318635705,"{""type"":""MultiPoint"",""coordinates"":[]}"
20130722,2013-07-22,14.34330727012253,"{""type"":""MultiPoint"",""coordinates"":[]}"
20130723,2013-07-23,2.5528013812992003,"{""type"":""MultiPoint"",""coordinates"":[]}"
20130724,2013-07-24,0.03585110966173941,"{""type"":""MultiPoint"",""coordinates"":[]}"
20130725,2013-07-25,0.013401962527209814,"{""type"":""MultiPoint"",""coordinates"":[]}"
20130726,2013-07-26,0.8811579491580307,"{""type"":""MultiPoint"",""coordinates"":[]}"
20130727,2013-07-27,0.08894795432090231,"{""type"":""MultiPoint"",""coordinates"":[]}"
20130728,2013-07-28,1.0346604661956402,"{""type"":""MultiPoint"",""coordinates"":[]}"
20130729,2013-07-29,0.0492132161612648,"{""type"":""MultiPoint"",""coordinates"":[]}"
20130730,2013-07-30,1.1855262805340196,"{""type"":""MultiPoint"",""coordinates"":[]}"
20130731,2013-07-31,12.21304721845049,"{""type"":""MultiPoint"",""coordinates"":[]}"
20130801,2013-08-01,11.33411056388029,"{""type"":""MultiPoint"",""coordinates"":[]}"
20130802,2013-08-02,0.10982350275687634,"{""type"":""MultiPoint"",""coordinates"":[]}"
20130803,2013-08-03,0.8783128222732525,"{""type"":""MultiPoint"",""coordinates"":[]}"
20130804,2013-08-04,3.5242699974915435,"{""type"":""MultiPoint"",""coordinates"":[]}"
20130805,2013-08-05,3.7187181989442246,"{""type"":""MultiPoint"",""coordinates"":[]}"
20130806,2013-08-06,0.5789049930029245,"{""type"":""MultiPoint"",""coordinates"":[]}"
20130807,2013-08-07,0.0,"{""type"":""MultiPoint"",""coordinates"":[]}"
20130808,2013-08-08,0.370224163099091,"{""type"":""MultiPoint"",""coordinates"":[]}"
20130809,2013-08-09,0.028048970977266757,"{""type"":""MultiPoint"",""coordinates"":[]}"
20130810,2013-08-10,4.232907156579862,"{""type"":""MultiPoint"",""coordinates"":[]}"
20130811,2013-08-11,0.380608407831288,"{""type"":""MultiPoint"",""coordinates"":[]}"
20130812,2013-08-12,21.82489237200946,"{""type"":""MultiPoint"",""coordinates"":[]}"
20130813,2013-08-13,1.4270328553365368,"{""type"":""MultiPoint"",""coordinates"":[]}"
20130814,2013-08-14,4.804383143301002,"{""type"":""MultiPoint"",""coordinates"":[]}"
20130815,2013-08-15,18.308411043037527,"{""type"":""MultiPoint"",""coordinates"":[]}"
20130816,2013-08-16,19.638121590906856,"{""type"":""MultiPoint"",""coordinates"":[]}"
20130817,2013-08-17,8.960097693407945,"{""type"":""MultiPoint"",""coordinates"":[]}"
20130818,2013-08-18,0.0,"{""type"":""MultiPoint"",""coordinates"":[]}"
20130819,2013-08-19,2.593565944472507,"{""type"":""MultiPoint"",""coordinates"":[]}"
20130820,2013-08-20,0.0,"{""type"":""MultiPoint"",""coordinates"":[]}"
20130821,2013-08-21,0.7561120431634566,"{""type"":""MultiPoint"",""coordinates"":[]}"
20130822,2013-08-22,0.0,"{""type"":""MultiPoint"",""coordinates"":[]}"
20130823,2013-08-23,0.0,"{""type"":""MultiPoint"",""coordinates"":[]}"
20130824,2013-08-24,0.0,"{""type"":""MultiPoint"",""coordinates"":[]}"
20130825,2013-08-25,0.0,"{""type"":""MultiPoint"",""coordinates"":[]}"
20130826,2013-08-26,0.41411528519167756,"{""type"":""MultiPoint"",""coordinates"":[]}"
20130827,2013-08-27,3.5836274744205174,"{""type"":""MultiPoint"",""coordinates"":[]}"
20130828,2013-08-28,5.3197509072120495,"{""type"":""MultiPoint"",""coordinates"":[]}"
20130829,2013-08-29,2.745883763655055,"{""type"":""MultiPoint"",""coordinates"":[]}"
20130830,2013-08-30,1.6507928118315922,"{""type"":""MultiPoint"",""coordinates"":[]}"
20130831,2013-08-31,3.2507679843164974,"{""type"":""MultiPoint"",""coordinates"":[]}"
20130901,2013-09-01,6.622391495212075,"{""type"":""MultiPoint"",""coordinates"":[]}"
20130902,2013-09-02,16.219789535347292,"{""type"":""MultiPoint"",""coordinates"":[]}"
20130903,2013-09-03,23.887367305819087,"{""type"":""MultiPoint"",""coordinates"":[]}"
20130904,2013-09-04,10.377446094774495,"{""type"":""MultiPoint"",""coordinates"":[]}"
20130905,2013-09-05,0.024105553608620107,"{""type"":""MultiPoint"",""coordinates"":[]}"
20130906,2013-09-06,5.496751212838887,"{""type"":""MultiPoint"",""coordinates"":[]}"
20130907,2013-09-07,29.802646407340056,"{""type"":""MultiPoint"",""coordinates"":[]}"
20130908,2013-09-08,13.659371784082852,"{""type"":""MultiPoint"",""coordinates"":[]}"
20130909,2013-09-09,5.613684176811572,"{""type"":""MultiPoint"",""coordinates"":[]}"
20130910,2013-09-10,10.657119207432052,"{""type"":""MultiPoint"",""coordinates"":[]}"
20130911,2013-09-11,8.70687964626662,"{""type"":""MultiPoint"",""coordinates"":[]}"
20130912,2013-09-12,4.6667921214323576,"{""type"":""MultiPoint"",""coordinates"":[]}"
20130913,2013-09-13,1.1187970332149875,"{""type"":""MultiPoint"",""coordinates"":[]}"
20130914,2013-09-14,10.759549814508848,"{""type"":""MultiPoint"",""coordinates"":[]}"
20130915,2013-09-15,18.06988038350853,"{""type"":""MultiPoint"",""coordinates"":[]}"
20130916,2013-09-16,9.016864149213001,"{""type"":""MultiPoint"",""coordinates"":[]}"
20130917,2013-09-17,13.293962064143606,"{""type"":""MultiPoint"",""coordinates"":[]}"
20130918,2013-09-18,4.892549078992867,"{""type"":""MultiPoint"",""coordinates"":[]}"
20130919,2013-09-19,1.2915163896234503,"{""type"":""MultiPoint"",""coordinates"":[]}"
20130920,2013-09-20,6.387122819312331,"{""type"":""MultiPoint"",""coordinates"":[]}"
20130921,2013-09-21,0.0,"{""type"":""MultiPoint"",""coordinates"":[]}"
20130922,2013-09-22,0.0,"{""type"":""MultiPoint"",""coordinates"":[]}"
20130923,2013-09-23,0.0,"{""type"":""MultiPoint"",""coordinates"":[]}"
20130924,2013-09-24,0.006492617296747362,"{""type"":""MultiPoint"",""coordinates"":[]}"
20130925,2013-09-25,0.0,"{""type"":""MultiPoint"",""coordinates"":[]}"
20130926,2013-09-26,0.0,"{""type"":""MultiPoint"",""coordinates"":[]}"
20130927,2013-09-27,0.0,"{""type"":""MultiPoint"",""coordinates"":[]}"
20130928,2013-09-28,9.287464951946406,"{""type"":""MultiPoint"",""coordinates"":[]}"
20130929,2013-09-29,0.43257348325351247,"{""type"":""MultiPoint"",""coordinates"":[]}"
20130930,2013-09-30,0.07764897158090181,"{""type"":""MultiPoint"",""coordinates"":[]}"
20131001,2013-10-01,1.3485849853479754,"{""type"":""MultiPoint"",""coordinates"":[]}"
20131002,2013-10-02,9.497220105480125,"{""type"":""MultiPoint"",""coordinates"":[]}"
20131003,2013-10-03,8.79174763528056,"{""type"":""MultiPoint"",""coordinates"":[]}"
20131004,2013-10-04,0.0,"{""type"":""MultiPoint"",""coordinates"":[]}"
20131005,2013-10-05,0.0,"{""type"":""MultiPoint"",""coordinates"":[]}"
20131006,2013-10-06,0.023869252988594478,"{""type"":""MultiPoint"",""coordinates"":[]}"
20131007,2013-10-07,5.336322143594558,"{""type"":""MultiPoint"",""coordinates"":[]}"
20131008,2013-10-08,10.288793479145772,"{""type"":""MultiPoint"",""coordinates"":[]}"
20131009,2013-10-09,9.601420790229334,"{""type"":""MultiPoint"",""coordinates"":[]}"
20131010,2013-10-10,0.2836576444325443,"{""type"":""MultiPoint"",""coordinates"":[]}"
20131011,2013-10-11,0.4082297507647715,"{""type"":""MultiPoint"",""coordinates"":[]}"
20131012,2013-10-12,1.8164679452329264,"{""type"":""MultiPoint"",""coordinates"":[]}"
20131013,2013-10-13,0.013624427210660135,"{""type"":""MultiPoint"",""coordinates"":[]}"
20131014,2013-10-14,0.0,"{""type"":""MultiPoint"",""coordinates"":[]}"
20131015,2013-10-15,0.32275132227862435,"{""type"":""MultiPoint"",""coordinates"":[]}"
20131016,2013-10-16,0.01138595369126368,"{""type"":""MultiPoint"",""coordinates"":[]}"
20131017,2013-10-17,0.0,"{""type"":""MultiPoint"",""coordinates"":[]}"
20131018,2013-10-18,0.1446150363064276,"{""type"":""MultiPoint"",""coordinates"":[]}"
20131019,2013-10-19,0.5526604675155337,"{""type"":""MultiPoint"",""coordinates"":[]}"
20131020,2013-10-20,1.7275809801330861,"{""type"":""MultiPoint"",""coordinates"":[]}"
20131021,2013-10-21,6.777016977977517,"{""type"":""MultiPoint"",""coordinates"":[]}"
20131022,2013-10-22,12.487158391913349,"{""type"":""MultiPoint"",""coordinates"":[]}"
20131023,2013-10-23,21.339768242477327,"{""type"":""MultiPoint"",""coordinates"":[]}"
20131024,2013-10-24,19.571204577154454,"{""type"":""MultiPoint"",""coordinates"":[]}"
20131025,2013-10-25,3.0642718253846386,"{""type"":""MultiPoint"",""coordinates"":[]}"
20131026,2013-10-26,5.0843597352998575,"{""type"":""MultiPoint"",""coordinates"":[]}"
20131027,2013-10-27,5.873689609802042,"{""type"":""MultiPoint"",""coordinates"":[]}"
20131028,2013-10-28,0.0,"{""type"":""MultiPoint"",""coordinates"":[]}"
20131029,2013-10-29,0.0,"{""type"":""MultiPoint"",""coordinates"":[]}"
20131030,2013-10-30,0.0,"{""type"":""MultiPoint"",""coordinates"":[]}"
20131031,2013-10-31,0.0,"{""type"":""MultiPoint"",""coordinates"":[]}"
20131101,2013-11-01,0.13798346963644645,"{""type"":""MultiPoint"",""coordinates"":[]}"
20131102,2013-11-02,0.8172632234417837,"{""type"":""MultiPoint"",""coordinates"":[]}"
20131103,2013-11-03,0.5096415392706328,"{""type"":""MultiPoint"",""coordinates"":[]}"
20131104,2013-11-04,0.0,"{""type"":""MultiPoint"",""coordinates"":[]}"
20131105,2013-11-05,0.0,"{""type"":""MultiPoint"",""coordinates"":[]}"
20131106,2013-11-06,0.4859853563804704,"{""type"":""MultiPoint"",""coordinates"":[]}"
20131107,2013-11-07,0.0,"{""type"":""MultiPoint"",""coordinates"":[]}"
20131108,2013-11-08,0.0,"{""type"":""MultiPoint"",""coordinates"":[]}"
20131109,2013-11-09,0.0,"{""type"":""MultiPoint"",""coordinates"":[]}"
20131110,2013-11-10,0.0,"{""type"":""MultiPoint"",""coordinates"":[]}"
20131111,2013-11-11,0.0843502249922983,"{""type"":""MultiPoint"",""coordinates"":[]}"
20131112,2013-11-12,0.0253277379927178,"{""type"":""MultiPoint"",""coordinates"":[]}"
20131113,2013-11-13,0.0,"{""type"":""MultiPoint"",""coordinates"":[]}"
20131114,2013-11-14,0.0,"{""type"":""MultiPoint"",""coordinates"":[]}"
20131115,2013-11-15,0.007206117997773691,"{""type"":""MultiPoint"",""coordinates"":[]}"
20131116,2013-11-16,0.9838226158171773,"{""type"":""MultiPoint"",""coordinates"":[]}"
20131117,2013-11-17,1.1351327346404299,"{""type"":""MultiPoint"",""coordinates"":[]}"
20131118,2013-11-18,0.0,"{""type"":""MultiPoint"",""coordinates"":[]}"
20131119,2013-11-19,0.0,"{""type"":""MultiPoint"",""coordinates"":[]}"
20131120,2013-11-20,0.0,"{""type"":""MultiPoint"",""coordinates"":[]}"
20131121,2013-11-21,0.0,"{""type"":""MultiPoint"",""coordinates"":[]}"
20131122,2013-11-22,1.3558975275149214,"{""type"":""MultiPoint"",""coordinates"":[]}"
20131123,2013-11-23,0.023212082713659127,"{""type"":""MultiPoint"",""coordinates"":[]}"
20131124,2013-11-24,1.130140091548769,"{""type"":""MultiPoint"",""coordinates"":[]}"
20131125,2013-11-25,0.0,"{""type"":""MultiPoint"",""coordinates"":[]}"
20131126,2013-11-26,0.04023178494624837,"{""type"":""MultiPoint"",""coordinates"":[]}"
20131127,2013-11-27,0.0,"{""type"":""MultiPoint"",""coordinates"":[]}"
20131128,2013-11-28,0.677326258333635,"{""type"":""MultiPoint"",""coordinates"":[]}"
20131129,2013-11-29,0.0,"{""type"":""MultiPoint"",""coordinates"":[]}"
20131130,2013-11-30,0.0,"{""type"":""MultiPoint"",""coordinates"":[]}"
20131201,2013-12-01,0.0,"{""type"":""MultiPoint"",""coordinates"":[]}"
20131202,2013-12-02,0.0,"{""type"":""MultiPoint"",""coordinates"":[]}"
20131203,2013-12-03,0.0,"{""type"":""MultiPoint"",""coordinates"":[]}"
20131204,2013-12-04,0.0,"{""type"":""MultiPoint"",""coordinates"":[]}"
20131205,2013-12-05,0.0,"{""type"":""MultiPoint"",""coordinates"":[]}"
20131206,2013-12-06,0.0,"{""type"":""MultiPoint"",""coordinates"":[]}"
20131207,2013-12-07,0.0035484021973950807,"{""type"":""MultiPoint"",""coordinates"":[]}"
20131208,2013-12-08,0.0,"{""type"":""MultiPoint"",""coordinates"":[]}"
20131209,2013-12-09,0.0,"{""type"":""MultiPoint"",""coordinates"":[]}"
20131210,2013-12-10,0.0,"{""type"":""MultiPoint"",""coordinates"":[]}"
20131211,2013-12-11,0.0,"{""type"":""MultiPoint"",""coordinates"":[]}"
20131212,2013-12-12,0.0,"{""type"":""MultiPoint"",""coordinates"":[]}"
20131213,2013-12-13,0.0,"{""type"":""MultiPoint"",""coordinates"":[]}"
20131214,2013-12-14,0.0,"{""type"":""MultiPoint"",""coordinates"":[]}"
20131215,2013-12-15,0.0,"{""type"":""MultiPoint"",""coordinates"":[]}"
20131216,2013-12-16,0.0,"{""type"":""MultiPoint"",""coordinates"":[]}"
20131217,2013-12-17,0.0,"{""type"":""MultiPoint"",""coordinates"":[]}"
20131218,2013-12-18,0.0,"{""type"":""MultiPoint"",""coordinates"":[]}"
20131219,2013-12-19,0.004244188765250808,"{""type"":""MultiPoint"",""coordinates"":[]}"
20131220,2013-12-20,0.03924880610103876,"{""type"":""MultiPoint"",""coordinates"":[]}"
20131221,2013-12-21,0.0,"{""type"":""MultiPoint"",""coordinates"":[]}"
20131222,2013-12-22,0.0,"{""type"":""MultiPoint"",""coordinates"":[]}"
20131223,2013-12-23,0.21466031008567643,"{""type"":""MultiPoint"",""coordinates"":[]}"
20131224,2013-12-24,0.0,"{""type"":""MultiPoint"",""coordinates"":[]}"
20131225,2013-12-25,0.0,"{""type"":""MultiPoint"",""coordinates"":[]}"
20131226,2013-12-26,0.0,"{""type"":""MultiPoint"",""coordinates"":[]}"
20131227,2013-12-27,0.0,"{""type"":""MultiPoint"",""coordinates"":[]}"
20131228,2013-12-28,0.0,"{""type"":""MultiPoint"",""coordinates"":[]}"
20131229,2013-12-29,0.0,"{""type"":""MultiPoint"",""coordinates"":[]}"
20131230,2013-12-30,0.0,"{""type"":""MultiPoint"",""coordinates"":[]}"
20131231,2013-12-31,0.17290406668413158,"{""type"":""MultiPoint"",""coordinates"":[]}"
20140101,2014-01-01,0.06056074728436519,"{""type"":""MultiPoint"",""coordinates"":[]}"
20140102,2014-01-02,0.021237472528520946,"{""type"":""MultiPoint"",""coordinates"":[]}"
20140103,2014-01-03,0.01169470325754008,"{""type"":""MultiPoint"",""coordinates"":[]}"
20140104,2014-01-04,0.0029963608873741564,"{""type"":""MultiPoint"",""coordinates"":[]}"
20140105,2014-01-05,0.01489006080867533,"{""type"":""MultiPoint"",""coordinates"":[]}"
20140106,2014-01-06,0.0,"{""type"":""MultiPoint"",""coordinates"":[]}"
20140107,2014-01-07,0.07463816736099384,"{""type"":""MultiPoint"",""coordinates"":[]}"
20140108,2014-01-08,0.009864613415079425,"{""type"":""MultiPoint"",""coordinates"":[]}"
20140109,2014-01-09,0.0,"{""type"":""MultiPoint"",""coordinates"":[]}"
20140110,2014-01-10,0.00453994430738762,"{""type"":""MultiPoint"",""coordinates"":[]}"
20140111,2014-01-11,0.0,"{""type"":""MultiPoint"",""coordinates"":[]}"
20140112,2014-01-12,0.02492602579974142,"{""type"":""MultiPoint"",""coordinates"":[]}"
20140113,2014-01-13,4.323437752462712E-4,"{""type"":""MultiPoint"",""coordinates"":[]}"
20140114,2014-01-14,0.0,"{""type"":""MultiPoint"",""coordinates"":[]}"
20140115,2014-01-15,0.0,"{""type"":""MultiPoint"",""coordinates"":[]}"
20140116,2014-01-16,0.0,"{""type"":""MultiPoint"",""coordinates"":[]}"
20140117,2014-01-17,0.0,"{""type"":""MultiPoint"",""coordinates"":[]}"
20140118,2014-01-18,0.002432208115276192,"{""type"":""MultiPoint"",""coordinates"":[]}"
20140119,2014-01-19,0.008281192308353242,"{""type"":""MultiPoint"",""coordinates"":[]}"
20140120,2014-01-20,0.0,"{""type"":""MultiPoint"",""coordinates"":[]}"
20140121,2014-01-21,0.0,"{""type"":""MultiPoint"",""coordinates"":[]}"
20140122,2014-01-22,0.020338073058108034,"{""type"":""MultiPoint"",""coordinates"":[]}"
20140123,2014-01-23,0.0,"{""type"":""MultiPoint"",""coordinates"":[]}"
20140124,2014-01-24,0.0,"{""type"":""MultiPoint"",""coordinates"":[]}"
20140125,2014-01-25,0.0,"{""type"":""MultiPoint"",""coordinates"":[]}"
20140126,2014-01-26,0.0,"{""type"":""MultiPoint"",""coordinates"":[]}"
20140127,2014-01-27,0.04131104220324452,"{""type"":""MultiPoint"",""coordinates"":[]}"
20140128,2014-01-28,0.0,"{""type"":""MultiPoint"",""coordinates"":[]}"
20140129,2014-01-29,0.009336472093199797,"{""type"":""MultiPoint"",""coordinates"":[]}"
20140130,2014-01-30,0.0,"{""type"":""MultiPoint"",""coordinates"":[]}"
20140131,2014-01-31,0.0,"{""type"":""MultiPoint"",""coordinates"":[]}"
20140201,2014-02-01,0.0,"{""type"":""MultiPoint"",""coordinates"":[]}"
20140202,2014-02-02,0.0,"{""type"":""MultiPoint"",""coordinates"":[]}"
20140203,2014-02-03,0.0,"{""type"":""MultiPoint"",""coordinates"":[]}"
20140204,2014-02-04,0.0,"{""type"":""MultiPoint"",""coordinates"":[]}"
20140205,2014-02-05,0.0,"{""type"":""MultiPoint"",""coordinates"":[]}"
20140206,2014-02-06,0.0,"{""type"":""MultiPoint"",""coordinates"":[]}"
20140207,2014-02-07,0.0,"{""type"":""MultiPoint"",""coordinates"":[]}"
20140208,2014-02-08,0.0,"{""type"":""MultiPoint"",""coordinates"":[]}"
20140209,2014-02-09,0.0,"{""type"":""MultiPoint"",""coordinates"":[]}"
20140210,2014-02-10,0.0,"{""type"":""MultiPoint"",""coordinates"":[]}"
20140211,2014-02-11,0.0,"{""type"":""MultiPoint"",""coordinates"":[]}"
20140212,2014-02-12,0.0,"{""type"":""MultiPoint"",""coordinates"":[]}"
20140213,2014-02-13,0.0,"{""type"":""MultiPoint"",""coordinates"":[]}"
20140214,2014-02-14,0.0,"{""type"":""MultiPoint"",""coordinates"":[]}"
20140215,2014-02-15,0.0,"{""type"":""MultiPoint"",""coordinates"":[]}"
20140216,2014-02-16,0.0,"{""type"":""MultiPoint"",""coordinates"":[]}"
20140217,2014-02-17,0.0,"{""type"":""MultiPoint"",""coordinates"":[]}"
20140218,2014-02-18,0.0,"{""type"":""MultiPoint"",""coordinates"":[]}"
20140219,2014-02-19,0.0,"{""type"":""MultiPoint"",""coordinates"":[]}"
20140220,2014-02-20,0.0,"{""type"":""MultiPoint"",""coordinates"":[]}"
20140221,2014-02-21,0.0,"{""type"":""MultiPoint"",""coordinates"":[]}"
20140222,2014-02-22,0.0,"{""type"":""MultiPoint"",""coordinates"":[]}"
20140223,2014-02-23,0.0,"{""type"":""MultiPoint"",""coordinates"":[]}"
20140224,2014-02-24,0.0,"{""type"":""MultiPoint"",""coordinates"":[]}"
20140225,2014-02-25,0.0,"{""type"":""MultiPoint"",""coordinates"":[]}"
20140226,2014-02-26,0.0,"{""type"":""MultiPoint"",""coordinates"":[]}"
20140227,2014-02-27,0.0,"{""type"":""MultiPoint"",""coordinates"":[]}"
20140228,2014-02-28,0.0,"{""type"":""MultiPoint"",""coordinates"":[]}"
20140301,2014-03-01,0.1246182965978094,"{""type"":""MultiPoint"",""coordinates"":[]}"
20140302,2014-03-02,0.0,"{""type"":""MultiPoint"",""coordinates"":[]}"
20140303,2014-03-03,4.883276389878092E-4,"{""type"":""MultiPoint"",""coordinates"":[]}"
20140304,2014-03-04,0.0,"{""type"":""MultiPoint"",""coordinates"":[]}"
20140305,2014-03-05,0.036305875531377436,"{""type"":""MultiPoint"",""coordinates"":[]}"
20140306,2014-03-06,0.00350968817079851,"{""type"":""MultiPoint"",""coordinates"":[]}"
20140307,2014-03-07,0.05644186419479563,"{""type"":""MultiPoint"",""coordinates"":[]}"
20140308,2014-03-08,0.19326260957440025,"{""type"":""MultiPoint"",""coordinates"":[]}"
20140309,2014-03-09,0.0,"{""type"":""MultiPoint"",""coordinates"":[]}"
20140310,2014-03-10,0.0,"{""type"":""MultiPoint"",""coordinates"":[]}"
20140311,2014-03-11,0.0,"{""type"":""MultiPoint"",""coordinates"":[]}"
20140312,2014-03-12,0.0,"{""type"":""MultiPoint"",""coordinates"":[]}"
20140313,2014-03-13,0.0,"{""type"":""MultiPoint"",""coordinates"":[]}"
20140314,2014-03-14,0.0,"{""type"":""MultiPoint"",""coordinates"":[]}"
20140315,2014-03-15,0.0,"{""type"":""MultiPoint"",""coordinates"":[]}"
20140316,2014-03-16,0.0,"{""type"":""MultiPoint"",""coordinates"":[]}"
20140317,2014-03-17,0.0,"{""type"":""MultiPoint"",""coordinates"":[]}"
20140318,2014-03-18,0.0,"{""type"":""MultiPoint"",""coordinates"":[]}"
20140319,2014-03-19,0.0,"{""type"":""MultiPoint"",""coordinates"":[]}"
20140320,2014-03-20,0.0,"{""type"":""MultiPoint"",""coordinates"":[]}"
20140321,2014-03-21,0.0,"{""type"":""MultiPoint"",""coordinates"":[]}"
20140322,2014-03-22,0.0,"{""type"":""MultiPoint"",""coordinates"":[]}"
20140323,2014-03-23,0.0,"{""type"":""MultiPoint"",""coordinates"":[]}"
20140324,2014-03-24,0.0,"{""type"":""MultiPoint"",""coordinates"":[]}"
20140325,2014-03-25,0.0,"{""type"":""MultiPoint"",""coordinates"":[]}"
20140326,2014-03-26,0.0,"{""type"":""MultiPoint"",""coordinates"":[]}"
20140327,2014-03-27,0.0,"{""type"":""MultiPoint"",""coordinates"":[]}"
20140328,2014-03-28,0.0,"{""type"":""MultiPoint"",""coordinates"":[]}"
20140329,2014-03-29,0.0,"{""type"":""MultiPoint"",""coordinates"":[]}"
20140330,2014-03-30,0.0,"{""type"":""MultiPoint"",""coordinates"":[]}"
20140331,2014-03-31,0.0,"{""type"":""MultiPoint"",""coordinates"":[]}"
20140401,2014-04-01,0.0,"{""type"":""MultiPoint"",""coordinates"":[]}"
20140402,2014-04-02,0.0,"{""type"":""MultiPoint"",""coordinates"":[]}"
20140403,2014-04-03,0.0,"{""type"":""MultiPoint"",""coordinates"":[]}"
20140404,2014-04-04,0.0,"{""type"":""MultiPoint"",""coordinates"":[]}"
20140405,2014-04-05,0.0,"{""type"":""MultiPoint"",""coordinates"":[]}"
20140406,2014-04-06,0.0,"{""type"":""MultiPoint"",""coordinates"":[]}"
20140407,2014-04-07,0.0,"{""type"":""MultiPoint"",""coordinates"":[]}"
20140408,2014-04-08,0.2678301533147833,"{""type"":""MultiPoint"",""coordinates"":[]}"
20140409,2014-04-09,0.050655891914515846,"{""type"":""MultiPoint"",""coordinates"":[]}"
20140410,2014-04-10,0.0,"{""type"":""MultiPoint"",""coordinates"":[]}"
20140411,2014-04-11,0.0,"{""type"":""MultiPoint"",""coordinates"":[]}"
20140412,2014-04-12,0.0,"{""type"":""MultiPoint"",""coordinates"":[]}"
20140413,2014-04-13,3.1473026877884154,"{""type"":""MultiPoint"",""coordinates"":[]}"
20140414,2014-04-14,2.442569181731864,"{""type"":""MultiPoint"",""coordinates"":[]}"
20140415,2014-04-15,0.5419910799401528,"{""type"":""MultiPoint"",""coordinates"":[]}"
20140416,2014-04-16,0.007083057293100154,"{""type"":""MultiPoint"",""coordinates"":[]}"
20140417,2014-04-17,3.4656804408238515,"{""type"":""MultiPoint"",""coordinates"":[]}"
20140418,2014-04-18,4.613717043430808,"{""type"":""MultiPoint"",""coordinates"":[]}"
20140419,2014-04-19,0.05929300238067782,"{""type"":""MultiPoint"",""coordinates"":[]}"
20140420,2014-04-20,0.0,"{""type"":""MultiPoint"",""coordinates"":[]}"
20140421,2014-04-21,0.0,"{""type"":""MultiPoint"",""coordinates"":[]}"
20140422,2014-04-22,0.0,"{""type"":""MultiPoint"",""coordinates"":[]}"
20140423,2014-04-23,0.0,"{""type"":""MultiPoint"",""coordinates"":[]}"
20140424,2014-04-24,0.0,"{""type"":""MultiPoint"",""coordinates"":[]}"
20140425,2014-04-25,0.2599899236041763,"{""type"":""MultiPoint"",""coordinates"":[]}"
20140426,2014-04-26,2.269893818946889,"{""type"":""MultiPoint"",""coordinates"":[]}"
20140427,2014-04-27,1.0794857472977872,"{""type"":""MultiPoint"",""coordinates"":[]}"
20140428,2014-04-28,0.24731202447414175,"{""type"":""MultiPoint"",""coordinates"":[]}"
20140429,2014-04-29,1.8902772833919719,"{""type"":""MultiPoint"",""coordinates"":[]}"
20140430,2014-04-30,0.17466696368889034,"{""type"":""MultiPoint"",""coordinates"":[]}"
20140501,2014-05-01,1.5116977786286911,"{""type"":""MultiPoint"",""coordinates"":[]}"
20140502,2014-05-02,0.36190319665019877,"{""type"":""MultiPoint"",""coordinates"":[]}"
20140503,2014-05-03,0.6678988738274672,"{""type"":""MultiPoint"",""coordinates"":[]}"
20140504,2014-05-04,0.018649326514312097,"{""type"":""MultiPoint"",""coordinates"":[]}"
20140505,2014-05-05,0.6299986915208979,"{""type"":""MultiPoint"",""coordinates"":[]}"
20140506,2014-05-06,0.0,"{""type"":""MultiPoint"",""coordinates"":[]}"
20140507,2014-05-07,0.0,"{""type"":""MultiPoint"",""coordinates"":[]}"
20140508,2014-05-08,12.384211877907784,"{""type"":""MultiPoint"",""coordinates"":[]}"
20140509,2014-05-09,1.3418235706450299,"{""type"":""MultiPoint"",""coordinates"":[]}"
20140510,2014-05-10,0.0,"{""type"":""MultiPoint"",""coordinates"":[]}"
20140511,2014-05-11,0.0,"{""type"":""MultiPoint"",""coordinates"":[]}"
20140512,2014-05-12,0.0,"{""type"":""MultiPoint"",""coordinates"":[]}"
20140513,2014-05-13,0.0,"{""type"":""MultiPoint"",""coordinates"":[]}"
20140514,2014-05-14,0.0,"{""type"":""MultiPoint"",""coordinates"":[]}"
20140515,2014-05-15,0.0,"{""type"":""MultiPoint"",""coordinates"":[]}"
20140516,2014-05-16,0.0,"{""type"":""MultiPoint"",""coordinates"":[]}"
20140517,2014-05-17,1.0936212750166192,"{""type"":""MultiPoint"",""coordinates"":[]}"
20140518,2014-05-18,0.06037744854524451,"{""type"":""MultiPoint"",""coordinates"":[]}"
20140519,2014-05-19,0.9137886372486915,"{""type"":""MultiPoint"",""coordinates"":[]}"
20140520,2014-05-20,4.977654360968482,"{""type"":""MultiPoint"",""coordinates"":[]}"
20140521,2014-05-21,1.795183369997341,"{""type"":""MultiPoint"",""coordinates"":[]}"
20140522,2014-05-22,0.0,"{""type"":""MultiPoint"",""coordinates"":[]}"
20140523,2014-05-23,0.0,"{""type"":""MultiPoint"",""coordinates"":[]}"
20140524,2014-05-24,0.09530643022529854,"{""type"":""MultiPoint"",""coordinates"":[]}"
20140525,2014-05-25,1.1024191034853656,"{""type"":""MultiPoint"",""coordinates"":[]}"
20140526,2014-05-26,4.454336111454173,"{""type"":""MultiPoint"",""coordinates"":[]}"
20140527,2014-05-27,7.574337844835707,"{""type"":""MultiPoint"",""coordinates"":[]}"
20140528,2014-05-28,0.8129619994354422,"{""type"":""MultiPoint"",""coordinates"":[]}"
20140529,2014-05-29,0.17765190621507398,"{""type"":""MultiPoint"",""coordinates"":[]}"
20140530,2014-05-30,1.4638818601914914,"{""type"":""MultiPoint"",""coordinates"":[]}"
20140531,2014-05-31,0.641181946570584,"{""type"":""MultiPoint"",""coordinates"":[]}"
20140601,2014-06-01,1.3802923714013218,"{""type"":""MultiPoint"",""coordinates"":[]}"
20140602,2014-06-02,22.566180482369248,"{""type"":""MultiPoint"",""coordinates"":[]}"
20140603,2014-06-03,15.184941318653793,"{""type"":""MultiPoint"",""coordinates"":[]}"
20140604,2014-06-04,2.080351428022985,"{""type"":""MultiPoint"",""coordinates"":[]}"
20140605,2014-06-05,1.035988875870537,"{""type"":""MultiPoint"",""coordinates"":[]}"
20140606,2014-06-06,2.869953533236041,"{""type"":""MultiPoint"",""coordinates"":[]}"
20140607,2014-06-07,0.01601133698105921,"{""type"":""MultiPoint"",""coordinates"":[]}"
20140608,2014-06-08,0.03236678803854532,"{""type"":""MultiPoint"",""coordinates"":[]}"
20140609,2014-06-09,9.40249721810425,"{""type"":""MultiPoint"",""coordinates"":[]}"
20140610,2014-06-10,0.20595603447674235,"{""type"":""MultiPoint"",""coordinates"":[]}"
20140611,2014-06-11,0.0,"{""type"":""MultiPoint"",""coordinates"":[]}"
20140612,2014-06-12,0.0,"{""type"":""MultiPoint"",""coordinates"":[]}"
20140613,2014-06-13,0.08677016018334656,"{""type"":""MultiPoint"",""coordinates"":[]}"
20140614,2014-06-14,2.6698970129208557,"{""type"":""MultiPoint"",""coordinates"":[]}"
20140615,2014-06-15,0.0,"{""type"":""MultiPoint"",""coordinates"":[]}"
20140616,2014-06-16,0.0,"{""type"":""MultiPoint"",""coordinates"":[]}"
20140617,2014-06-17,0.0,"{""type"":""MultiPoint"",""coordinates"":[]}"
20140618,2014-06-18,0.8591080656206316,"{""type"":""MultiPoint"",""coordinates"":[]}"
20140619,2014-06-19,0.30048709156051207,"{""type"":""MultiPoint"",""coordinates"":[]}"
20140620,2014-06-20,0.18181428187576873,"{""type"":""MultiPoint"",""coordinates"":[]}"
20140621,2014-06-21,0.8799711896003662,"{""type"":""MultiPoint"",""coordinates"":[]}"
20140622,2014-06-22,0.0,"{""type"":""MultiPoint"",""coordinates"":[]}"
20140623,2014-06-23,0.0,"{""type"":""MultiPoint"",""coordinates"":[]}"
20140624,2014-06-24,0.0,"{""type"":""MultiPoint"",""coordinates"":[]}"
20140625,2014-06-25,0.0,"{""type"":""MultiPoint"",""coordinates"":[]}"
20140626,2014-06-26,0.22053815538809876,"{""type"":""MultiPoint"",""coordinates"":[]}"
20140627,2014-06-27,5.216605061479594,"{""type"":""MultiPoint"",""coordinates"":[]}"
20140628,2014-06-28,3.0898861104470887,"{""type"":""MultiPoint"",""coordinates"":[]}"
20140629,2014-06-29,0.7151276642572824,"{""type"":""MultiPoint"",""coordinates"":[]}"
20140630,2014-06-30,0.0,"{""type"":""MultiPoint"",""coordinates"":[]}"
20140701,2014-07-01,0.0,"{""type"":""MultiPoint"",""coordinates"":[]}"
20140702,2014-07-02,0.3893439833874256,"{""type"":""MultiPoint"",""coordinates"":[]}"
20140703,2014-07-03,0.11773829495932833,"{""type"":""MultiPoint"",""coordinates"":[]}"
20140704,2014-07-04,5.839508912119071,"{""type"":""MultiPoint"",""coordinates"":[]}"
20140705,2014-07-05,12.02921919318996,"{""type"":""MultiPoint"",""coordinates"":[]}"
20140706,2014-07-06,13.916103466515425,"{""type"":""MultiPoint"",""coordinates"":[]}"
20140707,2014-07-07,8.38536062686961,"{""type"":""MultiPoint"",""coordinates"":[]}"
20140708,2014-07-08,2.234587998096924,"{""type"":""MultiPoint"",""coordinates"":[]}"
20140709,2014-07-09,1.2583227606326683,"{""type"":""MultiPoint"",""coordinates"":[]}"
20140710,2014-07-10,0.40716048961861895,"{""type"":""MultiPoint"",""coordinates"":[]}"
20140711,2014-07-11,2.4518391864160454,"{""type"":""MultiPoint"",""coordinates"":[]}"
20140712,2014-07-12,8.483575343430662,"{""type"":""MultiPoint"",""coordinates"":[]}"
20140713,2014-07-13,3.237671052263696,"{""type"":""MultiPoint"",""coordinates"":[]}"
20140714,2014-07-14,3.1602417015123887,"{""type"":""MultiPoint"",""coordinates"":[]}"
20140715,2014-07-15,2.547909797375085,"{""type"":""MultiPoint"",""coordinates"":[]}"
20140716,2014-07-16,0.0,"{""type"":""MultiPoint"",""coordinates"":[]}"
20140717,2014-07-17,0.01836628306672374,"{""type"":""MultiPoint"",""coordinates"":[]}"
20140718,2014-07-18,0.03563101632337001,"{""type"":""MultiPoint"",""coordinates"":[]}"
20140719,2014-07-19,1.7082410398217216,"{""type"":""MultiPoint"",""coordinates"":[]}"
20140720,2014-07-20,2.003898610038643,"{""type"":""MultiPoint"",""coordinates"":[]}"
20140721,2014-07-21,0.9650717625799021,"{""type"":""MultiPoint"",""coordinates"":[]}"
20140722,2014-07-22,3.630721554839453,"{""type"":""MultiPoint"",""coordinates"":[]}"
20140723,2014-07-23,0.4369320044429983,"{""type"":""MultiPoint"",""coordinates"":[]}"
20140724,2014-07-24,1.0348657803911814,"{""type"":""MultiPoint"",""coordinates"":[]}"
20140725,2014-07-25,0.19368434962131179,"{""type"":""MultiPoint"",""coordinates"":[]}"
20140726,2014-07-26,4.292500851916934,"{""type"":""MultiPoint"",""coordinates"":[]}"
20140727,2014-07-27,17.573703077039653,"{""type"":""MultiPoint"",""coordinates"":[]}"
20140728,2014-07-28,7.026448352501977,"{""type"":""MultiPoint"",""coordinates"":[]}"
20140729,2014-07-29,0.18842977295729843,"{""type"":""MultiPoint"",""coordinates"":[]}"
20140730,2014-07-30,0.0,"{""type"":""MultiPoint"",""coordinates"":[]}"
20140731,2014-07-31,0.0,"{""type"":""MultiPoint"",""coordinates"":[]}"
20140801,2014-08-01,0.0,"{""type"":""MultiPoint"",""coordinates"":[]}"
20140802,2014-08-02,0.12025482123798242,"{""type"":""MultiPoint"",""coordinates"":[]}"
20140803,2014-08-03,0.030214270906364867,"{""type"":""MultiPoint"",""coordinates"":[]}"
20140804,2014-08-04,2.4770231209871256,"{""type"":""MultiPoint"",""coordinates"":[]}"
20140805,2014-08-05,7.08676674886762,"{""type"":""MultiPoint"",""coordinates"":[]}"
20140806,2014-08-06,0.0,"{""type"":""MultiPoint"",""coordinates"":[]}"
20140807,2014-08-07,0.2151042515579673,"{""type"":""MultiPoint"",""coordinates"":[]}"
20140808,2014-08-08,0.054624537180453334,"{""type"":""MultiPoint"",""coordinates"":[]}"
20140809,2014-08-09,0.7833901508292034,"{""type"":""MultiPoint"",""coordinates"":[]}"
20140810,2014-08-10,2.73568541182582,"{""type"":""MultiPoint"",""coordinates"":[]}"
20140811,2014-08-11,0.0,"{""type"":""MultiPoint"",""coordinates"":[]}"
20140812,2014-08-12,0.18529833126294848,"{""type"":""MultiPoint"",""coordinates"":[]}"
20140813,2014-08-13,0.6629525471104025,"{""type"":""MultiPoint"",""coordinates"":[]}"
20140814,2014-08-14,0.0,"{""type"":""MultiPoint"",""coordinates"":[]}"
20140815,2014-08-15,1.0506233577874617,"{""type"":""MultiPoint"",""coordinates"":[]}"
20140816,2014-08-16,13.944532688875,"{""type"":""MultiPoint"",""coordinates"":[]}"
20140817,2014-08-17,9.092469055950284,"{""type"":""MultiPoint"",""coordinates"":[]}"
20140818,2014-08-18,6.454379748292202,"{""type"":""MultiPoint"",""coordinates"":[]}"
20140819,2014-08-19,1.881605727851725,"{""type"":""MultiPoint"",""coordinates"":[]}"
20140820,2014-08-20,1.7868579742763882,"{""type"":""MultiPoint"",""coordinates"":[]}"
20140821,2014-08-21,2.7154603874566523,"{""type"":""MultiPoint"",""coordinates"":[]}"
20140822,2014-08-22,0.788498476284573,"{""type"":""MultiPoint"",""coordinates"":[]}"
20140823,2014-08-23,1.470445727204917,"{""type"":""MultiPoint"",""coordinates"":[]}"
20140824,2014-08-24,28.661155272411126,"{""type"":""MultiPoint"",""coordinates"":[]}"
20140825,2014-08-25,24.051946859462998,"{""type"":""MultiPoint"",""coordinates"":[]}"
20140826,2014-08-26,22.513367313439886,"{""type"":""MultiPoint"",""coordinates"":[]}"
20140827,2014-08-27,7.8011388277456195,"{""type"":""MultiPoint"",""coordinates"":[]}"
20140828,2014-08-28,15.786941079297549,"{""type"":""MultiPoint"",""coordinates"":[]}"
20140829,2014-08-29,6.555957584375359,"{""type"":""MultiPoint"",""coordinates"":[]}"
20140830,2014-08-30,6.619533659137075,"{""type"":""MultiPoint"",""coordinates"":[]}"
20140831,2014-08-31,6.709504463742139,"{""type"":""MultiPoint"",""coordinates"":[]}"
20140901,2014-09-01,0.0,"{""type"":""MultiPoint"",""coordinates"":[]}"
20140902,2014-09-02,0.0541184018626639,"{""type"":""MultiPoint"",""coordinates"":[]}"
20140903,2014-09-03,0.5043954515643908,"{""type"":""MultiPoint"",""coordinates"":[]}"
20140904,2014-09-04,1.206628227460456,"{""type"":""MultiPoint"",""coordinates"":[]}"
20140905,2014-09-05,0.08713861174434444,"{""type"":""MultiPoint"",""coordinates"":[]}"
20140906,2014-09-06,8.628077567583606,"{""type"":""MultiPoint"",""coordinates"":[]}"
20140907,2014-09-07,2.3675396170413885,"{""type"":""MultiPoint"",""coordinates"":[]}"
20140908,2014-09-08,0.0,"{""type"":""MultiPoint"",""coordinates"":[]}"
20140909,2014-09-09,0.0,"{""type"":""MultiPoint"",""coordinates"":[]}"
20140910,2014-09-10,0.0,"{""type"":""MultiPoint"",""coordinates"":[]}"
20140911,2014-09-11,0.0,"{""type"":""MultiPoint"",""coordinates"":[]}"
20140912,2014-09-12,1.071772512605951,"{""type"":""MultiPoint"",""coordinates"":[]}"
20140913,2014-09-13,1.0790772078412627,"{""type"":""MultiPoint"",""coordinates"":[]}"
20140914,2014-09-14,7.859049235586403,"{""type"":""MultiPoint"",""coordinates"":[]}"
20140915,2014-09-15,16.484626479006128,"{""type"":""MultiPoint"",""coordinates"":[]}"
20140916,2014-09-16,6.783572248507545,"{""type"":""MultiPoint"",""coordinates"":[]}"
20140917,2014-09-17,6.694673623215745,"{""type"":""MultiPoint"",""coordinates"":[]}"
20140918,2014-09-18,17.92849706661111,"{""type"":""MultiPoint"",""coordinates"":[]}"
20140919,2014-09-19,9.358747168385936,"{""type"":""MultiPoint"",""coordinates"":[]}"
20140920,2014-09-20,24.664167276456325,"{""type"":""MultiPoint"",""coordinates"":[]}"
20140921,2014-09-21,2.058482425299162,"{""type"":""MultiPoint"",""coordinates"":[]}"
20140922,2014-09-22,0.20365230931537998,"{""type"":""MultiPoint"",""coordinates"":[]}"
20140923,2014-09-23,1.6281061984150649,"{""type"":""MultiPoint"",""coordinates"":[]}"
20140924,2014-09-24,2.6147916299911462,"{""type"":""MultiPoint"",""coordinates"":[]}"
20140925,2014-09-25,0.08438181537049086,"{""type"":""MultiPoint"",""coordinates"":[]}"
20140926,2014-09-26,0.28659375007968485,"{""type"":""MultiPoint"",""coordinates"":[]}"
20140927,2014-09-27,0.7855716940168997,"{""type"":""MultiPoint"",""coordinates"":[]}"
20140928,2014-09-28,1.4168092900094538,"{""type"":""MultiPoint"",""coordinates"":[]}"
20140929,2014-09-29,0.013307858745736175,"{""type"":""MultiPoint"",""coordinates"":[]}"
20140930,2014-09-30,0.0,"{""type"":""MultiPoint"",""coordinates"":[]}"
20141001,2014-10-01,0.0,"{""type"":""MultiPoint"",""coordinates"":[]}"
20141002,2014-10-02,0.0,"{""type"":""MultiPoint"",""coordinates"":[]}"
20141003,2014-10-03,0.17786145862177893,"{""type"":""MultiPoint"",""coordinates"":[]}"
20141004,2014-10-04,0.0,"{""type"":""MultiPoint"",""coordinates"":[]}"
20141005,2014-10-05,6.269147661294729,"{""type"":""MultiPoint"",""coordinates"":[]}"
20141006,2014-10-06,9.643312442639134,"{""type"":""MultiPoint"",""coordinates"":[]}"
20141007,2014-10-07,6.483056587991755,"{""type"":""MultiPoint"",""coordinates"":[]}"
20141008,2014-10-08,0.5942228299853529,"{""type"":""MultiPoint"",""coordinates"":[]}"
20141009,2014-10-09,2.4337724386501574,"{""type"":""MultiPoint"",""coordinates"":[]}"
20141010,2014-10-10,1.16890137417893,"{""type"":""MultiPoint"",""coordinates"":[]}"
20141011,2014-10-11,2.862443390394372,"{""type"":""MultiPoint"",""coordinates"":[]}"
20141012,2014-10-12,20.199353525012747,"{""type"":""MultiPoint"",""coordinates"":[]}"
20141013,2014-10-13,3.372002190038453,"{""type"":""MultiPoint"",""coordinates"":[]}"
20141014,2014-10-14,0.0,"{""type"":""MultiPoint"",""coordinates"":[]}"
20141015,2014-10-15,0.0,"{""type"":""MultiPoint"",""coordinates"":[]}"
20141016,2014-10-16,0.2029648818460315,"{""type"":""MultiPoint"",""coordinates"":[]}"
20141017,2014-10-17,0.0,"{""type"":""MultiPoint"",""coordinates"":[]}"
20141018,2014-10-18,0.015062009935581589,"{""type"":""MultiPoint"",""coordinates"":[]}"
20141019,2014-10-19,0.1594147273320247,"{""type"":""MultiPoint"",""coordinates"":[]}"
20141020,2014-10-20,1.0705004746469724,"{""type"":""MultiPoint"",""coordinates"":[]}"
20141021,2014-10-21,0.0,"{""type"":""MultiPoint"",""coordinates"":[]}"
20141022,2014-10-22,0.0,"{""type"":""MultiPoint"",""coordinates"":[]}"
20141023,2014-10-23,0.0,"{""type"":""MultiPoint"",""coordinates"":[]}"
20141024,2014-10-24,4.190125155179876,"{""type"":""MultiPoint"",""coordinates"":[]}"
20141025,2014-10-25,36.18481874361951,"{""type"":""MultiPoint"",""coordinates"":[]}"
20141026,2014-10-26,4.379266257307591,"{""type"":""MultiPoint"",""coordinates"":[]}"
20141027,2014-10-27,0.13974559161023317,"{""type"":""MultiPoint"",""coordinates"":[]}"
20141028,2014-10-28,0.0,"{""type"":""MultiPoint"",""coordinates"":[]}"
20141029,2014-10-29,0.0,"{""type"":""MultiPoint"",""coordinates"":[]}"
20141030,2014-10-30,0.0,"{""type"":""MultiPoint"",""coordinates"":[]}"
20141031,2014-10-31,6.456321737004256,"{""type"":""MultiPoint"",""coordinates"":[]}"
20141101,2014-11-01,3.566037080008417,"{""type"":""MultiPoint"",""coordinates"":[]}"
20141102,2014-11-02,0.0,"{""type"":""MultiPoint"",""coordinates"":[]}"
20141103,2014-11-03,0.01665153796598699,"{""type"":""MultiPoint"",""coordinates"":[]}"
20141104,2014-11-04,0.12235044357897489,"{""type"":""MultiPoint"",""coordinates"":[]}"
20141105,2014-11-05,3.0968447672576667,"{""type"":""MultiPoint"",""coordinates"":[]}"
20141106,2014-11-06,0.36085106765176417,"{""type"":""MultiPoint"",""coordinates"":[]}"
20141107,2014-11-07,0.10027961370289774,"{""type"":""MultiPoint"",""coordinates"":[]}"
20141108,2014-11-08,0.28979029739010564,"{""type"":""MultiPoint"",""coordinates"":[]}"
20141109,2014-11-09,8.145993280888113,"{""type"":""MultiPoint"",""coordinates"":[]}"
20141110,2014-11-10,0.4188315085782977,"{""type"":""MultiPoint"",""coordinates"":[]}"
20141111,2014-11-11,0.0,"{""type"":""MultiPoint"",""coordinates"":[]}"
20141112,2014-11-12,1.959911245486034,"{""type"":""MultiPoint"",""coordinates"":[]}"
20141113,2014-11-13,1.1720489542302954,"{""type"":""MultiPoint"",""coordinates"":[]}"
20141114,2014-11-14,0.010215365338379688,"{""type"":""MultiPoint"",""coordinates"":[]}"
20141115,2014-11-15,0.0,"{""type"":""MultiPoint"",""coordinates"":[]}"
20141116,2014-11-16,0.0,"{""type"":""MultiPoint"",""coordinates"":[]}"
20141117,2014-11-17,0.0,"{""type"":""MultiPoint"",""coordinates"":[]}"
20141118,2014-11-18,0.0,"{""type"":""MultiPoint"",""coordinates"":[]}"
20141119,2014-11-19,0.0,"{""type"":""MultiPoint"",""coordinates"":[]}"
20141120,2014-11-20,0.0,"{""type"":""MultiPoint"",""coordinates"":[]}"
20141121,2014-11-21,0.0,"{""type"":""MultiPoint"",""coordinates"":[]}"
20141122,2014-11-22,0.0,"{""type"":""MultiPoint"",""coordinates"":[]}"
20141123,2014-11-23,0.0,"{""type"":""MultiPoint"",""coordinates"":[]}"
20141124,2014-11-24,0.0,"{""type"":""MultiPoint"",""coordinates"":[]}"
20141125,2014-11-25,0.0,"{""type"":""MultiPoint"",""coordinates"":[]}"
20141126,2014-11-26,0.09755735595012575,"{""type"":""MultiPoint"",""coordinates"":[]}"
20141127,2014-11-27,0.1079038466325069,"{""type"":""MultiPoint"",""coordinates"":[]}"
20141128,2014-11-28,7.209583446691584,"{""type"":""MultiPoint"",""coordinates"":[]}"
20141129,2014-11-29,1.1564668180824822,"{""type"":""MultiPoint"",""coordinates"":[]}"
20141130,2014-11-30,0.26701653746793985,"{""type"":""MultiPoint"",""coordinates"":[]}"
20141201,2014-12-01,0.0,"{""type"":""MultiPoint"",""coordinates"":[]}"
20141202,2014-12-02,0.0,"{""type"":""MultiPoint"",""coordinates"":[]}"
20141203,2014-12-03,0.024332013841372995,"{""type"":""MultiPoint"",""coordinates"":[]}"
20141204,2014-12-04,0.0,"{""type"":""MultiPoint"",""coordinates"":[]}"
20141205,2014-12-05,0.0,"{""type"":""MultiPoint"",""coordinates"":[]}"
20141206,2014-12-06,0.0,"{""type"":""MultiPoint"",""coordinates"":[]}"
20141207,2014-12-07,0.05207215821122565,"{""type"":""MultiPoint"",""coordinates"":[]}"
20141208,2014-12-08,0.026336552224864626,"{""type"":""MultiPoint"",""coordinates"":[]}"
20141209,2014-12-09,0.14743943617711774,"{""type"":""MultiPoint"",""coordinates"":[]}"
20141210,2014-12-10,0.05377973347775626,"{""type"":""MultiPoint"",""coordinates"":[]}"
20141211,2014-12-11,1.788839284693209,"{""type"":""MultiPoint"",""coordinates"":[]}"
20141212,2014-12-12,0.24960128113483307,"{""type"":""MultiPoint"",""coordinates"":[]}"
20141213,2014-12-13,0.0,"{""type"":""MultiPoint"",""coordinates"":[]}"
20141214,2014-12-14,0.0,"{""type"":""MultiPoint"",""coordinates"":[]}"
20141215,2014-12-15,0.0,"{""type"":""MultiPoint"",""coordinates"":[]}"
20141216,2014-12-16,0.0,"{""type"":""MultiPoint"",""coordinates"":[]}"
20141217,2014-12-17,0.08452415076566851,"{""type"":""MultiPoint"",""coordinates"":[]}"
20141218,2014-12-18,0.0,"{""type"":""MultiPoint"",""coordinates"":[]}"
20141219,2014-12-19,0.0,"{""type"":""MultiPoint"",""coordinates"":[]}"
20141220,2014-12-20,0.0,"{""type"":""MultiPoint"",""coordinates"":[]}"
20141221,2014-12-21,0.0,"{""type"":""MultiPoint"",""coordinates"":[]}"
20141222,2014-12-22,0.0,"{""type"":""MultiPoint"",""coordinates"":[]}"
20141223,2014-12-23,0.0,"{""type"":""MultiPoint"",""coordinates"":[]}"
20141224,2014-12-24,0.21090759569518905,"{""type"":""MultiPoint"",""coordinates"":[]}"
20141225,2014-12-25,9.123908049284743E-5,"{""type"":""MultiPoint"",""coordinates"":[]}"
20141226,2014-12-26,0.010302428756886858,"{""type"":""MultiPoint"",""coordinates"":[]}"
20141227,2014-12-27,0.0,"{""type"":""MultiPoint"",""coordinates"":[]}"
20141228,2014-12-28,0.016092856730782347,"{""type"":""MultiPoint"",""coordinates"":[]}"
20141229,2014-12-29,0.0,"{""type"":""MultiPoint"",""coordinates"":[]}"
20141230,2014-12-30,0.0,"{""type"":""MultiPoint"",""coordinates"":[]}"
20141231,2014-12-31,0.07525428383473841,"{""type"":""MultiPoint"",""coordinates"":[]}"
20150101,2015-01-01,0.0,"{""type"":""MultiPoint"",""coordinates"":[]}"
20150102,2015-01-02,0.04097084330808544,"{""type"":""MultiPoint"",""coordinates"":[]}"
20150103,2015-01-03,0.0,"{""type"":""MultiPoint"",""coordinates"":[]}"
20150104,2015-01-04,0.0,"{""type"":""MultiPoint"",""coordinates"":[]}"
20150105,2015-01-05,0.0,"{""type"":""MultiPoint"",""coordinates"":[]}"
20150106,2015-01-06,0.0,"{""type"":""MultiPoint"",""coordinates"":[]}"
20150107,2015-01-07,0.0,"{""type"":""MultiPoint"",""coordinates"":[]}"
20150108,2015-01-08,0.14944428405865157,"{""type"":""MultiPoint"",""coordinates"":[]}"
20150109,2015-01-09,0.0,"{""type"":""MultiPoint"",""coordinates"":[]}"
20150110,2015-01-10,0.0,"{""type"":""MultiPoint"",""coordinates"":[]}"
20150111,2015-01-11,0.0,"{""type"":""MultiPoint"",""coordinates"":[]}"
20150112,2015-01-12,0.0,"{""type"":""MultiPoint"",""coordinates"":[]}"
20150113,2015-01-13,0.0,"{""type"":""MultiPoint"",""coordinates"":[]}"
20150114,2015-01-14,0.0,"{""type"":""MultiPoint"",""coordinates"":[]}"
20150115,2015-01-15,0.0013411494386110338,"{""type"":""MultiPoint"",""coordinates"":[]}"
20150116,2015-01-16,0.003878504970637406,"{""type"":""MultiPoint"",""coordinates"":[]}"
20150117,2015-01-17,0.0,"{""type"":""MultiPoint"",""coordinates"":[]}"
20150118,2015-01-18,0.0,"{""type"":""MultiPoint"",""coordinates"":[]}"
20150119,2015-01-19,0.0,"{""type"":""MultiPoint"",""coordinates"":[]}"
20150120,2015-01-20,0.0,"{""type"":""MultiPoint"",""coordinates"":[]}"
20150121,2015-01-21,0.0,"{""type"":""MultiPoint"",""coordinates"":[]}"
20150122,2015-01-22,0.0,"{""type"":""MultiPoint"",""coordinates"":[]}"
20150123,2015-01-23,0.0059392735489800326,"{""type"":""MultiPoint"",""coordinates"":[]}"
20150124,2015-01-24,0.0,"{""type"":""MultiPoint"",""coordinates"":[]}"
20150125,2015-01-25,0.0,"{""type"":""MultiPoint"",""coordinates"":[]}"
20150126,2015-01-26,0.0,"{""type"":""MultiPoint"",""coordinates"":[]}"
20150127,2015-01-27,0.0,"{""type"":""MultiPoint"",""coordinates"":[]}"
20150128,2015-01-28,0.0,"{""type"":""MultiPoint"",""coordinates"":[]}"
20150129,2015-01-29,0.06426871946927311,"{""type"":""MultiPoint"",""coordinates"":[]}"
20150130,2015-01-30,0.0,"{""type"":""MultiPoint"",""coordinates"":[]}"
20150131,2015-01-31,0.0,"{""type"":""MultiPoint"",""coordinates"":[]}"
20150201,2015-02-01,0.0,"{""type"":""MultiPoint"",""coordinates"":[]}"
20150202,2015-02-02,0.0,"{""type"":""MultiPoint"",""coordinates"":[]}"
20150203,2015-02-03,0.0,"{""type"":""MultiPoint"",""coordinates"":[]}"
20150204,2015-02-04,0.0,"{""type"":""MultiPoint"",""coordinates"":[]}"
20150205,2015-02-05,0.0,"{""type"":""MultiPoint"",""coordinates"":[]}"
20150206,2015-02-06,0.0,"{""type"":""MultiPoint"",""coordinates"":[]}"
20150207,2015-02-07,0.0,"{""type"":""MultiPoint"",""coordinates"":[]}"
20150208,2015-02-08,0.0,"{""type"":""MultiPoint"",""coordinates"":[]}"
20150209,2015-02-09,0.0,"{""type"":""MultiPoint"",""coordinates"":[]}"
20150210,2015-02-10,0.0,"{""type"":""MultiPoint"",""coordinates"":[]}"
20150211,2015-02-11,0.0,"{""type"":""MultiPoint"",""coordinates"":[]}"
20150212,2015-02-12,0.0,"{""type"":""MultiPoint"",""coordinates"":[]}"
20150213,2015-02-13,0.0,"{""type"":""MultiPoint"",""coordinates"":[]}"
20150214,2015-02-14,0.0,"{""type"":""MultiPoint"",""coordinates"":[]}"
20150215,2015-02-15,0.0,"{""type"":""MultiPoint"",""coordinates"":[]}"
20150216,2015-02-16,0.0,"{""type"":""MultiPoint"",""coordinates"":[]}"
20150217,2015-02-17,0.0,"{""type"":""MultiPoint"",""coordinates"":[]}"
20150218,2015-02-18,0.0,"{""type"":""MultiPoint"",""coordinates"":[]}"
20150219,2015-02-19,0.0,"{""type"":""MultiPoint"",""coordinates"":[]}"
20150220,2015-02-20,0.0,"{""type"":""MultiPoint"",""coordinates"":[]}"
20150221,2015-02-21,0.0,"{""type"":""MultiPoint"",""coordinates"":[]}"
20150222,2015-02-22,0.0,"{""type"":""MultiPoint"",""coordinates"":[]}"
20150223,2015-02-23,0.0,"{""type"":""MultiPoint"",""coordinates"":[]}"
20150224,2015-02-24,0.0,"{""type"":""MultiPoint"",""coordinates"":[]}"
20150225,2015-02-25,0.0,"{""type"":""MultiPoint"",""coordinates"":[]}"
20150226,2015-02-26,0.0,"{""type"":""MultiPoint"",""coordinates"":[]}"
20150227,2015-02-27,0.0,"{""type"":""MultiPoint"",""coordinates"":[]}"
20150228,2015-02-28,0.0,"{""type"":""MultiPoint"",""coordinates"":[]}"
20150301,2015-03-01,0.5516246899626029,"{""type"":""MultiPoint"",""coordinates"":[]}"
20150302,2015-03-02,0.03944645431145104,"{""type"":""MultiPoint"",""coordinates"":[]}"
20150303,2015-03-03,0.048640089196677096,"{""type"":""MultiPoint"",""coordinates"":[]}"
20150304,2015-03-04,0.0,"{""type"":""MultiPoint"",""coordinates"":[]}"
20150305,2015-03-05,0.0,"{""type"":""MultiPoint"",""coordinates"":[]}"
20150306,2015-03-06,0.18318388853588474,"{""type"":""MultiPoint"",""coordinates"":[]}"
20150307,2015-03-07,0.215432465289977,"{""type"":""MultiPoint"",""coordinates"":[]}"
20150308,2015-03-08,0.7186083259326225,"{""type"":""MultiPoint"",""coordinates"":[]}"
20150309,2015-03-09,0.46101888538016694,"{""type"":""MultiPoint"",""coordinates"":[]}"
20150310,2015-03-10,0.0,"{""type"":""MultiPoint"",""coordinates"":[]}"
20150311,2015-03-11,0.0,"{""type"":""MultiPoint"",""coordinates"":[]}"
20150312,2015-03-12,0.0,"{""type"":""MultiPoint"",""coordinates"":[]}"
20150313,2015-03-13,0.008908241698552496,"{""type"":""MultiPoint"",""coordinates"":[]}"
20150314,2015-03-14,4.7761713199378033E-4,"{""type"":""MultiPoint"",""coordinates"":[]}"
20150315,2015-03-15,0.0,"{""type"":""MultiPoint"",""coordinates"":[]}"
20150316,2015-03-16,0.01182725123347177,"{""type"":""MultiPoint"",""coordinates"":[]}"
20150317,2015-03-17,0.0,"{""type"":""MultiPoint"",""coordinates"":[]}"
20150318,2015-03-18,0.0,"{""type"":""MultiPoint"",""coordinates"":[]}"
20150319,2015-03-19,0.5243256774039565,"{""type"":""MultiPoint"",""coordinates"":[]}"
20150320,2015-03-20,0.0,"{""type"":""MultiPoint"",""coordinates"":[]}"
20150321,2015-03-21,0.0,"{""type"":""MultiPoint"",""coordinates"":[]}"
20150322,2015-03-22,0.0,"{""type"":""MultiPoint"",""coordinates"":[]}"
20150323,2015-03-23,0.0,"{""type"":""MultiPoint"",""coordinates"":[]}"
20150324,2015-03-24,0.0,"{""type"":""MultiPoint"",""coordinates"":[]}"
20150325,2015-03-25,0.023882545454040283,"{""type"":""MultiPoint"",""coordinates"":[]}"
20150326,2015-03-26,0.0,"{""type"":""MultiPoint"",""coordinates"":[]}"
20150327,2015-03-27,0.0,"{""type"":""MultiPoint"",""coordinates"":[]}"
20150328,2015-03-28,0.0,"{""type"":""MultiPoint"",""coordinates"":[]}"
20150329,2015-03-29,0.0,"{""type"":""MultiPoint"",""coordinates"":[]}"
20150330,2015-03-30,0.5256443069370118,"{""type"":""MultiPoint"",""coordinates"":[]}"
20150331,2015-03-31,2.762036180381293,"{""type"":""MultiPoint"",""coordinates"":[]}"
20150401,2015-04-01,0.0,"{""type"":""MultiPoint"",""coordinates"":[]}"
20150402,2015-04-02,0.0,"{""type"":""MultiPoint"",""coordinates"":[]}"
20150403,2015-04-03,0.0,"{""type"":""MultiPoint"",""coordinates"":[]}"
20150404,2015-04-04,0.0,"{""type"":""MultiPoint"",""coordinates"":[]}"
20150405,2015-04-05,0.0,"{""type"":""MultiPoint"",""coordinates"":[]}"
20150406,2015-04-06,0.04893009507215531,"{""type"":""MultiPoint"",""coordinates"":[]}"
20150407,2015-04-07,0.0,"{""type"":""MultiPoint"",""coordinates"":[]}"
20150408,2015-04-08,0.16744928151092525,"{""type"":""MultiPoint"",""coordinates"":[]}"
20150409,2015-04-09,0.0,"{""type"":""MultiPoint"",""coordinates"":[]}"
20150410,2015-04-10,0.0,"{""type"":""MultiPoint"",""coordinates"":[]}"
20150411,2015-04-11,2.196033191207473,"{""type"":""MultiPoint"",""coordinates"":[]}"
20150412,2015-04-12,2.3427249621681048,"{""type"":""MultiPoint"",""coordinates"":[]}"
20150413,2015-04-13,1.5869273602104086,"{""type"":""MultiPoint"",""coordinates"":[]}"
20150414,2015-04-14,0.0,"{""type"":""MultiPoint"",""coordinates"":[]}"
20150415,2015-04-15,0.0,"{""type"":""MultiPoint"",""coordinates"":[]}"
20150416,2015-04-16,0.0,"{""type"":""MultiPoint"",""coordinates"":[]}"
20150417,2015-04-17,0.0,"{""type"":""MultiPoint"",""coordinates"":[]}"
20150418,2015-04-18,0.0,"{""type"":""MultiPoint"",""coordinates"":[]}"
20150419,2015-04-19,0.0,"{""type"":""MultiPoint"",""coordinates"":[]}"
20150420,2015-04-20,0.0,"{""type"":""MultiPoint"",""coordinates"":[]}"
20150421,2015-04-21,0.0,"{""type"":""MultiPoint"",""coordinates"":[]}"
20150422,2015-04-22,0.0,"{""type"":""MultiPoint"",""coordinates"":[]}"
20150423,2015-04-23,12.844286748951019,"{""type"":""MultiPoint"",""coordinates"":[]}"
20150424,2015-04-24,6.42678312197605,"{""type"":""MultiPoint"",""coordinates"":[]}"
20150425,2015-04-25,1.030281495690086,"{""type"":""MultiPoint"",""coordinates"":[]}"
20150426,2015-04-26,0.339656394870642,"{""type"":""MultiPoint"",""coordinates"":[]}"
20150427,2015-04-27,0.003959894060065023,"{""type"":""MultiPoint"",""coordinates"":[]}"
20150428,2015-04-28,0.0,"{""type"":""MultiPoint"",""coordinates"":[]}"
20150429,2015-04-29,6.2450441651493325,"{""type"":""MultiPoint"",""coordinates"":[]}"
20150430,2015-04-30,0.08888557763913478,"{""type"":""MultiPoint"",""coordinates"":[]}"
20150501,2015-05-01,0.05008210675481824,"{""type"":""MultiPoint"",""coordinates"":[]}"
20150502,2015-05-02,3.8885240807236054,"{""type"":""MultiPoint"",""coordinates"":[]}"
20150503,2015-05-03,0.6653556927567916,"{""type"":""MultiPoint"",""coordinates"":[]}"
20150504,2015-05-04,2.2065795284580214,"{""type"":""MultiPoint"",""coordinates"":[]}"
20150505,2015-05-05,0.18366823935124774,"{""type"":""MultiPoint"",""coordinates"":[]}"
20150506,2015-05-06,0.009818468727889456,"{""type"":""MultiPoint"",""coordinates"":[]}"
20150507,2015-05-07,1.8124786398249957,"{""type"":""MultiPoint"",""coordinates"":[]}"
20150508,2015-05-08,0.0,"{""type"":""MultiPoint"",""coordinates"":[]}"
20150509,2015-05-09,2.124095523325929,"{""type"":""MultiPoint"",""coordinates"":[]}"
20150510,2015-05-10,0.42624655198691475,"{""type"":""MultiPoint"",""coordinates"":[]}"
20150511,2015-05-11,0.28072991567368527,"{""type"":""MultiPoint"",""coordinates"":[]}"
20150512,2015-05-12,0.03331516906322883,"{""type"":""MultiPoint"",""coordinates"":[]}"
20150513,2015-05-13,0.0,"{""type"":""MultiPoint"",""coordinates"":[]}"
20150514,2015-05-14,1.1176297288141819,"{""type"":""MultiPoint"",""coordinates"":[]}"
20150515,2015-05-15,5.005442318331769,"{""type"":""MultiPoint"",""coordinates"":[]}"
20150516,2015-05-16,6.1545320812045965,"{""type"":""MultiPoint"",""coordinates"":[]}"
20150517,2015-05-17,0.04553874217162185,"{""type"":""MultiPoint"",""coordinates"":[]}"
20150518,2015-05-18,0.8379189898983063,"{""type"":""MultiPoint"",""coordinates"":[]}"
20150519,2015-05-19,6.2524519017203835,"{""type"":""MultiPoint"",""coordinates"":[]}"
20150520,2015-05-20,0.2735959826096051,"{""type"":""MultiPoint"",""coordinates"":[]}"
20150521,2015-05-21,0.015000289085255828,"{""type"":""MultiPoint"",""coordinates"":[]}"
20150522,2015-05-22,0.0,"{""type"":""MultiPoint"",""coordinates"":[]}"
20150523,2015-05-23,0.0,"{""type"":""MultiPoint"",""coordinates"":[]}"
20150524,2015-05-24,0.0,"{""type"":""MultiPoint"",""coordinates"":[]}"
20150525,2015-05-25,0.0,"{""type"":""MultiPoint"",""coordinates"":[]}"
20150526,2015-05-26,0.0,"{""type"":""MultiPoint"",""coordinates"":[]}"
20150527,2015-05-27,3.4591431639550487,"{""type"":""MultiPoint"",""coordinates"":[]}"
20150528,2015-05-28,0.0031488069173128594,"{""type"":""MultiPoint"",""coordinates"":[]}"
20150529,2015-05-29,8.180150977488854,"{""type"":""MultiPoint"",""coordinates"":[]}"
20150530,2015-05-30,1.3956600526725964,"{""type"":""MultiPoint"",""coordinates"":[]}"
20150531,2015-05-31,11.23019614267697,"{""type"":""MultiPoint"",""coordinates"":[]}"
20150601,2015-06-01,4.3095222380555915,"{""type"":""MultiPoint"",""coordinates"":[]}"
20150602,2015-06-02,3.9227095612427902,"{""type"":""MultiPoint"",""coordinates"":[]}"
20150603,2015-06-03,0.5138278017516319,"{""type"":""MultiPoint"",""coordinates"":[]}"
20150604,2015-06-04,2.390655822101339,"{""type"":""MultiPoint"",""coordinates"":[]}"
20150605,2015-06-05,6.344330321074116,"{""type"":""MultiPoint"",""coordinates"":[]}"
20150606,2015-06-06,4.277416227391471,"{""type"":""MultiPoint"",""coordinates"":[]}"
20150607,2015-06-07,1.600797067467616,"{""type"":""MultiPoint"",""coordinates"":[]}"
20150608,2015-06-08,12.03055396095726,"{""type"":""MultiPoint"",""coordinates"":[]}"
20150609,2015-06-09,5.9177141547275705,"{""type"":""MultiPoint"",""coordinates"":[]}"
20150610,2015-06-10,0.0,"{""type"":""MultiPoint"",""coordinates"":[]}"
20150611,2015-06-11,0.14071208447642863,"{""type"":""MultiPoint"",""coordinates"":[]}"
20150612,2015-06-12,11.322410285312438,"{""type"":""MultiPoint"",""coordinates"":[]}"
20150613,2015-06-13,3.4398708561361517,"{""type"":""MultiPoint"",""coordinates"":[]}"
20150614,2015-06-14,7.478249151740476,"{""type"":""MultiPoint"",""coordinates"":[]}"
20150615,2015-06-15,4.624911045760973,"{""type"":""MultiPoint"",""coordinates"":[]}"
20150616,2015-06-16,8.497189159521794,"{""type"":""MultiPoint"",""coordinates"":[]}"
20150617,2015-06-17,5.6551550309613345,"{""type"":""MultiPoint"",""coordinates"":[]}"
20150618,2015-06-18,9.297172422023037,"{""type"":""MultiPoint"",""coordinates"":[]}"
20150619,2015-06-19,9.713019410721264,"{""type"":""MultiPoint"",""coordinates"":[]}"
20150620,2015-06-20,10.208996430155642,"{""type"":""MultiPoint"",""coordinates"":[]}"
20150621,2015-06-21,8.875466727997464,"{""type"":""MultiPoint"",""coordinates"":[]}"
20150622,2015-06-22,0.6788317451499599,"{""type"":""MultiPoint"",""coordinates"":[]}"
20150623,2015-06-23,0.10701048248634219,"{""type"":""MultiPoint"",""coordinates"":[]}"
20150624,2015-06-24,0.0,"{""type"":""MultiPoint"",""coordinates"":[]}"
20150625,2015-06-25,0.0,"{""type"":""MultiPoint"",""coordinates"":[]}"
20150626,2015-06-26,0.021284788455237003,"{""type"":""MultiPoint"",""coordinates"":[]}"
20150627,2015-06-27,0.0,"{""type"":""MultiPoint"",""coordinates"":[]}"
20150628,2015-06-28,0.0,"{""type"":""MultiPoint"",""coordinates"":[]}"
20150629,2015-06-29,0.0,"{""type"":""MultiPoint"",""coordinates"":[]}"
20150630,2015-06-30,0.00650005635724348,"{""type"":""MultiPoint"",""coordinates"":[]}"
20150701,2015-07-01,0.02044137196458107,"{""type"":""MultiPoint"",""coordinates"":[]}"
20150702,2015-07-02,0.40303856027259133,"{""type"":""MultiPoint"",""coordinates"":[]}"
20150703,2015-07-03,0.005899400103149892,"{""type"":""MultiPoint"",""coordinates"":[]}"
20150704,2015-07-04,0.0,"{""type"":""MultiPoint"",""coordinates"":[]}"
20150705,2015-07-05,0.0,"{""type"":""MultiPoint"",""coordinates"":[]}"
20150706,2015-07-06,0.0,"{""type"":""MultiPoint"",""coordinates"":[]}"
20150707,2015-07-07,2.5210926244842393,"{""type"":""MultiPoint"",""coordinates"":[]}"
20150708,2015-07-08,0.12743827062775867,"{""type"":""MultiPoint"",""coordinates"":[]}"
20150709,2015-07-09,0.14658704250845037,"{""type"":""MultiPoint"",""coordinates"":[]}"
20150710,2015-07-10,2.8628116980019302,"{""type"":""MultiPoint"",""coordinates"":[]}"
20150711,2015-07-11,0.3773193684799989,"{""type"":""MultiPoint"",""coordinates"":[]}"
20150712,2015-07-12,0.0,"{""type"":""MultiPoint"",""coordinates"":[]}"
20150713,2015-07-13,0.8525666155050416,"{""type"":""MultiPoint"",""coordinates"":[]}"
20150714,2015-07-14,13.344636105297512,"{""type"":""MultiPoint"",""coordinates"":[]}"
20150715,2015-07-15,11.160321262537368,"{""type"":""MultiPoint"",""coordinates"":[]}"
20150716,2015-07-16,1.2493512718654214,"{""type"":""MultiPoint"",""coordinates"":[]}"
20150717,2015-07-17,0.054018554940676006,"{""type"":""MultiPoint"",""coordinates"":[]}"
20150718,2015-07-18,0.5757364520260622,"{""type"":""MultiPoint"",""coordinates"":[]}"
20150719,2015-07-19,0.11078941010948844,"{""type"":""MultiPoint"",""coordinates"":[]}"
20150720,2015-07-20,1.7305082953062352,"{""type"":""MultiPoint"",""coordinates"":[]}"
20150721,2015-07-21,0.021753900649423622,"{""type"":""MultiPoint"",""coordinates"":[]}"
20150722,2015-07-22,2.7080343865084426,"{""type"":""MultiPoint"",""coordinates"":[]}"
20150723,2015-07-23,2.2210974352266515,"{""type"":""MultiPoint"",""coordinates"":[]}"
20150724,2015-07-24,0.0,"{""type"":""MultiPoint"",""coordinates"":[]}"
20150725,2015-07-25,1.2743423338686348,"{""type"":""MultiPoint"",""coordinates"":[]}"
20150726,2015-07-26,0.29660856316633327,"{""type"":""MultiPoint"",""coordinates"":[]}"
20150727,2015-07-27,0.006708464829766469,"{""type"":""MultiPoint"",""coordinates"":[]}"
20150728,2015-07-28,0.0,"{""type"":""MultiPoint"",""coordinates"":[]}"
20150729,2015-07-29,0.0,"{""type"":""MultiPoint"",""coordinates"":[]}"
20150730,2015-07-30,0.1724640147353054,"{""type"":""MultiPoint"",""coordinates"":[]}"
20150731,2015-07-31,9.926920493096643,"{""type"":""MultiPoint"",""coordinates"":[]}"
20150801,2015-08-01,3.0604286743944082,"{""type"":""MultiPoint"",""coordinates"":[]}"
20150802,2015-08-02,0.5762057775655984,"{""type"":""MultiPoint"",""coordinates"":[]}"
20150803,2015-08-03,2.977899948295008,"{""type"":""MultiPoint"",""coordinates"":[]}"
20150804,2015-08-04,1.319123967032295,"{""type"":""MultiPoint"",""coordinates"":[]}"
20150805,2015-08-05,0.24468182833300023,"{""type"":""MultiPoint"",""coordinates"":[]}"
20150806,2015-08-06,0.0858090968963,"{""type"":""MultiPoint"",""coordinates"":[]}"
20150807,2015-08-07,1.8063847825649135,"{""type"":""MultiPoint"",""coordinates"":[]}"
20150808,2015-08-08,0.0,"{""type"":""MultiPoint"",""coordinates"":[]}"
20150809,2015-08-09,0.49588149844433344,"{""type"":""MultiPoint"",""coordinates"":[]}"
20150810,2015-08-10,3.3991450941328685,"{""type"":""MultiPoint"",""coordinates"":[]}"
20150811,2015-08-11,7.272885841815796,"{""type"":""MultiPoint"",""coordinates"":[]}"
20150812,2015-08-12,9.698529308371553,"{""type"":""MultiPoint"",""coordinates"":[]}"
20150813,2015-08-13,0.0023737536708430887,"{""type"":""MultiPoint"",""coordinates"":[]}"
20150814,2015-08-14,0.0,"{""type"":""MultiPoint"",""coordinates"":[]}"
20150815,2015-08-15,0.6666768395450793,"{""type"":""MultiPoint"",""coordinates"":[]}"
20150816,2015-08-16,2.7443434526135397,"{""type"":""MultiPoint"",""coordinates"":[]}"
20150817,2015-08-17,4.045183662693236,"{""type"":""MultiPoint"",""coordinates"":[]}"
20150818,2015-08-18,2.504975960724031,"{""type"":""MultiPoint"",""coordinates"":[]}"
20150819,2015-08-19,4.3301163937833484,"{""type"":""MultiPoint"",""coordinates"":[]}"
20150820,2015-08-20,21.78359542630548,"{""type"":""MultiPoint"",""coordinates"":[]}"
20150821,2015-08-21,15.631775764716062,"{""type"":""MultiPoint"",""coordinates"":[]}"
20150822,2015-08-22,7.406111917881785,"{""type"":""MultiPoint"",""coordinates"":[]}"
20150823,2015-08-23,0.0,"{""type"":""MultiPoint"",""coordinates"":[]}"
20150824,2015-08-24,0.0,"{""type"":""MultiPoint"",""coordinates"":[]}"
20150825,2015-08-25,0.0,"{""type"":""MultiPoint"",""coordinates"":[]}"
20150826,2015-08-26,0.5552262143721053,"{""type"":""MultiPoint"",""coordinates"":[]}"
20150827,2015-08-27,12.440550355235644,"{""type"":""MultiPoint"",""coordinates"":[]}"
20150828,2015-08-28,0.20578793128577702,"{""type"":""MultiPoint"",""coordinates"":[]}"
20150829,2015-08-29,0.0,"{""type"":""MultiPoint"",""coordinates"":[]}"
20150830,2015-08-30,0.8173378226928644,"{""type"":""MultiPoint"",""coordinates"":[]}"
20150831,2015-08-31,0.0,"{""type"":""MultiPoint"",""coordinates"":[]}"
20150901,2015-09-01,1.0459291487778988,"{""type"":""MultiPoint"",""coordinates"":[]}"
20150902,2015-09-02,0.057595318136617515,"{""type"":""MultiPoint"",""coordinates"":[]}"
20150903,2015-09-03,1.2796919614318454,"{""type"":""MultiPoint"",""coordinates"":[]}"
20150904,2015-09-04,8.82838637601837,"{""type"":""MultiPoint"",""coordinates"":[]}"
20150905,2015-09-05,5.8558830105577355,"{""type"":""MultiPoint"",""coordinates"":[]}"
20150906,2015-09-06,15.287426814411248,"{""type"":""MultiPoint"",""coordinates"":[]}"
20150907,2015-09-07,2.7471958232031057,"{""type"":""MultiPoint"",""coordinates"":[]}"
20150908,2015-09-08,8.876641852991114,"{""type"":""MultiPoint"",""coordinates"":[]}"
20150909,2015-09-09,12.151773517075553,"{""type"":""MultiPoint"",""coordinates"":[]}"
20150910,2015-09-10,8.778854435650324,"{""type"":""MultiPoint"",""coordinates"":[]}"
20150911,2015-09-11,12.899822577389996,"{""type"":""MultiPoint"",""coordinates"":[]}"
20150912,2015-09-12,0.7973439180899938,"{""type"":""MultiPoint"",""coordinates"":[]}"
20150913,2015-09-13,1.7612581629271225,"{""type"":""MultiPoint"",""coordinates"":[]}"
20150914,2015-09-14,7.9556097914547745,"{""type"":""MultiPoint"",""coordinates"":[]}"
20150915,2015-09-15,11.453130265760754,"{""type"":""MultiPoint"",""coordinates"":[]}"
20150916,2015-09-16,5.48584064757049,"{""type"":""MultiPoint"",""coordinates"":[]}"
20150917,2015-09-17,4.868469585647168,"{""type"":""MultiPoint"",""coordinates"":[]}"
20150918,2015-09-18,0.18566508913490812,"{""type"":""MultiPoint"",""coordinates"":[]}"
20150919,2015-09-19,0.08565964586615837,"{""type"":""MultiPoint"",""coordinates"":[]}"
20150920,2015-09-20,4.204458095999289,"{""type"":""MultiPoint"",""coordinates"":[]}"
20150921,2015-09-21,0.3765740809114487,"{""type"":""MultiPoint"",""coordinates"":[]}"
20150922,2015-09-22,0.0,"{""type"":""MultiPoint"",""coordinates"":[]}"
20150923,2015-09-23,0.0,"{""type"":""MultiPoint"",""coordinates"":[]}"
20150924,2015-09-24,0.0,"{""type"":""MultiPoint"",""coordinates"":[]}"
20150925,2015-09-25,10.166152668495503,"{""type"":""MultiPoint"",""coordinates"":[]}"
20150926,2015-09-26,8.833309167630121,"{""type"":""MultiPoint"",""coordinates"":[]}"
20150927,2015-09-27,5.476274566604362,"{""type"":""MultiPoint"",""coordinates"":[]}"
20150928,2015-09-28,0.0,"{""type"":""MultiPoint"",""coordinates"":[]}"
20150929,2015-09-29,0.2616699281930011,"{""type"":""MultiPoint"",""coordinates"":[]}"
20150930,2015-09-30,2.4007905419224222,"{""type"":""MultiPoint"",""coordinates"":[]}"
20151001,2015-10-01,7.306069048061448,"{""type"":""MultiPoint"",""coordinates"":[]}"
20151002,2015-10-02,10.633483211641078,"{""type"":""MultiPoint"",""coordinates"":[]}"
20151003,2015-10-03,10.45321523429552,"{""type"":""MultiPoint"",""coordinates"":[]}"
20151004,2015-10-04,16.32365903375688,"{""type"":""MultiPoint"",""coordinates"":[]}"
20151005,2015-10-05,3.54890423465337,"{""type"":""MultiPoint"",""coordinates"":[]}"
20151006,2015-10-06,0.6521207546666122,"{""type"":""MultiPoint"",""coordinates"":[]}"
20151007,2015-10-07,6.904789812606747,"{""type"":""MultiPoint"",""coordinates"":[]}"
20151008,2015-10-08,5.829869481605023,"{""type"":""MultiPoint"",""coordinates"":[]}"
20151009,2015-10-09,0.4022771021628832,"{""type"":""MultiPoint"",""coordinates"":[]}"
20151010,2015-10-10,0.8831863530423593,"{""type"":""MultiPoint"",""coordinates"":[]}"
20151011,2015-10-11,0.27893045942388117,"{""type"":""MultiPoint"",""coordinates"":[]}"
20151012,2015-10-12,0.026295039576157645,"{""type"":""MultiPoint"",""coordinates"":[]}"
20151013,2015-10-13,0.0,"{""type"":""MultiPoint"",""coordinates"":[]}"
20151014,2015-10-14,0.0,"{""type"":""MultiPoint"",""coordinates"":[]}"
20151015,2015-10-15,0.0,"{""type"":""MultiPoint"",""coordinates"":[]}"
20151016,2015-10-16,0.0,"{""type"":""MultiPoint"",""coordinates"":[]}"
20151017,2015-10-17,0.0,"{""type"":""MultiPoint"",""coordinates"":[]}"
20151018,2015-10-18,0.0,"{""type"":""MultiPoint"",""coordinates"":[]}"
20151019,2015-10-19,0.0,"{""type"":""MultiPoint"",""coordinates"":[]}"
20151020,2015-10-20,0.0,"{""type"":""MultiPoint"",""coordinates"":[]}"
20151021,2015-10-21,0.0,"{""type"":""MultiPoint"",""coordinates"":[]}"
20151022,2015-10-22,0.0,"{""type"":""MultiPoint"",""coordinates"":[]}"
20151023,2015-10-23,0.0,"{""type"":""MultiPoint"",""coordinates"":[]}"
20151024,2015-10-24,0.0,"{""type"":""MultiPoint"",""coordinates"":[]}"
20151025,2015-10-25,0.0,"{""type"":""MultiPoint"",""coordinates"":[]}"
20151026,2015-10-26,0.0,"{""type"":""MultiPoint"",""coordinates"":[]}"
20151027,2015-10-27,0.0,"{""type"":""MultiPoint"",""coordinates"":[]}"
20151028,2015-10-28,0.0,"{""type"":""MultiPoint"",""coordinates"":[]}"
20151029,2015-10-29,0.0,"{""type"":""MultiPoint"",""coordinates"":[]}"
20151030,2015-10-30,0.0,"{""type"":""MultiPoint"",""coordinates"":[]}"
20151031,2015-10-31,0.0693510103435257,"{""type"":""MultiPoint"",""coordinates"":[]}"
20151101,2015-11-01,0.0,"{""type"":""MultiPoint"",""coordinates"":[]}"
20151102,2015-11-02,0.0,"{""type"":""MultiPoint"",""coordinates"":[]}"
20151103,2015-11-03,1.2636948359650546,"{""type"":""MultiPoint"",""coordinates"":[]}"
20151104,2015-11-04,0.0,"{""type"":""MultiPoint"",""coordinates"":[]}"
20151105,2015-11-05,0.0,"{""type"":""MultiPoint"",""coordinates"":[]}"
20151106,2015-11-06,0.0,"{""type"":""MultiPoint"",""coordinates"":[]}"
20151107,2015-11-07,0.0,"{""type"":""MultiPoint"",""coordinates"":[]}"
20151108,2015-11-08,0.10088050623324,"{""type"":""MultiPoint"",""coordinates"":[]}"
20151109,2015-11-09,7.5459744903566355,"{""type"":""MultiPoint"",""coordinates"":[]}"
20151110,2015-11-10,7.0144971472463995,"{""type"":""MultiPoint"",""coordinates"":[]}"
20151111,2015-11-11,0.0,"{""type"":""MultiPoint"",""coordinates"":[]}"
20151112,2015-11-12,0.0,"{""type"":""MultiPoint"",""coordinates"":[]}"
20151113,2015-11-13,1.1883414555010055,"{""type"":""MultiPoint"",""coordinates"":[]}"
20151114,2015-11-14,0.15242474184093788,"{""type"":""MultiPoint"",""coordinates"":[]}"
20151115,2015-11-15,8.988744302849923,"{""type"":""MultiPoint"",""coordinates"":[]}"
20151116,2015-11-16,14.113527623551661,"{""type"":""MultiPoint"",""coordinates"":[]}"
20151117,2015-11-17,0.025242485956746,"{""type"":""MultiPoint"",""coordinates"":[]}"
20151118,2015-11-18,0.0,"{""type"":""MultiPoint"",""coordinates"":[]}"
20151119,2015-11-19,0.0,"{""type"":""MultiPoint"",""coordinates"":[]}"
20151120,2015-11-20,0.36070457378086884,"{""type"":""MultiPoint"",""coordinates"":[]}"
20151121,2015-11-21,0.7000555699195572,"{""type"":""MultiPoint"",""coordinates"":[]}"
20151122,2015-11-22,0.40419369203154687,"{""type"":""MultiPoint"",""coordinates"":[]}"
20151123,2015-11-23,0.09808051498006409,"{""type"":""MultiPoint"",""coordinates"":[]}"
20151124,2015-11-24,0.0,"{""type"":""MultiPoint"",""coordinates"":[]}"
20151125,2015-11-25,0.0,"{""type"":""MultiPoint"",""coordinates"":[]}"
20151126,2015-11-26,0.0,"{""type"":""MultiPoint"",""coordinates"":[]}"
20151127,2015-11-27,0.0,"{""type"":""MultiPoint"",""coordinates"":[]}"
20151128,2015-11-28,0.23994621184917966,"{""type"":""MultiPoint"",""coordinates"":[]}"
20151129,2015-11-29,0.05039948205229792,"{""type"":""MultiPoint"",""coordinates"":[]}"
20151130,2015-11-30,0.0,"{""type"":""MultiPoint"",""coordinates"":[]}"
20151201,2015-12-01,0.0795427954131583,"{""type"":""MultiPoint"",""coordinates"":[]}"
20151202,2015-12-02,0.009704090537105766,"{""type"":""MultiPoint"",""coordinates"":[]}"
20151203,2015-12-03,0.0,"{""type"":""MultiPoint"",""coordinates"":[]}"
20151204,2015-12-04,0.0,"{""type"":""MultiPoint"",""coordinates"":[]}"
20151205,2015-12-05,0.0,"{""type"":""MultiPoint"",""coordinates"":[]}"
20151206,2015-12-06,0.003030929241097726,"{""type"":""MultiPoint"",""coordinates"":[]}"
20151207,2015-12-07,0.0,"{""type"":""MultiPoint"",""coordinates"":[]}"
20151208,2015-12-08,0.1411779862401316,"{""type"":""MultiPoint"",""coordinates"":[]}"
20151209,2015-12-09,0.01803857003067203,"{""type"":""MultiPoint"",""coordinates"":[]}"
20151210,2015-12-10,0.05527098827699215,"{""type"":""MultiPoint"",""coordinates"":[]}"
20151211,2015-12-11,0.17403558858301052,"{""type"":""MultiPoint"",""coordinates"":[]}"
20151212,2015-12-12,0.0,"{""type"":""MultiPoint"",""coordinates"":[]}"
20151213,2015-12-13,0.0,"{""type"":""MultiPoint"",""coordinates"":[]}"
20151214,2015-12-14,0.0,"{""type"":""MultiPoint"",""coordinates"":[]}"
20151215,2015-12-15,0.0,"{""type"":""MultiPoint"",""coordinates"":[]}"
20151216,2015-12-16,0.004703250342719106,"{""type"":""MultiPoint"",""coordinates"":[]}"
20151217,2015-12-17,0.0,"{""type"":""MultiPoint"",""coordinates"":[]}"
20151218,2015-12-18,0.0,"{""type"":""MultiPoint"",""coordinates"":[]}"
20151219,2015-12-19,0.0,"{""type"":""MultiPoint"",""coordinates"":[]}"
20151220,2015-12-20,0.00415745000973707,"{""type"":""MultiPoint"",""coordinates"":[]}"
20151221,2015-12-21,0.1074956132965756,"{""type"":""MultiPoint"",""coordinates"":[]}"
20151222,2015-12-22,0.0,"{""type"":""MultiPoint"",""coordinates"":[]}"
20151223,2015-12-23,0.0,"{""type"":""MultiPoint"",""coordinates"":[]}"
20151224,2015-12-24,0.0,"{""type"":""MultiPoint"",""coordinates"":[]}"
20151225,2015-12-25,0.061105374513431544,"{""type"":""MultiPoint"",""coordinates"":[]}"
20151226,2015-12-26,0.5106165538346238,"{""type"":""MultiPoint"",""coordinates"":[]}"
20151227,2015-12-27,0.0,"{""type"":""MultiPoint"",""coordinates"":[]}"
20151228,2015-12-28,0.0,"{""type"":""MultiPoint"",""coordinates"":[]}"
20151229,2015-12-29,0.0,"{""type"":""MultiPoint"",""coordinates"":[]}"
20151230,2015-12-30,0.0,"{""type"":""MultiPoint"",""coordinates"":[]}"
20151231,2015-12-31,0.0,"{""type"":""MultiPoint"",""coordinates"":[]}"
20160101,2016-01-01,0.09308133379261899,"{""type"":""MultiPoint"",""coordinates"":[]}"
20160102,2016-01-02,0.0,"{""type"":""MultiPoint"",""coordinates"":[]}"
20160103,2016-01-03,0.03819481746220211,"{""type"":""MultiPoint"",""coordinates"":[]}"
20160104,2016-01-04,0.0,"{""type"":""MultiPoint"",""coordinates"":[]}"
20160105,2016-01-05,0.0,"{""type"":""MultiPoint"",""coordinates"":[]}"
20160106,2016-01-06,0.01882718038636722,"{""type"":""MultiPoint"",""coordinates"":[]}"
20160107,2016-01-07,0.0,"{""type"":""MultiPoint"",""coordinates"":[]}"
20160108,2016-01-08,0.0,"{""type"":""MultiPoint"",""coordinates"":[]}"
20160109,2016-01-09,0.0,"{""type"":""MultiPoint"",""coordinates"":[]}"
20160110,2016-01-10,0.031925677420912825,"{""type"":""MultiPoint"",""coordinates"":[]}"
20160111,2016-01-11,0.0,"{""type"":""MultiPoint"",""coordinates"":[]}"
20160112,2016-01-12,0.10553508220251617,"{""type"":""MultiPoint"",""coordinates"":[]}"
20160113,2016-01-13,0.0,"{""type"":""MultiPoint"",""coordinates"":[]}"
20160114,2016-01-14,0.0,"{""type"":""MultiPoint"",""coordinates"":[]}"
20160115,2016-01-15,0.0,"{""type"":""MultiPoint"",""coordinates"":[]}"
20160116,2016-01-16,0.0,"{""type"":""MultiPoint"",""coordinates"":[]}"
20160117,2016-01-17,0.0,"{""type"":""MultiPoint"",""coordinates"":[]}"
20160118,2016-01-18,0.0,"{""type"":""MultiPoint"",""coordinates"":[]}"
20160119,2016-01-19,0.0,"{""type"":""MultiPoint"",""coordinates"":[]}"
20160120,2016-01-20,0.0,"{""type"":""MultiPoint"",""coordinates"":[]}"
20160121,2016-01-21,0.0,"{""type"":""MultiPoint"",""coordinates"":[]}"
20160122,2016-01-22,0.0,"{""type"":""MultiPoint"",""coordinates"":[]}"
20160123,2016-01-23,0.0,"{""type"":""MultiPoint"",""coordinates"":[]}"
20160124,2016-01-24,0.0,"{""type"":""MultiPoint"",""coordinates"":[]}"
20160125,2016-01-25,0.0,"{""type"":""MultiPoint"",""coordinates"":[]}"
20160126,2016-01-26,0.0,"{""type"":""MultiPoint"",""coordinates"":[]}"
20160127,2016-01-27,0.0,"{""type"":""MultiPoint"",""coordinates"":[]}"
20160128,2016-01-28,0.0,"{""type"":""MultiPoint"",""coordinates"":[]}"
20160129,2016-01-29,0.0,"{""type"":""MultiPoint"",""coordinates"":[]}"
20160130,2016-01-30,0.0,"{""type"":""MultiPoint"",""coordinates"":[]}"
20160131,2016-01-31,0.00239251255001448,"{""type"":""MultiPoint"",""coordinates"":[]}"
20160201,2016-02-01,0.0,"{""type"":""MultiPoint"",""coordinates"":[]}"
20160202,2016-02-02,0.0,"{""type"":""MultiPoint"",""coordinates"":[]}"
20160203,2016-02-03,0.0,"{""type"":""MultiPoint"",""coordinates"":[]}"
20160204,2016-02-04,0.0,"{""type"":""MultiPoint"",""coordinates"":[]}"
20160205,2016-02-05,0.0,"{""type"":""MultiPoint"",""coordinates"":[]}"
20160206,2016-02-06,0.0,"{""type"":""MultiPoint"",""coordinates"":[]}"
20160207,2016-02-07,0.0,"{""type"":""MultiPoint"",""coordinates"":[]}"
20160208,2016-02-08,0.0,"{""type"":""MultiPoint"",""coordinates"":[]}"
20160209,2016-02-09,0.0,"{""type"":""MultiPoint"",""coordinates"":[]}"
20160210,2016-02-10,0.0,"{""type"":""MultiPoint"",""coordinates"":[]}"
20160211,2016-02-11,0.0,"{""type"":""MultiPoint"",""coordinates"":[]}"
20160212,2016-02-12,0.0,"{""type"":""MultiPoint"",""coordinates"":[]}"
20160213,2016-02-13,0.0,"{""type"":""MultiPoint"",""coordinates"":[]}"
20160214,2016-02-14,0.0,"{""type"":""MultiPoint"",""coordinates"":[]}"
20160215,2016-02-15,0.0,"{""type"":""MultiPoint"",""coordinates"":[]}"
20160216,2016-02-16,0.0,"{""type"":""MultiPoint"",""coordinates"":[]}"
20160217,2016-02-17,0.0,"{""type"":""MultiPoint"",""coordinates"":[]}"
20160218,2016-02-18,0.0,"{""type"":""MultiPoint"",""coordinates"":[]}"
20160219,2016-02-19,0.0,"{""type"":""MultiPoint"",""coordinates"":[]}"
20160220,2016-02-20,0.008377498232573279,"{""type"":""MultiPoint"",""coordinates"":[]}"
20160221,2016-02-21,0.0,"{""type"":""MultiPoint"",""coordinates"":[]}"
20160222,2016-02-22,0.0,"{""type"":""MultiPoint"",""coordinates"":[]}"
20160223,2016-02-23,0.0,"{""type"":""MultiPoint"",""coordinates"":[]}"
20160224,2016-02-24,0.0,"{""type"":""MultiPoint"",""coordinates"":[]}"
20160225,2016-02-25,0.0,"{""type"":""MultiPoint"",""coordinates"":[]}"
20160226,2016-02-26,0.0,"{""type"":""MultiPoint"",""coordinates"":[]}"
20160227,2016-02-27,0.0,"{""type"":""MultiPoint"",""coordinates"":[]}"
20160228,2016-02-28,0.008980303266726128,"{""type"":""MultiPoint"",""coordinates"":[]}"
20160229,2016-02-29,0.022665265766816337,"{""type"":""MultiPoint"",""coordinates"":[]}"
20160301,2016-03-01,0.06036804668955538,"{""type"":""MultiPoint"",""coordinates"":[]}"
20160302,2016-03-02,0.909139118654221,"{""type"":""MultiPoint"",""coordinates"":[]}"
20160303,2016-03-03,0.0628002528995511,"{""type"":""MultiPoint"",""coordinates"":[]}"
20160304,2016-03-04,0.004813542256038216,"{""type"":""MultiPoint"",""coordinates"":[]}"
20160305,2016-03-05,0.053716115996695686,"{""type"":""MultiPoint"",""coordinates"":[]}"
20160306,2016-03-06,0.0,"{""type"":""MultiPoint"",""coordinates"":[]}"
20160307,2016-03-07,0.0,"{""type"":""MultiPoint"",""coordinates"":[]}"
20160308,2016-03-08,0.0,"{""type"":""MultiPoint"",""coordinates"":[]}"
20160309,2016-03-09,0.0,"{""type"":""MultiPoint"",""coordinates"":[]}"
20160310,2016-03-10,0.0,"{""type"":""MultiPoint"",""coordinates"":[]}"
20160311,2016-03-11,0.0,"{""type"":""MultiPoint"",""coordinates"":[]}"
20160312,2016-03-12,0.0,"{""type"":""MultiPoint"",""coordinates"":[]}"
20160313,2016-03-13,0.0,"{""type"":""MultiPoint"",""coordinates"":[]}"
20160314,2016-03-14,0.0073529102116028245,"{""type"":""MultiPoint"",""coordinates"":[]}"
20160315,2016-03-15,0.13303041482137418,"{""type"":""MultiPoint"",""coordinates"":[]}"
20160316,2016-03-16,0.0,"{""type"":""MultiPoint"",""coordinates"":[]}"
20160317,2016-03-17,0.0,"{""type"":""MultiPoint"",""coordinates"":[]}"
20160318,2016-03-18,0.0,"{""type"":""MultiPoint"",""coordinates"":[]}"
20160319,2016-03-19,0.0,"{""type"":""MultiPoint"",""coordinates"":[]}"
20160320,2016-03-20,0.0,"{""type"":""MultiPoint"",""coordinates"":[]}"
20160321,2016-03-21,0.0,"{""type"":""MultiPoint"",""coordinates"":[]}"
20160322,2016-03-22,0.0,"{""type"":""MultiPoint"",""coordinates"":[]}"
20160323,2016-03-23,0.0,"{""type"":""MultiPoint"",""coordinates"":[]}"
20160324,2016-03-24,0.0,"{""type"":""MultiPoint"",""coordinates"":[]}"
20160325,2016-03-25,0.0,"{""type"":""MultiPoint"",""coordinates"":[]}"
20160326,2016-03-26,0.16774643652104454,"{""type"":""MultiPoint"",""coordinates"":[]}"
20160327,2016-03-27,0.03614041122422934,"{""type"":""MultiPoint"",""coordinates"":[]}"
20160328,2016-03-28,0.032851108651655594,"{""type"":""MultiPoint"",""coordinates"":[]}"
20160329,2016-03-29,0.0,"{""type"":""MultiPoint"",""coordinates"":[]}"
20160330,2016-03-30,0.09208912554980757,"{""type"":""MultiPoint"",""coordinates"":[]}"
20160331,2016-03-31,1.122855344027917,"{""type"":""MultiPoint"",""coordinates"":[]}"
20160401,2016-04-01,0.0,"{""type"":""MultiPoint"",""coordinates"":[]}"
20160402,2016-04-02,0.02740581142621234,"{""type"":""MultiPoint"",""coordinates"":[]}"
20160403,2016-04-03,0.03531607963655527,"{""type"":""MultiPoint"",""coordinates"":[]}"
20160404,2016-04-04,0.0,"{""type"":""MultiPoint"",""coordinates"":[]}"
20160405,2016-04-05,0.0452446126863853,"{""type"":""MultiPoint"",""coordinates"":[]}"
20160406,2016-04-06,0.35922454087222966,"{""type"":""MultiPoint"",""coordinates"":[]}"
20160407,2016-04-07,0.0,"{""type"":""MultiPoint"",""coordinates"":[]}"
20160408,2016-04-08,0.0,"{""type"":""MultiPoint"",""coordinates"":[]}"
20160409,2016-04-09,0.023761205672312134,"{""type"":""MultiPoint"",""coordinates"":[]}"
20160410,2016-04-10,0.06922073426529053,"{""type"":""MultiPoint"",""coordinates"":[]}"
20160411,2016-04-11,0.0,"{""type"":""MultiPoint"",""coordinates"":[]}"
20160412,2016-04-12,0.0,"{""type"":""MultiPoint"",""coordinates"":[]}"
20160413,2016-04-13,0.05876202012488112,"{""type"":""MultiPoint"",""coordinates"":[]}"
20160414,2016-04-14,0.0,"{""type"":""MultiPoint"",""coordinates"":[]}"
20160415,2016-04-15,0.0,"{""type"":""MultiPoint"",""coordinates"":[]}"
20160416,2016-04-16,0.182089679013472,"{""type"":""MultiPoint"",""coordinates"":[]}"
20160417,2016-04-17,1.9627049034171107,"{""type"":""MultiPoint"",""coordinates"":[]}"
20160418,2016-04-18,0.0,"{""type"":""MultiPoint"",""coordinates"":[]}"
20160419,2016-04-19,0.0,"{""type"":""MultiPoint"",""coordinates"":[]}"
20160420,2016-04-20,0.0,"{""type"":""MultiPoint"",""coordinates"":[]}"
20160421,2016-04-21,0.0,"{""type"":""MultiPoint"",""coordinates"":[]}"
20160422,2016-04-22,0.0,"{""type"":""MultiPoint"",""coordinates"":[]}"
20160423,2016-04-23,0.0,"{""type"":""MultiPoint"",""coordinates"":[]}"
20160424,2016-04-24,0.0,"{""type"":""MultiPoint"",""coordinates"":[]}"
20160425,2016-04-25,0.0,"{""type"":""MultiPoint"",""coordinates"":[]}"
20160426,2016-04-26,0.40191706180531933,"{""type"":""MultiPoint"",""coordinates"":[]}"
20160427,2016-04-27,0.0036715741595959987,"{""type"":""MultiPoint"",""coordinates"":[]}"
20160428,2016-04-28,0.25678604597526605,"{""type"":""MultiPoint"",""coordinates"":[]}"
20160429,2016-04-29,0.16662588007331175,"{""type"":""MultiPoint"",""coordinates"":[]}"
20160430,2016-04-30,0.13502335618042238,"{""type"":""MultiPoint"",""coordinates"":[]}"
20160501,2016-05-01,0.905843320214327,"{""type"":""MultiPoint"",""coordinates"":[]}"
20160502,2016-05-02,1.3209017983458142,"{""type"":""MultiPoint"",""coordinates"":[]}"
20160503,2016-05-03,0.4774910761003724,"{""type"":""MultiPoint"",""coordinates"":[]}"
20160504,2016-05-04,2.4876678627943227,"{""type"":""MultiPoint"",""coordinates"":[]}"
20160505,2016-05-05,1.8664709230350567,"{""type"":""MultiPoint"",""coordinates"":[]}"
20160506,2016-05-06,0.7494667406241864,"{""type"":""MultiPoint"",""coordinates"":[]}"
20160507,2016-05-07,0.4702381092734009,"{""type"":""MultiPoint"",""coordinates"":[]}"
20160508,2016-05-08,0.563762402443764,"{""type"":""MultiPoint"",""coordinates"":[]}"
20160509,2016-05-09,0.0,"{""type"":""MultiPoint"",""coordinates"":[]}"
20160510,2016-05-10,0.0,"{""type"":""MultiPoint"",""coordinates"":[]}"
20160511,2016-05-11,0.0,"{""type"":""MultiPoint"",""coordinates"":[]}"
20160512,2016-05-12,0.21630800243245007,"{""type"":""MultiPoint"",""coordinates"":[]}"
20160513,2016-05-13,0.26067823588722033,"{""type"":""MultiPoint"",""coordinates"":[]}"
20160514,2016-05-14,0.25756444227839986,"{""type"":""MultiPoint"",""coordinates"":[]}"
20160515,2016-05-15,2.504932436217818,"{""type"":""MultiPoint"",""coordinates"":[]}"
20160516,2016-05-16,2.950765113962699,"{""type"":""MultiPoint"",""coordinates"":[]}"
20160517,2016-05-17,9.654306243431261,"{""type"":""MultiPoint"",""coordinates"":[]}"
20160518,2016-05-18,14.849252547686815,"{""type"":""MultiPoint"",""coordinates"":[]}"
20160519,2016-05-19,15.158526434877547,"{""type"":""MultiPoint"",""coordinates"":[]}"
20160520,2016-05-20,1.0040381688685796,"{""type"":""MultiPoint"",""coordinates"":[]}"
20160521,2016-05-21,0.0,"{""type"":""MultiPoint"",""coordinates"":[]}"
20160522,2016-05-22,0.0,"{""type"":""MultiPoint"",""coordinates"":[]}"
20160523,2016-05-23,0.0,"{""type"":""MultiPoint"",""coordinates"":[]}"
20160524,2016-05-24,0.3903366768032778,"{""type"":""MultiPoint"",""coordinates"":[]}"
20160525,2016-05-25,0.0,"{""type"":""MultiPoint"",""coordinates"":[]}"
20160526,2016-05-26,0.09829529935896769,"{""type"":""MultiPoint"",""coordinates"":[]}"
20160527,2016-05-27,0.0,"{""type"":""MultiPoint"",""coordinates"":[]}"
20160528,2016-05-28,20.64888774001666,"{""type"":""MultiPoint"",""coordinates"":[]}"
20160529,2016-05-29,8.547964205749786,"{""type"":""MultiPoint"",""coordinates"":[]}"
20160530,2016-05-30,0.0,"{""type"":""MultiPoint"",""coordinates"":[]}"
20160531,2016-05-31,0.24284384447057608,"{""type"":""MultiPoint"",""coordinates"":[]}"
20160601,2016-06-01,0.08706319989733927,"{""type"":""MultiPoint"",""coordinates"":[]}"
20160602,2016-06-02,12.664631150904013,"{""type"":""MultiPoint"",""coordinates"":[]}"
20160603,2016-06-03,5.601882683524168,"{""type"":""MultiPoint"",""coordinates"":[]}"
20160604,2016-06-04,12.260616628856798,"{""type"":""MultiPoint"",""coordinates"":[]}"
20160605,2016-06-05,1.3087671651461033,"{""type"":""MultiPoint"",""coordinates"":[]}"
20160606,2016-06-06,3.241362636232935,"{""type"":""MultiPoint"",""coordinates"":[]}"
20160607,2016-06-07,11.010646035852066,"{""type"":""MultiPoint"",""coordinates"":[]}"
20160608,2016-06-08,8.67744279820922,"{""type"":""MultiPoint"",""coordinates"":[]}"
20160609,2016-06-09,0.0,"{""type"":""MultiPoint"",""coordinates"":[]}"
20160610,2016-06-10,0.04433625927490718,"{""type"":""MultiPoint"",""coordinates"":[]}"
20160611,2016-06-11,0.022732815923216684,"{""type"":""MultiPoint"",""coordinates"":[]}"
20160612,2016-06-12,0.0,"{""type"":""MultiPoint"",""coordinates"":[]}"
20160613,2016-06-13,0.0,"{""type"":""MultiPoint"",""coordinates"":[]}"
20160614,2016-06-14,0.41033077686491254,"{""type"":""MultiPoint"",""coordinates"":[]}"
20160615,2016-06-15,0.0,"{""type"":""MultiPoint"",""coordinates"":[]}"
20160616,2016-06-16,0.007912226946018872,"{""type"":""MultiPoint"",""coordinates"":[]}"
20160617,2016-06-17,3.9213564978830804,"{""type"":""MultiPoint"",""coordinates"":[]}"
20160618,2016-06-18,13.979906269307433,"{""type"":""MultiPoint"",""coordinates"":[]}"
20160619,2016-06-19,7.828696905545822,"{""type"":""MultiPoint"",""coordinates"":[]}"
20160620,2016-06-20,5.013361874515748,"{""type"":""MultiPoint"",""coordinates"":[]}"
20160621,2016-06-21,5.884699957280617,"{""type"":""MultiPoint"",""coordinates"":[]}"
20160622,2016-06-22,0.7496132730585906,"{""type"":""MultiPoint"",""coordinates"":[]}"
20160623,2016-06-23,3.8761112518163894,"{""type"":""MultiPoint"",""coordinates"":[]}"
20160624,2016-06-24,5.858213589423457,"{""type"":""MultiPoint"",""coordinates"":[]}"
20160625,2016-06-25,12.200014675536172,"{""type"":""MultiPoint"",""coordinates"":[]}"
20160626,2016-06-26,2.6378261872073483,"{""type"":""MultiPoint"",""coordinates"":[]}"
20160627,2016-06-27,7.675236830133533,"{""type"":""MultiPoint"",""coordinates"":[]}"
20160628,2016-06-28,9.919155147312544,"{""type"":""MultiPoint"",""coordinates"":[]}"
20160629,2016-06-29,7.15781685330693,"{""type"":""MultiPoint"",""coordinates"":[]}"
20160630,2016-06-30,0.06417994956278676,"{""type"":""MultiPoint"",""coordinates"":[]}"
20160701,2016-07-01,0.29420588412247795,"{""type"":""MultiPoint"",""coordinates"":[]}"
20160702,2016-07-02,0.29739319380403245,"{""type"":""MultiPoint"",""coordinates"":[]}"
20160703,2016-07-03,0.7221426196295202,"{""type"":""MultiPoint"",""coordinates"":[]}"
20160704,2016-07-04,4.247724407730521,"{""type"":""MultiPoint"",""coordinates"":[]}"
20160705,2016-07-05,6.996742154933511,"{""type"":""MultiPoint"",""coordinates"":[]}"
20160706,2016-07-06,1.5846792142748587,"{""type"":""MultiPoint"",""coordinates"":[]}"
20160707,2016-07-07,0.06599326505247477,"{""type"":""MultiPoint"",""coordinates"":[]}"
20160708,2016-07-08,5.247704972464388,"{""type"":""MultiPoint"",""coordinates"":[]}"
20160709,2016-07-09,7.4810183591384485,"{""type"":""MultiPoint"",""coordinates"":[]}"
20160710,2016-07-10,2.962541007263436,"{""type"":""MultiPoint"",""coordinates"":[]}"
20160711,2016-07-11,3.0733752940464325,"{""type"":""MultiPoint"",""coordinates"":[]}"
20160712,2016-07-12,0.019062584384115778,"{""type"":""MultiPoint"",""coordinates"":[]}"
20160713,2016-07-13,0.0,"{""type"":""MultiPoint"",""coordinates"":[]}"
20160714,2016-07-14,0.0,"{""type"":""MultiPoint"",""coordinates"":[]}"
20160715,2016-07-15,0.0,"{""type"":""MultiPoint"",""coordinates"":[]}"
20160716,2016-07-16,2.5398104275204108,"{""type"":""MultiPoint"",""coordinates"":[]}"
20160717,2016-07-17,3.063333751243972,"{""type"":""MultiPoint"",""coordinates"":[]}"
20160718,2016-07-18,5.984939648867591,"{""type"":""MultiPoint"",""coordinates"":[]}"
20160719,2016-07-19,8.008516314274233,"{""type"":""MultiPoint"",""coordinates"":[]}"
20160720,2016-07-20,0.26246557855252584,"{""type"":""MultiPoint"",""coordinates"":[]}"
20160721,2016-07-21,0.5147250920110785,"{""type"":""MultiPoint"",""coordinates"":[]}"
20160722,2016-07-22,12.872912301419431,"{""type"":""MultiPoint"",""coordinates"":[]}"
20160723,2016-07-23,7.492891661825188,"{""type"":""MultiPoint"",""coordinates"":[]}"
20160724,2016-07-24,5.386093428708462,"{""type"":""MultiPoint"",""coordinates"":[]}"
20160725,2016-07-25,1.2830325867538266,"{""type"":""MultiPoint"",""coordinates"":[]}"
20160726,2016-07-26,9.472875185450155,"{""type"":""MultiPoint"",""coordinates"":[]}"
20160727,2016-07-27,9.062261212365453,"{""type"":""MultiPoint"",""coordinates"":[]}"
20160728,2016-07-28,3.9572421244837828,"{""type"":""MultiPoint"",""coordinates"":[]}"
20160729,2016-07-29,7.83324715872067,"{""type"":""MultiPoint"",""coordinates"":[]}"
20160730,2016-07-30,1.9456175206293722,"{""type"":""MultiPoint"",""coordinates"":[]}"
20160731,2016-07-31,1.7802496494775109,"{""type"":""MultiPoint"",""coordinates"":[]}"
20160801,2016-08-01,3.813480018138315,"{""type"":""MultiPoint"",""coordinates"":[]}"
20160802,2016-08-02,1.1298551769402874,"{""type"":""MultiPoint"",""coordinates"":[]}"
20160803,2016-08-03,0.12351659355489364,"{""type"":""MultiPoint"",""coordinates"":[]}"
20160804,2016-08-04,5.422698627586201,"{""type"":""MultiPoint"",""coordinates"":[]}"
20160805,2016-08-05,0.4975000414953789,"{""type"":""MultiPoint"",""coordinates"":[]}"
20160806,2016-08-06,1.0027007679179811,"{""type"":""MultiPoint"",""coordinates"":[]}"
20160807,2016-08-07,0.37507125119538587,"{""type"":""MultiPoint"",""coordinates"":[]}"
20160808,2016-08-08,0.0,"{""type"":""MultiPoint"",""coordinates"":[]}"
20160809,2016-08-09,0.0,"{""type"":""MultiPoint"",""coordinates"":[]}"
20160810,2016-08-10,0.3330706023755511,"{""type"":""MultiPoint"",""coordinates"":[]}"
20160811,2016-08-11,0.005678691367092949,"{""type"":""MultiPoint"",""coordinates"":[]}"
20160812,2016-08-12,0.0,"{""type"":""MultiPoint"",""coordinates"":[]}"
20160813,2016-08-13,0.16009989236927943,"{""type"":""MultiPoint"",""coordinates"":[]}"
20160814,2016-08-14,0.006192900419355465,"{""type"":""MultiPoint"",""coordinates"":[]}"
20160815,2016-08-15,0.0,"{""type"":""MultiPoint"",""coordinates"":[]}"
20160816,2016-08-16,0.03677638080207859,"{""type"":""MultiPoint"",""coordinates"":[]}"
20160817,2016-08-17,0.0,"{""type"":""MultiPoint"",""coordinates"":[]}"
20160818,2016-08-18,0.0,"{""type"":""MultiPoint"",""coordinates"":[]}"
20160819,2016-08-19,0.0,"{""type"":""MultiPoint"",""coordinates"":[]}"
20160820,2016-08-20,0.0,"{""type"":""MultiPoint"",""coordinates"":[]}"
20160821,2016-08-21,0.0,"{""type"":""MultiPoint"",""coordinates"":[]}"
20160822,2016-08-22,0.3384334728846767,"{""type"":""MultiPoint"",""coordinates"":[]}"
20160823,2016-08-23,0.06113435580798223,"{""type"":""MultiPoint"",""coordinates"":[]}"
20160824,2016-08-24,0.23530921245539585,"{""type"":""MultiPoint"",""coordinates"":[]}"
20160825,2016-08-25,8.480227499153894,"{""type"":""MultiPoint"",""coordinates"":[]}"
20160826,2016-08-26,10.50230667722555,"{""type"":""MultiPoint"",""coordinates"":[]}"
20160827,2016-08-27,13.622663585957104,"{""type"":""MultiPoint"",""coordinates"":[]}"
20160828,2016-08-28,1.8887358556903877,"{""type"":""MultiPoint"",""coordinates"":[]}"
20160829,2016-08-29,6.147294426811609,"{""type"":""MultiPoint"",""coordinates"":[]}"
20160830,2016-08-30,24.819994530764838,"{""type"":""MultiPoint"",""coordinates"":[]}"
20160831,2016-08-31,5.479028562641615,"{""type"":""MultiPoint"",""coordinates"":[]}"
20160901,2016-09-01,0.5718120969129044,"{""type"":""MultiPoint"",""coordinates"":[]}"
20160902,2016-09-02,2.408705971921001,"{""type"":""MultiPoint"",""coordinates"":[]}"
20160903,2016-09-03,4.324770674019774,"{""type"":""MultiPoint"",""coordinates"":[]}"
20160904,2016-09-04,0.06981062365227507,"{""type"":""MultiPoint"",""coordinates"":[]}"
20160905,2016-09-05,0.049599181626002006,"{""type"":""MultiPoint"",""coordinates"":[]}"
20160906,2016-09-06,0.0,"{""type"":""MultiPoint"",""coordinates"":[]}"
20160907,2016-09-07,0.0,"{""type"":""MultiPoint"",""coordinates"":[]}"
20160908,2016-09-08,0.0,"{""type"":""MultiPoint"",""coordinates"":[]}"
20160909,2016-09-09,0.3907387002821743,"{""type"":""MultiPoint"",""coordinates"":[]}"
20160910,2016-09-10,6.454467229688433,"{""type"":""MultiPoint"",""coordinates"":[]}"
20160911,2016-09-11,1.2995691636262168,"{""type"":""MultiPoint"",""coordinates"":[]}"
20160912,2016-09-12,18.799223789832954,"{""type"":""MultiPoint"",""coordinates"":[]}"
20160913,2016-09-13,17.857383703137593,"{""type"":""MultiPoint"",""coordinates"":[]}"
20160914,2016-09-14,2.7691211281951134,"{""type"":""MultiPoint"",""coordinates"":[]}"
20160915,2016-09-15,1.9116081524596684,"{""type"":""MultiPoint"",""coordinates"":[]}"
20160916,2016-09-16,0.06486101180149309,"{""type"":""MultiPoint"",""coordinates"":[]}"
20160917,2016-09-17,0.09560253005570572,"{""type"":""MultiPoint"",""coordinates"":[]}"
20160918,2016-09-18,0.4935664315561565,"{""type"":""MultiPoint"",""coordinates"":[]}"
20160919,2016-09-19,0.1867548860179885,"{""type"":""MultiPoint"",""coordinates"":[]}"
20160920,2016-09-20,10.863213957383888,"{""type"":""MultiPoint"",""coordinates"":[]}"
20160921,2016-09-21,12.912754752215944,"{""type"":""MultiPoint"",""coordinates"":[]}"
20160922,2016-09-22,18.952530451572134,"{""type"":""MultiPoint"",""coordinates"":[]}"
20160923,2016-09-23,8.875797592879776,"{""type"":""MultiPoint"",""coordinates"":[]}"
20160924,2016-09-24,0.7632784941957674,"{""type"":""MultiPoint"",""coordinates"":[]}"
20160925,2016-09-25,0.49440365166990763,"{""type"":""MultiPoint"",""coordinates"":[]}"
20160926,2016-09-26,6.446893024580742,"{""type"":""MultiPoint"",""coordinates"":[]}"
20160927,2016-09-27,9.224074515837385,"{""type"":""MultiPoint"",""coordinates"":[]}"
20160928,2016-09-28,8.94302396919852,"{""type"":""MultiPoint"",""coordinates"":[]}"
20160929,2016-09-29,0.9435287351486925,"{""type"":""MultiPoint"",""coordinates"":[]}"
20160930,2016-09-30,0.9259783064993735,"{""type"":""MultiPoint"",""coordinates"":[]}"
20161001,2016-10-01,0.028108134562738953,"{""type"":""MultiPoint"",""coordinates"":[]}"
20161002,2016-10-02,0.023894142405485208,"{""type"":""MultiPoint"",""coordinates"":[]}"
20161003,2016-10-03,0.4074917789392124,"{""type"":""MultiPoint"",""coordinates"":[]}"
20161004,2016-10-04,0.0,"{""type"":""MultiPoint"",""coordinates"":[]}"
20161005,2016-10-05,0.0,"{""type"":""MultiPoint"",""coordinates"":[]}"
20161006,2016-10-06,0.5631053218625198,"{""type"":""MultiPoint"",""coordinates"":[]}"
20161007,2016-10-07,1.7327620808739341,"{""type"":""MultiPoint"",""coordinates"":[]}"
20161008,2016-10-08,0.8032997772191767,"{""type"":""MultiPoint"",""coordinates"":[]}"
20161009,2016-10-09,4.6590946399628965,"{""type"":""MultiPoint"",""coordinates"":[]}"
20161010,2016-10-10,2.4304077057494653,"{""type"":""MultiPoint"",""coordinates"":[]}"
20161011,2016-10-11,0.5493581018727755,"{""type"":""MultiPoint"",""coordinates"":[]}"
20161012,2016-10-12,0.0010397885732318043,"{""type"":""MultiPoint"",""coordinates"":[]}"
20161013,2016-10-13,0.05598465372588278,"{""type"":""MultiPoint"",""coordinates"":[]}"
20161014,2016-10-14,0.0,"{""type"":""MultiPoint"",""coordinates"":[]}"
20161015,2016-10-15,0.0,"{""type"":""MultiPoint"",""coordinates"":[]}"
20161016,2016-10-16,0.0,"{""type"":""MultiPoint"",""coordinates"":[]}"
20161017,2016-10-17,0.0,"{""type"":""MultiPoint"",""coordinates"":[]}"
20161018,2016-10-18,0.6826099815358286,"{""type"":""MultiPoint"",""coordinates"":[]}"
20161019,2016-10-19,0.0,"{""type"":""MultiPoint"",""coordinates"":[]}"
20161020,2016-10-20,0.0,"{""type"":""MultiPoint"",""coordinates"":[]}"
20161021,2016-10-21,1.196378742249691,"{""type"":""MultiPoint"",""coordinates"":[]}"
20161022,2016-10-22,0.05553618595676002,"{""type"":""MultiPoint"",""coordinates"":[]}"
20161023,2016-10-23,0.6859047128826159,"{""type"":""MultiPoint"",""coordinates"":[]}"
20161024,2016-10-24,0.6373859234574604,"{""type"":""MultiPoint"",""coordinates"":[]}"
20161025,2016-10-25,0.0,"{""type"":""MultiPoint"",""coordinates"":[]}"
20161026,2016-10-26,0.0,"{""type"":""MultiPoint"",""coordinates"":[]}"
20161027,2016-10-27,0.0,"{""type"":""MultiPoint"",""coordinates"":[]}"
20161028,2016-10-28,0.0,"{""type"":""MultiPoint"",""coordinates"":[]}"
20161029,2016-10-29,0.0,"{""type"":""MultiPoint"",""coordinates"":[]}"
20161030,2016-10-30,0.0,"{""type"":""MultiPoint"",""coordinates"":[]}"
20161031,2016-10-31,1.7320941858649084,"{""type"":""MultiPoint"",""coordinates"":[]}"
20161101,2016-11-01,0.09436903553089485,"{""type"":""MultiPoint"",""coordinates"":[]}"
20161102,2016-11-02,0.3484280001336504,"{""type"":""MultiPoint"",""coordinates"":[]}"
20161103,2016-11-03,0.0,"{""type"":""MultiPoint"",""coordinates"":[]}"
20161104,2016-11-04,0.0,"{""type"":""MultiPoint"",""coordinates"":[]}"
20161105,2016-11-05,0.0,"{""type"":""MultiPoint"",""coordinates"":[]}"
20161106,2016-11-06,0.0,"{""type"":""MultiPoint"",""coordinates"":[]}"
20161107,2016-11-07,0.006873884231904362,"{""type"":""MultiPoint"",""coordinates"":[]}"
20161108,2016-11-08,0.17275171429526842,"{""type"":""MultiPoint"",""coordinates"":[]}"
20161109,2016-11-09,0.0,"{""type"":""MultiPoint"",""coordinates"":[]}"
20161110,2016-11-10,0.0,"{""type"":""MultiPoint"",""coordinates"":[]}"
20161111,2016-11-11,0.0,"{""type"":""MultiPoint"",""coordinates"":[]}"
20161112,2016-11-12,0.0,"{""type"":""MultiPoint"",""coordinates"":[]}"
20161113,2016-11-13,0.0,"{""type"":""MultiPoint"",""coordinates"":[]}"
20161114,2016-11-14,0.6745915850940701,"{""type"":""MultiPoint"",""coordinates"":[]}"
20161115,2016-11-15,0.15207322201553536,"{""type"":""MultiPoint"",""coordinates"":[]}"
20161116,2016-11-16,0.39749475044763816,"{""type"":""MultiPoint"",""coordinates"":[]}"
20161117,2016-11-17,0.056602755073452096,"{""type"":""MultiPoint"",""coordinates"":[]}"
20161118,2016-11-18,0.0,"{""type"":""MultiPoint"",""coordinates"":[]}"
20161119,2016-11-19,0.18178081322420847,"{""type"":""MultiPoint"",""coordinates"":[]}"
20161120,2016-11-20,0.16854276625344297,"{""type"":""MultiPoint"",""coordinates"":[]}"
20161121,2016-11-21,0.28162561144437603,"{""type"":""MultiPoint"",""coordinates"":[]}"
20161122,2016-11-22,0.0,"{""type"":""MultiPoint"",""coordinates"":[]}"
20161123,2016-11-23,0.0,"{""type"":""MultiPoint"",""coordinates"":[]}"
20161124,2016-11-24,0.048542841136198306,"{""type"":""MultiPoint"",""coordinates"":[]}"
20161125,2016-11-25,0.0,"{""type"":""MultiPoint"",""coordinates"":[]}"
20161126,2016-11-26,0.0,"{""type"":""MultiPoint"",""coordinates"":[]}"
20161127,2016-11-27,0.09822736864145747,"{""type"":""MultiPoint"",""coordinates"":[]}"
20161128,2016-11-28,0.3554191880240845,"{""type"":""MultiPoint"",""coordinates"":[]}"
20161129,2016-11-29,0.22396912175673153,"{""type"":""MultiPoint"",""coordinates"":[]}"
20161130,2016-11-30,0.4922140659567458,"{""type"":""MultiPoint"",""coordinates"":[]}"
20161201,2016-12-01,0.4019738514548492,"{""type"":""MultiPoint"",""coordinates"":[]}"
20161202,2016-12-02,0.01705841370931294,"{""type"":""MultiPoint"",""coordinates"":[]}"
20161203,2016-12-03,0.0,"{""type"":""MultiPoint"",""coordinates"":[]}"
20161204,2016-12-04,0.0,"{""type"":""MultiPoint"",""coordinates"":[]}"
20161205,2016-12-05,0.0,"{""type"":""MultiPoint"",""coordinates"":[]}"
20161206,2016-12-06,0.0,"{""type"":""MultiPoint"",""coordinates"":[]}"
20161207,2016-12-07,0.0,"{""type"":""MultiPoint"",""coordinates"":[]}"
20161208,2016-12-08,0.0,"{""type"":""MultiPoint"",""coordinates"":[]}"
20161209,2016-12-09,0.0,"{""type"":""MultiPoint"",""coordinates"":[]}"
20161210,2016-12-10,0.08507536433257563,"{""type"":""MultiPoint"",""coordinates"":[]}"
20161211,2016-12-11,0.012427105923784012,"{""type"":""MultiPoint"",""coordinates"":[]}"
20161212,2016-12-12,2.282073935313536,"{""type"":""MultiPoint"",""coordinates"":[]}"
20161213,2016-12-13,0.21483524160749967,"{""type"":""MultiPoint"",""coordinates"":[]}"
20161214,2016-12-14,0.0,"{""type"":""MultiPoint"",""coordinates"":[]}"
20161215,2016-12-15,0.0,"{""type"":""MultiPoint"",""coordinates"":[]}"
20161216,2016-12-16,0.021006009310897925,"{""type"":""MultiPoint"",""coordinates"":[]}"
20161217,2016-12-17,0.0,"{""type"":""MultiPoint"",""coordinates"":[]}"
20161218,2016-12-18,0.0,"{""type"":""MultiPoint"",""coordinates"":[]}"
20161219,2016-12-19,0.0,"{""type"":""MultiPoint"",""coordinates"":[]}"
20161220,2016-12-20,0.0,"{""type"":""MultiPoint"",""coordinates"":[]}"
20161221,2016-12-21,0.0,"{""type"":""MultiPoint"",""coordinates"":[]}"
20161222,2016-12-22,0.0,"{""type"":""MultiPoint"",""coordinates"":[]}"
20161223,2016-12-23,0.0,"{""type"":""MultiPoint"",""coordinates"":[]}"
20161224,2016-12-24,0.0,"{""type"":""MultiPoint"",""coordinates"":[]}"
20161225,2016-12-25,0.0,"{""type"":""MultiPoint"",""coordinates"":[]}"
20161226,2016-12-26,0.0,"{""type"":""MultiPoint"",""coordinates"":[]}"
20161227,2016-12-27,0.0,"{""type"":""MultiPoint"",""coordinates"":[]}"
20161228,2016-12-28,0.0,"{""type"":""MultiPoint"",""coordinates"":[]}"
20161229,2016-12-29,0.0,"{""type"":""MultiPoint"",""coordinates"":[]}"
20161230,2016-12-30,0.0,"{""type"":""MultiPoint"",""coordinates"":[]}"
20161231,2016-12-31,0.0,"{""type"":""MultiPoint"",""coordinates"":[]}"
20170101,2017-01-01,0.0,"{""type"":""MultiPoint"",""coordinates"":[]}"
20170102,2017-01-02,0.07813640270984284,"{""type"":""MultiPoint"",""coordinates"":[]}"
20170103,2017-01-03,0.0,"{""type"":""MultiPoint"",""coordinates"":[]}"
20170104,2017-01-04,0.0016762804955846994,"{""type"":""MultiPoint"",""coordinates"":[]}"
20170105,2017-01-05,0.04288525081972026,"{""type"":""MultiPoint"",""coordinates"":[]}"
20170106,2017-01-06,0.006141398216593183,"{""type"":""MultiPoint"",""coordinates"":[]}"
20170107,2017-01-07,0.0,"{""type"":""MultiPoint"",""coordinates"":[]}"
20170108,2017-01-08,0.0021528059290960816,"{""type"":""MultiPoint"",""coordinates"":[]}"
20170109,2017-01-09,0.0,"{""type"":""MultiPoint"",""coordinates"":[]}"
20170110,2017-01-10,0.0,"{""type"":""MultiPoint"",""coordinates"":[]}"
20170111,2017-01-11,0.0,"{""type"":""MultiPoint"",""coordinates"":[]}"
20170112,2017-01-12,0.012221513183518105,"{""type"":""MultiPoint"",""coordinates"":[]}"
20170113,2017-01-13,0.05236698878502461,"{""type"":""MultiPoint"",""coordinates"":[]}"
20170114,2017-01-14,0.0038753533816323397,"{""type"":""MultiPoint"",""coordinates"":[]}"
20170115,2017-01-15,0.0,"{""type"":""MultiPoint"",""coordinates"":[]}"
20170116,2017-01-16,0.0,"{""type"":""MultiPoint"",""coordinates"":[]}"
20170117,2017-01-17,0.00652791904614129,"{""type"":""MultiPoint"",""coordinates"":[]}"
20170118,2017-01-18,0.0034272573700779643,"{""type"":""MultiPoint"",""coordinates"":[]}"
20170119,2017-01-19,0.03637895622737099,"{""type"":""MultiPoint"",""coordinates"":[]}"
20170120,2017-01-20,0.010259835033907552,"{""type"":""MultiPoint"",""coordinates"":[]}"
20170121,2017-01-21,0.0,"{""type"":""MultiPoint"",""coordinates"":[]}"
20170122,2017-01-22,0.0,"{""type"":""MultiPoint"",""coordinates"":[]}"
20170123,2017-01-23,0.0,"{""type"":""MultiPoint"",""coordinates"":[]}"
20170124,2017-01-24,0.0,"{""type"":""MultiPoint"",""coordinates"":[]}"
20170125,2017-01-25,0.0,"{""type"":""MultiPoint"",""coordinates"":[]}"
20170126,2017-01-26,0.0,"{""type"":""MultiPoint"",""coordinates"":[]}"
20170127,2017-01-27,9.71107725436951E-4,"{""type"":""MultiPoint"",""coordinates"":[]}"
20170128,2017-01-28,0.0,"{""type"":""MultiPoint"",""coordinates"":[]}"
20170129,2017-01-29,0.0,"{""type"":""MultiPoint"",""coordinates"":[]}"
20170130,2017-01-30,0.0,"{""type"":""MultiPoint"",""coordinates"":[]}"
20170131,2017-01-31,0.0,"{""type"":""MultiPoint"",""coordinates"":[]}"
20170201,2017-02-01,0.0,"{""type"":""MultiPoint"",""coordinates"":[]}"
20170202,2017-02-02,0.0,"{""type"":""MultiPoint"",""coordinates"":[]}"
20170203,2017-02-03,0.0,"{""type"":""MultiPoint"",""coordinates"":[]}"
20170204,2017-02-04,0.0,"{""type"":""MultiPoint"",""coordinates"":[]}"
20170205,2017-02-05,0.0,"{""type"":""MultiPoint"",""coordinates"":[]}"
20170206,2017-02-06,0.0,"{""type"":""MultiPoint"",""coordinates"":[]}"
20170207,2017-02-07,0.0,"{""type"":""MultiPoint"",""coordinates"":[]}"
20170208,2017-02-08,0.0,"{""type"":""MultiPoint"",""coordinates"":[]}"
20170209,2017-02-09,0.0,"{""type"":""MultiPoint"",""coordinates"":[]}"
20170210,2017-02-10,0.0,"{""type"":""MultiPoint"",""coordinates"":[]}"
20170211,2017-02-11,0.0,"{""type"":""MultiPoint"",""coordinates"":[]}"
20170212,2017-02-12,0.0,"{""type"":""MultiPoint"",""coordinates"":[]}"
20170213,2017-02-13,0.0,"{""type"":""MultiPoint"",""coordinates"":[]}"
20170214,2017-02-14,0.0,"{""type"":""MultiPoint"",""coordinates"":[]}"
20170215,2017-02-15,0.0,"{""type"":""MultiPoint"",""coordinates"":[]}"
20170216,2017-02-16,0.0,"{""type"":""MultiPoint"",""coordinates"":[]}"
20170217,2017-02-17,0.0,"{""type"":""MultiPoint"",""coordinates"":[]}"
20170218,2017-02-18,0.0,"{""type"":""MultiPoint"",""coordinates"":[]}"
20170219,2017-02-19,0.0,"{""type"":""MultiPoint"",""coordinates"":[]}"
20170220,2017-02-20,0.0,"{""type"":""MultiPoint"",""coordinates"":[]}"
20170221,2017-02-21,0.0,"{""type"":""MultiPoint"",""coordinates"":[]}"
20170222,2017-02-22,0.0,"{""type"":""MultiPoint"",""coordinates"":[]}"
20170223,2017-02-23,0.0,"{""type"":""MultiPoint"",""coordinates"":[]}"
20170224,2017-02-24,0.0,"{""type"":""MultiPoint"",""coordinates"":[]}"
20170225,2017-02-25,0.0,"{""type"":""MultiPoint"",""coordinates"":[]}"
20170226,2017-02-26,0.0,"{""type"":""MultiPoint"",""coordinates"":[]}"
20170227,2017-02-27,0.05149208981616268,"{""type"":""MultiPoint"",""coordinates"":[]}"
20170228,2017-02-28,0.0,"{""type"":""MultiPoint"",""coordinates"":[]}"
20170301,2017-03-01,0.035437870392891424,"{""type"":""MultiPoint"",""coordinates"":[]}"
20170302,2017-03-02,0.007949116636944469,"{""type"":""MultiPoint"",""coordinates"":[]}"
20170303,2017-03-03,0.05023460585740189,"{""type"":""MultiPoint"",""coordinates"":[]}"
20170304,2017-03-04,0.075437028129532,"{""type"":""MultiPoint"",""coordinates"":[]}"
20170305,2017-03-05,0.03975107006379321,"{""type"":""MultiPoint"",""coordinates"":[]}"
20170306,2017-03-06,0.0,"{""type"":""MultiPoint"",""coordinates"":[]}"
20170307,2017-03-07,0.0,"{""type"":""MultiPoint"",""coordinates"":[]}"
20170308,2017-03-08,0.0,"{""type"":""MultiPoint"",""coordinates"":[]}"
20170309,2017-03-09,0.0,"{""type"":""MultiPoint"",""coordinates"":[]}"
20170310,2017-03-10,0.0,"{""type"":""MultiPoint"",""coordinates"":[]}"
20170311,2017-03-11,0.0,"{""type"":""MultiPoint"",""coordinates"":[]}"
20170312,2017-03-12,0.0,"{""type"":""MultiPoint"",""coordinates"":[]}"
20170313,2017-03-13,0.0,"{""type"":""MultiPoint"",""coordinates"":[]}"
20170314,2017-03-14,0.18948581151670169,"{""type"":""MultiPoint"",""coordinates"":[]}"
20170315,2017-03-15,2.0017450958761103,"{""type"":""MultiPoint"",""coordinates"":[]}"
20170316,2017-03-16,0.0,"{""type"":""MultiPoint"",""coordinates"":[]}"
20170317,2017-03-17,0.0,"{""type"":""MultiPoint"",""coordinates"":[]}"
20170318,2017-03-18,0.0,"{""type"":""MultiPoint"",""coordinates"":[]}"
20170319,2017-03-19,0.0,"{""type"":""MultiPoint"",""coordinates"":[]}"
20170320,2017-03-20,0.0,"{""type"":""MultiPoint"",""coordinates"":[]}"
20170321,2017-03-21,0.0,"{""type"":""MultiPoint"",""coordinates"":[]}"
20170322,2017-03-22,0.0,"{""type"":""MultiPoint"",""coordinates"":[]}"
20170323,2017-03-23,0.0,"{""type"":""MultiPoint"",""coordinates"":[]}"
20170324,2017-03-24,0.0,"{""type"":""MultiPoint"",""coordinates"":[]}"
20170325,2017-03-25,0.0,"{""type"":""MultiPoint"",""coordinates"":[]}"
20170326,2017-03-26,0.0,"{""type"":""MultiPoint"",""coordinates"":[]}"
20170327,2017-03-27,0.0,"{""type"":""MultiPoint"",""coordinates"":[]}"
20170328,2017-03-28,0.0,"{""type"":""MultiPoint"",""coordinates"":[]}"
20170329,2017-03-29,0.0,"{""type"":""MultiPoint"",""coordinates"":[]}"
20170330,2017-03-30,0.0,"{""type"":""MultiPoint"",""coordinates"":[]}"
20170331,2017-03-31,0.0,"{""type"":""MultiPoint"",""coordinates"":[]}"
20170401,2017-04-01,0.0,"{""type"":""MultiPoint"",""coordinates"":[]}"
20170402,2017-04-02,0.0,"{""type"":""MultiPoint"",""coordinates"":[]}"
20170403,2017-04-03,0.6577539395468666,"{""type"":""MultiPoint"",""coordinates"":[]}"
20170404,2017-04-04,0.04662628801662105,"{""type"":""MultiPoint"",""coordinates"":[]}"
20170405,2017-04-05,1.6144584973550762,"{""type"":""MultiPoint"",""coordinates"":[]}"
20170406,2017-04-06,0.04002171730478179,"{""type"":""MultiPoint"",""coordinates"":[]}"
20170407,2017-04-07,0.284020528719306,"{""type"":""MultiPoint"",""coordinates"":[]}"
20170408,2017-04-08,0.16444896436774273,"{""type"":""MultiPoint"",""coordinates"":[]}"
20170409,2017-04-09,0.07317559341008097,"{""type"":""MultiPoint"",""coordinates"":[]}"
20170410,2017-04-10,0.1236467617065973,"{""type"":""MultiPoint"",""coordinates"":[]}"
20170411,2017-04-11,0.0,"{""type"":""MultiPoint"",""coordinates"":[]}"
20170412,2017-04-12,0.0,"{""type"":""MultiPoint"",""coordinates"":[]}"
20170413,2017-04-13,0.0,"{""type"":""MultiPoint"",""coordinates"":[]}"
20170414,2017-04-14,0.0,"{""type"":""MultiPoint"",""coordinates"":[]}"
20170415,2017-04-15,0.0,"{""type"":""MultiPoint"",""coordinates"":[]}"
20170416,2017-04-16,0.0,"{""type"":""MultiPoint"",""coordinates"":[]}"
20170417,2017-04-17,0.0,"{""type"":""MultiPoint"",""coordinates"":[]}"
20170418,2017-04-18,0.0,"{""type"":""MultiPoint"",""coordinates"":[]}"
20170419,2017-04-19,0.021138427312798108,"{""type"":""MultiPoint"",""coordinates"":[]}"
20170420,2017-04-20,0.0,"{""type"":""MultiPoint"",""coordinates"":[]}"
20170421,2017-04-21,0.0,"{""type"":""MultiPoint"",""coordinates"":[]}"
20170422,2017-04-22,0.0,"{""type"":""MultiPoint"",""coordinates"":[]}"
20170423,2017-04-23,0.0,"{""type"":""MultiPoint"",""coordinates"":[]}"
20170424,2017-04-24,0.15022155967079553,"{""type"":""MultiPoint"",""coordinates"":[]}"
20170425,2017-04-25,0.005147773367936597,"{""type"":""MultiPoint"",""coordinates"":[]}"
20170426,2017-04-26,0.0,"{""type"":""MultiPoint"",""coordinates"":[]}"
20170427,2017-04-27,1.949351079334873,"{""type"":""MultiPoint"",""coordinates"":[]}"
20170428,2017-04-28,0.001328333415272705,"{""type"":""MultiPoint"",""coordinates"":[]}"
20170429,2017-04-29,0.32541135948991556,"{""type"":""MultiPoint"",""coordinates"":[]}"
20170430,2017-04-30,0.015662126875166365,"{""type"":""MultiPoint"",""coordinates"":[]}"
20170501,2017-05-01,0.08813203360719309,"{""type"":""MultiPoint"",""coordinates"":[]}"
20170502,2017-05-02,0.0,"{""type"":""MultiPoint"",""coordinates"":[]}"
20170503,2017-05-03,0.0,"{""type"":""MultiPoint"",""coordinates"":[]}"
20170504,2017-05-04,0.0,"{""type"":""MultiPoint"",""coordinates"":[]}"
20170505,2017-05-05,0.0,"{""type"":""MultiPoint"",""coordinates"":[]}"
20170506,2017-05-06,4.080788890392433,"{""type"":""MultiPoint"",""coordinates"":[]}"
20170507,2017-05-07,6.208800014389509,"{""type"":""MultiPoint"",""coordinates"":[]}"
20170508,2017-05-08,0.0,"{""type"":""MultiPoint"",""coordinates"":[]}"
20170509,2017-05-09,1.457753593985729,"{""type"":""MultiPoint"",""coordinates"":[]}"
20170510,2017-05-10,0.04780143778915721,"{""type"":""MultiPoint"",""coordinates"":[]}"
20170511,2017-05-11,1.6474085025574878,"{""type"":""MultiPoint"",""coordinates"":[]}"
20170512,2017-05-12,0.0,"{""type"":""MultiPoint"",""coordinates"":[]}"
20170513,2017-05-13,0.0,"{""type"":""MultiPoint"",""coordinates"":[]}"
20170514,2017-05-14,3.5696666817356917,"{""type"":""MultiPoint"",""coordinates"":[]}"
20170515,2017-05-15,0.28596767515158983,"{""type"":""MultiPoint"",""coordinates"":[]}"
20170516,2017-05-16,0.5121496675812234,"{""type"":""MultiPoint"",""coordinates"":[]}"
20170517,2017-05-17,0.605744210173278,"{""type"":""MultiPoint"",""coordinates"":[]}"
20170518,2017-05-18,0.9555633860059929,"{""type"":""MultiPoint"",""coordinates"":[]}"
20170519,2017-05-19,0.04231100876746103,"{""type"":""MultiPoint"",""coordinates"":[]}"
20170520,2017-05-20,0.016182548070449065,"{""type"":""MultiPoint"",""coordinates"":[]}"
20170521,2017-05-21,0.0,"{""type"":""MultiPoint"",""coordinates"":[]}"
20170522,2017-05-22,0.67879020326828,"{""type"":""MultiPoint"",""coordinates"":[]}"
20170523,2017-05-23,1.1070621180296556,"{""type"":""MultiPoint"",""coordinates"":[]}"
20170524,2017-05-24,0.8745701845306718,"{""type"":""MultiPoint"",""coordinates"":[]}"
20170525,2017-05-25,0.20851536241324806,"{""type"":""MultiPoint"",""coordinates"":[]}"
20170526,2017-05-26,15.99105794494628,"{""type"":""MultiPoint"",""coordinates"":[]}"
20170527,2017-05-27,0.3650797333452617,"{""type"":""MultiPoint"",""coordinates"":[]}"
20170528,2017-05-28,1.1144171090889878,"{""type"":""MultiPoint"",""coordinates"":[]}"
20170529,2017-05-29,0.0,"{""type"":""MultiPoint"",""coordinates"":[]}"
20170530,2017-05-30,0.0,"{""type"":""MultiPoint"",""coordinates"":[]}"
20170531,2017-05-31,0.0,"{""type"":""MultiPoint"",""coordinates"":[]}"
20170601,2017-06-01,0.0,"{""type"":""MultiPoint"",""coordinates"":[]}"
20170602,2017-06-02,1.5291722064334012,"{""type"":""MultiPoint"",""coordinates"":[]}"
20170603,2017-06-03,1.591196003445603,"{""type"":""MultiPoint"",""coordinates"":[]}"
20170604,2017-06-04,1.1253598719730469,"{""type"":""MultiPoint"",""coordinates"":[]}"
20170605,2017-06-05,9.168334280027757,"{""type"":""MultiPoint"",""coordinates"":[]}"
20170606,2017-06-06,23.807223317146736,"{""type"":""MultiPoint"",""coordinates"":[]}"
20170607,2017-06-07,4.97476525654565,"{""type"":""MultiPoint"",""coordinates"":[]}"
20170608,2017-06-08,2.2500914916030093,"{""type"":""MultiPoint"",""coordinates"":[]}"
20170609,2017-06-09,5.209017587545484,"{""type"":""MultiPoint"",""coordinates"":[]}"
20170610,2017-06-10,1.3164929672447683,"{""type"":""MultiPoint"",""coordinates"":[]}"
20170611,2017-06-11,0.7248760189511121,"{""type"":""MultiPoint"",""coordinates"":[]}"
20170612,2017-06-12,1.7780869997485602,"{""type"":""MultiPoint"",""coordinates"":[]}"
20170613,2017-06-13,11.307518250953681,"{""type"":""MultiPoint"",""coordinates"":[]}"
20170614,2017-06-14,6.861096100402807,"{""type"":""MultiPoint"",""coordinates"":[]}"
20170615,2017-06-15,10.94119938094804,"{""type"":""MultiPoint"",""coordinates"":[]}"
20170616,2017-06-16,22.897720041850228,"{""type"":""MultiPoint"",""coordinates"":[]}"
20170617,2017-06-17,0.7722977374584965,"{""type"":""MultiPoint"",""coordinates"":[]}"
20170618,2017-06-18,11.405208847091762,"{""type"":""MultiPoint"",""coordinates"":[]}"
20170619,2017-06-19,11.441274278421824,"{""type"":""MultiPoint"",""coordinates"":[]}"
20170620,2017-06-20,1.4497518587162714,"{""type"":""MultiPoint"",""coordinates"":[]}"
20170621,2017-06-21,1.8706413257915968,"{""type"":""MultiPoint"",""coordinates"":[]}"
20170622,2017-06-22,1.1392035241006437,"{""type"":""MultiPoint"",""coordinates"":[]}"
20170623,2017-06-23,7.633957675197101,"{""type"":""MultiPoint"",""coordinates"":[]}"
20170624,2017-06-24,4.280645364720033,"{""type"":""MultiPoint"",""coordinates"":[]}"
20170625,2017-06-25,2.7279104163078043,"{""type"":""MultiPoint"",""coordinates"":[]}"
20170626,2017-06-26,0.009732811165319405,"{""type"":""MultiPoint"",""coordinates"":[]}"
20170627,2017-06-27,2.146375603716566,"{""type"":""MultiPoint"",""coordinates"":[]}"
20170628,2017-06-28,4.231322054484664,"{""type"":""MultiPoint"",""coordinates"":[]}"
20170629,2017-06-29,0.0010995021926722692,"{""type"":""MultiPoint"",""coordinates"":[]}"
20170630,2017-06-30,3.280663602700616,"{""type"":""MultiPoint"",""coordinates"":[]}"
20170701,2017-07-01,4.445347679760698,"{""type"":""MultiPoint"",""coordinates"":[]}"
20170702,2017-07-02,1.4129591795670984,"{""type"":""MultiPoint"",""coordinates"":[]}"
20170703,2017-07-03,5.273462587022672,"{""type"":""MultiPoint"",""coordinates"":[]}"
20170704,2017-07-04,0.9745032951518894,"{""type"":""MultiPoint"",""coordinates"":[]}"
20170705,2017-07-05,0.24579395265093115,"{""type"":""MultiPoint"",""coordinates"":[]}"
20170706,2017-07-06,7.30895950880117,"{""type"":""MultiPoint"",""coordinates"":[]}"
20170707,2017-07-07,5.305689321881898,"{""type"":""MultiPoint"",""coordinates"":[]}"
20170708,2017-07-08,2.213611895689114,"{""type"":""MultiPoint"",""coordinates"":[]}"
20170709,2017-07-09,1.3308953796302072,"{""type"":""MultiPoint"",""coordinates"":[]}"
20170710,2017-07-10,1.1177267319096382,"{""type"":""MultiPoint"",""coordinates"":[]}"
20170711,2017-07-11,7.60286770973929,"{""type"":""MultiPoint"",""coordinates"":[]}"
20170712,2017-07-12,0.08262526791067429,"{""type"":""MultiPoint"",""coordinates"":[]}"
20170713,2017-07-13,2.5700527674941536,"{""type"":""MultiPoint"",""coordinates"":[]}"
20170714,2017-07-14,5.136617484898212,"{""type"":""MultiPoint"",""coordinates"":[]}"
20170715,2017-07-15,1.0061299320331845,"{""type"":""MultiPoint"",""coordinates"":[]}"
20170716,2017-07-16,2.9854988734950707,"{""type"":""MultiPoint"",""coordinates"":[]}"
20170717,2017-07-17,7.744574198706349,"{""type"":""MultiPoint"",""coordinates"":[]}"
20170718,2017-07-18,16.887253429843177,"{""type"":""MultiPoint"",""coordinates"":[]}"
20170719,2017-07-19,0.010730442748054684,"{""type"":""MultiPoint"",""coordinates"":[]}"
20170720,2017-07-20,0.013800840547413989,"{""type"":""MultiPoint"",""coordinates"":[]}"
20170721,2017-07-21,0.0,"{""type"":""MultiPoint"",""coordinates"":[]}"
20170722,2017-07-22,0.0,"{""type"":""MultiPoint"",""coordinates"":[]}"
20170723,2017-07-23,0.24845962032310462,"{""type"":""MultiPoint"",""coordinates"":[]}"
20170724,2017-07-24,0.24140518777702547,"{""type"":""MultiPoint"",""coordinates"":[]}"
20170725,2017-07-25,0.35355951767085086,"{""type"":""MultiPoint"",""coordinates"":[]}"
20170726,2017-07-26,0.04138212775663179,"{""type"":""MultiPoint"",""coordinates"":[]}"
20170727,2017-07-27,0.45019144234182834,"{""type"":""MultiPoint"",""coordinates"":[]}"
20170728,2017-07-28,1.8702723603683666,"{""type"":""MultiPoint"",""coordinates"":[]}"
20170729,2017-07-29,2.2680249551534755,"{""type"":""MultiPoint"",""coordinates"":[]}"
20170730,2017-07-30,0.48368168911511905,"{""type"":""MultiPoint"",""coordinates"":[]}"
20170731,2017-07-31,2.4434211042791167,"{""type"":""MultiPoint"",""coordinates"":[]}"
20170801,2017-08-01,1.5265803244346132,"{""type"":""MultiPoint"",""coordinates"":[]}"
20170802,2017-08-02,0.8920326083798027,"{""type"":""MultiPoint"",""coordinates"":[]}"
20170803,2017-08-03,0.6188265390994286,"{""type"":""MultiPoint"",""coordinates"":[]}"
20170804,2017-08-04,3.494828762502766,"{""type"":""MultiPoint"",""coordinates"":[]}"
20170805,2017-08-05,0.09369970970825117,"{""type"":""MultiPoint"",""coordinates"":[]}"
20170806,2017-08-06,1.0698753654359954,"{""type"":""MultiPoint"",""coordinates"":[]}"
20170807,2017-08-07,0.8628050897666837,"{""type"":""MultiPoint"",""coordinates"":[]}"
20170808,2017-08-08,6.379111777390212,"{""type"":""MultiPoint"",""coordinates"":[]}"
20170809,2017-08-09,9.648421494586929,"{""type"":""MultiPoint"",""coordinates"":[]}"
20170810,2017-08-10,0.9765248443197678,"{""type"":""MultiPoint"",""coordinates"":[]}"
20170811,2017-08-11,7.172163871139899,"{""type"":""MultiPoint"",""coordinates"":[]}"
20170812,2017-08-12,2.8501682225484397,"{""type"":""MultiPoint"",""coordinates"":[]}"
20170813,2017-08-13,10.412870463123621,"{""type"":""MultiPoint"",""coordinates"":[]}"
20170814,2017-08-14,7.304371089489009,"{""type"":""MultiPoint"",""coordinates"":[]}"
20170815,2017-08-15,3.1512629814860125,"{""type"":""MultiPoint"",""coordinates"":[]}"
20170816,2017-08-16,5.52631031019879,"{""type"":""MultiPoint"",""coordinates"":[]}"
20170817,2017-08-17,8.231865068731757,"{""type"":""MultiPoint"",""coordinates"":[]}"
20170818,2017-08-18,1.1434510158038302,"{""type"":""MultiPoint"",""coordinates"":[]}"
20170819,2017-08-19,1.3894792448169038,"{""type"":""MultiPoint"",""coordinates"":[]}"
20170820,2017-08-20,0.0,"{""type"":""MultiPoint"",""coordinates"":[]}"
20170821,2017-08-21,14.527693682728625,"{""type"":""MultiPoint"",""coordinates"":[]}"
20170822,2017-08-22,1.9218067281624343,"{""type"":""MultiPoint"",""coordinates"":[]}"
20170823,2017-08-23,7.6160653131217035,"{""type"":""MultiPoint"",""coordinates"":[]}"
20170824,2017-08-24,14.513235526558066,"{""type"":""MultiPoint"",""coordinates"":[]}"
20170825,2017-08-25,14.264184687889902,"{""type"":""MultiPoint"",""coordinates"":[]}"
20170826,2017-08-26,6.2227361288206495,"{""type"":""MultiPoint"",""coordinates"":[]}"
20170827,2017-08-27,10.923955574448124,"{""type"":""MultiPoint"",""coordinates"":[]}"
20170828,2017-08-28,11.499497928092797,"{""type"":""MultiPoint"",""coordinates"":[]}"
20170829,2017-08-29,6.416083873138428,"{""type"":""MultiPoint"",""coordinates"":[]}"
20170830,2017-08-30,1.035687211559355,"{""type"":""MultiPoint"",""coordinates"":[]}"
20170831,2017-08-31,2.3602239466839956,"{""type"":""MultiPoint"",""coordinates"":[]}"
20170901,2017-09-01,0.5460264337264346,"{""type"":""MultiPoint"",""coordinates"":[]}"
20170902,2017-09-02,5.702563370847864,"{""type"":""MultiPoint"",""coordinates"":[]}"
20170903,2017-09-03,3.2309292101710305,"{""type"":""MultiPoint"",""coordinates"":[]}"
20170904,2017-09-04,4.173052386716832,"{""type"":""MultiPoint"",""coordinates"":[]}"
20170905,2017-09-05,7.974426779449618,"{""type"":""MultiPoint"",""coordinates"":[]}"
20170906,2017-09-06,24.472454691371393,"{""type"":""MultiPoint"",""coordinates"":[]}"
20170907,2017-09-07,12.455260447378283,"{""type"":""MultiPoint"",""coordinates"":[]}"
20170908,2017-09-08,5.402148421586798,"{""type"":""MultiPoint"",""coordinates"":[]}"
20170909,2017-09-09,0.06785331869079463,"{""type"":""MultiPoint"",""coordinates"":[]}"
20170910,2017-09-10,2.837645657863298,"{""type"":""MultiPoint"",""coordinates"":[]}"
20170911,2017-09-11,1.8144300365522323,"{""type"":""MultiPoint"",""coordinates"":[]}"
20170912,2017-09-12,0.0,"{""type"":""MultiPoint"",""coordinates"":[]}"
20170913,2017-09-13,0.9785594905333646,"{""type"":""MultiPoint"",""coordinates"":[]}"
20170914,2017-09-14,20.546624603576547,"{""type"":""MultiPoint"",""coordinates"":[]}"
20170915,2017-09-15,6.604311511084189,"{""type"":""MultiPoint"",""coordinates"":[]}"
20170916,2017-09-16,18.22093736159709,"{""type"":""MultiPoint"",""coordinates"":[]}"
20170917,2017-09-17,4.8493104992066876,"{""type"":""MultiPoint"",""coordinates"":[]}"
20170918,2017-09-18,1.9088077626736977,"{""type"":""MultiPoint"",""coordinates"":[]}"
20170919,2017-09-19,0.02044932920905648,"{""type"":""MultiPoint"",""coordinates"":[]}"
20170920,2017-09-20,3.944205485130768,"{""type"":""MultiPoint"",""coordinates"":[]}"
20170921,2017-09-21,0.0,"{""type"":""MultiPoint"",""coordinates"":[]}"
20170922,2017-09-22,0.0,"{""type"":""MultiPoint"",""coordinates"":[]}"
20170923,2017-09-23,7.524049615256327,"{""type"":""MultiPoint"",""coordinates"":[]}"
20170924,2017-09-24,2.149923518985834,"{""type"":""MultiPoint"",""coordinates"":[]}"
20170925,2017-09-25,12.096016981066935,"{""type"":""MultiPoint"",""coordinates"":[]}"
20170926,2017-09-26,6.120692732395209,"{""type"":""MultiPoint"",""coordinates"":[]}"
20170927,2017-09-27,10.407172264240616,"{""type"":""MultiPoint"",""coordinates"":[]}"
20170928,2017-09-28,14.945167227191872,"{""type"":""MultiPoint"",""coordinates"":[]}"
20170929,2017-09-29,9.67304710926228,"{""type"":""MultiPoint"",""coordinates"":[]}"
20170930,2017-09-30,4.904295970577425,"{""type"":""MultiPoint"",""coordinates"":[]}"
20171001,2017-10-01,17.663909288122856,"{""type"":""MultiPoint"",""coordinates"":[]}"
20171002,2017-10-02,13.384357672543572,"{""type"":""MultiPoint"",""coordinates"":[]}"
20171003,2017-10-03,1.5410390511177678,"{""type"":""MultiPoint"",""coordinates"":[]}"
20171004,2017-10-04,18.963225689841487,"{""type"":""MultiPoint"",""coordinates"":[]}"
20171005,2017-10-05,14.353201358180257,"{""type"":""MultiPoint"",""coordinates"":[]}"
20171006,2017-10-06,5.0354286763429625,"{""type"":""MultiPoint"",""coordinates"":[]}"
20171007,2017-10-07,10.905933090240923,"{""type"":""MultiPoint"",""coordinates"":[]}"
20171008,2017-10-08,12.667229059972357,"{""type"":""MultiPoint"",""coordinates"":[]}"
20171009,2017-10-09,10.7607653604371,"{""type"":""MultiPoint"",""coordinates"":[]}"
20171010,2017-10-10,5.534040080578108,"{""type"":""MultiPoint"",""coordinates"":[]}"
20171011,2017-10-11,1.6969059586430502,"{""type"":""MultiPoint"",""coordinates"":[]}"
20171012,2017-10-12,4.419586064068533,"{""type"":""MultiPoint"",""coordinates"":[]}"
20171013,2017-10-13,13.657591079474035,"{""type"":""MultiPoint"",""coordinates"":[]}"
20171014,2017-10-14,2.099574688293842,"{""type"":""MultiPoint"",""coordinates"":[]}"
20171015,2017-10-15,12.737777804877728,"{""type"":""MultiPoint"",""coordinates"":[]}"
20171016,2017-10-16,10.290821662331815,"{""type"":""MultiPoint"",""coordinates"":[]}"
20171017,2017-10-17,2.8415808776451636,"{""type"":""MultiPoint"",""coordinates"":[]}"
20171018,2017-10-18,0.7580655639863286,"{""type"":""MultiPoint"",""coordinates"":[]}"
20171019,2017-10-19,0.0,"{""type"":""MultiPoint"",""coordinates"":[]}"
20171020,2017-10-20,0.0,"{""type"":""MultiPoint"",""coordinates"":[]}"
20171021,2017-10-21,0.010561770858926045,"{""type"":""MultiPoint"",""coordinates"":[]}"
20171022,2017-10-22,0.0,"{""type"":""MultiPoint"",""coordinates"":[]}"
20171023,2017-10-23,0.0,"{""type"":""MultiPoint"",""coordinates"":[]}"
20171024,2017-10-24,0.8143285470553837,"{""type"":""MultiPoint"",""coordinates"":[]}"
20171025,2017-10-25,0.018424472474278336,"{""type"":""MultiPoint"",""coordinates"":[]}"
20171026,2017-10-26,0.0,"{""type"":""MultiPoint"",""coordinates"":[]}"
20171027,2017-10-27,0.0,"{""type"":""MultiPoint"",""coordinates"":[]}"
20171028,2017-10-28,0.0,"{""type"":""MultiPoint"",""coordinates"":[]}"
20171029,2017-10-29,0.0,"{""type"":""MultiPoint"",""coordinates"":[]}"
20171030,2017-10-30,0.0,"{""type"":""MultiPoint"",""coordinates"":[]}"
20171031,2017-10-31,0.0,"{""type"":""MultiPoint"",""coordinates"":[]}"
20171101,2017-11-01,0.09733824341536165,"{""type"":""MultiPoint"",""coordinates"":[]}"
20171102,2017-11-02,0.0,"{""type"":""MultiPoint"",""coordinates"":[]}"
20171103,2017-11-03,0.0,"{""type"":""MultiPoint"",""coordinates"":[]}"
20171104,2017-11-04,0.15114391127305313,"{""type"":""MultiPoint"",""coordinates"":[]}"
20171105,2017-11-05,0.0,"{""type"":""MultiPoint"",""coordinates"":[]}"
20171106,2017-11-06,0.1314591648891109,"{""type"":""MultiPoint"",""coordinates"":[]}"
20171107,2017-11-07,0.0,"{""type"":""MultiPoint"",""coordinates"":[]}"
20171108,2017-11-08,0.0,"{""type"":""MultiPoint"",""coordinates"":[]}"
20171109,2017-11-09,0.0,"{""type"":""MultiPoint"",""coordinates"":[]}"
20171110,2017-11-10,0.7507224362168009,"{""type"":""MultiPoint"",""coordinates"":[]}"
20171111,2017-11-11,2.092729631842196,"{""type"":""MultiPoint"",""coordinates"":[]}"
20171112,2017-11-12,2.9343934978143507,"{""type"":""MultiPoint"",""coordinates"":[]}"
20171113,2017-11-13,0.007859310035762906,"{""type"":""MultiPoint"",""coordinates"":[]}"
20171114,2017-11-14,0.08940996043434093,"{""type"":""MultiPoint"",""coordinates"":[]}"
20171115,2017-11-15,0.3324334740272571,"{""type"":""MultiPoint"",""coordinates"":[]}"
20171116,2017-11-16,0.0,"{""type"":""MultiPoint"",""coordinates"":[]}"
20171117,2017-11-17,0.0,"{""type"":""MultiPoint"",""coordinates"":[]}"
20171118,2017-11-18,0.0,"{""type"":""MultiPoint"",""coordinates"":[]}"
20171119,2017-11-19,0.0,"{""type"":""MultiPoint"",""coordinates"":[]}"
20171120,2017-11-20,0.058693604317868436,"{""type"":""MultiPoint"",""coordinates"":[]}"
20171121,2017-11-21,0.07833964844397823,"{""type"":""MultiPoint"",""coordinates"":[]}"
20171122,2017-11-22,0.028062708810098595,"{""type"":""MultiPoint"",""coordinates"":[]}"
20171123,2017-11-23,0.01458676147778228,"{""type"":""MultiPoint"",""coordinates"":[]}"
20171124,2017-11-24,0.0,"{""type"":""MultiPoint"",""coordinates"":[]}"
20171125,2017-11-25,2.0938657339564757,"{""type"":""MultiPoint"",""coordinates"":[]}"
20171126,2017-11-26,0.4823329175443521,"{""type"":""MultiPoint"",""coordinates"":[]}"
20171127,2017-11-27,0.0,"{""type"":""MultiPoint"",""coordinates"":[]}"
20171128,2017-11-28,0.0,"{""type"":""MultiPoint"",""coordinates"":[]}"
20171129,2017-11-29,0.0,"{""type"":""MultiPoint"",""coordinates"":[]}"
20171130,2017-11-30,0.006631909772318557,"{""type"":""MultiPoint"",""coordinates"":[]}"
20171201,2017-12-01,0.3828933591015513,"{""type"":""MultiPoint"",""coordinates"":[]}"
20171202,2017-12-02,0.11496133164596757,"{""type"":""MultiPoint"",""coordinates"":[]}"
20171203,2017-12-03,0.0,"{""type"":""MultiPoint"",""coordinates"":[]}"
20171204,2017-12-04,0.0,"{""type"":""MultiPoint"",""coordinates"":[]}"
20171205,2017-12-05,0.07098897238164768,"{""type"":""MultiPoint"",""coordinates"":[]}"
20171206,2017-12-06,0.0,"{""type"":""MultiPoint"",""coordinates"":[]}"
20171207,2017-12-07,0.0,"{""type"":""MultiPoint"",""coordinates"":[]}"
20171208,2017-12-08,0.0,"{""type"":""MultiPoint"",""coordinates"":[]}"
20171209,2017-12-09,0.0,"{""type"":""MultiPoint"",""coordinates"":[]}"
20171210,2017-12-10,0.0,"{""type"":""MultiPoint"",""coordinates"":[]}"
20171211,2017-12-11,0.0,"{""type"":""MultiPoint"",""coordinates"":[]}"
20171212,2017-12-12,0.0,"{""type"":""MultiPoint"",""coordinates"":[]}"
20171213,2017-12-13,0.0,"{""type"":""MultiPoint"",""coordinates"":[]}"
20171214,2017-12-14,0.0,"{""type"":""MultiPoint"",""coordinates"":[]}"
20171215,2017-12-15,0.0,"{""type"":""MultiPoint"",""coordinates"":[]}"
20171216,2017-12-16,0.1510485886429756,"{""type"":""MultiPoint"",""coordinates"":[]}"
20171217,2017-12-17,0.0,"{""type"":""MultiPoint"",""coordinates"":[]}"
20171218,2017-12-18,0.0,"{""type"":""MultiPoint"",""coordinates"":[]}"
20171219,2017-12-19,0.002909099350146474,"{""type"":""MultiPoint"",""coordinates"":[]}"
20171220,2017-12-20,0.002453385627725147,"{""type"":""MultiPoint"",""coordinates"":[]}"
20171221,2017-12-21,0.0,"{""type"":""MultiPoint"",""coordinates"":[]}"
20171222,2017-12-22,0.09661524167173377,"{""type"":""MultiPoint"",""coordinates"":[]}"
20171223,2017-12-23,0.0,"{""type"":""MultiPoint"",""coordinates"":[]}"
20171224,2017-12-24,0.0,"{""type"":""MultiPoint"",""coordinates"":[]}"
20171225,2017-12-25,0.0,"{""type"":""MultiPoint"",""coordinates"":[]}"
20171226,2017-12-26,0.012523773187475778,"{""type"":""MultiPoint"",""coordinates"":[]}"
20171227,2017-12-27,0.030661342385867832,"{""type"":""MultiPoint"",""coordinates"":[]}"
20171228,2017-12-28,0.025244118763860863,"{""type"":""MultiPoint"",""coordinates"":[]}"
20171229,2017-12-29,0.0,"{""type"":""MultiPoint"",""coordinates"":[]}"
20171230,2017-12-30,0.1707683113271205,"{""type"":""MultiPoint"",""coordinates"":[]}"
20171231,2017-12-31,0.023112225645269546,"{""type"":""MultiPoint"",""coordinates"":[]}"
20180101,2018-01-01,0.014908572771773319,"{""type"":""MultiPoint"",""coordinates"":[]}"
20180102,2018-01-02,0.0,"{""type"":""MultiPoint"",""coordinates"":[]}"
20180103,2018-01-03,0.016274847834819285,"{""type"":""MultiPoint"",""coordinates"":[]}"
20180104,2018-01-04,0.02815784473420565,"{""type"":""MultiPoint"",""coordinates"":[]}"
20180105,2018-01-05,0.033132429504359566,"{""type"":""MultiPoint"",""coordinates"":[]}"
20180106,2018-01-06,0.0,"{""type"":""MultiPoint"",""coordinates"":[]}"
20180107,2018-01-07,0.03397579993803425,"{""type"":""MultiPoint"",""coordinates"":[]}"
20180108,2018-01-08,0.0,"{""type"":""MultiPoint"",""coordinates"":[]}"
20180109,2018-01-09,0.0808828454818078,"{""type"":""MultiPoint"",""coordinates"":[]}"
20180110,2018-01-10,0.0,"{""type"":""MultiPoint"",""coordinates"":[]}"
20180111,2018-01-11,0.07101986737687215,"{""type"":""MultiPoint"",""coordinates"":[]}"
20180112,2018-01-12,0.0,"{""type"":""MultiPoint"",""coordinates"":[]}"
20180113,2018-01-13,0.0,"{""type"":""MultiPoint"",""coordinates"":[]}"
20180114,2018-01-14,0.0,"{""type"":""MultiPoint"",""coordinates"":[]}"
20180115,2018-01-15,0.009296192744458266,"{""type"":""MultiPoint"",""coordinates"":[]}"
20180116,2018-01-16,0.0,"{""type"":""MultiPoint"",""coordinates"":[]}"
20180117,2018-01-17,0.0,"{""type"":""MultiPoint"",""coordinates"":[]}"
20180118,2018-01-18,0.006435479733614926,"{""type"":""MultiPoint"",""coordinates"":[]}"
20180119,2018-01-19,0.014716502985240295,"{""type"":""MultiPoint"",""coordinates"":[]}"
20180120,2018-01-20,0.010146736759075143,"{""type"":""MultiPoint"",""coordinates"":[]}"
20180121,2018-01-21,0.0,"{""type"":""MultiPoint"",""coordinates"":[]}"
20180122,2018-01-22,0.0,"{""type"":""MultiPoint"",""coordinates"":[]}"
20180123,2018-01-23,0.0,"{""type"":""MultiPoint"",""coordinates"":[]}"
20180124,2018-01-24,0.0,"{""type"":""MultiPoint"",""coordinates"":[]}"
20180125,2018-01-25,0.0,"{""type"":""MultiPoint"",""coordinates"":[]}"
20180126,2018-01-26,0.0,"{""type"":""MultiPoint"",""coordinates"":[]}"
20180127,2018-01-27,0.0,"{""type"":""MultiPoint"",""coordinates"":[]}"
20180128,2018-01-28,0.0,"{""type"":""MultiPoint"",""coordinates"":[]}"
20180129,2018-01-29,0.0,"{""type"":""MultiPoint"",""coordinates"":[]}"
20180130,2018-01-30,0.0,"{""type"":""MultiPoint"",""coordinates"":[]}"
20180131,2018-01-31,0.0,"{""type"":""MultiPoint"",""coordinates"":[]}"
20180201,2018-02-01,0.0,"{""type"":""MultiPoint"",""coordinates"":[]}"
20180202,2018-02-02,0.0,"{""type"":""MultiPoint"",""coordinates"":[]}"
20180203,2018-02-03,0.0,"{""type"":""MultiPoint"",""coordinates"":[]}"
20180204,2018-02-04,0.0,"{""type"":""MultiPoint"",""coordinates"":[]}"
20180205,2018-02-05,0.0,"{""type"":""MultiPoint"",""coordinates"":[]}"
20180206,2018-02-06,0.0,"{""type"":""MultiPoint"",""coordinates"":[]}"
20180207,2018-02-07,0.5835039441439402,"{""type"":""MultiPoint"",""coordinates"":[]}"
20180208,2018-02-08,0.0048257683983746295,"{""type"":""MultiPoint"",""coordinates"":[]}"
20180209,2018-02-09,0.0,"{""type"":""MultiPoint"",""coordinates"":[]}"
20180210,2018-02-10,0.017329281780340003,"{""type"":""MultiPoint"",""coordinates"":[]}"
20180211,2018-02-11,1.0042950941627213,"{""type"":""MultiPoint"",""coordinates"":[]}"
20180212,2018-02-12,0.022267162572251645,"{""type"":""MultiPoint"",""coordinates"":[]}"
20180213,2018-02-13,0.2370645944378349,"{""type"":""MultiPoint"",""coordinates"":[]}"
20180214,2018-02-14,0.044249202259090986,"{""type"":""MultiPoint"",""coordinates"":[]}"
20180215,2018-02-15,0.16242491303677956,"{""type"":""MultiPoint"",""coordinates"":[]}"
20180216,2018-02-16,0.01643629759724394,"{""type"":""MultiPoint"",""coordinates"":[]}"
20180217,2018-02-17,0.0,"{""type"":""MultiPoint"",""coordinates"":[]}"
20180218,2018-02-18,0.0,"{""type"":""MultiPoint"",""coordinates"":[]}"
20180219,2018-02-19,0.0,"{""type"":""MultiPoint"",""coordinates"":[]}"
20180220,2018-02-20,0.0,"{""type"":""MultiPoint"",""coordinates"":[]}"
20180221,2018-02-21,0.0,"{""type"":""MultiPoint"",""coordinates"":[]}"
20180222,2018-02-22,0.0,"{""type"":""MultiPoint"",""coordinates"":[]}"
20180223,2018-02-23,0.0,"{""type"":""MultiPoint"",""coordinates"":[]}"
20180224,2018-02-24,0.0,"{""type"":""MultiPoint"",""coordinates"":[]}"
20180225,2018-02-25,0.0,"{""type"":""MultiPoint"",""coordinates"":[]}"
20180226,2018-02-26,0.0,"{""type"":""MultiPoint"",""coordinates"":[]}"
20180227,2018-02-27,0.0,"{""type"":""MultiPoint"",""coordinates"":[]}"
20180228,2018-02-28,0.0,"{""type"":""MultiPoint"",""coordinates"":[]}"
20180301,2018-03-01,0.0,"{""type"":""MultiPoint"",""coordinates"":[]}"
20180302,2018-03-02,0.019503463389206156,"{""type"":""MultiPoint"",""coordinates"":[]}"
20180303,2018-03-03,0.0,"{""type"":""MultiPoint"",""coordinates"":[]}"
20180304,2018-03-04,0.013075255416788702,"{""type"":""MultiPoint"",""coordinates"":[]}"
20180305,2018-03-05,0.0,"{""type"":""MultiPoint"",""coordinates"":[]}"
20180306,2018-03-06,0.0,"{""type"":""MultiPoint"",""coordinates"":[]}"
20180307,2018-03-07,0.0,"{""type"":""MultiPoint"",""coordinates"":[]}"
20180308,2018-03-08,0.0,"{""type"":""MultiPoint"",""coordinates"":[]}"
20180309,2018-03-09,0.0,"{""type"":""MultiPoint"",""coordinates"":[]}"
20180310,2018-03-10,0.0,"{""type"":""MultiPoint"",""coordinates"":[]}"
20180311,2018-03-11,0.0,"{""type"":""MultiPoint"",""coordinates"":[]}"
20180312,2018-03-12,0.0,"{""type"":""MultiPoint"",""coordinates"":[]}"
20180313,2018-03-13,0.0,"{""type"":""MultiPoint"",""coordinates"":[]}"
20180314,2018-03-14,0.018925768567630293,"{""type"":""MultiPoint"",""coordinates"":[]}"
20180315,2018-03-15,0.057757297786399285,"{""type"":""MultiPoint"",""coordinates"":[]}"
20180316,2018-03-16,0.05802237307422091,"{""type"":""MultiPoint"",""coordinates"":[]}"
20180317,2018-03-17,0.11165674905894281,"{""type"":""MultiPoint"",""coordinates"":[]}"
20180318,2018-03-18,0.0,"{""type"":""MultiPoint"",""coordinates"":[]}"
20180319,2018-03-19,0.0,"{""type"":""MultiPoint"",""coordinates"":[]}"
20180320,2018-03-20,0.0,"{""type"":""MultiPoint"",""coordinates"":[]}"
20180321,2018-03-21,0.0,"{""type"":""MultiPoint"",""coordinates"":[]}"
20180322,2018-03-22,0.0,"{""type"":""MultiPoint"",""coordinates"":[]}"
20180323,2018-03-23,0.0,"{""type"":""MultiPoint"",""coordinates"":[]}"
20180324,2018-03-24,0.02324663713110948,"{""type"":""MultiPoint"",""coordinates"":[]}"
20180325,2018-03-25,0.0,"{""type"":""MultiPoint"",""coordinates"":[]}"
20180326,2018-03-26,0.261520414623831,"{""type"":""MultiPoint"",""coordinates"":[]}"
20180327,2018-03-27,0.0,"{""type"":""MultiPoint"",""coordinates"":[]}"
20180328,2018-03-28,0.20756070395989834,"{""type"":""MultiPoint"",""coordinates"":[]}"
20180329,2018-03-29,1.1477462562008742,"{""type"":""MultiPoint"",""coordinates"":[]}"
20180330,2018-03-30,0.7484689877585353,"{""type"":""MultiPoint"",""coordinates"":[]}"
20180331,2018-03-31,0.8912645967493756,"{""type"":""MultiPoint"",""coordinates"":[]}"
20180401,2018-04-01,0.40793915033287387,"{""type"":""MultiPoint"",""coordinates"":[]}"
20180402,2018-04-02,1.1390809148237937,"{""type"":""MultiPoint"",""coordinates"":[]}"
20180403,2018-04-03,0.059184256003395795,"{""type"":""MultiPoint"",""coordinates"":[]}"
20180404,2018-04-04,0.0,"{""type"":""MultiPoint"",""coordinates"":[]}"
20180405,2018-04-05,0.9683655987753127,"{""type"":""MultiPoint"",""coordinates"":[]}"
20180406,2018-04-06,1.0623465835962642,"{""type"":""MultiPoint"",""coordinates"":[]}"
20180407,2018-04-07,0.0,"{""type"":""MultiPoint"",""coordinates"":[]}"
20180408,2018-04-08,0.008224253016184188,"{""type"":""MultiPoint"",""coordinates"":[]}"
20180409,2018-04-09,0.0,"{""type"":""MultiPoint"",""coordinates"":[]}"
20180410,2018-04-10,6.672114104362183E-4,"{""type"":""MultiPoint"",""coordinates"":[]}"
20180411,2018-04-11,0.0,"{""type"":""MultiPoint"",""coordinates"":[]}"
20180412,2018-04-12,0.0,"{""type"":""MultiPoint"",""coordinates"":[]}"
20180413,2018-04-13,0.017993716066725226,"{""type"":""MultiPoint"",""coordinates"":[]}"
20180414,2018-04-14,0.0,"{""type"":""MultiPoint"",""coordinates"":[]}"
20180415,2018-04-15,1.1245191737983402,"{""type"":""MultiPoint"",""coordinates"":[]}"
20180416,2018-04-16,0.28002825237336865,"{""type"":""MultiPoint"",""coordinates"":[]}"
20180417,2018-04-17,0.0,"{""type"":""MultiPoint"",""coordinates"":[]}"
20180418,2018-04-18,0.21513109660712162,"{""type"":""MultiPoint"",""coordinates"":[]}"
20180419,2018-04-19,4.797676988933222,"{""type"":""MultiPoint"",""coordinates"":[]}"
20180420,2018-04-20,0.5644032688042001,"{""type"":""MultiPoint"",""coordinates"":[]}"
20180421,2018-04-21,0.0,"{""type"":""MultiPoint"",""coordinates"":[]}"
20180422,2018-04-22,1.5918076931366532,"{""type"":""MultiPoint"",""coordinates"":[]}"
20180423,2018-04-23,0.2043355812882868,"{""type"":""MultiPoint"",""coordinates"":[]}"
20180424,2018-04-24,0.0,"{""type"":""MultiPoint"",""coordinates"":[]}"
20180425,2018-04-25,0.0,"{""type"":""MultiPoint"",""coordinates"":[]}"
20180426,2018-04-26,0.0,"{""type"":""MultiPoint"",""coordinates"":[]}"
20180427,2018-04-27,0.0,"{""type"":""MultiPoint"",""coordinates"":[]}"
20180428,2018-04-28,0.0,"{""type"":""MultiPoint"",""coordinates"":[]}"
20180429,2018-04-29,1.1422964554287585,"{""type"":""MultiPoint"",""coordinates"":[]}"
20180430,2018-04-30,0.07111037909792924,"{""type"":""MultiPoint"",""coordinates"":[]}"
20180501,2018-05-01,0.24345526560247183,"{""type"":""MultiPoint"",""coordinates"":[]}"
20180502,2018-05-02,0.42629120984213725,"{""type"":""MultiPoint"",""coordinates"":[]}"
20180503,2018-05-03,9.920331413108858,"{""type"":""MultiPoint"",""coordinates"":[]}"
20180504,2018-05-04,0.0,"{""type"":""MultiPoint"",""coordinates"":[]}"
20180505,2018-05-05,0.0,"{""type"":""MultiPoint"",""coordinates"":[]}"
20180506,2018-05-06,0.0,"{""type"":""MultiPoint"",""coordinates"":[]}"
20180507,2018-05-07,0.0,"{""type"":""MultiPoint"",""coordinates"":[]}"
20180508,2018-05-08,0.06276326326157221,"{""type"":""MultiPoint"",""coordinates"":[]}"
20180509,2018-05-09,0.4616051489462931,"{""type"":""MultiPoint"",""coordinates"":[]}"
20180510,2018-05-10,2.2836446570337023,"{""type"":""MultiPoint"",""coordinates"":[]}"
20180511,2018-05-11,0.04512738761796677,"{""type"":""MultiPoint"",""coordinates"":[]}"
20180512,2018-05-12,6.196169761836625,"{""type"":""MultiPoint"",""coordinates"":[]}"
20180513,2018-05-13,0.0,"{""type"":""MultiPoint"",""coordinates"":[]}"
20180514,2018-05-14,2.585622476200596,"{""type"":""MultiPoint"",""coordinates"":[]}"
20180515,2018-05-15,0.0,"{""type"":""MultiPoint"",""coordinates"":[]}"
20180516,2018-05-16,0.0013432557881922684,"{""type"":""MultiPoint"",""coordinates"":[]}"
20180517,2018-05-17,0.00203910337498999,"{""type"":""MultiPoint"",""coordinates"":[]}"
20180518,2018-05-18,0.06949369981345764,"{""type"":""MultiPoint"",""coordinates"":[]}"
20180519,2018-05-19,2.553396196143131,"{""type"":""MultiPoint"",""coordinates"":[]}"
20180520,2018-05-20,0.7026666912682049,"{""type"":""MultiPoint"",""coordinates"":[]}"
20180521,2018-05-21,4.571202548789116,"{""type"":""MultiPoint"",""coordinates"":[]}"
20180522,2018-05-22,0.7804737248499198,"{""type"":""MultiPoint"",""coordinates"":[]}"
20180523,2018-05-23,3.894684612474238,"{""type"":""MultiPoint"",""coordinates"":[]}"
20180524,2018-05-24,0.6297724487467846,"{""type"":""MultiPoint"",""coordinates"":[]}"
20180525,2018-05-25,2.675187355289721,"{""type"":""MultiPoint"",""coordinates"":[]}"
20180526,2018-05-26,0.01348972417835931,"{""type"":""MultiPoint"",""coordinates"":[]}"
20180527,2018-05-27,0.0,"{""type"":""MultiPoint"",""coordinates"":[]}"
20180528,2018-05-28,0.04341213492467003,"{""type"":""MultiPoint"",""coordinates"":[]}"
20180529,2018-05-29,4.704404300916639,"{""type"":""MultiPoint"",""coordinates"":[]}"
20180530,2018-05-30,1.1154229127176147,"{""type"":""MultiPoint"",""coordinates"":[]}"
20180531,2018-05-31,6.5381797126508,"{""type"":""MultiPoint"",""coordinates"":[]}"
20180601,2018-06-01,7.34765179325474,"{""type"":""MultiPoint"",""coordinates"":[]}"
20180602,2018-06-02,9.513822972807688,"{""type"":""MultiPoint"",""coordinates"":[]}"
20180603,2018-06-03,4.640175966708735,"{""type"":""MultiPoint"",""coordinates"":[]}"
20180604,2018-06-04,1.8563588020853687,"{""type"":""MultiPoint"",""coordinates"":[]}"
20180605,2018-06-05,4.466693405510469,"{""type"":""MultiPoint"",""coordinates"":[]}"
20180606,2018-06-06,20.698912077516773,"{""type"":""MultiPoint"",""coordinates"":[]}"
20180607,2018-06-07,14.90409917500829,"{""type"":""MultiPoint"",""coordinates"":[]}"
20180608,2018-06-08,4.90448328323805,"{""type"":""MultiPoint"",""coordinates"":[]}"
20180609,2018-06-09,11.11313128884226,"{""type"":""MultiPoint"",""coordinates"":[]}"
20180610,2018-06-10,8.52071829833194,"{""type"":""MultiPoint"",""coordinates"":[]}"
20180611,2018-06-11,5.024202489588786,"{""type"":""MultiPoint"",""coordinates"":[]}"
20180612,2018-06-12,1.0428359359550619,"{""type"":""MultiPoint"",""coordinates"":[]}"
20180613,2018-06-13,0.0022000711191193104,"{""type"":""MultiPoint"",""coordinates"":[]}"
20180614,2018-06-14,0.0,"{""type"":""MultiPoint"",""coordinates"":[]}"
20180615,2018-06-15,0.324105486766896,"{""type"":""MultiPoint"",""coordinates"":[]}"
20180616,2018-06-16,0.0,"{""type"":""MultiPoint"",""coordinates"":[]}"
20180617,2018-06-17,0.0,"{""type"":""MultiPoint"",""coordinates"":[]}"
20180618,2018-06-18,0.0,"{""type"":""MultiPoint"",""coordinates"":[]}"
20180619,2018-06-19,0.00481459743496958,"{""type"":""MultiPoint"",""coordinates"":[]}"
20180620,2018-06-20,0.014552874212982857,"{""type"":""MultiPoint"",""coordinates"":[]}"
20180621,2018-06-21,0.25438141913848383,"{""type"":""MultiPoint"",""coordinates"":[]}"
20180622,2018-06-22,7.913599799413536,"{""type"":""MultiPoint"",""coordinates"":[]}"
20180623,2018-06-23,8.566246232983705,"{""type"":""MultiPoint"",""coordinates"":[]}"
20180624,2018-06-24,0.687074275469891,"{""type"":""MultiPoint"",""coordinates"":[]}"
20180625,2018-06-25,0.0,"{""type"":""MultiPoint"",""coordinates"":[]}"
20180626,2018-06-26,2.7420048479105166,"{""type"":""MultiPoint"",""coordinates"":[]}"
20180627,2018-06-27,10.3534936347308,"{""type"":""MultiPoint"",""coordinates"":[]}"
20180628,2018-06-28,20.986832606827512,"{""type"":""MultiPoint"",""coordinates"":[]}"
20180629,2018-06-29,4.215289378582488,"{""type"":""MultiPoint"",""coordinates"":[]}"
20180630,2018-06-30,4.555225249806571,"{""type"":""MultiPoint"",""coordinates"":[]}"
20180701,2018-07-01,3.3991730799343287,"{""type"":""MultiPoint"",""coordinates"":[]}"
20180702,2018-07-02,1.7057349073761099,"{""type"":""MultiPoint"",""coordinates"":[]}"
20180703,2018-07-03,4.536231057140352,"{""type"":""MultiPoint"",""coordinates"":[]}"
20180704,2018-07-04,2.5357899451166173,"{""type"":""MultiPoint"",""coordinates"":[]}"
20180705,2018-07-05,1.9683832092513898,"{""type"":""MultiPoint"",""coordinates"":[]}"
20180706,2018-07-06,4.066077357375663,"{""type"":""MultiPoint"",""coordinates"":[]}"
20180707,2018-07-07,5.876412533826602,"{""type"":""MultiPoint"",""coordinates"":[]}"
20180708,2018-07-08,4.12216258722198,"{""type"":""MultiPoint"",""coordinates"":[]}"
20180709,2018-07-09,7.555782238695214,"{""type"":""MultiPoint"",""coordinates"":[]}"
20180710,2018-07-10,6.652008176650168,"{""type"":""MultiPoint"",""coordinates"":[]}"
20180711,2018-07-11,3.666629959539668,"{""type"":""MultiPoint"",""coordinates"":[]}"
20180712,2018-07-12,8.540900712938754,"{""type"":""MultiPoint"",""coordinates"":[]}"
20180713,2018-07-13,0.08654313931154327,"{""type"":""MultiPoint"",""coordinates"":[]}"
20180714,2018-07-14,15.0192210179481,"{""type"":""MultiPoint"",""coordinates"":[]}"
20180715,2018-07-15,5.564636418395787,"{""type"":""MultiPoint"",""coordinates"":[]}"
20180716,2018-07-16,2.56377803378362,"{""type"":""MultiPoint"",""coordinates"":[]}"
20180717,2018-07-17,0.09618589207573455,"{""type"":""MultiPoint"",""coordinates"":[]}"
20180718,2018-07-18,0.027812020989485067,"{""type"":""MultiPoint"",""coordinates"":[]}"
20180719,2018-07-19,0.04513468543065173,"{""type"":""MultiPoint"",""coordinates"":[]}"
20180720,2018-07-20,2.379381319554472,"{""type"":""MultiPoint"",""coordinates"":[]}"
20180721,2018-07-21,1.4121540091541311,"{""type"":""MultiPoint"",""coordinates"":[]}"
20180722,2018-07-22,8.288738977812365,"{""type"":""MultiPoint"",""coordinates"":[]}"
20180723,2018-07-23,0.5840915666656844,"{""type"":""MultiPoint"",""coordinates"":[]}"
20180724,2018-07-24,0.0,"{""type"":""MultiPoint"",""coordinates"":[]}"
20180725,2018-07-25,0.27541149491549094,"{""type"":""MultiPoint"",""coordinates"":[]}"
20180726,2018-07-26,0.04354360110805535,"{""type"":""MultiPoint"",""coordinates"":[]}"
20180727,2018-07-27,0.30069961957986063,"{""type"":""MultiPoint"",""coordinates"":[]}"
20180728,2018-07-28,1.8625164194681265,"{""type"":""MultiPoint"",""coordinates"":[]}"
20180729,2018-07-29,0.08994563701547247,"{""type"":""MultiPoint"",""coordinates"":[]}"
20180730,2018-07-30,0.07455555188459814,"{""type"":""MultiPoint"",""coordinates"":[]}"
20180731,2018-07-31,0.4925442278195447,"{""type"":""MultiPoint"",""coordinates"":[]}"
20180801,2018-08-01,0.2343341233384624,"{""type"":""MultiPoint"",""coordinates"":[]}"
20180802,2018-08-02,0.14871680538938317,"{""type"":""MultiPoint"",""coordinates"":[]}"
20180803,2018-08-03,0.6050815674167628,"{""type"":""MultiPoint"",""coordinates"":[]}"
20180804,2018-08-04,0.0,"{""type"":""MultiPoint"",""coordinates"":[]}"
20180805,2018-08-05,2.179958566060733,"{""type"":""MultiPoint"",""coordinates"":[]}"
20180806,2018-08-06,0.009408364215450325,"{""type"":""MultiPoint"",""coordinates"":[]}"
20180807,2018-08-07,3.657294695118102,"{""type"":""MultiPoint"",""coordinates"":[]}"
20180808,2018-08-08,5.201900605156405,"{""type"":""MultiPoint"",""coordinates"":[]}"
20180809,2018-08-09,0.3199748007494771,"{""type"":""MultiPoint"",""coordinates"":[]}"
20180810,2018-08-10,9.493225642817675,"{""type"":""MultiPoint"",""coordinates"":[]}"
20180811,2018-08-11,17.402478702827732,"{""type"":""MultiPoint"",""coordinates"":[]}"
20180812,2018-08-12,4.979551124005475,"{""type"":""MultiPoint"",""coordinates"":[]}"
20180813,2018-08-13,2.624112031035075,"{""type"":""MultiPoint"",""coordinates"":[]}"
20180814,2018-08-14,0.5014944669902719,"{""type"":""MultiPoint"",""coordinates"":[]}"
20180815,2018-08-15,9.79745892611031,"{""type"":""MultiPoint"",""coordinates"":[]}"
20180816,2018-08-16,3.4350533643889625,"{""type"":""MultiPoint"",""coordinates"":[]}"
20180817,2018-08-17,0.8259172432942875,"{""type"":""MultiPoint"",""coordinates"":[]}"
20180818,2018-08-18,1.582511978424459,"{""type"":""MultiPoint"",""coordinates"":[]}"
20180819,2018-08-19,5.552966486028893,"{""type"":""MultiPoint"",""coordinates"":[]}"
20180820,2018-08-20,10.783705571433263,"{""type"":""MultiPoint"",""coordinates"":[]}"
20180821,2018-08-21,2.6925736756860643,"{""type"":""MultiPoint"",""coordinates"":[]}"
20180822,2018-08-22,0.0,"{""type"":""MultiPoint"",""coordinates"":[]}"
20180823,2018-08-23,0.03209456335726976,"{""type"":""MultiPoint"",""coordinates"":[]}"
20180824,2018-08-24,0.4168669788373789,"{""type"":""MultiPoint"",""coordinates"":[]}"
20180825,2018-08-25,0.23795807861505916,"{""type"":""MultiPoint"",""coordinates"":[]}"
20180826,2018-08-26,11.065257377153081,"{""type"":""MultiPoint"",""coordinates"":[]}"
20180827,2018-08-27,3.1630808608639347,"{""type"":""MultiPoint"",""coordinates"":[]}"
20180828,2018-08-28,2.5089724393529864,"{""type"":""MultiPoint"",""coordinates"":[]}"
20180829,2018-08-29,0.260380105123665,"{""type"":""MultiPoint"",""coordinates"":[]}"
20180830,2018-08-30,0.03247090190578183,"{""type"":""MultiPoint"",""coordinates"":[]}"
20180831,2018-08-31,0.0,"{""type"":""MultiPoint"",""coordinates"":[]}"
20180901,2018-09-01,8.181114296010804,"{""type"":""MultiPoint"",""coordinates"":[]}"
20180902,2018-09-02,0.2268513152690978,"{""type"":""MultiPoint"",""coordinates"":[]}"
20180903,2018-09-03,0.0,"{""type"":""MultiPoint"",""coordinates"":[]}"
20180904,2018-09-04,0.02375080029301403,"{""type"":""MultiPoint"",""coordinates"":[]}"
20180905,2018-09-05,0.4795962563728327,"{""type"":""MultiPoint"",""coordinates"":[]}"
20180906,2018-09-06,0.23020606929381526,"{""type"":""MultiPoint"",""coordinates"":[]}"
20180907,2018-09-07,0.014942323701912228,"{""type"":""MultiPoint"",""coordinates"":[]}"
20180908,2018-09-08,0.0,"{""type"":""MultiPoint"",""coordinates"":[]}"
20180909,2018-09-09,0.0,"{""type"":""MultiPoint"",""coordinates"":[]}"
20180910,2018-09-10,0.01675283797316334,"{""type"":""MultiPoint"",""coordinates"":[]}"
20180911,2018-09-11,1.615003627673631,"{""type"":""MultiPoint"",""coordinates"":[]}"
20180912,2018-09-12,5.455185486352858,"{""type"":""MultiPoint"",""coordinates"":[]}"
20180913,2018-09-13,4.631932047461497,"{""type"":""MultiPoint"",""coordinates"":[]}"
20180914,2018-09-14,3.6087632791807494,"{""type"":""MultiPoint"",""coordinates"":[]}"
20180915,2018-09-15,2.6840038813064044,"{""type"":""MultiPoint"",""coordinates"":[]}"
20180916,2018-09-16,7.412517373191748,"{""type"":""MultiPoint"",""coordinates"":[]}"
20180917,2018-09-17,8.560087175351594,"{""type"":""MultiPoint"",""coordinates"":[]}"
20180918,2018-09-18,3.6079969284934803,"{""type"":""MultiPoint"",""coordinates"":[]}"
20180919,2018-09-19,8.071797698659093,"{""type"":""MultiPoint"",""coordinates"":[]}"
20180920,2018-09-20,7.405865996236945,"{""type"":""MultiPoint"",""coordinates"":[]}"
20180921,2018-09-21,13.63629758183665,"{""type"":""MultiPoint"",""coordinates"":[]}"
20180922,2018-09-22,0.0,"{""type"":""MultiPoint"",""coordinates"":[]}"
20180923,2018-09-23,0.1982359600764802,"{""type"":""MultiPoint"",""coordinates"":[]}"
20180924,2018-09-24,0.40882285384336003,"{""type"":""MultiPoint"",""coordinates"":[]}"
20180925,2018-09-25,3.586379589648585,"{""type"":""MultiPoint"",""coordinates"":[]}"
20180926,2018-09-26,7.779102094837568,"{""type"":""MultiPoint"",""coordinates"":[]}"
20180927,2018-09-27,1.8575758653050947,"{""type"":""MultiPoint"",""coordinates"":[]}"
20180928,2018-09-28,0.2984612524376316,"{""type"":""MultiPoint"",""coordinates"":[]}"
20180929,2018-09-29,0.03246539132991317,"{""type"":""MultiPoint"",""coordinates"":[]}"
20180930,2018-09-30,0.18966884708645643,"{""type"":""MultiPoint"",""coordinates"":[]}"
20181001,2018-10-01,0.03534480708485907,"{""type"":""MultiPoint"",""coordinates"":[]}"
20181002,2018-10-02,0.07845149881758294,"{""type"":""MultiPoint"",""coordinates"":[]}"
20181003,2018-10-03,0.173695931784306,"{""type"":""MultiPoint"",""coordinates"":[]}"
20181004,2018-10-04,1.6889368057030811,"{""type"":""MultiPoint"",""coordinates"":[]}"
20181005,2018-10-05,0.22223925040176695,"{""type"":""MultiPoint"",""coordinates"":[]}"
20181006,2018-10-06,0.0,"{""type"":""MultiPoint"",""coordinates"":[]}"
20181007,2018-10-07,0.0,"{""type"":""MultiPoint"",""coordinates"":[]}"
20181008,2018-10-08,3.2319531127411247E-4,"{""type"":""MultiPoint"",""coordinates"":[]}"
20181009,2018-10-09,0.6369014437400119,"{""type"":""MultiPoint"",""coordinates"":[]}"
20181010,2018-10-10,4.609728835246604,"{""type"":""MultiPoint"",""coordinates"":[]}"
20181011,2018-10-11,0.30617031079449025,"{""type"":""MultiPoint"",""coordinates"":[]}"
20181012,2018-10-12,0.0,"{""type"":""MultiPoint"",""coordinates"":[]}"
20181013,2018-10-13,2.8039986030481274,"{""type"":""MultiPoint"",""coordinates"":[]}"
20181014,2018-10-14,2.495920757090128,"{""type"":""MultiPoint"",""coordinates"":[]}"
20181015,2018-10-15,0.6254041457655739,"{""type"":""MultiPoint"",""coordinates"":[]}"
20181016,2018-10-16,5.847657935914114,"{""type"":""MultiPoint"",""coordinates"":[]}"
20181017,2018-10-17,12.989495746122332,"{""type"":""MultiPoint"",""coordinates"":[]}"
20181018,2018-10-18,7.376050393507025,"{""type"":""MultiPoint"",""coordinates"":[]}"
20181019,2018-10-19,0.0,"{""type"":""MultiPoint"",""coordinates"":[]}"
20181020,2018-10-20,0.0,"{""type"":""MultiPoint"",""coordinates"":[]}"
20181021,2018-10-21,0.0,"{""type"":""MultiPoint"",""coordinates"":[]}"
20181022,2018-10-22,0.0,"{""type"":""MultiPoint"",""coordinates"":[]}"
20181023,2018-10-23,0.0,"{""type"":""MultiPoint"",""coordinates"":[]}"
20181024,2018-10-24,0.0,"{""type"":""MultiPoint"",""coordinates"":[]}"
20181025,2018-10-25,0.0,"{""type"":""MultiPoint"",""coordinates"":[]}"
20181026,2018-10-26,0.0,"{""type"":""MultiPoint"",""coordinates"":[]}"
20181027,2018-10-27,0.0,"{""type"":""MultiPoint"",""coordinates"":[]}"
20181028,2018-10-28,0.0,"{""type"":""MultiPoint"",""coordinates"":[]}"
20181029,2018-10-29,0.0,"{""type"":""MultiPoint"",""coordinates"":[]}"
20181030,2018-10-30,0.0,"{""type"":""MultiPoint"",""coordinates"":[]}"
20181031,2018-10-31,0.0,"{""type"":""MultiPoint"",""coordinates"":[]}"
20181101,2018-11-01,0.06046992751977088,"{""type"":""MultiPoint"",""coordinates"":[]}"
20181102,2018-11-02,0.001145893157296324,"{""type"":""MultiPoint"",""coordinates"":[]}"
20181103,2018-11-03,0.0043776684972101285,"{""type"":""MultiPoint"",""coordinates"":[]}"
20181104,2018-11-04,0.0,"{""type"":""MultiPoint"",""coordinates"":[]}"
20181105,2018-11-05,0.4179939152762856,"{""type"":""MultiPoint"",""coordinates"":[]}"
20181106,2018-11-06,0.33155062965099796,"{""type"":""MultiPoint"",""coordinates"":[]}"
20181107,2018-11-07,0.0,"{""type"":""MultiPoint"",""coordinates"":[]}"
20181108,2018-11-08,0.0,"{""type"":""MultiPoint"",""coordinates"":[]}"
20181109,2018-11-09,0.0,"{""type"":""MultiPoint"",""coordinates"":[]}"
20181110,2018-11-10,0.0,"{""type"":""MultiPoint"",""coordinates"":[]}"
20181111,2018-11-11,0.09191632326869599,"{""type"":""MultiPoint"",""coordinates"":[]}"
20181112,2018-11-12,0.005061831773262352,"{""type"":""MultiPoint"",""coordinates"":[]}"
20181113,2018-11-13,0.0,"{""type"":""MultiPoint"",""coordinates"":[]}"
20181114,2018-11-14,0.0,"{""type"":""MultiPoint"",""coordinates"":[]}"
20181115,2018-11-15,0.328104971740084,"{""type"":""MultiPoint"",""coordinates"":[]}"
20181116,2018-11-16,2.0484648487569452,"{""type"":""MultiPoint"",""coordinates"":[]}"
20181117,2018-11-17,0.19320961424852676,"{""type"":""MultiPoint"",""coordinates"":[]}"
20181118,2018-11-18,0.45179411154652344,"{""type"":""MultiPoint"",""coordinates"":[]}"
20181119,2018-11-19,0.14394363100077506,"{""type"":""MultiPoint"",""coordinates"":[]}"
20181120,2018-11-20,0.17688327090338554,"{""type"":""MultiPoint"",""coordinates"":[]}"
20181121,2018-11-21,0.0,"{""type"":""MultiPoint"",""coordinates"":[]}"
20181122,2018-11-22,0.5459598802752123,"{""type"":""MultiPoint"",""coordinates"":[]}"
20181123,2018-11-23,0.5105066108846021,"{""type"":""MultiPoint"",""coordinates"":[]}"
20181124,2018-11-24,0.0,"{""type"":""MultiPoint"",""coordinates"":[]}"
20181125,2018-11-25,0.0,"{""type"":""MultiPoint"",""coordinates"":[]}"
20181126,2018-11-26,0.0,"{""type"":""MultiPoint"",""coordinates"":[]}"
20181127,2018-11-27,0.0,"{""type"":""MultiPoint"",""coordinates"":[]}"
20181128,2018-11-28,0.0,"{""type"":""MultiPoint"",""coordinates"":[]}"
20181129,2018-11-29,0.44798141944518427,"{""type"":""MultiPoint"",""coordinates"":[]}"
20181130,2018-11-30,0.08582648509076,"{""type"":""MultiPoint"",""coordinates"":[]}"
20181201,2018-12-01,0.062418262836529355,"{""type"":""MultiPoint"",""coordinates"":[]}"
20181202,2018-12-02,0.0,"{""type"":""MultiPoint"",""coordinates"":[]}"
20181203,2018-12-03,0.006564646090154176,"{""type"":""MultiPoint"",""coordinates"":[]}"
20181204,2018-12-04,0.0,"{""type"":""MultiPoint"",""coordinates"":[]}"
20181205,2018-12-05,0.04340661648135833,"{""type"":""MultiPoint"",""coordinates"":[]}"
20181206,2018-12-06,0.002669244316633273,"{""type"":""MultiPoint"",""coordinates"":[]}"
20181207,2018-12-07,0.0,"{""type"":""MultiPoint"",""coordinates"":[]}"
20181208,2018-12-08,0.0,"{""type"":""MultiPoint"",""coordinates"":[]}"
20181209,2018-12-09,0.0,"{""type"":""MultiPoint"",""coordinates"":[]}"
20181210,2018-12-10,0.0,"{""type"":""MultiPoint"",""coordinates"":[]}"
20181211,2018-12-11,0.0,"{""type"":""MultiPoint"",""coordinates"":[]}"
20181212,2018-12-12,0.0,"{""type"":""MultiPoint"",""coordinates"":[]}"
20181213,2018-12-13,0.03312868912815905,"{""type"":""MultiPoint"",""coordinates"":[]}"
20181214,2018-12-14,0.0,"{""type"":""MultiPoint"",""coordinates"":[]}"
20181215,2018-12-15,0.0,"{""type"":""MultiPoint"",""coordinates"":[]}"
20181216,2018-12-16,1.893378139340852,"{""type"":""MultiPoint"",""coordinates"":[]}"
20181217,2018-12-17,0.91810223878482,"{""type"":""MultiPoint"",""coordinates"":[]}"
20181218,2018-12-18,0.0,"{""type"":""MultiPoint"",""coordinates"":[]}"
20181219,2018-12-19,0.0,"{""type"":""MultiPoint"",""coordinates"":[]}"
20181220,2018-12-20,0.0,"{""type"":""MultiPoint"",""coordinates"":[]}"
20181221,2018-12-21,1.0649525135257114,"{""type"":""MultiPoint"",""coordinates"":[]}"
20181222,2018-12-22,4.038593078472761E-4,"{""type"":""MultiPoint"",""coordinates"":[]}"
20181223,2018-12-23,0.0990731458273737,"{""type"":""MultiPoint"",""coordinates"":[]}"
20181224,2018-12-24,0.021874743892589327,"{""type"":""MultiPoint"",""coordinates"":[]}"
20181225,2018-12-25,3.122622067672403E-6,"{""type"":""MultiPoint"",""coordinates"":[]}"
20181226,2018-12-26,0.003363160274012369,"{""type"":""MultiPoint"",""coordinates"":[]}"
20181227,2018-12-27,0.0,"{""type"":""MultiPoint"",""coordinates"":[]}"
20181228,2018-12-28,0.03462090419577941,"{""type"":""MultiPoint"",""coordinates"":[]}"
20181229,2018-12-29,0.0,"{""type"":""MultiPoint"",""coordinates"":[]}"
20181230,2018-12-30,0.015748388651428556,"{""type"":""MultiPoint"",""coordinates"":[]}"
20181231,2018-12-31,0.0,"{""type"":""MultiPoint"",""coordinates"":[]}"
20190101,2019-01-01,0.03641945641727645,"{""type"":""MultiPoint"",""coordinates"":[]}"
20190102,2019-01-02,0.7724830491106747,"{""type"":""MultiPoint"",""coordinates"":[]}"
20190103,2019-01-03,0.4448670867006429,"{""type"":""MultiPoint"",""coordinates"":[]}"
20190104,2019-01-04,0.0,"{""type"":""MultiPoint"",""coordinates"":[]}"
20190105,2019-01-05,0.17613635272314063,"{""type"":""MultiPoint"",""coordinates"":[]}"
20190106,2019-01-06,0.3037072458875811,"{""type"":""MultiPoint"",""coordinates"":[]}"
20190107,2019-01-07,0.06273342477564757,"{""type"":""MultiPoint"",""coordinates"":[]}"
20190108,2019-01-08,9.529998258442013E-5,"{""type"":""MultiPoint"",""coordinates"":[]}"
20190109,2019-01-09,0.0,"{""type"":""MultiPoint"",""coordinates"":[]}"
20190110,2019-01-10,0.4324893979303789,"{""type"":""MultiPoint"",""coordinates"":[]}"
20190111,2019-01-11,0.004455730054061987,"{""type"":""MultiPoint"",""coordinates"":[]}"
20190112,2019-01-12,0.015622417257497453,"{""type"":""MultiPoint"",""coordinates"":[]}"
20190113,2019-01-13,0.264420211541958,"{""type"":""MultiPoint"",""coordinates"":[]}"
20190114,2019-01-14,0.0,"{""type"":""MultiPoint"",""coordinates"":[]}"
20190115,2019-01-15,0.0,"{""type"":""MultiPoint"",""coordinates"":[]}"
20190116,2019-01-16,0.1443494974527319,"{""type"":""MultiPoint"",""coordinates"":[]}"
20190117,2019-01-17,0.007718885509932003,"{""type"":""MultiPoint"",""coordinates"":[]}"
20190118,2019-01-18,0.46569467811634957,"{""type"":""MultiPoint"",""coordinates"":[]}"
20190119,2019-01-19,0.0,"{""type"":""MultiPoint"",""coordinates"":[]}"
20190120,2019-01-20,0.0,"{""type"":""MultiPoint"",""coordinates"":[]}"
20190121,2019-01-21,0.0,"{""type"":""MultiPoint"",""coordinates"":[]}"
20190122,2019-01-22,0.0,"{""type"":""MultiPoint"",""coordinates"":[]}"
20190123,2019-01-23,0.0,"{""type"":""MultiPoint"",""coordinates"":[]}"
20190124,2019-01-24,0.0,"{""type"":""MultiPoint"",""coordinates"":[]}"
20190125,2019-01-25,0.6393223484999224,"{""type"":""MultiPoint"",""coordinates"":[]}"
20190126,2019-01-26,0.0,"{""type"":""MultiPoint"",""coordinates"":[]}"
20190127,2019-01-27,0.0030425498514748987,"{""type"":""MultiPoint"",""coordinates"":[]}"
20190128,2019-01-28,0.0,"{""type"":""MultiPoint"",""coordinates"":[]}"
20190129,2019-01-29,0.0,"{""type"":""MultiPoint"",""coordinates"":[]}"
20190130,2019-01-30,0.0,"{""type"":""MultiPoint"",""coordinates"":[]}"
20190131,2019-01-31,0.0,"{""type"":""MultiPoint"",""coordinates"":[]}"
20190201,2019-02-01,0.0,"{""type"":""MultiPoint"",""coordinates"":[]}"
20190202,2019-02-02,0.0,"{""type"":""MultiPoint"",""coordinates"":[]}"
20190203,2019-02-03,0.0,"{""type"":""MultiPoint"",""coordinates"":[]}"
20190204,2019-02-04,0.0,"{""type"":""MultiPoint"",""coordinates"":[]}"
20190205,2019-02-05,0.0,"{""type"":""MultiPoint"",""coordinates"":[]}"
20190206,2019-02-06,0.0,"{""type"":""MultiPoint"",""coordinates"":[]}"
20190207,2019-02-07,0.0,"{""type"":""MultiPoint"",""coordinates"":[]}"
20190208,2019-02-08,0.0,"{""type"":""MultiPoint"",""coordinates"":[]}"
20190209,2019-02-09,0.0,"{""type"":""MultiPoint"",""coordinates"":[]}"
20190210,2019-02-10,0.0,"{""type"":""MultiPoint"",""coordinates"":[]}"
20190211,2019-02-11,0.0,"{""type"":""MultiPoint"",""coordinates"":[]}"
20190212,2019-02-12,0.0,"{""type"":""MultiPoint"",""coordinates"":[]}"
20190213,2019-02-13,0.0,"{""type"":""MultiPoint"",""coordinates"":[]}"
20190214,2019-02-14,0.0,"{""type"":""MultiPoint"",""coordinates"":[]}"
20190215,2019-02-15,0.0,"{""type"":""MultiPoint"",""coordinates"":[]}"
20190216,2019-02-16,0.0,"{""type"":""MultiPoint"",""coordinates"":[]}"
20190217,2019-02-17,0.0,"{""type"":""MultiPoint"",""coordinates"":[]}"
20190218,2019-02-18,0.0,"{""type"":""MultiPoint"",""coordinates"":[]}"
20190219,2019-02-19,0.0,"{""type"":""MultiPoint"",""coordinates"":[]}"
20190220,2019-02-20,0.0,"{""type"":""MultiPoint"",""coordinates"":[]}"
20190221,2019-02-21,0.0,"{""type"":""MultiPoint"",""coordinates"":[]}"
20190222,2019-02-22,0.0,"{""type"":""MultiPoint"",""coordinates"":[]}"
20190223,2019-02-23,0.0,"{""type"":""MultiPoint"",""coordinates"":[]}"
20190224,2019-02-24,0.0,"{""type"":""MultiPoint"",""coordinates"":[]}"
20190225,2019-02-25,0.0,"{""type"":""MultiPoint"",""coordinates"":[]}"
20190226,2019-02-26,0.0,"{""type"":""MultiPoint"",""coordinates"":[]}"
20190227,2019-02-27,0.0,"{""type"":""MultiPoint"",""coordinates"":[]}"
20190228,2019-02-28,0.0,"{""type"":""MultiPoint"",""coordinates"":[]}"
20190301,2019-03-01,0.0,"{""type"":""MultiPoint"",""coordinates"":[]}"
20190302,2019-03-02,0.0,"{""type"":""MultiPoint"",""coordinates"":[]}"
20190303,2019-03-03,0.0,"{""type"":""MultiPoint"",""coordinates"":[]}"
20190304,2019-03-04,0.0,"{""type"":""MultiPoint"",""coordinates"":[]}"
20190305,2019-03-05,0.0,"{""type"":""MultiPoint"",""coordinates"":[]}"
20190306,2019-03-06,0.0,"{""type"":""MultiPoint"",""coordinates"":[]}"
20190307,2019-03-07,0.0,"{""type"":""MultiPoint"",""coordinates"":[]}"
20190308,2019-03-08,0.0,"{""type"":""MultiPoint"",""coordinates"":[]}"
20190309,2019-03-09,0.0,"{""type"":""MultiPoint"",""coordinates"":[]}"
20190310,2019-03-10,0.0,"{""type"":""MultiPoint"",""coordinates"":[]}"
20190311,2019-03-11,0.0,"{""type"":""MultiPoint"",""coordinates"":[]}"
20190312,2019-03-12,0.0,"{""type"":""MultiPoint"",""coordinates"":[]}"
20190313,2019-03-13,0.0,"{""type"":""MultiPoint"",""coordinates"":[]}"
20190314,2019-03-14,0.0,"{""type"":""MultiPoint"",""coordinates"":[]}"
20190315,2019-03-15,0.0,"{""type"":""MultiPoint"",""coordinates"":[]}"
20190316,2019-03-16,0.0,"{""type"":""MultiPoint"",""coordinates"":[]}"
20190317,2019-03-17,0.0,"{""type"":""MultiPoint"",""coordinates"":[]}"
20190318,2019-03-18,0.0,"{""type"":""MultiPoint"",""coordinates"":[]}"
20190319,2019-03-19,0.0,"{""type"":""MultiPoint"",""coordinates"":[]}"
20190320,2019-03-20,0.0,"{""type"":""MultiPoint"",""coordinates"":[]}"
20190321,2019-03-21,3.6693029832964586E-5,"{""type"":""MultiPoint"",""coordinates"":[]}"
20190322,2019-03-22,0.0,"{""type"":""MultiPoint"",""coordinates"":[]}"
20190323,2019-03-23,0.0283932633734242,"{""type"":""MultiPoint"",""coordinates"":[]}"
20190324,2019-03-24,0.0,"{""type"":""MultiPoint"",""coordinates"":[]}"
20190325,2019-03-25,0.04601561776841689,"{""type"":""MultiPoint"",""coordinates"":[]}"
20190326,2019-03-26,0.013664635261333432,"{""type"":""MultiPoint"",""coordinates"":[]}"
20190327,2019-03-27,0.09740197835218625,"{""type"":""MultiPoint"",""coordinates"":[]}"
20190328,2019-03-28,0.016196412335128314,"{""type"":""MultiPoint"",""coordinates"":[]}"
20190329,2019-03-29,0.24358457234020905,"{""type"":""MultiPoint"",""coordinates"":[]}"
20190330,2019-03-30,0.0,"{""type"":""MultiPoint"",""coordinates"":[]}"
20190331,2019-03-31,0.6343969411901632,"{""type"":""MultiPoint"",""coordinates"":[]}"
20190401,2019-04-01,0.0,"{""type"":""MultiPoint"",""coordinates"":[]}"
20190402,2019-04-02,0.0023231246925807065,"{""type"":""MultiPoint"",""coordinates"":[]}"
20190403,2019-04-03,0.0,"{""type"":""MultiPoint"",""coordinates"":[]}"
20190404,2019-04-04,0.0,"{""type"":""MultiPoint"",""coordinates"":[]}"
20190405,2019-04-05,0.0,"{""type"":""MultiPoint"",""coordinates"":[]}"
20190406,2019-04-06,0.6606277656906195,"{""type"":""MultiPoint"",""coordinates"":[]}"
20190407,2019-04-07,0.0,"{""type"":""MultiPoint"",""coordinates"":[]}"
20190408,2019-04-08,0.3974146675645535,"{""type"":""MultiPoint"",""coordinates"":[]}"
20190409,2019-04-09,0.29164827879764244,"{""type"":""MultiPoint"",""coordinates"":[]}"
20190410,2019-04-10,4.505018530800179,"{""type"":""MultiPoint"",""coordinates"":[]}"
20190411,2019-04-11,0.5005031388697335,"{""type"":""MultiPoint"",""coordinates"":[]}"
20190412,2019-04-12,9.49567194160307E-5,"{""type"":""MultiPoint"",""coordinates"":[]}"
20190413,2019-04-13,0.0334055792476609,"{""type"":""MultiPoint"",""coordinates"":[]}"
20190414,2019-04-14,0.0,"{""type"":""MultiPoint"",""coordinates"":[]}"
20190415,2019-04-15,0.0,"{""type"":""MultiPoint"",""coordinates"":[]}"
20190416,2019-04-16,0.0,"{""type"":""MultiPoint"",""coordinates"":[]}"
20190417,2019-04-17,0.040799974575433356,"{""type"":""MultiPoint"",""coordinates"":[]}"
20190418,2019-04-18,0.5942500950468197,"{""type"":""MultiPoint"",""coordinates"":[]}"
20190419,2019-04-19,0.0,"{""type"":""MultiPoint"",""coordinates"":[]}"
20190420,2019-04-20,0.0,"{""type"":""MultiPoint"",""coordinates"":[]}"
20190421,2019-04-21,0.6424518950085389,"{""type"":""MultiPoint"",""coordinates"":[]}"
20190422,2019-04-22,0.7134239605904326,"{""type"":""MultiPoint"",""coordinates"":[]}"
20190423,2019-04-23,1.8990835519296668E-6,"{""type"":""MultiPoint"",""coordinates"":[]}"
20190424,2019-04-24,5.7938959764067515E-6,"{""type"":""MultiPoint"",""coordinates"":[]}"
20190425,2019-04-25,7.216753258089907E-7,"{""type"":""MultiPoint"",""coordinates"":[]}"
20190426,2019-04-26,0.0,"{""type"":""MultiPoint"",""coordinates"":[]}"
20190427,2019-04-27,0.0,"{""type"":""MultiPoint"",""coordinates"":[]}"
20190428,2019-04-28,0.84359889857596,"{""type"":""MultiPoint"",""coordinates"":[]}"
20190429,2019-04-29,5.647545130725071,"{""type"":""MultiPoint"",""coordinates"":[]}"
20190430,2019-04-30,14.368031053898047,"{""type"":""MultiPoint"",""coordinates"":[]}"
20190501,2019-05-01,6.042022413914814,"{""type"":""MultiPoint"",""coordinates"":[]}"
20190502,2019-05-02,1.9489925198620464,"{""type"":""MultiPoint"",""coordinates"":[]}"
20190503,2019-05-03,0.0,"{""type"":""MultiPoint"",""coordinates"":[]}"
20190504,2019-05-04,0.32253644115015806,"{""type"":""MultiPoint"",""coordinates"":[]}"
20190505,2019-05-05,0.0,"{""type"":""MultiPoint"",""coordinates"":[]}"
20190506,2019-05-06,0.0,"{""type"":""MultiPoint"",""coordinates"":[]}"
20190507,2019-05-07,0.001258483306328335,"{""type"":""MultiPoint"",""coordinates"":[]}"
20190508,2019-05-08,0.22108412008014025,"{""type"":""MultiPoint"",""coordinates"":[]}"
20190509,2019-05-09,0.0025437104991569604,"{""type"":""MultiPoint"",""coordinates"":[]}"
20190510,2019-05-10,0.0,"{""type"":""MultiPoint"",""coordinates"":[]}"
20190511,2019-05-11,0.09830675165392266,"{""type"":""MultiPoint"",""coordinates"":[]}"
20190512,2019-05-12,0.0,"{""type"":""MultiPoint"",""coordinates"":[]}"
20190513,2019-05-13,0.8421274580261064,"{""type"":""MultiPoint"",""coordinates"":[]}"
20190514,2019-05-14,0.006009968259203419,"{""type"":""MultiPoint"",""coordinates"":[]}"
20190515,2019-05-15,0.5247312974326773,"{""type"":""MultiPoint"",""coordinates"":[]}"
20190516,2019-05-16,0.043480043697346586,"{""type"":""MultiPoint"",""coordinates"":[]}"
20190517,2019-05-17,1.0977003327300683,"{""type"":""MultiPoint"",""coordinates"":[]}"
20190518,2019-05-18,0.009737339128234778,"{""type"":""MultiPoint"",""coordinates"":[]}"
20190519,2019-05-19,1.9671680937996079,"{""type"":""MultiPoint"",""coordinates"":[]}"
20190520,2019-05-20,0.3681099283880959,"{""type"":""MultiPoint"",""coordinates"":[]}"
20190521,2019-05-21,2.110580471732628,"{""type"":""MultiPoint"",""coordinates"":[]}"
20190522,2019-05-22,0.3837991089889849,"{""type"":""MultiPoint"",""coordinates"":[]}"
20190523,2019-05-23,4.231685316344284,"{""type"":""MultiPoint"",""coordinates"":[]}"
20190524,2019-05-24,0.3459692356404375,"{""type"":""MultiPoint"",""coordinates"":[]}"
20190525,2019-05-25,0.21632211371469798,"{""type"":""MultiPoint"",""coordinates"":[]}"
20190526,2019-05-26,4.283142753116745,"{""type"":""MultiPoint"",""coordinates"":[]}"
20190527,2019-05-27,5.2502302958333535,"{""type"":""MultiPoint"",""coordinates"":[]}"
20190528,2019-05-28,0.5185642976101742,"{""type"":""MultiPoint"",""coordinates"":[]}"
20190529,2019-05-29,2.916866321605694,"{""type"":""MultiPoint"",""coordinates"":[]}"
20190530,2019-05-30,10.335396681386296,"{""type"":""MultiPoint"",""coordinates"":[]}"
20190531,2019-05-31,1.0306193039824176,"{""type"":""MultiPoint"",""coordinates"":[]}"
20190601,2019-06-01,0.11252943129043229,"{""type"":""MultiPoint"",""coordinates"":[]}"
20190602,2019-06-02,9.258252509961812,"{""type"":""MultiPoint"",""coordinates"":[]}"
20190603,2019-06-03,8.947040593570476,"{""type"":""MultiPoint"",""coordinates"":[]}"
20190604,2019-06-04,0.3310066494798901,"{""type"":""MultiPoint"",""coordinates"":[]}"
20190605,2019-06-05,0.4139906642364984,"{""type"":""MultiPoint"",""coordinates"":[]}"
20190606,2019-06-06,9.381874817769566,"{""type"":""MultiPoint"",""coordinates"":[]}"
20190607,2019-06-07,0.6017794634256264,"{""type"":""MultiPoint"",""coordinates"":[]}"
20190608,2019-06-08,8.906982553250447,"{""type"":""MultiPoint"",""coordinates"":[]}"
20190609,2019-06-09,1.6798329178588944,"{""type"":""MultiPoint"",""coordinates"":[]}"
20190610,2019-06-10,0.324382672622075,"{""type"":""MultiPoint"",""coordinates"":[]}"
20190611,2019-06-11,0.4587033790115723,"{""type"":""MultiPoint"",""coordinates"":[]}"
20190612,2019-06-12,0.5015665748219306,"{""type"":""MultiPoint"",""coordinates"":[]}"
20190613,2019-06-13,0.019860378886051463,"{""type"":""MultiPoint"",""coordinates"":[]}"
20190614,2019-06-14,1.871123238680176E-5,"{""type"":""MultiPoint"",""coordinates"":[]}"
20190615,2019-06-15,3.8127987917025613E-5,"{""type"":""MultiPoint"",""coordinates"":[]}"
20190616,2019-06-16,0.08535531435554712,"{""type"":""MultiPoint"",""coordinates"":[]}"
20190617,2019-06-17,0.11712427062934387,"{""type"":""MultiPoint"",""coordinates"":[]}"
20190618,2019-06-18,0.0,"{""type"":""MultiPoint"",""coordinates"":[]}"
20190619,2019-06-19,0.4555866677483341,"{""type"":""MultiPoint"",""coordinates"":[]}"
20190620,2019-06-20,3.0499240058762513,"{""type"":""MultiPoint"",""coordinates"":[]}"
20190621,2019-06-21,9.492700349690521,"{""type"":""MultiPoint"",""coordinates"":[]}"
20190622,2019-06-22,5.109429115361832,"{""type"":""MultiPoint"",""coordinates"":[]}"
20190623,2019-06-23,4.305679547756187,"{""type"":""MultiPoint"",""coordinates"":[]}"
20190624,2019-06-24,1.2766971067292394,"{""type"":""MultiPoint"",""coordinates"":[]}"
20190625,2019-06-25,1.0494751364080719,"{""type"":""MultiPoint"",""coordinates"":[]}"
20190626,2019-06-26,3.2007067535110614,"{""type"":""MultiPoint"",""coordinates"":[]}"
20190627,2019-06-27,0.0342734453419537,"{""type"":""MultiPoint"",""coordinates"":[]}"
20190628,2019-06-28,4.303403569476867,"{""type"":""MultiPoint"",""coordinates"":[]}"
20190629,2019-06-29,3.701770527972156,"{""type"":""MultiPoint"",""coordinates"":[]}"
20190630,2019-06-30,0.5769265057142168,"{""type"":""MultiPoint"",""coordinates"":[]}"
20190701,2019-07-01,1.9545491663509564,"{""type"":""MultiPoint"",""coordinates"":[]}"
20190702,2019-07-02,8.677938892554675,"{""type"":""MultiPoint"",""coordinates"":[]}"
20190703,2019-07-03,1.1229954963895612,"{""type"":""MultiPoint"",""coordinates"":[]}"
20190704,2019-07-04,5.100264150927912,"{""type"":""MultiPoint"",""coordinates"":[]}"
20190705,2019-07-05,6.782478756747805,"{""type"":""MultiPoint"",""coordinates"":[]}"
20190706,2019-07-06,1.898269353978628,"{""type"":""MultiPoint"",""coordinates"":[]}"
20190707,2019-07-07,0.013598413512190056,"{""type"":""MultiPoint"",""coordinates"":[]}"
20190708,2019-07-08,0.0,"{""type"":""MultiPoint"",""coordinates"":[]}"
20190709,2019-07-09,0.4420024836432439,"{""type"":""MultiPoint"",""coordinates"":[]}"
20190710,2019-07-10,0.20796364927717537,"{""type"":""MultiPoint"",""coordinates"":[]}"
20190711,2019-07-11,0.007339262045136579,"{""type"":""MultiPoint"",""coordinates"":[]}"
20190712,2019-07-12,0.018094589037728103,"{""type"":""MultiPoint"",""coordinates"":[]}"
20190713,2019-07-13,2.530145318555664,"{""type"":""MultiPoint"",""coordinates"":[]}"
20190714,2019-07-14,3.0722291239168062,"{""type"":""MultiPoint"",""coordinates"":[]}"
20190715,2019-07-15,1.8146257723517425,"{""type"":""MultiPoint"",""coordinates"":[]}"
20190716,2019-07-16,0.15654849559446363,"{""type"":""MultiPoint"",""coordinates"":[]}"
20190717,2019-07-17,2.3534796028849745,"{""type"":""MultiPoint"",""coordinates"":[]}"
20190718,2019-07-18,4.984989054436207,"{""type"":""MultiPoint"",""coordinates"":[]}"
20190719,2019-07-19,8.926840330482793,"{""type"":""MultiPoint"",""coordinates"":[]}"
20190720,2019-07-20,9.359962910084473,"{""type"":""MultiPoint"",""coordinates"":[]}"
20190721,2019-07-21,1.6726595318773605,"{""type"":""MultiPoint"",""coordinates"":[]}"
20190722,2019-07-22,0.8610717360621987,"{""type"":""MultiPoint"",""coordinates"":[]}"
20190723,2019-07-23,3.170922614296127,"{""type"":""MultiPoint"",""coordinates"":[]}"
20190724,2019-07-24,0.0,"{""type"":""MultiPoint"",""coordinates"":[]}"
20190725,2019-07-25,10.3456801034579,"{""type"":""MultiPoint"",""coordinates"":[]}"
20190726,2019-07-26,8.368822206977837,"{""type"":""MultiPoint"",""coordinates"":[]}"
20190727,2019-07-27,1.0413794324676122,"{""type"":""MultiPoint"",""coordinates"":[]}"
20190728,2019-07-28,7.982296739778561,"{""type"":""MultiPoint"",""coordinates"":[]}"
20190729,2019-07-29,11.784743235344827,"{""type"":""MultiPoint"",""coordinates"":[]}"
20190730,2019-07-30,3.0838961510356633,"{""type"":""MultiPoint"",""coordinates"":[]}"
20190731,2019-07-31,0.030201036059770307,"{""type"":""MultiPoint"",""coordinates"":[]}"
20190801,2019-08-01,8.765104191242001,"{""type"":""MultiPoint"",""coordinates"":[]}"
20190802,2019-08-02,15.231502563435667,"{""type"":""MultiPoint"",""coordinates"":[]}"
20190803,2019-08-03,9.652221368804438,"{""type"":""MultiPoint"",""coordinates"":[]}"
20190804,2019-08-04,0.9509596818197149,"{""type"":""MultiPoint"",""coordinates"":[]}"
20190805,2019-08-05,1.309299182608128,"{""type"":""MultiPoint"",""coordinates"":[]}"
20190806,2019-08-06,1.8695051858152973,"{""type"":""MultiPoint"",""coordinates"":[]}"
20190807,2019-08-07,15.11671859737945,"{""type"":""MultiPoint"",""coordinates"":[]}"
20190808,2019-08-08,0.26503768870625505,"{""type"":""MultiPoint"",""coordinates"":[]}"
20190809,2019-08-09,0.0,"{""type"":""MultiPoint"",""coordinates"":[]}"
20190810,2019-08-10,0.0,"{""type"":""MultiPoint"",""coordinates"":[]}"
20190811,2019-08-11,0.0,"{""type"":""MultiPoint"",""coordinates"":[]}"
20190812,2019-08-12,0.2263118569493301,"{""type"":""MultiPoint"",""coordinates"":[]}"
20190813,2019-08-13,6.0497791383031165,"{""type"":""MultiPoint"",""coordinates"":[]}"
20190814,2019-08-14,1.2441854518947746,"{""type"":""MultiPoint"",""coordinates"":[]}"
20190815,2019-08-15,0.34094491839172336,"{""type"":""MultiPoint"",""coordinates"":[]}"
20190816,2019-08-16,1.7261765853297308,"{""type"":""MultiPoint"",""coordinates"":[]}"
20190817,2019-08-17,3.0481449475207305,"{""type"":""MultiPoint"",""coordinates"":[]}"
20190818,2019-08-18,17.67501804066009,"{""type"":""MultiPoint"",""coordinates"":[]}"
20190819,2019-08-19,12.040564740461992,"{""type"":""MultiPoint"",""coordinates"":[]}"
20190820,2019-08-20,7.974872002104984,"{""type"":""MultiPoint"",""coordinates"":[]}"
20190821,2019-08-21,29.67982597470496,"{""type"":""MultiPoint"",""coordinates"":[]}"
20190822,2019-08-22,14.989993637849455,"{""type"":""MultiPoint"",""coordinates"":[]}"
20190823,2019-08-23,4.40575575531718,"{""type"":""MultiPoint"",""coordinates"":[]}"
20190824,2019-08-24,1.2894321782243456,"{""type"":""MultiPoint"",""coordinates"":[]}"
20190825,2019-08-25,0.765896502517616,"{""type"":""MultiPoint"",""coordinates"":[]}"
20190826,2019-08-26,2.737754995153085,"{""type"":""MultiPoint"",""coordinates"":[]}"
20190827,2019-08-27,0.0,"{""type"":""MultiPoint"",""coordinates"":[]}"
20190828,2019-08-28,0.2348419523753484,"{""type"":""MultiPoint"",""coordinates"":[]}"
20190829,2019-08-29,0.16822911305052776,"{""type"":""MultiPoint"",""coordinates"":[]}"
20190830,2019-08-30,10.947061936638852,"{""type"":""MultiPoint"",""coordinates"":[]}"
20190831,2019-08-31,11.656138699329334,"{""type"":""MultiPoint"",""coordinates"":[]}"
20190901,2019-09-01,0.4262044414539154,"{""type"":""MultiPoint"",""coordinates"":[]}"
20190902,2019-09-02,3.8743669099078675,"{""type"":""MultiPoint"",""coordinates"":[]}"
20190903,2019-09-03,1.951011947357294,"{""type"":""MultiPoint"",""coordinates"":[]}"
20190904,2019-09-04,2.291355162794748,"{""type"":""MultiPoint"",""coordinates"":[]}"
20190905,2019-09-05,0.1863930632649316,"{""type"":""MultiPoint"",""coordinates"":[]}"
20190906,2019-09-06,0.0,"{""type"":""MultiPoint"",""coordinates"":[]}"
20190907,2019-09-07,0.2342907812644882,"{""type"":""MultiPoint"",""coordinates"":[]}"
20190908,2019-09-08,1.685081076115783,"{""type"":""MultiPoint"",""coordinates"":[]}"
20190909,2019-09-09,0.0,"{""type"":""MultiPoint"",""coordinates"":[]}"
20190910,2019-09-10,0.6699104283559882,"{""type"":""MultiPoint"",""coordinates"":[]}"
20190911,2019-09-11,0.0047637711460449894,"{""type"":""MultiPoint"",""coordinates"":[]}"
20190912,2019-09-12,7.704634784602079,"{""type"":""MultiPoint"",""coordinates"":[]}"
20190913,2019-09-13,1.40315656428033,"{""type"":""MultiPoint"",""coordinates"":[]}"
20190914,2019-09-14,1.3240064785059829,"{""type"":""MultiPoint"",""coordinates"":[]}"
20190915,2019-09-15,2.4315779698476785,"{""type"":""MultiPoint"",""coordinates"":[]}"
20190916,2019-09-16,9.770967992826781,"{""type"":""MultiPoint"",""coordinates"":[]}"
20190917,2019-09-17,28.771790067076648,"{""type"":""MultiPoint"",""coordinates"":[]}"
20190918,2019-09-18,13.079032824135636,"{""type"":""MultiPoint"",""coordinates"":[]}"
20190919,2019-09-19,23.508880379428142,"{""type"":""MultiPoint"",""coordinates"":[]}"
20190920,2019-09-20,11.689658720400615,"{""type"":""MultiPoint"",""coordinates"":[]}"
20190921,2019-09-21,4.238293150976551,"{""type"":""MultiPoint"",""coordinates"":[]}"
20190922,2019-09-22,13.756965202310834,"{""type"":""MultiPoint"",""coordinates"":[]}"
20190923,2019-09-23,12.261627996354877,"{""type"":""MultiPoint"",""coordinates"":[]}"
20190924,2019-09-24,15.692335527429401,"{""type"":""MultiPoint"",""coordinates"":[]}"
20190925,2019-09-25,10.35452689366202,"{""type"":""MultiPoint"",""coordinates"":[]}"
20190926,2019-09-26,18.374283294538966,"{""type"":""MultiPoint"",""coordinates"":[]}"
20190927,2019-09-27,5.274169275200384,"{""type"":""MultiPoint"",""coordinates"":[]}"
20190928,2019-09-28,2.2461782328253626,"{""type"":""MultiPoint"",""coordinates"":[]}"
20190929,2019-09-29,1.5016561469929066,"{""type"":""MultiPoint"",""coordinates"":[]}"
20190930,2019-09-30,0.12068483659595254,"{""type"":""MultiPoint"",""coordinates"":[]}"
20191001,2019-10-01,4.148797694964495,"{""type"":""MultiPoint"",""coordinates"":[]}"
20191002,2019-10-02,1.6742413818603168,"{""type"":""MultiPoint"",""coordinates"":[]}"
20191003,2019-10-03,10.883555495802776,"{""type"":""MultiPoint"",""coordinates"":[]}"
20191004,2019-10-04,16.3884326577314,"{""type"":""MultiPoint"",""coordinates"":[]}"
20191005,2019-10-05,8.724798638678758,"{""type"":""MultiPoint"",""coordinates"":[]}"
20191006,2019-10-06,1.6630976208192154,"{""type"":""MultiPoint"",""coordinates"":[]}"
20191007,2019-10-07,7.187577911320469,"{""type"":""MultiPoint"",""coordinates"":[]}"
20191008,2019-10-08,0.7792154135116713,"{""type"":""MultiPoint"",""coordinates"":[]}"
20191009,2019-10-09,7.987529945565295,"{""type"":""MultiPoint"",""coordinates"":[]}"
20191010,2019-10-10,7.517148358932316,"{""type"":""MultiPoint"",""coordinates"":[]}"
20191011,2019-10-11,7.982885097603839,"{""type"":""MultiPoint"",""coordinates"":[]}"
20191012,2019-10-12,1.1895219081315813,"{""type"":""MultiPoint"",""coordinates"":[]}"
20191013,2019-10-13,0.13660017372458857,"{""type"":""MultiPoint"",""coordinates"":[]}"
20191014,2019-10-14,0.7617314432765493,"{""type"":""MultiPoint"",""coordinates"":[]}"
20191015,2019-10-15,1.2848227314916907,"{""type"":""MultiPoint"",""coordinates"":[]}"
20191016,2019-10-16,7.757140439804085,"{""type"":""MultiPoint"",""coordinates"":[]}"
20191017,2019-10-17,1.611829762913532,"{""type"":""MultiPoint"",""coordinates"":[]}"
20191018,2019-10-18,0.1465742733556167,"{""type"":""MultiPoint"",""coordinates"":[]}"
20191019,2019-10-19,1.88475718133097,"{""type"":""MultiPoint"",""coordinates"":[]}"
20191020,2019-10-20,5.076574415341097,"{""type"":""MultiPoint"",""coordinates"":[]}"
20191021,2019-10-21,10.397285279205907,"{""type"":""MultiPoint"",""coordinates"":[]}"
20191022,2019-10-22,11.160555330354105,"{""type"":""MultiPoint"",""coordinates"":[]}"
20191023,2019-10-23,9.872634523521004,"{""type"":""MultiPoint"",""coordinates"":[]}"
20191024,2019-10-24,2.017429672984444,"{""type"":""MultiPoint"",""coordinates"":[]}"
20191025,2019-10-25,1.0601006143059026,"{""type"":""MultiPoint"",""coordinates"":[]}"
20191026,2019-10-26,1.271817395341536,"{""type"":""MultiPoint"",""coordinates"":[]}"
20191027,2019-10-27,1.971201366777977,"{""type"":""MultiPoint"",""coordinates"":[]}"
20191028,2019-10-28,0.0,"{""type"":""MultiPoint"",""coordinates"":[]}"
20191029,2019-10-29,0.1129389596182626,"{""type"":""MultiPoint"",""coordinates"":[]}"
20191030,2019-10-30,7.39589333525029,"{""type"":""MultiPoint"",""coordinates"":[]}"
20191031,2019-10-31,0.0,"{""type"":""MultiPoint"",""coordinates"":[]}"
20191101,2019-11-01,0.1443889025518716,"{""type"":""MultiPoint"",""coordinates"":[]}"
20191102,2019-11-02,0.0,"{""type"":""MultiPoint"",""coordinates"":[]}"
20191103,2019-11-03,0.0,"{""type"":""MultiPoint"",""coordinates"":[]}"
20191104,2019-11-04,0.11450409596914889,"{""type"":""MultiPoint"",""coordinates"":[]}"
20191105,2019-11-05,0.0,"{""type"":""MultiPoint"",""coordinates"":[]}"
20191106,2019-11-06,0.0,"{""type"":""MultiPoint"",""coordinates"":[]}"
20191107,2019-11-07,0.0,"{""type"":""MultiPoint"",""coordinates"":[]}"
20191108,2019-11-08,0.04087693164618253,"{""type"":""MultiPoint"",""coordinates"":[]}"
20191109,2019-11-09,0.0,"{""type"":""MultiPoint"",""coordinates"":[]}"
20191110,2019-11-10,0.0,"{""type"":""MultiPoint"",""coordinates"":[]}"
20191111,2019-11-11,3.5033927532989335E-4,"{""type"":""MultiPoint"",""coordinates"":[]}"
20191112,2019-11-12,0.026200434171276595,"{""type"":""MultiPoint"",""coordinates"":[]}"
20191113,2019-11-13,0.1143035797835582,"{""type"":""MultiPoint"",""coordinates"":[]}"
20191114,2019-11-14,0.3541157038394405,"{""type"":""MultiPoint"",""coordinates"":[]}"
20191115,2019-11-15,0.6438874461977213,"{""type"":""MultiPoint"",""coordinates"":[]}"
20191116,2019-11-16,0.0,"{""type"":""MultiPoint"",""coordinates"":[]}"
20191117,2019-11-17,0.0,"{""type"":""MultiPoint"",""coordinates"":[]}"
20191118,2019-11-18,0.030033665762854607,"{""type"":""MultiPoint"",""coordinates"":[]}"
20191119,2019-11-19,3.0159495063378623,"{""type"":""MultiPoint"",""coordinates"":[]}"
20191120,2019-11-20,0.0,"{""type"":""MultiPoint"",""coordinates"":[]}"
20191121,2019-11-21,1.3657275102351651,"{""type"":""MultiPoint"",""coordinates"":[]}"
20191122,2019-11-22,0.12796854266588592,"{""type"":""MultiPoint"",""coordinates"":[]}"
20191123,2019-11-23,0.0,"{""type"":""MultiPoint"",""coordinates"":[]}"
20191124,2019-11-24,0.0,"{""type"":""MultiPoint"",""coordinates"":[]}"
20191125,2019-11-25,0.0,"{""type"":""MultiPoint"",""coordinates"":[]}"
20191126,2019-11-26,0.0,"{""type"":""MultiPoint"",""coordinates"":[]}"
20191127,2019-11-27,1.0620238877598818,"{""type"":""MultiPoint"",""coordinates"":[]}"
20191128,2019-11-28,0.33396718288108335,"{""type"":""MultiPoint"",""coordinates"":[]}"
20191129,2019-11-29,0.0,"{""type"":""MultiPoint"",""coordinates"":[]}"
20191130,2019-11-30,0.6021058243533293,"{""type"":""MultiPoint"",""coordinates"":[]}"
20191201,2019-12-01,1.213846830041034,"{""type"":""MultiPoint"",""coordinates"":[]}"
20191202,2019-12-02,0.0,"{""type"":""MultiPoint"",""coordinates"":[]}"
20191203,2019-12-03,0.0,"{""type"":""MultiPoint"",""coordinates"":[]}"
20191204,2019-12-04,0.0,"{""type"":""MultiPoint"",""coordinates"":[]}"
20191205,2019-12-05,0.0,"{""type"":""MultiPoint"",""coordinates"":[]}"
20191206,2019-12-06,0.0,"{""type"":""MultiPoint"",""coordinates"":[]}"
20191207,2019-12-07,0.0,"{""type"":""MultiPoint"",""coordinates"":[]}"
20191208,2019-12-08,0.010875840919993354,"{""type"":""MultiPoint"",""coordinates"":[]}"
20191209,2019-12-09,0.0,"{""type"":""MultiPoint"",""coordinates"":[]}"
20191210,2019-12-10,0.0,"{""type"":""MultiPoint"",""coordinates"":[]}"
20191211,2019-12-11,0.0,"{""type"":""MultiPoint"",""coordinates"":[]}"
20191212,2019-12-12,0.0,"{""type"":""MultiPoint"",""coordinates"":[]}"
20191213,2019-12-13,0.0,"{""type"":""MultiPoint"",""coordinates"":[]}"
20191214,2019-12-14,0.9912041734672105,"{""type"":""MultiPoint"",""coordinates"":[]}"
20191215,2019-12-15,0.0,"{""type"":""MultiPoint"",""coordinates"":[]}"
20191216,2019-12-16,0.9239721625282302,"{""type"":""MultiPoint"",""coordinates"":[]}"
20191217,2019-12-17,0.0,"{""type"":""MultiPoint"",""coordinates"":[]}"
20191218,2019-12-18,0.0,"{""type"":""MultiPoint"",""coordinates"":[]}"
20191219,2019-12-19,0.0,"{""type"":""MultiPoint"",""coordinates"":[]}"
20191220,2019-12-20,0.025019570826853306,"{""type"":""MultiPoint"",""coordinates"":[]}"
20191221,2019-12-21,0.0,"{""type"":""MultiPoint"",""coordinates"":[]}"
20191222,2019-12-22,0.0,"{""type"":""MultiPoint"",""coordinates"":[]}"
20191223,2019-12-23,0.0,"{""type"":""MultiPoint"",""coordinates"":[]}"
20191224,2019-12-24,0.19362104913644984,"{""type"":""MultiPoint"",""coordinates"":[]}"
20191225,2019-12-25,0.0,"{""type"":""MultiPoint"",""coordinates"":[]}"
20191226,2019-12-26,0.0,"{""type"":""MultiPoint"",""coordinates"":[]}"
20191227,2019-12-27,0.0,"{""type"":""MultiPoint"",""coordinates"":[]}"
20191228,2019-12-28,0.0,"{""type"":""MultiPoint"",""coordinates"":[]}"
20191229,2019-12-29,0.0,"{""type"":""MultiPoint"",""coordinates"":[]}"
20191230,2019-12-30,0.0,"{""type"":""MultiPoint"",""coordinates"":[]}"
20191231,2019-12-31,0.0,"{""type"":""MultiPoint"",""coordinates"":[]}"
20200101,2020-01-01,0.0,"{""type"":""MultiPoint"",""coordinates"":[]}"
20200102,2020-01-02,0.0,"{""type"":""MultiPoint"",""coordinates"":[]}"
20200103,2020-01-03,0.008054600818825086,"{""type"":""MultiPoint"",""coordinates"":[]}"
20200104,2020-01-04,0.0,"{""type"":""MultiPoint"",""coordinates"":[]}"
20200105,2020-01-05,0.0,"{""type"":""MultiPoint"",""coordinates"":[]}"
20200106,2020-01-06,0.10111444811467503,"{""type"":""MultiPoint"",""coordinates"":[]}"
20200107,2020-01-07,0.0,"{""type"":""MultiPoint"",""coordinates"":[]}"
20200108,2020-01-08,0.0,"{""type"":""MultiPoint"",""coordinates"":[]}"
20200109,2020-01-09,0.0,"{""type"":""MultiPoint"",""coordinates"":[]}"
20200110,2020-01-10,0.0,"{""type"":""MultiPoint"",""coordinates"":[]}"
20200111,2020-01-11,0.32559406614871045,"{""type"":""MultiPoint"",""coordinates"":[]}"
20200112,2020-01-12,0.04402213940153452,"{""type"":""MultiPoint"",""coordinates"":[]}"
20200113,2020-01-13,0.0,"{""type"":""MultiPoint"",""coordinates"":[]}"
20200114,2020-01-14,0.0,"{""type"":""MultiPoint"",""coordinates"":[]}"
20200115,2020-01-15,0.0,"{""type"":""MultiPoint"",""coordinates"":[]}"
20200116,2020-01-16,0.0,"{""type"":""MultiPoint"",""coordinates"":[]}"
20200117,2020-01-17,0.0,"{""type"":""MultiPoint"",""coordinates"":[]}"
20200118,2020-01-18,0.0079627437064527,"{""type"":""MultiPoint"",""coordinates"":[]}"
20200119,2020-01-19,0.006204475112112175,"{""type"":""MultiPoint"",""coordinates"":[]}"
20200120,2020-01-20,0.0,"{""type"":""MultiPoint"",""coordinates"":[]}"
20200121,2020-01-21,0.0,"{""type"":""MultiPoint"",""coordinates"":[]}"
20200122,2020-01-22,0.0,"{""type"":""MultiPoint"",""coordinates"":[]}"
20200123,2020-01-23,0.13226054557147132,"{""type"":""MultiPoint"",""coordinates"":[]}"
20200124,2020-01-24,0.05303499810268074,"{""type"":""MultiPoint"",""coordinates"":[]}"
20200125,2020-01-25,0.13780627342860305,"{""type"":""MultiPoint"",""coordinates"":[]}"
20200126,2020-01-26,0.0,"{""type"":""MultiPoint"",""coordinates"":[]}"
20200127,2020-01-27,0.0,"{""type"":""MultiPoint"",""coordinates"":[]}"
20200128,2020-01-28,0.0,"{""type"":""MultiPoint"",""coordinates"":[]}"
20200129,2020-01-29,0.0,"{""type"":""MultiPoint"",""coordinates"":[]}"
20200130,2020-01-30,0.0,"{""type"":""MultiPoint"",""coordinates"":[]}"
20200131,2020-01-31,0.09864912650546907,"{""type"":""MultiPoint"",""coordinates"":[]}"
20200201,2020-02-01,0.0,"{""type"":""MultiPoint"",""coordinates"":[]}"
20200202,2020-02-02,0.0,"{""type"":""MultiPoint"",""coordinates"":[]}"
20200203,2020-02-03,0.0,"{""type"":""MultiPoint"",""coordinates"":[]}"
20200204,2020-02-04,0.0,"{""type"":""MultiPoint"",""coordinates"":[]}"
20200205,2020-02-05,0.0,"{""type"":""MultiPoint"",""coordinates"":[]}"
20200206,2020-02-06,0.0,"{""type"":""MultiPoint"",""coordinates"":[]}"
20200207,2020-02-07,0.0,"{""type"":""MultiPoint"",""coordinates"":[]}"
20200208,2020-02-08,0.0,"{""type"":""MultiPoint"",""coordinates"":[]}"
20200209,2020-02-09,0.0,"{""type"":""MultiPoint"",""coordinates"":[]}"
20200210,2020-02-10,0.0,"{""type"":""MultiPoint"",""coordinates"":[]}"
20200211,2020-02-11,0.0,"{""type"":""MultiPoint"",""coordinates"":[]}"
20200212,2020-02-12,0.0,"{""type"":""MultiPoint"",""coordinates"":[]}"
20200213,2020-02-13,0.0,"{""type"":""MultiPoint"",""coordinates"":[]}"
20200214,2020-02-14,0.0,"{""type"":""MultiPoint"",""coordinates"":[]}"
20200215,2020-02-15,0.0,"{""type"":""MultiPoint"",""coordinates"":[]}"
20200216,2020-02-16,0.0,"{""type"":""MultiPoint"",""coordinates"":[]}"
20200217,2020-02-17,0.0,"{""type"":""MultiPoint"",""coordinates"":[]}"
20200218,2020-02-18,0.0,"{""type"":""MultiPoint"",""coordinates"":[]}"
20200219,2020-02-19,0.0,"{""type"":""MultiPoint"",""coordinates"":[]}"
20200220,2020-02-20,0.0,"{""type"":""MultiPoint"",""coordinates"":[]}"
20200221,2020-02-21,0.0,"{""type"":""MultiPoint"",""coordinates"":[]}"
20200222,2020-02-22,0.0,"{""type"":""MultiPoint"",""coordinates"":[]}"
20200223,2020-02-23,0.0,"{""type"":""MultiPoint"",""coordinates"":[]}"
20200224,2020-02-24,0.0,"{""type"":""MultiPoint"",""coordinates"":[]}"
20200225,2020-02-25,0.0,"{""type"":""MultiPoint"",""coordinates"":[]}"
20200226,2020-02-26,0.0,"{""type"":""MultiPoint"",""coordinates"":[]}"
20200227,2020-02-27,0.0,"{""type"":""MultiPoint"",""coordinates"":[]}"
20200228,2020-02-28,0.0,"{""type"":""MultiPoint"",""coordinates"":[]}"
20200229,2020-02-29,0.0,"{""type"":""MultiPoint"",""coordinates"":[]}"
20200301,2020-03-01,0.0,"{""type"":""MultiPoint"",""coordinates"":[]}"
20200302,2020-03-02,0.0,"{""type"":""MultiPoint"",""coordinates"":[]}"
20200303,2020-03-03,0.0,"{""type"":""MultiPoint"",""coordinates"":[]}"
20200304,2020-03-04,0.0,"{""type"":""MultiPoint"",""coordinates"":[]}"
20200305,2020-03-05,0.0,"{""type"":""MultiPoint"",""coordinates"":[]}"
20200306,2020-03-06,0.0,"{""type"":""MultiPoint"",""coordinates"":[]}"
20200307,2020-03-07,0.1052350021134556,"{""type"":""MultiPoint"",""coordinates"":[]}"
20200308,2020-03-08,0.2943974661486221,"{""type"":""MultiPoint"",""coordinates"":[]}"
20200309,2020-03-09,0.0,"{""type"":""MultiPoint"",""coordinates"":[]}"
20200310,2020-03-10,0.0,"{""type"":""MultiPoint"",""coordinates"":[]}"
20200311,2020-03-11,0.0,"{""type"":""MultiPoint"",""coordinates"":[]}"
20200312,2020-03-12,0.0,"{""type"":""MultiPoint"",""coordinates"":[]}"
20200313,2020-03-13,0.0,"{""type"":""MultiPoint"",""coordinates"":[]}"
20200314,2020-03-14,0.0029369619344261078,"{""type"":""MultiPoint"",""coordinates"":[]}"
20200315,2020-03-15,0.0,"{""type"":""MultiPoint"",""coordinates"":[]}"
20200316,2020-03-16,0.0,"{""type"":""MultiPoint"",""coordinates"":[]}"
20200317,2020-03-17,0.0,"{""type"":""MultiPoint"",""coordinates"":[]}"
20200318,2020-03-18,0.0,"{""type"":""MultiPoint"",""coordinates"":[]}"
20200319,2020-03-19,0.0,"{""type"":""MultiPoint"",""coordinates"":[]}"
20200320,2020-03-20,0.0,"{""type"":""MultiPoint"",""coordinates"":[]}"
20200321,2020-03-21,0.0,"{""type"":""MultiPoint"",""coordinates"":[]}"
20200322,2020-03-22,0.0,"{""type"":""MultiPoint"",""coordinates"":[]}"
20200323,2020-03-23,0.0,"{""type"":""MultiPoint"",""coordinates"":[]}"
20200324,2020-03-24,0.0,"{""type"":""MultiPoint"",""coordinates"":[]}"
20200325,2020-03-25,0.0,"{""type"":""MultiPoint"",""coordinates"":[]}"
20200326,2020-03-26,0.0,"{""type"":""MultiPoint"",""coordinates"":[]}"
20200327,2020-03-27,0.0,"{""type"":""MultiPoint"",""coordinates"":[]}"
20200328,2020-03-28,0.0,"{""type"":""MultiPoint"",""coordinates"":[]}"
20200329,2020-03-29,0.0,"{""type"":""MultiPoint"",""coordinates"":[]}"
20200330,2020-03-30,0.0,"{""type"":""MultiPoint"",""coordinates"":[]}"
20200331,2020-03-31,0.0,"{""type"":""MultiPoint"",""coordinates"":[]}"
20200401,2020-04-01,0.0,"{""type"":""MultiPoint"",""coordinates"":[]}"
20200402,2020-04-02,0.0,"{""type"":""MultiPoint"",""coordinates"":[]}"
20200403,2020-04-03,0.0,"{""type"":""MultiPoint"",""coordinates"":[]}"
20200404,2020-04-04,0.0,"{""type"":""MultiPoint"",""coordinates"":[]}"
20200405,2020-04-05,1.5264801819588594,"{""type"":""MultiPoint"",""coordinates"":[]}"
20200406,2020-04-06,0.43287695553386635,"{""type"":""MultiPoint"",""coordinates"":[]}"
20200407,2020-04-07,9.584351871285792,"{""type"":""MultiPoint"",""coordinates"":[]}"
20200408,2020-04-08,0.020260337931047624,"{""type"":""MultiPoint"",""coordinates"":[]}"
20200409,2020-04-09,0.08115182912944076,"{""type"":""MultiPoint"",""coordinates"":[]}"
20200410,2020-04-10,0.0,"{""type"":""MultiPoint"",""coordinates"":[]}"
20200411,2020-04-11,0.0,"{""type"":""MultiPoint"",""coordinates"":[]}"
20200412,2020-04-12,0.0011484002038635545,"{""type"":""MultiPoint"",""coordinates"":[]}"
20200413,2020-04-13,0.0,"{""type"":""MultiPoint"",""coordinates"":[]}"
20200414,2020-04-14,0.0,"{""type"":""MultiPoint"",""coordinates"":[]}"
20200415,2020-04-15,0.0,"{""type"":""MultiPoint"",""coordinates"":[]}"
20200416,2020-04-16,0.0,"{""type"":""MultiPoint"",""coordinates"":[]}"
20200417,2020-04-17,0.3207916606467141,"{""type"":""MultiPoint"",""coordinates"":[]}"
20200418,2020-04-18,4.259848606956215,"{""type"":""MultiPoint"",""coordinates"":[]}"
20200419,2020-04-19,0.05193834472698324,"{""type"":""MultiPoint"",""coordinates"":[]}"
20200420,2020-04-20,1.9022319473006648,"{""type"":""MultiPoint"",""coordinates"":[]}"
20200421,2020-04-21,0.0,"{""type"":""MultiPoint"",""coordinates"":[]}"
20200422,2020-04-22,0.0,"{""type"":""MultiPoint"",""coordinates"":[]}"
20200423,2020-04-23,0.0017021975947831406,"{""type"":""MultiPoint"",""coordinates"":[]}"
20200424,2020-04-24,1.2041553267280956,"{""type"":""MultiPoint"",""coordinates"":[]}"
20200425,2020-04-25,0.0,"{""type"":""MultiPoint"",""coordinates"":[]}"
20200426,2020-04-26,0.0,"{""type"":""MultiPoint"",""coordinates"":[]}"
20200427,2020-04-27,0.029356271654471106,"{""type"":""MultiPoint"",""coordinates"":[]}"
20200428,2020-04-28,4.258320309959686,"{""type"":""MultiPoint"",""coordinates"":[]}"
20200429,2020-04-29,0.11743111109619442,"{""type"":""MultiPoint"",""coordinates"":[]}"
20200430,2020-04-30,0.0,"{""type"":""MultiPoint"",""coordinates"":[]}"
20200501,2020-05-01,0.04288812873772429,"{""type"":""MultiPoint"",""coordinates"":[]}"
20200502,2020-05-02,0.2183433028086727,"{""type"":""MultiPoint"",""coordinates"":[]}"
20200503,2020-05-03,0.6368879319886214,"{""type"":""MultiPoint"",""coordinates"":[]}"
20200504,2020-05-04,0.31349599512803755,"{""type"":""MultiPoint"",""coordinates"":[]}"
20200505,2020-05-05,3.8261444322422205,"{""type"":""MultiPoint"",""coordinates"":[]}"
20200506,2020-05-06,1.9013956272284092,"{""type"":""MultiPoint"",""coordinates"":[]}"
20200507,2020-05-07,6.314654376763996,"{""type"":""MultiPoint"",""coordinates"":[]}"
20200508,2020-05-08,0.039822563729760486,"{""type"":""MultiPoint"",""coordinates"":[]}"
20200509,2020-05-09,0.0031923060762602666,"{""type"":""MultiPoint"",""coordinates"":[]}"
20200510,2020-05-10,1.5402583839131523,"{""type"":""MultiPoint"",""coordinates"":[]}"
20200511,2020-05-11,0.10001505417995525,"{""type"":""MultiPoint"",""coordinates"":[]}"
20200512,2020-05-12,0.0,"{""type"":""MultiPoint"",""coordinates"":[]}"
20200513,2020-05-13,0.05379315926735743,"{""type"":""MultiPoint"",""coordinates"":[]}"
20200514,2020-05-14,0.2278877164041366,"{""type"":""MultiPoint"",""coordinates"":[]}"
20200515,2020-05-15,0.0,"{""type"":""MultiPoint"",""coordinates"":[]}"
20200516,2020-05-16,6.269980859485248,"{""type"":""MultiPoint"",""coordinates"":[]}"
20200517,2020-05-17,2.4761222456157843,"{""type"":""MultiPoint"",""coordinates"":[]}"
20200518,2020-05-18,3.5640503552054827,"{""type"":""MultiPoint"",""coordinates"":[]}"
20200519,2020-05-19,1.8811610075439518,"{""type"":""MultiPoint"",""coordinates"":[]}"
20200520,2020-05-20,0.6982439417172901,"{""type"":""MultiPoint"",""coordinates"":[]}"
20200521,2020-05-21,0.035987403821910804,"{""type"":""MultiPoint"",""coordinates"":[]}"
20200522,2020-05-22,0.017168141559722783,"{""type"":""MultiPoint"",""coordinates"":[]}"
20200523,2020-05-23,0.01897993962120779,"{""type"":""MultiPoint"",""coordinates"":[]}"
20200524,2020-05-24,0.0014948950674439148,"{""type"":""MultiPoint"",""coordinates"":[]}"
20200525,2020-05-25,2.801825759850824,"{""type"":""MultiPoint"",""coordinates"":[]}"
20200526,2020-05-26,0.5213949452588653,"{""type"":""MultiPoint"",""coordinates"":[]}"
20200527,2020-05-27,3.8738100774319912,"{""type"":""MultiPoint"",""coordinates"":[]}"
20200528,2020-05-28,0.0,"{""type"":""MultiPoint"",""coordinates"":[]}"
20200529,2020-05-29,3.2843356889193447,"{""type"":""MultiPoint"",""coordinates"":[]}"
20200530,2020-05-30,6.409025616974625,"{""type"":""MultiPoint"",""coordinates"":[]}"
20200531,2020-05-31,11.7727045062883,"{""type"":""MultiPoint"",""coordinates"":[]}"
20200601,2020-06-01,18.04217542336048,"{""type"":""MultiPoint"",""coordinates"":[]}"
20200602,2020-06-02,7.322530104780471,"{""type"":""MultiPoint"",""coordinates"":[]}"
20200603,2020-06-03,1.9262368387985027,"{""type"":""MultiPoint"",""coordinates"":[]}"
20200604,2020-06-04,1.892183817736048,"{""type"":""MultiPoint"",""coordinates"":[]}"
20200605,2020-06-05,0.8008177747373206,"{""type"":""MultiPoint"",""coordinates"":[]}"
20200606,2020-06-06,0.0,"{""type"":""MultiPoint"",""coordinates"":[]}"
20200607,2020-06-07,0.19515683751856744,"{""type"":""MultiPoint"",""coordinates"":[]}"
20200608,2020-06-08,0.2956708525156669,"{""type"":""MultiPoint"",""coordinates"":[]}"
20200609,2020-06-09,1.0797281035863924,"{""type"":""MultiPoint"",""coordinates"":[]}"
20200610,2020-06-10,11.213026374229683,"{""type"":""MultiPoint"",""coordinates"":[]}"
20200611,2020-06-11,10.441702469588556,"{""type"":""MultiPoint"",""coordinates"":[]}"
20200612,2020-06-12,2.102476511406169,"{""type"":""MultiPoint"",""coordinates"":[]}"
20200613,2020-06-13,0.026932177598708782,"{""type"":""MultiPoint"",""coordinates"":[]}"
20200614,2020-06-14,0.024617748878196694,"{""type"":""MultiPoint"",""coordinates"":[]}"
20200615,2020-06-15,0.002045276435008391,"{""type"":""MultiPoint"",""coordinates"":[]}"
20200616,2020-06-16,11.740642828508792,"{""type"":""MultiPoint"",""coordinates"":[]}"
20200617,2020-06-17,3.9523361100034338,"{""type"":""MultiPoint"",""coordinates"":[]}"
20200618,2020-06-18,1.446809993605838,"{""type"":""MultiPoint"",""coordinates"":[]}"
20200619,2020-06-19,3.7582594935131994,"{""type"":""MultiPoint"",""coordinates"":[]}"
20200620,2020-06-20,0.22305848164252348,"{""type"":""MultiPoint"",""coordinates"":[]}"
20200621,2020-06-21,1.1654693660373263,"{""type"":""MultiPoint"",""coordinates"":[]}"
20200622,2020-06-22,2.529522981033863,"{""type"":""MultiPoint"",""coordinates"":[]}"
20200623,2020-06-23,0.33433771774560533,"{""type"":""MultiPoint"",""coordinates"":[]}"
20200624,2020-06-24,6.837107094042218,"{""type"":""MultiPoint"",""coordinates"":[]}"
20200625,2020-06-25,3.5265214917712693,"{""type"":""MultiPoint"",""coordinates"":[]}"
20200626,2020-06-26,0.4540818446484607,"{""type"":""MultiPoint"",""coordinates"":[]}"
20200627,2020-06-27,8.326946895757068,"{""type"":""MultiPoint"",""coordinates"":[]}"
20200628,2020-06-28,9.997697440989354,"{""type"":""MultiPoint"",""coordinates"":[]}"
20200629,2020-06-29,17.87237409239996,"{""type"":""MultiPoint"",""coordinates"":[]}"
20200630,2020-06-30,11.750212361206456,"{""type"":""MultiPoint"",""coordinates"":[]}"
20200701,2020-07-01,0.39632888146521206,"{""type"":""MultiPoint"",""coordinates"":[]}"
20200702,2020-07-02,3.2307508050650227,"{""type"":""MultiPoint"",""coordinates"":[]}"
20200703,2020-07-03,4.908213065209413,"{""type"":""MultiPoint"",""coordinates"":[]}"
20200704,2020-07-04,3.0567787750029227,"{""type"":""MultiPoint"",""coordinates"":[]}"
20200705,2020-07-05,4.707682180150457,"{""type"":""MultiPoint"",""coordinates"":[]}"
20200706,2020-07-06,16.716447348530302,"{""type"":""MultiPoint"",""coordinates"":[]}"
20200707,2020-07-07,3.2833191753983555,"{""type"":""MultiPoint"",""coordinates"":[]}"
20200708,2020-07-08,14.244114006556943,"{""type"":""MultiPoint"",""coordinates"":[]}"
20200709,2020-07-09,11.016904052604616,"{""type"":""MultiPoint"",""coordinates"":[]}"
20200710,2020-07-10,3.8874545183091147,"{""type"":""MultiPoint"",""coordinates"":[]}"
20200711,2020-07-11,3.5041166836992965,"{""type"":""MultiPoint"",""coordinates"":[]}"
20200712,2020-07-12,5.199696276008002,"{""type"":""MultiPoint"",""coordinates"":[]}"
20200713,2020-07-13,13.619028155780219,"{""type"":""MultiPoint"",""coordinates"":[]}"
20200714,2020-07-14,8.353444317680092,"{""type"":""MultiPoint"",""coordinates"":[]}"
20200715,2020-07-15,14.983649816353738,"{""type"":""MultiPoint"",""coordinates"":[]}"
20200716,2020-07-16,1.470169254225607,"{""type"":""MultiPoint"",""coordinates"":[]}"
20200717,2020-07-17,0.09549572996718243,"{""type"":""MultiPoint"",""coordinates"":[]}"
20200718,2020-07-18,2.2297576232801983,"{""type"":""MultiPoint"",""coordinates"":[]}"
20200719,2020-07-19,3.8822407844267457,"{""type"":""MultiPoint"",""coordinates"":[]}"
20200720,2020-07-20,9.31120951253342,"{""type"":""MultiPoint"",""coordinates"":[]}"
20200721,2020-07-21,0.10132638541451476,"{""type"":""MultiPoint"",""coordinates"":[]}"
20200722,2020-07-22,8.865636210773594,"{""type"":""MultiPoint"",""coordinates"":[]}"
20200723,2020-07-23,16.568292934984562,"{""type"":""MultiPoint"",""coordinates"":[]}"
20200724,2020-07-24,10.228048142967806,"{""type"":""MultiPoint"",""coordinates"":[]}"
20200725,2020-07-25,7.897327037081964,"{""type"":""MultiPoint"",""coordinates"":[]}"
20200726,2020-07-26,0.11438077441700831,"{""type"":""MultiPoint"",""coordinates"":[]}"
20200727,2020-07-27,0.0,"{""type"":""MultiPoint"",""coordinates"":[]}"
20200728,2020-07-28,4.482403850232823,"{""type"":""MultiPoint"",""coordinates"":[]}"
20200729,2020-07-29,3.1152055385758617,"{""type"":""MultiPoint"",""coordinates"":[]}"
20200730,2020-07-30,7.092330807671078,"{""type"":""MultiPoint"",""coordinates"":[]}"
20200731,2020-07-31,10.25565828203235,"{""type"":""MultiPoint"",""coordinates"":[]}"
20200801,2020-08-01,4.209704200609171,"{""type"":""MultiPoint"",""coordinates"":[]}"
20200802,2020-08-02,0.5085269839565228,"{""type"":""MultiPoint"",""coordinates"":[]}"
20200803,2020-08-03,9.623110614737554,"{""type"":""MultiPoint"",""coordinates"":[]}"
20200804,2020-08-04,0.44932279250514834,"{""type"":""MultiPoint"",""coordinates"":[]}"
20200805,2020-08-05,1.9836865317468695,"{""type"":""MultiPoint"",""coordinates"":[]}"
20200806,2020-08-06,0.060084120700691475,"{""type"":""MultiPoint"",""coordinates"":[]}"
20200807,2020-08-07,0.06948039961251262,"{""type"":""MultiPoint"",""coordinates"":[]}"
20200808,2020-08-08,0.5081328239467402,"{""type"":""MultiPoint"",""coordinates"":[]}"
20200809,2020-08-09,18.910258307629764,"{""type"":""MultiPoint"",""coordinates"":[]}"
20200810,2020-08-10,8.691871681244237,"{""type"":""MultiPoint"",""coordinates"":[]}"
20200811,2020-08-11,2.908045727002948,"{""type"":""MultiPoint"",""coordinates"":[]}"
20200812,2020-08-12,7.863548086101914,"{""type"":""MultiPoint"",""coordinates"":[]}"
20200813,2020-08-13,15.908708072734413,"{""type"":""MultiPoint"",""coordinates"":[]}"
20200814,2020-08-14,11.322605332503398,"{""type"":""MultiPoint"",""coordinates"":[]}"
20200815,2020-08-15,13.168452053379745,"{""type"":""MultiPoint"",""coordinates"":[]}"
20200816,2020-08-16,9.163559736943748,"{""type"":""MultiPoint"",""coordinates"":[]}"
20200817,2020-08-17,6.034989926581268,"{""type"":""MultiPoint"",""coordinates"":[]}"
20200818,2020-08-18,1.1905171958510254,"{""type"":""MultiPoint"",""coordinates"":[]}"
20200819,2020-08-19,5.645105468439786,"{""type"":""MultiPoint"",""coordinates"":[]}"
20200820,2020-08-20,12.302496049629456,"{""type"":""MultiPoint"",""coordinates"":[]}"
20200821,2020-08-21,5.41388124828727,"{""type"":""MultiPoint"",""coordinates"":[]}"
20200822,2020-08-22,2.8465887971079877,"{""type"":""MultiPoint"",""coordinates"":[]}"
20200823,2020-08-23,12.218621364773556,"{""type"":""MultiPoint"",""coordinates"":[]}"
20200824,2020-08-24,0.9146190198814461,"{""type"":""MultiPoint"",""coordinates"":[]}"
20200825,2020-08-25,0.3735948029138075,"{""type"":""MultiPoint"",""coordinates"":[]}"
20200826,2020-08-26,3.713992448434236,"{""type"":""MultiPoint"",""coordinates"":[]}"
20200827,2020-08-27,2.3601152028971826,"{""type"":""MultiPoint"",""coordinates"":[]}"
20200828,2020-08-28,0.010742278848844483,"{""type"":""MultiPoint"",""coordinates"":[]}"
20200829,2020-08-29,0.4266520629775361,"{""type"":""MultiPoint"",""coordinates"":[]}"
20200830,2020-08-30,3.3959356256289532,"{""type"":""MultiPoint"",""coordinates"":[]}"
20200831,2020-08-31,2.5997637414605284,"{""type"":""MultiPoint"",""coordinates"":[]}"
20200901,2020-09-01,17.332659649353502,"{""type"":""MultiPoint"",""coordinates"":[]}"
20200902,2020-09-02,13.511523467423618,"{""type"":""MultiPoint"",""coordinates"":[]}"
20200903,2020-09-03,3.0885853917904673,"{""type"":""MultiPoint"",""coordinates"":[]}"
20200904,2020-09-04,0.18365191434447473,"{""type"":""MultiPoint"",""coordinates"":[]}"
20200905,2020-09-05,0.18960212954318503,"{""type"":""MultiPoint"",""coordinates"":[]}"
20200906,2020-09-06,0.7320324659280394,"{""type"":""MultiPoint"",""coordinates"":[]}"
20200907,2020-09-07,10.109509522252873,"{""type"":""MultiPoint"",""coordinates"":[]}"
20200908,2020-09-08,5.136653598390972,"{""type"":""MultiPoint"",""coordinates"":[]}"
20200909,2020-09-09,3.640847686477891,"{""type"":""MultiPoint"",""coordinates"":[]}"
20200910,2020-09-10,5.958419727935904,"{""type"":""MultiPoint"",""coordinates"":[]}"
20200911,2020-09-11,4.836889213189346,"{""type"":""MultiPoint"",""coordinates"":[]}"
20200912,2020-09-12,18.510723524098193,"{""type"":""MultiPoint"",""coordinates"":[]}"
20200913,2020-09-13,8.739941956646543,"{""type"":""MultiPoint"",""coordinates"":[]}"
20200914,2020-09-14,20.552179833627854,"{""type"":""MultiPoint"",""coordinates"":[]}"
20200915,2020-09-15,1.3225173675096356,"{""type"":""MultiPoint"",""coordinates"":[]}"
20200916,2020-09-16,9.424744072696472,"{""type"":""MultiPoint"",""coordinates"":[]}"
20200917,2020-09-17,9.72836654628409,"{""type"":""MultiPoint"",""coordinates"":[]}"
20200918,2020-09-18,20.289617758409523,"{""type"":""MultiPoint"",""coordinates"":[]}"
20200919,2020-09-19,6.6292476054489144,"{""type"":""MultiPoint"",""coordinates"":[]}"
20200920,2020-09-20,13.65583050893629,"{""type"":""MultiPoint"",""coordinates"":[]}"
20200921,2020-09-21,0.0,"{""type"":""MultiPoint"",""coordinates"":[]}"
20200922,2020-09-22,0.0,"{""type"":""MultiPoint"",""coordinates"":[]}"
20200923,2020-09-23,0.0,"{""type"":""MultiPoint"",""coordinates"":[]}"
20200924,2020-09-24,0.0,"{""type"":""MultiPoint"",""coordinates"":[]}"
20200925,2020-09-25,20.631909503902666,"{""type"":""MultiPoint"",""coordinates"":[]}"
20200926,2020-09-26,36.60566782845958,"{""type"":""MultiPoint"",""coordinates"":[]}"
20200927,2020-09-27,0.5166500283132041,"{""type"":""MultiPoint"",""coordinates"":[]}"
20200928,2020-09-28,0.26192912754744174,"{""type"":""MultiPoint"",""coordinates"":[]}"
20200929,2020-09-29,12.61728948385365,"{""type"":""MultiPoint"",""coordinates"":[]}"
20200930,2020-09-30,18.60531040666374,"{""type"":""MultiPoint"",""coordinates"":[]}"
20201001,2020-10-01,7.352997519393776,"{""type"":""MultiPoint"",""coordinates"":[]}"
20201002,2020-10-02,2.412776500726589,"{""type"":""MultiPoint"",""coordinates"":[]}"
20201003,2020-10-03,4.7646469775549045,"{""type"":""MultiPoint"",""coordinates"":[]}"
20201004,2020-10-04,8.613493274162604,"{""type"":""MultiPoint"",""coordinates"":[]}"
20201005,2020-10-05,3.2009645337749753,"{""type"":""MultiPoint"",""coordinates"":[]}"
20201006,2020-10-06,2.190291954859586,"{""type"":""MultiPoint"",""coordinates"":[]}"
20201007,2020-10-07,5.631855755265023,"{""type"":""MultiPoint"",""coordinates"":[]}"
20201008,2020-10-08,1.867521898217576E-4,"{""type"":""MultiPoint"",""coordinates"":[]}"
20201009,2020-10-09,4.05092388036691,"{""type"":""MultiPoint"",""coordinates"":[]}"
20201010,2020-10-10,12.625266813042202,"{""type"":""MultiPoint"",""coordinates"":[]}"
20201011,2020-10-11,22.32000015787678,"{""type"":""MultiPoint"",""coordinates"":[]}"
20201012,2020-10-12,18.068741815183515,"{""type"":""MultiPoint"",""coordinates"":[]}"
20201013,2020-10-13,14.657652407981223,"{""type"":""MultiPoint"",""coordinates"":[]}"
20201014,2020-10-14,10.468153294379661,"{""type"":""MultiPoint"",""coordinates"":[]}"
20201015,2020-10-15,0.22438907965564225,"{""type"":""MultiPoint"",""coordinates"":[]}"
20201016,2020-10-16,0.08729484037875193,"{""type"":""MultiPoint"",""coordinates"":[]}"
20201017,2020-10-17,1.622080203559947,"{""type"":""MultiPoint"",""coordinates"":[]}"
20201018,2020-10-18,1.8271877566943453,"{""type"":""MultiPoint"",""coordinates"":[]}"
20201019,2020-10-19,6.884283225819551,"{""type"":""MultiPoint"",""coordinates"":[]}"
20201020,2020-10-20,8.675656402619854,"{""type"":""MultiPoint"",""coordinates"":[]}"
20201021,2020-10-21,9.631713279446485,"{""type"":""MultiPoint"",""coordinates"":[]}"
20201022,2020-10-22,2.336191423807992,"{""type"":""MultiPoint"",""coordinates"":[]}"
20201023,2020-10-23,0.0,"{""type"":""MultiPoint"",""coordinates"":[]}"
20201024,2020-10-24,0.0,"{""type"":""MultiPoint"",""coordinates"":[]}"
20201025,2020-10-25,0.0,"{""type"":""MultiPoint"",""coordinates"":[]}"
20201026,2020-10-26,0.11102886349816486,"{""type"":""MultiPoint"",""coordinates"":[]}"
20201027,2020-10-27,1.3541943256866853,"{""type"":""MultiPoint"",""coordinates"":[]}"
20201028,2020-10-28,0.0438205993907574,"{""type"":""MultiPoint"",""coordinates"":[]}"
20201029,2020-10-29,0.05914144910359147,"{""type"":""MultiPoint"",""coordinates"":[]}"
20201030,2020-10-30,9.099212388114449E-4,"{""type"":""MultiPoint"",""coordinates"":[]}"
20201031,2020-10-31,0.014646560110225599,"{""type"":""MultiPoint"",""coordinates"":[]}"
20201101,2020-11-01,0.0,"{""type"":""MultiPoint"",""coordinates"":[]}"
20201102,2020-11-02,0.0,"{""type"":""MultiPoint"",""coordinates"":[]}"
20201103,2020-11-03,0.0,"{""type"":""MultiPoint"",""coordinates"":[]}"
20201104,2020-11-04,0.008323800084520477,"{""type"":""MultiPoint"",""coordinates"":[]}"
20201105,2020-11-05,0.0,"{""type"":""MultiPoint"",""coordinates"":[]}"
20201106,2020-11-06,0.07931027863662418,"{""type"":""MultiPoint"",""coordinates"":[]}"
20201107,2020-11-07,0.0,"{""type"":""MultiPoint"",""coordinates"":[]}"
20201108,2020-11-08,0.0,"{""type"":""MultiPoint"",""coordinates"":[]}"
20201109,2020-11-09,0.0,"{""type"":""MultiPoint"",""coordinates"":[]}"
20201110,2020-11-10,0.0,"{""type"":""MultiPoint"",""coordinates"":[]}"
20201111,2020-11-11,0.11908243870913024,"{""type"":""MultiPoint"",""coordinates"":[]}"
20201112,2020-11-12,0.3646871821475563,"{""type"":""MultiPoint"",""coordinates"":[]}"
20201113,2020-11-13,0.0,"{""type"":""MultiPoint"",""coordinates"":[]}"
20201114,2020-11-14,0.0,"{""type"":""MultiPoint"",""coordinates"":[]}"
20201115,2020-11-15,0.5112189908298378,"{""type"":""MultiPoint"",""coordinates"":[]}"
20201116,2020-11-16,0.008350619694281735,"{""type"":""MultiPoint"",""coordinates"":[]}"
20201117,2020-11-17,0.21713691790692022,"{""type"":""MultiPoint"",""coordinates"":[]}"
20201118,2020-11-18,0.0,"{""type"":""MultiPoint"",""coordinates"":[]}"
20201119,2020-11-19,0.0,"{""type"":""MultiPoint"",""coordinates"":[]}"
20201120,2020-11-20,0.0,"{""type"":""MultiPoint"",""coordinates"":[]}"
20201121,2020-11-21,0.0,"{""type"":""MultiPoint"",""coordinates"":[]}"
20201122,2020-11-22,0.04408864826667611,"{""type"":""MultiPoint"",""coordinates"":[]}"
20201123,2020-11-23,2.8024228868062355,"{""type"":""MultiPoint"",""coordinates"":[]}"
20201124,2020-11-24,1.3268189364663083,"{""type"":""MultiPoint"",""coordinates"":[]}"
20201125,2020-11-25,4.234402756795003,"{""type"":""MultiPoint"",""coordinates"":[]}"
20201126,2020-11-26,18.029219235777376,"{""type"":""MultiPoint"",""coordinates"":[]}"
20201127,2020-11-27,0.11390114725598335,"{""type"":""MultiPoint"",""coordinates"":[]}"
20201128,2020-11-28,0.0,"{""type"":""MultiPoint"",""coordinates"":[]}"
20201129,2020-11-29,0.0,"{""type"":""MultiPoint"",""coordinates"":[]}"
20201130,2020-11-30,0.0,"{""type"":""MultiPoint"",""coordinates"":[]}"
20201201,2020-12-01,0.0,"{""type"":""MultiPoint"",""coordinates"":[]}"
20201202,2020-12-02,0.09624510792501265,"{""type"":""MultiPoint"",""coordinates"":[]}"
20201203,2020-12-03,3.4564979616437848,"{""type"":""MultiPoint"",""coordinates"":[]}"
20201204,2020-12-04,0.09439273801319076,"{""type"":""MultiPoint"",""coordinates"":[]}"
20201205,2020-12-05,0.028202302148808728,"{""type"":""MultiPoint"",""coordinates"":[]}"
20201206,2020-12-06,0.0,"{""type"":""MultiPoint"",""coordinates"":[]}"
20201207,2020-12-07,0.0,"{""type"":""MultiPoint"",""coordinates"":[]}"
20201208,2020-12-08,0.007399120787554772,"{""type"":""MultiPoint"",""coordinates"":[]}"
20201209,2020-12-09,0.0,"{""type"":""MultiPoint"",""coordinates"":[]}"
20201210,2020-12-10,0.0,"{""type"":""MultiPoint"",""coordinates"":[]}"
20201211,2020-12-11,0.0,"{""type"":""MultiPoint"",""coordinates"":[]}"
20201212,2020-12-12,0.0,"{""type"":""MultiPoint"",""coordinates"":[]}"
20201213,2020-12-13,0.0,"{""type"":""MultiPoint"",""coordinates"":[]}"
20201214,2020-12-14,0.0,"{""type"":""MultiPoint"",""coordinates"":[]}"
20201215,2020-12-15,0.01583529878400764,"{""type"":""MultiPoint"",""coordinates"":[]}"
20201216,2020-12-16,0.0,"{""type"":""MultiPoint"",""coordinates"":[]}"
20201217,2020-12-17,0.0,"{""type"":""MultiPoint"",""coordinates"":[]}"
20201218,2020-12-18,0.0,"{""type"":""MultiPoint"",""coordinates"":[]}"
20201219,2020-12-19,0.04912369799122562,"{""type"":""MultiPoint"",""coordinates"":[]}"
20201220,2020-12-20,0.0,"{""type"":""MultiPoint"",""coordinates"":[]}"
20201221,2020-12-21,0.0,"{""type"":""MultiPoint"",""coordinates"":[]}"
20201222,2020-12-22,0.0,"{""type"":""MultiPoint"",""coordinates"":[]}"
20201223,2020-12-23,0.0,"{""type"":""MultiPoint"",""coordinates"":[]}"
20201224,2020-12-24,0.0,"{""type"":""MultiPoint"",""coordinates"":[]}"
20201225,2020-12-25,0.0,"{""type"":""MultiPoint"",""coordinates"":[]}"
20201226,2020-12-26,0.0,"{""type"":""MultiPoint"",""coordinates"":[]}"
20201227,2020-12-27,0.0,"{""type"":""MultiPoint"",""coordinates"":[]}"
20201228,2020-12-28,0.0,"{""type"":""MultiPoint"",""coordinates"":[]}"
20201229,2020-12-29,0.0,"{""type"":""MultiPoint"",""coordinates"":[]}"
20201230,2020-12-30,0.0,"{""type"":""MultiPoint"",""coordinates"":[]}"
20201231,2020-12-31,0.0782941114338105,"{""type"":""MultiPoint"",""coordinates"":[]}"
20210101,2021-01-01,0.0,"{""type"":""MultiPoint"",""coordinates"":[]}"
20210102,2021-01-02,0.0,"{""type"":""MultiPoint"",""coordinates"":[]}"
20210103,2021-01-03,0.0,"{""type"":""MultiPoint"",""coordinates"":[]}"
20210104,2021-01-04,0.0,"{""type"":""MultiPoint"",""coordinates"":[]}"
20210105,2021-01-05,0.26080112961425705,"{""type"":""MultiPoint"",""coordinates"":[]}"
20210106,2021-01-06,0.14756065070083005,"{""type"":""MultiPoint"",""coordinates"":[]}"
20210107,2021-01-07,0.0,"{""type"":""MultiPoint"",""coordinates"":[]}"
20210108,2021-01-08,0.0,"{""type"":""MultiPoint"",""coordinates"":[]}"
20210109,2021-01-09,0.05119043231179858,"{""type"":""MultiPoint"",""coordinates"":[]}"
20210110,2021-01-10,0.18198361140607752,"{""type"":""MultiPoint"",""coordinates"":[]}"
20210111,2021-01-11,2.9913890356151227,"{""type"":""MultiPoint"",""coordinates"":[]}"
20210112,2021-01-12,0.654275501075366,"{""type"":""MultiPoint"",""coordinates"":[]}"
20210113,2021-01-13,0.16956355445791232,"{""type"":""MultiPoint"",""coordinates"":[]}"
20210114,2021-01-14,0.0,"{""type"":""MultiPoint"",""coordinates"":[]}"
20210115,2021-01-15,0.2068834139696324,"{""type"":""MultiPoint"",""coordinates"":[]}"
20210116,2021-01-16,0.296855824240765,"{""type"":""MultiPoint"",""coordinates"":[]}"
20210117,2021-01-17,0.0,"{""type"":""MultiPoint"",""coordinates"":[]}"
20210118,2021-01-18,0.0,"{""type"":""MultiPoint"",""coordinates"":[]}"
20210119,2021-01-19,0.0,"{""type"":""MultiPoint"",""coordinates"":[]}"
20210120,2021-01-20,0.0,"{""type"":""MultiPoint"",""coordinates"":[]}"
20210121,2021-01-21,0.0,"{""type"":""MultiPoint"",""coordinates"":[]}"
20210122,2021-01-22,0.0,"{""type"":""MultiPoint"",""coordinates"":[]}"
20210123,2021-01-23,0.0,"{""type"":""MultiPoint"",""coordinates"":[]}"
20210124,2021-01-24,0.0,"{""type"":""MultiPoint"",""coordinates"":[]}"
20210125,2021-01-25,0.0,"{""type"":""MultiPoint"",""coordinates"":[]}"
20210126,2021-01-26,0.0,"{""type"":""MultiPoint"",""coordinates"":[]}"
20210127,2021-01-27,0.027254060740205106,"{""type"":""MultiPoint"",""coordinates"":[]}"
20210128,2021-01-28,0.0,"{""type"":""MultiPoint"",""coordinates"":[]}"
20210129,2021-01-29,0.0,"{""type"":""MultiPoint"",""coordinates"":[]}"
20210130,2021-01-30,0.0,"{""type"":""MultiPoint"",""coordinates"":[]}"
20210131,2021-01-31,0.0,"{""type"":""MultiPoint"",""coordinates"":[]}"
20210201,2021-02-01,0.0,"{""type"":""MultiPoint"",""coordinates"":[]}"
20210202,2021-02-02,0.0,"{""type"":""MultiPoint"",""coordinates"":[]}"
20210203,2021-02-03,0.0,"{""type"":""MultiPoint"",""coordinates"":[]}"
20210204,2021-02-04,0.0,"{""type"":""MultiPoint"",""coordinates"":[]}"
20210205,2021-02-05,0.0,"{""type"":""MultiPoint"",""coordinates"":[]}"
20210206,2021-02-06,0.0,"{""type"":""MultiPoint"",""coordinates"":[]}"
20210207,2021-02-07,0.0,"{""type"":""MultiPoint"",""coordinates"":[]}"
20210208,2021-02-08,0.0,"{""type"":""MultiPoint"",""coordinates"":[]}"
20210209,2021-02-09,0.0,"{""type"":""MultiPoint"",""coordinates"":[]}"
20210210,2021-02-10,0.0,"{""type"":""MultiPoint"",""coordinates"":[]}"
20210211,2021-02-11,0.0,"{""type"":""MultiPoint"",""coordinates"":[]}"
20210212,2021-02-12,0.0,"{""type"":""MultiPoint"",""coordinates"":[]}"
20210213,2021-02-13,0.0,"{""type"":""MultiPoint"",""coordinates"":[]}"
20210214,2021-02-14,0.0,"{""type"":""MultiPoint"",""coordinates"":[]}"
20210215,2021-02-15,0.0,"{""type"":""MultiPoint"",""coordinates"":[]}"
20210216,2021-02-16,0.0,"{""type"":""MultiPoint"",""coordinates"":[]}"
20210217,2021-02-17,0.0,"{""type"":""MultiPoint"",""coordinates"":[]}"
20210218,2021-02-18,0.0,"{""type"":""MultiPoint"",""coordinates"":[]}"
20210219,2021-02-19,0.0,"{""type"":""MultiPoint"",""coordinates"":[]}"
20210220,2021-02-20,0.0,"{""type"":""MultiPoint"",""coordinates"":[]}"
20210221,2021-02-21,0.0,"{""type"":""MultiPoint"",""coordinates"":[]}"
20210222,2021-02-22,0.0,"{""type"":""MultiPoint"",""coordinates"":[]}"
20210223,2021-02-23,0.0,"{""type"":""MultiPoint"",""coordinates"":[]}"
20210224,2021-02-24,0.0,"{""type"":""MultiPoint"",""coordinates"":[]}"
20210225,2021-02-25,0.0,"{""type"":""MultiPoint"",""coordinates"":[]}"
20210226,2021-02-26,0.0,"{""type"":""MultiPoint"",""coordinates"":[]}"
20210227,2021-02-27,0.0,"{""type"":""MultiPoint"",""coordinates"":[]}"
20210228,2021-02-28,0.0,"{""type"":""MultiPoint"",""coordinates"":[]}"
20210301,2021-03-01,0.0,"{""type"":""MultiPoint"",""coordinates"":[]}"
20210302,2021-03-02,0.0,"{""type"":""MultiPoint"",""coordinates"":[]}"
20210303,2021-03-03,0.0,"{""type"":""MultiPoint"",""coordinates"":[]}"
20210304,2021-03-04,0.0,"{""type"":""MultiPoint"",""coordinates"":[]}"
20210305,2021-03-05,0.0,"{""type"":""MultiPoint"",""coordinates"":[]}"
20210306,2021-03-06,0.0,"{""type"":""MultiPoint"",""coordinates"":[]}"
20210307,2021-03-07,0.0,"{""type"":""MultiPoint"",""coordinates"":[]}"
20210308,2021-03-08,0.0,"{""type"":""MultiPoint"",""coordinates"":[]}"
20210309,2021-03-09,0.0,"{""type"":""MultiPoint"",""coordinates"":[]}"
20210310,2021-03-10,0.0,"{""type"":""MultiPoint"",""coordinates"":[]}"
20210311,2021-03-11,0.0,"{""type"":""MultiPoint"",""coordinates"":[]}"
20210312,2021-03-12,0.0,"{""type"":""MultiPoint"",""coordinates"":[]}"
20210313,2021-03-13,0.0,"{""type"":""MultiPoint"",""coordinates"":[]}"
20210314,2021-03-14,0.0,"{""type"":""MultiPoint"",""coordinates"":[]}"
20210315,2021-03-15,0.0,"{""type"":""MultiPoint"",""coordinates"":[]}"
20210316,2021-03-16,0.0,"{""type"":""MultiPoint"",""coordinates"":[]}"
20210317,2021-03-17,0.0,"{""type"":""MultiPoint"",""coordinates"":[]}"
20210318,2021-03-18,0.0,"{""type"":""MultiPoint"",""coordinates"":[]}"
20210319,2021-03-19,0.0,"{""type"":""MultiPoint"",""coordinates"":[]}"
20210320,2021-03-20,0.0,"{""type"":""MultiPoint"",""coordinates"":[]}"
20210321,2021-03-21,0.0,"{""type"":""MultiPoint"",""coordinates"":[]}"
20210322,2021-03-22,0.0,"{""type"":""MultiPoint"",""coordinates"":[]}"
20210323,2021-03-23,0.0,"{""type"":""MultiPoint"",""coordinates"":[]}"
20210324,2021-03-24,0.0,"{""type"":""MultiPoint"",""coordinates"":[]}"
20210325,2021-03-25,0.0,"{""type"":""MultiPoint"",""coordinates"":[]}"
20210326,2021-03-26,0.0,"{""type"":""MultiPoint"",""coordinates"":[]}"
20210327,2021-03-27,0.0,"{""type"":""MultiPoint"",""coordinates"":[]}"
20210328,2021-03-28,0.0,"{""type"":""MultiPoint"",""coordinates"":[]}"
20210329,2021-03-29,0.0,"{""type"":""MultiPoint"",""coordinates"":[]}"
20210330,2021-03-30,0.0,"{""type"":""MultiPoint"",""coordinates"":[]}"
20210331,2021-03-31,0.0,"{""type"":""MultiPoint"",""coordinates"":[]}"
20210401,2021-04-01,0.0,"{""type"":""MultiPoint"",""coordinates"":[]}"
20210402,2021-04-02,0.0,"{""type"":""MultiPoint"",""coordinates"":[]}"
20210403,2021-04-03,0.0,"{""type"":""MultiPoint"",""coordinates"":[]}"
20210404,2021-04-04,0.0,"{""type"":""MultiPoint"",""coordinates"":[]}"
20210405,2021-04-05,0.1401067346473819,"{""type"":""MultiPoint"",""coordinates"":[]}"
20210406,2021-04-06,0.0,"{""type"":""MultiPoint"",""coordinates"":[]}"
20210407,2021-04-07,0.0,"{""type"":""MultiPoint"",""coordinates"":[]}"
20210408,2021-04-08,0.0,"{""type"":""MultiPoint"",""coordinates"":[]}"
20210409,2021-04-09,0.02492919825460763,"{""type"":""MultiPoint"",""coordinates"":[]}"
20210410,2021-04-10,0.0,"{""type"":""MultiPoint"",""coordinates"":[]}"
20210411,2021-04-11,0.9270877795959589,"{""type"":""MultiPoint"",""coordinates"":[]}"
20210412,2021-04-12,0.0,"{""type"":""MultiPoint"",""coordinates"":[]}"
20210413,2021-04-13,0.3225519437292404,"{""type"":""MultiPoint"",""coordinates"":[]}"
20210414,2021-04-14,3.1959409061997306,"{""type"":""MultiPoint"",""coordinates"":[]}"
20210415,2021-04-15,0.11277398739012613,"{""type"":""MultiPoint"",""coordinates"":[]}"
20210416,2021-04-16,0.0,"{""type"":""MultiPoint"",""coordinates"":[]}"
20210417,2021-04-17,0.0,"{""type"":""MultiPoint"",""coordinates"":[]}"
20210418,2021-04-18,0.7862103034486264,"{""type"":""MultiPoint"",""coordinates"":[]}"
20210419,2021-04-19,0.007335743088622892,"{""type"":""MultiPoint"",""coordinates"":[]}"
20210420,2021-04-20,2.4211860096471254,"{""type"":""MultiPoint"",""coordinates"":[]}"
20210421,2021-04-21,1.361104955382098,"{""type"":""MultiPoint"",""coordinates"":[]}"
20210422,2021-04-22,9.287583262155158,"{""type"":""MultiPoint"",""coordinates"":[]}"
20210423,2021-04-23,5.61617836778637,"{""type"":""MultiPoint"",""coordinates"":[]}"
20210424,2021-04-24,0.20119021588895697,"{""type"":""MultiPoint"",""coordinates"":[]}"
20210425,2021-04-25,0.0,"{""type"":""MultiPoint"",""coordinates"":[]}"
20210426,2021-04-26,0.0,"{""type"":""MultiPoint"",""coordinates"":[]}"
20210427,2021-04-27,0.0,"{""type"":""MultiPoint"",""coordinates"":[]}"
20210428,2021-04-28,0.03087553194368358,"{""type"":""MultiPoint"",""coordinates"":[]}"
20210429,2021-04-29,1.1566523286505086,"{""type"":""MultiPoint"",""coordinates"":[]}"
20210430,2021-04-30,0.05603503167204916,"{""type"":""MultiPoint"",""coordinates"":[]}"
20210501,2021-05-01,0.007888402331370305,"{""type"":""MultiPoint"",""coordinates"":[]}"
20210502,2021-05-02,0.0,"{""type"":""MultiPoint"",""coordinates"":[]}"
20210503,2021-05-03,0.0,"{""type"":""MultiPoint"",""coordinates"":[]}"
20210504,2021-05-04,0.5228615082727538,"{""type"":""MultiPoint"",""coordinates"":[]}"
20210505,2021-05-05,0.17178244811675394,"{""type"":""MultiPoint"",""coordinates"":[]}"
20210506,2021-05-06,0.03273170491243745,"{""type"":""MultiPoint"",""coordinates"":[]}"
20210507,2021-05-07,2.526926884501191,"{""type"":""MultiPoint"",""coordinates"":[]}"
20210508,2021-05-08,0.0,"{""type"":""MultiPoint"",""coordinates"":[]}"
20210509,2021-05-09,0.23544810460170612,"{""type"":""MultiPoint"",""coordinates"":[]}"
20210510,2021-05-10,5.558437817050917,"{""type"":""MultiPoint"",""coordinates"":[]}"
20210511,2021-05-11,8.311917177884714,"{""type"":""MultiPoint"",""coordinates"":[]}"
20210512,2021-05-12,0.7405390002031115,"{""type"":""MultiPoint"",""coordinates"":[]}"
20210513,2021-05-13,5.298122061547391,"{""type"":""MultiPoint"",""coordinates"":[]}"
20210514,2021-05-14,0.036795517779148315,"{""type"":""MultiPoint"",""coordinates"":[]}"
20210515,2021-05-15,3.5108081212727775,"{""type"":""MultiPoint"",""coordinates"":[]}"
20210516,2021-05-16,1.0659945725642033,"{""type"":""MultiPoint"",""coordinates"":[]}"
20210517,2021-05-17,0.36691495036607935,"{""type"":""MultiPoint"",""coordinates"":[]}"
20210518,2021-05-18,0.3688554438087895,"{""type"":""MultiPoint"",""coordinates"":[]}"
20210519,2021-05-19,4.102238973462963,"{""type"":""MultiPoint"",""coordinates"":[]}"
20210520,2021-05-20,5.73824948286003,"{""type"":""MultiPoint"",""coordinates"":[]}"
20210521,2021-05-21,14.329338127732184,"{""type"":""MultiPoint"",""coordinates"":[]}"
20210522,2021-05-22,0.622064002724799,"{""type"":""MultiPoint"",""coordinates"":[]}"
20210523,2021-05-23,2.493349242412912,"{""type"":""MultiPoint"",""coordinates"":[]}"
20210524,2021-05-24,0.0,"{""type"":""MultiPoint"",""coordinates"":[]}"
20210525,2021-05-25,3.0272245419518153,"{""type"":""MultiPoint"",""coordinates"":[]}"
20210526,2021-05-26,0.01031914085169479,"{""type"":""MultiPoint"",""coordinates"":[]}"
20210527,2021-05-27,0.0,"{""type"":""MultiPoint"",""coordinates"":[]}"
20210528,2021-05-28,0.0,"{""type"":""MultiPoint"",""coordinates"":[]}"
20210529,2021-05-29,0.013145111052929962,"{""type"":""MultiPoint"",""coordinates"":[]}"
20210530,2021-05-30,0.0,"{""type"":""MultiPoint"",""coordinates"":[]}"
20210531,2021-05-31,1.3333367896066437,"{""type"":""MultiPoint"",""coordinates"":[]}"
20210601,2021-06-01,1.016517981487227,"{""type"":""MultiPoint"",""coordinates"":[]}"
20210602,2021-06-02,4.17912870570846,"{""type"":""MultiPoint"",""coordinates"":[]}"
20210603,2021-06-03,7.849218158771608,"{""type"":""MultiPoint"",""coordinates"":[]}"
20210604,2021-06-04,4.77176546900107,"{""type"":""MultiPoint"",""coordinates"":[]}"
20210605,2021-06-05,5.9004786769166255,"{""type"":""MultiPoint"",""coordinates"":[]}"
20210606,2021-06-06,0.0,"{""type"":""MultiPoint"",""coordinates"":[]}"
20210607,2021-06-07,0.0,"{""type"":""MultiPoint"",""coordinates"":[]}"
20210608,2021-06-08,0.0,"{""type"":""MultiPoint"",""coordinates"":[]}"
20210609,2021-06-09,0.12778637727655448,"{""type"":""MultiPoint"",""coordinates"":[]}"
20210610,2021-06-10,1.9542485869931174,"{""type"":""MultiPoint"",""coordinates"":[]}"
20210611,2021-06-11,0.6072867061373103,"{""type"":""MultiPoint"",""coordinates"":[]}"
20210612,2021-06-12,2.029305631500021,"{""type"":""MultiPoint"",""coordinates"":[]}"
20210613,2021-06-13,0.32097316931027453,"{""type"":""MultiPoint"",""coordinates"":[]}"
20210614,2021-06-14,5.4445532384652475,"{""type"":""MultiPoint"",""coordinates"":[]}"
20210615,2021-06-15,2.609549230044408,"{""type"":""MultiPoint"",""coordinates"":[]}"
20210616,2021-06-16,2.0045747893984407,"{""type"":""MultiPoint"",""coordinates"":[]}"
20210617,2021-06-17,0.9755888377196331,"{""type"":""MultiPoint"",""coordinates"":[]}"
20210618,2021-06-18,0.026973700452954393,"{""type"":""MultiPoint"",""coordinates"":[]}"
20210619,2021-06-19,0.3245300635579226,"{""type"":""MultiPoint"",""coordinates"":[]}"
20210620,2021-06-20,0.0,"{""type"":""MultiPoint"",""coordinates"":[]}"
20210621,2021-06-21,0.0,"{""type"":""MultiPoint"",""coordinates"":[]}"
20210622,2021-06-22,1.6970437784179153,"{""type"":""MultiPoint"",""coordinates"":[]}"
20210623,2021-06-23,0.8477657503495525,"{""type"":""MultiPoint"",""coordinates"":[]}"
20210624,2021-06-24,1.5770902239545348,"{""type"":""MultiPoint"",""coordinates"":[]}"
20210625,2021-06-25,0.0,"{""type"":""MultiPoint"",""coordinates"":[]}"
20210626,2021-06-26,6.126056256888949,"{""type"":""MultiPoint"",""coordinates"":[]}"
20210627,2021-06-27,11.956325563671715,"{""type"":""MultiPoint"",""coordinates"":[]}"
20210628,2021-06-28,0.0,"{""type"":""MultiPoint"",""coordinates"":[]}"
20210629,2021-06-29,0.4033890811942728,"{""type"":""MultiPoint"",""coordinates"":[]}"
20210630,2021-06-30,1.8297405289670203,"{""type"":""MultiPoint"",""coordinates"":[]}"
20210701,2021-07-01,8.121007069215446,"{""type"":""MultiPoint"",""coordinates"":[]}"
20210702,2021-07-02,20.63225494441735,"{""type"":""MultiPoint"",""coordinates"":[]}"
20210703,2021-07-03,1.1818413777985315,"{""type"":""MultiPoint"",""coordinates"":[]}"
20210704,2021-07-04,5.069330802713408,"{""type"":""MultiPoint"",""coordinates"":[]}"
20210705,2021-07-05,19.194590946154765,"{""type"":""MultiPoint"",""coordinates"":[]}"
20210706,2021-07-06,1.19264969597677,"{""type"":""MultiPoint"",""coordinates"":[]}"
20210707,2021-07-07,8.979397026366824,"{""type"":""MultiPoint"",""coordinates"":[]}"
20210708,2021-07-08,10.33831305689863,"{""type"":""MultiPoint"",""coordinates"":[]}"
20210709,2021-07-09,2.1777704331208576,"{""type"":""MultiPoint"",""coordinates"":[]}"
20210710,2021-07-10,0.17793404195242002,"{""type"":""MultiPoint"",""coordinates"":[]}"
20210711,2021-07-11,8.071095653685123,"{""type"":""MultiPoint"",""coordinates"":[]}"
20210712,2021-07-12,6.643005544681854,"{""type"":""MultiPoint"",""coordinates"":[]}"
20210713,2021-07-13,17.806241672998347,"{""type"":""MultiPoint"",""coordinates"":[]}"
20210714,2021-07-14,6.483237953413512,"{""type"":""MultiPoint"",""coordinates"":[]}"
20210715,2021-07-15,5.1820691304951705,"{""type"":""MultiPoint"",""coordinates"":[]}"
20210716,2021-07-16,8.246619401499844,"{""type"":""MultiPoint"",""coordinates"":[]}"
20210717,2021-07-17,4.751584396530694,"{""type"":""MultiPoint"",""coordinates"":[]}"
20210718,2021-07-18,8.684479734991292,"{""type"":""MultiPoint"",""coordinates"":[]}"
20210719,2021-07-19,0.09472023782920042,"{""type"":""MultiPoint"",""coordinates"":[]}"
20210720,2021-07-20,11.401627244112188,"{""type"":""MultiPoint"",""coordinates"":[]}"
20210721,2021-07-21,21.024310389022208,"{""type"":""MultiPoint"",""coordinates"":[]}"
20210722,2021-07-22,13.590444311740164,"{""type"":""MultiPoint"",""coordinates"":[]}"
20210723,2021-07-23,0.10982424761253107,"{""type"":""MultiPoint"",""coordinates"":[]}"
20210724,2021-07-24,0.0,"{""type"":""MultiPoint"",""coordinates"":[]}"
20210725,2021-07-25,0.5036785905212791,"{""type"":""MultiPoint"",""coordinates"":[]}"
20210726,2021-07-26,0.06607515924392517,"{""type"":""MultiPoint"",""coordinates"":[]}"
20210727,2021-07-27,0.007910005013260939,"{""type"":""MultiPoint"",""coordinates"":[]}"
20210728,2021-07-28,0.012991177697600774,"{""type"":""MultiPoint"",""coordinates"":[]}"
20210729,2021-07-29,0.34809433076983315,"{""type"":""MultiPoint"",""coordinates"":[]}"
20210730,2021-07-30,0.0,"{""type"":""MultiPoint"",""coordinates"":[]}"
20210731,2021-07-31,0.0,"{""type"":""MultiPoint"",""coordinates"":[]}"
20210801,2021-08-01,0.0,"{""type"":""MultiPoint"",""coordinates"":[]}"
20210802,2021-08-02,0.0,"{""type"":""MultiPoint"",""coordinates"":[]}"
20210803,2021-08-03,0.0,"{""type"":""MultiPoint"",""coordinates"":[]}"
20210804,2021-08-04,1.3713064639383412,"{""type"":""MultiPoint"",""coordinates"":[]}"
20210805,2021-08-05,0.2686036826218429,"{""type"":""MultiPoint"",""coordinates"":[]}"
20210806,2021-08-06,0.0,"{""type"":""MultiPoint"",""coordinates"":[]}"
20210807,2021-08-07,0.3103573862953513,"{""type"":""MultiPoint"",""coordinates"":[]}"
20210808,2021-08-08,0.0016849972258642272,"{""type"":""MultiPoint"",""coordinates"":[]}"
20210809,2021-08-09,3.390555424635566,"{""type"":""MultiPoint"",""coordinates"":[]}"
20210810,2021-08-10,3.9881020821236453,"{""type"":""MultiPoint"",""coordinates"":[]}"
20210811,2021-08-11,0.2835818963068051,"{""type"":""MultiPoint"",""coordinates"":[]}"
20210812,2021-08-12,8.065682715817003,"{""type"":""MultiPoint"",""coordinates"":[]}"
20210813,2021-08-13,5.057652366491675,"{""type"":""MultiPoint"",""coordinates"":[]}"
20210814,2021-08-14,1.2741693318277025,"{""type"":""MultiPoint"",""coordinates"":[]}"
20210815,2021-08-15,7.31603136467448,"{""type"":""MultiPoint"",""coordinates"":[]}"
20210816,2021-08-16,3.478411654146595,"{""type"":""MultiPoint"",""coordinates"":[]}"
20210817,2021-08-17,5.693603906626069,"{""type"":""MultiPoint"",""coordinates"":[]}"
20210818,2021-08-18,0.502314194282798,"{""type"":""MultiPoint"",""coordinates"":[]}"
20210819,2021-08-19,3.499420862452583,"{""type"":""MultiPoint"",""coordinates"":[]}"
20210820,2021-08-20,2.5529216863661714,"{""type"":""MultiPoint"",""coordinates"":[]}"
20210821,2021-08-21,5.0183141867381185,"{""type"":""MultiPoint"",""coordinates"":[]}"
20210822,2021-08-22,4.562292604476581,"{""type"":""MultiPoint"",""coordinates"":[]}"
20210823,2021-08-23,4.9737805547999,"{""type"":""MultiPoint"",""coordinates"":[]}"
20210824,2021-08-24,4.3152608482514605,"{""type"":""MultiPoint"",""coordinates"":[]}"
20210825,2021-08-25,9.685190457282594,"{""type"":""MultiPoint"",""coordinates"":[]}"
20210826,2021-08-26,5.427296952130943,"{""type"":""MultiPoint"",""coordinates"":[]}"
20210827,2021-08-27,20.421138002709956,"{""type"":""MultiPoint"",""coordinates"":[]}"
20210828,2021-08-28,8.751580137902591,"{""type"":""MultiPoint"",""coordinates"":[]}"
20210829,2021-08-29,6.837325580540638,"{""type"":""MultiPoint"",""coordinates"":[]}"
20210830,2021-08-30,9.829856712207045,"{""type"":""MultiPoint"",""coordinates"":[]}"
20210831,2021-08-31,4.142175523385444,"{""type"":""MultiPoint"",""coordinates"":[]}"
20210901,2021-09-01,2.7648920731330615,"{""type"":""MultiPoint"",""coordinates"":[]}"
20210902,2021-09-02,4.063101952175068,"{""type"":""MultiPoint"",""coordinates"":[]}"
20210903,2021-09-03,11.180338572604505,"{""type"":""MultiPoint"",""coordinates"":[]}"
20210904,2021-09-04,6.54318492221866,"{""type"":""MultiPoint"",""coordinates"":[]}"
20210905,2021-09-05,4.2805691838576,"{""type"":""MultiPoint"",""coordinates"":[]}"
20210906,2021-09-06,14.328039072054116,"{""type"":""MultiPoint"",""coordinates"":[]}"
20210907,2021-09-07,4.6676114866616745,"{""type"":""MultiPoint"",""coordinates"":[]}"
20210908,2021-09-08,0.0,"{""type"":""MultiPoint"",""coordinates"":[]}"
20210909,2021-09-09,0.0,"{""type"":""MultiPoint"",""coordinates"":[]}"
20210910,2021-09-10,1.5500968120387761,"{""type"":""MultiPoint"",""coordinates"":[]}"
20210911,2021-09-11,1.840766683494024,"{""type"":""MultiPoint"",""coordinates"":[]}"
20210912,2021-09-12,0.7154579565650896,"{""type"":""MultiPoint"",""coordinates"":[]}"
20210913,2021-09-13,5.235393075494572,"{""type"":""MultiPoint"",""coordinates"":[]}"
20210914,2021-09-14,1.812697819872446,"{""type"":""MultiPoint"",""coordinates"":[]}"
20210915,2021-09-15,0.5739925111447748,"{""type"":""MultiPoint"",""coordinates"":[]}"
20210916,2021-09-16,0.0,"{""type"":""MultiPoint"",""coordinates"":[]}"
20210917,2021-09-17,0.0,"{""type"":""MultiPoint"",""coordinates"":[]}"
20210918,2021-09-18,0.18672821758695787,"{""type"":""MultiPoint"",""coordinates"":[]}"
20210919,2021-09-19,3.75459992644031,"{""type"":""MultiPoint"",""coordinates"":[]}"
20210920,2021-09-20,2.793550894138755,"{""type"":""MultiPoint"",""coordinates"":[]}"
20210921,2021-09-21,1.392915416278671,"{""type"":""MultiPoint"",""coordinates"":[]}"
20210922,2021-09-22,2.0279341173686984,"{""type"":""MultiPoint"",""coordinates"":[]}"
20210923,2021-09-23,4.073544930777477,"{""type"":""MultiPoint"",""coordinates"":[]}"
20210924,2021-09-24,0.36817364564835225,"{""type"":""MultiPoint"",""coordinates"":[]}"
20210925,2021-09-25,12.075871781076359,"{""type"":""MultiPoint"",""coordinates"":[]}"
20210926,2021-09-26,0.934730609015469,"{""type"":""MultiPoint"",""coordinates"":[]}"
20210927,2021-09-27,10.202613692993513,"{""type"":""MultiPoint"",""coordinates"":[]}"
20210928,2021-09-28,1.3381110270666097,"{""type"":""MultiPoint"",""coordinates"":[]}"
20210929,2021-09-29,0.009547179280024808,"{""type"":""MultiPoint"",""coordinates"":[]}"
20210930,2021-09-30,1.7721284301552562,"{""type"":""MultiPoint"",""coordinates"":[]}"
20211001,2021-10-01,4.073101026787381,"{""type"":""MultiPoint"",""coordinates"":[]}"
20211002,2021-10-02,0.1481670781631675,"{""type"":""MultiPoint"",""coordinates"":[]}"
20211003,2021-10-03,0.22799982193366727,"{""type"":""MultiPoint"",""coordinates"":[]}"
20211004,2021-10-04,3.3092787355702384,"{""type"":""MultiPoint"",""coordinates"":[]}"
20211005,2021-10-05,9.353468683790611,"{""type"":""MultiPoint"",""coordinates"":[]}"
20211006,2021-10-06,13.038949866896619,"{""type"":""MultiPoint"",""coordinates"":[]}"
20211007,2021-10-07,0.25613167093718436,"{""type"":""MultiPoint"",""coordinates"":[]}"
20211008,2021-10-08,21.2496939654097,"{""type"":""MultiPoint"",""coordinates"":[]}"
20211009,2021-10-09,4.498852896599336,"{""type"":""MultiPoint"",""coordinates"":[]}"
20211010,2021-10-10,7.799977188617394,"{""type"":""MultiPoint"",""coordinates"":[]}"
20211011,2021-10-11,0.04068782047105865,"{""type"":""MultiPoint"",""coordinates"":[]}"
20211012,2021-10-12,0.0,"{""type"":""MultiPoint"",""coordinates"":[]}"
20211013,2021-10-13,0.24076365415073225,"{""type"":""MultiPoint"",""coordinates"":[]}"
20211014,2021-10-14,0.08536075464088305,"{""type"":""MultiPoint"",""coordinates"":[]}"
20211015,2021-10-15,1.8681393950391596,"{""type"":""MultiPoint"",""coordinates"":[]}"
20211016,2021-10-16,3.6816251974290286,"{""type"":""MultiPoint"",""coordinates"":[]}"
20211017,2021-10-17,6.500208946975068,"{""type"":""MultiPoint"",""coordinates"":[]}"
20211018,2021-10-18,0.0,"{""type"":""MultiPoint"",""coordinates"":[]}"
20211019,2021-10-19,1.2326737198543187,"{""type"":""MultiPoint"",""coordinates"":[]}"
20211020,2021-10-20,9.600137845455345,"{""type"":""MultiPoint"",""coordinates"":[]}"
20211021,2021-10-21,0.4518227652472102,"{""type"":""MultiPoint"",""coordinates"":[]}"
20211022,2021-10-22,2.8815402687050704,"{""type"":""MultiPoint"",""coordinates"":[]}"
20211023,2021-10-23,11.75047048126513,"{""type"":""MultiPoint"",""coordinates"":[]}"
20211024,2021-10-24,2.3434561020644575,"{""type"":""MultiPoint"",""coordinates"":[]}"
20211025,2021-10-25,0.0,"{""type"":""MultiPoint"",""coordinates"":[]}"
20211026,2021-10-26,0.0,"{""type"":""MultiPoint"",""coordinates"":[]}"
20211027,2021-10-27,0.0,"{""type"":""MultiPoint"",""coordinates"":[]}"
20211028,2021-10-28,0.5794534616326559,"{""type"":""MultiPoint"",""coordinates"":[]}"
20211029,2021-10-29,7.783810134204598,"{""type"":""MultiPoint"",""coordinates"":[]}"
20211030,2021-10-30,3.286068683882635,"{""type"":""MultiPoint"",""coordinates"":[]}"
20211031,2021-10-31,0.8008617062364709,"{""type"":""MultiPoint"",""coordinates"":[]}"
20211101,2021-11-01,5.601681594551522,"{""type"":""MultiPoint"",""coordinates"":[]}"
20211102,2021-11-02,1.6454915164545063,"{""type"":""MultiPoint"",""coordinates"":[]}"
20211103,2021-11-03,1.2622685734772812,"{""type"":""MultiPoint"",""coordinates"":[]}"
20211104,2021-11-04,0.011145157831170772,"{""type"":""MultiPoint"",""coordinates"":[]}"
20211105,2021-11-05,0.0,"{""type"":""MultiPoint"",""coordinates"":[]}"
20211106,2021-11-06,0.20276608486831177,"{""type"":""MultiPoint"",""coordinates"":[]}"
20211107,2021-11-07,1.351735354550773,"{""type"":""MultiPoint"",""coordinates"":[]}"
20211108,2021-11-08,0.7552309067519326,"{""type"":""MultiPoint"",""coordinates"":[]}"
20211109,2021-11-09,0.12229960066903264,"{""type"":""MultiPoint"",""coordinates"":[]}"
20211110,2021-11-10,3.7754678467609835,"{""type"":""MultiPoint"",""coordinates"":[]}"
20211111,2021-11-11,20.08072392864588,"{""type"":""MultiPoint"",""coordinates"":[]}"
20211112,2021-11-12,4.513789842017406,"{""type"":""MultiPoint"",""coordinates"":[]}"
20211113,2021-11-13,5.799012311411859,"{""type"":""MultiPoint"",""coordinates"":[]}"
20211114,2021-11-14,0.9037697852266454,"{""type"":""MultiPoint"",""coordinates"":[]}"
20211115,2021-11-15,3.0055367411135845,"{""type"":""MultiPoint"",""coordinates"":[]}"
20211116,2021-11-16,1.0623923214284392,"{""type"":""MultiPoint"",""coordinates"":[]}"
20211117,2021-11-17,3.2754282716846332,"{""type"":""MultiPoint"",""coordinates"":[]}"
20211118,2021-11-18,19.85655846854749,"{""type"":""MultiPoint"",""coordinates"":[]}"
20211119,2021-11-19,5.49087739226487,"{""type"":""MultiPoint"",""coordinates"":[]}"
20211120,2021-11-20,2.495707692237049,"{""type"":""MultiPoint"",""coordinates"":[]}"
20211121,2021-11-21,2.8110252580853885,"{""type"":""MultiPoint"",""coordinates"":[]}"
20211122,2021-11-22,0.01376226557164686,"{""type"":""MultiPoint"",""coordinates"":[]}"
20211123,2021-11-23,0.5991030127044883,"{""type"":""MultiPoint"",""coordinates"":[]}"
20211124,2021-11-24,0.7729191118716082,"{""type"":""MultiPoint"",""coordinates"":[]}"
20211125,2021-11-25,0.003712319326234931,"{""type"":""MultiPoint"",""coordinates"":[]}"
20211126,2021-11-26,0.0,"{""type"":""MultiPoint"",""coordinates"":[]}"
20211127,2021-11-27,2.3668044173461187,"{""type"":""MultiPoint"",""coordinates"":[]}"
20211128,2021-11-28,3.8966679366414776,"{""type"":""MultiPoint"",""coordinates"":[]}"
20211129,2021-11-29,3.4946280287228833,"{""type"":""MultiPoint"",""coordinates"":[]}"
20211130,2021-11-30,0.0,"{""type"":""MultiPoint"",""coordinates"":[]}"
20211201,2021-12-01,0.4554519407584708,"{""type"":""MultiPoint"",""coordinates"":[]}"
20211202,2021-12-02,0.0,"{""type"":""MultiPoint"",""coordinates"":[]}"
20211203,2021-12-03,8.082890663738833E-4,"{""type"":""MultiPoint"",""coordinates"":[]}"
20211204,2021-12-04,0.0,"{""type"":""MultiPoint"",""coordinates"":[]}"
20211205,2021-12-05,0.0,"{""type"":""MultiPoint"",""coordinates"":[]}"
20211206,2021-12-06,0.0,"{""type"":""MultiPoint"",""coordinates"":[]}"
20211207,2021-12-07,0.0,"{""type"":""MultiPoint"",""coordinates"":[]}"
20211208,2021-12-08,0.0,"{""type"":""MultiPoint"",""coordinates"":[]}"
20211209,2021-12-09,0.1761861711041544,"{""type"":""MultiPoint"",""coordinates"":[]}"
20211210,2021-12-10,0.0,"{""type"":""MultiPoint"",""coordinates"":[]}"
20211211,2021-12-11,0.0,"{""type"":""MultiPoint"",""coordinates"":[]}"
20211212,2021-12-12,0.0015604140745413715,"{""type"":""MultiPoint"",""coordinates"":[]}"
20211213,2021-12-13,0.0,"{""type"":""MultiPoint"",""coordinates"":[]}"
20211214,2021-12-14,0.0,"{""type"":""MultiPoint"",""coordinates"":[]}"
20211215,2021-12-15,0.0,"{""type"":""MultiPoint"",""coordinates"":[]}"
20211216,2021-12-16,0.15829936700836955,"{""type"":""MultiPoint"",""coordinates"":[]}"
20211217,2021-12-17,0.2245157653590627,"{""type"":""MultiPoint"",""coordinates"":[]}"
20211218,2021-12-18,0.046034604769865026,"{""type"":""MultiPoint"",""coordinates"":[]}"
20211219,2021-12-19,0.0,"{""type"":""MultiPoint"",""coordinates"":[]}"
20211220,2021-12-20,0.0,"{""type"":""MultiPoint"",""coordinates"":[]}"
20211221,2021-12-21,0.0036178104444430756,"{""type"":""MultiPoint"",""coordinates"":[]}"
20211222,2021-12-22,0.0,"{""type"":""MultiPoint"",""coordinates"":[]}"
20211223,2021-12-23,0.0,"{""type"":""MultiPoint"",""coordinates"":[]}"
20211224,2021-12-24,0.0,"{""type"":""MultiPoint"",""coordinates"":[]}"
20211225,2021-12-25,0.0,"{""type"":""MultiPoint"",""coordinates"":[]}"
20211226,2021-12-26,0.0,"{""type"":""MultiPoint"",""coordinates"":[]}"
20211227,2021-12-27,0.0,"{""type"":""MultiPoint"",""coordinates"":[]}"
20211228,2021-12-28,0.0,"{""type"":""MultiPoint"",""coordinates"":[]}"
20211229,2021-12-29,2.1775888290681596E-4,"{""type"":""MultiPoint"",""coordinates"":[]}"
20211230,2021-12-30,0.2009019090876206,"{""type"":""MultiPoint"",""coordinates"":[]}"
20211231,2021-12-31,0.08034609387005548,"{""type"":""MultiPoint"",""coordinates"":[]}"
20220101,2022-01-01,1.732656620562954,"{""type"":""MultiPoint"",""coordinates"":[]}"
20220102,2022-01-02,0.0,"{""type"":""MultiPoint"",""coordinates"":[]}"
20220103,2022-01-03,0.0,"{""type"":""MultiPoint"",""coordinates"":[]}"
20220104,2022-01-04,0.0,"{""type"":""MultiPoint"",""coordinates"":[]}"
20220105,2022-01-05,0.0,"{""type"":""MultiPoint"",""coordinates"":[]}"
20220106,2022-01-06,0.0,"{""type"":""MultiPoint"",""coordinates"":[]}"
20220107,2022-01-07,0.37304966076344354,"{""type"":""MultiPoint"",""coordinates"":[]}"
20220108,2022-01-08,0.0,"{""type"":""MultiPoint"",""coordinates"":[]}"
20220109,2022-01-09,0.0,"{""type"":""MultiPoint"",""coordinates"":[]}"
20220110,2022-01-10,0.19388791379600126,"{""type"":""MultiPoint"",""coordinates"":[]}"
20220111,2022-01-11,0.0,"{""type"":""MultiPoint"",""coordinates"":[]}"
20220112,2022-01-12,0.0,"{""type"":""MultiPoint"",""coordinates"":[]}"
20220113,2022-01-13,0.17342762954218424,"{""type"":""MultiPoint"",""coordinates"":[]}"
20220114,2022-01-14,0.0,"{""type"":""MultiPoint"",""coordinates"":[]}"
20220115,2022-01-15,0.0,"{""type"":""MultiPoint"",""coordinates"":[]}"
20220116,2022-01-16,0.06704275157533157,"{""type"":""MultiPoint"",""coordinates"":[]}"
20220117,2022-01-17,0.0,"{""type"":""MultiPoint"",""coordinates"":[]}"
20220118,2022-01-18,0.0,"{""type"":""MultiPoint"",""coordinates"":[]}"
20220119,2022-01-19,0.0,"{""type"":""MultiPoint"",""coordinates"":[]}"
20220120,2022-01-20,0.0,"{""type"":""MultiPoint"",""coordinates"":[]}"
20220121,2022-01-21,0.04358066064971394,"{""type"":""MultiPoint"",""coordinates"":[]}"
20220122,2022-01-22,0.00615079833310272,"{""type"":""MultiPoint"",""coordinates"":[]}"
20220123,2022-01-23,0.010760299629602321,"{""type"":""MultiPoint"",""coordinates"":[]}"
20220124,2022-01-24,0.0,"{""type"":""MultiPoint"",""coordinates"":[]}"
20220125,2022-01-25,0.0,"{""type"":""MultiPoint"",""coordinates"":[]}"
20220126,2022-01-26,1.324110276153069E-4,"{""type"":""MultiPoint"",""coordinates"":[]}"
20220127,2022-01-27,0.018681570617139345,"{""type"":""MultiPoint"",""coordinates"":[]}"
20220128,2022-01-28,0.0,"{""type"":""MultiPoint"",""coordinates"":[]}"
20220129,2022-01-29,0.0,"{""type"":""MultiPoint"",""coordinates"":[]}"
20220130,2022-01-30,0.3673885445505192,"{""type"":""MultiPoint"",""coordinates"":[]}"
20220131,2022-01-31,0.0,"{""type"":""MultiPoint"",""coordinates"":[]}"
20220201,2022-02-01,0.0,"{""type"":""MultiPoint"",""coordinates"":[]}"
20220202,2022-02-02,0.0,"{""type"":""MultiPoint"",""coordinates"":[]}"
20220203,2022-02-03,0.0,"{""type"":""MultiPoint"",""coordinates"":[]}"
20220204,2022-02-04,0.0,"{""type"":""MultiPoint"",""coordinates"":[]}"
20220205,2022-02-05,0.0,"{""type"":""MultiPoint"",""coordinates"":[]}"
20220206,2022-02-06,0.0,"{""type"":""MultiPoint"",""coordinates"":[]}"
20220207,2022-02-07,0.0,"{""type"":""MultiPoint"",""coordinates"":[]}"
20220208,2022-02-08,0.0,"{""type"":""MultiPoint"",""coordinates"":[]}"
20220209,2022-02-09,0.0,"{""type"":""MultiPoint"",""coordinates"":[]}"
20220210,2022-02-10,0.0,"{""type"":""MultiPoint"",""coordinates"":[]}"
20220211,2022-02-11,0.0,"{""type"":""MultiPoint"",""coordinates"":[]}"
20220212,2022-02-12,0.0,"{""type"":""MultiPoint"",""coordinates"":[]}"
20220213,2022-02-13,0.0,"{""type"":""MultiPoint"",""coordinates"":[]}"
20220214,2022-02-14,0.0,"{""type"":""MultiPoint"",""coordinates"":[]}"
20220215,2022-02-15,0.0,"{""type"":""MultiPoint"",""coordinates"":[]}"
20220216,2022-02-16,0.0,"{""type"":""MultiPoint"",""coordinates"":[]}"
20220217,2022-02-17,0.0,"{""type"":""MultiPoint"",""coordinates"":[]}"
20220218,2022-02-18,0.0,"{""type"":""MultiPoint"",""coordinates"":[]}"
20220219,2022-02-19,0.0,"{""type"":""MultiPoint"",""coordinates"":[]}"
20220220,2022-02-20,0.0,"{""type"":""MultiPoint"",""coordinates"":[]}"
20220221,2022-02-21,0.0,"{""type"":""MultiPoint"",""coordinates"":[]}"
20220222,2022-02-22,0.0,"{""type"":""MultiPoint"",""coordinates"":[]}"
20220223,2022-02-23,0.0,"{""type"":""MultiPoint"",""coordinates"":[]}"
20220224,2022-02-24,0.0,"{""type"":""MultiPoint"",""coordinates"":[]}"
20220225,2022-02-25,0.0,"{""type"":""MultiPoint"",""coordinates"":[]}"
20220226,2022-02-26,0.0,"{""type"":""MultiPoint"",""coordinates"":[]}"
20220227,2022-02-27,0.0,"{""type"":""MultiPoint"",""coordinates"":[]}"
20220228,2022-02-28,0.0,"{""type"":""MultiPoint"",""coordinates"":[]}"
20220301,2022-03-01,0.0,"{""type"":""MultiPoint"",""coordinates"":[]}"
20220302,2022-03-02,0.0,"{""type"":""MultiPoint"",""coordinates"":[]}"
20220303,2022-03-03,0.0,"{""type"":""MultiPoint"",""coordinates"":[]}"
20220304,2022-03-04,0.0,"{""type"":""MultiPoint"",""coordinates"":[]}"
20220305,2022-03-05,0.0,"{""type"":""MultiPoint"",""coordinates"":[]}"
20220306,2022-03-06,0.0,"{""type"":""MultiPoint"",""coordinates"":[]}"
20220307,2022-03-07,0.0,"{""type"":""MultiPoint"",""coordinates"":[]}"
20220308,2022-03-08,0.0,"{""type"":""MultiPoint"",""coordinates"":[]}"
20220309,2022-03-09,0.0,"{""type"":""MultiPoint"",""coordinates"":[]}"
20220310,2022-03-10,0.0,"{""type"":""MultiPoint"",""coordinates"":[]}"
20220311,2022-03-11,0.0,"{""type"":""MultiPoint"",""coordinates"":[]}"
20220312,2022-03-12,0.0,"{""type"":""MultiPoint"",""coordinates"":[]}"
20220313,2022-03-13,0.0,"{""type"":""MultiPoint"",""coordinates"":[]}"
20220314,2022-03-14,0.0,"{""type"":""MultiPoint"",""coordinates"":[]}"
20220315,2022-03-15,0.0,"{""type"":""MultiPoint"",""coordinates"":[]}"
20220316,2022-03-16,0.0,"{""type"":""MultiPoint"",""coordinates"":[]}"
20220317,2022-03-17,0.0,"{""type"":""MultiPoint"",""coordinates"":[]}"
20220318,2022-03-18,0.0,"{""type"":""MultiPoint"",""coordinates"":[]}"
20220319,2022-03-19,0.0,"{""type"":""MultiPoint"",""coordinates"":[]}"
20220320,2022-03-20,0.0,"{""type"":""MultiPoint"",""coordinates"":[]}"
20220321,2022-03-21,0.016342088149655067,"{""type"":""MultiPoint"",""coordinates"":[]}"
20220322,2022-03-22,0.48051165869981305,"{""type"":""MultiPoint"",""coordinates"":[]}"
20220323,2022-03-23,0.007914739728628977,"{""type"":""MultiPoint"",""coordinates"":[]}"
20220324,2022-03-24,0.14407341423292877,"{""type"":""MultiPoint"",""coordinates"":[]}"
20220325,2022-03-25,0.0,"{""type"":""MultiPoint"",""coordinates"":[]}"
20220326,2022-03-26,0.0,"{""type"":""MultiPoint"",""coordinates"":[]}"
20220327,2022-03-27,0.08305088002464896,"{""type"":""MultiPoint"",""coordinates"":[]}"
20220328,2022-03-28,0.0,"{""type"":""MultiPoint"",""coordinates"":[]}"
20220329,2022-03-29,0.0,"{""type"":""MultiPoint"",""coordinates"":[]}"
20220330,2022-03-30,0.009451789753649827,"{""type"":""MultiPoint"",""coordinates"":[]}"
20220331,2022-03-31,0.015442239467528493,"{""type"":""MultiPoint"",""coordinates"":[]}"
20220401,2022-04-01,0.0,"{""type"":""MultiPoint"",""coordinates"":[]}"
20220402,2022-04-02,0.43392751620784875,"{""type"":""MultiPoint"",""coordinates"":[]}"
20220403,2022-04-03,0.011803578392472121,"{""type"":""MultiPoint"",""coordinates"":[]}"
20220404,2022-04-04,0.009098823236088295,"{""type"":""MultiPoint"",""coordinates"":[]}"
20220405,2022-04-05,0.0,"{""type"":""MultiPoint"",""coordinates"":[]}"
20220406,2022-04-06,0.0,"{""type"":""MultiPoint"",""coordinates"":[]}"
20220407,2022-04-07,0.0,"{""type"":""MultiPoint"",""coordinates"":[]}"
20220408,2022-04-08,0.0,"{""type"":""MultiPoint"",""coordinates"":[]}"
20220409,2022-04-09,0.5198266283461799,"{""type"":""MultiPoint"",""coordinates"":[]}"
20220410,2022-04-10,0.649726681156406,"{""type"":""MultiPoint"",""coordinates"":[]}"
20220411,2022-04-11,0.012899893599281856,"{""type"":""MultiPoint"",""coordinates"":[]}"
20220412,2022-04-12,0.001538888835475394,"{""type"":""MultiPoint"",""coordinates"":[]}"
20220413,2022-04-13,0.018926527555912523,"{""type"":""MultiPoint"",""coordinates"":[]}"
20220414,2022-04-14,0.4761096947386254,"{""type"":""MultiPoint"",""coordinates"":[]}"
20220415,2022-04-15,0.952185714955856,"{""type"":""MultiPoint"",""coordinates"":[]}"
20220416,2022-04-16,0.8234634081136684,"{""type"":""MultiPoint"",""coordinates"":[]}"
20220417,2022-04-17,0.0,"{""type"":""MultiPoint"",""coordinates"":[]}"
20220418,2022-04-18,2.076331343872095,"{""type"":""MultiPoint"",""coordinates"":[]}"
20220419,2022-04-19,0.6431933728040392,"{""type"":""MultiPoint"",""coordinates"":[]}"
20220420,2022-04-20,0.0,"{""type"":""MultiPoint"",""coordinates"":[]}"
20220421,2022-04-21,0.8475572961557631,"{""type"":""MultiPoint"",""coordinates"":[]}"
20220422,2022-04-22,0.025232257740523005,"{""type"":""MultiPoint"",""coordinates"":[]}"
20220423,2022-04-23,0.7864042271836299,"{""type"":""MultiPoint"",""coordinates"":[]}"
20220424,2022-04-24,0.0,"{""type"":""MultiPoint"",""coordinates"":[]}"
20220425,2022-04-25,1.1226541099346348,"{""type"":""MultiPoint"",""coordinates"":[]}"
20220426,2022-04-26,0.132897489199198,"{""type"":""MultiPoint"",""coordinates"":[]}"
20220427,2022-04-27,0.27904690485656625,"{""type"":""MultiPoint"",""coordinates"":[]}"
20220428,2022-04-28,0.4847557076362344,"{""type"":""MultiPoint"",""coordinates"":[]}"
20220429,2022-04-29,0.009823837048021089,"{""type"":""MultiPoint"",""coordinates"":[]}"
20220430,2022-04-30,0.02175603746007043,"{""type"":""MultiPoint"",""coordinates"":[]}"
20220501,2022-05-01,0.10285590563292062,"{""type"":""MultiPoint"",""coordinates"":[]}"
20220502,2022-05-02,0.0,"{""type"":""MultiPoint"",""coordinates"":[]}"
20220503,2022-05-03,0.6832777942618774,"{""type"":""MultiPoint"",""coordinates"":[]}"
20220504,2022-05-04,0.1756870328780043,"{""type"":""MultiPoint"",""coordinates"":[]}"
20220505,2022-05-05,0.0,"{""type"":""MultiPoint"",""coordinates"":[]}"
20220506,2022-05-06,1.1338739960282749,"{""type"":""MultiPoint"",""coordinates"":[]}"
20220507,2022-05-07,0.0,"{""type"":""MultiPoint"",""coordinates"":[]}"
20220508,2022-05-08,3.184168620138415,"{""type"":""MultiPoint"",""coordinates"":[]}"
20220509,2022-05-09,5.025688634917072,"{""type"":""MultiPoint"",""coordinates"":[]}"
20220510,2022-05-10,12.630893886209954,"{""type"":""MultiPoint"",""coordinates"":[]}"
20220511,2022-05-11,18.14145080193917,"{""type"":""MultiPoint"",""coordinates"":[]}"
20220512,2022-05-12,9.939363869165504,"{""type"":""MultiPoint"",""coordinates"":[]}"
20220513,2022-05-13,1.4639456412352638,"{""type"":""MultiPoint"",""coordinates"":[]}"
20220514,2022-05-14,0.045046339669676166,"{""type"":""MultiPoint"",""coordinates"":[]}"
20220515,2022-05-15,0.09817705310315648,"{""type"":""MultiPoint"",""coordinates"":[]}"
20220516,2022-05-16,7.9446928738034694,"{""type"":""MultiPoint"",""coordinates"":[]}"
20220517,2022-05-17,3.6874881335209038,"{""type"":""MultiPoint"",""coordinates"":[]}"
20220518,2022-05-18,10.83156635098904,"{""type"":""MultiPoint"",""coordinates"":[]}"
20220519,2022-05-19,16.914319164228047,"{""type"":""MultiPoint"",""coordinates"":[]}"
20220520,2022-05-20,1.8124619639960005,"{""type"":""MultiPoint"",""coordinates"":[]}"
20220521,2022-05-21,0.2750679046505644,"{""type"":""MultiPoint"",""coordinates"":[]}"
20220522,2022-05-22,0.0,"{""type"":""MultiPoint"",""coordinates"":[]}"
20220523,2022-05-23,0.0,"{""type"":""MultiPoint"",""coordinates"":[]}"
20220524,2022-05-24,0.0,"{""type"":""MultiPoint"",""coordinates"":[]}"
20220525,2022-05-25,0.0351048730829696,"{""type"":""MultiPoint"",""coordinates"":[]}"
20220526,2022-05-26,0.0,"{""type"":""MultiPoint"",""coordinates"":[]}"
20220527,2022-05-27,0.0,"{""type"":""MultiPoint"",""coordinates"":[]}"
20220528,2022-05-28,0.0,"{""type"":""MultiPoint"",""coordinates"":[]}"
20220529,2022-05-29,0.0,"{""type"":""MultiPoint"",""coordinates"":[]}"
20220530,2022-05-30,0.2445876687330449,"{""type"":""MultiPoint"",""coordinates"":[]}"
20220531,2022-05-31,0.22162402164213976,"{""type"":""MultiPoint"",""coordinates"":[]}"
20220601,2022-06-01,0.01842122324684646,"{""type"":""MultiPoint"",""coordinates"":[]}"
20220602,2022-06-02,7.029882609527623,"{""type"":""MultiPoint"",""coordinates"":[]}"
20220603,2022-06-03,0.0,"{""type"":""MultiPoint"",""coordinates"":[]}"
20220604,2022-06-04,0.009028438714855503,"{""type"":""MultiPoint"",""coordinates"":[]}"
20220605,2022-06-05,16.89374915772249,"{""type"":""MultiPoint"",""coordinates"":[]}"
20220606,2022-06-06,8.836318626674197,"{""type"":""MultiPoint"",""coordinates"":[]}"
20220607,2022-06-07,0.2731055107049495,"{""type"":""MultiPoint"",""coordinates"":[]}"
20220608,2022-06-08,0.0,"{""type"":""MultiPoint"",""coordinates"":[]}"
20220609,2022-06-09,0.44723237768068463,"{""type"":""MultiPoint"",""coordinates"":[]}"
20220610,2022-06-10,0.012590085824831364,"{""type"":""MultiPoint"",""coordinates"":[]}"
20220611,2022-06-11,0.04357120968096314,"{""type"":""MultiPoint"",""coordinates"":[]}"
20220612,2022-06-12,0.0,"{""type"":""MultiPoint"",""coordinates"":[]}"
20220613,2022-06-13,1.1823154843098937,"{""type"":""MultiPoint"",""coordinates"":[]}"
20220614,2022-06-14,7.515451791196862,"{""type"":""MultiPoint"",""coordinates"":[]}"
20220615,2022-06-15,9.00969046416635,"{""type"":""MultiPoint"",""coordinates"":[]}"
20220616,2022-06-16,2.728549454416805,"{""type"":""MultiPoint"",""coordinates"":[]}"
20220617,2022-06-17,7.136021616852564,"{""type"":""MultiPoint"",""coordinates"":[]}"
20220618,2022-06-18,9.402145306207395,"{""type"":""MultiPoint"",""coordinates"":[]}"
20220619,2022-06-19,5.557453414246139,"{""type"":""MultiPoint"",""coordinates"":[]}"
20220620,2022-06-20,2.3157021850949673,"{""type"":""MultiPoint"",""coordinates"":[]}"
20220621,2022-06-21,9.701254089038109,"{""type"":""MultiPoint"",""coordinates"":[]}"
20220622,2022-06-22,15.525172680803959,"{""type"":""MultiPoint"",""coordinates"":[]}"
20220623,2022-06-23,2.2691901320601175,"{""type"":""MultiPoint"",""coordinates"":[]}"
20220624,2022-06-24,5.410750840440676,"{""type"":""MultiPoint"",""coordinates"":[]}"
20220625,2022-06-25,9.285586880293467,"{""type"":""MultiPoint"",""coordinates"":[]}"
20220626,2022-06-26,4.944713519171658,"{""type"":""MultiPoint"",""coordinates"":[]}"
20220627,2022-06-27,11.579425824740238,"{""type"":""MultiPoint"",""coordinates"":[]}"
20220628,2022-06-28,9.656009208833673,"{""type"":""MultiPoint"",""coordinates"":[]}"
20220629,2022-06-29,9.966139401513486,"{""type"":""MultiPoint"",""coordinates"":[]}"
20220630,2022-06-30,11.647441578167152,"{""type"":""MultiPoint"",""coordinates"":[]}"
20220701,2022-07-01,4.565727081034877,"{""type"":""MultiPoint"",""coordinates"":[]}"
20220702,2022-07-02,2.1206773485327717,"{""type"":""MultiPoint"",""coordinates"":[]}"
20220703,2022-07-03,7.586068868078087,"{""type"":""MultiPoint"",""coordinates"":[]}"
20220704,2022-07-04,0.6990925433533611,"{""type"":""MultiPoint"",""coordinates"":[]}"
20220705,2022-07-05,17.021962805530514,"{""type"":""MultiPoint"",""coordinates"":[]}"
20220706,2022-07-06,8.991663023849465,"{""type"":""MultiPoint"",""coordinates"":[]}"
20220707,2022-07-07,6.024599139056398,"{""type"":""MultiPoint"",""coordinates"":[]}"
20220708,2022-07-08,11.834622763338395,"{""type"":""MultiPoint"",""coordinates"":[]}"
20220709,2022-07-09,7.254360091177291,"{""type"":""MultiPoint"",""coordinates"":[]}"
20220710,2022-07-10,2.539934267809678,"{""type"":""MultiPoint"",""coordinates"":[]}"
20220711,2022-07-11,3.237198057927092,"{""type"":""MultiPoint"",""coordinates"":[]}"
20220712,2022-07-12,9.057616333989786,"{""type"":""MultiPoint"",""coordinates"":[]}"
20220713,2022-07-13,9.546799472435929,"{""type"":""MultiPoint"",""coordinates"":[]}"
20220714,2022-07-14,0.16736355704815406,"{""type"":""MultiPoint"",""coordinates"":[]}"
20220715,2022-07-15,0.0060543483578509,"{""type"":""MultiPoint"",""coordinates"":[]}"
20220716,2022-07-16,0.5944155313955404,"{""type"":""MultiPoint"",""coordinates"":[]}"
20220717,2022-07-17,10.948558542694533,"{""type"":""MultiPoint"",""coordinates"":[]}"
20220718,2022-07-18,2.7226356144510877,"{""type"":""MultiPoint"",""coordinates"":[]}"
20220719,2022-07-19,0.0,"{""type"":""MultiPoint"",""coordinates"":[]}"
20220720,2022-07-20,0.8861431488998499,"{""type"":""MultiPoint"",""coordinates"":[]}"
20220721,2022-07-21,10.010794941257037,"{""type"":""MultiPoint"",""coordinates"":[]}"
20220722,2022-07-22,16.352506197152593,"{""type"":""MultiPoint"",""coordinates"":[]}"
20220723,2022-07-23,11.06233708071778,"{""type"":""MultiPoint"",""coordinates"":[]}"
20220724,2022-07-24,0.0185155839643165,"{""type"":""MultiPoint"",""coordinates"":[]}"
20220725,2022-07-25,2.4047064666148015,"{""type"":""MultiPoint"",""coordinates"":[]}"
20220726,2022-07-26,9.795127089200086,"{""type"":""MultiPoint"",""coordinates"":[]}"
20220727,2022-07-27,0.3580189492417066,"{""type"":""MultiPoint"",""coordinates"":[]}"
20220728,2022-07-28,0.34132087609103506,"{""type"":""MultiPoint"",""coordinates"":[]}"
20220729,2022-07-29,0.887161423347745,"{""type"":""MultiPoint"",""coordinates"":[]}"
20220730,2022-07-30,6.896172348797113,"{""type"":""MultiPoint"",""coordinates"":[]}"
20220731,2022-07-31,6.2299799084119245,"{""type"":""MultiPoint"",""coordinates"":[]}"
20220801,2022-08-01,18.14836723044712,"{""type"":""MultiPoint"",""coordinates"":[]}"
20220802,2022-08-02,21.643881036494992,"{""type"":""MultiPoint"",""coordinates"":[]}"
20220803,2022-08-03,6.972448144834317,"{""type"":""MultiPoint"",""coordinates"":[]}"
20220804,2022-08-04,13.94059258732794,"{""type"":""MultiPoint"",""coordinates"":[]}"
20220805,2022-08-05,15.432831331359589,"{""type"":""MultiPoint"",""coordinates"":[]}"
20220806,2022-08-06,9.4293245970549,"{""type"":""MultiPoint"",""coordinates"":[]}"
20220807,2022-08-07,8.44069876716057,"{""type"":""MultiPoint"",""coordinates"":[]}"
20220808,2022-08-08,2.9736661025706765,"{""type"":""MultiPoint"",""coordinates"":[]}"
20220809,2022-08-09,0.09306052144132818,"{""type"":""MultiPoint"",""coordinates"":[]}"
20220810,2022-08-10,0.17186356863726854,"{""type"":""MultiPoint"",""coordinates"":[]}"
20220811,2022-08-11,0.0,"{""type"":""MultiPoint"",""coordinates"":[]}"
20220812,2022-08-12,0.0,"{""type"":""MultiPoint"",""coordinates"":[]}"
20220813,2022-08-13,1.5359213984706135,"{""type"":""MultiPoint"",""coordinates"":[]}"
20220814,2022-08-14,6.470019307916426,"{""type"":""MultiPoint"",""coordinates"":[]}"
20220815,2022-08-15,0.5063434733256393,"{""type"":""MultiPoint"",""coordinates"":[]}"
20220816,2022-08-16,0.011499355294788776,"{""type"":""MultiPoint"",""coordinates"":[]}"
20220817,2022-08-17,0.3781995819956401,"{""type"":""MultiPoint"",""coordinates"":[]}"
20220818,2022-08-18,0.056513571092906306,"{""type"":""MultiPoint"",""coordinates"":[]}"
20220819,2022-08-19,0.8043641975222381,"{""type"":""MultiPoint"",""coordinates"":[]}"
20220820,2022-08-20,0.5465450449569923,"{""type"":""MultiPoint"",""coordinates"":[]}"
20220821,2022-08-21,0.15132500834294177,"{""type"":""MultiPoint"",""coordinates"":[]}"
20220822,2022-08-22,0.0,"{""type"":""MultiPoint"",""coordinates"":[]}"
20220823,2022-08-23,0.3349947620337108,"{""type"":""MultiPoint"",""coordinates"":[]}"
20220824,2022-08-24,1.0173910738395355,"{""type"":""MultiPoint"",""coordinates"":[]}"
20220825,2022-08-25,11.747554683765877,"{""type"":""MultiPoint"",""coordinates"":[]}"
20220826,2022-08-26,14.249302251755463,"{""type"":""MultiPoint"",""coordinates"":[]}"
20220827,2022-08-27,12.550631645950947,"{""type"":""MultiPoint"",""coordinates"":[]}"
20220828,2022-08-28,8.965489320125613,"{""type"":""MultiPoint"",""coordinates"":[]}"
20220829,2022-08-29,17.522534992597603,"{""type"":""MultiPoint"",""coordinates"":[]}"
20220830,2022-08-30,0.12413432397637485,"{""type"":""MultiPoint"",""coordinates"":[]}"
20220831,2022-08-31,1.7592133275003634,"{""type"":""MultiPoint"",""coordinates"":[]}"
20220901,2022-09-01,7.235979713491499,"{""type"":""MultiPoint"",""coordinates"":[]}"
20220902,2022-09-02,0.09948985446512738,"{""type"":""MultiPoint"",""coordinates"":[]}"
20220903,2022-09-03,0.041507351417127546,"{""type"":""MultiPoint"",""coordinates"":[]}"
20220904,2022-09-04,12.62682253486269,"{""type"":""MultiPoint"",""coordinates"":[]}"
20220905,2022-09-05,6.7362032847635644,"{""type"":""MultiPoint"",""coordinates"":[]}"
20220906,2022-09-06,3.2236055553660936,"{""type"":""MultiPoint"",""coordinates"":[]}"
20220907,2022-09-07,9.343709267417209,"{""type"":""MultiPoint"",""coordinates"":[]}"
20220908,2022-09-08,12.560670192904562,"{""type"":""MultiPoint"",""coordinates"":[]}"
20220909,2022-09-09,15.909520205659192,"{""type"":""MultiPoint"",""coordinates"":[]}"
20220910,2022-09-10,28.69832117672186,"{""type"":""MultiPoint"",""coordinates"":[]}"
20220911,2022-09-11,9.421004221370016,"{""type"":""MultiPoint"",""coordinates"":[]}"
20220912,2022-09-12,4.301547895416193,"{""type"":""MultiPoint"",""coordinates"":[]}"
20220913,2022-09-13,1.090233097554912,"{""type"":""MultiPoint"",""coordinates"":[]}"
20220914,2022-09-14,0.0,"{""type"":""MultiPoint"",""coordinates"":[]}"
20220915,2022-09-15,0.0,"{""type"":""MultiPoint"",""coordinates"":[]}"
20220916,2022-09-16,0.0,"{""type"":""MultiPoint"",""coordinates"":[]}"
20220917,2022-09-17,0.0,"{""type"":""MultiPoint"",""coordinates"":[]}"
20220918,2022-09-18,0.07254930668014485,"{""type"":""MultiPoint"",""coordinates"":[]}"
20220919,2022-09-19,0.535540424162646,"{""type"":""MultiPoint"",""coordinates"":[]}"
20220920,2022-09-20,0.0,"{""type"":""MultiPoint"",""coordinates"":[]}"
20220921,2022-09-21,0.0,"{""type"":""MultiPoint"",""coordinates"":[]}"
20220922,2022-09-22,0.22701400131213,"{""type"":""MultiPoint"",""coordinates"":[]}"
20220923,2022-09-23,0.0,"{""type"":""MultiPoint"",""coordinates"":[]}"
20220924,2022-09-24,0.0029832453390726734,"{""type"":""MultiPoint"",""coordinates"":[]}"
20220925,2022-09-25,0.03149525552139202,"{""type"":""MultiPoint"",""coordinates"":[]}"
20220926,2022-09-26,2.1429530760647775,"{""type"":""MultiPoint"",""coordinates"":[]}"
20220927,2022-09-27,3.2033583258786806,"{""type"":""MultiPoint"",""coordinates"":[]}"
20220928,2022-09-28,8.384465236747177,"{""type"":""MultiPoint"",""coordinates"":[]}"
20220929,2022-09-29,19.629760953253907,"{""type"":""MultiPoint"",""coordinates"":[]}"
20220930,2022-09-30,11.437523066799614,"{""type"":""MultiPoint"",""coordinates"":[]}"
20221001,2022-10-01,10.057439569449812,"{""type"":""MultiPoint"",""coordinates"":[]}"
20221002,2022-10-02,1.6485560624525406,"{""type"":""MultiPoint"",""coordinates"":[]}"
20221003,2022-10-03,2.669898397503778,"{""type"":""MultiPoint"",""coordinates"":[]}"
20221004,2022-10-04,1.5930042651621998,"{""type"":""MultiPoint"",""coordinates"":[]}"
20221005,2022-10-05,18.32009763755876,"{""type"":""MultiPoint"",""coordinates"":[]}"
20221006,2022-10-06,17.639186332211253,"{""type"":""MultiPoint"",""coordinates"":[]}"
20221007,2022-10-07,1.1252709354027786,"{""type"":""MultiPoint"",""coordinates"":[]}"
20221008,2022-10-08,4.061854405159519,"{""type"":""MultiPoint"",""coordinates"":[]}"
20221009,2022-10-09,8.769777176060668,"{""type"":""MultiPoint"",""coordinates"":[]}"
20221010,2022-10-10,1.2075070248152693,"{""type"":""MultiPoint"",""coordinates"":[]}"
20221011,2022-10-11,4.250253957863552,"{""type"":""MultiPoint"",""coordinates"":[]}"
20221012,2022-10-12,17.31133712015017,"{""type"":""MultiPoint"",""coordinates"":[]}"
20221013,2022-10-13,15.423813153842222,"{""type"":""MultiPoint"",""coordinates"":[]}"
20221014,2022-10-14,1.0342025341470553,"{""type"":""MultiPoint"",""coordinates"":[]}"
20221015,2022-10-15,3.9538615238990618,"{""type"":""MultiPoint"",""coordinates"":[]}"
20221016,2022-10-16,1.7319626115797164,"{""type"":""MultiPoint"",""coordinates"":[]}"
20221017,2022-10-17,0.012982489548382565,"{""type"":""MultiPoint"",""coordinates"":[]}"
20221018,2022-10-18,0.8433020558557829,"{""type"":""MultiPoint"",""coordinates"":[]}"
20221019,2022-10-19,9.647030354726617,"{""type"":""MultiPoint"",""coordinates"":[]}"
20221020,2022-10-20,1.0270390974314292,"{""type"":""MultiPoint"",""coordinates"":[]}"
20221021,2022-10-21,0.5746369080251559,"{""type"":""MultiPoint"",""coordinates"":[]}"
20221022,2022-10-22,0.0,"{""type"":""MultiPoint"",""coordinates"":[]}"
20221023,2022-10-23,0.0,"{""type"":""MultiPoint"",""coordinates"":[]}"
20221024,2022-10-24,0.0,"{""type"":""MultiPoint"",""coordinates"":[]}"
20221025,2022-10-25,0.0,"{""type"":""MultiPoint"",""coordinates"":[]}"
20221026,2022-10-26,0.0,"{""type"":""MultiPoint"",""coordinates"":[]}"
20221027,2022-10-27,0.0,"{""type"":""MultiPoint"",""coordinates"":[]}"
20221028,2022-10-28,0.0,"{""type"":""MultiPoint"",""coordinates"":[]}"
20221029,2022-10-29,0.0,"{""type"":""MultiPoint"",""coordinates"":[]}"
20221030,2022-10-30,0.0,"{""type"":""MultiPoint"",""coordinates"":[]}"
20221031,2022-10-31,0.0,"{""type"":""MultiPoint"",""coordinates"":[]}"
20221101,2022-11-01,1.567048069680691,"{""type"":""MultiPoint"",""coordinates"":[]}"
20221102,2022-11-02,0.0,"{""type"":""MultiPoint"",""coordinates"":[]}"
20221103,2022-11-03,0.0,"{""type"":""MultiPoint"",""coordinates"":[]}"
20221104,2022-11-04,0.0,"{""type"":""MultiPoint"",""coordinates"":[]}"
20221105,2022-11-05,0.0,"{""type"":""MultiPoint"",""coordinates"":[]}"
20221106,2022-11-06,0.02664718284860142,"{""type"":""MultiPoint"",""coordinates"":[]}"
20221107,2022-11-07,0.0,"{""type"":""MultiPoint"",""coordinates"":[]}"
20221108,2022-11-08,0.0,"{""type"":""MultiPoint"",""coordinates"":[]}"
20221109,2022-11-09,0.0,"{""type"":""MultiPoint"",""coordinates"":[]}"
20221110,2022-11-10,0.02306021885967169,"{""type"":""MultiPoint"",""coordinates"":[]}"
20221111,2022-11-11,0.32952283050501346,"{""type"":""MultiPoint"",""coordinates"":[]}"
20221112,2022-11-12,0.47216695063205794,"{""type"":""MultiPoint"",""coordinates"":[]}"
20221113,2022-11-13,0.6492902718602538,"{""type"":""MultiPoint"",""coordinates"":[]}"
20221114,2022-11-14,0.03556883967741205,"{""type"":""MultiPoint"",""coordinates"":[]}"
20221115,2022-11-15,0.0,"{""type"":""MultiPoint"",""coordinates"":[]}"
20221116,2022-11-16,1.342338949217645,"{""type"":""MultiPoint"",""coordinates"":[]}"
20221117,2022-11-17,0.08397643421493062,"{""type"":""MultiPoint"",""coordinates"":[]}"
20221118,2022-11-18,0.9697898327377178,"{""type"":""MultiPoint"",""coordinates"":[]}"
20221119,2022-11-19,0.023173795492529528,"{""type"":""MultiPoint"",""coordinates"":[]}"
20221120,2022-11-20,5.966734311150462,"{""type"":""MultiPoint"",""coordinates"":[]}"
20221121,2022-11-21,0.13313413941725685,"{""type"":""MultiPoint"",""coordinates"":[]}"
20221122,2022-11-22,7.739308823698432E-4,"{""type"":""MultiPoint"",""coordinates"":[]}"
20221123,2022-11-23,0.3860860929763704,"{""type"":""MultiPoint"",""coordinates"":[]}"
20221124,2022-11-24,0.015585774805868584,"{""type"":""MultiPoint"",""coordinates"":[]}"
20221125,2022-11-25,0.0,"{""type"":""MultiPoint"",""coordinates"":[]}"
20221126,2022-11-26,0.058363442526311565,"{""type"":""MultiPoint"",""coordinates"":[]}"
20221127,2022-11-27,0.025673725816605163,"{""type"":""MultiPoint"",""coordinates"":[]}"
20221128,2022-11-28,0.0,"{""type"":""MultiPoint"",""coordinates"":[]}"
20221129,2022-11-29,0.0,"{""type"":""MultiPoint"",""coordinates"":[]}"
20221130,2022-11-30,0.0,"{""type"":""MultiPoint"",""coordinates"":[]}"
20221201,2022-12-01,0.0,"{""type"":""MultiPoint"",""coordinates"":[]}"
20221202,2022-12-02,0.004068128982502574,"{""type"":""MultiPoint"",""coordinates"":[]}"
20221203,2022-12-03,0.021256790248325042,"{""type"":""MultiPoint"",""coordinates"":[]}"
20221204,2022-12-04,0.0,"{""type"":""MultiPoint"",""coordinates"":[]}"
20221205,2022-12-05,0.0,"{""type"":""MultiPoint"",""coordinates"":[]}"
20221206,2022-12-06,1.275392800774087,"{""type"":""MultiPoint"",""coordinates"":[]}"
20221207,2022-12-07,3.849372098414963,"{""type"":""MultiPoint"",""coordinates"":[]}"
20221208,2022-12-08,0.033480617361258486,"{""type"":""MultiPoint"",""coordinates"":[]}"
20221209,2022-12-09,1.7245296618884962,"{""type"":""MultiPoint"",""coordinates"":[]}"
20221210,2022-12-10,2.793494524908492,"{""type"":""MultiPoint"",""coordinates"":[]}"
20221211,2022-12-11,0.01612467547835354,"{""type"":""MultiPoint"",""coordinates"":[]}"
20221212,2022-12-12,0.8506582891962384,"{""type"":""MultiPoint"",""coordinates"":[]}"
20221213,2022-12-13,0.0,"{""type"":""MultiPoint"",""coordinates"":[]}"
20221214,2022-12-14,0.07762572686519768,"{""type"":""MultiPoint"",""coordinates"":[]}"
20221215,2022-12-15,0.0,"{""type"":""MultiPoint"",""coordinates"":[]}"
20221216,2022-12-16,0.0,"{""type"":""MultiPoint"",""coordinates"":[]}"
20221217,2022-12-17,0.0,"{""type"":""MultiPoint"",""coordinates"":[]}"
20221218,2022-12-18,0.03008408416814904,"{""type"":""MultiPoint"",""coordinates"":[]}"
20221219,2022-12-19,0.0,"{""type"":""MultiPoint"",""coordinates"":[]}"
20221220,2022-12-20,0.0,"{""type"":""MultiPoint"",""coordinates"":[]}"
20221221,2022-12-21,0.013730654162077827,"{""type"":""MultiPoint"",""coordinates"":[]}"
20221222,2022-12-22,0.0014423974454787442,"{""type"":""MultiPoint"",""coordinates"":[]}"
20221223,2022-12-23,0.0,"{""type"":""MultiPoint"",""coordinates"":[]}"
20221224,2022-12-24,0.0,"{""type"":""MultiPoint"",""coordinates"":[]}"
20221225,2022-12-25,0.05256402355036174,"{""type"":""MultiPoint"",""coordinates"":[]}"
20221226,2022-12-26,0.020228996081922145,"{""type"":""MultiPoint"",""coordinates"":[]}"
20221227,2022-12-27,0.0,"{""type"":""MultiPoint"",""coordinates"":[]}"
20221228,2022-12-28,0.0,"{""type"":""MultiPoint"",""coordinates"":[]}"
20221229,2022-12-29,0.0,"{""type"":""MultiPoint"",""coordinates"":[]}"
20221230,2022-12-30,0.0,"{""type"":""MultiPoint"",""coordinates"":[]}"
20221231,2022-12-31,0.0,"{""type"":""MultiPoint"",""coordinates"":[]}"
20230101,2023-01-01,0.0,"{""type"":""MultiPoint"",""coordinates"":[]}"
20230102,2023-01-02,0.0,"{""type"":""MultiPoint"",""coordinates"":[]}"
20230103,2023-01-03,0.0,"{""type"":""MultiPoint"",""coordinates"":[]}"
20230104,2023-01-04,0.0,"{""type"":""MultiPoint"",""coordinates"":[]}"
20230105,2023-01-05,0.14089397522665054,"{""type"":""MultiPoint"",""coordinates"":[]}"
20230106,2023-01-06,0.11664886402750746,"{""type"":""MultiPoint"",""coordinates"":[]}"
20230107,2023-01-07,0.0,"{""type"":""MultiPoint"",""coordinates"":[]}"
20230108,2023-01-08,0.0,"{""type"":""MultiPoint"",""coordinates"":[]}"
20230109,2023-01-09,0.0,"{""type"":""MultiPoint"",""coordinates"":[]}"
20230110,2023-01-10,0.0,"{""type"":""MultiPoint"",""coordinates"":[]}"
20230111,2023-01-11,0.0,"{""type"":""MultiPoint"",""coordinates"":[]}"
20230112,2023-01-12,0.0,"{""type"":""MultiPoint"",""coordinates"":[]}"
20230113,2023-01-13,0.0,"{""type"":""MultiPoint"",""coordinates"":[]}"
20230114,2023-01-14,0.0,"{""type"":""MultiPoint"",""coordinates"":[]}"
20230115,2023-01-15,0.0,"{""type"":""MultiPoint"",""coordinates"":[]}"
20230116,2023-01-16,0.004449411055285174,"{""type"":""MultiPoint"",""coordinates"":[]}"
20230117,2023-01-17,0.0,"{""type"":""MultiPoint"",""coordinates"":[]}"
20230118,2023-01-18,0.0,"{""type"":""MultiPoint"",""coordinates"":[]}"
20230119,2023-01-19,0.012632428970101075,"{""type"":""MultiPoint"",""coordinates"":[]}"
20230120,2023-01-20,0.0,"{""type"":""MultiPoint"",""coordinates"":[]}"
20230121,2023-01-21,0.0,"{""type"":""MultiPoint"",""coordinates"":[]}"
20230122,2023-01-22,0.0,"{""type"":""MultiPoint"",""coordinates"":[]}"
20230123,2023-01-23,0.0,"{""type"":""MultiPoint"",""coordinates"":[]}"
20230124,2023-01-24,0.0,"{""type"":""MultiPoint"",""coordinates"":[]}"
20230125,2023-01-25,0.0,"{""type"":""MultiPoint"",""coordinates"":[]}"
20230126,2023-01-26,0.0,"{""type"":""MultiPoint"",""coordinates"":[]}"
20230127,2023-01-27,0.0,"{""type"":""MultiPoint"",""coordinates"":[]}"
20230128,2023-01-28,0.0,"{""type"":""MultiPoint"",""coordinates"":[]}"
20230129,2023-01-29,0.0,"{""type"":""MultiPoint"",""coordinates"":[]}"
20230130,2023-01-30,0.0,"{""type"":""MultiPoint"",""coordinates"":[]}"
20230131,2023-01-31,0.0,"{""type"":""MultiPoint"",""coordinates"":[]}"
20230201,2023-02-01,0.0,"{""type"":""MultiPoint"",""coordinates"":[]}"
20230202,2023-02-02,0.0042748171796979165,"{""type"":""MultiPoint"",""coordinates"":[]}"
20230203,2023-02-03,0.0,"{""type"":""MultiPoint"",""coordinates"":[]}"
20230204,2023-02-04,0.0,"{""type"":""MultiPoint"",""coordinates"":[]}"
20230205,2023-02-05,0.0,"{""type"":""MultiPoint"",""coordinates"":[]}"
20230206,2023-02-06,0.0,"{""type"":""MultiPoint"",""coordinates"":[]}"
20230207,2023-02-07,0.0,"{""type"":""MultiPoint"",""coordinates"":[]}"
20230208,2023-02-08,0.0,"{""type"":""MultiPoint"",""coordinates"":[]}"
20230209,2023-02-09,0.0,"{""type"":""MultiPoint"",""coordinates"":[]}"
20230210,2023-02-10,0.0,"{""type"":""MultiPoint"",""coordinates"":[]}"
20230211,2023-02-11,0.0,"{""type"":""MultiPoint"",""coordinates"":[]}"
20230212,2023-02-12,0.0,"{""type"":""MultiPoint"",""coordinates"":[]}"
20230213,2023-02-13,0.0,"{""type"":""MultiPoint"",""coordinates"":[]}"
20230214,2023-02-14,0.0,"{""type"":""MultiPoint"",""coordinates"":[]}"
20230215,2023-02-15,0.0,"{""type"":""MultiPoint"",""coordinates"":[]}"
20230216,2023-02-16,0.0,"{""type"":""MultiPoint"",""coordinates"":[]}"
20230217,2023-02-17,0.0,"{""type"":""MultiPoint"",""coordinates"":[]}"
20230218,2023-02-18,0.0,"{""type"":""MultiPoint"",""coordinates"":[]}"
20230219,2023-02-19,0.0,"{""type"":""MultiPoint"",""coordinates"":[]}"
20230220,2023-02-20,0.0,"{""type"":""MultiPoint"",""coordinates"":[]}"
20230221,2023-02-21,0.0,"{""type"":""MultiPoint"",""coordinates"":[]}"
20230222,2023-02-22,0.0,"{""type"":""MultiPoint"",""coordinates"":[]}"
20230223,2023-02-23,0.0,"{""type"":""MultiPoint"",""coordinates"":[]}"
20230224,2023-02-24,0.0,"{""type"":""MultiPoint"",""coordinates"":[]}"
20230225,2023-02-25,0.0,"{""type"":""MultiPoint"",""coordinates"":[]}"
20230226,2023-02-26,0.0,"{""type"":""MultiPoint"",""coordinates"":[]}"
20230227,2023-02-27,0.0,"{""type"":""MultiPoint"",""coordinates"":[]}"
20230228,2023-02-28,0.0,"{""type"":""MultiPoint"",""coordinates"":[]}"
20230301,2023-03-01,0.0,"{""type"":""MultiPoint"",""coordinates"":[]}"
20230302,2023-03-02,0.0,"{""type"":""MultiPoint"",""coordinates"":[]}"
20230303,2023-03-03,0.0,"{""type"":""MultiPoint"",""coordinates"":[]}"
20230304,2023-03-04,0.0,"{""type"":""MultiPoint"",""coordinates"":[]}"
20230305,2023-03-05,0.0018351535222687284,"{""type"":""MultiPoint"",""coordinates"":[]}"
20230306,2023-03-06,0.002314396730681091,"{""type"":""MultiPoint"",""coordinates"":[]}"
20230307,2023-03-07,3.0570509262156924E-4,"{""type"":""MultiPoint"",""coordinates"":[]}"
20230308,2023-03-08,0.0,"{""type"":""MultiPoint"",""coordinates"":[]}"
20230309,2023-03-09,0.06947461894296002,"{""type"":""MultiPoint"",""coordinates"":[]}"
20230310,2023-03-10,0.002451042563904214,"{""type"":""MultiPoint"",""coordinates"":[]}"
20230311,2023-03-11,0.0,"{""type"":""MultiPoint"",""coordinates"":[]}"
20230312,2023-03-12,0.06085467227385683,"{""type"":""MultiPoint"",""coordinates"":[]}"
20230313,2023-03-13,0.0,"{""type"":""MultiPoint"",""coordinates"":[]}"
20230314,2023-03-14,0.23977018066896286,"{""type"":""MultiPoint"",""coordinates"":[]}"
20230315,2023-03-15,1.9849701427770214,"{""type"":""MultiPoint"",""coordinates"":[]}"
20230316,2023-03-16,3.871404506170823,"{""type"":""MultiPoint"",""coordinates"":[]}"
20230317,2023-03-17,1.6987118351797879,"{""type"":""MultiPoint"",""coordinates"":[]}"
20230318,2023-03-18,0.4671451651447842,"{""type"":""MultiPoint"",""coordinates"":[]}"
20230319,2023-03-19,0.0,"{""type"":""MultiPoint"",""coordinates"":[]}"
20230320,2023-03-20,0.0,"{""type"":""MultiPoint"",""coordinates"":[]}"
20230321,2023-03-21,0.0,"{""type"":""MultiPoint"",""coordinates"":[]}"
20230322,2023-03-22,0.0,"{""type"":""MultiPoint"",""coordinates"":[]}"
20230323,2023-03-23,0.0,"{""type"":""MultiPoint"",""coordinates"":[]}"
20230324,2023-03-24,0.0,"{""type"":""MultiPoint"",""coordinates"":[]}"
20230325,2023-03-25,0.4293173666931243,"{""type"":""MultiPoint"",""coordinates"":[]}"
20230326,2023-03-26,0.08908198614874487,"{""type"":""MultiPoint"",""coordinates"":[]}"
20230327,2023-03-27,0.0,"{""type"":""MultiPoint"",""coordinates"":[]}"
20230328,2023-03-28,0.0,"{""type"":""MultiPoint"",""coordinates"":[]}"
20230329,2023-03-29,0.37599032258058995,"{""type"":""MultiPoint"",""coordinates"":[]}"
20230330,2023-03-30,0.01875198097671961,"{""type"":""MultiPoint"",""coordinates"":[]}"
20230331,2023-03-31,0.0,"{""type"":""MultiPoint"",""coordinates"":[]}"
20230401,2023-04-01,0.0,"{""type"":""MultiPoint"",""coordinates"":[]}"
20230402,2023-04-02,0.0,"{""type"":""MultiPoint"",""coordinates"":[]}"
20230403,2023-04-03,0.0,"{""type"":""MultiPoint"",""coordinates"":[]}"
20230404,2023-04-04,0.00502834458164353,"{""type"":""MultiPoint"",""coordinates"":[]}"
20230405,2023-04-05,0.0,"{""type"":""MultiPoint"",""coordinates"":[]}"
20230406,2023-04-06,0.5102770887498991,"{""type"":""MultiPoint"",""coordinates"":[]}"
20230407,2023-04-07,0.4067609679733376,"{""type"":""MultiPoint"",""coordinates"":[]}"
20230408,2023-04-08,0.0,"{""type"":""MultiPoint"",""coordinates"":[]}"
20230409,2023-04-09,0.19457104520111504,"{""type"":""MultiPoint"",""coordinates"":[]}"
20230410,2023-04-10,0.0,"{""type"":""MultiPoint"",""coordinates"":[]}"
20230411,2023-04-11,0.0,"{""type"":""MultiPoint"",""coordinates"":[]}"
20230412,2023-04-12,0.0,"{""type"":""MultiPoint"",""coordinates"":[]}"
20230413,2023-04-13,0.022225426069533386,"{""type"":""MultiPoint"",""coordinates"":[]}"
20230414,2023-04-14,0.02585061663852533,"{""type"":""MultiPoint"",""coordinates"":[]}"
20230415,2023-04-15,0.0,"{""type"":""MultiPoint"",""coordinates"":[]}"
20230416,2023-04-16,0.0,"{""type"":""MultiPoint"",""coordinates"":[]}"
20230417,2023-04-17,0.0,"{""type"":""MultiPoint"",""coordinates"":[]}"
20230418,2023-04-18,0.0,"{""type"":""MultiPoint"",""coordinates"":[]}"
20230419,2023-04-19,0.0,"{""type"":""MultiPoint"",""coordinates"":[]}"
20230420,2023-04-20,0.043946398994899216,"{""type"":""MultiPoint"",""coordinates"":[]}"
20230421,2023-04-21,0.2155404004891453,"{""type"":""MultiPoint"",""coordinates"":[]}"
20230422,2023-04-22,0.5758959715399894,"{""type"":""MultiPoint"",""coordinates"":[]}"
20230423,2023-04-23,0.0,"{""type"":""MultiPoint"",""coordinates"":[]}"
20230424,2023-04-24,5.700197375932709E-4,"{""type"":""MultiPoint"",""coordinates"":[]}"
20230425,2023-04-25,1.0706197506345145,"{""type"":""MultiPoint"",""coordinates"":[]}"
20230426,2023-04-26,3.727598173543727,"{""type"":""MultiPoint"",""coordinates"":[]}"
20230427,2023-04-27,0.0,"{""type"":""MultiPoint"",""coordinates"":[]}"
20230428,2023-04-28,2.0498010045138972,"{""type"":""MultiPoint"",""coordinates"":[]}"
20230429,2023-04-29,3.3417399498874976,"{""type"":""MultiPoint"",""coordinates"":[]}"
20230430,2023-04-30,12.670006771936901,"{""type"":""MultiPoint"",""coordinates"":[]}"
20230501,2023-05-01,0.25893086179884894,"{""type"":""MultiPoint"",""coordinates"":[]}"
20230502,2023-05-02,0.509961160185567,"{""type"":""MultiPoint"",""coordinates"":[]}"
20230503,2023-05-03,0.07938107109535769,"{""type"":""MultiPoint"",""coordinates"":[]}"
20230504,2023-05-04,1.7036693868383577,"{""type"":""MultiPoint"",""coordinates"":[]}"
20230505,2023-05-05,12.0177988239488,"{""type"":""MultiPoint"",""coordinates"":[]}"
20230506,2023-05-06,6.470440382185752,"{""type"":""MultiPoint"",""coordinates"":[]}"
20230507,2023-05-07,3.5246044623477735,"{""type"":""MultiPoint"",""coordinates"":[]}"
20230508,2023-05-08,8.33198947744539,"{""type"":""MultiPoint"",""coordinates"":[]}"
20230509,2023-05-09,3.951411421161621,"{""type"":""MultiPoint"",""coordinates"":[]}"
20230510,2023-05-10,0.17865132619089066,"{""type"":""MultiPoint"",""coordinates"":[]}"
20230511,2023-05-11,1.6239897700153498,"{""type"":""MultiPoint"",""coordinates"":[]}"
20230512,2023-05-12,0.3524335830204724,"{""type"":""MultiPoint"",""coordinates"":[]}"
20230513,2023-05-13,0.35979085798985405,"{""type"":""MultiPoint"",""coordinates"":[]}"
20230514,2023-05-14,0.0,"{""type"":""MultiPoint"",""coordinates"":[]}"
20230515,2023-05-15,0.0,"{""type"":""MultiPoint"",""coordinates"":[]}"
20230516,2023-05-16,0.0,"{""type"":""MultiPoint"",""coordinates"":[]}"
20230517,2023-05-17,0.0,"{""type"":""MultiPoint"",""coordinates"":[]}"
20230518,2023-05-18,0.0,"{""type"":""MultiPoint"",""coordinates"":[]}"
20230519,2023-05-19,0.0,"{""type"":""MultiPoint"",""coordinates"":[]}"
20230520,2023-05-20,0.5794647316718164,"{""type"":""MultiPoint"",""coordinates"":[]}"
20230521,2023-05-21,5.5285665172806695,"{""type"":""MultiPoint"",""coordinates"":[]}"
20230522,2023-05-22,0.7719550899774466,"{""type"":""MultiPoint"",""coordinates"":[]}"
20230523,2023-05-23,0.09382362901898623,"{""type"":""MultiPoint"",""coordinates"":[]}"
20230524,2023-05-24,2.851223718088757,"{""type"":""MultiPoint"",""coordinates"":[]}"
20230525,2023-05-25,0.04888753397755546,"{""type"":""MultiPoint"",""coordinates"":[]}"
20230526,2023-05-26,0.04713309324207179,"{""type"":""MultiPoint"",""coordinates"":[]}"
20230527,2023-05-27,0.3620557793872075,"{""type"":""MultiPoint"",""coordinates"":[]}"
20230528,2023-05-28,0.17392324538596568,"{""type"":""MultiPoint"",""coordinates"":[]}"
20230529,2023-05-29,2.2511866944445615,"{""type"":""MultiPoint"",""coordinates"":[]}"
20230530,2023-05-30,8.918657250297523,"{""type"":""MultiPoint"",""coordinates"":[]}"
20230531,2023-05-31,1.0373692924770288,"{""type"":""MultiPoint"",""coordinates"":[]}"
20230601,2023-06-01,3.826642061079083,"{""type"":""MultiPoint"",""coordinates"":[]}"
20230602,2023-06-02,0.0,"{""type"":""MultiPoint"",""coordinates"":[]}"
20230603,2023-06-03,0.0038559754212767108,"{""type"":""MultiPoint"",""coordinates"":[]}"
20230604,2023-06-04,0.0,"{""type"":""MultiPoint"",""coordinates"":[]}"
20230605,2023-06-05,0.0,"{""type"":""MultiPoint"",""coordinates"":[]}"
20230606,2023-06-06,0.02485485423440298,"{""type"":""MultiPoint"",""coordinates"":[]}"
20230607,2023-06-07,2.0952660713167766,"{""type"":""MultiPoint"",""coordinates"":[]}"
20230608,2023-06-08,0.03841055441458906,"{""type"":""MultiPoint"",""coordinates"":[]}"
20230609,2023-06-09,0.5289283604108448,"{""type"":""MultiPoint"",""coordinates"":[]}"
20230610,2023-06-10,0.5637149330749733,"{""type"":""MultiPoint"",""coordinates"":[]}"
20230611,2023-06-11,0.9213157340604421,"{""type"":""MultiPoint"",""coordinates"":[]}"
20230612,2023-06-12,0.0,"{""type"":""MultiPoint"",""coordinates"":[]}"
20230613,2023-06-13,0.0,"{""type"":""MultiPoint"",""coordinates"":[]}"
20230614,2023-06-14,0.008146863984009534,"{""type"":""MultiPoint"",""coordinates"":[]}"
20230615,2023-06-15,0.0,"{""type"":""MultiPoint"",""coordinates"":[]}"
20230616,2023-06-16,0.0,"{""type"":""MultiPoint"",""coordinates"":[]}"
20230617,2023-06-17,0.07368049718299197,"{""type"":""MultiPoint"",""coordinates"":[]}"
20230618,2023-06-18,1.353545083637624,"{""type"":""MultiPoint"",""coordinates"":[]}"
20230619,2023-06-19,2.921207479705958,"{""type"":""MultiPoint"",""coordinates"":[]}"
20230620,2023-06-20,7.3791567261112965,"{""type"":""MultiPoint"",""coordinates"":[]}"
20230621,2023-06-21,11.922435637724716,"{""type"":""MultiPoint"",""coordinates"":[]}"
20230622,2023-06-22,8.102880379592296,"{""type"":""MultiPoint"",""coordinates"":[]}"
20230623,2023-06-23,11.85369295992999,"{""type"":""MultiPoint"",""coordinates"":[]}"
20230624,2023-06-24,3.4802285133537314,"{""type"":""MultiPoint"",""coordinates"":[]}"
20230625,2023-06-25,9.235630833607416,"{""type"":""MultiPoint"",""coordinates"":[]}"
20230626,2023-06-26,1.4375469428177,"{""type"":""MultiPoint"",""coordinates"":[]}"
20230627,2023-06-27,2.467675528415038,"{""type"":""MultiPoint"",""coordinates"":[]}"
20230628,2023-06-28,0.4136213291785105,"{""type"":""MultiPoint"",""coordinates"":[]}"
20230629,2023-06-29,0.4039072265366674,"{""type"":""MultiPoint"",""coordinates"":[]}"
20230630,2023-06-30,0.0,"{""type"":""MultiPoint"",""coordinates"":[]}"
20230701,2023-07-01,0.7517744525305291,"{""type"":""MultiPoint"",""coordinates"":[]}"
20230702,2023-07-02,4.011126588391317,"{""type"":""MultiPoint"",""coordinates"":[]}"
20230703,2023-07-03,8.049145148847552,"{""type"":""MultiPoint"",""coordinates"":[]}"
20230704,2023-07-04,5.030716497995118,"{""type"":""MultiPoint"",""coordinates"":[]}"
20230705,2023-07-05,2.8240990262185566,"{""type"":""MultiPoint"",""coordinates"":[]}"
20230706,2023-07-06,1.2109859907654201,"{""type"":""MultiPoint"",""coordinates"":[]}"
20230707,2023-07-07,0.11488924716172881,"{""type"":""MultiPoint"",""coordinates"":[]}"
20230708,2023-07-08,1.1056509339465665,"{""type"":""MultiPoint"",""coordinates"":[]}"
20230709,2023-07-09,0.01060376494799101,"{""type"":""MultiPoint"",""coordinates"":[]}"
20230710,2023-07-10,3.976586387091219,"{""type"":""MultiPoint"",""coordinates"":[]}"
20230711,2023-07-11,4.239831487683356,"{""type"":""MultiPoint"",""coordinates"":[]}"
20230712,2023-07-12,4.509378247739515,"{""type"":""MultiPoint"",""coordinates"":[]}"
20230713,2023-07-13,2.868152673980756,"{""type"":""MultiPoint"",""coordinates"":[]}"
20230714,2023-07-14,0.0,"{""type"":""MultiPoint"",""coordinates"":[]}"
20230715,2023-07-15,2.643261256202905,"{""type"":""MultiPoint"",""coordinates"":[]}"
20230716,2023-07-16,9.196300918871735,"{""type"":""MultiPoint"",""coordinates"":[]}"
20230717,2023-07-17,1.4322595930232842,"{""type"":""MultiPoint"",""coordinates"":[]}"
20230718,2023-07-18,6.218426779149402,"{""type"":""MultiPoint"",""coordinates"":[]}"
20230719,2023-07-19,0.8303416164751944,"{""type"":""MultiPoint"",""coordinates"":[]}"
20230720,2023-07-20,10.96239094254464,"{""type"":""MultiPoint"",""coordinates"":[]}"
20230721,2023-07-21,4.017817764229638,"{""type"":""MultiPoint"",""coordinates"":[]}"
20230722,2023-07-22,0.15539720062516596,"{""type"":""MultiPoint"",""coordinates"":[]}"
20230723,2023-07-23,0.8239307373678011,"{""type"":""MultiPoint"",""coordinates"":[]}"
20230724,2023-07-24,19.33431081362155,"{""type"":""MultiPoint"",""coordinates"":[]}"
20230725,2023-07-25,15.6912255181756,"{""type"":""MultiPoint"",""coordinates"":[]}"
20230726,2023-07-26,36.64552992638418,"{""type"":""MultiPoint"",""coordinates"":[]}"
20230727,2023-07-27,17.016566081465502,"{""type"":""MultiPoint"",""coordinates"":[]}"
20230728,2023-07-28,0.0,"{""type"":""MultiPoint"",""coordinates"":[]}"
20230729,2023-07-29,0.0,"{""type"":""MultiPoint"",""coordinates"":[]}"
20230730,2023-07-30,0.0,"{""type"":""MultiPoint"",""coordinates"":[]}"
20230731,2023-07-31,0.31046604684356877,"{""type"":""MultiPoint"",""coordinates"":[]}"
20230801,2023-08-01,0.0,"{""type"":""MultiPoint"",""coordinates"":[]}"
20230802,2023-08-02,0.2228518366108659,"{""type"":""MultiPoint"",""coordinates"":[]}"
20230803,2023-08-03,5.88982378144615,"{""type"":""MultiPoint"",""coordinates"":[]}"
20230804,2023-08-04,0.0,"{""type"":""MultiPoint"",""coordinates"":[]}"
20230805,2023-08-05,0.0,"{""type"":""MultiPoint"",""coordinates"":[]}"
20230806,2023-08-06,0.0,"{""type"":""MultiPoint"",""coordinates"":[]}"
20230807,2023-08-07,2.374185677802457,"{""type"":""MultiPoint"",""coordinates"":[]}"
20230808,2023-08-08,2.482690807235607,"{""type"":""MultiPoint"",""coordinates"":[]}"
20230809,2023-08-09,0.5958384857972273,"{""type"":""MultiPoint"",""coordinates"":[]}"
20230810,2023-08-10,1.3958233628528383,"{""type"":""MultiPoint"",""coordinates"":[]}"
20230811,2023-08-11,4.595006410189806,"{""type"":""MultiPoint"",""coordinates"":[]}"
20230812,2023-08-12,0.7307254903908562,"{""type"":""MultiPoint"",""coordinates"":[]}"
20230813,2023-08-13,0.0,"{""type"":""MultiPoint"",""coordinates"":[]}"
20230814,2023-08-14,1.1931623597217507,"{""type"":""MultiPoint"",""coordinates"":[]}"
20230815,2023-08-15,0.0,"{""type"":""MultiPoint"",""coordinates"":[]}"
20230816,2023-08-16,0.09214154072807328,"{""type"":""MultiPoint"",""coordinates"":[]}"
20230817,2023-08-17,6.313301470693033,"{""type"":""MultiPoint"",""coordinates"":[]}"
20230818,2023-08-18,0.6239868769901682,"{""type"":""MultiPoint"",""coordinates"":[]}"
20230819,2023-08-19,2.508374933959473,"{""type"":""MultiPoint"",""coordinates"":[]}"
20230820,2023-08-20,0.0,"{""type"":""MultiPoint"",""coordinates"":[]}"
20230821,2023-08-21,0.30212036580490864,"{""type"":""MultiPoint"",""coordinates"":[]}"
20230822,2023-08-22,1.0074217849754346,"{""type"":""MultiPoint"",""coordinates"":[]}"
20230823,2023-08-23,1.1759456123556955,"{""type"":""MultiPoint"",""coordinates"":[]}"
20230824,2023-08-24,3.408309441287534,"{""type"":""MultiPoint"",""coordinates"":[]}"
20230825,2023-08-25,1.9634419013044386,"{""type"":""MultiPoint"",""coordinates"":[]}"
20230826,2023-08-26,7.048215801334906,"{""type"":""MultiPoint"",""coordinates"":[]}"
20230827,2023-08-27,0.34117163985606364,"{""type"":""MultiPoint"",""coordinates"":[]}"
20230828,2023-08-28,1.0624444372050976,"{""type"":""MultiPoint"",""coordinates"":[]}"
20230829,2023-08-29,0.0,"{""type"":""MultiPoint"",""coordinates"":[]}"
20230830,2023-08-30,0.6080527250358386,"{""type"":""MultiPoint"",""coordinates"":[]}"
20230831,2023-08-31,0.052180721630054,"{""type"":""MultiPoint"",""coordinates"":[]}"
20230901,2023-09-01,2.981774323543532,"{""type"":""MultiPoint"",""coordinates"":[]}"
20230902,2023-09-02,27.087213726739627,"{""type"":""MultiPoint"",""coordinates"":[]}"
20230903,2023-09-03,24.22305302832013,"{""type"":""MultiPoint"",""coordinates"":[]}"
20230904,2023-09-04,8.057505904932963,"{""type"":""MultiPoint"",""coordinates"":[]}"
20230905,2023-09-05,2.6036989217826045,"{""type"":""MultiPoint"",""coordinates"":[]}"
20230906,2023-09-06,0.3059108366892953,"{""type"":""MultiPoint"",""coordinates"":[]}"
20230907,2023-09-07,1.8482153235760101,"{""type"":""MultiPoint"",""coordinates"":[]}"
20230908,2023-09-08,0.3975647717759398,"{""type"":""MultiPoint"",""coordinates"":[]}"
20230909,2023-09-09,1.8380481529929449,"{""type"":""MultiPoint"",""coordinates"":[]}"
20230910,2023-09-10,4.524490567927835,"{""type"":""MultiPoint"",""coordinates"":[]}"
20230911,2023-09-11,2.6692779147467034,"{""type"":""MultiPoint"",""coordinates"":[]}"
20230912,2023-09-12,0.0,"{""type"":""MultiPoint"",""coordinates"":[]}"
20230913,2023-09-13,0.0705203246437607,"{""type"":""MultiPoint"",""coordinates"":[]}"
20230914,2023-09-14,0.20928046945272072,"{""type"":""MultiPoint"",""coordinates"":[]}"
20230915,2023-09-15,0.0,"{""type"":""MultiPoint"",""coordinates"":[]}"
20230916,2023-09-16,0.0,"{""type"":""MultiPoint"",""coordinates"":[]}"
20230917,2023-09-17,0.0,"{""type"":""MultiPoint"",""coordinates"":[]}"
20230918,2023-09-18,0.03582843455882692,"{""type"":""MultiPoint"",""coordinates"":[]}"
20230919,2023-09-19,0.42953904114991,"{""type"":""MultiPoint"",""coordinates"":[]}"
20230920,2023-09-20,3.8509825021523305,"{""type"":""MultiPoint"",""coordinates"":[]}"
20230921,2023-09-21,6.17005369397774,"{""type"":""MultiPoint"",""coordinates"":[]}"
20230922,2023-09-22,9.587408425100007,"{""type"":""MultiPoint"",""coordinates"":[]}"
20230923,2023-09-23,4.081819453616162,"{""type"":""MultiPoint"",""coordinates"":[]}"
20230924,2023-09-24,7.639478259221552,"{""type"":""MultiPoint"",""coordinates"":[]}"
20230925,2023-09-25,0.9351321281598023,"{""type"":""MultiPoint"",""coordinates"":[]}"
20230926,2023-09-26,2.7368659955406294,"{""type"":""MultiPoint"",""coordinates"":[]}"
20230927,2023-09-27,4.380982720790768,"{""type"":""MultiPoint"",""coordinates"":[]}"
20230928,2023-09-28,4.084643572092844,"{""type"":""MultiPoint"",""coordinates"":[]}"
20230929,2023-09-29,8.001551525149774,"{""type"":""MultiPoint"",""coordinates"":[]}"
20230930,2023-09-30,1.2336510978514459,"{""type"":""MultiPoint"",""coordinates"":[]}"
20231001,2023-10-01,0.5071327553444733,"{""type"":""MultiPoint"",""coordinates"":[]}"
20231002,2023-10-02,0.0,"{""type"":""MultiPoint"",""coordinates"":[]}"
20231003,2023-10-03,0.03703255516565757,"{""type"":""MultiPoint"",""coordinates"":[]}"
20231004,2023-10-04,0.0,"{""type"":""MultiPoint"",""coordinates"":[]}"
20231005,2023-10-05,0.0,"{""type"":""MultiPoint"",""coordinates"":[]}"
20231006,2023-10-06,0.0,"{""type"":""MultiPoint"",""coordinates"":[]}"
20231007,2023-10-07,0.0,"{""type"":""MultiPoint"",""coordinates"":[]}"
20231008,2023-10-08,0.30140663114406746,"{""type"":""MultiPoint"",""coordinates"":[]}"
20231009,2023-10-09,0.09362058183453578,"{""type"":""MultiPoint"",""coordinates"":[]}"
20231010,2023-10-10,0.0783481089487281,"{""type"":""MultiPoint"",""coordinates"":[]}"
20231011,2023-10-11,4.199786733441594,"{""type"":""MultiPoint"",""coordinates"":[]}"
20231012,2023-10-12,0.0,"{""type"":""MultiPoint"",""coordinates"":[]}"
20231013,2023-10-13,0.31925770110431434,"{""type"":""MultiPoint"",""coordinates"":[]}"
20231014,2023-10-14,0.0,"{""type"":""MultiPoint"",""coordinates"":[]}"
20231015,2023-10-15,0.028491735881531137,"{""type"":""MultiPoint"",""coordinates"":[]}"
20231016,2023-10-16,1.492273053618947,"{""type"":""MultiPoint"",""coordinates"":[]}"
20231017,2023-10-17,0.0,"{""type"":""MultiPoint"",""coordinates"":[]}"
20231018,2023-10-18,0.0,"{""type"":""MultiPoint"",""coordinates"":[]}"
20231019,2023-10-19,0.0,"{""type"":""MultiPoint"",""coordinates"":[]}"
20231020,2023-10-20,0.013703728577226387,"{""type"":""MultiPoint"",""coordinates"":[]}"
20231021,2023-10-21,2.904057464117492,"{""type"":""MultiPoint"",""coordinates"":[]}"
20231022,2023-10-22,0.0,"{""type"":""MultiPoint"",""coordinates"":[]}"
20231023,2023-10-23,0.0,"{""type"":""MultiPoint"",""coordinates"":[]}"
20231024,2023-10-24,0.0,"{""type"":""MultiPoint"",""coordinates"":[]}"
20231025,2023-10-25,0.0,"{""type"":""MultiPoint"",""coordinates"":[]}"
20231026,2023-10-26,0.0,"{""type"":""MultiPoint"",""coordinates"":[]}"
20231027,2023-10-27,0.0,"{""type"":""MultiPoint"",""coordinates"":[]}"
20231028,2023-10-28,0.0,"{""type"":""MultiPoint"",""coordinates"":[]}"
20231029,2023-10-29,0.32358273391234466,"{""type"":""MultiPoint"",""coordinates"":[]}"
20231030,2023-10-30,0.11821991551040993,"{""type"":""MultiPoint"",""coordinates"":[]}"
20231031,2023-10-31,0.07153843747687186,"{""type"":""MultiPoint"",""coordinates"":[]}"
20231101,2023-11-01,0.010116990922695602,"{""type"":""MultiPoint"",""coordinates"":[]}"
20231102,2023-11-02,0.04636889364973459,"{""type"":""MultiPoint"",""coordinates"":[]}"
20231103,2023-11-03,0.06759059280751425,"{""type"":""MultiPoint"",""coordinates"":[]}"
20231104,2023-11-04,6.128896501640814,"{""type"":""MultiPoint"",""coordinates"":[]}"
20231105,2023-11-05,2.456699814205373,"{""type"":""MultiPoint"",""coordinates"":[]}"
20231106,2023-11-06,0.6576619496258175,"{""type"":""MultiPoint"",""coordinates"":[]}"
20231107,2023-11-07,5.72548289670453,"{""type"":""MultiPoint"",""coordinates"":[]}"
20231108,2023-11-08,16.40619731735288,"{""type"":""MultiPoint"",""coordinates"":[]}"
20231109,2023-11-09,1.2513293713556275,"{""type"":""MultiPoint"",""coordinates"":[]}"
20231110,2023-11-10,0.0,"{""type"":""MultiPoint"",""coordinates"":[]}"
20231111,2023-11-11,0.0,"{""type"":""MultiPoint"",""coordinates"":[]}"
20231112,2023-11-12,0.06542715150698859,"{""type"":""MultiPoint"",""coordinates"":[]}"
20231113,2023-11-13,0.39199086441835485,"{""type"":""MultiPoint"",""coordinates"":[]}"
20231114,2023-11-14,0.7119733848611224,"{""type"":""MultiPoint"",""coordinates"":[]}"
20231115,2023-11-15,0.19735761674035138,"{""type"":""MultiPoint"",""coordinates"":[]}"
20231116,2023-11-16,0.0,"{""type"":""MultiPoint"",""coordinates"":[]}"
20231117,2023-11-17,0.0,"{""type"":""MultiPoint"",""coordinates"":[]}"
20231118,2023-11-18,0.0,"{""type"":""MultiPoint"",""coordinates"":[]}"
20231119,2023-11-19,0.0,"{""type"":""MultiPoint"",""coordinates"":[]}"
20231120,2023-11-20,0.09520378813203857,"{""type"":""MultiPoint"",""coordinates"":[]}"
20231121,2023-11-21,0.07058470862941205,"{""type"":""MultiPoint"",""coordinates"":[]}"
20231122,2023-11-22,3.238958430763817,"{""type"":""MultiPoint"",""coordinates"":[]}"
20231123,2023-11-23,6.650844698117352E-4,"{""type"":""MultiPoint"",""coordinates"":[]}"
20231124,2023-11-24,0.11743862903176928,"{""type"":""MultiPoint"",""coordinates"":[]}"
20231125,2023-11-25,0.0852264440040378,"{""type"":""MultiPoint"",""coordinates"":[]}"
20231126,2023-11-26,0.05311192171513166,"{""type"":""MultiPoint"",""coordinates"":[]}"
20231127,2023-11-27,0.0,"{""type"":""MultiPoint"",""coordinates"":[]}"
20231128,2023-11-28,0.0,"{""type"":""MultiPoint"",""coordinates"":[]}"
20231129,2023-11-29,0.0,"{""type"":""MultiPoint"",""coordinates"":[]}"
20231130,2023-11-30,0.007407992239139385,"{""type"":""MultiPoint"",""coordinates"":[]}"
20231201,2023-12-01,0.0,"{""type"":""MultiPoint"",""coordinates"":[]}"
20231202,2023-12-02,0.015211191444316282,"{""type"":""MultiPoint"",""coordinates"":[]}"
20231203,2023-12-03,1.4498632556381987,"{""type"":""MultiPoint"",""coordinates"":[]}"
20231204,2023-12-04,5.654884466781716,"{""type"":""MultiPoint"",""coordinates"":[]}"
20231205,2023-12-05,0.571881857026014,"{""type"":""MultiPoint"",""coordinates"":[]}"
20231206,2023-12-06,0.0,"{""type"":""MultiPoint"",""coordinates"":[]}"
20231207,2023-12-07,0.0,"{""type"":""MultiPoint"",""coordinates"":[]}"
20231208,2023-12-08,0.0,"{""type"":""MultiPoint"",""coordinates"":[]}"
20231209,2023-12-09,0.0,"{""type"":""MultiPoint"",""coordinates"":[]}"
20231210,2023-12-10,0.0,"{""type"":""MultiPoint"",""coordinates"":[]}"
20231211,2023-12-11,0.0,"{""type"":""MultiPoint"",""coordinates"":[]}"
20231212,2023-12-12,0.0,"{""type"":""MultiPoint"",""coordinates"":[]}"
20231213,2023-12-13,0.0,"{""type"":""MultiPoint"",""coordinates"":[]}"
20231214,2023-12-14,0.0,"{""type"":""MultiPoint"",""coordinates"":[]}"
20231215,2023-12-15,0.0,"{""type"":""MultiPoint"",""coordinates"":[]}"
20231216,2023-12-16,0.013239768860257975,"{""type"":""MultiPoint"",""coordinates"":[]}"
20231217,2023-12-17,0.0,"{""type"":""MultiPoint"",""coordinates"":[]}"
20231218,2023-12-18,0.0,"{""type"":""MultiPoint"",""coordinates"":[]}"
20231219,2023-12-19,0.0,"{""type"":""MultiPoint"",""coordinates"":[]}"
20231220,2023-12-20,0.0,"{""type"":""MultiPoint"",""coordinates"":[]}"
20231221,2023-12-21,0.0,"{""type"":""MultiPoint"",""coordinates"":[]}"
20231222,2023-12-22,0.0,"{""type"":""MultiPoint"",""coordinates"":[]}"
20231223,2023-12-23,0.0,"{""type"":""MultiPoint"",""coordinates"":[]}"
20231224,2023-12-24,0.0,"{""type"":""MultiPoint"",""coordinates"":[]}"
20231225,2023-12-25,0.0,"{""type"":""MultiPoint"",""coordinates"":[]}"
20231226,2023-12-26,0.0,"{""type"":""MultiPoint"",""coordinates"":[]}"
20231227,2023-12-27,0.0,"{""type"":""MultiPoint"",""coordinates"":[]}"
20231228,2023-12-28,0.0,"{""type"":""MultiPoint"",""coordinates"":[]}"
20231229,2023-12-29,0.0,"{""type"":""MultiPoint"",""coordinates"":[]}"
20231230,2023-12-30,0.0,"{""type"":""MultiPoint"",""coordinates"":[]}"
20231231,2023-12-31,0.0,"{""type"":""MultiPoint"",""coordinates"":[]}"
20240101,2024-01-01,0.0,"{""type"":""MultiPoint"",""coordinates"":[]}"
20240102,2024-01-02,0.0,"{""type"":""MultiPoint"",""coordinates"":[]}"
20240103,2024-01-03,0.0,"{""type"":""MultiPoint"",""coordinates"":[]}"
20240104,2024-01-04,0.08201238112964965,"{""type"":""MultiPoint"",""coordinates"":[]}"
20240105,2024-01-05,0.0,"{""type"":""MultiPoint"",""coordinates"":[]}"
20240106,2024-01-06,0.0,"{""type"":""MultiPoint"",""coordinates"":[]}"
20240107,2024-01-07,0.0,"{""type"":""MultiPoint"",""coordinates"":[]}"
20240108,2024-01-08,0.03320677551855544,"{""type"":""MultiPoint"",""coordinates"":[]}"
20240109,2024-01-09,0.02198118701834732,"{""type"":""MultiPoint"",""coordinates"":[]}"
20240110,2024-01-10,0.0,"{""type"":""MultiPoint"",""coordinates"":[]}"
20240111,2024-01-11,0.011854460672420354,"{""type"":""MultiPoint"",""coordinates"":[]}"
20240112,2024-01-12,0.0,"{""type"":""MultiPoint"",""coordinates"":[]}"
20240113,2024-01-13,0.006895409718462595,"{""type"":""MultiPoint"",""coordinates"":[]}"
20240114,2024-01-14,0.0,"{""type"":""MultiPoint"",""coordinates"":[]}"
20240115,2024-01-15,0.0,"{""type"":""MultiPoint"",""coordinates"":[]}"
20240116,2024-01-16,0.0,"{""type"":""MultiPoint"",""coordinates"":[]}"
20240117,2024-01-17,0.0,"{""type"":""MultiPoint"",""coordinates"":[]}"
20240118,2024-01-18,0.0,"{""type"":""MultiPoint"",""coordinates"":[]}"
20240119,2024-01-19,0.0,"{""type"":""MultiPoint"",""coordinates"":[]}"
20240120,2024-01-20,0.11773841547322218,"{""type"":""MultiPoint"",""coordinates"":[]}"
20240121,2024-01-21,0.0,"{""type"":""MultiPoint"",""coordinates"":[]}"
20240122,2024-01-22,0.0,"{""type"":""MultiPoint"",""coordinates"":[]}"
20240123,2024-01-23,0.0,"{""type"":""MultiPoint"",""coordinates"":[]}"
20240124,2024-01-24,0.012539498259752346,"{""type"":""MultiPoint"",""coordinates"":[]}"
20240125,2024-01-25,0.0,"{""type"":""MultiPoint"",""coordinates"":[]}"
20240126,2024-01-26,0.0,"{""type"":""MultiPoint"",""coordinates"":[]}"
20240127,2024-01-27,0.0,"{""type"":""MultiPoint"",""coordinates"":[]}"
20240128,2024-01-28,0.0,"{""type"":""MultiPoint"",""coordinates"":[]}"
20240129,2024-01-29,0.0,"{""type"":""MultiPoint"",""coordinates"":[]}"
20240130,2024-01-30,0.0,"{""type"":""MultiPoint"",""coordinates"":[]}"
20240131,2024-01-31,0.0,"{""type"":""MultiPoint"",""coordinates"":[]}"
20240201,2024-02-01,0.0,"{""type"":""MultiPoint"",""coordinates"":[]}"
20240202,2024-02-02,0.0,"{""type"":""MultiPoint"",""coordinates"":[]}"
20240203,2024-02-03,0.0,"{""type"":""MultiPoint"",""coordinates"":[]}"
20240204,2024-02-04,0.0,"{""type"":""MultiPoint"",""coordinates"":[]}"
20240205,2024-02-05,0.0,"{""type"":""MultiPoint"",""coordinates"":[]}"
20240206,2024-02-06,0.0,"{""type"":""MultiPoint"",""coordinates"":[]}"
20240207,2024-02-07,0.0,"{""type"":""MultiPoint"",""coordinates"":[]}"
20240208,2024-02-08,0.0,"{""type"":""MultiPoint"",""coordinates"":[]}"
20240209,2024-02-09,0.0,"{""type"":""MultiPoint"",""coordinates"":[]}"
20240210,2024-02-10,0.0,"{""type"":""MultiPoint"",""coordinates"":[]}"
20240211,2024-02-11,0.0,"{""type"":""MultiPoint"",""coordinates"":[]}"
20240212,2024-02-12,0.0,"{""type"":""MultiPoint"",""coordinates"":[]}"
20240213,2024-02-13,0.0,"{""type"":""MultiPoint"",""coordinates"":[]}"
20240214,2024-02-14,0.0,"{""type"":""MultiPoint"",""coordinates"":[]}"
20240215,2024-02-15,0.0,"{""type"":""MultiPoint"",""coordinates"":[]}"
20240216,2024-02-16,0.0,"{""type"":""MultiPoint"",""coordinates"":[]}"
20240217,2024-02-17,0.0,"{""type"":""MultiPoint"",""coordinates"":[]}"
20240218,2024-02-18,0.0,"{""type"":""MultiPoint"",""coordinates"":[]}"
20240219,2024-02-19,0.0,"{""type"":""MultiPoint"",""coordinates"":[]}"
20240220,2024-02-20,0.0,"{""type"":""MultiPoint"",""coordinates"":[]}"
20240221,2024-02-21,0.0,"{""type"":""MultiPoint"",""coordinates"":[]}"
20240222,2024-02-22,0.0,"{""type"":""MultiPoint"",""coordinates"":[]}"
20240223,2024-02-23,0.0,"{""type"":""MultiPoint"",""coordinates"":[]}"
20240224,2024-02-24,0.0,"{""type"":""MultiPoint"",""coordinates"":[]}"
20240225,2024-02-25,0.0,"{""type"":""MultiPoint"",""coordinates"":[]}"
20240226,2024-02-26,0.0,"{""type"":""MultiPoint"",""coordinates"":[]}"
20240227,2024-02-27,0.0,"{""type"":""MultiPoint"",""coordinates"":[]}"
20240228,2024-02-28,0.0,"{""type"":""MultiPoint"",""coordinates"":[]}"
20240229,2024-02-29,0.0,"{""type"":""MultiPoint"",""coordinates"":[]}"
20240301,2024-03-01,0.0,"{""type"":""MultiPoint"",""coordinates"":[]}"
20240302,2024-03-02,0.0,"{""type"":""MultiPoint"",""coordinates"":[]}"
20240303,2024-03-03,0.0,"{""type"":""MultiPoint"",""coordinates"":[]}"
20240304,2024-03-04,0.0,"{""type"":""MultiPoint"",""coordinates"":[]}"
20240305,2024-03-05,0.0,"{""type"":""MultiPoint"",""coordinates"":[]}"
20240306,2024-03-06,0.0,"{""type"":""MultiPoint"",""coordinates"":[]}"
20240307,2024-03-07,0.0,"{""type"":""MultiPoint"",""coordinates"":[]}"
20240308,2024-03-08,0.0,"{""type"":""MultiPoint"",""coordinates"":[]}"
20240309,2024-03-09,0.0,"{""type"":""MultiPoint"",""coordinates"":[]}"
20240310,2024-03-10,0.0,"{""type"":""MultiPoint"",""coordinates"":[]}"
20240311,2024-03-11,0.0,"{""type"":""MultiPoint"",""coordinates"":[]}"
20240312,2024-03-12,0.0,"{""type"":""MultiPoint"",""coordinates"":[]}"
20240313,2024-03-13,0.0,"{""type"":""MultiPoint"",""coordinates"":[]}"
20240314,2024-03-14,0.0,"{""type"":""MultiPoint"",""coordinates"":[]}"
20240315,2024-03-15,0.0,"{""type"":""MultiPoint"",""coordinates"":[]}"
20240316,2024-03-16,0.0,"{""type"":""MultiPoint"",""coordinates"":[]}"
20240317,2024-03-17,0.0,"{""type"":""MultiPoint"",""coordinates"":[]}"
20240318,2024-03-18,0.0,"{""type"":""MultiPoint"",""coordinates"":[]}"
20240319,2024-03-19,0.0,"{""type"":""MultiPoint"",""coordinates"":[]}"
20240320,2024-03-20,0.0,"{""type"":""MultiPoint"",""coordinates"":[]}"
20240321,2024-03-21,0.0,"{""type"":""MultiPoint"",""coordinates"":[]}"
20240322,2024-03-22,0.0,"{""type"":""MultiPoint"",""coordinates"":[]}"
20240323,2024-03-23,0.0,"{""type"":""MultiPoint"",""coordinates"":[]}"
20240324,2024-03-24,0.0,"{""type"":""MultiPoint"",""coordinates"":[]}"
20240325,2024-03-25,0.0,"{""type"":""MultiPoint"",""coordinates"":[]}"
20240326,2024-03-26,0.0,"{""type"":""MultiPoint"",""coordinates"":[]}"
20240327,2024-03-27,0.0,"{""type"":""MultiPoint"",""coordinates"":[]}"
20240328,2024-03-28,0.0,"{""type"":""MultiPoint"",""coordinates"":[]}"
20240329,2024-03-29,0.0,"{""type"":""MultiPoint"",""coordinates"":[]}"
20240330,2024-03-30,0.0,"{""type"":""MultiPoint"",""coordinates"":[]}"
20240331,2024-03-31,0.0,"{""type"":""MultiPoint"",""coordinates"":[]}"
20240401,2024-04-01,0.0,"{""type"":""MultiPoint"",""coordinates"":[]}"
20240402,2024-04-02,0.0,"{""type"":""MultiPoint"",""coordinates"":[]}"
20240403,2024-04-03,0.0,"{""type"":""MultiPoint"",""coordinates"":[]}"
20240404,2024-04-04,0.0,"{""type"":""MultiPoint"",""coordinates"":[]}"
20240405,2024-04-05,0.0,"{""type"":""MultiPoint"",""coordinates"":[]}"
20240406,2024-04-06,0.0,"{""type"":""MultiPoint"",""coordinates"":[]}"
20240407,2024-04-07,0.0,"{""type"":""MultiPoint"",""coordinates"":[]}"
20240408,2024-04-08,0.0,"{""type"":""MultiPoint"",""coordinates"":[]}"
20240409,2024-04-09,0.0,"{""type"":""MultiPoint"",""coordinates"":[]}"
20240410,2024-04-10,0.0,"{""type"":""MultiPoint"",""coordinates"":[]}"
20240411,2024-04-11,2.730000787186951E-4,"{""type"":""MultiPoint"",""coordinates"":[]}"
20240412,2024-04-12,1.7388430284022647,"{""type"":""MultiPoint"",""coordinates"":[]}"
20240413,2024-04-13,2.0986761639595335E-4,"{""type"":""MultiPoint"",""coordinates"":[]}"
20240414,2024-04-14,5.393700325231987E-7,"{""type"":""MultiPoint"",""coordinates"":[]}"
20240415,2024-04-15,2.873860718566614E-8,"{""type"":""MultiPoint"",""coordinates"":[]}"
20240416,2024-04-16,0.0,"{""type"":""MultiPoint"",""coordinates"":[]}"
20240417,2024-04-17,0.006776370161754172,"{""type"":""MultiPoint"",""coordinates"":[]}"
20240418,2024-04-18,2.02441425289103,"{""type"":""MultiPoint"",""coordinates"":[]}"
20240419,2024-04-19,1.7746784150901422,"{""type"":""MultiPoint"",""coordinates"":[]}"
20240420,2024-04-20,4.175075420487687,"{""type"":""MultiPoint"",""coordinates"":[]}"
20240421,2024-04-21,0.0,"{""type"":""MultiPoint"",""coordinates"":[]}"
20240422,2024-04-22,0.0,"{""type"":""MultiPoint"",""coordinates"":[]}"
20240423,2024-04-23,0.0,"{""type"":""MultiPoint"",""coordinates"":[]}"
20240424,2024-04-24,0.0,"{""type"":""MultiPoint"",""coordinates"":[]}"
20240425,2024-04-25,0.0,"{""type"":""MultiPoint"",""coordinates"":[]}"
20240426,2024-04-26,0.0,"{""type"":""MultiPoint"",""coordinates"":[]}"
20240427,2024-04-27,0.0,"{""type"":""MultiPoint"",""coordinates"":[]}"
20240428,2024-04-28,0.0,"{""type"":""MultiPoint"",""coordinates"":[]}"
20240429,2024-04-29,0.0,"{""type"":""MultiPoint"",""coordinates"":[]}"
20240430,2024-04-30,0.0,"{""type"":""MultiPoint"",""coordinates"":[]}"
20240501,2024-05-01,0.0,"{""type"":""MultiPoint"",""coordinates"":[]}"
20240502,2024-05-02,0.0,"{""type"":""MultiPoint"",""coordinates"":[]}"
20240503,2024-05-03,0.0036530880902775056,"{""type"":""MultiPoint"",""coordinates"":[]}"
20240504,2024-05-04,0.0,"{""type"":""MultiPoint"",""coordinates"":[]}"
20240505,2024-05-05,0.18069291278136407,"{""type"":""MultiPoint"",""coordinates"":[]}"
20240506,2024-05-06,1.9809840275895305,"{""type"":""MultiPoint"",""coordinates"":[]}"
20240507,2024-05-07,20.430767030563985,"{""type"":""MultiPoint"",""coordinates"":[]}"
20240508,2024-05-08,0.0,"{""type"":""MultiPoint"",""coordinates"":[]}"
20240509,2024-05-09,3.407466519722053,"{""type"":""MultiPoint"",""coordinates"":[]}"
20240510,2024-05-10,0.09082435503691719,"{""type"":""MultiPoint"",""coordinates"":[]}"
20240511,2024-05-11,0.0,"{""type"":""MultiPoint"",""coordinates"":[]}"
20240512,2024-05-12,1.28797054696206,"{""type"":""MultiPoint"",""coordinates"":[]}"
20240513,2024-05-13,3.051181445956275,"{""type"":""MultiPoint"",""coordinates"":[]}"
20240514,2024-05-14,0.0,"{""type"":""MultiPoint"",""coordinates"":[]}"
20240515,2024-05-15,0.0,"{""type"":""MultiPoint"",""coordinates"":[]}"
20240516,2024-05-16,7.125231336667891,"{""type"":""MultiPoint"",""coordinates"":[]}"
20240517,2024-05-17,1.3418190710517923,"{""type"":""MultiPoint"",""coordinates"":[]}"
20240518,2024-05-18,8.813341840064938,"{""type"":""MultiPoint"",""coordinates"":[]}"
20240519,2024-05-19,2.35477242714278,"{""type"":""MultiPoint"",""coordinates"":[]}"
20240520,2024-05-20,2.31047052558207,"{""type"":""MultiPoint"",""coordinates"":[]}"
20240521,2024-05-21,3.8765827142032694,"{""type"":""MultiPoint"",""coordinates"":[]}"
20240522,2024-05-22,0.0,"{""type"":""MultiPoint"",""coordinates"":[]}"
20240523,2024-05-23,0.142868758976467,"{""type"":""MultiPoint"",""coordinates"":[]}"
20240524,2024-05-24,4.940510653789902,"{""type"":""MultiPoint"",""coordinates"":[]}"
20240525,2024-05-25,13.582653802749508,"{""type"":""MultiPoint"",""coordinates"":[]}"
20240526,2024-05-26,5.551719734606571,"{""type"":""MultiPoint"",""coordinates"":[]}"
20240527,2024-05-27,0.47149800502426914,"{""type"":""MultiPoint"",""coordinates"":[]}"
20240528,2024-05-28,0.17442025769659322,"{""type"":""MultiPoint"",""coordinates"":[]}"
20240529,2024-05-29,0.009403663588822178,"{""type"":""MultiPoint"",""coordinates"":[]}"
20240530,2024-05-30,0.0,"{""type"":""MultiPoint"",""coordinates"":[]}"
20240531,2024-05-31,0.0,"{""type"":""MultiPoint"",""coordinates"":[]}"
20240601,2024-06-01,0.4510566645825504,"{""type"":""MultiPoint"",""coordinates"":[]}"
20240602,2024-06-02,24.192003869567863,"{""type"":""MultiPoint"",""coordinates"":[]}"
20240603,2024-06-03,11.16680182766947,"{""type"":""MultiPoint"",""coordinates"":[]}"
20240604,2024-06-04,1.678883977819475,"{""type"":""MultiPoint"",""coordinates"":[]}"
20240605,2024-06-05,11.47809223843319,"{""type"":""MultiPoint"",""coordinates"":[]}"
20240606,2024-06-06,8.665701365067875,"{""type"":""MultiPoint"",""coordinates"":[]}"
20240607,2024-06-07,22.254944084302586,"{""type"":""MultiPoint"",""coordinates"":[]}"
20240608,2024-06-08,6.0937929734526115,"{""type"":""MultiPoint"",""coordinates"":[]}"
20240609,2024-06-09,3.048556260501933,"{""type"":""MultiPoint"",""coordinates"":[]}"
20240610,2024-06-10,0.41917163685247893,"{""type"":""MultiPoint"",""coordinates"":[]}"
20240611,2024-06-11,4.792073815929272,"{""type"":""MultiPoint"",""coordinates"":[]}"
20240612,2024-06-12,1.8415039180893435,"{""type"":""MultiPoint"",""coordinates"":[]}"
20240613,2024-06-13,2.6734642870658614,"{""type"":""MultiPoint"",""coordinates"":[]}"
20240614,2024-06-14,0.12972548912925502,"{""type"":""MultiPoint"",""coordinates"":[]}"
20240615,2024-06-15,0.17374946770361996,"{""type"":""MultiPoint"",""coordinates"":[]}"
20240616,2024-06-16,0.01877163630406469,"{""type"":""MultiPoint"",""coordinates"":[]}"
20240617,2024-06-17,0.02462917097820805,"{""type"":""MultiPoint"",""coordinates"":[]}"
20240618,2024-06-18,2.6716178843015843,"{""type"":""MultiPoint"",""coordinates"":[]}"
20240619,2024-06-19,3.4482279167359304,"{""type"":""MultiPoint"",""coordinates"":[]}"
20240620,2024-06-20,0.0,"{""type"":""MultiPoint"",""coordinates"":[]}"
20240621,2024-06-21,1.012276880103527,"{""type"":""MultiPoint"",""coordinates"":[]}"
20240622,2024-06-22,0.38387868077948495,"{""type"":""MultiPoint"",""coordinates"":[]}"
20240623,2024-06-23,0.9637775445509249,"{""type"":""MultiPoint"",""coordinates"":[]}"
20240624,2024-06-24,0.0,"{""type"":""MultiPoint"",""coordinates"":[]}"
20240625,2024-06-25,0.07832166298590827,"{""type"":""MultiPoint"",""coordinates"":[]}"
20240626,2024-06-26,5.056485203251239,"{""type"":""MultiPoint"",""coordinates"":[]}"
20240627,2024-06-27,6.299824976217017,"{""type"":""MultiPoint"",""coordinates"":[]}"
20240628,2024-06-28,0.1052226490380414,"{""type"":""MultiPoint"",""coordinates"":[]}"
20240629,2024-06-29,5.194552355140402,"{""type"":""MultiPoint"",""coordinates"":[]}"
20240630,2024-06-30,19.402494131177882,"{""type"":""MultiPoint"",""coordinates"":[]}"
20240701,2024-07-01,1.0334507984527919,"{""type"":""MultiPoint"",""coordinates"":[]}"
20240702,2024-07-02,0.14276660229671356,"{""type"":""MultiPoint"",""coordinates"":[]}"
20240703,2024-07-03,2.729329539581316,"{""type"":""MultiPoint"",""coordinates"":[]}"
20240704,2024-07-04,0.21900759644470233,"{""type"":""MultiPoint"",""coordinates"":[]}"
20240705,2024-07-05,1.470908085038811,"{""type"":""MultiPoint"",""coordinates"":[]}"
20240706,2024-07-06,1.0779901895654305,"{""type"":""MultiPoint"",""coordinates"":[]}"
20240707,2024-07-07,3.384579730985277,"{""type"":""MultiPoint"",""coordinates"":[]}"
20240708,2024-07-08,5.984854456754413,"{""type"":""MultiPoint"",""coordinates"":[]}"
20240709,2024-07-09,0.757030707531644,"{""type"":""MultiPoint"",""coordinates"":[]}"
20240710,2024-07-10,0.09396943002555694,"{""type"":""MultiPoint"",""coordinates"":[]}"
20240711,2024-07-11,0.0,"{""type"":""MultiPoint"",""coordinates"":[]}"
20240712,2024-07-12,9.047704642252265,"{""type"":""MultiPoint"",""coordinates"":[]}"
20240713,2024-07-13,11.05459051018091,"{""type"":""MultiPoint"",""coordinates"":[]}"
20240714,2024-07-14,4.850404028785898,"{""type"":""MultiPoint"",""coordinates"":[]}"
20240715,2024-07-15,3.0884079919886265,"{""type"":""MultiPoint"",""coordinates"":[]}"
20240716,2024-07-16,0.2474415286693189,"{""type"":""MultiPoint"",""coordinates"":[]}"
20240717,2024-07-17,0.3917207379354212,"{""type"":""MultiPoint"",""coordinates"":[]}"
20240718,2024-07-18,5.963570374489827,"{""type"":""MultiPoint"",""coordinates"":[]}"
20240719,2024-07-19,4.9953415565325106,"{""type"":""MultiPoint"",""coordinates"":[]}"
20240720,2024-07-20,18.2119188500823,"{""type"":""MultiPoint"",""coordinates"":[]}"
20240721,2024-07-21,7.4822818447484645,"{""type"":""MultiPoint"",""coordinates"":[]}"
20240722,2024-07-22,0.5055268573437297,"{""type"":""MultiPoint"",""coordinates"":[]}"
20240723,2024-07-23,0.3211285254095691,"{""type"":""MultiPoint"",""coordinates"":[]}"
20240724,2024-07-24,5.692648595657441,"{""type"":""MultiPoint"",""coordinates"":[]}"
20240725,2024-07-25,4.323104890919469,"{""type"":""MultiPoint"",""coordinates"":[]}"
20240726,2024-07-26,0.06524964998583006,"{""type"":""MultiPoint"",""coordinates"":[]}"
20240727,2024-07-27,0.39913850052250144,"{""type"":""MultiPoint"",""coordinates"":[]}"
20240728,2024-07-28,0.1282974839837439,"{""type"":""MultiPoint"",""coordinates"":[]}"
20240729,2024-07-29,0.0,"{""type"":""MultiPoint"",""coordinates"":[]}"
20240730,2024-07-30,0.20877573322133064,"{""type"":""MultiPoint"",""coordinates"":[]}"
20240731,2024-07-31,2.4227995950352232,"{""type"":""MultiPoint"",""coordinates"":[]}"
20240801,2024-08-01,4.533503953449426,"{""type"":""MultiPoint"",""coordinates"":[]}"
20240802,2024-08-02,0.6831076265826548,"{""type"":""MultiPoint"",""coordinates"":[]}"
20240803,2024-08-03,2.2195132429301583,"{""type"":""MultiPoint"",""coordinates"":[]}"
20240804,2024-08-04,0.08004053717246222,"{""type"":""MultiPoint"",""coordinates"":[]}"
20240805,2024-08-05,3.20638502198689,"{""type"":""MultiPoint"",""coordinates"":[]}"
20240806,2024-08-06,13.264491194862503,"{""type"":""MultiPoint"",""coordinates"":[]}"
20240807,2024-08-07,19.232099240242302,"{""type"":""MultiPoint"",""coordinates"":[]}"
20240808,2024-08-08,0.5896818393697182,"{""type"":""MultiPoint"",""coordinates"":[]}"
20240809,2024-08-09,0.7907220342296699,"{""type"":""MultiPoint"",""coordinates"":[]}"
20240810,2024-08-10,5.941274470354015,"{""type"":""MultiPoint"",""coordinates"":[]}"
20240811,2024-08-11,7.231701893078786,"{""type"":""MultiPoint"",""coordinates"":[]}"
20240812,2024-08-12,5.023675465569906,"{""type"":""MultiPoint"",""coordinates"":[]}"
20240813,2024-08-13,1.9983776591576747,"{""type"":""MultiPoint"",""coordinates"":[]}"
20240814,2024-08-14,0.025058574192584348,"{""type"":""MultiPoint"",""coordinates"":[]}"
20240815,2024-08-15,0.09010029729927299,"{""type"":""MultiPoint"",""coordinates"":[]}"
20240816,2024-08-16,4.289369209402527,"{""type"":""MultiPoint"",""coordinates"":[]}"
20240817,2024-08-17,9.818910655047276,"{""type"":""MultiPoint"",""coordinates"":[]}"
20240818,2024-08-18,3.8129835314020846,"{""type"":""MultiPoint"",""coordinates"":[]}"
20240819,2024-08-19,16.849959801434306,"{""type"":""MultiPoint"",""coordinates"":[]}"
20240820,2024-08-20,6.521489393120154,"{""type"":""MultiPoint"",""coordinates"":[]}"
20240821,2024-08-21,17.69514455892037,"{""type"":""MultiPoint"",""coordinates"":[]}"
20240822,2024-08-22,11.354746390966437,"{""type"":""MultiPoint"",""coordinates"":[]}"
20240823,2024-08-23,4.028456828850272,"{""type"":""MultiPoint"",""coordinates"":[]}"
20240824,2024-08-24,5.435655906197933,"{""type"":""MultiPoint"",""coordinates"":[]}"
20240825,2024-08-25,2.6459331816739793,"{""type"":""MultiPoint"",""coordinates"":[]}"
20240826,2024-08-26,1.3010481703152512,"{""type"":""MultiPoint"",""coordinates"":[]}"
20240827,2024-08-27,2.7345594475802075,"{""type"":""MultiPoint"",""coordinates"":[]}"
20240828,2024-08-28,1.0588999714127971,"{""type"":""MultiPoint"",""coordinates"":[]}"
20240829,2024-08-29,3.0282955848891753,"{""type"":""MultiPoint"",""coordinates"":[]}"
20240830,2024-08-30,6.800631261646222,"{""type"":""MultiPoint"",""coordinates"":[]}"
20240831,2024-08-31,25.42903116184087,"{""type"":""MultiPoint"",""coordinates"":[]}"
20240901,2024-09-01,22.747438990530856,"{""type"":""MultiPoint"",""coordinates"":[]}"
20240902,2024-09-02,0.24386929398749002,"{""type"":""MultiPoint"",""coordinates"":[]}"
20240903,2024-09-03,8.184303403643177,"{""type"":""MultiPoint"",""coordinates"":[]}"
20240904,2024-09-04,5.2948168982576576,"{""type"":""MultiPoint"",""coordinates"":[]}"
20240905,2024-09-05,10.474985395020523,"{""type"":""MultiPoint"",""coordinates"":[]}"
20240906,2024-09-06,1.0084411395318358,"{""type"":""MultiPoint"",""coordinates"":[]}"
20240907,2024-09-07,0.18370099823015618,"{""type"":""MultiPoint"",""coordinates"":[]}"
20240908,2024-09-08,0.5609102916632902,"{""type"":""MultiPoint"",""coordinates"":[]}"
20240909,2024-09-09,0.015967023653011257,"{""type"":""MultiPoint"",""coordinates"":[]}"
20240910,2024-09-10,0.0,"{""type"":""MultiPoint"",""coordinates"":[]}"
20240911,2024-09-11,1.2215481970881388,"{""type"":""MultiPoint"",""coordinates"":[]}"
20240912,2024-09-12,0.5724752390418403,"{""type"":""MultiPoint"",""coordinates"":[]}"
20240913,2024-09-13,0.009993491549236838,"{""type"":""MultiPoint"",""coordinates"":[]}"
20240914,2024-09-14,0.07230664351229245,"{""type"":""MultiPoint"",""coordinates"":[]}"
20240915,2024-09-15,0.028742198787124123,"{""type"":""MultiPoint"",""coordinates"":[]}"
20240916,2024-09-16,0.0,"{""type"":""MultiPoint"",""coordinates"":[]}"
20240917,2024-09-17,0.0,"{""type"":""MultiPoint"",""coordinates"":[]}"
20240918,2024-09-18,0.0,"{""type"":""MultiPoint"",""coordinates"":[]}"
20240919,2024-09-19,0.0,"{""type"":""MultiPoint"",""coordinates"":[]}"
20240920,2024-09-20,0.7199177689578199,"{""type"":""MultiPoint"",""coordinates"":[]}"
20240921,2024-09-21,2.5783716094593885,"{""type"":""MultiPoint"",""coordinates"":[]}"
20240922,2024-09-22,3.171851899241641,"{""type"":""MultiPoint"",""coordinates"":[]}"
20240923,2024-09-23,9.403977256721605,"{""type"":""MultiPoint"",""coordinates"":[]}"
20240924,2024-09-24,16.010027946374763,"{""type"":""MultiPoint"",""coordinates"":[]}"
20240925,2024-09-25,12.812158099453697,"{""type"":""MultiPoint"",""coordinates"":[]}"
20240926,2024-09-26,3.610170256851527,"{""type"":""MultiPoint"",""coordinates"":[]}"
20240927,2024-09-27,2.232140520916582,"{""type"":""MultiPoint"",""coordinates"":[]}"
20240928,2024-09-28,0.0,"{""type"":""MultiPoint"",""coordinates"":[]}"
20240929,2024-09-29,1.769964742165852,"{""type"":""MultiPoint"",""coordinates"":[]}"
20240930,2024-09-30,1.0507860216994558,"{""type"":""MultiPoint"",""coordinates"":[]}"
20241001,2024-10-01,2.079769608700248,"{""type"":""MultiPoint"",""coordinates"":[]}"
20241002,2024-10-02,10.673251423037122,"{""type"":""MultiPoint"",""coordinates"":[]}"
20241003,2024-10-03,9.965532000937767,"{""type"":""MultiPoint"",""coordinates"":[]}"
20241004,2024-10-04,8.262152960961428,"{""type"":""MultiPoint"",""coordinates"":[]}"
20241005,2024-10-05,6.930539525871757,"{""type"":""MultiPoint"",""coordinates"":[]}"
20241006,2024-10-06,0.6200280967155124,"{""type"":""MultiPoint"",""coordinates"":[]}"
20241007,2024-10-07,0.03449968472417386,"{""type"":""MultiPoint"",""coordinates"":[]}"
20241008,2024-10-08,0.3532230691009638,"{""type"":""MultiPoint"",""coordinates"":[]}"
20241009,2024-10-09,2.417946291777595,"{""type"":""MultiPoint"",""coordinates"":[]}"
20241010,2024-10-10,1.9860507999335517,"{""type"":""MultiPoint"",""coordinates"":[]}"
20241011,2024-10-11,1.0312807560326183,"{""type"":""MultiPoint"",""coordinates"":[]}"
20241012,2024-10-12,0.4237914301822895,"{""type"":""MultiPoint"",""coordinates"":[]}"
20241013,2024-10-13,0.39646256768144245,"{""type"":""MultiPoint"",""coordinates"":[]}"
20241014,2024-10-14,16.439464701995924,"{""type"":""MultiPoint"",""coordinates"":[]}"
20241015,2024-10-15,17.645135538551912,"{""type"":""MultiPoint"",""coordinates"":[]}"
20241016,2024-10-16,38.50226724530438,"{""type"":""MultiPoint"",""coordinates"":[]}"
20241017,2024-10-17,7.221857291375212,"{""type"":""MultiPoint"",""coordinates"":[]}"
20241018,2024-10-18,6.323477048552054,"{""type"":""MultiPoint"",""coordinates"":[]}"
20241019,2024-10-19,8.70927812139221,"{""type"":""MultiPoint"",""coordinates"":[]}"
20241020,2024-10-20,0.30416423859766245,"{""type"":""MultiPoint"",""coordinates"":[]}"
20241021,2024-10-21,7.76235001361023,"{""type"":""MultiPoint"",""coordinates"":[]}"
20241022,2024-10-22,2.2051725284204258,"{""type"":""MultiPoint"",""coordinates"":[]}"
20241023,2024-10-23,1.4125003532884006,"{""type"":""MultiPoint"",""coordinates"":[]}"
20241024,2024-10-24,0.7983557414984813,"{""type"":""MultiPoint"",""coordinates"":[]}"
20241025,2024-10-25,0.0,"{""type"":""MultiPoint"",""coordinates"":[]}"
20241026,2024-10-26,0.0,"{""type"":""MultiPoint"",""coordinates"":[]}"
20241027,2024-10-27,0.0,"{""type"":""MultiPoint"",""coordinates"":[]}"
20241028,2024-10-28,0.0,"{""type"":""MultiPoint"",""coordinates"":[]}"
20241029,2024-10-29,0.0,"{""type"":""MultiPoint"",""coordinates"":[]}"
20241030,2024-10-30,0.008786139318239104,"{""type"":""MultiPoint"",""coordinates"":[]}"
20241031,2024-10-31,0.8027456084126493,"{""type"":""MultiPoint"",""coordinates"":[]}"
20241101,2024-11-01,0.0,"{""type"":""MultiPoint"",""coordinates"":[]}"
20241102,2024-11-02,0.0,"{""type"":""MultiPoint"",""coordinates"":[]}"
20241103,2024-11-03,0.0,"{""type"":""MultiPoint"",""coordinates"":[]}"
20241104,2024-11-04,0.0,"{""type"":""MultiPoint"",""coordinates"":[]}"
20241105,2024-11-05,0.0,"{""type"":""MultiPoint"",""coordinates"":[]}"
20241106,2024-11-06,0.0,"{""type"":""MultiPoint"",""coordinates"":[]}"
20241107,2024-11-07,0.0,"{""type"":""MultiPoint"",""coordinates"":[]}"
20241108,2024-11-08,0.0,"{""type"":""MultiPoint"",""coordinates"":[]}"
20241109,2024-11-09,0.0,"{""type"":""MultiPoint"",""coordinates"":[]}"
20241110,2024-11-10,0.0,"{""type"":""MultiPoint"",""coordinates"":[]}"
20241111,2024-11-11,0.0,"{""type"":""MultiPoint"",""coordinates"":[]}"
20241112,2024-11-12,0.0,"{""type"":""MultiPoint"",""coordinates"":[]}"
20241113,2024-11-13,0.0,"{""type"":""MultiPoint"",""coordinates"":[]}"
20241114,2024-11-14,2.6107407124944157,"{""type"":""MultiPoint"",""coordinates"":[]}"
20241115,2024-11-15,0.4378788223745287,"{""type"":""MultiPoint"",""coordinates"":[]}"
20241116,2024-11-16,0.0,"{""type"":""MultiPoint"",""coordinates"":[]}"
20241117,2024-11-17,0.0,"{""type"":""MultiPoint"",""coordinates"":[]}"
20241118,2024-11-18,0.0,"{""type"":""MultiPoint"",""coordinates"":[]}"
20241119,2024-11-19,0.0,"{""type"":""MultiPoint"",""coordinates"":[]}"
20241120,2024-11-20,0.0,"{""type"":""MultiPoint"",""coordinates"":[]}"
20241121,2024-11-21,0.0,"{""type"":""MultiPoint"",""coordinates"":[]}"
20241122,2024-11-22,0.0,"{""type"":""MultiPoint"",""coordinates"":[]}"
20241123,2024-11-23,0.006470613406100473,"{""type"":""MultiPoint"",""coordinates"":[]}"
20241124,2024-11-24,0.021264313164583912,"{""type"":""MultiPoint"",""coordinates"":[]}"
20241125,2024-11-25,0.003948079757331169,"{""type"":""MultiPoint"",""coordinates"":[]}"
20241126,2024-11-26,0.20895122930279983,"{""type"":""MultiPoint"",""coordinates"":[]}"
20241127,2024-11-27,1.6294181259193616,"{""type"":""MultiPoint"",""coordinates"":[]}"
20241128,2024-11-28,0.0037933541453347114,"{""type"":""MultiPoint"",""coordinates"":[]}"
20241129,2024-11-29,0.3392378709641024,"{""type"":""MultiPoint"",""coordinates"":[]}"
20241130,2024-11-30,5.708868917558739,"{""type"":""MultiPoint"",""coordinates"":[]}"
20241201,2024-12-01,2.6248797719390358,"{""type"":""MultiPoint"",""coordinates"":[]}"
20241202,2024-12-02,1.2816596858500149,"{""type"":""MultiPoint"",""coordinates"":[]}"
20241203,2024-12-03,0.4323758610934167,"{""type"":""MultiPoint"",""coordinates"":[]}"
20241204,2024-12-04,1.001741612400773,"{""type"":""MultiPoint"",""coordinates"":[]}"
20241205,2024-12-05,1.8409442309862813,"{""type"":""MultiPoint"",""coordinates"":[]}"
20241206,2024-12-06,0.017279162154213847,"{""type"":""MultiPoint"",""coordinates"":[]}"
20241207,2024-12-07,0.0,"{""type"":""MultiPoint"",""coordinates"":[]}"
20241208,2024-12-08,0.0,"{""type"":""MultiPoint"",""coordinates"":[]}"
20241209,2024-12-09,0.0,"{""type"":""MultiPoint"",""coordinates"":[]}"
20241210,2024-12-10,0.016424931479365114,"{""type"":""MultiPoint"",""coordinates"":[]}"
20241211,2024-12-11,0.0,"{""type"":""MultiPoint"",""coordinates"":[]}"
20241212,2024-12-12,7.134796048490474E-4,"{""type"":""MultiPoint"",""coordinates"":[]}"
20241213,2024-12-13,0.0,"{""type"":""MultiPoint"",""coordinates"":[]}"
20241214,2024-12-14,0.0,"{""type"":""MultiPoint"",""coordinates"":[]}"
20241215,2024-12-15,0.0,"{""type"":""MultiPoint"",""coordinates"":[]}"
20241216,2024-12-16,0.0,"{""type"":""MultiPoint"",""coordinates"":[]}"
20241217,2024-12-17,9.013461078555136E-4,"{""type"":""MultiPoint"",""coordinates"":[]}"
20241218,2024-12-18,0.0,"{""type"":""MultiPoint"",""coordinates"":[]}"
20241219,2024-12-19,0.0,"{""type"":""MultiPoint"",""coordinates"":[]}"
20241220,2024-12-20,0.0,"{""type"":""MultiPoint"",""coordinates"":[]}"
20241221,2024-12-21,0.0,"{""type"":""MultiPoint"",""coordinates"":[]}"
20241222,2024-12-22,0.0,"{""type"":""MultiPoint"",""coordinates"":[]}"
20241223,2024-12-23,0.0,"{""type"":""MultiPoint"",""coordinates"":[]}"
20241224,2024-12-24,0.0,"{""type"":""MultiPoint"",""coordinates"":[]}"
20241225,2024-12-25,0.0,"{""type"":""MultiPoint"",""coordinates"":[]}"
20241226,2024-12-26,0.0025044845758212305,"{""type"":""MultiPoint"",""coordinates"":[]}"
20241227,2024-12-27,0.0,"{""type"":""MultiPoint"",""coordinates"":[]}"
20241228,2024-12-28,0.0,"{""type"":""MultiPoint"",""coordinates"":[]}"
20241229,2024-12-29,0.0,"{""type"":""MultiPoint"",""coordinates"":[]}"
20241230,2024-12-30,0.0,"{""type"":""MultiPoint"",""coordinates"":[]}"
20241231,2024-12-31,0.0,"{""type"":""MultiPoint"",""coordinates"":[]}"
20250101,2025-01-01,0.0,"{""type"":""MultiPoint"",""coordinates"":[]}"
20250102,2025-01-02,0.22234642916252592,"{""type"":""MultiPoint"",""coordinates"":[]}"
20250103,2025-01-03,0.024659973660773556,"{""type"":""MultiPoint"",""coordinates"":[]}"
20250104,2025-01-04,0.09975824366759531,"{""type"":""MultiPoint"",""coordinates"":[]}"
20250105,2025-01-05,0.0,"{""type"":""MultiPoint"",""coordinates"":[]}"
20250106,2025-01-06,0.0,"{""type"":""MultiPoint"",""coordinates"":[]}"
20250107,2025-01-07,0.0,"{""type"":""MultiPoint"",""coordinates"":[]}"
20250108,2025-01-08,0.00962303961890811,"{""type"":""MultiPoint"",""coordinates"":[]}"
20250109,2025-01-09,0.0,"{""type"":""MultiPoint"",""coordinates"":[]}"
20250110,2025-01-10,0.114604553821472,"{""type"":""MultiPoint"",""coordinates"":[]}"
20250111,2025-01-11,0.0,"{""type"":""MultiPoint"",""coordinates"":[]}"
20250112,2025-01-12,0.0,"{""type"":""MultiPoint"",""coordinates"":[]}"
20250113,2025-01-13,0.0,"{""type"":""MultiPoint"",""coordinates"":[]}"
20250114,2025-01-14,0.0021098228555185695,"{""type"":""MultiPoint"",""coordinates"":[]}"
20250115,2025-01-15,0.0,"{""type"":""MultiPoint"",""coordinates"":[]}"
20250116,2025-01-16,0.0,"{""type"":""MultiPoint"",""coordinates"":[]}"
20250117,2025-01-17,0.0,"{""type"":""MultiPoint"",""coordinates"":[]}"
20250118,2025-01-18,0.027262624248576627,"{""type"":""MultiPoint"",""coordinates"":[]}"
20250119,2025-01-19,0.0,"{""type"":""MultiPoint"",""coordinates"":[]}"
20250120,2025-01-20,0.0,"{""type"":""MultiPoint"",""coordinates"":[]}"
20250121,2025-01-21,2.768733781162733E-4,"{""type"":""MultiPoint"",""coordinates"":[]}"
20250122,2025-01-22,6.558650732745262E-5,"{""type"":""MultiPoint"",""coordinates"":[]}"
20250123,2025-01-23,0.11903499019761193,"{""type"":""MultiPoint"",""coordinates"":[]}"
20250124,2025-01-24,0.4884403703793915,"{""type"":""MultiPoint"",""coordinates"":[]}"
20250125,2025-01-25,0.19807426692853844,"{""type"":""MultiPoint"",""coordinates"":[]}"
20250126,2025-01-26,0.0,"{""type"":""MultiPoint"",""coordinates"":[]}"
20250127,2025-01-27,0.0,"{""type"":""MultiPoint"",""coordinates"":[]}"
20250128,2025-01-28,0.0,"{""type"":""MultiPoint"",""coordinates"":[]}"
20250129,2025-01-29,0.0,"{""type"":""MultiPoint"",""coordinates"":[]}"
20250130,2025-01-30,0.0,"{""type"":""MultiPoint"",""coordinates"":[]}"
20250131,2025-01-31,0.004441694844843285,"{""type"":""MultiPoint"",""coordinates"":[]}"
20250201,2025-02-01,0.0,"{""type"":""MultiPoint"",""coordinates"":[]}"
20250202,2025-02-02,0.0,"{""type"":""MultiPoint"",""coordinates"":[]}"
20250203,2025-02-03,0.0,"{""type"":""MultiPoint"",""coordinates"":[]}"
20250204,2025-02-04,0.0,"{""type"":""MultiPoint"",""coordinates"":[]}"
20250205,2025-02-05,0.0,"{""type"":""MultiPoint"",""coordinates"":[]}"
20250206,2025-02-06,0.08266165790454892,"{""type"":""MultiPoint"",""coordinates"":[]}"
20250207,2025-02-07,0.15639082587525704,"{""type"":""MultiPoint"",""coordinates"":[]}"
20250208,2025-02-08,0.2838793239726236,"{""type"":""MultiPoint"",""coordinates"":[]}"
20250209,2025-02-09,0.21311853353707846,"{""type"":""MultiPoint"",""coordinates"":[]}"
20250210,2025-02-10,0.03565243259486078,"{""type"":""MultiPoint"",""coordinates"":[]}"
20250211,2025-02-11,0.0,"{""type"":""MultiPoint"",""coordinates"":[]}"
20250212,2025-02-12,0.0,"{""type"":""MultiPoint"",""coordinates"":[]}"
20250213,2025-02-13,0.0,"{""type"":""MultiPoint"",""coordinates"":[]}"
20250214,2025-02-14,0.0,"{""type"":""MultiPoint"",""coordinates"":[]}"
20250215,2025-02-15,0.0,"{""type"":""MultiPoint"",""coordinates"":[]}"
20250216,2025-02-16,0.0,"{""type"":""MultiPoint"",""coordinates"":[]}"
20250217,2025-02-17,0.0,"{""type"":""MultiPoint"",""coordinates"":[]}"
20250218,2025-02-18,0.0,"{""type"":""MultiPoint"",""coordinates"":[]}"
20250219,2025-02-19,0.0,"{""type"":""MultiPoint"",""coordinates"":[]}"
20250220,2025-02-20,0.0,"{""type"":""MultiPoint"",""coordinates"":[]}"
20250221,2025-02-21,0.0,"{""type"":""MultiPoint"",""coordinates"":[]}"
20250222,2025-02-22,0.0,"{""type"":""MultiPoint"",""coordinates"":[]}"
20250223,2025-02-23,0.0,"{""type"":""MultiPoint"",""coordinates"":[]}"
20250224,2025-02-24,0.0,"{""type"":""MultiPoint"",""coordinates"":[]}"
20250225,2025-02-25,0.0017185036453670698,"{""type"":""MultiPoint"",""coordinates"":[]}"
20250226,2025-02-26,0.10564986086971188,"{""type"":""MultiPoint"",""coordinates"":[]}"
20250227,2025-02-27,0.5243458785987922,"{""type"":""MultiPoint"",""coordinates"":[]}"
20250228,2025-02-28,0.10847224414784158,"{""type"":""MultiPoint"",""coordinates"":[]}"
20250301,2025-03-01,0.025694743514639507,"{""type"":""MultiPoint"",""coordinates"":[]}"
20250302,2025-03-02,0.0,"{""type"":""MultiPoint"",""coordinates"":[]}"
20250303,2025-03-03,0.46180727129591104,"{""type"":""MultiPoint"",""coordinates"":[]}"
20250304,2025-03-04,0.17385940811460737,"{""type"":""MultiPoint"",""coordinates"":[]}"
20250305,2025-03-05,0.2792294513410288,"{""type"":""MultiPoint"",""coordinates"":[]}"
20250306,2025-03-06,0.0,"{""type"":""MultiPoint"",""coordinates"":[]}"
20250307,2025-03-07,0.0,"{""type"":""MultiPoint"",""coordinates"":[]}"
20250308,2025-03-08,0.00764478890078526,"{""type"":""MultiPoint"",""coordinates"":[]}"
20250309,2025-03-09,0.0,"{""type"":""MultiPoint"",""coordinates"":[]}"
20250310,2025-03-10,0.14208019280594647,"{""type"":""MultiPoint"",""coordinates"":[]}"
20250311,2025-03-11,0.0,"{""type"":""MultiPoint"",""coordinates"":[]}"
20250312,2025-03-12,0.0,"{""type"":""MultiPoint"",""coordinates"":[]}"
20250313,2025-03-13,0.0065093387806462975,"{""type"":""MultiPoint"",""coordinates"":[]}"
20250314,2025-03-14,0.0,"{""type"":""MultiPoint"",""coordinates"":[]}"
20250315,2025-03-15,0.0,"{""type"":""MultiPoint"",""coordinates"":[]}"
20250316,2025-03-16,0.0,"{""type"":""MultiPoint"",""coordinates"":[]}"
20250317,2025-03-17,0.0,"{""type"":""MultiPoint"",""coordinates"":[]}"
20250318,2025-03-18,0.0,"{""type"":""MultiPoint"",""coordinates"":[]}"
20250319,2025-03-19,0.0,"{""type"":""MultiPoint"",""coordinates"":[]}"
20250320,2025-03-20,0.0,"{""type"":""MultiPoint"",""coordinates"":[]}"
20250321,2025-03-21,0.0,"{""type"":""MultiPoint"",""coordinates"":[]}"
20250322,2025-03-22,0.692870412525619,"{""type"":""MultiPoint"",""coordinates"":[]}"
20250323,2025-03-23,0.0,"{""type"":""MultiPoint"",""coordinates"":[]}"
20250324,2025-03-24,0.006357527710432729,"{""type"":""MultiPoint"",""coordinates"":[]}"
20250325,2025-03-25,0.0,"{""type"":""MultiPoint"",""coordinates"":[]}"
20250326,2025-03-26,0.09421773081343779,"{""type"":""MultiPoint"",""coordinates"":[]}"
20250327,2025-03-27,0.0,"{""type"":""MultiPoint"",""coordinates"":[]}"
20250328,2025-03-28,0.016519536231224298,"{""type"":""MultiPoint"",""coordinates"":[]}"
20250329,2025-03-29,0.0053153166096288375,"{""type"":""MultiPoint"",""coordinates"":[]}"
20250330,2025-03-30,0.0,"{""type"":""MultiPoint"",""coordinates"":[]}"
20250331,2025-03-31,0.0,"{""type"":""MultiPoint"",""coordinates"":[]}"
20250401,2025-04-01,0.0,"{""type"":""MultiPoint"",""coordinates"":[]}"
20250402,2025-04-02,1.8898102933119192E-4,"{""type"":""MultiPoint"",""coordinates"":[]}"
20250403,2025-04-03,2.637169232345142,"{""type"":""MultiPoint"",""coordinates"":[]}"
20250404,2025-04-04,0.03961646104107379,"{""type"":""MultiPoint"",""coordinates"":[]}"
20250405,2025-04-05,0.05553052487359083,"{""type"":""MultiPoint"",""coordinates"":[]}"
20250406,2025-04-06,0.0,"{""type"":""MultiPoint"",""coordinates"":[]}"
20250407,2025-04-07,0.0,"{""type"":""MultiPoint"",""coordinates"":[]}"
20250408,2025-04-08,0.0,"{""type"":""MultiPoint"",""coordinates"":[]}"
20250409,2025-04-09,0.0,"{""type"":""MultiPoint"",""coordinates"":[]}"
20250410,2025-04-10,0.7334234959330208,"{""type"":""MultiPoint"",""coordinates"":[]}"
20250411,2025-04-11,0.0,"{""type"":""MultiPoint"",""coordinates"":[]}"
20250412,2025-04-12,0.0,"{""type"":""MultiPoint"",""coordinates"":[]}"
20250413,2025-04-13,0.0,"{""type"":""MultiPoint"",""coordinates"":[]}"
20250414,2025-04-14,0.0,"{""type"":""MultiPoint"",""coordinates"":[]}"
20250415,2025-04-15,0.0,"{""type"":""MultiPoint"",""coordinates"":[]}"
20250416,2025-04-16,0.0,"{""type"":""MultiPoint"",""coordinates"":[]}"
20250417,2025-04-17,0.25293417127578904,"{""type"":""MultiPoint"",""coordinates"":[]}"
20250418,2025-04-18,3.7916860621557755,"{""type"":""MultiPoint"",""coordinates"":[]}"
20250419,2025-04-19,0.0790871320308176,"{""type"":""MultiPoint"",""coordinates"":[]}"
20250420,2025-04-20,7.380864492290382,"{""type"":""MultiPoint"",""coordinates"":[]}"
20250421,2025-04-21,0.0,"{""type"":""MultiPoint"",""coordinates"":[]}"
20250422,2025-04-22,0.0,"{""type"":""MultiPoint"",""coordinates"":[]}"
20250423,2025-04-23,0.0,"{""type"":""MultiPoint"",""coordinates"":[]}"
20250424,2025-04-24,0.051797285041169275,"{""type"":""MultiPoint"",""coordinates"":[]}"
20250425,2025-04-25,3.5013687651591257,"{""type"":""MultiPoint"",""coordinates"":[]}"
20250426,2025-04-26,0.7627305069072412,"{""type"":""MultiPoint"",""coordinates"":[]}"
20250427,2025-04-27,17.037346751307243,"{""type"":""MultiPoint"",""coordinates"":[]}"
20250428,2025-04-28,0.0,"{""type"":""MultiPoint"",""coordinates"":[]}"
20250429,2025-04-29,0.0,"{""type"":""MultiPoint"",""coordinates"":[]}"
20250430,2025-04-30,3.329412721472857,"{""type"":""MultiPoint"",""coordinates"":[]}"
20250501,2025-05-01,0.46832866947079255,"{""type"":""MultiPoint"",""coordinates"":[]}"
20250502,2025-05-02,9.527154040401097,"{""type"":""MultiPoint"",""coordinates"":[]}"
20250503,2025-05-03,0.4599394964512409,"{""type"":""MultiPoint"",""coordinates"":[]}"
20250504,2025-05-04,0.0,"{""type"":""MultiPoint"",""coordinates"":[]}"
20250505,2025-05-05,0.0,"{""type"":""MultiPoint"",""coordinates"":[]}"
20250506,2025-05-06,0.24262775099430617,"{""type"":""MultiPoint"",""coordinates"":[]}"
20250507,2025-05-07,0.677723127728048,"{""type"":""MultiPoint"",""coordinates"":[]}"
20250508,2025-05-08,0.08460297575067938,"{""type"":""MultiPoint"",""coordinates"":[]}"
20250509,2025-05-09,0.14840702405073553,"{""type"":""MultiPoint"",""coordinates"":[]}"
20250510,2025-05-10,4.705505728650575,"{""type"":""MultiPoint"",""coordinates"":[]}"
20250511,2025-05-11,0.0,"{""type"":""MultiPoint"",""coordinates"":[]}"
20250512,2025-05-12,1.9311724132607087,"{""type"":""MultiPoint"",""coordinates"":[]}"
20250513,2025-05-13,5.061883762094222,"{""type"":""MultiPoint"",""coordinates"":[]}"
20250514,2025-05-14,13.73127367435454,"{""type"":""MultiPoint"",""coordinates"":[]}"
20250515,2025-05-15,4.09356840203702,"{""type"":""MultiPoint"",""coordinates"":[]}"
20250516,2025-05-16,0.30666511584017975,"{""type"":""MultiPoint"",""coordinates"":[]}"
20250517,2025-05-17,2.6956560586112928,"{""type"":""MultiPoint"",""coordinates"":[]}"
20250518,2025-05-18,4.292024442212205,"{""type"":""MultiPoint"",""coordinates"":[]}"
20250519,2025-05-19,3.289234363629655,"{""type"":""MultiPoint"",""coordinates"":[]}"
20250520,2025-05-20,36.92593977932863,"{""type"":""MultiPoint"",""coordinates"":[]}"
20250521,2025-05-21,21.07677870194803,"{""type"":""MultiPoint"",""coordinates"":[]}"
20250522,2025-05-22,0.11541054537040703,"{""type"":""MultiPoint"",""coordinates"":[]}"
20250523,2025-05-23,0.0,"{""type"":""MultiPoint"",""coordinates"":[]}"
20250524,2025-05-24,4.8714274317438955,"{""type"":""MultiPoint"",""coordinates"":[]}"
20250525,2025-05-25,7.97998795149952,"{""type"":""MultiPoint"",""coordinates"":[]}"
20250526,2025-05-26,0.6549795490409901,"{""type"":""MultiPoint"",""coordinates"":[]}"
20250527,2025-05-27,4.94350829977573,"{""type"":""MultiPoint"",""coordinates"":[]}"
20250528,2025-05-28,4.059099958413106,"{""type"":""MultiPoint"",""coordinates"":[]}"
20250529,2025-05-29,1.4633532562136815,"{""type"":""MultiPoint"",""coordinates"":[]}"
20250530,2025-05-30,6.588532425164326,"{""type"":""MultiPoint"",""coordinates"":[]}"
20250531,2025-05-31,1.1389517929662838,"{""type"":""MultiPoint"",""coordinates"":[]}"
20250601,2025-06-01,0.0655597722120715,"{""type"":""MultiPoint"",""coordinates"":[]}"
20250602,2025-06-02,0.0,"{""type"":""MultiPoint"",""coordinates"":[]}"
20250603,2025-06-03,0.0,"{""type"":""MultiPoint"",""coordinates"":[]}"
20250604,2025-06-04,0.0,"{""type"":""MultiPoint"",""coordinates"":[]}"
20250605,2025-06-05,0.0,"{""type"":""MultiPoint"",""coordinates"":[]}"
20250606,2025-06-06,0.0,"{""type"":""MultiPoint"",""coordinates"":[]}"
20250607,2025-06-07,3.7355539687591484,"{""type"":""MultiPoint"",""coordinates"":[]}"
20250608,2025-06-08,5.9399524974443905,"{""type"":""MultiPoint"",""coordinates"":[]}"
20250609,2025-06-09,0.0,"{""type"":""MultiPoint"",""coordinates"":[]}"
20250610,2025-06-10,4.555875185478498E-4,"{""type"":""MultiPoint"",""coordinates"":[]}"
20250611,2025-06-11,13.844003677137065,"{""type"":""MultiPoint"",""coordinates"":[]}"
20250612,2025-06-12,7.906938813115243,"{""type"":""MultiPoint"",""coordinates"":[]}"
20250613,2025-06-13,0.004582139330786791,"{""type"":""MultiPoint"",""coordinates"":[]}"
20250614,2025-06-14,2.7881651370490728,"{""type"":""MultiPoint"",""coordinates"":[]}"
20250615,2025-06-15,0.5867858542642864,"{""type"":""MultiPoint"",""coordinates"":[]}"
20250616,2025-06-16,0.0,"{""type"":""MultiPoint"",""coordinates"":[]}"
20250617,2025-06-17,0.0019528448957618343,"{""type"":""MultiPoint"",""coordinates"":[]}"
20250618,2025-06-18,0.0,"{""type"":""MultiPoint"",""coordinates"":[]}"
20250619,2025-06-19,0.06799226050029034,"{""type"":""MultiPoint"",""coordinates"":[]}"
20250620,2025-06-20,0.7268472883647905,"{""type"":""MultiPoint"",""coordinates"":[]}"
20250621,2025-06-21,0.4015277073233573,"{""type"":""MultiPoint"",""coordinates"":[]}"
20250622,2025-06-22,0.5482565306877991,"{""type"":""MultiPoint"",""coordinates"":[]}"
20250623,2025-06-23,0.3062631859697632,"{""type"":""MultiPoint"",""coordinates"":[]}"
20250624,2025-06-24,0.6955817192918787,"{""type"":""MultiPoint"",""coordinates"":[]}"
20250625,2025-06-25,2.4933954516577126,"{""type"":""MultiPoint"",""coordinates"":[]}"
20250626,2025-06-26,0.0,"{""type"":""MultiPoint"",""coordinates"":[]}"
20250627,2025-06-27,0.08622824684776875,"{""type"":""MultiPoint"",""coordinates"":[]}"
20250628,2025-06-28,0.0,"{""type"":""MultiPoint"",""coordinates"":[]}"
20250629,2025-06-29,0.5923471398590264,"{""type"":""MultiPoint"",""coordinates"":[]}"
20250630,2025-06-30,5.894510931701804,"{""type"":""MultiPoint"",""coordinates"":[]}"
20250701,2025-07-01,4.866918159481029,"{""type"":""MultiPoint"",""coordinates"":[]}"
20250702,2025-07-02,0.6392963026474443,"{""type"":""MultiPoint"",""coordinates"":[]}"
20250703,2025-07-03,8.39486779219067,"{""type"":""MultiPoint"",""coordinates"":[]}"
20250704,2025-07-04,0.30354565714613313,"{""type"":""MultiPoint"",""coordinates"":[]}"
20250705,2025-07-05,0.30612885787147603,"{""type"":""MultiPoint"",""coordinates"":[]}"
20250706,2025-07-06,2.1612673027420537,"{""type"":""MultiPoint"",""coordinates"":[]}"
20250707,2025-07-07,0.05315437864906405,"{""type"":""MultiPoint"",""coordinates"":[]}"
20250708,2025-07-08,0.7493237539945209,"{""type"":""MultiPoint"",""coordinates"":[]}"
20250709,2025-07-09,0.0,"{""type"":""MultiPoint"",""coordinates"":[]}"
20250710,2025-07-10,0.0,"{""type"":""MultiPoint"",""coordinates"":[]}"
20250711,2025-07-11,0.006538215200939868,"{""type"":""MultiPoint"",""coordinates"":[]}"
20250712,2025-07-12,0.0,"{""type"":""MultiPoint"",""coordinates"":[]}"
20250713,2025-07-13,0.16777577807297153,"{""type"":""MultiPoint"",""coordinates"":[]}"
20250714,2025-07-14,0.19185178971637085,"{""type"":""MultiPoint"",""coordinates"":[]}"
20250715,2025-07-15,0.0021046205316427704,"{""type"":""MultiPoint"",""coordinates"":[]}"
20250716,2025-07-16,0.3025115831224211,"{""type"":""MultiPoint"",""coordinates"":[]}"
20250717,2025-07-17,13.834336684256996,"{""type"":""MultiPoint"",""coordinates"":[]}"
20250718,2025-07-18,12.265957871916452,"{""type"":""MultiPoint"",""coordinates"":[]}"
20250719,2025-07-19,1.7115842739942961,"{""type"":""MultiPoint"",""coordinates"":[]}"
20250720,2025-07-20,11.994059622646503,"{""type"":""MultiPoint"",""coordinates"":[]}"
20250721,2025-07-21,9.572925521515334,"{""type"":""MultiPoint"",""coordinates"":[]}"
20250722,2025-07-22,0.0081566558706078,"{""type"":""MultiPoint"",""coordinates"":[]}"
20250723,2025-07-23,2.8579285845989735,"{""type"":""MultiPoint"",""coordinates"":[]}"
20250724,2025-07-24,0.7164354790875432,"{""type"":""MultiPoint"",""coordinates"":[]}"
20250725,2025-07-25,7.630409512327852,"{""type"":""MultiPoint"",""coordinates"":[]}"
20250726,2025-07-26,4.482224662773349,"{""type"":""MultiPoint"",""coordinates"":[]}"
20250727,2025-07-27,0.07674038527687035,"{""type"":""MultiPoint"",""coordinates"":[]}"
20250728,2025-07-28,0.0,"{""type"":""MultiPoint"",""coordinates"":[]}"
20250729,2025-07-29,0.06198495355027876,"{""type"":""MultiPoint"",""coordinates"":[]}"
20250730,2025-07-30,0.3145886160109436,"{""type"":""MultiPoint"",""coordinates"":[]}"
20250731,2025-07-31,0.0,"{""type"":""MultiPoint"",""coordinates"":[]}"
20250801,2025-08-01,0.0,"{""type"":""MultiPoint"",""coordinates"":[]}"
20250802,2025-08-02,0.019987431695140886,"{""type"":""MultiPoint"",""coordinates"":[]}"
20250803,2025-08-03,5.175220199619039,"{""type"":""MultiPoint"",""coordinates"":[]}"
20250804,2025-08-04,5.37459565173033,"{""type"":""MultiPoint"",""coordinates"":[]}"
20250805,2025-08-05,6.158674483683722,"{""type"":""MultiPoint"",""coordinates"":[]}"
20250806,2025-08-06,0.07890414073953515,"{""type"":""MultiPoint"",""coordinates"":[]}"
20250807,2025-08-07,32.60226758026117,"{""type"":""MultiPoint"",""coordinates"":[]}"
20250808,2025-08-08,11.122156075787835,"{""type"":""MultiPoint"",""coordinates"":[]}"
20250809,2025-08-09,3.070957533924664,"{""type"":""MultiPoint"",""coordinates"":[]}"
20250810,2025-08-10,8.350345566328807,"{""type"":""MultiPoint"",""coordinates"":[]}"
20250811,2025-08-11,8.378363088710499,"{""type"":""MultiPoint"",""coordinates"":[]}"
20250812,2025-08-12,14.777883145658176,"{""type"":""MultiPoint"",""coordinates"":[]}"
20250813,2025-08-13,23.644853936849774,"{""type"":""MultiPoint"",""coordinates"":[]}"
20250814,2025-08-14,0.5210475912426022,"{""type"":""MultiPoint"",""coordinates"":[]}"
20250815,2025-08-15,3.2283258948131786,"{""type"":""MultiPoint"",""coordinates"":[]}"
20250816,2025-08-16,3.7020496686464646,"{""type"":""MultiPoint"",""coordinates"":[]}"
20250817,2025-08-17,10.690210876988939,"{""type"":""MultiPoint"",""coordinates"":[]}"
20250818,2025-08-18,12.77939837090511,"{""type"":""MultiPoint"",""coordinates"":[]}"
20250819,2025-08-19,0.02615732108886397,"{""type"":""MultiPoint"",""coordinates"":[]}"
20250820,2025-08-20,0.0,"{""type"":""MultiPoint"",""coordinates"":[]}"
20250821,2025-08-21,0.0,"{""type"":""MultiPoint"",""coordinates"":[]}"
20250822,2025-08-22,1.0674109286615643,"{""type"":""MultiPoint"",""coordinates"":[]}"
20250823,2025-08-23,2.4707813176582625,"{""type"":""MultiPoint"",""coordinates"":[]}"
20250824,2025-08-24,0.021763589437150833,"{""type"":""MultiPoint"",""coordinates"":[]}"
20250825,2025-08-25,0.0881640257738359,"{""type"":""MultiPoint"",""coordinates"":[]}"
20250826,2025-08-26,5.764617656212244,"{""type"":""MultiPoint"",""coordinates"":[]}"
20250827,2025-08-27,15.906268007920534,"{""type"":""MultiPoint"",""coordinates"":[]}"
20250828,2025-08-28,15.45798752003392,"{""type"":""MultiPoint"",""coordinates"":[]}"
20250829,2025-08-29,0.8131847229942288,"{""type"":""MultiPoint"",""coordinates"":[]}"
20250830,2025-08-30,4.391701188331772,"{""type"":""MultiPoint"",""coordinates"":[]}"
20250831,2025-08-31,0.12468616946615224,"{""type"":""MultiPoint"",""coordinates"":[]}"
20250901,2025-09-01,1.5422994821459763,"{""type"":""MultiPoint"",""coordinates"":[]}"
20250902,2025-09-02,4.9867756213190875,"{""type"":""MultiPoint"",""coordinates"":[]}"
20250903,2025-09-03,0.0028962451099443006,"{""type"":""MultiPoint"",""coordinates"":[]}"
20250904,2025-09-04,0.0,"{""type"":""MultiPoint"",""coordinates"":[]}"
20250905,2025-09-05,0.0,"{""type"":""MultiPoint"",""coordinates"":[]}"
20250906,2025-09-06,0.0,"{""type"":""MultiPoint"",""coordinates"":[]}"
20250907,2025-09-07,0.14019654415474317,"{""type"":""MultiPoint"",""coordinates"":[]}"
20250908,2025-09-08,0.024939327950956637,"{""type"":""MultiPoint"",""coordinates"":[]}"
20250909,2025-09-09,0.37738241495505054,"{""type"":""MultiPoint"",""coordinates"":[]}"
20250910,2025-09-10,13.037810147109607,"{""type"":""MultiPoint"",""coordinates"":[]}"
20250911,2025-09-11,8.002108017679035,"{""type"":""MultiPoint"",""coordinates"":[]}"
20250912,2025-09-12,19.939325500383596,"{""type"":""MultiPoint"",""coordinates"":[]}"
20250913,2025-09-13,19.75177998097738,"{""type"":""MultiPoint"",""coordinates"":[]}"
20250914,2025-09-14,0.901100468589184,"{""type"":""MultiPoint"",""coordinates"":[]}"
20250915,2025-09-15,0.0,"{""type"":""MultiPoint"",""coordinates"":[]}"
20250916,2025-09-16,8.429904810022526,"{""type"":""MultiPoint"",""coordinates"":[]}"
20250917,2025-09-17,5.947602080162395,"{""type"":""MultiPoint"",""coordinates"":[]}"
20250918,2025-09-18,4.930107520006975,"{""type"":""MultiPoint"",""coordinates"":[]}"
20250919,2025-09-19,5.1056498386770155,"{""type"":""MultiPoint"",""coordinates"":[]}"
20250920,2025-09-20,14.07879388816032,"{""type"":""MultiPoint"",""coordinates"":[]}"
20250921,2025-09-21,16.269930476321466,"{""type"":""MultiPoint"",""coordinates"":[]}"
20250922,2025-09-22,9.50968170250647,"{""type"":""MultiPoint"",""coordinates"":[]}"
20250923,2025-09-23,2.726792187617628,"{""type"":""MultiPoint"",""coordinates"":[]}"
20250924,2025-09-24,0.0,"{""type"":""MultiPoint"",""coordinates"":[]}"
20250925,2025-09-25,0.0,"{""type"":""MultiPoint"",""coordinates"":[]}"
20250926,2025-09-26,13.097305641120984,"{""type"":""MultiPoint"",""coordinates"":[]}"
20250927,2025-09-27,2.0872566012765197,"{""type"":""MultiPoint"",""coordinates"":[]}"
20250928,2025-09-28,0.045543935560012315,"{""type"":""MultiPoint"",""coordinates"":[]}"
20250929,2025-09-29,8.102657646171293,"{""type"":""MultiPoint"",""coordinates"":[]}"
20250930,2025-09-30,0.0,"{""type"":""MultiPoint"",""coordinates"":[]}"
20251001,2025-10-01,2.6455214603081108,"{""type"":""MultiPoint"",""coordinates"":[]}"
20251002,2025-10-02,0.5813560907841467,"{""type"":""MultiPoint"",""coordinates"":[]}"
20251003,2025-10-03,0.0,"{""type"":""MultiPoint"",""coordinates"":[]}"
20251004,2025-10-04,0.0,"{""type"":""MultiPoint"",""coordinates"":[]}"
20251005,2025-10-05,1.9810682694198956,"{""type"":""MultiPoint"",""coordinates"":[]}"
20251006,2025-10-06,2.641202654186407,"{""type"":""MultiPoint"",""coordinates"":[]}"
20251007,2025-10-07,1.9954961495407728,"{""type"":""MultiPoint"",""coordinates"":[]}"
20251008,2025-10-08,18.234865566579433,"{""type"":""MultiPoint"",""coordinates"":[]}"
20251009,2025-10-09,11.12731762600649,"{""type"":""MultiPoint"",""coordinates"":[]}"
20251010,2025-10-10,10.361926078641101,"{""type"":""MultiPoint"",""coordinates"":[]}"
20251011,2025-10-11,1.5043682288412763,"{""type"":""MultiPoint"",""coordinates"":[]}"
20251012,2025-10-12,1.5308213746615864,"{""type"":""MultiPoint"",""coordinates"":[]}"
20251013,2025-10-13,2.3108577310072054,"{""type"":""MultiPoint"",""coordinates"":[]}"
20251014,2025-10-14,0.7868663416358269,"{""type"":""MultiPoint"",""coordinates"":[]}"
20251015,2025-10-15,0.029853116743873278,"{""type"":""MultiPoint"",""coordinates"":[]}"
20251016,2025-10-16,5.922016724318847,"{""type"":""MultiPoint"",""coordinates"":[]}"
20251017,2025-10-17,0.0,"{""type"":""MultiPoint"",""coordinates"":[]}"
20251018,2025-10-18,0.007142757844637309,"{""type"":""MultiPoint"",""coordinates"":[]}"
20251019,2025-10-19,0.8995691664437248,"{""type"":""MultiPoint"",""coordinates"":[]}"
20251020,2025-10-20,0.7760700860809329,"{""type"":""MultiPoint"",""coordinates"":[]}"
20251021,2025-10-21,12.92221320766207,"{""type"":""MultiPoint"",""coordinates"":[]}"
20251022,2025-10-22,16.769751250417915,"{""type"":""MultiPoint"",""coordinates"":[]}"
20251023,2025-10-23,17.38852424571741,"{""type"":""MultiPoint"",""coordinates"":[]}"
20251024,2025-10-24,8.616638960994244,"{""type"":""MultiPoint"",""coordinates"":[]}"
20251025,2025-10-25,0.37603695286475863,"{""type"":""MultiPoint"",""coordinates"":[]}"
20251026,2025-10-26,0.48360841536384686,"{""type"":""MultiPoint"",""coordinates"":[]}"
20251027,2025-10-27,5.061331152106336,"{""type"":""MultiPoint"",""coordinates"":[]}"
20251028,2025-10-28,35.196915025467895,"{""type"":""MultiPoint"",""coordinates"":[]}"
20251029,2025-10-29,12.329623535968267,"{""type"":""MultiPoint"",""coordinates"":[]}"
20251030,2025-10-30,0.0,"{""type"":""MultiPoint"",""coordinates"":[]}"
20251031,2025-10-31,0.0,"{""type"":""MultiPoint"",""coordinates"":[]}"
20251101,2025-11-01,0.0,"{""type"":""MultiPoint"",""coordinates"":[]}"
20251102,2025-11-02,0.3049027115708335,"{""type"":""MultiPoint"",""coordinates"":[]}"
20251103,2025-11-03,0.8337859436069862,"{""type"":""MultiPoint"",""coordinates"":[]}"
20251104,2025-11-04,2.8751491829624607,"{""type"":""MultiPoint"",""coordinates"":[]}"
20251105,2025-11-05,0.855768968942365,"{""type"":""MultiPoint"",""coordinates"":[]}"
20251106,2025-11-06,0.0,"{""type"":""MultiPoint"",""coordinates"":[]}"
20251107,2025-11-07,0.0,"{""type"":""MultiPoint"",""coordinates"":[]}"
20251108,2025-11-08,0.0,"{""type"":""MultiPoint"",""coordinates"":[]}"
20251109,2025-11-09,0.0,"{""type"":""MultiPoint"",""coordinates"":[]}"
20251110,2025-11-10,0.0,"{""type"":""MultiPoint"",""coordinates"":[]}"
20251111,2025-11-11,0.0,"{""type"":""MultiPoint"",""coordinates"":[]}"
20251112,2025-11-12,0.0,"{""type"":""MultiPoint"",""coordinates"":[]}"
20251113,2025-11-13,0.0,"{""type"":""MultiPoint"",""coordinates"":[]}"
20251114,2025-11-14,0.0,"{""type"":""MultiPoint"",""coordinates"":[]}"
20251115,2025-11-15,0.0,"{""type"":""MultiPoint"",""coordinates"":[]}"
20251116,2025-11-16,0.0,"{""type"":""MultiPoint"",""coordinates"":[]}"
20251117,2025-11-17,0.039253804859802996,"{""type"":""MultiPoint"",""coordinates"":[]}"
20251118,2025-11-18,0.0,"{""type"":""MultiPoint"",""coordinates"":[]}"
20251119,2025-11-19,0.0,"{""type"":""MultiPoint"",""coordinates"":[]}"
20251120,2025-11-20,0.0,"{""type"":""MultiPoint"",""coordinates"":[]}"
20251121,2025-11-21,1.9250693742214693,"{""type"":""MultiPoint"",""coordinates"":[]}"
20251122,2025-11-22,1.792823421494595,"{""type"":""MultiPoint"",""coordinates"":[]}"
20251123,2025-11-23,0.47923382464809566,"{""type"":""MultiPoint"",""coordinates"":[]}"
20251124,2025-11-24,0.09277688524335463,"{""type"":""MultiPoint"",""coordinates"":[]}"
20251125,2025-11-25,0.33118784498655623,"{""type"":""MultiPoint"",""coordinates"":[]}"
20251126,2025-11-26,0.0,"{""type"":""MultiPoint"",""coordinates"":[]}"
20251127,2025-11-27,1.1779133514666136,"{""type"":""MultiPoint"",""coordinates"":[]}"
20251128,2025-11-28,0.8897394737967885,"{""type"":""MultiPoint"",""coordinates"":[]}"
20251129,2025-11-29,0.7208305835157163,"{""type"":""MultiPoint"",""coordinates"":[]}"
20251130,2025-11-30,4.022496896197772,"{""type"":""MultiPoint"",""coordinates"":[]}"
20251201,2025-12-01,0.0,"{""type"":""MultiPoint"",""coordinates"":[]}"
20251202,2025-12-02,0.06658976614818385,"{""type"":""MultiPoint"",""coordinates"":[]}"
20251203,2025-12-03,0.0,"{""type"":""MultiPoint"",""coordinates"":[]}"
20251204,2025-12-04,0.029517022639106848,"{""type"":""MultiPoint"",""coordinates"":[]}"
20251205,2025-12-05,0.0,"{""type"":""MultiPoint"",""coordinates"":[]}"
20251206,2025-12-06,0.005076835044138969,"{""type"":""MultiPoint"",""coordinates"":[]}"
20251207,2025-12-07,0.046869103892877344,"{""type"":""MultiPoint"",""coordinates"":[]}"
20251208,2025-12-08,0.0,"{""type"":""MultiPoint"",""coordinates"":[]}"
20251209,2025-12-09,0.1410418556896852,"{""type"":""MultiPoint"",""coordinates"":[]}"
20251210,2025-12-10,0.017476479412831092,"{""type"":""MultiPoint"",""coordinates"":[]}"
20251211,2025-12-11,0.003979388561165961,"{""type"":""MultiPoint"",""coordinates"":[]}"
20251212,2025-12-12,0.0,"{""type"":""MultiPoint"",""coordinates"":[]}"
20251213,2025-12-13,0.0,"{""type"":""MultiPoint"",""coordinates"":[]}"
20251214,2025-12-14,0.011553018496857225,"{""type"":""MultiPoint"",""coordinates"":[]}"
20251215,2025-12-15,0.015267271944609442,"{""type"":""MultiPoint"",""coordinates"":[]}"
20251216,2025-12-16,0.31811227553717847,"{""type"":""MultiPoint"",""coordinates"":[]}"
20251217,2025-12-17,0.0,"{""type"":""MultiPoint"",""coordinates"":[]}"
20251218,2025-12-18,0.0021684505484332126,"{""type"":""MultiPoint"",""coordinates"":[]}"
20251219,2025-12-19,5.608710287121464E-4,"{""type"":""MultiPoint"",""coordinates"":[]}"
20251220,2025-12-20,0.11885656452554337,"{""type"":""MultiPoint"",""coordinates"":[]}"
20251221,2025-12-21,0.22748598551573593,"{""type"":""MultiPoint"",""coordinates"":[]}"
20251222,2025-12-22,0.11799728824094402,"{""type"":""MultiPoint"",""coordinates"":[]}"
20251223,2025-12-23,0.0,"{""type"":""MultiPoint"",""coordinates"":[]}"
20251224,2025-12-24,0.0,"{""type"":""MultiPoint"",""coordinates"":[]}"
20251225,2025-12-25,0.14432609268566082,"{""type"":""MultiPoint"",""coordinates"":[]}"
20251226,2025-12-26,0.0,"{""type"":""MultiPoint"",""coordinates"":[]}"
20251227,2025-12-27,0.08043031068886865,"{""type"":""MultiPoint"",""coordinates"":[]}"
20251228,2025-12-28,0.19312373283116469,"{""type"":""MultiPoint"",""coordinates"":[]}"
20251229,2025-12-29,0.0,"{""type"":""MultiPoint"",""coordinates"":[]}"
20251230,2025-12-30,0.0,"{""type"":""MultiPoint"",""coordinates"":[]}"
20251231,2025-12-31,0.5557167956980051,"{""type"":""MultiPoint"",""coordinates"":[]}"
