system:index,date,gpp_mean_kg_C_m2,.geo
1_2001_01_01,2001-01-01,0.020808161008156606,"{""type"":""MultiPoint"",""coordinates"":[]}"
1_2001_01_09,2001-01-09,0.020505872850974563,"{""type"":""MultiPoint"",""coordinates"":[]}"
1_2001_01_17,2001-01-17,0.017831831391323303,"{""type"":""MultiPoint"",""coordinates"":[]}"
1_2001_01_25,2001-01-25,0.013803298689531566,"{""type"":""MultiPoint"",""coordinates"":[]}"
1_2001_02_02,2001-02-02,0.01059866957326122,"{""type"":""MultiPoint"",""coordinates"":[]}"
1_2001_02_10,2001-02-10,0.010825693887372052,"{""type"":""MultiPoint"",""coordinates"":[]}"
1_2001_02_18,2001-02-18,0.0057306053262613545,"{""type"":""MultiPoint"",""coordinates"":[]}"
1_2001_02_26,2001-02-26,0.007566079953958324,"{""type"":""MultiPoint"",""coordinates"":[]}"
1_2001_03_06,2001-03-06,0.006977107663013327,"{""type"":""MultiPoint"",""coordinates"":[]}"
1_2001_03_14,2001-03-14,0.003916617823365594,"{""type"":""MultiPoint"",""coordinates"":[]}"
1_2001_03_22,2001-03-22,0.00126449735154007,"{""type"":""MultiPoint"",""coordinates"":[]}"
1_2001_03_30,2001-03-30,0.0038536392274123137,"{""type"":""MultiPoint"",""coordinates"":[]}"
1_2001_04_07,2001-04-07,0.005159150544516393,"{""type"":""MultiPoint"",""coordinates"":[]}"
1_2001_04_15,2001-04-15,0.009757282290334502,"{""type"":""MultiPoint"",""coordinates"":[]}"
1_2001_04_23,2001-04-23,0.0016745014075006401,"{""type"":""MultiPoint"",""coordinates"":[]}"
1_2001_05_01,2001-05-01,0.0017914035621619624,"{""type"":""MultiPoint"",""coordinates"":[]}"
1_2001_05_09,2001-05-09,5.568494903976408E-4,"{""type"":""MultiPoint"",""coordinates"":[]}"
1_2001_05_17,2001-05-17,0.005954786456101722,"{""type"":""MultiPoint"",""coordinates"":[]}"
1_2001_05_25,2001-05-25,0.005442135394783894,"{""type"":""MultiPoint"",""coordinates"":[]}"
1_2001_06_02,2001-06-02,0.006022335066223151,"{""type"":""MultiPoint"",""coordinates"":[]}"
1_2001_06_10,2001-06-10,0.0017354366530719422,"{""type"":""MultiPoint"",""coordinates"":[]}"
1_2001_06_18,2001-06-18,0.001954890817778308,"{""type"":""MultiPoint"",""coordinates"":[]}"
1_2001_07_04,2001-07-04,0.0035112508904060202,"{""type"":""MultiPoint"",""coordinates"":[]}"
1_2001_07_12,2001-07-12,0.006107236563559579,"{""type"":""MultiPoint"",""coordinates"":[]}"
1_2001_07_20,2001-07-20,0.00758606203141248,"{""type"":""MultiPoint"",""coordinates"":[]}"
1_2001_07_28,2001-07-28,0.005585129401037735,"{""type"":""MultiPoint"",""coordinates"":[]}"
1_2001_08_05,2001-08-05,0.006927223167531929,"{""type"":""MultiPoint"",""coordinates"":[]}"
1_2001_08_13,2001-08-13,0.00895602213371745,"{""type"":""MultiPoint"",""coordinates"":[]}"
1_2001_08_21,2001-08-21,0.012602321090531199,"{""type"":""MultiPoint"",""coordinates"":[]}"
1_2001_08_29,2001-08-29,0.013879256762681268,"{""type"":""MultiPoint"",""coordinates"":[]}"
1_2001_09_06,2001-09-06,0.015669131290872305,"{""type"":""MultiPoint"",""coordinates"":[]}"
1_2001_09_14,2001-09-14,0.011947124444697236,"{""type"":""MultiPoint"",""coordinates"":[]}"
1_2001_09_22,2001-09-22,0.016746442815010303,"{""type"":""MultiPoint"",""coordinates"":[]}"
1_2001_09_30,2001-09-30,0.01037381628081321,"{""type"":""MultiPoint"",""coordinates"":[]}"
1_2001_10_08,2001-10-08,0.017684103425935356,"{""type"":""MultiPoint"",""coordinates"":[]}"
1_2001_10_16,2001-10-16,0.026161687391568853,"{""type"":""MultiPoint"",""coordinates"":[]}"
1_2001_10_24,2001-10-24,0.03132258916665123,"{""type"":""MultiPoint"",""coordinates"":[]}"
1_2001_11_01,2001-11-01,0.0241752581471569,"{""type"":""MultiPoint"",""coordinates"":[]}"
1_2001_11_09,2001-11-09,0.030201466261417145,"{""type"":""MultiPoint"",""coordinates"":[]}"
1_2001_11_17,2001-11-17,0.031140249929766245,"{""type"":""MultiPoint"",""coordinates"":[]}"
1_2001_11_25,2001-11-25,0.02915497072842935,"{""type"":""MultiPoint"",""coordinates"":[]}"
1_2001_12_03,2001-12-03,0.03203713373888472,"{""type"":""MultiPoint"",""coordinates"":[]}"
1_2001_12_11,2001-12-11,0.02983487317163499,"{""type"":""MultiPoint"",""coordinates"":[]}"
1_2001_12_19,2001-12-19,0.020091785999700892,"{""type"":""MultiPoint"",""coordinates"":[]}"
1_2001_12_27,2001-12-27,0.013037189690888037,"{""type"":""MultiPoint"",""coordinates"":[]}"
1_2002_01_01,2002-01-01,0.023769745364110605,"{""type"":""MultiPoint"",""coordinates"":[]}"
1_2002_01_09,2002-01-09,0.026195781923933008,"{""type"":""MultiPoint"",""coordinates"":[]}"
1_2002_01_17,2002-01-17,0.024800841736345416,"{""type"":""MultiPoint"",""coordinates"":[]}"
1_2002_01_25,2002-01-25,0.02000580529452619,"{""type"":""MultiPoint"",""coordinates"":[]}"
1_2002_02_02,2002-02-02,0.020679435439808543,"{""type"":""MultiPoint"",""coordinates"":[]}"
1_2002_02_10,2002-02-10,0.02057101535149453,"{""type"":""MultiPoint"",""coordinates"":[]}"
1_2002_02_18,2002-02-18,0.015893940146239575,"{""type"":""MultiPoint"",""coordinates"":[]}"
1_2002_02_26,2002-02-26,0.011530294277883586,"{""type"":""MultiPoint"",""coordinates"":[]}"
1_2002_03_06,2002-03-06,0.009317831707676154,"{""type"":""MultiPoint"",""coordinates"":[]}"
1_2002_03_14,2002-03-14,0.00809330130304933,"{""type"":""MultiPoint"",""coordinates"":[]}"
1_2002_03_22,2002-03-22,0.005367118417547301,"{""type"":""MultiPoint"",""coordinates"":[]}"
1_2002_03_30,2002-03-30,0.005077370173027803,"{""type"":""MultiPoint"",""coordinates"":[]}"
1_2002_04_07,2002-04-07,0.00405927418165865,"{""type"":""MultiPoint"",""coordinates"":[]}"
1_2002_04_15,2002-04-15,0.0013225498771545746,"{""type"":""MultiPoint"",""coordinates"":[]}"
1_2002_04_23,2002-04-23,2.8032946889630243E-4,"{""type"":""MultiPoint"",""coordinates"":[]}"
1_2002_05_01,2002-05-01,0.0022954471127395954,"{""type"":""MultiPoint"",""coordinates"":[]}"
1_2002_05_09,2002-05-09,0.003690425274952682,"{""type"":""MultiPoint"",""coordinates"":[]}"
1_2002_05_17,2002-05-17,0.008557630983220132,"{""type"":""MultiPoint"",""coordinates"":[]}"
1_2002_05_25,2002-05-25,0.008956740770059625,"{""type"":""MultiPoint"",""coordinates"":[]}"
1_2002_06_02,2002-06-02,0.009276126001898031,"{""type"":""MultiPoint"",""coordinates"":[]}"
1_2002_06_10,2002-06-10,0.006171825346268751,"{""type"":""MultiPoint"",""coordinates"":[]}"
1_2002_06_18,2002-06-18,0.00380606674704692,"{""type"":""MultiPoint"",""coordinates"":[]}"
1_2002_06_26,2002-06-26,0.015739198809833432,"{""type"":""MultiPoint"",""coordinates"":[]}"
1_2002_07_04,2002-07-04,0.014729622042538264,"{""type"":""MultiPoint"",""coordinates"":[]}"
1_2002_07_12,2002-07-12,0.01147759198915049,"{""type"":""MultiPoint"",""coordinates"":[]}"
1_2002_07_20,2002-07-20,0.012179497815102408,"{""type"":""MultiPoint"",""coordinates"":[]}"
1_2002_07_28,2002-07-28,0.008212216711508786,"{""type"":""MultiPoint"",""coordinates"":[]}"
1_2002_08_05,2002-08-05,0.0029876898262635072,"{""type"":""MultiPoint"",""coordinates"":[]}"
1_2002_08_13,2002-08-13,0.010685421716684847,"{""type"":""MultiPoint"",""coordinates"":[]}"
1_2002_08_21,2002-08-21,0.022190462214465006,"{""type"":""MultiPoint"",""coordinates"":[]}"
1_2002_08_29,2002-08-29,0.015853118252713527,"{""type"":""MultiPoint"",""coordinates"":[]}"
1_2002_09_06,2002-09-06,0.022807777569077238,"{""type"":""MultiPoint"",""coordinates"":[]}"
1_2002_09_14,2002-09-14,0.022370051578234754,"{""type"":""MultiPoint"",""coordinates"":[]}"
1_2002_09_22,2002-09-22,0.02168675242877881,"{""type"":""MultiPoint"",""coordinates"":[]}"
1_2002_09_30,2002-09-30,0.025491206488015394,"{""type"":""MultiPoint"",""coordinates"":[]}"
1_2002_10_08,2002-10-08,0.009264435502195275,"{""type"":""MultiPoint"",""coordinates"":[]}"
1_2002_10_16,2002-10-16,0.01947406955315207,"{""type"":""MultiPoint"",""coordinates"":[]}"
1_2002_10_24,2002-10-24,0.018423261760089776,"{""type"":""MultiPoint"",""coordinates"":[]}"
1_2002_11_01,2002-11-01,0.030854771018943836,"{""type"":""MultiPoint"",""coordinates"":[]}"
1_2002_11_09,2002-11-09,0.029297897228590625,"{""type"":""MultiPoint"",""coordinates"":[]}"
1_2002_11_17,2002-11-17,0.03010812836016226,"{""type"":""MultiPoint"",""coordinates"":[]}"
1_2002_11_25,2002-11-25,0.028590940195645707,"{""type"":""MultiPoint"",""coordinates"":[]}"
1_2002_12_03,2002-12-03,0.025535022669793732,"{""type"":""MultiPoint"",""coordinates"":[]}"
1_2002_12_11,2002-12-11,0.02805709682622896,"{""type"":""MultiPoint"",""coordinates"":[]}"
1_2002_12_19,2002-12-19,0.023469417563703115,"{""type"":""MultiPoint"",""coordinates"":[]}"
1_2002_12_27,2002-12-27,0.011895615964695494,"{""type"":""MultiPoint"",""coordinates"":[]}"
1_2003_01_01,2003-01-01,0.02029759244683756,"{""type"":""MultiPoint"",""coordinates"":[]}"
1_2003_01_09,2003-01-09,0.013087817564688188,"{""type"":""MultiPoint"",""coordinates"":[]}"
1_2003_01_17,2003-01-17,0.015967699775648575,"{""type"":""MultiPoint"",""coordinates"":[]}"
1_2003_01_25,2003-01-25,0.012802539504772302,"{""type"":""MultiPoint"",""coordinates"":[]}"
1_2003_02_02,2003-02-02,0.013490256948945165,"{""type"":""MultiPoint"",""coordinates"":[]}"
1_2003_02_10,2003-02-10,0.009142104660348802,"{""type"":""MultiPoint"",""coordinates"":[]}"
1_2003_02_18,2003-02-18,0.007913102437319549,"{""type"":""MultiPoint"",""coordinates"":[]}"
1_2003_02_26,2003-02-26,0.004523529848519716,"{""type"":""MultiPoint"",""coordinates"":[]}"
1_2003_03_06,2003-03-06,0.005659120515076416,"{""type"":""MultiPoint"",""coordinates"":[]}"
1_2003_03_14,2003-03-14,0.008236045192657263,"{""type"":""MultiPoint"",""coordinates"":[]}"
1_2003_03_22,2003-03-22,0.003399289062653429,"{""type"":""MultiPoint"",""coordinates"":[]}"
1_2003_03_30,2003-03-30,0.001609038620926326,"{""type"":""MultiPoint"",""coordinates"":[]}"
1_2003_04_07,2003-04-07,0.004362301185046585,"{""type"":""MultiPoint"",""coordinates"":[]}"
1_2003_04_15,2003-04-15,0.0015106231592837782,"{""type"":""MultiPoint"",""coordinates"":[]}"
1_2003_04_23,2003-04-23,0.0016641055252548894,"{""type"":""MultiPoint"",""coordinates"":[]}"
1_2003_05_01,2003-05-01,5.327657114485126E-4,"{""type"":""MultiPoint"",""coordinates"":[]}"
1_2003_05_09,2003-05-09,2.2454475072017878E-4,"{""type"":""MultiPoint"",""coordinates"":[]}"
1_2003_05_17,2003-05-17,1.2061577865522738E-4,"{""type"":""MultiPoint"",""coordinates"":[]}"
1_2003_05_25,2003-05-25,1.2960171517511316E-4,"{""type"":""MultiPoint"",""coordinates"":[]}"
1_2003_06_02,2003-06-02,0.0018683190580188252,"{""type"":""MultiPoint"",""coordinates"":[]}"
1_2003_06_10,2003-06-10,0.005856878188180225,"{""type"":""MultiPoint"",""coordinates"":[]}"
1_2003_06_18,2003-06-18,0.005199808353198284,"{""type"":""MultiPoint"",""coordinates"":[]}"
1_2003_06_26,2003-06-26,0.0071609268080091255,"{""type"":""MultiPoint"",""coordinates"":[]}"
1_2003_07_04,2003-07-04,0.006822197351556819,"{""type"":""MultiPoint"",""coordinates"":[]}"
1_2003_07_12,2003-07-12,0.00953592252348481,"{""type"":""MultiPoint"",""coordinates"":[]}"
1_2003_07_20,2003-07-20,0.006365610606172012,"{""type"":""MultiPoint"",""coordinates"":[]}"
1_2003_07_28,2003-07-28,0.01275204994432471,"{""type"":""MultiPoint"",""coordinates"":[]}"
1_2003_08_05,2003-08-05,0.013283734601518708,"{""type"":""MultiPoint"",""coordinates"":[]}"
1_2003_08_13,2003-08-13,0.010254153510252535,"{""type"":""MultiPoint"",""coordinates"":[]}"
1_2003_08_21,2003-08-21,0.010720374871709548,"{""type"":""MultiPoint"",""coordinates"":[]}"
1_2003_08_29,2003-08-29,0.018203918262852083,"{""type"":""MultiPoint"",""coordinates"":[]}"
1_2003_09_06,2003-09-06,0.022985807589676607,"{""type"":""MultiPoint"",""coordinates"":[]}"
1_2003_09_14,2003-09-14,0.015112263487383922,"{""type"":""MultiPoint"",""coordinates"":[]}"
1_2003_09_22,2003-09-22,0.012670715107449356,"{""type"":""MultiPoint"",""coordinates"":[]}"
1_2003_09_30,2003-09-30,0.02221934940576956,"{""type"":""MultiPoint"",""coordinates"":[]}"
1_2003_10_08,2003-10-08,0.028656961713330337,"{""type"":""MultiPoint"",""coordinates"":[]}"
1_2003_10_16,2003-10-16,0.016387804332038666,"{""type"":""MultiPoint"",""coordinates"":[]}"
1_2003_10_24,2003-10-24,0.03601573969583697,"{""type"":""MultiPoint"",""coordinates"":[]}"
1_2003_11_01,2003-11-01,0.03664054923381827,"{""type"":""MultiPoint"",""coordinates"":[]}"
1_2003_11_09,2003-11-09,0.034233892696701976,"{""type"":""MultiPoint"",""coordinates"":[]}"
1_2003_11_17,2003-11-17,0.0345140574429004,"{""type"":""MultiPoint"",""coordinates"":[]}"
1_2003_11_25,2003-11-25,0.03222329952769244,"{""type"":""MultiPoint"",""coordinates"":[]}"
1_2003_12_03,2003-12-03,0.031269551026017126,"{""type"":""MultiPoint"",""coordinates"":[]}"
1_2003_12_11,2003-12-11,0.020384879564152417,"{""type"":""MultiPoint"",""coordinates"":[]}"
1_2003_12_19,2003-12-19,0.011717699129403304,"{""type"":""MultiPoint"",""coordinates"":[]}"
1_2003_12_27,2003-12-27,0.01428081146144799,"{""type"":""MultiPoint"",""coordinates"":[]}"
1_2004_01_01,2004-01-01,0.022299544780994246,"{""type"":""MultiPoint"",""coordinates"":[]}"
1_2004_01_09,2004-01-09,0.02087805754312873,"{""type"":""MultiPoint"",""coordinates"":[]}"
1_2004_01_17,2004-01-17,0.01796252112997206,"{""type"":""MultiPoint"",""coordinates"":[]}"
1_2004_01_25,2004-01-25,0.015151614947610666,"{""type"":""MultiPoint"",""coordinates"":[]}"
1_2004_02_02,2004-02-02,0.014763321372084538,"{""type"":""MultiPoint"",""coordinates"":[]}"
1_2004_02_10,2004-02-10,0.015570230131783575,"{""type"":""MultiPoint"",""coordinates"":[]}"
1_2004_02_18,2004-02-18,0.009115718215407098,"{""type"":""MultiPoint"",""coordinates"":[]}"
1_2004_02_26,2004-02-26,0.006041087331102962,"{""type"":""MultiPoint"",""coordinates"":[]}"
1_2004_03_05,2004-03-05,0.007066676340629772,"{""type"":""MultiPoint"",""coordinates"":[]}"
1_2004_03_13,2004-03-13,0.0019895164674467317,"{""type"":""MultiPoint"",""coordinates"":[]}"
1_2004_03_21,2004-03-21,0.0034682783243463198,"{""type"":""MultiPoint"",""coordinates"":[]}"
1_2004_03_29,2004-03-29,0.006341406101904285,"{""type"":""MultiPoint"",""coordinates"":[]}"
1_2004_04_06,2004-04-06,0.003255423960185815,"{""type"":""MultiPoint"",""coordinates"":[]}"
1_2004_04_14,2004-04-14,2.29907704011075E-4,"{""type"":""MultiPoint"",""coordinates"":[]}"
1_2004_04_22,2004-04-22,0.0028962277361760293,"{""type"":""MultiPoint"",""coordinates"":[]}"
1_2004_04_30,2004-04-30,0.006327720487473632,"{""type"":""MultiPoint"",""coordinates"":[]}"
1_2004_05_08,2004-05-08,0.00959345078274546,"{""type"":""MultiPoint"",""coordinates"":[]}"
1_2004_05_16,2004-05-16,0.011375763728354785,"{""type"":""MultiPoint"",""coordinates"":[]}"
1_2004_05_24,2004-05-24,0.010225574518164618,"{""type"":""MultiPoint"",""coordinates"":[]}"
1_2004_06_01,2004-06-01,0.010013422464720994,"{""type"":""MultiPoint"",""coordinates"":[]}"
1_2004_06_09,2004-06-09,0.005785142129489134,"{""type"":""MultiPoint"",""coordinates"":[]}"
1_2004_06_17,2004-06-17,0.011363345940258921,"{""type"":""MultiPoint"",""coordinates"":[]}"
1_2004_06_25,2004-06-25,0.009277960859446606,"{""type"":""MultiPoint"",""coordinates"":[]}"
1_2004_07_03,2004-07-03,0.007457869906285998,"{""type"":""MultiPoint"",""coordinates"":[]}"
1_2004_07_11,2004-07-11,0.01005779540166125,"{""type"":""MultiPoint"",""coordinates"":[]}"
1_2004_07_19,2004-07-19,0.00907019218567594,"{""type"":""MultiPoint"",""coordinates"":[]}"
1_2004_07_27,2004-07-27,0.007111629922391002,"{""type"":""MultiPoint"",""coordinates"":[]}"
1_2004_08_04,2004-08-04,0.015301999891902724,"{""type"":""MultiPoint"",""coordinates"":[]}"
1_2004_08_12,2004-08-12,0.016912558908225923,"{""type"":""MultiPoint"",""coordinates"":[]}"
1_2004_08_20,2004-08-20,0.01897480065145099,"{""type"":""MultiPoint"",""coordinates"":[]}"
1_2004_08_28,2004-08-28,0.018571526745011422,"{""type"":""MultiPoint"",""coordinates"":[]}"
1_2004_09_05,2004-09-05,0.016831291796949043,"{""type"":""MultiPoint"",""coordinates"":[]}"
1_2004_09_13,2004-09-13,0.019981325076725124,"{""type"":""MultiPoint"",""coordinates"":[]}"
1_2004_09_21,2004-09-21,0.018449792885423446,"{""type"":""MultiPoint"",""coordinates"":[]}"
1_2004_09_29,2004-09-29,0.018460181474376797,"{""type"":""MultiPoint"",""coordinates"":[]}"
1_2004_10_07,2004-10-07,0.031564919243387425,"{""type"":""MultiPoint"",""coordinates"":[]}"
1_2004_10_15,2004-10-15,0.03442509211246911,"{""type"":""MultiPoint"",""coordinates"":[]}"
1_2004_10_23,2004-10-23,0.034726032075931106,"{""type"":""MultiPoint"",""coordinates"":[]}"
1_2004_10_31,2004-10-31,0.025152106204787507,"{""type"":""MultiPoint"",""coordinates"":[]}"
1_2004_11_08,2004-11-08,0.03225060548715655,"{""type"":""MultiPoint"",""coordinates"":[]}"
1_2004_11_16,2004-11-16,0.033447264730217724,"{""type"":""MultiPoint"",""coordinates"":[]}"
1_2004_11_24,2004-11-24,0.03316668350238474,"{""type"":""MultiPoint"",""coordinates"":[]}"
1_2004_12_02,2004-12-02,0.030447378730798384,"{""type"":""MultiPoint"",""coordinates"":[]}"
1_2004_12_10,2004-12-10,0.02819724187415,"{""type"":""MultiPoint"",""coordinates"":[]}"
1_2004_12_18,2004-12-18,0.024298044365501942,"{""type"":""MultiPoint"",""coordinates"":[]}"
1_2004_12_26,2004-12-26,0.017482610242337698,"{""type"":""MultiPoint"",""coordinates"":[]}"
1_2005_01_01,2005-01-01,0.0199466940391151,"{""type"":""MultiPoint"",""coordinates"":[]}"
1_2005_01_09,2005-01-09,0.018013084743247535,"{""type"":""MultiPoint"",""coordinates"":[]}"
1_2005_01_17,2005-01-17,0.01627424442373472,"{""type"":""MultiPoint"",""coordinates"":[]}"
1_2005_01_25,2005-01-25,0.012499516363377925,"{""type"":""MultiPoint"",""coordinates"":[]}"
1_2005_02_02,2005-02-02,0.017869457445638882,"{""type"":""MultiPoint"",""coordinates"":[]}"
1_2005_02_10,2005-02-10,0.010838161664964638,"{""type"":""MultiPoint"",""coordinates"":[]}"
1_2005_02_18,2005-02-18,0.010043116065851504,"{""type"":""MultiPoint"",""coordinates"":[]}"
1_2005_02_26,2005-02-26,0.007714877123320349,"{""type"":""MultiPoint"",""coordinates"":[]}"
1_2005_03_06,2005-03-06,0.009456836733711506,"{""type"":""MultiPoint"",""coordinates"":[]}"
1_2005_03_14,2005-03-14,0.006717762465424726,"{""type"":""MultiPoint"",""coordinates"":[]}"
1_2005_03_22,2005-03-22,0.0023972454494325685,"{""type"":""MultiPoint"",""coordinates"":[]}"
1_2005_03_30,2005-03-30,0.005670233779801284,"{""type"":""MultiPoint"",""coordinates"":[]}"
1_2005_04_07,2005-04-07,0.006079156352062341,"{""type"":""MultiPoint"",""coordinates"":[]}"
1_2005_04_15,2005-04-15,0.005180084694458423,"{""type"":""MultiPoint"",""coordinates"":[]}"
1_2005_04_23,2005-04-23,0.004147507217146053,"{""type"":""MultiPoint"",""coordinates"":[]}"
1_2005_05_01,2005-05-01,0.0058578176870267016,"{""type"":""MultiPoint"",""coordinates"":[]}"
1_2005_05_09,2005-05-09,5.88668526932377E-4,"{""type"":""MultiPoint"",""coordinates"":[]}"
1_2005_05_17,2005-05-17,0.0014467509582764932,"{""type"":""MultiPoint"",""coordinates"":[]}"
1_2005_05_25,2005-05-25,0.007555225859349406,"{""type"":""MultiPoint"",""coordinates"":[]}"
1_2005_06_02,2005-06-02,0.006970716621917256,"{""type"":""MultiPoint"",""coordinates"":[]}"
1_2005_06_10,2005-06-10,0.008983839154608257,"{""type"":""MultiPoint"",""coordinates"":[]}"
1_2005_06_18,2005-06-18,0.008246657329529746,"{""type"":""MultiPoint"",""coordinates"":[]}"
1_2005_06_26,2005-06-26,0.004675118347989481,"{""type"":""MultiPoint"",""coordinates"":[]}"
1_2005_07_04,2005-07-04,0.006502208584302832,"{""type"":""MultiPoint"",""coordinates"":[]}"
1_2005_07_12,2005-07-12,0.008688545395115304,"{""type"":""MultiPoint"",""coordinates"":[]}"
1_2005_07_20,2005-07-20,0.004426601261946223,"{""type"":""MultiPoint"",""coordinates"":[]}"
1_2005_07_28,2005-07-28,0.008710338115370787,"{""type"":""MultiPoint"",""coordinates"":[]}"
1_2005_08_05,2005-08-05,0.012231757227048569,"{""type"":""MultiPoint"",""coordinates"":[]}"
1_2005_08_13,2005-08-13,0.0095603046733357,"{""type"":""MultiPoint"",""coordinates"":[]}"
1_2005_08_21,2005-08-21,0.01730805220650306,"{""type"":""MultiPoint"",""coordinates"":[]}"
1_2005_08_29,2005-08-29,0.021661495835327838,"{""type"":""MultiPoint"",""coordinates"":[]}"
1_2005_09_06,2005-09-06,0.011205658295023435,"{""type"":""MultiPoint"",""coordinates"":[]}"
1_2005_09_14,2005-09-14,0.018356758295716896,"{""type"":""MultiPoint"",""coordinates"":[]}"
1_2005_09_22,2005-09-22,0.024022249170187995,"{""type"":""MultiPoint"",""coordinates"":[]}"
1_2005_09_30,2005-09-30,0.026895133084417665,"{""type"":""MultiPoint"",""coordinates"":[]}"
1_2005_10_08,2005-10-08,0.01786072934857789,"{""type"":""MultiPoint"",""coordinates"":[]}"
1_2005_10_16,2005-10-16,0.02512788648910446,"{""type"":""MultiPoint"",""coordinates"":[]}"
1_2005_10_24,2005-10-24,0.011877047036387683,"{""type"":""MultiPoint"",""coordinates"":[]}"
1_2005_11_01,2005-11-01,0.0284276819426884,"{""type"":""MultiPoint"",""coordinates"":[]}"
1_2005_11_09,2005-11-09,0.03838457032495816,"{""type"":""MultiPoint"",""coordinates"":[]}"
1_2005_11_17,2005-11-17,0.030587463019051134,"{""type"":""MultiPoint"",""coordinates"":[]}"
1_2005_11_25,2005-11-25,0.0320448249331551,"{""type"":""MultiPoint"",""coordinates"":[]}"
1_2005_12_03,2005-12-03,0.028160950104057843,"{""type"":""MultiPoint"",""coordinates"":[]}"
1_2005_12_11,2005-12-11,0.02941854511088361,"{""type"":""MultiPoint"",""coordinates"":[]}"
1_2005_12_19,2005-12-19,0.026846668648458215,"{""type"":""MultiPoint"",""coordinates"":[]}"
1_2005_12_27,2005-12-27,0.018644372494924174,"{""type"":""MultiPoint"",""coordinates"":[]}"
1_2006_01_01,2006-01-01,0.02696476494674857,"{""type"":""MultiPoint"",""coordinates"":[]}"
1_2006_01_09,2006-01-09,0.025484332923994563,"{""type"":""MultiPoint"",""coordinates"":[]}"
1_2006_01_17,2006-01-17,0.020412949386092366,"{""type"":""MultiPoint"",""coordinates"":[]}"
1_2006_01_25,2006-01-25,0.021510872645209185,"{""type"":""MultiPoint"",""coordinates"":[]}"
1_2006_02_02,2006-02-02,0.018611720563343405,"{""type"":""MultiPoint"",""coordinates"":[]}"
1_2006_02_10,2006-02-10,0.01468620040177411,"{""type"":""MultiPoint"",""coordinates"":[]}"
1_2006_02_18,2006-02-18,0.009932050153989173,"{""type"":""MultiPoint"",""coordinates"":[]}"
1_2006_02_26,2006-02-26,0.012413864529599092,"{""type"":""MultiPoint"",""coordinates"":[]}"
1_2006_03_06,2006-03-06,0.013988317807992723,"{""type"":""MultiPoint"",""coordinates"":[]}"
1_2006_03_14,2006-03-14,0.013470685764827064,"{""type"":""MultiPoint"",""coordinates"":[]}"
1_2006_03_22,2006-03-22,0.004482063917985263,"{""type"":""MultiPoint"",""coordinates"":[]}"
1_2006_03_30,2006-03-30,0.00390102311254765,"{""type"":""MultiPoint"",""coordinates"":[]}"
1_2006_04_07,2006-04-07,0.002438751060554926,"{""type"":""MultiPoint"",""coordinates"":[]}"
1_2006_04_15,2006-04-15,0.008865723631484352,"{""type"":""MultiPoint"",""coordinates"":[]}"
1_2006_04_23,2006-04-23,0.0010885451936909108,"{""type"":""MultiPoint"",""coordinates"":[]}"
1_2006_05_01,2006-05-01,0.004088599354457382,"{""type"":""MultiPoint"",""coordinates"":[]}"
1_2006_05_09,2006-05-09,0.0017912455107551627,"{""type"":""MultiPoint"",""coordinates"":[]}"
1_2006_05_17,2006-05-17,0.0067073570799199705,"{""type"":""MultiPoint"",""coordinates"":[]}"
1_2006_05_25,2006-05-25,0.007489356872229083,"{""type"":""MultiPoint"",""coordinates"":[]}"
1_2006_06_02,2006-06-02,0.012675787843324578,"{""type"":""MultiPoint"",""coordinates"":[]}"
1_2006_06_10,2006-06-10,0.01240823870865544,"{""type"":""MultiPoint"",""coordinates"":[]}"
1_2006_06_18,2006-06-18,0.011708114373886906,"{""type"":""MultiPoint"",""coordinates"":[]}"
1_2006_06_26,2006-06-26,0.007526444324410268,"{""type"":""MultiPoint"",""coordinates"":[]}"
1_2006_07_04,2006-07-04,0.015570953743123785,"{""type"":""MultiPoint"",""coordinates"":[]}"
1_2006_07_12,2006-07-12,0.010233152392730531,"{""type"":""MultiPoint"",""coordinates"":[]}"
1_2006_07_20,2006-07-20,0.009178092495847565,"{""type"":""MultiPoint"",""coordinates"":[]}"
1_2006_07_28,2006-07-28,0.006896995616111513,"{""type"":""MultiPoint"",""coordinates"":[]}"
1_2006_08_05,2006-08-05,0.009990133391029844,"{""type"":""MultiPoint"",""coordinates"":[]}"
1_2006_08_13,2006-08-13,0.016878827347785317,"{""type"":""MultiPoint"",""coordinates"":[]}"
1_2006_08_21,2006-08-21,0.01643264282272478,"{""type"":""MultiPoint"",""coordinates"":[]}"
1_2006_08_29,2006-08-29,0.01858481922389416,"{""type"":""MultiPoint"",""coordinates"":[]}"
1_2006_09_06,2006-09-06,0.019170352071839265,"{""type"":""MultiPoint"",""coordinates"":[]}"
1_2006_09_14,2006-09-14,0.007392164733104483,"{""type"":""MultiPoint"",""coordinates"":[]}"
1_2006_09_22,2006-09-22,0.01634245332382618,"{""type"":""MultiPoint"",""coordinates"":[]}"
1_2006_09_30,2006-09-30,0.019036002250581593,"{""type"":""MultiPoint"",""coordinates"":[]}"
1_2006_10_08,2006-10-08,0.03213584874285487,"{""type"":""MultiPoint"",""coordinates"":[]}"
1_2006_10_16,2006-10-16,0.030852755048532927,"{""type"":""MultiPoint"",""coordinates"":[]}"
1_2006_10_24,2006-10-24,0.01877570711692586,"{""type"":""MultiPoint"",""coordinates"":[]}"
1_2006_11_01,2006-11-01,0.01950052509087039,"{""type"":""MultiPoint"",""coordinates"":[]}"
1_2006_11_09,2006-11-09,0.03053019261873824,"{""type"":""MultiPoint"",""coordinates"":[]}"
1_2006_11_17,2006-11-17,0.03152889480255836,"{""type"":""MultiPoint"",""coordinates"":[]}"
1_2006_11_25,2006-11-25,0.034684121232608944,"{""type"":""MultiPoint"",""coordinates"":[]}"
1_2006_12_03,2006-12-03,0.03137919354842296,"{""type"":""MultiPoint"",""coordinates"":[]}"
1_2006_12_11,2006-12-11,0.027630087111549777,"{""type"":""MultiPoint"",""coordinates"":[]}"
1_2006_12_19,2006-12-19,0.023147800591695723,"{""type"":""MultiPoint"",""coordinates"":[]}"
1_2006_12_27,2006-12-27,0.013958605578222094,"{""type"":""MultiPoint"",""coordinates"":[]}"
1_2007_01_01,2007-01-01,0.020510694657312284,"{""type"":""MultiPoint"",""coordinates"":[]}"
1_2007_01_09,2007-01-09,0.01929905072861087,"{""type"":""MultiPoint"",""coordinates"":[]}"
1_2007_01_17,2007-01-17,0.016325407365121,"{""type"":""MultiPoint"",""coordinates"":[]}"
1_2007_01_25,2007-01-25,0.015425344202706713,"{""type"":""MultiPoint"",""coordinates"":[]}"
1_2007_02_02,2007-02-02,0.012817913669753433,"{""type"":""MultiPoint"",""coordinates"":[]}"
1_2007_02_10,2007-02-10,0.011145400414961888,"{""type"":""MultiPoint"",""coordinates"":[]}"
1_2007_02_18,2007-02-18,0.012064028437130067,"{""type"":""MultiPoint"",""coordinates"":[]}"
1_2007_02_26,2007-02-26,0.008528497243127865,"{""type"":""MultiPoint"",""coordinates"":[]}"
1_2007_03_06,2007-03-06,0.007338843788198308,"{""type"":""MultiPoint"",""coordinates"":[]}"
1_2007_03_14,2007-03-14,0.004963754772499684,"{""type"":""MultiPoint"",""coordinates"":[]}"
1_2007_03_22,2007-03-22,0.0023840105934264913,"{""type"":""MultiPoint"",""coordinates"":[]}"
1_2007_03_30,2007-03-30,0.0027871336108586473,"{""type"":""MultiPoint"",""coordinates"":[]}"
1_2007_04_07,2007-04-07,0.0033073299732876613,"{""type"":""MultiPoint"",""coordinates"":[]}"
1_2007_04_15,2007-04-15,0.004478359574354164,"{""type"":""MultiPoint"",""coordinates"":[]}"
1_2007_04_23,2007-04-23,6.741655878028738E-4,"{""type"":""MultiPoint"",""coordinates"":[]}"
1_2007_05_01,2007-05-01,0.0048783038085836745,"{""type"":""MultiPoint"",""coordinates"":[]}"
1_2007_05_09,2007-05-09,0.003285893660321066,"{""type"":""MultiPoint"",""coordinates"":[]}"
1_2007_05_17,2007-05-17,0.0031010171504222022,"{""type"":""MultiPoint"",""coordinates"":[]}"
1_2007_05_25,2007-05-25,0.008336540287565777,"{""type"":""MultiPoint"",""coordinates"":[]}"
1_2007_06_02,2007-06-02,0.006315892427733725,"{""type"":""MultiPoint"",""coordinates"":[]}"
1_2007_06_10,2007-06-10,0.00913628530477708,"{""type"":""MultiPoint"",""coordinates"":[]}"
1_2007_06_18,2007-06-18,0.005367905514981748,"{""type"":""MultiPoint"",""coordinates"":[]}"
1_2007_06_26,2007-06-26,0.005885032281426985,"{""type"":""MultiPoint"",""coordinates"":[]}"
1_2007_07_04,2007-07-04,0.011357927918084028,"{""type"":""MultiPoint"",""coordinates"":[]}"
1_2007_07_12,2007-07-12,0.011053908642272642,"{""type"":""MultiPoint"",""coordinates"":[]}"
1_2007_07_20,2007-07-20,0.010571393625603163,"{""type"":""MultiPoint"",""coordinates"":[]}"
1_2007_07_28,2007-07-28,0.004217869513692023,"{""type"":""MultiPoint"",""coordinates"":[]}"
1_2007_08_05,2007-08-05,0.0153004077162106,"{""type"":""MultiPoint"",""coordinates"":[]}"
1_2007_08_13,2007-08-13,0.015089791753145117,"{""type"":""MultiPoint"",""coordinates"":[]}"
1_2007_08_21,2007-08-21,0.01291344823980227,"{""type"":""MultiPoint"",""coordinates"":[]}"
1_2007_08_29,2007-08-29,0.012434522749463387,"{""type"":""MultiPoint"",""coordinates"":[]}"
1_2007_09_06,2007-09-06,0.021495826261901184,"{""type"":""MultiPoint"",""coordinates"":[]}"
1_2007_09_14,2007-09-14,0.008478352323181398,"{""type"":""MultiPoint"",""coordinates"":[]}"
1_2007_09_22,2007-09-22,0.024509303383304565,"{""type"":""MultiPoint"",""coordinates"":[]}"
1_2007_09_30,2007-09-30,0.01975553912665082,"{""type"":""MultiPoint"",""coordinates"":[]}"
1_2007_10_08,2007-10-08,0.03210243933702892,"{""type"":""MultiPoint"",""coordinates"":[]}"
1_2007_10_16,2007-10-16,0.026680684990760976,"{""type"":""MultiPoint"",""coordinates"":[]}"
1_2007_10_24,2007-10-24,0.006324218944908425,"{""type"":""MultiPoint"",""coordinates"":[]}"
1_2007_11_01,2007-11-01,0.03066302036745841,"{""type"":""MultiPoint"",""coordinates"":[]}"
1_2007_11_09,2007-11-09,0.03623440316665842,"{""type"":""MultiPoint"",""coordinates"":[]}"
1_2007_11_17,2007-11-17,0.03664757386446774,"{""type"":""MultiPoint"",""coordinates"":[]}"
1_2007_11_25,2007-11-25,0.03150934650987782,"{""type"":""MultiPoint"",""coordinates"":[]}"
1_2007_12_03,2007-12-03,0.029447215390211195,"{""type"":""MultiPoint"",""coordinates"":[]}"
1_2007_12_11,2007-12-11,0.026934164907446226,"{""type"":""MultiPoint"",""coordinates"":[]}"
1_2007_12_19,2007-12-19,0.023000970666823814,"{""type"":""MultiPoint"",""coordinates"":[]}"
1_2007_12_27,2007-12-27,0.014437960773281942,"{""type"":""MultiPoint"",""coordinates"":[]}"
1_2008_01_01,2008-01-01,0.02431174925534304,"{""type"":""MultiPoint"",""coordinates"":[]}"
1_2008_01_09,2008-01-09,0.0215748617283611,"{""type"":""MultiPoint"",""coordinates"":[]}"
1_2008_01_17,2008-01-17,0.02094060518533801,"{""type"":""MultiPoint"",""coordinates"":[]}"
1_2008_01_25,2008-01-25,0.015366006731617195,"{""type"":""MultiPoint"",""coordinates"":[]}"
1_2008_02_02,2008-02-02,0.014395033483800895,"{""type"":""MultiPoint"",""coordinates"":[]}"
1_2008_02_10,2008-02-10,0.01585400932503046,"{""type"":""MultiPoint"",""coordinates"":[]}"
1_2008_02_18,2008-02-18,0.017652400241683103,"{""type"":""MultiPoint"",""coordinates"":[]}"
1_2008_02_26,2008-02-26,0.013696925541925859,"{""type"":""MultiPoint"",""coordinates"":[]}"
1_2008_03_05,2008-03-05,0.010394723887819188,"{""type"":""MultiPoint"",""coordinates"":[]}"
1_2008_03_13,2008-03-13,0.012245848779142548,"{""type"":""MultiPoint"",""coordinates"":[]}"
1_2008_03_21,2008-03-21,0.011557848177563439,"{""type"":""MultiPoint"",""coordinates"":[]}"
1_2008_03_29,2008-03-29,0.016995680158603227,"{""type"":""MultiPoint"",""coordinates"":[]}"
1_2008_04_06,2008-04-06,0.012597082868875452,"{""type"":""MultiPoint"",""coordinates"":[]}"
1_2008_04_14,2008-04-14,0.004243854471648699,"{""type"":""MultiPoint"",""coordinates"":[]}"
1_2008_04_22,2008-04-22,0.0033160479083192513,"{""type"":""MultiPoint"",""coordinates"":[]}"
1_2008_04_30,2008-04-30,9.003954574761043E-4,"{""type"":""MultiPoint"",""coordinates"":[]}"
1_2008_05_08,2008-05-08,4.162572299815297E-4,"{""type"":""MultiPoint"",""coordinates"":[]}"
1_2008_05_16,2008-05-16,0.0038659478382191735,"{""type"":""MultiPoint"",""coordinates"":[]}"
1_2008_05_24,2008-05-24,0.007674605514662398,"{""type"":""MultiPoint"",""coordinates"":[]}"
1_2008_06_01,2008-06-01,0.01160944772975876,"{""type"":""MultiPoint"",""coordinates"":[]}"
1_2008_06_09,2008-06-09,0.00553311479104351,"{""type"":""MultiPoint"",""coordinates"":[]}"
1_2008_06_17,2008-06-17,0.007422561940037841,"{""type"":""MultiPoint"",""coordinates"":[]}"
1_2008_06_25,2008-06-25,0.004555019666288107,"{""type"":""MultiPoint"",""coordinates"":[]}"
1_2008_07_03,2008-07-03,0.008290139764676133,"{""type"":""MultiPoint"",""coordinates"":[]}"
1_2008_07_11,2008-07-11,0.009255129446582541,"{""type"":""MultiPoint"",""coordinates"":[]}"
1_2008_07_19,2008-07-19,0.006683556069105574,"{""type"":""MultiPoint"",""coordinates"":[]}"
1_2008_07_27,2008-07-27,0.007451858787216626,"{""type"":""MultiPoint"",""coordinates"":[]}"
1_2008_08_04,2008-08-04,0.004737980820312568,"{""type"":""MultiPoint"",""coordinates"":[]}"
1_2008_08_12,2008-08-12,0.009927138017512724,"{""type"":""MultiPoint"",""coordinates"":[]}"
1_2008_08_20,2008-08-20,0.01750589846534173,"{""type"":""MultiPoint"",""coordinates"":[]}"
1_2008_08_28,2008-08-28,0.02209129826820625,"{""type"":""MultiPoint"",""coordinates"":[]}"
1_2008_09_05,2008-09-05,0.01367222029286585,"{""type"":""MultiPoint"",""coordinates"":[]}"
1_2008_09_13,2008-09-13,0.027162238885745493,"{""type"":""MultiPoint"",""coordinates"":[]}"
1_2008_09_21,2008-09-21,0.02288231313641108,"{""type"":""MultiPoint"",""coordinates"":[]}"
1_2008_09_29,2008-09-29,0.030575786454305105,"{""type"":""MultiPoint"",""coordinates"":[]}"
1_2008_10_07,2008-10-07,0.029350090849472845,"{""type"":""MultiPoint"",""coordinates"":[]}"
1_2008_10_15,2008-10-15,0.025922816234636856,"{""type"":""MultiPoint"",""coordinates"":[]}"
1_2008_10_23,2008-10-23,0.029922502459161126,"{""type"":""MultiPoint"",""coordinates"":[]}"
1_2008_10_31,2008-10-31,0.031805030025505034,"{""type"":""MultiPoint"",""coordinates"":[]}"
1_2008_11_08,2008-11-08,0.028814571690403207,"{""type"":""MultiPoint"",""coordinates"":[]}"
1_2008_11_16,2008-11-16,0.029742833857896306,"{""type"":""MultiPoint"",""coordinates"":[]}"
1_2008_11_24,2008-11-24,0.021980858185245145,"{""type"":""MultiPoint"",""coordinates"":[]}"
1_2008_12_02,2008-12-02,0.03339870099380694,"{""type"":""MultiPoint"",""coordinates"":[]}"
1_2008_12_10,2008-12-10,0.032667175910485506,"{""type"":""MultiPoint"",""coordinates"":[]}"
1_2008_12_18,2008-12-18,0.025993380401053444,"{""type"":""MultiPoint"",""coordinates"":[]}"
1_2008_12_26,2008-12-26,0.01952201928263642,"{""type"":""MultiPoint"",""coordinates"":[]}"
1_2009_01_01,2009-01-01,0.024867970271982825,"{""type"":""MultiPoint"",""coordinates"":[]}"
1_2009_01_09,2009-01-09,0.022448918783564194,"{""type"":""MultiPoint"",""coordinates"":[]}"
1_2009_01_17,2009-01-17,0.019693557954074903,"{""type"":""MultiPoint"",""coordinates"":[]}"
1_2009_01_25,2009-01-25,0.015012399180863651,"{""type"":""MultiPoint"",""coordinates"":[]}"
1_2009_02_02,2009-02-02,0.014093597673268654,"{""type"":""MultiPoint"",""coordinates"":[]}"
1_2009_02_10,2009-02-10,0.01096699535292699,"{""type"":""MultiPoint"",""coordinates"":[]}"
1_2009_02_18,2009-02-18,0.008077865957484,"{""type"":""MultiPoint"",""coordinates"":[]}"
1_2009_02_26,2009-02-26,0.0028959257249396822,"{""type"":""MultiPoint"",""coordinates"":[]}"
1_2009_03_06,2009-03-06,0.004774316860918202,"{""type"":""MultiPoint"",""coordinates"":[]}"
1_2009_03_14,2009-03-14,0.005409795282496664,"{""type"":""MultiPoint"",""coordinates"":[]}"
1_2009_03_22,2009-03-22,0.005329861946287666,"{""type"":""MultiPoint"",""coordinates"":[]}"
1_2009_03_30,2009-03-30,0.0016639318499427592,"{""type"":""MultiPoint"",""coordinates"":[]}"
1_2009_04_07,2009-04-07,0.0026677575485352925,"{""type"":""MultiPoint"",""coordinates"":[]}"
1_2009_04_15,2009-04-15,0.0012018980056535187,"{""type"":""MultiPoint"",""coordinates"":[]}"
1_2009_04_23,2009-04-23,0.0010688453251562365,"{""type"":""MultiPoint"",""coordinates"":[]}"
1_2009_05_01,2009-05-01,7.147485496395818E-4,"{""type"":""MultiPoint"",""coordinates"":[]}"
1_2009_05_09,2009-05-09,0.001344677082506424,"{""type"":""MultiPoint"",""coordinates"":[]}"
1_2009_05_17,2009-05-17,0.005400838858855406,"{""type"":""MultiPoint"",""coordinates"":[]}"
1_2009_05_25,2009-05-25,0.007020755049622384,"{""type"":""MultiPoint"",""coordinates"":[]}"
1_2009_06_02,2009-06-02,0.008091374819552877,"{""type"":""MultiPoint"",""coordinates"":[]}"
1_2009_06_10,2009-06-10,0.00997377932297864,"{""type"":""MultiPoint"",""coordinates"":[]}"
1_2009_06_18,2009-06-18,0.012022246944842193,"{""type"":""MultiPoint"",""coordinates"":[]}"
1_2009_06_26,2009-06-26,0.010844819459506782,"{""type"":""MultiPoint"",""coordinates"":[]}"
1_2009_07_04,2009-07-04,0.006258888709661217,"{""type"":""MultiPoint"",""coordinates"":[]}"
1_2009_07_12,2009-07-12,0.005041687115141727,"{""type"":""MultiPoint"",""coordinates"":[]}"
1_2009_07_20,2009-07-20,0.010742600181021963,"{""type"":""MultiPoint"",""coordinates"":[]}"
1_2009_07_28,2009-07-28,0.009611452746160957,"{""type"":""MultiPoint"",""coordinates"":[]}"
1_2009_08_05,2009-08-05,0.010731785901739519,"{""type"":""MultiPoint"",""coordinates"":[]}"
1_2009_08_13,2009-08-13,0.006361138464332574,"{""type"":""MultiPoint"",""coordinates"":[]}"
1_2009_08_21,2009-08-21,0.009263292655708862,"{""type"":""MultiPoint"",""coordinates"":[]}"
1_2009_08_29,2009-08-29,0.012086938025020599,"{""type"":""MultiPoint"",""coordinates"":[]}"
1_2009_09_06,2009-09-06,0.02348591104411207,"{""type"":""MultiPoint"",""coordinates"":[]}"
1_2009_09_14,2009-09-14,0.021908731402294525,"{""type"":""MultiPoint"",""coordinates"":[]}"
1_2009_09_22,2009-09-22,0.01857218330405143,"{""type"":""MultiPoint"",""coordinates"":[]}"
1_2009_09_30,2009-09-30,0.01666096503485625,"{""type"":""MultiPoint"",""coordinates"":[]}"
1_2009_10_08,2009-10-08,0.03040367656278301,"{""type"":""MultiPoint"",""coordinates"":[]}"
1_2009_10_16,2009-10-16,0.028240134228383295,"{""type"":""MultiPoint"",""coordinates"":[]}"
1_2009_10_24,2009-10-24,0.027883482908353435,"{""type"":""MultiPoint"",""coordinates"":[]}"
1_2009_11_01,2009-11-01,0.02538948446231981,"{""type"":""MultiPoint"",""coordinates"":[]}"
1_2009_11_09,2009-11-09,0.02324999942650805,"{""type"":""MultiPoint"",""coordinates"":[]}"
1_2009_11_17,2009-11-17,0.023042032485813355,"{""type"":""MultiPoint"",""coordinates"":[]}"
1_2009_11_25,2009-11-25,0.0335110222917051,"{""type"":""MultiPoint"",""coordinates"":[]}"
1_2009_12_03,2009-12-03,0.032786458043265396,"{""type"":""MultiPoint"",""coordinates"":[]}"
1_2009_12_11,2009-12-11,0.029325246306279806,"{""type"":""MultiPoint"",""coordinates"":[]}"
1_2009_12_19,2009-12-19,0.026074504037409317,"{""type"":""MultiPoint"",""coordinates"":[]}"
1_2009_12_27,2009-12-27,0.01442950881529435,"{""type"":""MultiPoint"",""coordinates"":[]}"
1_2010_01_01,2010-01-01,0.024871240724331854,"{""type"":""MultiPoint"",""coordinates"":[]}"
1_2010_01_09,2010-01-09,0.018021551509258892,"{""type"":""MultiPoint"",""coordinates"":[]}"
1_2010_01_17,2010-01-17,0.021250322204405363,"{""type"":""MultiPoint"",""coordinates"":[]}"
1_2010_01_25,2010-01-25,0.019688578311908973,"{""type"":""MultiPoint"",""coordinates"":[]}"
1_2010_02_02,2010-02-02,0.018104838910105347,"{""type"":""MultiPoint"",""coordinates"":[]}"
1_2010_02_10,2010-02-10,0.014080760607735434,"{""type"":""MultiPoint"",""coordinates"":[]}"
1_2010_02_18,2010-02-18,0.009020873608534341,"{""type"":""MultiPoint"",""coordinates"":[]}"
1_2010_02_26,2010-02-26,0.00654249934719891,"{""type"":""MultiPoint"",""coordinates"":[]}"
1_2010_03_06,2010-03-06,0.006227852224456571,"{""type"":""MultiPoint"",""coordinates"":[]}"
1_2010_03_14,2010-03-14,0.0039644256402586045,"{""type"":""MultiPoint"",""coordinates"":[]}"
1_2010_03_22,2010-03-22,0.0037102997817207977,"{""type"":""MultiPoint"",""coordinates"":[]}"
1_2010_03_30,2010-03-30,0.001794975860476636,"{""type"":""MultiPoint"",""coordinates"":[]}"
1_2010_04_07,2010-04-07,0.00121817914883893,"{""type"":""MultiPoint"",""coordinates"":[]}"
1_2010_04_15,2010-04-15,0.0017417591792658089,"{""type"":""MultiPoint"",""coordinates"":[]}"
1_2010_04_23,2010-04-23,0.001778500429503358,"{""type"":""MultiPoint"",""coordinates"":[]}"
1_2010_05_01,2010-05-01,0.0019738489308801207,"{""type"":""MultiPoint"",""coordinates"":[]}"
1_2010_05_09,2010-05-09,0.0016218767489746516,"{""type"":""MultiPoint"",""coordinates"":[]}"
1_2010_05_17,2010-05-17,0.005719161039314747,"{""type"":""MultiPoint"",""coordinates"":[]}"
1_2010_05_25,2010-05-25,0.00540033064452441,"{""type"":""MultiPoint"",""coordinates"":[]}"
1_2010_06_02,2010-06-02,0.006640482161583236,"{""type"":""MultiPoint"",""coordinates"":[]}"
1_2010_06_10,2010-06-10,0.006649339642524982,"{""type"":""MultiPoint"",""coordinates"":[]}"
1_2010_06_18,2010-06-18,0.008509348138035019,"{""type"":""MultiPoint"",""coordinates"":[]}"
1_2010_06_26,2010-06-26,0.01047040818787168,"{""type"":""MultiPoint"",""coordinates"":[]}"
1_2010_07_04,2010-07-04,0.006433251304441501,"{""type"":""MultiPoint"",""coordinates"":[]}"
1_2010_07_12,2010-07-12,0.010298069201813611,"{""type"":""MultiPoint"",""coordinates"":[]}"
1_2010_07_20,2010-07-20,0.008539681628756311,"{""type"":""MultiPoint"",""coordinates"":[]}"
1_2010_07_28,2010-07-28,0.010421490528910468,"{""type"":""MultiPoint"",""coordinates"":[]}"
1_2010_08_05,2010-08-05,0.02170979884094316,"{""type"":""MultiPoint"",""coordinates"":[]}"
1_2010_08_13,2010-08-13,0.011382929323836968,"{""type"":""MultiPoint"",""coordinates"":[]}"
1_2010_08_21,2010-08-21,0.011870949407348064,"{""type"":""MultiPoint"",""coordinates"":[]}"
1_2010_08_29,2010-08-29,0.015676602988949375,"{""type"":""MultiPoint"",""coordinates"":[]}"
1_2010_09_06,2010-09-06,0.016815751622939874,"{""type"":""MultiPoint"",""coordinates"":[]}"
1_2010_09_14,2010-09-14,0.02055463374835637,"{""type"":""MultiPoint"",""coordinates"":[]}"
1_2010_09_22,2010-09-22,0.030087342311471164,"{""type"":""MultiPoint"",""coordinates"":[]}"
1_2010_09_30,2010-09-30,0.024949744857752473,"{""type"":""MultiPoint"",""coordinates"":[]}"
1_2010_10_08,2010-10-08,0.028970912972442812,"{""type"":""MultiPoint"",""coordinates"":[]}"
1_2010_10_16,2010-10-16,0.01970044817954409,"{""type"":""MultiPoint"",""coordinates"":[]}"
1_2010_10_24,2010-10-24,0.02217711365390793,"{""type"":""MultiPoint"",""coordinates"":[]}"
1_2010_11_01,2010-11-01,0.01756152211627216,"{""type"":""MultiPoint"",""coordinates"":[]}"
1_2010_11_09,2010-11-09,0.03442510858994779,"{""type"":""MultiPoint"",""coordinates"":[]}"
1_2010_11_17,2010-11-17,0.03599654289149816,"{""type"":""MultiPoint"",""coordinates"":[]}"
1_2010_11_25,2010-11-25,0.034113257678311866,"{""type"":""MultiPoint"",""coordinates"":[]}"
1_2010_12_03,2010-12-03,0.02038930528114184,"{""type"":""MultiPoint"",""coordinates"":[]}"
1_2010_12_11,2010-12-11,0.03162321412036164,"{""type"":""MultiPoint"",""coordinates"":[]}"
1_2010_12_19,2010-12-19,0.03266763315399573,"{""type"":""MultiPoint"",""coordinates"":[]}"
1_2010_12_27,2010-12-27,0.01922639704948846,"{""type"":""MultiPoint"",""coordinates"":[]}"
1_2011_01_01,2011-01-01,0.028284973085895893,"{""type"":""MultiPoint"",""coordinates"":[]}"
1_2011_01_09,2011-01-09,0.027395520985290734,"{""type"":""MultiPoint"",""coordinates"":[]}"
1_2011_01_17,2011-01-17,0.02434347356687351,"{""type"":""MultiPoint"",""coordinates"":[]}"
1_2011_01_25,2011-01-25,0.024134218921969295,"{""type"":""MultiPoint"",""coordinates"":[]}"
1_2011_02_02,2011-02-02,0.020727082783270605,"{""type"":""MultiPoint"",""coordinates"":[]}"
1_2011_02_10,2011-02-10,0.01756521809944149,"{""type"":""MultiPoint"",""coordinates"":[]}"
1_2011_02_18,2011-02-18,0.01643164679224258,"{""type"":""MultiPoint"",""coordinates"":[]}"
1_2011_02_26,2011-02-26,0.014357446890055385,"{""type"":""MultiPoint"",""coordinates"":[]}"
1_2011_03_06,2011-03-06,0.008095421958666183,"{""type"":""MultiPoint"",""coordinates"":[]}"
1_2011_03_14,2011-03-14,0.009986973229017114,"{""type"":""MultiPoint"",""coordinates"":[]}"
1_2011_03_22,2011-03-22,0.0065132080558959115,"{""type"":""MultiPoint"",""coordinates"":[]}"
1_2011_03_30,2011-03-30,0.003231061942639784,"{""type"":""MultiPoint"",""coordinates"":[]}"
1_2011_04_07,2011-04-07,0.006078190100571722,"{""type"":""MultiPoint"",""coordinates"":[]}"
1_2011_04_15,2011-04-15,0.004657059752404895,"{""type"":""MultiPoint"",""coordinates"":[]}"
1_2011_04_23,2011-04-23,0.007173630936904776,"{""type"":""MultiPoint"",""coordinates"":[]}"
1_2011_05_01,2011-05-01,0.0016728667326769777,"{""type"":""MultiPoint"",""coordinates"":[]}"
1_2011_05_09,2011-05-09,0.0021307294853218366,"{""type"":""MultiPoint"",""coordinates"":[]}"
1_2011_05_17,2011-05-17,0.00284683966084876,"{""type"":""MultiPoint"",""coordinates"":[]}"
1_2011_05_25,2011-05-25,0.007412809912800402,"{""type"":""MultiPoint"",""coordinates"":[]}"
1_2011_06_02,2011-06-02,0.007679287539827852,"{""type"":""MultiPoint"",""coordinates"":[]}"
1_2011_06_10,2011-06-10,0.00838227173310982,"{""type"":""MultiPoint"",""coordinates"":[]}"
1_2011_06_18,2011-06-18,0.007151978073483833,"{""type"":""MultiPoint"",""coordinates"":[]}"
1_2011_06_26,2011-06-26,0.008339121442091944,"{""type"":""MultiPoint"",""coordinates"":[]}"
1_2011_07_04,2011-07-04,0.009113368616778835,"{""type"":""MultiPoint"",""coordinates"":[]}"
1_2011_07_12,2011-07-12,0.006550759663852671,"{""type"":""MultiPoint"",""coordinates"":[]}"
1_2011_07_20,2011-07-20,0.007747378396126951,"{""type"":""MultiPoint"",""coordinates"":[]}"
1_2011_07_28,2011-07-28,0.00744593341532338,"{""type"":""MultiPoint"",""coordinates"":[]}"
1_2011_08_05,2011-08-05,0.011837438996572512,"{""type"":""MultiPoint"",""coordinates"":[]}"
1_2011_08_13,2011-08-13,0.012850025745579552,"{""type"":""MultiPoint"",""coordinates"":[]}"
1_2011_08_21,2011-08-21,0.006376893819164265,"{""type"":""MultiPoint"",""coordinates"":[]}"
1_2011_08_29,2011-08-29,0.011077569341996737,"{""type"":""MultiPoint"",""coordinates"":[]}"
1_2011_09_06,2011-09-06,0.016209444154527804,"{""type"":""MultiPoint"",""coordinates"":[]}"
1_2011_09_14,2011-09-14,0.017922209318192807,"{""type"":""MultiPoint"",""coordinates"":[]}"
1_2011_09_22,2011-09-22,0.030636571009934298,"{""type"":""MultiPoint"",""coordinates"":[]}"
1_2011_09_30,2011-09-30,0.025826757666646796,"{""type"":""MultiPoint"",""coordinates"":[]}"
1_2011_10_08,2011-10-08,0.025093013618160732,"{""type"":""MultiPoint"",""coordinates"":[]}"
1_2011_10_16,2011-10-16,0.030243859367309868,"{""type"":""MultiPoint"",""coordinates"":[]}"
1_2011_10_24,2011-10-24,0.020160600288558213,"{""type"":""MultiPoint"",""coordinates"":[]}"
1_2011_11_01,2011-11-01,0.032295095488042026,"{""type"":""MultiPoint"",""coordinates"":[]}"
1_2011_11_09,2011-11-09,0.03253541452061837,"{""type"":""MultiPoint"",""coordinates"":[]}"
1_2011_11_17,2011-11-17,0.03044676727221317,"{""type"":""MultiPoint"",""coordinates"":[]}"
1_2011_11_25,2011-11-25,0.025306536825914643,"{""type"":""MultiPoint"",""coordinates"":[]}"
1_2011_12_03,2011-12-03,0.026968667509167737,"{""type"":""MultiPoint"",""coordinates"":[]}"
1_2011_12_11,2011-12-11,0.025003811845272304,"{""type"":""MultiPoint"",""coordinates"":[]}"
1_2011_12_19,2011-12-19,0.020516044646410166,"{""type"":""MultiPoint"",""coordinates"":[]}"
1_2011_12_27,2011-12-27,0.00901307134107692,"{""type"":""MultiPoint"",""coordinates"":[]}"
1_2012_01_01,2012-01-01,0.017445133044752245,"{""type"":""MultiPoint"",""coordinates"":[]}"
1_2012_01_09,2012-01-09,0.015992199293558818,"{""type"":""MultiPoint"",""coordinates"":[]}"
1_2012_01_17,2012-01-17,0.015438807118301428,"{""type"":""MultiPoint"",""coordinates"":[]}"
1_2012_01_25,2012-01-25,0.015436065067189994,"{""type"":""MultiPoint"",""coordinates"":[]}"
1_2012_02_02,2012-02-02,0.012391143257603614,"{""type"":""MultiPoint"",""coordinates"":[]}"
1_2012_02_10,2012-02-10,0.010874755540083322,"{""type"":""MultiPoint"",""coordinates"":[]}"
1_2012_02_18,2012-02-18,0.005689857416542367,"{""type"":""MultiPoint"",""coordinates"":[]}"
1_2012_02_26,2012-02-26,0.0028569717368198628,"{""type"":""MultiPoint"",""coordinates"":[]}"
1_2012_03_05,2012-03-05,0.00563926709778699,"{""type"":""MultiPoint"",""coordinates"":[]}"
1_2012_03_13,2012-03-13,0.004452880184273875,"{""type"":""MultiPoint"",""coordinates"":[]}"
1_2012_03_21,2012-03-21,0.0034064326462568324,"{""type"":""MultiPoint"",""coordinates"":[]}"
1_2012_03_29,2012-03-29,0.0032514744526805574,"{""type"":""MultiPoint"",""coordinates"":[]}"
1_2012_04_06,2012-04-06,0.0026349645450663276,"{""type"":""MultiPoint"",""coordinates"":[]}"
1_2012_04_14,2012-04-14,0.001818828951269477,"{""type"":""MultiPoint"",""coordinates"":[]}"
1_2012_04_22,2012-04-22,0.005241256901273416,"{""type"":""MultiPoint"",""coordinates"":[]}"
1_2012_04_30,2012-04-30,0.002928433219077048,"{""type"":""MultiPoint"",""coordinates"":[]}"
1_2012_05_08,2012-05-08,0.0028088249849451004,"{""type"":""MultiPoint"",""coordinates"":[]}"
1_2012_05_16,2012-05-16,0.0014989189821883442,"{""type"":""MultiPoint"",""coordinates"":[]}"
1_2012_05_24,2012-05-24,0.001611437275873136,"{""type"":""MultiPoint"",""coordinates"":[]}"
1_2012_06_01,2012-06-01,0.004288323110914291,"{""type"":""MultiPoint"",""coordinates"":[]}"
1_2012_06_09,2012-06-09,0.005619752994619532,"{""type"":""MultiPoint"",""coordinates"":[]}"
1_2012_06_17,2012-06-17,0.0064291299023537,"{""type"":""MultiPoint"",""coordinates"":[]}"
1_2012_06_25,2012-06-25,0.00851496357824335,"{""type"":""MultiPoint"",""coordinates"":[]}"
1_2012_07_03,2012-07-03,0.005297962420461193,"{""type"":""MultiPoint"",""coordinates"":[]}"
1_2012_07_11,2012-07-11,0.00948635772418581,"{""type"":""MultiPoint"",""coordinates"":[]}"
1_2012_07_19,2012-07-19,0.006126496048138604,"{""type"":""MultiPoint"",""coordinates"":[]}"
1_2012_07_27,2012-07-27,0.010730012156345026,"{""type"":""MultiPoint"",""coordinates"":[]}"
1_2012_08_04,2012-08-04,0.008465553650817297,"{""type"":""MultiPoint"",""coordinates"":[]}"
1_2012_08_12,2012-08-12,0.017701871496350618,"{""type"":""MultiPoint"",""coordinates"":[]}"
1_2012_08_20,2012-08-20,0.01447992913433363,"{""type"":""MultiPoint"",""coordinates"":[]}"
1_2012_08_28,2012-08-28,0.014081575743618761,"{""type"":""MultiPoint"",""coordinates"":[]}"
1_2012_09_05,2012-09-05,0.016561753219427745,"{""type"":""MultiPoint"",""coordinates"":[]}"
1_2012_09_13,2012-09-13,0.024838449897333612,"{""type"":""MultiPoint"",""coordinates"":[]}"
1_2012_09_21,2012-09-21,0.02676371751512352,"{""type"":""MultiPoint"",""coordinates"":[]}"
1_2012_09_29,2012-09-29,0.020513679801751422,"{""type"":""MultiPoint"",""coordinates"":[]}"
1_2012_10_07,2012-10-07,0.03074588220951107,"{""type"":""MultiPoint"",""coordinates"":[]}"
1_2012_10_15,2012-10-15,0.0285117261534186,"{""type"":""MultiPoint"",""coordinates"":[]}"
1_2012_10_23,2012-10-23,0.03258011541002386,"{""type"":""MultiPoint"",""coordinates"":[]}"
1_2012_10_31,2012-10-31,0.025435346406593316,"{""type"":""MultiPoint"",""coordinates"":[]}"
1_2012_11_08,2012-11-08,0.034520653874501366,"{""type"":""MultiPoint"",""coordinates"":[]}"
1_2012_11_16,2012-11-16,0.03468791303919192,"{""type"":""MultiPoint"",""coordinates"":[]}"
1_2012_11_24,2012-11-24,0.03259139280760911,"{""type"":""MultiPoint"",""coordinates"":[]}"
1_2012_12_02,2012-12-02,0.029517778023586624,"{""type"":""MultiPoint"",""coordinates"":[]}"
1_2012_12_10,2012-12-10,0.02571721305875756,"{""type"":""MultiPoint"",""coordinates"":[]}"
1_2012_12_18,2012-12-18,0.02359112003259047,"{""type"":""MultiPoint"",""coordinates"":[]}"
1_2012_12_26,2012-12-26,0.014789294907937024,"{""type"":""MultiPoint"",""coordinates"":[]}"
1_2013_01_01,2013-01-01,0.019838208068485484,"{""type"":""MultiPoint"",""coordinates"":[]}"
1_2013_01_09,2013-01-09,0.016684835207308346,"{""type"":""MultiPoint"",""coordinates"":[]}"
1_2013_01_17,2013-01-17,0.017991908698335748,"{""type"":""MultiPoint"",""coordinates"":[]}"
1_2013_01_25,2013-01-25,0.015607505948506782,"{""type"":""MultiPoint"",""coordinates"":[]}"
1_2013_02_02,2013-02-02,0.014263633488802295,"{""type"":""MultiPoint"",""coordinates"":[]}"
1_2013_02_10,2013-02-10,0.012774391968744112,"{""type"":""MultiPoint"",""coordinates"":[]}"
1_2013_02_18,2013-02-18,0.012699858126552648,"{""type"":""MultiPoint"",""coordinates"":[]}"
1_2013_02_26,2013-02-26,0.008590560881008381,"{""type"":""MultiPoint"",""coordinates"":[]}"
1_2013_03_06,2013-03-06,0.00902643006582366,"{""type"":""MultiPoint"",""coordinates"":[]}"
1_2013_03_14,2013-03-14,0.005958433133472682,"{""type"":""MultiPoint"",""coordinates"":[]}"
1_2013_03_22,2013-03-22,0.004506801538479322,"{""type"":""MultiPoint"",""coordinates"":[]}"
1_2013_03_30,2013-03-30,0.004090326280952271,"{""type"":""MultiPoint"",""coordinates"":[]}"
1_2013_04_07,2013-04-07,0.003209218506537056,"{""type"":""MultiPoint"",""coordinates"":[]}"
1_2013_04_15,2013-04-15,0.002950785087716965,"{""type"":""MultiPoint"",""coordinates"":[]}"
1_2013_04_23,2013-04-23,0.003788319250335802,"{""type"":""MultiPoint"",""coordinates"":[]}"
1_2013_05_01,2013-05-01,0.0013559076272211896,"{""type"":""MultiPoint"",""coordinates"":[]}"
1_2013_05_09,2013-05-09,0.003511368551988599,"{""type"":""MultiPoint"",""coordinates"":[]}"
1_2013_05_17,2013-05-17,0.0035023238889606146,"{""type"":""MultiPoint"",""coordinates"":[]}"
1_2013_05_25,2013-05-25,0.00468263655214354,"{""type"":""MultiPoint"",""coordinates"":[]}"
1_2013_06_02,2013-06-02,0.006538636508725794,"{""type"":""MultiPoint"",""coordinates"":[]}"
1_2013_06_10,2013-06-10,0.007630445721642668,"{""type"":""MultiPoint"",""coordinates"":[]}"
1_2013_06_18,2013-06-18,0.007930446387452546,"{""type"":""MultiPoint"",""coordinates"":[]}"
1_2013_06_26,2013-06-26,0.008531098864312824,"{""type"":""MultiPoint"",""coordinates"":[]}"
1_2013_07_04,2013-07-04,0.006015019125807094,"{""type"":""MultiPoint"",""coordinates"":[]}"
1_2013_07_12,2013-07-12,0.0064357331973510625,"{""type"":""MultiPoint"",""coordinates"":[]}"
1_2013_07_20,2013-07-20,0.008702125287396062,"{""type"":""MultiPoint"",""coordinates"":[]}"
1_2013_07_28,2013-07-28,0.01362882916891591,"{""type"":""MultiPoint"",""coordinates"":[]}"
1_2013_08_05,2013-08-05,0.012312230423246539,"{""type"":""MultiPoint"",""coordinates"":[]}"
1_2013_08_13,2013-08-13,0.013386432238937524,"{""type"":""MultiPoint"",""coordinates"":[]}"
1_2013_08_21,2013-08-21,0.02696397668300387,"{""type"":""MultiPoint"",""coordinates"":[]}"
1_2013_08_29,2013-08-29,0.021738316897621353,"{""type"":""MultiPoint"",""coordinates"":[]}"
1_2013_09_06,2013-09-06,0.017830414758687903,"{""type"":""MultiPoint"",""coordinates"":[]}"
1_2013_09_14,2013-09-14,0.02039246876190812,"{""type"":""MultiPoint"",""coordinates"":[]}"
1_2013_09_22,2013-09-22,0.03939666457244323,"{""type"":""MultiPoint"",""coordinates"":[]}"
1_2013_09_30,2013-09-30,0.028192742577604943,"{""type"":""MultiPoint"",""coordinates"":[]}"
1_2013_10_08,2013-10-08,0.021694589618032976,"{""type"":""MultiPoint"",""coordinates"":[]}"
1_2013_10_16,2013-10-16,0.028312338580978227,"{""type"":""MultiPoint"",""coordinates"":[]}"
1_2013_10_24,2013-10-24,0.03056124975528701,"{""type"":""MultiPoint"",""coordinates"":[]}"
1_2013_11_01,2013-11-01,0.04002419872443225,"{""type"":""MultiPoint"",""coordinates"":[]}"
1_2013_11_09,2013-11-09,0.04016416178932972,"{""type"":""MultiPoint"",""coordinates"":[]}"
1_2013_11_17,2013-11-17,0.034417353527849553,"{""type"":""MultiPoint"",""coordinates"":[]}"
1_2013_11_25,2013-11-25,0.03288328111761615,"{""type"":""MultiPoint"",""coordinates"":[]}"
1_2013_12_03,2013-12-03,0.036514488799875906,"{""type"":""MultiPoint"",""coordinates"":[]}"
1_2013_12_11,2013-12-11,0.03262292817461589,"{""type"":""MultiPoint"",""coordinates"":[]}"
1_2013_12_19,2013-12-19,0.031688274641076604,"{""type"":""MultiPoint"",""coordinates"":[]}"
1_2013_12_27,2013-12-27,0.017287483267332197,"{""type"":""MultiPoint"",""coordinates"":[]}"
1_2014_01_01,2014-01-01,0.027479408023433963,"{""type"":""MultiPoint"",""coordinates"":[]}"
1_2014_01_09,2014-01-09,0.024069240474904982,"{""type"":""MultiPoint"",""coordinates"":[]}"
1_2014_01_17,2014-01-17,0.02322843518293704,"{""type"":""MultiPoint"",""coordinates"":[]}"
1_2014_01_25,2014-01-25,0.020419466192833396,"{""type"":""MultiPoint"",""coordinates"":[]}"
1_2014_02_02,2014-02-02,0.015453474595801849,"{""type"":""MultiPoint"",""coordinates"":[]}"
1_2014_02_10,2014-02-10,0.015594087658956944,"{""type"":""MultiPoint"",""coordinates"":[]}"
1_2014_02_18,2014-02-18,0.018681142435691984,"{""type"":""MultiPoint"",""coordinates"":[]}"
1_2014_02_26,2014-02-26,0.016450717639501105,"{""type"":""MultiPoint"",""coordinates"":[]}"
1_2014_03_06,2014-03-06,0.014170137941810988,"{""type"":""MultiPoint"",""coordinates"":[]}"
1_2014_03_14,2014-03-14,0.007324581374859423,"{""type"":""MultiPoint"",""coordinates"":[]}"
1_2014_03_22,2014-03-22,0.004590354496742558,"{""type"":""MultiPoint"",""coordinates"":[]}"
1_2014_03_30,2014-03-30,0.0016566957334626124,"{""type"":""MultiPoint"",""coordinates"":[]}"
1_2014_04_07,2014-04-07,0.0029953072155714474,"{""type"":""MultiPoint"",""coordinates"":[]}"
1_2014_04_15,2014-04-15,0.00335632069229044,"{""type"":""MultiPoint"",""coordinates"":[]}"
1_2014_04_23,2014-04-23,0.001817157662259987,"{""type"":""MultiPoint"",""coordinates"":[]}"
1_2014_05_01,2014-05-01,0.006781218494675783,"{""type"":""MultiPoint"",""coordinates"":[]}"
1_2014_05_09,2014-05-09,0.006195627654741862,"{""type"":""MultiPoint"",""coordinates"":[]}"
1_2014_05_17,2014-05-17,0.0029760909420152803,"{""type"":""MultiPoint"",""coordinates"":[]}"
1_2014_05_25,2014-05-25,0.003613956515679494,"{""type"":""MultiPoint"",""coordinates"":[]}"
1_2014_06_02,2014-06-02,0.0058361483997259895,"{""type"":""MultiPoint"",""coordinates"":[]}"
1_2014_06_10,2014-06-10,0.0074137088400133225,"{""type"":""MultiPoint"",""coordinates"":[]}"
1_2014_06_18,2014-06-18,0.007574055701204446,"{""type"":""MultiPoint"",""coordinates"":[]}"
1_2014_06_26,2014-06-26,0.007476426845878336,"{""type"":""MultiPoint"",""coordinates"":[]}"
1_2014_07_04,2014-07-04,0.004456822975877989,"{""type"":""MultiPoint"",""coordinates"":[]}"
1_2014_07_12,2014-07-12,0.005651227649841461,"{""type"":""MultiPoint"",""coordinates"":[]}"
1_2014_07_20,2014-07-20,0.007981364385361808,"{""type"":""MultiPoint"",""coordinates"":[]}"
1_2014_07_28,2014-07-28,0.00461143608412928,"{""type"":""MultiPoint"",""coordinates"":[]}"
1_2014_08_05,2014-08-05,0.011731098758007581,"{""type"":""MultiPoint"",""coordinates"":[]}"
1_2014_08_13,2014-08-13,0.016544563027601166,"{""type"":""MultiPoint"",""coordinates"":[]}"
1_2014_08_21,2014-08-21,0.013931303737917598,"{""type"":""MultiPoint"",""coordinates"":[]}"
1_2014_08_29,2014-08-29,0.010856091435497879,"{""type"":""MultiPoint"",""coordinates"":[]}"
1_2014_09_06,2014-09-06,0.026059734181854838,"{""type"":""MultiPoint"",""coordinates"":[]}"
1_2014_09_14,2014-09-14,0.012499752626465525,"{""type"":""MultiPoint"",""coordinates"":[]}"
1_2014_09_22,2014-09-22,0.030843240846751198,"{""type"":""MultiPoint"",""coordinates"":[]}"
1_2014_09_30,2014-09-30,0.03866989825026884,"{""type"":""MultiPoint"",""coordinates"":[]}"
1_2014_10_08,2014-10-08,0.028406864740059285,"{""type"":""MultiPoint"",""coordinates"":[]}"
1_2014_10_16,2014-10-16,0.03521624717009932,"{""type"":""MultiPoint"",""coordinates"":[]}"
1_2014_10_24,2014-10-24,0.03098188312955878,"{""type"":""MultiPoint"",""coordinates"":[]}"
1_2014_11_01,2014-11-01,0.029038080725358732,"{""type"":""MultiPoint"",""coordinates"":[]}"
1_2014_11_09,2014-11-09,0.031565662737325265,"{""type"":""MultiPoint"",""coordinates"":[]}"
1_2014_11_17,2014-11-17,0.03405475713578905,"{""type"":""MultiPoint"",""coordinates"":[]}"
1_2014_11_25,2014-11-25,0.02837583919875457,"{""type"":""MultiPoint"",""coordinates"":[]}"
1_2014_12_03,2014-12-03,0.02753654271021885,"{""type"":""MultiPoint"",""coordinates"":[]}"
1_2014_12_11,2014-12-11,0.0222197968989039,"{""type"":""MultiPoint"",""coordinates"":[]}"
1_2014_12_19,2014-12-19,0.02373047348423462,"{""type"":""MultiPoint"",""coordinates"":[]}"
1_2014_12_27,2014-12-27,0.013810576115185083,"{""type"":""MultiPoint"",""coordinates"":[]}"
1_2015_01_01,2015-01-01,0.02046514640459073,"{""type"":""MultiPoint"",""coordinates"":[]}"
1_2015_01_09,2015-01-09,0.019396045313338436,"{""type"":""MultiPoint"",""coordinates"":[]}"
1_2015_01_17,2015-01-17,0.017838900533099854,"{""type"":""MultiPoint"",""coordinates"":[]}"
1_2015_01_25,2015-01-25,0.018782556218549646,"{""type"":""MultiPoint"",""coordinates"":[]}"
1_2015_02_02,2015-02-02,0.01584560894212862,"{""type"":""MultiPoint"",""coordinates"":[]}"
1_2015_02_10,2015-02-10,0.012819195874037868,"{""type"":""MultiPoint"",""coordinates"":[]}"
1_2015_02_18,2015-02-18,0.009670165273585494,"{""type"":""MultiPoint"",""coordinates"":[]}"
1_2015_02_26,2015-02-26,0.013323241659150753,"{""type"":""MultiPoint"",""coordinates"":[]}"
1_2015_03_06,2015-03-06,0.01337475072834823,"{""type"":""MultiPoint"",""coordinates"":[]}"
1_2015_03_14,2015-03-14,0.008373409429243986,"{""type"":""MultiPoint"",""coordinates"":[]}"
1_2015_03_22,2015-03-22,0.006043886290645281,"{""type"":""MultiPoint"",""coordinates"":[]}"
1_2015_03_30,2015-03-30,0.004477728616020083,"{""type"":""MultiPoint"",""coordinates"":[]}"
1_2015_04_07,2015-04-07,0.006233970250385046,"{""type"":""MultiPoint"",""coordinates"":[]}"
1_2015_04_15,2015-04-15,0.006273185213583371,"{""type"":""MultiPoint"",""coordinates"":[]}"
1_2015_04_23,2015-04-23,0.002819752105008121,"{""type"":""MultiPoint"",""coordinates"":[]}"
1_2015_05_01,2015-05-01,0.002574528230365283,"{""type"":""MultiPoint"",""coordinates"":[]}"
1_2015_05_09,2015-05-09,0.002748481922786845,"{""type"":""MultiPoint"",""coordinates"":[]}"
1_2015_05_17,2015-05-17,0.0026736577986950505,"{""type"":""MultiPoint"",""coordinates"":[]}"
1_2015_05_25,2015-05-25,0.0016875625770332151,"{""type"":""MultiPoint"",""coordinates"":[]}"
1_2015_06_02,2015-06-02,0.006091888959031865,"{""type"":""MultiPoint"",""coordinates"":[]}"
1_2015_06_10,2015-06-10,0.009317806653409482,"{""type"":""MultiPoint"",""coordinates"":[]}"
1_2015_06_18,2015-06-18,0.006749291586720833,"{""type"":""MultiPoint"",""coordinates"":[]}"
1_2015_06_26,2015-06-26,0.01001090415242124,"{""type"":""MultiPoint"",""coordinates"":[]}"
1_2015_07_04,2015-07-04,0.009650975727538286,"{""type"":""MultiPoint"",""coordinates"":[]}"
1_2015_07_12,2015-07-12,0.008472819840640357,"{""type"":""MultiPoint"",""coordinates"":[]}"
1_2015_07_20,2015-07-20,0.008064218433520927,"{""type"":""MultiPoint"",""coordinates"":[]}"
1_2015_07_28,2015-07-28,0.0122938086958238,"{""type"":""MultiPoint"",""coordinates"":[]}"
1_2015_08_05,2015-08-05,0.007025030292948739,"{""type"":""MultiPoint"",""coordinates"":[]}"
1_2015_08_13,2015-08-13,0.013981796070725729,"{""type"":""MultiPoint"",""coordinates"":[]}"
1_2015_08_21,2015-08-21,0.008861722452299516,"{""type"":""MultiPoint"",""coordinates"":[]}"
1_2015_08_29,2015-08-29,0.017438342959320938,"{""type"":""MultiPoint"",""coordinates"":[]}"
1_2015_09_06,2015-09-06,0.012413620925139,"{""type"":""MultiPoint"",""coordinates"":[]}"
1_2015_09_14,2015-09-14,0.012903940743819006,"{""type"":""MultiPoint"",""coordinates"":[]}"
1_2015_09_22,2015-09-22,0.02691043359830903,"{""type"":""MultiPoint"",""coordinates"":[]}"
1_2015_09_30,2015-09-30,0.0249320878381101,"{""type"":""MultiPoint"",""coordinates"":[]}"
1_2015_10_08,2015-10-08,0.027661118092789126,"{""type"":""MultiPoint"",""coordinates"":[]}"
1_2015_10_16,2015-10-16,0.030997978987377037,"{""type"":""MultiPoint"",""coordinates"":[]}"
1_2015_10_24,2015-10-24,0.028112949855958396,"{""type"":""MultiPoint"",""coordinates"":[]}"
1_2015_11_01,2015-11-01,0.027967713375688777,"{""type"":""MultiPoint"",""coordinates"":[]}"
1_2015_11_09,2015-11-09,0.02047782065443987,"{""type"":""MultiPoint"",""coordinates"":[]}"
1_2015_11_17,2015-11-17,0.019651186666167896,"{""type"":""MultiPoint"",""coordinates"":[]}"
1_2015_11_25,2015-11-25,0.028676206798522536,"{""type"":""MultiPoint"",""coordinates"":[]}"
1_2015_12_03,2015-12-03,0.03127767079686995,"{""type"":""MultiPoint"",""coordinates"":[]}"
1_2015_12_11,2015-12-11,0.02829303177966349,"{""type"":""MultiPoint"",""coordinates"":[]}"
1_2015_12_19,2015-12-19,0.023723897336374394,"{""type"":""MultiPoint"",""coordinates"":[]}"
1_2015_12_27,2015-12-27,0.013528601596231508,"{""type"":""MultiPoint"",""coordinates"":[]}"
1_2016_01_01,2016-01-01,0.029194347313605432,"{""type"":""MultiPoint"",""coordinates"":[]}"
1_2016_01_09,2016-01-09,0.016746091503198102,"{""type"":""MultiPoint"",""coordinates"":[]}"
1_2016_01_17,2016-01-17,0.01729389681771437,"{""type"":""MultiPoint"",""coordinates"":[]}"
1_2016_01_25,2016-01-25,0.013524059687669919,"{""type"":""MultiPoint"",""coordinates"":[]}"
1_2016_02_02,2016-02-02,0.011712010448626464,"{""type"":""MultiPoint"",""coordinates"":[]}"
1_2016_02_10,2016-02-10,0.010589189038576743,"{""type"":""MultiPoint"",""coordinates"":[]}"
1_2016_02_18,2016-02-18,0.006716489228343482,"{""type"":""MultiPoint"",""coordinates"":[]}"
1_2016_02_26,2016-02-26,0.006595462886388798,"{""type"":""MultiPoint"",""coordinates"":[]}"
1_2016_03_05,2016-03-05,0.006408828750407817,"{""type"":""MultiPoint"",""coordinates"":[]}"
1_2016_03_13,2016-03-13,0.003132130875163517,"{""type"":""MultiPoint"",""coordinates"":[]}"
1_2016_03_21,2016-03-21,0.0019136254795019552,"{""type"":""MultiPoint"",""coordinates"":[]}"
1_2016_03_29,2016-03-29,0.0015716360643119932,"{""type"":""MultiPoint"",""coordinates"":[]}"
1_2016_04_06,2016-04-06,0.001774493949550935,"{""type"":""MultiPoint"",""coordinates"":[]}"
1_2016_04_14,2016-04-14,3.772651060643425E-4,"{""type"":""MultiPoint"",""coordinates"":[]}"
1_2016_04_22,2016-04-22,2.621803839999619E-4,"{""type"":""MultiPoint"",""coordinates"":[]}"
1_2016_04_30,2016-04-30,7.351710300430511E-4,"{""type"":""MultiPoint"",""coordinates"":[]}"
1_2016_05_08,2016-05-08,9.203098746145656E-4,"{""type"":""MultiPoint"",""coordinates"":[]}"
1_2016_05_16,2016-05-16,0.003479817558032166,"{""type"":""MultiPoint"",""coordinates"":[]}"
1_2016_05_24,2016-05-24,0.0028325510571243057,"{""type"":""MultiPoint"",""coordinates"":[]}"
1_2016_06_01,2016-06-01,0.0046155956332048845,"{""type"":""MultiPoint"",""coordinates"":[]}"
1_2016_06_09,2016-06-09,0.009750308765118046,"{""type"":""MultiPoint"",""coordinates"":[]}"
1_2016_06_17,2016-06-17,0.006813454394347253,"{""type"":""MultiPoint"",""coordinates"":[]}"
1_2016_06_25,2016-06-25,0.0057928889830351745,"{""type"":""MultiPoint"",""coordinates"":[]}"
1_2016_07_03,2016-07-03,0.0064052294607314176,"{""type"":""MultiPoint"",""coordinates"":[]}"
1_2016_07_11,2016-07-11,0.012819978995098243,"{""type"":""MultiPoint"",""coordinates"":[]}"
1_2016_07_19,2016-07-19,0.007569988078646489,"{""type"":""MultiPoint"",""coordinates"":[]}"
1_2016_07_27,2016-07-27,0.0056513249364078325,"{""type"":""MultiPoint"",""coordinates"":[]}"
1_2016_08_04,2016-08-04,0.01844487178432664,"{""type"":""MultiPoint"",""coordinates"":[]}"
1_2016_08_12,2016-08-12,0.02185904712764336,"{""type"":""MultiPoint"",""coordinates"":[]}"
1_2016_08_20,2016-08-20,0.01771738999632459,"{""type"":""MultiPoint"",""coordinates"":[]}"
1_2016_08_28,2016-08-28,0.011322707741202967,"{""type"":""MultiPoint"",""coordinates"":[]}"
1_2016_09_05,2016-09-05,0.020514079130996135,"{""type"":""MultiPoint"",""coordinates"":[]}"
1_2016_09_13,2016-09-13,0.016250149720491363,"{""type"":""MultiPoint"",""coordinates"":[]}"
1_2016_09_21,2016-09-21,0.0051020638874194925,"{""type"":""MultiPoint"",""coordinates"":[]}"
1_2016_09_29,2016-09-29,0.03158709372940877,"{""type"":""MultiPoint"",""coordinates"":[]}"
1_2016_10_07,2016-10-07,0.03229457895948059,"{""type"":""MultiPoint"",""coordinates"":[]}"
1_2016_10_15,2016-10-15,0.03355163600388579,"{""type"":""MultiPoint"",""coordinates"":[]}"
1_2016_10_23,2016-10-23,0.028318077940147703,"{""type"":""MultiPoint"",""coordinates"":[]}"
1_2016_10_31,2016-10-31,0.03345825799750883,"{""type"":""MultiPoint"",""coordinates"":[]}"
1_2016_11_08,2016-11-08,0.03091240614668902,"{""type"":""MultiPoint"",""coordinates"":[]}"
1_2016_11_16,2016-11-16,0.02989355877654543,"{""type"":""MultiPoint"",""coordinates"":[]}"
1_2016_11_24,2016-11-24,0.026844485015949136,"{""type"":""MultiPoint"",""coordinates"":[]}"
1_2016_12_02,2016-12-02,0.026334016929809603,"{""type"":""MultiPoint"",""coordinates"":[]}"
1_2016_12_10,2016-12-10,0.021405830155489827,"{""type"":""MultiPoint"",""coordinates"":[]}"
1_2016_12_18,2016-12-18,0.02330286064359441,"{""type"":""MultiPoint"",""coordinates"":[]}"
1_2016_12_26,2016-12-26,0.017379274453027064,"{""type"":""MultiPoint"",""coordinates"":[]}"
1_2017_01_01,2017-01-01,0.019753022337472066,"{""type"":""MultiPoint"",""coordinates"":[]}"
1_2017_01_09,2017-01-09,0.0187377224469288,"{""type"":""MultiPoint"",""coordinates"":[]}"
1_2017_01_17,2017-01-17,0.018200376551833812,"{""type"":""MultiPoint"",""coordinates"":[]}"
1_2017_01_25,2017-01-25,0.014791135530852748,"{""type"":""MultiPoint"",""coordinates"":[]}"
1_2017_02_02,2017-02-02,0.013239893479377596,"{""type"":""MultiPoint"",""coordinates"":[]}"
1_2017_02_10,2017-02-10,0.015043954013018095,"{""type"":""MultiPoint"",""coordinates"":[]}"
1_2017_02_18,2017-02-18,0.005975808017592428,"{""type"":""MultiPoint"",""coordinates"":[]}"
1_2017_02_26,2017-02-26,0.0081679919303849,"{""type"":""MultiPoint"",""coordinates"":[]}"
1_2017_03_06,2017-03-06,0.007188377226147862,"{""type"":""MultiPoint"",""coordinates"":[]}"
1_2017_03_14,2017-03-14,0.007362173283892772,"{""type"":""MultiPoint"",""coordinates"":[]}"
1_2017_03_22,2017-03-22,0.0027567610387774907,"{""type"":""MultiPoint"",""coordinates"":[]}"
1_2017_03_30,2017-03-30,8.697525833840754E-4,"{""type"":""MultiPoint"",""coordinates"":[]}"
1_2017_04_07,2017-04-07,5.677620357577868E-4,"{""type"":""MultiPoint"",""coordinates"":[]}"
1_2017_04_15,2017-04-15,3.3823684377933997E-4,"{""type"":""MultiPoint"",""coordinates"":[]}"
1_2017_04_23,2017-04-23,6.27539640723401E-4,"{""type"":""MultiPoint"",""coordinates"":[]}"
1_2017_05_01,2017-05-01,0.0018271297816125896,"{""type"":""MultiPoint"",""coordinates"":[]}"
1_2017_05_09,2017-05-09,0.0026668691903546115,"{""type"":""MultiPoint"",""coordinates"":[]}"
1_2017_05_17,2017-05-17,0.0011907087970993767,"{""type"":""MultiPoint"",""coordinates"":[]}"
1_2017_05_25,2017-05-25,0.004198512536052457,"{""type"":""MultiPoint"",""coordinates"":[]}"
1_2017_06_02,2017-06-02,0.007145587591453042,"{""type"":""MultiPoint"",""coordinates"":[]}"
1_2017_06_10,2017-06-10,0.008073172496055464,"{""type"":""MultiPoint"",""coordinates"":[]}"
1_2017_06_18,2017-06-18,0.00787508145679862,"{""type"":""MultiPoint"",""coordinates"":[]}"
1_2017_06_26,2017-06-26,0.005953008344275798,"{""type"":""MultiPoint"",""coordinates"":[]}"
1_2017_07_04,2017-07-04,0.009418430920074898,"{""type"":""MultiPoint"",""coordinates"":[]}"
1_2017_07_12,2017-07-12,0.005080187317486303,"{""type"":""MultiPoint"",""coordinates"":[]}"
1_2017_07_20,2017-07-20,0.016314359420154655,"{""type"":""MultiPoint"",""coordinates"":[]}"
1_2017_07_28,2017-07-28,0.013002969696532913,"{""type"":""MultiPoint"",""coordinates"":[]}"
1_2017_08_05,2017-08-05,0.013172346768759953,"{""type"":""MultiPoint"",""coordinates"":[]}"
1_2017_08_13,2017-08-13,0.010131459336000199,"{""type"":""MultiPoint"",""coordinates"":[]}"
1_2017_08_21,2017-08-21,0.0241295790666251,"{""type"":""MultiPoint"",""coordinates"":[]}"
1_2017_08_29,2017-08-29,0.023957582150163543,"{""type"":""MultiPoint"",""coordinates"":[]}"
1_2017_09_06,2017-09-06,0.022300489431778984,"{""type"":""MultiPoint"",""coordinates"":[]}"
1_2017_09_14,2017-09-14,0.024627203630554064,"{""type"":""MultiPoint"",""coordinates"":[]}"
1_2017_09_22,2017-09-22,0.023695112468990052,"{""type"":""MultiPoint"",""coordinates"":[]}"
1_2017_09_30,2017-09-30,0.016238320008464088,"{""type"":""MultiPoint"",""coordinates"":[]}"
1_2017_10_08,2017-10-08,0.02315167105122009,"{""type"":""MultiPoint"",""coordinates"":[]}"
1_2017_10_16,2017-10-16,0.03562568079476041,"{""type"":""MultiPoint"",""coordinates"":[]}"
1_2017_10_24,2017-10-24,0.03814084447963343,"{""type"":""MultiPoint"",""coordinates"":[]}"
1_2017_11_01,2017-11-01,0.03457657152803508,"{""type"":""MultiPoint"",""coordinates"":[]}"
1_2017_11_09,2017-11-09,0.03421126967642884,"{""type"":""MultiPoint"",""coordinates"":[]}"
1_2017_11_17,2017-11-17,0.03287949781824236,"{""type"":""MultiPoint"",""coordinates"":[]}"
1_2017_11_25,2017-11-25,0.031324020639881094,"{""type"":""MultiPoint"",""coordinates"":[]}"
1_2017_12_03,2017-12-03,0.028717870324972968,"{""type"":""MultiPoint"",""coordinates"":[]}"
1_2017_12_11,2017-12-11,0.027681037869976808,"{""type"":""MultiPoint"",""coordinates"":[]}"
1_2017_12_19,2017-12-19,0.027126166203705365,"{""type"":""MultiPoint"",""coordinates"":[]}"
1_2017_12_27,2017-12-27,0.01583341477474566,"{""type"":""MultiPoint"",""coordinates"":[]}"
1_2018_01_01,2018-01-01,0.020945523724064004,"{""type"":""MultiPoint"",""coordinates"":[]}"
1_2018_01_09,2018-01-09,0.017767302520660232,"{""type"":""MultiPoint"",""coordinates"":[]}"
1_2018_01_17,2018-01-17,0.017562366318391396,"{""type"":""MultiPoint"",""coordinates"":[]}"
1_2018_01_25,2018-01-25,0.014400870705826928,"{""type"":""MultiPoint"",""coordinates"":[]}"
1_2018_02_02,2018-02-02,0.012238843872124162,"{""type"":""MultiPoint"",""coordinates"":[]}"
1_2018_02_10,2018-02-10,0.011937055747474293,"{""type"":""MultiPoint"",""coordinates"":[]}"
1_2018_02_18,2018-02-18,0.011755499306746325,"{""type"":""MultiPoint"",""coordinates"":[]}"
1_2018_02_26,2018-02-26,0.0043942205299836055,"{""type"":""MultiPoint"",""coordinates"":[]}"
1_2018_03_06,2018-03-06,0.005890359605014765,"{""type"":""MultiPoint"",""coordinates"":[]}"
1_2018_03_14,2018-03-14,0.007522798571094084,"{""type"":""MultiPoint"",""coordinates"":[]}"
1_2018_03_22,2018-03-22,0.002766510570626577,"{""type"":""MultiPoint"",""coordinates"":[]}"
1_2018_03_30,2018-03-30,0.003675990415919118,"{""type"":""MultiPoint"",""coordinates"":[]}"
1_2018_04_07,2018-04-07,0.006323714322593862,"{""type"":""MultiPoint"",""coordinates"":[]}"
1_2018_04_15,2018-04-15,0.0013375765786225878,"{""type"":""MultiPoint"",""coordinates"":[]}"
1_2018_04_23,2018-04-23,0.00101705962595709,"{""type"":""MultiPoint"",""coordinates"":[]}"
1_2018_05_01,2018-05-01,0.0013691272816366428,"{""type"":""MultiPoint"",""coordinates"":[]}"
1_2018_05_09,2018-05-09,0.0025496498651511198,"{""type"":""MultiPoint"",""coordinates"":[]}"
1_2018_05_17,2018-05-17,0.0030445179259787707,"{""type"":""MultiPoint"",""coordinates"":[]}"
1_2018_05_25,2018-05-25,0.0030105666987318585,"{""type"":""MultiPoint"",""coordinates"":[]}"
1_2018_06_02,2018-06-02,0.007551080573006227,"{""type"":""MultiPoint"",""coordinates"":[]}"
1_2018_06_10,2018-06-10,0.011164412810830337,"{""type"":""MultiPoint"",""coordinates"":[]}"
1_2018_06_18,2018-06-18,0.012412910578772703,"{""type"":""MultiPoint"",""coordinates"":[]}"
1_2018_06_26,2018-06-26,0.0077088225958632005,"{""type"":""MultiPoint"",""coordinates"":[]}"
1_2018_07_04,2018-07-04,0.005621607823344178,"{""type"":""MultiPoint"",""coordinates"":[]}"
1_2018_07_12,2018-07-12,0.005182847943970615,"{""type"":""MultiPoint"",""coordinates"":[]}"
1_2018_07_20,2018-07-20,0.00544454977295021,"{""type"":""MultiPoint"",""coordinates"":[]}"
1_2018_07_28,2018-07-28,0.009830266148812033,"{""type"":""MultiPoint"",""coordinates"":[]}"
1_2018_08_05,2018-08-05,0.00721567420995667,"{""type"":""MultiPoint"",""coordinates"":[]}"
1_2018_08_13,2018-08-13,0.005057311210317895,"{""type"":""MultiPoint"",""coordinates"":[]}"
1_2018_08_21,2018-08-21,0.01271031501142218,"{""type"":""MultiPoint"",""coordinates"":[]}"
1_2018_08_29,2018-08-29,0.019343084387033548,"{""type"":""MultiPoint"",""coordinates"":[]}"
1_2018_09_06,2018-09-06,0.023154602572789815,"{""type"":""MultiPoint"",""coordinates"":[]}"
1_2018_09_14,2018-09-14,0.01849744314473483,"{""type"":""MultiPoint"",""coordinates"":[]}"
1_2018_09_22,2018-09-22,0.02750603238264077,"{""type"":""MultiPoint"",""coordinates"":[]}"
1_2018_09_30,2018-09-30,0.030206161851881946,"{""type"":""MultiPoint"",""coordinates"":[]}"
1_2018_10_08,2018-10-08,0.02268303473440419,"{""type"":""MultiPoint"",""coordinates"":[]}"
1_2018_10_16,2018-10-16,0.02234305425214403,"{""type"":""MultiPoint"",""coordinates"":[]}"
1_2018_10_24,2018-10-24,0.02524065814799308,"{""type"":""MultiPoint"",""coordinates"":[]}"
1_2018_11_01,2018-11-01,0.0261432944640261,"{""type"":""MultiPoint"",""coordinates"":[]}"
1_2018_11_09,2018-11-09,0.022748032305316534,"{""type"":""MultiPoint"",""coordinates"":[]}"
1_2018_11_17,2018-11-17,0.021877512653044006,"{""type"":""MultiPoint"",""coordinates"":[]}"
1_2018_11_25,2018-11-25,0.022188698566120192,"{""type"":""MultiPoint"",""coordinates"":[]}"
1_2018_12_03,2018-12-03,0.019416381378338652,"{""type"":""MultiPoint"",""coordinates"":[]}"
1_2018_12_11,2018-12-11,0.017551974509441636,"{""type"":""MultiPoint"",""coordinates"":[]}"
1_2018_12_19,2018-12-19,0.01857712642738489,"{""type"":""MultiPoint"",""coordinates"":[]}"
1_2018_12_27,2018-12-27,0.00957991417319494,"{""type"":""MultiPoint"",""coordinates"":[]}"
1_2019_01_01,2019-01-01,0.016331464645693006,"{""type"":""MultiPoint"",""coordinates"":[]}"
1_2019_01_09,2019-01-09,0.015052766358766434,"{""type"":""MultiPoint"",""coordinates"":[]}"
1_2019_01_17,2019-01-17,0.014638134359419097,"{""type"":""MultiPoint"",""coordinates"":[]}"
1_2019_01_25,2019-01-25,0.015072888833087396,"{""type"":""MultiPoint"",""coordinates"":[]}"
1_2019_02_02,2019-02-02,0.014207556880162514,"{""type"":""MultiPoint"",""coordinates"":[]}"
1_2019_02_10,2019-02-10,0.012008346519445393,"{""type"":""MultiPoint"",""coordinates"":[]}"
1_2019_02_18,2019-02-18,0.006230825669666266,"{""type"":""MultiPoint"",""coordinates"":[]}"
1_2019_02_26,2019-02-26,0.006308841820422382,"{""type"":""MultiPoint"",""coordinates"":[]}"
1_2019_03_06,2019-03-06,0.004420406154074724,"{""type"":""MultiPoint"",""coordinates"":[]}"
1_2019_03_14,2019-03-14,0.004743107477766334,"{""type"":""MultiPoint"",""coordinates"":[]}"
1_2019_03_22,2019-03-22,0.002328899851065392,"{""type"":""MultiPoint"",""coordinates"":[]}"
1_2019_03_30,2019-03-30,5.770048975069585E-4,"{""type"":""MultiPoint"",""coordinates"":[]}"
1_2019_04_07,2019-04-07,5.554062444346873E-4,"{""type"":""MultiPoint"",""coordinates"":[]}"
1_2019_04_15,2019-04-15,0.001351190297349181,"{""type"":""MultiPoint"",""coordinates"":[]}"
1_2019_04_23,2019-04-23,3.006311765403286E-4,"{""type"":""MultiPoint"",""coordinates"":[]}"
1_2019_05_01,2019-05-01,5.990548409663167E-4,"{""type"":""MultiPoint"",""coordinates"":[]}"
1_2019_05_09,2019-05-09,2.937287818573277E-4,"{""type"":""MultiPoint"",""coordinates"":[]}"
1_2019_05_17,2019-05-17,4.3298880751274345E-4,"{""type"":""MultiPoint"",""coordinates"":[]}"
1_2019_05_25,2019-05-25,0.0010378590610368892,"{""type"":""MultiPoint"",""coordinates"":[]}"
1_2019_06_02,2019-06-02,0.004964541161063649,"{""type"":""MultiPoint"",""coordinates"":[]}"
1_2019_06_10,2019-06-10,0.007851039029829096,"{""type"":""MultiPoint"",""coordinates"":[]}"
1_2019_06_18,2019-06-18,0.007866353232487315,"{""type"":""MultiPoint"",""coordinates"":[]}"
1_2019_06_26,2019-06-26,0.00578910884485832,"{""type"":""MultiPoint"",""coordinates"":[]}"
1_2019_07_04,2019-07-04,0.007138390187059686,"{""type"":""MultiPoint"",""coordinates"":[]}"
1_2019_07_12,2019-07-12,0.008504278236673558,"{""type"":""MultiPoint"",""coordinates"":[]}"
1_2019_07_20,2019-07-20,0.006155931786607639,"{""type"":""MultiPoint"",""coordinates"":[]}"
1_2019_07_28,2019-07-28,0.00445679915219484,"{""type"":""MultiPoint"",""coordinates"":[]}"
1_2019_08_05,2019-08-05,0.007701353574623539,"{""type"":""MultiPoint"",""coordinates"":[]}"
1_2019_08_13,2019-08-13,0.01132942241667613,"{""type"":""MultiPoint"",""coordinates"":[]}"
1_2019_08_21,2019-08-21,0.017174442782903834,"{""type"":""MultiPoint"",""coordinates"":[]}"
1_2019_08_29,2019-08-29,0.008690724116320377,"{""type"":""MultiPoint"",""coordinates"":[]}"
1_2019_09_06,2019-09-06,0.016203116667061142,"{""type"":""MultiPoint"",""coordinates"":[]}"
1_2019_09_14,2019-09-14,0.012804279881615423,"{""type"":""MultiPoint"",""coordinates"":[]}"
1_2019_09_22,2019-09-22,0.02497535637471777,"{""type"":""MultiPoint"",""coordinates"":[]}"
1_2019_09_30,2019-09-30,0.028450434938880217,"{""type"":""MultiPoint"",""coordinates"":[]}"
1_2019_10_08,2019-10-08,0.032925083138108165,"{""type"":""MultiPoint"",""coordinates"":[]}"
1_2019_10_16,2019-10-16,0.019047457582738136,"{""type"":""MultiPoint"",""coordinates"":[]}"
1_2019_10_24,2019-10-24,0.03538002277293494,"{""type"":""MultiPoint"",""coordinates"":[]}"
1_2019_11_01,2019-11-01,0.042231103978179925,"{""type"":""MultiPoint"",""coordinates"":[]}"
1_2019_11_09,2019-11-09,0.04287398513655056,"{""type"":""MultiPoint"",""coordinates"":[]}"
1_2019_11_17,2019-11-17,0.0425455434018215,"{""type"":""MultiPoint"",""coordinates"":[]}"
1_2019_11_25,2019-11-25,0.038707051715129163,"{""type"":""MultiPoint"",""coordinates"":[]}"
1_2019_12_03,2019-12-03,0.0338870266840362,"{""type"":""MultiPoint"",""coordinates"":[]}"
1_2019_12_11,2019-12-11,0.036888987421285366,"{""type"":""MultiPoint"",""coordinates"":[]}"
1_2019_12_19,2019-12-19,0.026381287929130772,"{""type"":""MultiPoint"",""coordinates"":[]}"
1_2019_12_27,2019-12-27,0.0166284901821865,"{""type"":""MultiPoint"",""coordinates"":[]}"
1_2020_01_01,2020-01-01,0.022461620107816264,"{""type"":""MultiPoint"",""coordinates"":[]}"
1_2020_01_09,2020-01-09,0.02495286728210994,"{""type"":""MultiPoint"",""coordinates"":[]}"
1_2020_01_17,2020-01-17,0.024209376365015658,"{""type"":""MultiPoint"",""coordinates"":[]}"
1_2020_01_25,2020-01-25,0.01938816515731996,"{""type"":""MultiPoint"",""coordinates"":[]}"
1_2020_02_02,2020-02-02,0.01825863255750852,"{""type"":""MultiPoint"",""coordinates"":[]}"
1_2020_02_10,2020-02-10,0.0172979506876609,"{""type"":""MultiPoint"",""coordinates"":[]}"
1_2020_02_18,2020-02-18,0.015434444575554724,"{""type"":""MultiPoint"",""coordinates"":[]}"
1_2020_02_26,2020-02-26,0.013147605151936108,"{""type"":""MultiPoint"",""coordinates"":[]}"
1_2020_03_05,2020-03-05,0.013403193878623047,"{""type"":""MultiPoint"",""coordinates"":[]}"
1_2020_03_13,2020-03-13,0.009858411128178056,"{""type"":""MultiPoint"",""coordinates"":[]}"
1_2020_03_21,2020-03-21,0.007202386620556635,"{""type"":""MultiPoint"",""coordinates"":[]}"
1_2020_03_29,2020-03-29,0.0032971656530970967,"{""type"":""MultiPoint"",""coordinates"":[]}"
1_2020_04_06,2020-04-06,0.003352639233846525,"{""type"":""MultiPoint"",""coordinates"":[]}"
1_2020_04_14,2020-04-14,0.002009824119336303,"{""type"":""MultiPoint"",""coordinates"":[]}"
1_2020_04_22,2020-04-22,0.0023949575255283982,"{""type"":""MultiPoint"",""coordinates"":[]}"
1_2020_04_30,2020-04-30,9.754001615064722E-4,"{""type"":""MultiPoint"",""coordinates"":[]}"
1_2020_05_08,2020-05-08,0.0022539991812217776,"{""type"":""MultiPoint"",""coordinates"":[]}"
1_2020_05_16,2020-05-16,8.54026356334466E-4,"{""type"":""MultiPoint"",""coordinates"":[]}"
1_2020_05_24,2020-05-24,0.002544435063426216,"{""type"":""MultiPoint"",""coordinates"":[]}"
1_2020_06_01,2020-06-01,0.010218981818971616,"{""type"":""MultiPoint"",""coordinates"":[]}"
1_2020_06_09,2020-06-09,0.005763574780041207,"{""type"":""MultiPoint"",""coordinates"":[]}"
1_2020_06_17,2020-06-17,0.011178048204744344,"{""type"":""MultiPoint"",""coordinates"":[]}"
1_2020_06_25,2020-06-25,0.011933330983415872,"{""type"":""MultiPoint"",""coordinates"":[]}"
1_2020_07_03,2020-07-03,0.012698464463462162,"{""type"":""MultiPoint"",""coordinates"":[]}"
1_2020_07_11,2020-07-11,0.010762334365114371,"{""type"":""MultiPoint"",""coordinates"":[]}"
1_2020_07_19,2020-07-19,0.015327796587372204,"{""type"":""MultiPoint"",""coordinates"":[]}"
1_2020_07_27,2020-07-27,0.017696346029991122,"{""type"":""MultiPoint"",""coordinates"":[]}"
1_2020_08_04,2020-08-04,0.009054784545892971,"{""type"":""MultiPoint"",""coordinates"":[]}"
1_2020_08_12,2020-08-12,0.0066874628510280015,"{""type"":""MultiPoint"",""coordinates"":[]}"
1_2020_08_20,2020-08-20,0.017221107207078215,"{""type"":""MultiPoint"",""coordinates"":[]}"
1_2020_08_28,2020-08-28,0.025167837982839853,"{""type"":""MultiPoint"",""coordinates"":[]}"
1_2020_09_05,2020-09-05,0.02646416104518937,"{""type"":""MultiPoint"",""coordinates"":[]}"
1_2020_09_13,2020-09-13,0.010317563095693325,"{""type"":""MultiPoint"",""coordinates"":[]}"
1_2020_09_21,2020-09-21,0.02549792628768851,"{""type"":""MultiPoint"",""coordinates"":[]}"
1_2020_09_29,2020-09-29,0.02672223007019903,"{""type"":""MultiPoint"",""coordinates"":[]}"
1_2020_10_07,2020-10-07,0.021855110792715824,"{""type"":""MultiPoint"",""coordinates"":[]}"
1_2020_10_15,2020-10-15,0.029626810198482907,"{""type"":""MultiPoint"",""coordinates"":[]}"
1_2020_10_23,2020-10-23,0.037439704473307356,"{""type"":""MultiPoint"",""coordinates"":[]}"
1_2020_10_31,2020-10-31,0.04069899782750197,"{""type"":""MultiPoint"",""coordinates"":[]}"
1_2020_11_08,2020-11-08,0.03989451504733104,"{""type"":""MultiPoint"",""coordinates"":[]}"
1_2020_11_16,2020-11-16,0.03515916920583541,"{""type"":""MultiPoint"",""coordinates"":[]}"
1_2020_11_24,2020-11-24,0.02947958716544645,"{""type"":""MultiPoint"",""coordinates"":[]}"
1_2020_12_02,2020-12-02,0.036158483930847196,"{""type"":""MultiPoint"",""coordinates"":[]}"
1_2020_12_10,2020-12-10,0.037744703323246864,"{""type"":""MultiPoint"",""coordinates"":[]}"
1_2020_12_18,2020-12-18,0.0361627050813208,"{""type"":""MultiPoint"",""coordinates"":[]}"
1_2020_12_26,2020-12-26,0.024643458370743186,"{""type"":""MultiPoint"",""coordinates"":[]}"
2_2021_01_01,2021-01-01,0.026919348321615768,"{""type"":""MultiPoint"",""coordinates"":[]}"
2_2021_01_09,2021-01-09,0.02767749279145277,"{""type"":""MultiPoint"",""coordinates"":[]}"
2_2021_01_17,2021-01-17,0.025481091807926938,"{""type"":""MultiPoint"",""coordinates"":[]}"
2_2021_01_25,2021-01-25,0.02583991720235834,"{""type"":""MultiPoint"",""coordinates"":[]}"
2_2021_02_02,2021-02-02,0.024178053796027974,"{""type"":""MultiPoint"",""coordinates"":[]}"
2_2021_02_10,2021-02-10,0.02106359865967439,"{""type"":""MultiPoint"",""coordinates"":[]}"
2_2021_02_18,2021-02-18,0.01765858362887756,"{""type"":""MultiPoint"",""coordinates"":[]}"
2_2021_02_26,2021-02-26,0.008914133637882609,"{""type"":""MultiPoint"",""coordinates"":[]}"
2_2021_03_06,2021-03-06,0.01061050943349037,"{""type"":""MultiPoint"",""coordinates"":[]}"
2_2021_03_14,2021-03-14,0.007935269306933241,"{""type"":""MultiPoint"",""coordinates"":[]}"
2_2021_03_22,2021-03-22,0.004696846500785927,"{""type"":""MultiPoint"",""coordinates"":[]}"
2_2021_03_30,2021-03-30,0.0022524614066682224,"{""type"":""MultiPoint"",""coordinates"":[]}"
2_2021_04_07,2021-04-07,0.00535602776393447,"{""type"":""MultiPoint"",""coordinates"":[]}"
2_2021_04_15,2021-04-15,0.0037925042176814687,"{""type"":""MultiPoint"",""coordinates"":[]}"
2_2021_04_23,2021-04-23,0.0038888818820329144,"{""type"":""MultiPoint"",""coordinates"":[]}"
2_2021_05_01,2021-05-01,0.004828073871993672,"{""type"":""MultiPoint"",""coordinates"":[]}"
2_2021_05_09,2021-05-09,0.0049164572414961616,"{""type"":""MultiPoint"",""coordinates"":[]}"
2_2021_05_17,2021-05-17,0.009735448627986797,"{""type"":""MultiPoint"",""coordinates"":[]}"
2_2021_05_25,2021-05-25,0.01325024697908366,"{""type"":""MultiPoint"",""coordinates"":[]}"
2_2021_06_02,2021-06-02,0.015262670934787679,"{""type"":""MultiPoint"",""coordinates"":[]}"
2_2021_06_10,2021-06-10,0.011706036769152583,"{""type"":""MultiPoint"",""coordinates"":[]}"
2_2021_06_18,2021-06-18,0.012063358811470148,"{""type"":""MultiPoint"",""coordinates"":[]}"
2_2021_06_26,2021-06-26,0.015065551949924838,"{""type"":""MultiPoint"",""coordinates"":[]}"
2_2021_07_04,2021-07-04,0.013109079816668277,"{""type"":""MultiPoint"",""coordinates"":[]}"
2_2021_07_12,2021-07-12,0.015769326263663872,"{""type"":""MultiPoint"",""coordinates"":[]}"
2_2021_07_20,2021-07-20,0.019398508518813667,"{""type"":""MultiPoint"",""coordinates"":[]}"
2_2021_07_28,2021-07-28,0.024161470350955973,"{""type"":""MultiPoint"",""coordinates"":[]}"
2_2021_08_05,2021-08-05,0.02145469060516013,"{""type"":""MultiPoint"",""coordinates"":[]}"
2_2021_08_13,2021-08-13,0.02116237295411026,"{""type"":""MultiPoint"",""coordinates"":[]}"
2_2021_08_21,2021-08-21,0.022006195327010387,"{""type"":""MultiPoint"",""coordinates"":[]}"
2_2021_08_29,2021-08-29,0.026026940249609054,"{""type"":""MultiPoint"",""coordinates"":[]}"
2_2021_09_06,2021-09-06,0.02837805744775111,"{""type"":""MultiPoint"",""coordinates"":[]}"
2_2021_09_14,2021-09-14,0.02869211380693202,"{""type"":""MultiPoint"",""coordinates"":[]}"
2_2021_09_22,2021-09-22,0.03023979852034653,"{""type"":""MultiPoint"",""coordinates"":[]}"
2_2021_09_30,2021-09-30,0.02940965718570241,"{""type"":""MultiPoint"",""coordinates"":[]}"
2_2021_10_08,2021-10-08,0.028414196151272206,"{""type"":""MultiPoint"",""coordinates"":[]}"
2_2021_10_16,2021-10-16,0.03267059987956104,"{""type"":""MultiPoint"",""coordinates"":[]}"
2_2021_10_24,2021-10-24,0.03289009437770623,"{""type"":""MultiPoint"",""coordinates"":[]}"
2_2021_11_01,2021-11-01,0.03108748924432492,"{""type"":""MultiPoint"",""coordinates"":[]}"
2_2021_11_09,2021-11-09,0.02721158283969277,"{""type"":""MultiPoint"",""coordinates"":[]}"
2_2021_11_17,2021-11-17,0.02891453466070551,"{""type"":""MultiPoint"",""coordinates"":[]}"
2_2021_11_25,2021-11-25,0.031940660185367065,"{""type"":""MultiPoint"",""coordinates"":[]}"
2_2021_12_03,2021-12-03,0.034508815509898365,"{""type"":""MultiPoint"",""coordinates"":[]}"
2_2021_12_11,2021-12-11,0.033584117998003475,"{""type"":""MultiPoint"",""coordinates"":[]}"
2_2021_12_19,2021-12-19,0.03404722408494303,"{""type"":""MultiPoint"",""coordinates"":[]}"
2_2021_12_27,2021-12-27,0.022143944547167775,"{""type"":""MultiPoint"",""coordinates"":[]}"
2_2022_01_01,2022-01-01,0.033752150856162906,"{""type"":""MultiPoint"",""coordinates"":[]}"
2_2022_01_09,2022-01-09,0.033762497574953775,"{""type"":""MultiPoint"",""coordinates"":[]}"
2_2022_01_17,2022-01-17,0.033762497574953775,"{""type"":""MultiPoint"",""coordinates"":[]}"
2_2022_01_25,2022-01-25,0.03376249757495377,"{""type"":""MultiPoint"",""coordinates"":[]}"
2_2022_02_02,2022-02-02,0.033762497574953775,"{""type"":""MultiPoint"",""coordinates"":[]}"
2_2022_02_10,2022-02-10,0.03375645656785248,"{""type"":""MultiPoint"",""coordinates"":[]}"
2_2022_02_18,2022-02-18,0.03375645656785248,"{""type"":""MultiPoint"",""coordinates"":[]}"
2_2022_02_26,2022-02-26,0.03375645656785248,"{""type"":""MultiPoint"",""coordinates"":[]}"
2_2022_03_06,2022-03-06,0.03375645656785248,"{""type"":""MultiPoint"",""coordinates"":[]}"
2_2022_03_14,2022-03-14,0.03375645656785248,"{""type"":""MultiPoint"",""coordinates"":[]}"
2_2022_03_22,2022-03-22,0.03375645656785248,"{""type"":""MultiPoint"",""coordinates"":[]}"
2_2022_03_30,2022-03-30,0.03375645656785248,"{""type"":""MultiPoint"",""coordinates"":[]}"
2_2022_04_07,2022-04-07,0.03375645656785248,"{""type"":""MultiPoint"",""coordinates"":[]}"
2_2022_04_15,2022-04-15,0.03375645656785248,"{""type"":""MultiPoint"",""coordinates"":[]}"
2_2022_04_23,2022-04-23,0.03375645656785248,"{""type"":""MultiPoint"",""coordinates"":[]}"
2_2022_05_01,2022-05-01,0.03375645656785248,"{""type"":""MultiPoint"",""coordinates"":[]}"
2_2022_05_09,2022-05-09,0.03375645656785248,"{""type"":""MultiPoint"",""coordinates"":[]}"
2_2022_05_17,2022-05-17,0.03375645656785248,"{""type"":""MultiPoint"",""coordinates"":[]}"
2_2022_05_25,2022-05-25,0.03375645656785248,"{""type"":""MultiPoint"",""coordinates"":[]}"
2_2022_06_02,2022-06-02,0.03375645656785248,"{""type"":""MultiPoint"",""coordinates"":[]}"
2_2022_06_10,2022-06-10,0.03375645656785248,"{""type"":""MultiPoint"",""coordinates"":[]}"
2_2022_06_18,2022-06-18,0.03375645656785247,"{""type"":""MultiPoint"",""coordinates"":[]}"
2_2022_06_26,2022-06-26,0.03375645656785248,"{""type"":""MultiPoint"",""coordinates"":[]}"
2_2022_07_04,2022-07-04,0.03375645656785248,"{""type"":""MultiPoint"",""coordinates"":[]}"
2_2022_07_12,2022-07-12,0.03375645656785248,"{""type"":""MultiPoint"",""coordinates"":[]}"
2_2022_07_20,2022-07-20,0.03375645656785248,"{""type"":""MultiPoint"",""coordinates"":[]}"
2_2022_07_28,2022-07-28,0.03375645656785248,"{""type"":""MultiPoint"",""coordinates"":[]}"
2_2022_08_05,2022-08-05,0.03375645656785248,"{""type"":""MultiPoint"",""coordinates"":[]}"
2_2022_08_13,2022-08-13,0.03375645656785247,"{""type"":""MultiPoint"",""coordinates"":[]}"
2_2022_08_21,2022-08-21,0.03375645656785248,"{""type"":""MultiPoint"",""coordinates"":[]}"
2_2022_08_29,2022-08-29,0.03375645656785248,"{""type"":""MultiPoint"",""coordinates"":[]}"
2_2022_09_06,2022-09-06,0.03375645656785248,"{""type"":""MultiPoint"",""coordinates"":[]}"
2_2022_09_14,2022-09-14,0.03375645656785248,"{""type"":""MultiPoint"",""coordinates"":[]}"
2_2022_09_22,2022-09-22,0.03375645656785248,"{""type"":""MultiPoint"",""coordinates"":[]}"
2_2022_09_30,2022-09-30,0.03375645656785248,"{""type"":""MultiPoint"",""coordinates"":[]}"
2_2022_10_08,2022-10-08,0.03375645656785248,"{""type"":""MultiPoint"",""coordinates"":[]}"
2_2022_10_16,2022-10-16,0.03375645656785248,"{""type"":""MultiPoint"",""coordinates"":[]}"
2_2022_10_24,2022-10-24,0.03375645656785248,"{""type"":""MultiPoint"",""coordinates"":[]}"
2_2022_11_01,2022-11-01,0.03375645656785248,"{""type"":""MultiPoint"",""coordinates"":[]}"
2_2022_11_09,2022-11-09,0.03376249757495377,"{""type"":""MultiPoint"",""coordinates"":[]}"
2_2022_11_17,2022-11-17,0.033762497574953775,"{""type"":""MultiPoint"",""coordinates"":[]}"
2_2022_11_25,2022-11-25,0.033762497574953775,"{""type"":""MultiPoint"",""coordinates"":[]}"
2_2022_12_03,2022-12-03,0.033762497574953775,"{""type"":""MultiPoint"",""coordinates"":[]}"
2_2022_12_11,2022-12-11,0.03375215085616291,"{""type"":""MultiPoint"",""coordinates"":[]}"
2_2022_12_19,2022-12-19,0.033752150856162906,"{""type"":""MultiPoint"",""coordinates"":[]}"
2_2022_12_27,2022-12-27,0.021096558385049837,"{""type"":""MultiPoint"",""coordinates"":[]}"
2_2023_01_01,2023-01-01,0.029766850760746883,"{""type"":""MultiPoint"",""coordinates"":[]}"
2_2023_01_09,2023-01-09,0.02886909351395014,"{""type"":""MultiPoint"",""coordinates"":[]}"
2_2023_01_17,2023-01-17,0.02871130665170637,"{""type"":""MultiPoint"",""coordinates"":[]}"
2_2023_01_25,2023-01-25,0.02470861395173166,"{""type"":""MultiPoint"",""coordinates"":[]}"
2_2023_02_02,2023-02-02,0.020703563304584248,"{""type"":""MultiPoint"",""coordinates"":[]}"
2_2023_02_10,2023-02-10,0.014584039782753036,"{""type"":""MultiPoint"",""coordinates"":[]}"
2_2023_02_18,2023-02-18,0.013055852359409075,"{""type"":""MultiPoint"",""coordinates"":[]}"
2_2023_02_26,2023-02-26,0.01167947643959095,"{""type"":""MultiPoint"",""coordinates"":[]}"
2_2023_03_06,2023-03-06,0.011166471589977632,"{""type"":""MultiPoint"",""coordinates"":[]}"
2_2023_03_14,2023-03-14,0.012967563411813461,"{""type"":""MultiPoint"",""coordinates"":[]}"
2_2023_03_22,2023-03-22,0.009280812803870112,"{""type"":""MultiPoint"",""coordinates"":[]}"
2_2023_03_30,2023-03-30,0.006278207590668811,"{""type"":""MultiPoint"",""coordinates"":[]}"
2_2023_04_07,2023-04-07,0.0032499911178729968,"{""type"":""MultiPoint"",""coordinates"":[]}"
2_2023_04_15,2023-04-15,0.0011537878061797027,"{""type"":""MultiPoint"",""coordinates"":[]}"
2_2023_04_23,2023-04-23,0.005821256891201985,"{""type"":""MultiPoint"",""coordinates"":[]}"
2_2023_05_01,2023-05-01,0.010980055011559403,"{""type"":""MultiPoint"",""coordinates"":[]}"
2_2023_05_09,2023-05-09,0.005009124700084701,"{""type"":""MultiPoint"",""coordinates"":[]}"
2_2023_05_17,2023-05-17,0.0015014349880610627,"{""type"":""MultiPoint"",""coordinates"":[]}"
2_2023_05_25,2023-05-25,0.0043362054467609755,"{""type"":""MultiPoint"",""coordinates"":[]}"
2_2023_06_02,2023-06-02,0.0038003963191122468,"{""type"":""MultiPoint"",""coordinates"":[]}"
2_2023_06_10,2023-06-10,0.007166702698728764,"{""type"":""MultiPoint"",""coordinates"":[]}"
2_2023_06_18,2023-06-18,0.00916395340203924,"{""type"":""MultiPoint"",""coordinates"":[]}"
2_2023_06_26,2023-06-26,0.01359661714887832,"{""type"":""MultiPoint"",""coordinates"":[]}"
2_2023_07_04,2023-07-04,0.015545035987581448,"{""type"":""MultiPoint"",""coordinates"":[]}"
2_2023_07_12,2023-07-12,0.01675753544276452,"{""type"":""MultiPoint"",""coordinates"":[]}"
2_2023_07_20,2023-07-20,0.018414668926615075,"{""type"":""MultiPoint"",""coordinates"":[]}"
2_2023_07_28,2023-07-28,0.02572095311406264,"{""type"":""MultiPoint"",""coordinates"":[]}"
2_2023_08_05,2023-08-05,0.02367577471591095,"{""type"":""MultiPoint"",""coordinates"":[]}"
2_2023_08_13,2023-08-13,0.02400522027367426,"{""type"":""MultiPoint"",""coordinates"":[]}"
2_2023_08_21,2023-08-21,0.024915670164742165,"{""type"":""MultiPoint"",""coordinates"":[]}"
2_2023_08_29,2023-08-29,0.02141389425406679,"{""type"":""MultiPoint"",""coordinates"":[]}"
2_2023_09_06,2023-09-06,0.025599204989477896,"{""type"":""MultiPoint"",""coordinates"":[]}"
2_2023_09_14,2023-09-14,0.027747624958379822,"{""type"":""MultiPoint"",""coordinates"":[]}"
2_2023_09_22,2023-09-22,0.024501466118867353,"{""type"":""MultiPoint"",""coordinates"":[]}"
2_2023_09_30,2023-09-30,0.030605356602435924,"{""type"":""MultiPoint"",""coordinates"":[]}"
2_2023_10_08,2023-10-08,0.03612745566475783,"{""type"":""MultiPoint"",""coordinates"":[]}"
2_2023_10_16,2023-10-16,0.034337868645340934,"{""type"":""MultiPoint"",""coordinates"":[]}"
2_2023_10_24,2023-10-24,0.028916577137622114,"{""type"":""MultiPoint"",""coordinates"":[]}"
2_2023_11_01,2023-11-01,0.03158103035024213,"{""type"":""MultiPoint"",""coordinates"":[]}"
2_2023_11_09,2023-11-09,0.029494422694810656,"{""type"":""MultiPoint"",""coordinates"":[]}"
2_2023_11_17,2023-11-17,0.03153642888043229,"{""type"":""MultiPoint"",""coordinates"":[]}"
2_2023_11_25,2023-11-25,0.028593285538044206,"{""type"":""MultiPoint"",""coordinates"":[]}"
2_2023_12_03,2023-12-03,0.024079935580943915,"{""type"":""MultiPoint"",""coordinates"":[]}"
2_2023_12_11,2023-12-11,0.02917336434389461,"{""type"":""MultiPoint"",""coordinates"":[]}"
2_2023_12_19,2023-12-19,0.026304179011540058,"{""type"":""MultiPoint"",""coordinates"":[]}"
2_2023_12_27,2023-12-27,0.016670434174339083,"{""type"":""MultiPoint"",""coordinates"":[]}"
2_2024_01_01,2024-01-01,0.02140845369141992,"{""type"":""MultiPoint"",""coordinates"":[]}"
2_2024_01_09,2024-01-09,0.020830506140212143,"{""type"":""MultiPoint"",""coordinates"":[]}"
2_2024_01_17,2024-01-17,0.0195570233485362,"{""type"":""MultiPoint"",""coordinates"":[]}"
2_2024_01_25,2024-01-25,0.018078221331906216,"{""type"":""MultiPoint"",""coordinates"":[]}"
2_2024_02_02,2024-02-02,0.013928352112292475,"{""type"":""MultiPoint"",""coordinates"":[]}"
2_2024_02_10,2024-02-10,0.014392950780259421,"{""type"":""MultiPoint"",""coordinates"":[]}"
2_2024_02_18,2024-02-18,0.009174867317806685,"{""type"":""MultiPoint"",""coordinates"":[]}"
2_2024_02_26,2024-02-26,0.008874196259816312,"{""type"":""MultiPoint"",""coordinates"":[]}"
2_2024_03_05,2024-03-05,0.005405855417098744,"{""type"":""MultiPoint"",""coordinates"":[]}"
2_2024_03_13,2024-03-13,0.005001199643864674,"{""type"":""MultiPoint"",""coordinates"":[]}"
2_2024_03_21,2024-03-21,0.004936985317102209,"{""type"":""MultiPoint"",""coordinates"":[]}"
2_2024_03_29,2024-03-29,4.491539822898031E-4,"{""type"":""MultiPoint"",""coordinates"":[]}"
2_2024_04_06,2024-04-06,0.0034669431064370732,"{""type"":""MultiPoint"",""coordinates"":[]}"
2_2024_04_14,2024-04-14,9.371854461130777E-4,"{""type"":""MultiPoint"",""coordinates"":[]}"
2_2024_04_22,2024-04-22,1.1533667234170909E-5,"{""type"":""MultiPoint"",""coordinates"":[]}"
2_2024_04_30,2024-04-30,6.0948339254849704E-5,"{""type"":""MultiPoint"",""coordinates"":[]}"
2_2024_05_08,2024-05-08,0.004892297878176069,"{""type"":""MultiPoint"",""coordinates"":[]}"
2_2024_05_16,2024-05-16,0.008181684265028038,"{""type"":""MultiPoint"",""coordinates"":[]}"
2_2024_05_24,2024-05-24,0.0035549753088055746,"{""type"":""MultiPoint"",""coordinates"":[]}"
2_2024_06_01,2024-06-01,0.00908896489005657,"{""type"":""MultiPoint"",""coordinates"":[]}"
2_2024_06_09,2024-06-09,0.013445511929717881,"{""type"":""MultiPoint"",""coordinates"":[]}"
2_2024_06_17,2024-06-17,0.014988250285864726,"{""type"":""MultiPoint"",""coordinates"":[]}"
2_2024_06_25,2024-06-25,0.017331835166072673,"{""type"":""MultiPoint"",""coordinates"":[]}"
2_2024_07_03,2024-07-03,0.015967331972955398,"{""type"":""MultiPoint"",""coordinates"":[]}"
2_2024_07_11,2024-07-11,0.01759800823265472,"{""type"":""MultiPoint"",""coordinates"":[]}"
2_2024_07_19,2024-07-19,0.02232903720372001,"{""type"":""MultiPoint"",""coordinates"":[]}"
2_2024_07_27,2024-07-27,0.022593991474613,"{""type"":""MultiPoint"",""coordinates"":[]}"
2_2024_08_04,2024-08-04,0.021976953736454762,"{""type"":""MultiPoint"",""coordinates"":[]}"
2_2024_08_12,2024-08-12,0.022089824998876725,"{""type"":""MultiPoint"",""coordinates"":[]}"
2_2024_08_20,2024-08-20,0.02392236834043978,"{""type"":""MultiPoint"",""coordinates"":[]}"
2_2024_08_28,2024-08-28,0.02699131555128706,"{""type"":""MultiPoint"",""coordinates"":[]}"
2_2024_09_05,2024-09-05,0.025660157748815297,"{""type"":""MultiPoint"",""coordinates"":[]}"
2_2024_09_13,2024-09-13,0.037796654210427376,"{""type"":""MultiPoint"",""coordinates"":[]}"
2_2024_09_21,2024-09-21,0.02718696185429921,"{""type"":""MultiPoint"",""coordinates"":[]}"
2_2024_09_29,2024-09-29,0.03102749971451301,"{""type"":""MultiPoint"",""coordinates"":[]}"
2_2024_10_07,2024-10-07,0.03409311149780316,"{""type"":""MultiPoint"",""coordinates"":[]}"
2_2024_10_15,2024-10-15,0.026829319305670896,"{""type"":""MultiPoint"",""coordinates"":[]}"
2_2024_10_23,2024-10-23,0.041629103191629914,"{""type"":""MultiPoint"",""coordinates"":[]}"
2_2024_10_31,2024-10-31,0.04288340222227192,"{""type"":""MultiPoint"",""coordinates"":[]}"
2_2024_11_08,2024-11-08,0.03744092885844179,"{""type"":""MultiPoint"",""coordinates"":[]}"
2_2024_11_16,2024-11-16,0.03708519947243339,"{""type"":""MultiPoint"",""coordinates"":[]}"
2_2024_11_24,2024-11-24,0.028534851133404298,"{""type"":""MultiPoint"",""coordinates"":[]}"
2_2024_12_02,2024-12-02,0.02551381429560026,"{""type"":""MultiPoint"",""coordinates"":[]}"
2_2024_12_10,2024-12-10,0.028664397438862062,"{""type"":""MultiPoint"",""coordinates"":[]}"
2_2024_12_18,2024-12-18,0.02944463296528274,"{""type"":""MultiPoint"",""coordinates"":[]}"
2_2024_12_26,2024-12-26,0.024494692519481973,"{""type"":""MultiPoint"",""coordinates"":[]}"
2_2025_01_01,2025-01-01,0.030697227011452728,"{""type"":""MultiPoint"",""coordinates"":[]}"
2_2025_01_09,2025-01-09,0.029831887516145926,"{""type"":""MultiPoint"",""coordinates"":[]}"
2_2025_01_17,2025-01-17,0.02819689998191959,"{""type"":""MultiPoint"",""coordinates"":[]}"
2_2025_01_25,2025-01-25,0.02427216881013586,"{""type"":""MultiPoint"",""coordinates"":[]}"
2_2025_02_02,2025-02-02,0.01894680190292608,"{""type"":""MultiPoint"",""coordinates"":[]}"
2_2025_02_10,2025-02-10,0.015347782206998384,"{""type"":""MultiPoint"",""coordinates"":[]}"
2_2025_02_18,2025-02-18,0.013625645064829507,"{""type"":""MultiPoint"",""coordinates"":[]}"
2_2025_02_26,2025-02-26,0.010832690949927021,"{""type"":""MultiPoint"",""coordinates"":[]}"
2_2025_03_06,2025-03-06,0.010026116732355166,"{""type"":""MultiPoint"",""coordinates"":[]}"
2_2025_03_14,2025-03-14,0.007634156598810403,"{""type"":""MultiPoint"",""coordinates"":[]}"
2_2025_03_22,2025-03-22,0.006894349635547427,"{""type"":""MultiPoint"",""coordinates"":[]}"
2_2025_03_30,2025-03-30,0.006483863404690903,"{""type"":""MultiPoint"",""coordinates"":[]}"
2_2025_04_07,2025-04-07,0.0029798070841160398,"{""type"":""MultiPoint"",""coordinates"":[]}"
2_2025_04_15,2025-04-15,0.0026178569024703545,"{""type"":""MultiPoint"",""coordinates"":[]}"
2_2025_04_23,2025-04-23,0.002503616141938672,"{""type"":""MultiPoint"",""coordinates"":[]}"
2_2025_05_01,2025-05-01,0.0019332725264309925,"{""type"":""MultiPoint"",""coordinates"":[]}"
2_2025_05_09,2025-05-09,0.0035950967357357335,"{""type"":""MultiPoint"",""coordinates"":[]}"
2_2025_05_17,2025-05-17,0.011445668842633578,"{""type"":""MultiPoint"",""coordinates"":[]}"
2_2025_05_25,2025-05-25,0.01455849760512697,"{""type"":""MultiPoint"",""coordinates"":[]}"
2_2025_06_02,2025-06-02,0.01819540003729659,"{""type"":""MultiPoint"",""coordinates"":[]}"
2_2025_06_10,2025-06-10,0.014394056466605118,"{""type"":""MultiPoint"",""coordinates"":[]}"
2_2025_06_18,2025-06-18,0.017225202776863003,"{""type"":""MultiPoint"",""coordinates"":[]}"
2_2025_06_26,2025-06-26,0.01730209081635082,"{""type"":""MultiPoint"",""coordinates"":[]}"
2_2025_07_04,2025-07-04,0.019370511047100258,"{""type"":""MultiPoint"",""coordinates"":[]}"
2_2025_07_12,2025-07-12,0.017185065342521674,"{""type"":""MultiPoint"",""coordinates"":[]}"
2_2025_07_20,2025-07-20,0.02040448852627793,"{""type"":""MultiPoint"",""coordinates"":[]}"
2_2025_07_28,2025-07-28,0.026474594514812048,"{""type"":""MultiPoint"",""coordinates"":[]}"
2_2025_08_05,2025-08-05,0.018345382852128746,"{""type"":""MultiPoint"",""coordinates"":[]}"
2_2025_08_13,2025-08-13,0.025704387205685925,"{""type"":""MultiPoint"",""coordinates"":[]}"
2_2025_08_21,2025-08-21,0.028546737389099106,"{""type"":""MultiPoint"",""coordinates"":[]}"
2_2025_08_29,2025-08-29,0.0328128839239988,"{""type"":""MultiPoint"",""coordinates"":[]}"
2_2025_09_06,2025-09-06,0.03513021751112326,"{""type"":""MultiPoint"",""coordinates"":[]}"
2_2025_09_14,2025-09-14,0.03067922610628047,"{""type"":""MultiPoint"",""coordinates"":[]}"
2_2025_09_22,2025-09-22,0.02747547030093673,"{""type"":""MultiPoint"",""coordinates"":[]}"
2_2025_09_30,2025-09-30,0.03325700225217157,"{""type"":""MultiPoint"",""coordinates"":[]}"
2_2025_10_08,2025-10-08,0.039208528162441386,"{""type"":""MultiPoint"",""coordinates"":[]}"
2_2025_10_16,2025-10-16,0.03127698967899584,"{""type"":""MultiPoint"",""coordinates"":[]}"
2_2025_10_24,2025-10-24,0.029002250179894662,"{""type"":""MultiPoint"",""coordinates"":[]}"
2_2025_11_01,2025-11-01,0.034407820641571205,"{""type"":""MultiPoint"",""coordinates"":[]}"
2_2025_11_09,2025-11-09,0.041400595860319196,"{""type"":""MultiPoint"",""coordinates"":[]}"
2_2025_11_17,2025-11-17,0.03946555323016029,"{""type"":""MultiPoint"",""coordinates"":[]}"
2_2025_11_25,2025-11-25,0.0355164735219731,"{""type"":""MultiPoint"",""coordinates"":[]}"
2_2025_12_03,2025-12-03,0.030859084659290364,"{""type"":""MultiPoint"",""coordinates"":[]}"
2_2025_12_11,2025-12-11,0.0347555347522784,"{""type"":""MultiPoint"",""coordinates"":[]}"
2_2025_12_19,2025-12-19,0.03219138423140454,"{""type"":""MultiPoint"",""coordinates"":[]}"
2_2025_12_27,2025-12-27,0.01915949646905115,"{""type"":""MultiPoint"",""coordinates"":[]}"
